Date,Open,High,Low,Close,Volume,Dividends,Stock splits
2020-09-17,28.459203533669744,28.605147796019345,27.83650702456105,28.15758514404297,279320,0.0,0.0
2020-09-18,28.342445503032526,28.70244306307959,27.63218210313041,28.225690841674805,320840,0.0,0.0
2020-09-21,27.73920874261386,28.799739837646484,27.335427720804997,28.799739837646484,195840,0.0,0.0
2020-09-22,29.188926122858156,29.821352484363693,28.84838828026842,29.811622619628906,247980,0.0,0.0
2020-09-23,29.89432535695995,30.088917083105457,29.091629151236667,29.24243927001953,160400,0.0,0.0
2020-09-24,29.675407347223633,29.7483804026853,28.541903192201914,29.218114852905273,339200,0.0,0.0
2020-09-25,29.43216555908741,30.3564822445781,29.310545040248208,30.341886520385742,210960,0.0,0.0
2020-09-28,30.648372125208212,31.587282721316033,30.52675160090183,31.53863525390625,929560,0.0,0.0
2020-09-29,31.61646558577176,31.718626365053378,31.076472099948226,31.368362426757812,360076,0.0,0.0
2020-09-30,31.16404450110773,32.08349544289392,31.16404450110773,31.791606903076172,496038,0.0,0.0
2020-10-01,32.11754565408113,32.419165883277174,31.840251013787444,32.12727737426758,240518,0.0,0.0
2020-10-02,31.60673758589252,31.640791178994448,30.891608419188735,31.290523529052734,884808,0.0,0.0
2020-10-05,31.679714355729548,31.679714355729548,31.18836641615752,31.44620132446289,221782,0.0,0.0
2020-10-06,31.621333074716606,31.621333074716606,30.419721824027217,30.7602596282959,277840,0.0,0.0
2020-10-07,31.23214202333781,31.572681640549355,31.125117248326056,31.52889633178711,155828,0.0,0.0
2020-10-08,31.86457245634899,31.961867376170545,31.1786310234482,31.368362426757812,121408,0.0,0.0
2020-10-09,31.62133954074636,31.62133954074636,31.03756059345308,31.436477661132812,111886,0.0,0.0
2020-10-13,33.39699595965525,34.160772686520126,32.49700484250575,32.92997360229492,573990,0.0,0.0
2020-10-14,33.474832055455146,33.474832055455146,32.501867857136425,33.255916595458984,213490,0.0,0.0
2020-10-15,32.49699929543781,33.08077621459961,32.39970066786876,33.08077621459961,198998,0.0,0.0
2020-10-16,33.085648337168195,33.32888938479303,32.69159531615255,33.032135009765625,139524,0.0,0.0
2020-10-19,33.08078317917195,33.08078317917195,31.489988327026367,31.489988327026367,334660,0.0,0.0
2020-10-20,31.499716687965726,32.58943557739258,31.499716687965726,32.58943557739258,147924,0.0,0.0
2020-10-21,32.589438308582,32.589438308582,31.806201747289187,32.03971481323242,288626,0.0,0.0
2020-10-22,31.952142020027527,32.18078918329968,31.207825058099772,31.660253524780273,576052,0.0,0.0
2020-10-23,31.679709014843578,31.767275922860197,31.280793925337456,31.55322265625,445614,0.0,0.0
2020-10-26,31.353766432842924,31.922953248409097,30.95971716262005,31.412145614624023,452968,0.0,0.0
2020-10-27,31.66511609144325,32.3315978621737,31.50457982945257,32.30241012573242,366846,0.0,0.0
2020-10-28,32.06889737260892,32.16619601418118,31.193231867840638,31.378093719482422,593802,0.0,0.0
2020-10-29,31.616470742602925,32.80348825816445,31.616470742602925,32.56511306762695,457220,0.0,0.0
2020-10-30,31.164038167656905,31.455930359717716,30.181346083950835,30.31269645690918,1132708,0.0,0.0
2020-11-03,30.648372293171803,31.15431412244675,29.967296611010767,31.03755760192871,501698,0.0,0.0
2020-11-04,31.59214851205681,31.937550354939752,31.329447734745028,31.845117568969727,263694,0.0,0.0
2020-11-05,32.268361253891555,32.35106232695951,31.718634060002294,32.09322738647461,195114,0.0,0.0
2020-11-06,31.733787663289927,31.94820261028656,31.002817138995432,31.246475219726562,414342,0.05621,0.0
2020-11-09,31.187999113513957,31.797139721199777,30.530128000793116,30.725051879882812,439496,0.0,0.0
2020-11-10,30.310838766067608,30.885867681748984,29.872256759548012,30.837135314941406,887030,0.0,0.0
2020-11-11,31.114911907707597,31.529126915945742,30.65196637812975,31.490144729614258,298522,0.0,0.0
2020-11-12,31.480380624472367,31.89946959027151,31.334189133688064,31.8068790435791,328228,0.0,0.0
2020-11-13,31.95308114948912,32.060290496611756,31.55348503978618,31.821508407592773,211186,0.0,0.0
2020-11-16,31.6899307647439,32.00181046223967,31.163634239957197,31.928712844848633,291750,0.0,0.0
2020-11-17,31.928711049268852,31.928711049268852,31.105155512148787,31.178251266479492,253380,0.0,0.0
2020-11-18,31.139274932456146,31.188005447387695,30.52038772628555,31.188005447387695,229774,0.0,0.0
2020-11-19,31.18800136635408,31.18800136635408,30.43266733005264,30.764039993286133,223194,0.0,0.0
2020-11-23,30.968706067285996,31.114899431636506,30.13052991083332,30.198753356933594,508766,0.0,0.0
2020-11-24,30.2133731842041,30.40829891606911,29.60910490258222,30.2133731842041,336440,0.0,0.0
2020-11-25,30.359571018535025,30.437540950957963,29.99408661174941,30.169519424438477,841882,0.0,0.0
2020-11-26,30.169515027818257,30.40342479099927,30.169515027818257,30.344947814941406,46022,0.0,0.0
2020-11-27,30.40829903587663,30.67632052403485,30.213373303243625,30.354694366455078,142814,0.0,0.0
2020-11-30,30.35469689800503,31.59734157611488,30.15489884192055,31.334196090698242,874490,0.0,0.0
2020-12-01,31.67531225163799,31.67531225163799,30.915104088376804,31.197744369506836,234806,0.0,0.0
2020-12-02,31.45115560010974,31.51450489956492,30.842014851078872,31.44628143310547,159282,0.0,0.0
2020-12-03,31.529121403417772,31.529121403417772,30.57399108308239,30.73967742919922,201898,0.0,0.0
2020-12-04,30.749421066011227,31.16851015514286,30.40342960273273,30.481399536132812,215396,0.0,0.0
2020-12-07,30.6763231518507,31.036933371478174,30.33520401999654,30.837135314941406,363350,0.0,0.0
2020-12-08,30.846881427630887,31.256224009279766,30.44728531922956,31.041807174682617,253268,0.0,0.0
2020-12-09,31.046677417104448,31.470640609904276,30.559364940833024,30.768909454345703,260456,0.0,0.0
2020-12-10,30.773785291669565,30.773785291669565,29.87225604622904,30.223121643066406,229440,0.0,0.0
2020-12-11,30.091550534670418,30.476527902638466,29.687080218183763,30.184139251708984,277260,0.0,0.0
2020-12-14,30.218249146681163,30.710435842656192,30.008706469158366,30.578861236572266,237512,0.0,0.0
2020-12-15,30.57885709175697,31.675310134887695,30.57885709175697,31.675310134887695,442040,0.0,0.0
2020-12-16,31.675304784612834,31.992058576038648,31.431648593961967,31.60220718383789,231562,0.0,0.0
2020-12-17,31.6753121993008,31.93358722698506,31.592469967383078,31.694805145263672,305630,0.0,0.0
2020-12-18,31.777652711981183,32.16263009410405,31.32445186648463,31.767908096313477,630684,0.0,0.0
2020-12-21,31.797137324362307,31.96769593807795,31.01743814887727,31.802011489868164,283184,0.0,0.0
2020-12-22,32.503746615860564,33.79999982405119,32.503746615860564,33.61482238769531,805060,0.0,0.0
2020-12-23,33.7707660918041,33.7707660918041,32.93745823889833,33.08852767944336,371924,0.0,0.0
2020-12-28,33.624565246861465,35.300921573534325,33.624565246861465,34.9403076171875,739834,0.0,0.0
2020-12-29,35.18883769733698,35.30579166469563,34.11187744140625,34.11187744140625,407696,0.0,0.0
2020-12-30,34.59918627531632,34.64791678001158,33.62456130981445,33.62456130981445,2924572,0.0,0.0
2021-01-04,33.57583104688,33.75126383936546,32.61095068820994,33.40039825439453,567794,0.0,0.0
2021-01-05,33.4978596497374,34.150860322143124,33.30780807534228,33.70253372192383,375750,0.0,0.0
2021-01-06,33.668408650884544,34.111864676267146,32.77175570684237,32.83023452758789,734758,0.0,0.0
2021-01-07,32.93745291258424,34.72101859999697,32.93745291258424,34.56507873535156,652302,0.0,0.0
2021-01-08,34.672282399503054,34.950050354003906,34.184969937719174,34.950050354003906,551664,0.0,0.0
2021-01-11,34.964663961310755,35.066999117000925,34.37989058082454,34.77461242675781,557276,0.0,0.0
2021-01-12,34.842844543457026,34.993910232169384,33.24446010192179,33.50273513793945,850032,0.0,0.0
2021-01-13,33.71715853351025,34.540714263916016,33.137255374724596,34.540714263916016,425362,0.0,0.0
2021-01-14,33.69766341735532,33.86822206547201,32.659685311288655,33.32730484008789,1104258,0.0,0.0
2021-01-15,32.84486545843669,33.458880290853905,32.79613494873047,32.79613494873047,445110,0.0,0.0
2021-01-18,32.84485889803519,33.13724561577106,32.65967779308004,32.68891906738281,85604,0.0,0.0
2021-01-19,32.72304052437385,33.51735869215019,32.72304052437385,33.37603759765625,301818,0.0,0.0
2021-01-20,33.668421640588065,34.35553410732641,33.27857383890428,34.038780212402344,465044,0.0,0.0
2021-01-21,34.14111641708024,35.86620330810547,34.14111641708024,35.86620330810547,625902,0.0,0.0
2021-01-22,35.8661934835216,37.28914486219243,35.720001987791676,37.206302642822266,554842,0.0,0.0
2021-01-26,37.669255071786054,38.05422864779497,37.01138026901602,37.5230598449707,722026,0.0,0.0
2021-01-27,37.74236206449458,37.92266907774971,37.03576023144944,37.474342346191406,697998,0.0,0.0
2021-01-28,36.88953702561495,37.459695202075004,36.30476379394531,36.30476379394531,812460,0.0,0.0
2021-01-29,36.40225038139019,36.59230200134419,34.79412100347947,35.09625244140625,614470,0.0,0.0
2021-02-01,35.330155421807476,36.031886595085616,35.023149892447904,35.841835021972656,431146,0.0,0.0
2021-02-02,36.134218437704924,36.30477704939074,35.183956941914424,35.28142166137695,491596,0.0,0.0
2021-02-03,35.305779710388585,35.51045373133942,34.9695367033447,35.086490631103516,527558,0.0,0.0
2021-02-04,35.5738200184885,36.36813822292304,35.461736483924064,36.353519439697266,382980,0.0,0.0
2021-02-05,36.656236322526475,36.768482064416155,35.587440604422945,35.91930389404297,361576,0.055144,0.0
2021-02-08,35.92418248563255,36.026669177248614,35.3238990365626,35.72408676147461,465130,0.0,0.0
2021-02-09,36.06083083222382,36.63182970071561,35.68504630229611,35.74848937988281,436044,0.0,0.0
2021-02-10,35.90466777606893,36.20236886820871,35.348309212523525,35.65576934814453,346554,0.0,0.0
2021-02-11,35.655760162308354,35.75336918899713,35.236050656055745,35.50447082519531,312394,0.0,0.0
2021-02-12,35.62648859302432,35.62648859302432,35.08965183835831,35.563045501708984,219548,0.0,0.0
2021-02-17,35.089643200756015,35.089643200756015,33.15702912564432,34.59184646606445,917830,0.0,0.0
2021-02-18,34.401520637888076,34.484489259783224,33.8207626250489,34.2453498840332,351706,0.0,0.0
2021-02-19,34.45520535970749,34.60161707330892,33.991574472310546,34.12822341918945,248464,0.0,0.0
2021-02-22,33.96717082449634,34.95300173962784,33.59626388549805,33.59626388549805,581254,0.0,0.0
2021-02-23,33.28391064833732,33.85979080200195,31.722203650299242,33.85979080200195,740038,0.0,0.0
2021-02-24,33.64506922147509,33.64506922147509,32.4249840738835,33.181434631347656,556994,0.0,0.0
2021-02-25,33.17655919741104,33.566984236791185,32.546994772208016,32.69828414916992,378840,0.0,0.0
2021-02-26,32.57627188319155,34.05989579853792,32.507947416065434,34.01109313964844,796786,0.0,0.0
2021-03-01,33.91835704800694,35.182363098965276,33.49376620208872,35.094520568847656,422572,0.0,0.0
2021-03-02,35.465427281859625,35.67040065318977,34.57232423383072,34.855384826660156,799324,0.0,0.0
2021-03-03,34.89443215251882,35.260457664608175,33.430330104161385,33.63530349731445,360994,0.0,0.0
2021-03-04,33.5474484563001,33.708500533137986,32.79587582112639,33.313194274902344,374678,0.0,0.0
2021-03-05,33.67434254068439,33.74754837784485,32.717796445757436,33.69874572753906,366664,0.0,0.0
2021-03-08,33.6743491013886,33.835401229838354,32.88861399115052,33.005741119384766,579836,0.0,0.0
2021-03-09,33.732910626818004,34.63089137845804,33.732910626818004,34.35759353637695,573664,0.0,0.0
2021-03-10,34.186783596649704,34.230704869939075,33.19119377798016,33.23511505126953,1492446,0.0,0.0
2021-03-11,33.43032542967105,33.71826367168562,32.878848408993726,33.08870315551758,410574,0.0,0.0
2021-03-12,32.937413180013586,32.937413180013586,32.41033929680051,32.68851852416992,426952,0.0,0.0
2021-03-15,33.16191096627939,34.15262317833847,33.06918703216668,34.142860412597656,592070,0.0,0.0
2021-03-16,34.333192269731455,34.57720927765194,34.05989441234981,34.52352523803711,370122,0.0,0.0
2021-03-17,34.25998580118156,34.35759483662151,33.78171455943975,34.03061294555664,994578,0.0,0.0
2021-03-18,33.698743081737625,33.698743081737625,32.722675258642006,32.815399169921875,793998,0.0,0.0
2021-03-19,32.771478112523226,32.771478112523226,32.01502405547531,32.21999740600586,844464,0.0,0.0
2021-03-22,32.625076848969535,33.40593061662732,32.44450662597008,33.303443908691406,258592,0.0,0.0
2021-03-23,33.29367652000966,33.29367652000966,32.83492341751483,33.08870315551758,233476,0.0,0.0
2021-03-24,33.098452697361516,33.235101567806495,32.7470677599873,33.161895751953125,131964,0.0,0.0
2021-03-25,32.942297949541874,33.58162135529547,32.75196497037241,33.46937561035156,330404,0.0,0.0
2021-03-26,33.57674181142554,33.82075881958008,33.28879980563308,33.82075881958008,384648,0.0,0.0
2021-03-29,34.16725619387622,34.67968958201517,33.893954663465415,33.918357849121094,320808,0.0,0.0
2021-03-30,33.820756807126635,34.020848805737074,33.44008716939734,33.74755096435547,283408,0.0,0.0
2021-03-31,34.015966756920655,34.494241693372636,33.6450636147129,33.771949768066406,388362,0.0,0.0
2021-04-01,34.196545413207105,34.4308033933036,34.11846190211112,34.31855392456055,435872,0.0,0.0
2021-04-05,34.31854943609884,34.957872760485564,33.91836172013555,34.89931106567383,740782,0.0,0.0
2021-04-06,34.89932285441724,34.967647337046316,34.40640732396028,34.58209991455078,240056,0.0,0.0
2021-04-07,34.55280555128323,35.21165064676627,34.011087562609625,35.15796661376953,377334,0.0,0.0
2021-04-08,35.157975090969295,35.51911926269531,35.06524742554329,35.51911926269531,384444,0.0,0.0
2021-04-09,35.387340490509956,36.87096405029297,35.387340490509956,36.87096405029297,578896,0.0,0.0
2021-04-12,36.87096700346632,36.87096700346632,36.15843414843841,36.84168243408203,365140,0.0,0.0
2021-04-13,36.817283109863865,37.598136700673585,36.67575281474778,37.54445266723633,538052,0.0,0.0
2021-04-14,37.57862018230924,37.76895315549016,36.568389892578125,36.568389892578125,283622,0.0,0.0
2021-04-15,36.568380466833275,37.19794464792816,36.52445547943433,36.91976547241211,388470,0.0,0.0
2021-04-16,37.06130117239542,37.334599006311905,36.34389063496091,36.70015335083008,283580,0.0,0.0
2021-04-19,36.50493737860801,37.05153296616415,36.32436349434568,36.548858642578125,267622,0.0,0.0
2021-04-20,36.695272976300615,36.695272976300615,35.73872690497855,36.134033203125,467352,0.0,0.0
2021-04-22,36.016898001640996,36.06570063976844,35.099392021873534,35.284847259521484,249770,0.0,0.0
2021-04-23,35.28486357682209,36.26093168435903,35.19701729820759,36.21700668334961,266034,0.0,0.0
2021-04-26,36.03644106726022,36.05108521991565,35.72409949857147,35.914432525634766,244000,0.0,0.0
2021-04-27,35.914426512758446,36.12428131815606,35.602084996362635,35.972991943359375,146938,0.0,0.0
2021-04-28,35.87049270544618,35.87049270544618,34.96763070856119,35.094520568847656,405142,0.0,0.0
2021-04-29,35.914417886884856,36.01690829667163,34.630889892578125,34.630889892578125,544716,0.0,0.0
2021-04-30,34.504003932260396,35.397107087851474,34.39175819209126,34.87002944946289,364048,0.0,0.0
2021-05-03,35.138442626900925,35.46542446328444,34.806579408710725,34.84562301635742,180192,0.0,0.0
2021-05-04,34.845625502522374,35.04083983128064,33.57673795069906,33.91347885131836,600684,0.0,0.0
2021-05-05,34.01108758393936,34.338069440831056,33.43520736694336,33.43520736694336,192136,0.0,0.0
2021-05-06,33.430332945481815,33.64506912231445,32.830049416338014,33.64506912231445,273228,0.0,0.0
2021-05-07,33.68359735693717,33.76670548099171,33.204496663869705,33.37560272216797,265216,0.059406,0.0
2021-05-10,33.34138073407891,33.34138073407891,32.510292053222656,32.510292053222656,226360,0.0,0.0
2021-05-11,31.776963001499173,32.28050504921157,31.640078219188684,32.11917495727539,504808,0.0,0.0
2021-05-12,31.97252694548262,31.97252694548262,31.46409488861383,31.899194717407227,515784,0.0,0.0
2021-05-13,31.899188908663664,32.60805828136808,31.899188908663664,32.265846252441406,359074,0.0,0.0
2021-05-14,32.60806221470755,32.92583269694552,32.436956179604586,32.81827926635742,316734,0.0,0.0
2021-05-17,32.8525126261787,33.057843674090144,32.231640860608856,32.48585510253906,206638,0.0,0.0
2021-05-18,32.608065299586855,32.73517425047353,32.13874424611936,32.1680793762207,144276,0.0,0.0
2021-05-19,32.01651289475928,32.3978358721581,31.752519203522226,32.314727783203125,221558,0.0,0.0
2021-05-20,32.368510812259785,32.96005089669036,32.368510812259785,32.7938346862793,147506,0.0,0.0
2021-05-21,32.90139248335612,33.13116132304568,32.70584112228468,32.79872512817383,230898,0.0,0.0
2021-05-24,32.818286752708104,33.31694300285276,32.818286752708104,33.06272506713867,207964,0.0,0.0
2021-05-25,33.09693361863975,33.346261648315874,32.89649621700969,33.17515563964844,181282,0.0,0.0
2021-05-26,33.17026561668974,33.26804314231922,32.867164611816406,32.867164611816406,134578,0.0,0.0
2021-05-27,32.876942470252466,33.023606902572794,32.27073669433594,32.27073669433594,245146,0.0,0.0
2021-05-28,32.270740755142704,32.270740755142704,31.84541683175805,31.87474822998047,278368,0.0,0.0
2021-05-31,32.02141571044922,32.265853998315244,31.894306756405847,32.02141571044922,88402,0.0,0.0
2021-06-01,32.00674532354991,32.00674532354991,31.24409730570438,31.371204376220703,418606,0.0,0.0
2021-06-02,31.371205831774134,31.556981299063448,30.813886889569996,30.99966049194336,439826,0.0,0.0
2021-06-04,30.994768495181958,31.288093626968504,30.67211010425047,31.043655395507812,202406,0.0,0.0
2021-06-07,31.068102020436367,31.302762522828072,30.706334445259287,30.931217193603516,276726,0.0,0.0
2021-06-08,31.297869391122433,31.796525470032535,31.043655272536142,31.180540084838867,332692,0.0,0.0
2021-06-09,31.273434273979866,31.640091695550993,31.19032428866738,31.385873794555664,115590,0.0,0.0
2021-06-10,31.361430783909483,31.630310642984075,31.190322875976562,31.190322875976562,239660,0.0,0.0
2021-06-11,31.767200523537472,31.923640873611216,31.38587367351508,31.860084533691406,200002,0.0,0.0
2021-06-14,31.82585140605987,32.35383878853397,31.586303025612285,32.314727783203125,322088,0.0,0.0
2021-06-15,32.46140254681165,32.48095805571729,31.952970504760742,31.952970504760742,155388,0.0,0.0
2021-06-16,32.06541632245745,32.20719099252107,31.68898295905817,32.08008575439453,145610,0.0,0.0
2021-06-17,32.08008405519102,32.53473944550867,31.894308558821617,32.373409271240234,371340,0.0,0.0
2021-06-18,32.19251662752229,32.57383969895455,31.840524952405833,32.378292083740234,251506,0.0,0.0
2021-06-21,32.36361928966267,32.59339181645606,31.86496695499951,32.41250991821289,159366,0.0,0.0
2021-06-22,32.539618076746955,32.6422816923697,32.36362224144177,32.559173583984375,466644,0.0,0.0
2021-06-23,32.559172436108796,32.598283449204786,32.290292613194765,32.42717742919922,89710,0.0,0.0
2021-06-24,32.412519818443236,32.52984915717254,31.89430809020996,31.89430809020996,168842,0.0,0.0
2021-06-25,31.918741748755597,32.37828677478898,31.918741748755597,32.060516357421875,196046,0.0,0.0
2021-06-28,32.25606590541592,32.784049572797116,32.16317819762004,32.38317108154297,235176,0.0,0.0
2021-06-29,32.38806628677956,32.99427206802081,32.38806628677956,32.916053771972656,306510,0.0,0.0
2021-06-30,33.04805140229163,33.654257231664175,33.04805140229163,33.24360275268555,293396,0.0,0.0
2021-07-01,33.34137288290239,33.8546946547994,33.13115585715226,33.79602813720703,404142,0.0,0.0
2021-07-02,33.85959472558381,34.67601776123047,33.61026661254132,34.67601776123047,457824,0.0,0.0
2021-07-05,34.46579860301582,34.63690465862462,34.36802477976287,34.4755744934082,84784,0.0,0.0
2021-07-06,34.93511713161187,36.20130931084052,34.93511713161187,36.171974182128906,615310,0.0,0.0
2021-07-07,36.347971041902134,37.15950791181619,36.22575190340897,37.00795364379883,865914,0.0,0.0
2021-07-08,36.49952865930302,36.91018321200442,35.687991714918184,36.75863265991211,506826,0.0,0.0
2021-07-12,37.30128431578543,37.47728018188613,36.42130498528194,36.592411041259766,322696,0.0,0.0
2021-07-13,36.67063856490312,37.252399242181035,36.49953248335079,36.85152053833008,601116,0.0,0.0
2021-07-14,37.00795073800778,37.154615184616624,36.72440519363946,36.739070892333984,396930,0.0,0.0
2021-07-15,37.0323945217965,37.35505479903828,36.86617830370103,37.247501373291016,376858,0.0,0.0
2021-07-16,37.31595161570124,37.44305684568553,36.4897489716411,36.54352569580078,440818,0.0,0.0
2021-07-19,36.494633398994125,36.66084962745619,35.6488753681864,36.37730407714844,377746,0.0,0.0
2021-07-20,36.80262794364189,37.51150121479844,36.80262794364189,36.959068298339844,302384,0.0,0.0
2021-07-21,37.428385437966504,37.56527026774544,36.7635130677558,36.866180419921875,407400,0.0,0.0
2021-07-22,36.91506648096677,37.70215796400367,36.91506648096677,37.47238540649414,236292,0.0,0.0
2021-07-23,37.20350618642607,37.93682104054682,37.06173153371619,37.81460189819336,294696,0.0,0.0
2021-07-26,37.83904804485494,37.96126718987719,37.60438564528601,37.7901611328125,189748,0.0,0.0
2021-07-27,38.073695177847895,38.073695177847895,36.729284989974055,36.84172821044922,228990,0.0,0.0
2021-07-28,36.8417376725946,37.022623341614114,35.91287146735276,36.18175506591797,417012,0.0,0.0
2021-07-29,35.824867184514616,36.42129707568136,35.81997737545366,36.069305419921875,255912,0.0,0.0
2021-07-30,36.06931601354416,37.17906801693488,35.93243115828581,37.105735778808594,384498,0.0,0.0
2021-08-02,37.027507772004796,37.027507772004796,36.43107780163838,36.81240463256836,307658,0.0,0.0
2021-08-03,37.30127789714206,37.81459597674595,37.15461345735143,37.276832580566406,393212,0.0,0.0
2021-08-04,37.15949943908825,37.6923729710987,37.05683583374214,37.3990478515625,175318,0.0,0.0
2021-08-05,36.954179133715115,37.58972018380713,36.52885889342442,37.30128479003906,186600,0.0,0.0
2021-08-06,37.607495982715676,37.84741110055719,37.21090724558434,37.504676818847656,164638,0.057715,0.0
2021-08-09,37.70052128561371,37.90615959611035,37.26476231244976,37.55363464355469,149514,0.0,0.0
2021-08-10,37.60750209645716,37.98450949407835,36.98079257548434,37.11299133300781,479614,0.0,0.0
2021-08-11,36.922041525713624,37.43124021862329,36.922041525713624,37.27456283569336,129540,0.0,0.0
2021-08-12,37.38717718341788,38.381099700927734,37.35780134088531,38.381099700927734,353248,0.0,0.0
2021-08-13,38.4594306105227,38.59162560422938,37.999189270427976,38.34681701660156,217376,0.0,0.0
2021-08-16,38.346819428135525,39.066557318701,37.578120564061976,39.012699127197266,425564,0.0,0.0
2021-08-17,38.929457366351826,39.017588595354496,38.562244534754385,38.78746795654297,245344,0.0,0.0
2021-08-18,38.924571081862254,39.05676609475411,38.51329438799147,38.69445037841797,323580,0.0,0.0
2021-08-19,38.22931234461958,39.14979134721301,38.22931234461958,39.012699127197266,323150,0.0,0.0
2021-08-20,39.18895961303029,39.60023625201273,38.929463104793854,39.091033935546875,322182,0.0,0.0
2021-08-23,39.06655896834257,39.624722307966096,38.88050576696239,39.517005920410156,174644,0.0,0.0
2021-08-24,39.21343602237037,39.3554254451128,38.44473724095958,38.6063117980957,418840,0.0,0.0
2021-08-25,38.59652960813225,38.762997683956684,37.78376316127201,38.004093170166016,253570,0.0,0.0
2021-08-26,38.00408850100508,38.28806363872733,37.96981544634121,38.11180114746094,297352,0.0,0.0
2021-08-27,38.00409141428066,38.05794960937859,37.60749891078833,37.656463623046875,131536,0.0,0.0
2021-08-30,37.88657500502093,39.0616569519043,37.88657500502093,39.0616569519043,362194,0.0,0.0
2021-08-31,38.728735425715705,38.728735425715705,37.969830700282394,38.5622673034668,233350,0.0,0.0
2021-09-01,38.562254585204165,39.29668043981187,38.42026513838871,38.80216598510742,587384,0.0,0.0
2021-09-02,39.15469336358306,39.355434500211665,38.53777456242651,38.973533630371094,401162,0.0,0.0
2021-09-03,39.07146600665583,39.23793411254883,38.802174970083136,39.23793411254883,767318,0.0,0.0
2021-09-06,39.23792194304404,40.02130871263095,39.23792194304404,39.952762603759766,192844,0.0,0.0
2021-09-08,40.14371088544699,40.34445571899414,39.6981612013879,40.34445571899414,491262,0.0,0.0
2021-09-09,40.40810980158147,40.47665591563385,39.31136824126034,39.56596755981445,271436,0.0,0.0
2021-09-10,39.56596185620086,39.73733085211124,38.06773452862791,38.3419189453125,851314,0.0,0.0
2021-09-13,38.395782892586915,38.68955248817662,38.09222259585354,38.15097427368164,307694,0.0,0.0
2021-09-14,38.38598720274676,38.62589857215945,37.74948338212075,38.23420333862305,304326,0.0,0.0
2021-09-15,38.185243886295616,38.41536456498514,37.7103146107845,38.175453186035156,336354,0.0,0.0
2021-09-16,38.14118021179769,38.41536464545775,37.86209856025577,38.40067672729492,216704,0.0,0.0
2021-09-17,38.67486003996417,38.83643460603751,37.71031359674674,37.72010803222656,321210,0.0,0.0
2021-09-20,37.63688017414233,37.63688017414233,37.08850749739369,37.39696502685547,373998,0.0,0.0
2021-09-21,37.392081532679775,37.592822720737864,36.995488905445555,37.230506896972656,337178,0.0,0.0
2021-09-22,37.23048792941709,37.994289475654114,37.20600557812186,37.72500228881836,433874,0.0,0.0
2021-09-23,37.94533118223533,38.19013977050781,37.778863135241686,38.19013977050781,210028,0.0,0.0
2021-09-24,38.1656585403966,38.60631475934857,38.087321732295536,38.601417541503906,117736,0.0,0.0
2021-09-27,38.11669984202874,38.43495178222656,37.55363929175303,38.43495178222656,145022,0.0,0.0
2021-09-28,38.16076367120171,38.42026017529764,37.627079010009766,37.627079010009766,377884,0.0,0.0
2021-09-29,37.813140379476,38.36150928727997,37.813140379476,37.945335388183594,239508,0.0,0.0
2021-09-30,38.03836622904065,38.288068342777294,37.7739724596578,38.004093170166016,407104,0.0,0.0
2021-10-01,37.70053328898575,37.70053328898575,36.61847947011835,37.421451568603516,563382,0.0,0.0
2021-10-04,37.30883067423806,37.64666775143273,36.76046177848201,37.064022064208984,266958,0.0,0.0
2021-10-05,37.16195088297988,38.0530541492036,37.16195088297988,38.004093170166016,247654,0.0,0.0
2021-10-06,37.57813231487203,38.1167106628418,37.362699481490516,38.1167106628418,259206,0.0,0.0
2021-10-07,38.439853689761485,38.92457375091298,38.439853689761485,38.777687072753906,225896,0.0,0.0
2021-10-08,38.77769376666411,38.919683250599576,38.190154423572,38.704254150390625,977512,0.0,0.0
2021-10-11,38.52797824384398,39.095932247208786,38.278272428627716,38.40067672729492,328660,0.0,0.0
2021-10-13,38.19014673999112,38.37619995625812,37.76907559248076,38.14118576049805,450632,0.0,0.0
2021-10-14,38.14118933879939,38.904991149902344,38.05795529230405,38.904991149902344,196742,0.0,0.0
2021-10-15,38.82665926633317,38.90499610374955,38.278286462482015,38.70914840698242,155750,0.0,0.0
2021-10-18,38.82664876524359,39.66878728325375,38.74341099517834,39.65899658203125,487618,0.0,0.0
2021-10-19,39.97724151387911,40.84875945343245,39.82545765546932,40.62843322753906,430408,0.0,0.0
2021-10-20,40.68228577204106,40.819381707032605,40.197565856495515,40.55009078979492,126438,0.0,0.0
2021-10-21,40.873256518221794,41.4950688862375,40.873256518221794,41.367767333984375,378334,0.0,0.0
2021-10-22,41.67621770907746,42.03853339375299,40.14861068929628,41.19149398803711,511876,0.0,0.0
2021-10-25,40.92220769503354,41.06419713553329,40.30039174058693,40.54520034790039,323902,0.0,0.0
2021-10-26,40.54519347106327,41.19148793533401,40.54519347106327,40.59415817260742,326876,0.0,0.0
2021-10-27,40.61864108501557,40.90261994789228,40.3101836042594,40.57457733154297,345994,0.0,0.0
2021-10-28,40.883044549475905,42.19032184394309,40.883044549475905,41.77904510498047,504454,0.0,0.0
2021-10-29,40.62844889601965,41.55382537841797,40.23675352617021,41.55382537841797,636640,0.0,0.0
2021-11-01,41.519546447764284,41.519546447764284,40.98586167513142,41.40693283081055,250324,0.0,0.0
2021-11-03,41.61746218955049,42.08259703747587,41.28452234261477,41.34817123413086,280662,0.0,0.0
2021-11-04,41.622357083806186,42.08259468807984,41.367754060990244,41.67131805419922,336778,0.0,0.0
2021-11-05,41.67646023941216,41.67646023941216,40.60267730207706,41.12240982055664,353150,0.060243,0.0
2021-11-08,41.36266678393395,41.67156159521165,40.83803377639821,41.05377197265625,345674,0.0,0.0
2021-11-09,40.73996621144316,40.73996621144316,40.3035894313187,40.46539306640625,304862,0.0,0.0
2021-11-10,40.45069342840646,40.45069342840646,38.930728726525246,40.03883361816406,870560,0.0,0.0
2021-11-11,39.51909388234937,39.715219169614315,39.08271708209368,39.11703872680664,240470,0.0,0.0
2021-11-12,39.38671298927937,40.20553207397461,39.18568353333564,40.20553207397461,363566,0.0,0.0
2021-11-16,39.715218603462745,40.891966569498855,39.470062933071,40.64190673828125,277578,0.0,0.0
2021-11-17,40.637003231313926,41.89220282764559,40.504620813114926,41.8382682800293,541082,0.0,0.0
2021-11-18,41.83336277378796,43.397457122802734,41.671559136142584,43.397457122802734,823062,0.0,0.0
2021-11-19,43.09836832984513,44.23589051001511,42.509992466515236,43.980926513671875,841352,0.0,0.0
2021-11-22,44.1623419009275,45.471472270765716,44.0691815500024,44.3094367980957,634264,0.0,0.0
2021-11-23,44.30943363957609,44.7556149784981,43.80931401747725,44.348655700683594,865230,0.0,0.0
2021-11-24,44.22119092250132,44.515377044677734,43.750492378863164,44.515377044677734,420296,0.0,0.0
2021-11-25,44.564397526427555,44.804649036327035,44.38788514423811,44.52027130126953,65304,0.0,0.0
2021-11-26,43.98582618250145,43.98582618250145,42.74043503420171,43.33861541748047,617660,0.0,0.0
2021-11-29,43.637706761192355,44.34865666717006,43.46119438963761,44.24079132080078,470342,0.0,0.0
2021-11-30,43.892666385876986,45.633273015264294,43.569062869721144,45.26063537597656,960080,0.0,0.0
2021-12-01,46.103981280072176,47.07479951773704,45.73134356108393,46.43739318847656,1178380,0.0,0.0
2021-12-02,44.446718171683465,45.46656652938129,43.63770381350222,45.38811492919922,1413624,0.0,0.0
2021-12-03,45.500900205267094,45.53522185423105,44.27512168401291,44.99587631225586,817796,0.0,0.0
2021-12-06,45.44205591717275,46.824733769963565,45.44205591717275,46.24616622924805,735022,0.0,0.0
2021-12-07,46.71196599501338,47.41311145509451,46.53055316892569,47.21208572387695,734362,0.0,0.0
2021-12-08,47.354270040430606,47.75632518896645,46.70215506147044,47.4376220703125,455170,0.0,0.0
2021-12-09,47.43271347249948,48.28585781631113,47.30523522958553,47.903411865234375,415608,0.0,0.0
2021-12-10,47.903417365171,49.447898864746094,47.717100398981714,49.447898864746094,542880,0.0,0.0
2021-12-13,50.00195674710448,50.404011933646615,48.830109094058315,49.065460205078125,660714,0.0,0.0
2021-12-14,49.06546039105794,49.114490781645706,47.82006901807782,48.918365478515625,597214,0.0,0.0
2021-12-15,48.91835905304857,50.13433278011268,48.256439515109875,49.77150344848633,735574,0.0,0.0
2021-12-16,50.15885112108982,50.60993665199108,47.58471660955427,48.28586196899414,819292,0.0,0.0
2021-12-17,47.658256293776965,48.320179533484165,47.29542698353372,47.87889862060547,454994,0.0,0.0
2021-12-20,47.069895393047204,47.95735784872094,46.16772419358781,47.952457427978516,611040,0.0,0.0
2021-12-21,48.19761104593611,48.84482192993164,47.61904345715381,48.84482192993164,363362,0.0,0.0
2021-12-22,48.535921200006,48.91836346796275,48.26625219246722,48.727142333984375,562102,0.0,0.0
2021-12-23,48.898752963591534,49.47732051074425,48.80559260931428,49.17823028564453,430866,0.0,0.0
2021-12-27,49.32532268038122,49.90879440307617,49.03113660888369,49.90879440307617,328982,0.0,0.0
2021-12-28,50.055872164190944,50.24219282750917,49.369439428106496,49.5949821472168,379200,0.0,0.0
2021-12-29,49.77150560583836,50.41871643066406,49.545962836360474,50.41871643066406,314714,0.0,0.0
2021-12-30,50.350077464763956,50.354977885266905,48.48689270019531,48.48689270019531,908552,0.0,0.0
2022-01-03,48.68790948094804,50.99237090032457,48.68790948094804,50.747215270996094,831452,0.0,0.0
2022-01-04,51.26694990733839,51.51210556487659,49.864659246957636,50.38439178466797,586078,0.0,0.0
2022-01-05,50.14413985402281,50.14413985402281,49.08997344970703,49.08997344970703,622464,0.0,0.0
2022-01-06,48.54082363658514,48.98210459961893,47.81026077270508,47.81026077270508,559414,0.0,0.0
2022-01-07,48.104447480564644,48.32018567445182,47.36407628490719,47.89851760864258,323448,0.0,0.0
2022-01-10,47.11892149636245,47.7906494140625,46.85905707106194,47.7906494140625,867012,0.0,0.0
2022-01-11,48.05541090990609,48.11424587101151,47.118914544009556,47.903411865234375,508226,0.0,0.0
2022-01-12,47.95245194028226,48.36921584322441,47.48174974833343,47.516075134277344,426420,0.0,0.0
2022-01-13,47.58472465024461,47.76123706012432,46.62861513993297,46.9080924987793,521752,0.0,0.0
2022-01-14,46.579579330904274,47.10911649897937,46.26087619785285,47.02576446533203,674908,0.0,0.0
2022-01-17,47.025753900453886,47.025753900453886,46.589373445348905,46.917884826660156,54018,0.0,0.0
2022-01-18,46.21183374153821,46.69724081511906,44.618322233209305,46.38344192504883,1106196,0.0,0.0
2022-01-19,46.25107134785727,46.26578009008854,44.46633830207286,44.47614288330078,1396606,0.0,0.0
2022-01-20,44.47614357521937,45.03019407229653,43.9073843356821,44.01034927368164,656350,0.0,0.0
2022-01-21,43.853450317194635,44.12311932737935,43.37294352659916,43.618099212646484,745966,0.0,0.0
2022-01-24,43.22585099919397,43.515132904052734,41.902008091730174,43.515132904052734,839312,0.0,0.0
2022-01-25,42.92675797644624,43.338617693645965,42.22561263245082,42.80418014526367,701916,0.0,0.0
2022-01-26,43.515133829310216,43.69164622072522,42.26974250800607,42.34819412231445,1284754,0.0,0.0
2022-01-27,42.51979500025322,43.38274390453277,42.024579557704485,42.103031158447266,584466,0.0,0.0
2022-01-28,43.44158386622778,44.927226624154464,42.90224214174444,44.667362213134766,1507282,0.0,0.0
2022-01-31,44.97135745184982,45.564633734231165,44.55459355406873,45.187095642089844,736412,0.0,0.0
2022-02-01,45.520510181660775,45.59405764240371,44.569308575931,45.010589599609375,768776,0.0,0.0
2022-02-02,45.01058779736827,45.711733245588874,45.01058779736827,45.152774810791016,260362,0.0,0.0
2022-02-03,45.15276611469775,45.66759447935295,42.608052994898884,44.80464553833008,251928,0.0,0.0
2022-02-04,44.86079121155958,45.50390645549447,43.87403320523696,44.92461395263672,272736,0.057179,0.0
2022-02-07,44.92462205572243,45.18972244336853,44.09004592895508,44.09004592895508,596738,0.0,0.0
2022-02-08,44.23239426104298,45.31243279047843,44.23239426104298,44.909873962402344,887076,0.0,0.0
2022-02-09,45.60209505609317,45.83283077020463,44.93443570075779,45.12589645385742,745492,0.0,0.0
2022-02-10,45.12589613706398,45.204446058536206,44.23241138038268,44.5269660949707,378716,0.0,0.0
2022-02-11,44.00658005276197,44.237315734205495,43.29964583650366,43.63838577270508,922290,0.0,0.0
2022-02-14,43.275112109535584,43.43711853027344,42.685998873797985,43.43711853027344,1080248,0.0,0.0
2022-02-15,43.937850340302305,43.94766720633985,43.21618895890213,43.525474548339844,791736,0.0,0.0
2022-02-16,43.594205617384006,43.746391392674425,43.02964028791831,43.2603759765625,682606,0.0,0.0
2022-02-17,43.26038619220331,43.594215911856395,42.759639739990234,42.759639739990234,533778,0.0,0.0
2022-02-18,42.80872486342782,42.97073126347887,41.85142112761035,42.268707275390625,598626,0.0,0.0
2022-02-21,42.26871307648561,42.41599232319352,41.286861419677734,41.286861419677734,123420,0.0,0.0
2022-02-22,41.399769273794824,41.5274072716811,40.344278165327715,40.795928955078125,646418,0.0,0.0
2022-02-23,40.805748147646256,40.864656838323626,39.11696243286133,39.11696243286133,565912,0.0,0.0
2022-02-24,37.99765258892152,40.91865921020508,37.089440729440035,40.91865921020508,907900,0.0,0.0
2022-02-25,40.918650424583674,41.79740774987492,40.697735389738554,41.52739715576172,720322,0.0,0.0
2022-03-02,41.52740427084288,42.39634488043929,41.50777053833008,41.50777053833008,571454,0.0,0.0
2022-03-03,41.48813686270225,41.68450791502102,40.791019439697266,40.791019439697266,490610,0.0,0.0
2022-03-04,40.79100869871412,41.360484225939125,40.38844983292122,40.39336013793945,678952,0.0,0.0
2022-03-07,40.35409619955028,40.87938661587005,39.725711822509766,39.725711822509766,726972,0.0,0.0
2022-03-08,39.72570919158097,40.36391413907092,38.94022877230063,39.04823303222656,859950,0.0,0.0
2022-03-09,39.76498779659749,40.25100326538086,39.12678279056429,40.25100326538086,476580,0.0,0.0
2022-03-10,39.71588622898479,39.90734693475123,38.675122492269,38.87640380859375,424690,0.0,0.0
2022-03-11,39.278963961816565,39.43114972118604,38.40020656179921,38.498390197753906,846850,0.0,0.0
2022-03-14,37.850369666209005,38.33638504693578,37.44781075324491,37.727638244628906,765256,0.0,0.0
2022-03-15,37.8012860017399,39.48025131225586,37.8012860017399,39.48025131225586,533516,0.0,0.0
2022-03-16,39.7649823796637,39.887713806761425,39.01877695091452,39.70606994628906,886964,0.0,0.0
2022-03-17,39.70116799047309,40.069362314469366,39.200421612377,39.47043228149414,394436,0.0,0.0
2022-03-18,39.524430219000806,40.52100881753583,39.524430219000806,40.30500030517578,906404,0.0,0.0
2022-03-21,40.300086542018306,40.43263857067357,39.75516249293592,39.863162994384766,446606,0.0,0.0
2022-03-22,39.90244424254308,41.10521457376048,39.83862524359994,40.795928955078125,299518,0.0,0.0
2022-03-23,40.741927424288605,41.09048426144361,40.33936845435938,40.653560638427734,392428,0.0,0.0
2022-03-24,40.594651020309335,41.30649185180664,39.956446054130495,41.30649185180664,729484,0.0,0.0
2022-03-25,41.11011816286068,41.11011816286068,40.305000293080596,40.62901306152344,385866,0.0,0.0
2022-03-28,40.45228335719678,41.31140343685917,40.30991443739677,41.25249099731445,385084,0.0,0.0
2022-03-29,41.25248941260245,41.82196506992612,41.02666402122222,41.65504837036133,603292,0.0,0.0
2022-03-30,41.6305080527021,42.00360895244537,41.331043024311775,41.58632278442383,350088,0.0,0.0
2022-03-31,41.81214670199587,41.81214670199587,40.717384338378906,40.717384338378906,338288,0.0,0.0
2022-04-01,40.14790174956175,40.427729239005,39.57842990502185,39.76498031616211,576824,0.0,0.0
2022-04-04,39.71097881209757,40.37372774529941,39.44587848972368,40.1773567199707,219598,0.0,0.0
2022-04-05,40.260826679270785,40.56519828401255,39.85335735854012,39.88772201538086,287040,0.0,0.0
2022-04-06,39.8631656114708,40.04480947006725,39.23969161625824,39.59315872192383,331412,0.0,0.0
2022-04-07,39.59316422717303,40.33936975197229,39.54407239910812,40.20682144165039,349574,0.0,0.0
2022-04-08,40.133181458584026,40.1822732861985,39.21514892578125,39.21514892578125,334952,0.0,0.0
2022-04-11,39.11205065133164,39.11205065133164,38.14492639755753,38.154747009277344,753940,0.0,0.0
2022-04-12,38.34129704851119,38.842043368168724,38.071290156370985,38.27256774902344,479746,0.0,0.0
2022-04-13,38.35111977523097,39.34769841823151,38.35111977523097,38.93041229248047,304690,0.0,0.0
2022-04-14,39.37714634569397,39.65697381927936,38.09583008625944,38.2283821105957,612244,0.0,0.0
2022-04-18,38.04673999935002,38.198925760798396,37.482174721234266,37.80127716064453,370814,0.0,0.0
2022-04-19,37.80128572997429,38.48367227663131,37.442908256217315,38.09584045410156,329904,0.0,0.0
2022-04-20,38.567122401196045,38.72912878366076,37.69818554650821,37.87982940673828,280070,0.0,0.0
2022-04-22,38.2922127724614,38.85186789026773,38.095841701458006,38.2038459777832,389402,0.0,0.0
2022-04-25,38.125291525112374,39.01386584042363,37.93873736267339,38.99422836303711,350992,0.0,0.0
2022-04-26,39.13659843516522,39.47533837564564,38.154747009277344,38.154747009277344,484560,0.0,0.0
2022-04-27,38.30202946425983,39.08751374465806,38.05656656300204,38.06638717651367,312784,0.0,0.0
2022-04-28,39.097327651114,40.034997660715035,39.097327651114,39.47043228149414,420284,0.0,0.0
2022-04-29,38.783130133965,39.9220776032704,38.2774772644043,38.2774772644043,913396,0.0,0.0
2022-05-02,38.537669919915295,39.244604171772444,38.100746318549724,39.11696243286133,696060,0.0,0.0
2022-05-03,39.3967869035196,39.3967869035196,38.62112340887496,38.950042724609375,619164,0.0,0.0
2022-05-04,39.02859945884614,40.08409063355602,39.02859945884614,39.90244674682617,375838,0.0,0.0
2022-05-05,40.09881278643061,40.201906737729935,38.19892890985903,38.75367736816406,272922,0.0,0.0
2022-05-06,38.86058598093409,39.71115084603992,38.62458887178438,39.03266525268555,379012,0.058729,0.0
2022-05-09,38.89992740002531,39.27358425182077,38.211606421434766,38.34926986694336,502856,0.0,0.0
2022-05-10,39.086749344396985,39.47024137930657,38.80158725396018,39.01791763305664,966638,0.0,0.0
2022-05-11,38.94908872251155,38.94908872251155,36.884125980670845,37.06112289428711,702198,0.0,0.0
2022-05-12,36.579303381787064,36.95787784727127,35.03549978048439,35.940147399902344,1177956,0.0,0.0
2022-05-13,36.5301407002164,36.923464309074156,36.082730734547745,36.33347702026367,557190,0.0,0.0
2022-05-16,36.33347702026367,36.33347702026367,36.33347702026367,36.33347702026367,0,0.0,0.0
2022-05-17,36.01389713934091,36.372808617948145,35.91556717999379,36.087646484375,627048,0.0,0.0
2022-05-18,35.87131423423187,35.94014595245689,34.33734219011586,34.366844177246094,739948,0.0,0.0
2022-05-19,34.04235513941155,34.2734347027387,32.867294328961094,33.09345626831055,1137322,0.0,0.0
2022-05-20,33.66377243442574,33.73260414919221,31.87905422013856,32.83287048339844,844430,0.0,0.0
2022-05-23,32.72470016557181,33.830928802490234,32.459204842585805,33.830928802490234,945648,0.0,0.0
2022-05-24,33.41794560079618,33.41794560079618,32.483796027558995,33.11803436279297,842462,0.0,0.0
2022-05-25,33.11311673974694,33.5851072738879,32.87712334820012,33.11803436279297,283188,0.0,0.0
2022-05-26,33.02954043384826,33.93418814394672,32.54771458752341,33.63919448852539,394898,0.0,0.0
2022-05-27,33.96368807889733,34.75525665283203,33.96368807889733,34.75525665283203,398584,0.0,0.0
2022-05-30,34.90767518606647,35.006005165044535,34.420935413342995,34.47010040283203,44676,0.0,0.0
2022-05-31,34.720835015489286,35.11907617240065,34.03251414164413,34.887996673583984,268662,0.0,0.0
2022-06-01,34.88308509031606,35.48782523981302,34.740507769514046,35.05516815185547,451604,0.0,0.0
2022-06-02,35.089581135945004,35.60090515307349,34.68642231969621,35.42390823364258,302520,0.0,0.0
2022-06-03,34.99125106014801,34.99125106014801,34.02760314941406,34.02760314941406,376920,0.0,0.0
2022-06-06,34.40617513273428,35.060076407851994,34.19476237055497,34.278343200683594,418990,0.0,0.0
2022-06-07,34.41600283271596,35.83197417031378,34.41600283271596,35.414066314697266,451810,0.0,0.0
2022-06-08,35.6009032399816,35.822147501857536,35.36982373252839,35.669734954833984,264408,0.0,0.0
2022-06-09,35.39932648842441,35.61073928277218,34.52909469604492,34.52909469604492,320788,0.0,0.0
2022-06-10,34.04235538807016,34.489765397107476,33.50645065307617,33.50645065307617,429860,0.0,0.0
2022-06-13,32.94103513872626,33.835851167079625,32.94103513872626,33.1032829284668,660094,0.0,0.0
2022-06-14,33.39335605790657,33.653933773225305,33.08361337289413,33.472023010253906,426190,0.0,0.0
2022-06-15,33.61952572477329,33.95877047120174,33.2950338486202,33.43269729614258,983224,0.0,0.0
2022-06-17,32.94103744194142,33.51136168173745,32.68045968622498,33.23111343383789,258064,0.0,0.0
2022-06-20,33.23111625003065,33.92435486738886,32.92137349074903,33.01478958129883,45870,0.0,0.0
2022-06-21,33.953849780975645,34.55858987202451,33.81126872290644,34.332427978515625,399240,0.0,0.0
2022-06-22,34.01776776372331,34.79458340071684,33.81126885921118,34.293094635009766,188858,0.0,0.0
2022-06-23,34.60775409025074,35.60581772381495,34.538922374215076,35.51240539550781,657482,0.0,0.0
2022-06-24,35.748391644261226,36.687458620121504,35.748391644261226,36.530128479003906,241986,0.0,0.0
2022-06-27,36.68747152224479,36.938214061207,36.254810668729895,36.28922653198242,446796,0.0,0.0
2022-06-28,36.28922372418834,36.67271581391545,33.91943571359884,35.56157302856445,435622,0.0,0.0
2022-06-29,35.39932651957392,36.14664398452619,35.01091679235844,35.47307586669922,457952,0.0,0.0
2022-06-30,35.39932003341178,35.50256760005027,34.440589949592315,35.045326232910156,426554,0.0,0.0
2022-07-01,35.39932330589314,36.29905700683594,35.39932330589314,36.29905700683594,486156,0.0,0.0
2022-07-04,36.29905218822135,37.07095384668704,35.935223157343096,37.066036224365234,60586,0.0,0.0
2022-07-05,36.39246931550925,37.50361579113473,36.27939024449111,37.395450592041016,663302,0.0,0.0
2022-07-06,37.36596038164349,38.33944363152114,37.36596038164349,37.99528121948242,424018,0.0,0.0
2022-07-07,37.99526911669002,38.52625981112096,37.77893874094848,38.305015563964844,248858,0.0,0.0
2022-07-08,38.02477414338683,38.378768002923465,37.778945491047224,38.01002502441406,303124,0.0,0.0
2022-07-11,38.24602039287077,38.59017898963554,37.847779195036196,38.10343933105469,230594,0.0,0.0
2022-07-12,38.47218285716102,39.48499567197923,38.47218285716102,38.92942428588867,293066,0.0,0.0
2022-07-13,38.86550306984545,38.86550306984545,37.94118513532959,38.54592514038086,503800,0.0,0.0
2022-07-14,38.595092820825045,39.779988553788606,38.585261326618,39.578407287597656,446912,0.0,0.0
2022-07-15,39.65215648728104,40.232312170735746,39.27357831828127,39.617740631103516,402742,0.0,0.0
2022-07-18,39.87341454934778,40.10449412844019,39.06709671020508,39.06709671020508,397082,0.0,0.0
2022-07-19,39.067085730843765,40.21264805573213,38.88025732097954,40.04548263549805,631978,0.0,0.0
2022-07-20,40.31589153156394,41.22053900445264,40.001231214815974,40.99437713623047,493154,0.0,0.0
2022-07-21,41.05829719289298,42.0858590247462,41.0484619474994,42.031776428222656,312470,0.0,0.0
2022-07-22,41.79086999011937,41.79086999011937,41.27954595423221,41.72203826904297,203772,0.0,0.0
2022-07-25,41.422118926485716,41.422118926485716,40.212642669677734,40.212642669677734,410844,0.0,0.0
2022-07-26,39.97665037284605,40.38472679647384,39.77507284798776,39.82423782348633,176236,0.0,0.0
2022-07-27,40.08972960801787,40.5666377049128,39.76523404685547,40.38964080810547,469454,0.0,0.0
2022-07-28,40.14381900559063,40.30114919041367,39.54891412700829,39.981571197509766,314790,0.0,0.0
2022-07-29,40.95504778045938,41.761365318302005,40.748548897999676,41.407371520996094,379922,0.0,0.0
2022-08-01,41.05337605049518,41.53520175520108,40.92063025743918,40.96979522705078,642594,0.0,0.0
2022-08-02,40.979628390743635,41.820361783821724,40.88129844751284,41.407371520996094,209306,0.0,0.0
2022-08-03,41.771204728159546,43.216678424071034,41.74662411321708,43.14292907714844,175008,0.0,0.0
2022-08-04,43.05934804673916,43.18226237405844,42.29236009355454,42.35136032104492,88646,0.0,0.0
2022-08-05,42.2430157746778,42.7796676494811,41.765442634699,41.98207092285156,138298,0.059971,0.0
2022-08-08,41.937764999690316,42.257788610210234,41.33710610898973,41.56358337402344,246612,0.0,0.0
2022-08-09,41.248484890247155,41.868837955838565,41.06139595262091,41.64236068725586,245738,0.0,0.0
2022-08-10,41.977143990901396,42.37594041709712,41.4798767607655,42.20854568481445,223188,0.0,0.0
2022-08-11,42.464567201433866,42.996298335723644,42.38086982555794,42.70089340209961,376202,0.0,0.0
2022-08-12,42.70089295927774,43.02091277622318,42.617191827992286,42.82889938354492,246418,0.0,0.0
2022-08-15,43.02091348433185,43.54772014199049,43.00614380100234,43.44925308227539,230492,0.0,0.0
2022-08-16,43.54772258677559,43.93667388015794,43.44433104138703,43.69542694091797,232202,0.0,0.0
2022-08-17,44.13852769937282,44.69487364718418,44.044981376113284,44.5570182800293,480200,0.0,0.0
2022-08-18,43.97113238577914,44.66041302756089,43.276931020727574,44.27638626098633,232772,0.0,0.0
2022-08-19,44.015443763229264,44.44870404240725,43.58217972777409,43.779117584228516,329182,0.0,0.0
2022-08-22,43.29663135554087,43.29663135554087,42.47441594270286,42.494110107421875,332184,0.0,0.0
2022-08-23,42.474410569758206,42.51872337383995,41.72605118649114,41.85898208618164,389786,0.0,0.0
2022-08-24,42.1691656748746,42.35625460482095,41.74082604493159,42.08546829223633,265974,0.0,0.0
2022-08-25,42.523646637127676,43.09476230028641,42.410406146626656,42.646732330322266,285958,0.0,0.0
2022-08-26,42.823974751416394,42.823974751416394,40.88414308253373,40.93830108642578,478858,0.0,0.0
2022-08-29,40.298252523402326,40.554272851753396,39.62866609640616,39.9683837890625,226678,0.0,0.0
2022-08-30,40.263795169711365,40.44103888519838,39.50558677707859,39.87976837158203,249770,0.0,0.0
2022-08-31,40.64290306265271,41.02200539779247,40.37703747752655,40.51981735229492,311348,0.0,0.0
2022-09-01,40.042241525561444,40.81029510498047,39.64344129632058,40.81029510498047,344586,0.0,0.0
2022-09-02,40.716750943243696,40.948152676648434,39.56467051260445,40.03731918334961,2028550,0.0,0.0
2022-09-05,40.032394684623384,40.19486872156958,39.46127894967611,39.49574279785156,36502,0.0,0.0
2022-09-06,40.12593352227691,40.273637847569105,39.5646630962098,39.702518463134766,860216,0.0,0.0
2022-09-08,39.85516104182253,40.15549054741493,39.313584537997755,39.40220642089844,487544,0.0,0.0
2022-09-09,39.672989210923724,40.01762771606445,39.56959765938151,40.01762771606445,243268,0.0,0.0
2022-09-12,40.17024662028494,41.23370885465395,40.10131892986592,41.05646514892578,615414,0.0,0.0
2022-09-13,40.815222798086836,41.03185109665996,39.17572021484375,39.17572021484375,501968,0.0,0.0
2022-09-14,39.31357715493494,39.958548864584166,39.18556695783447,39.33819580078125,287240,0.0,0.0
2022-09-15,39.66314451809332,39.80099993498387,39.067410034371505,39.348045349121094,286656,0.0,0.0
2022-09-16,39.14125045601089,39.348033519177605,38.64398320349135,39.003395080566406,511954,0.0,0.0
2022-09-19,38.99847900361182,39.30373294092061,38.66861017611433,39.220035552978516,365784,0.0,0.0
2022-09-20,39.32341710149824,40.0274673897412,39.08709092689288,39.786216735839844,348202,0.0,0.0
2022-09-21,39.84038421497446,40.283493550076244,39.141258239746094,39.141258239746094,1107302,0.0,0.0
2022-09-22,39.07724693949601,39.116631506257114,38.37811735253588,38.525821685791016,800528,0.0,0.0
2022-09-23,38.46675598163067,38.90002021150124,38.422446916091474,38.757240295410156,336550,0.0,0.0
2022-09-26,39.3381880411933,40.367182626615396,39.22494755142649,40.1456298828125,175914,0.0,0.0
2022-09-27,39.840379143229136,40.22440593267078,39.820684980145266,40.066856384277344,576436,0.0,0.0
2022-09-28,39.30372381689261,39.628668088408055,38.156564273361155,39.39726638793945,1179090,0.0,0.0
2022-09-29,38.94432236144994,38.98371069467626,37.432829819463315,37.821781158447266,739460,0.0,0.0
2022-09-30,37.713454019334286,38.05317171992921,36.74846267700195,36.74846267700195,919728,0.0,0.0
2022-10-03,35.90656262246098,36.44813898240016,35.52253581734551,36.241355895996094,864574,0.0,0.0
2022-10-04,36.77800591359712,37.211269984631784,36.645075009433526,37.019256591796875,407868,0.0,0.0
2022-10-05,36.99955552734168,37.511592398149844,36.822311850666665,37.368812561035156,538960,0.0,0.0
2022-10-06,37.3688194555441,37.76761592350202,37.22111511230469,37.22111511230469,398998,0.0,0.0
2022-10-07,36.82724363373806,36.82724363373806,35.86224842210146,35.94594955444336,566132,0.0,0.0
2022-10-10,35.85732599383846,36.22165860359838,35.36990393134253,35.916404724121094,382782,0.0,0.0
2022-10-11,35.9164119478374,36.24136005485679,35.571773430948454,36.0444221496582,482004,0.0,0.0
2022-10-13,35.44868249175689,37.196500978236486,35.281287738559044,37.16695785522461,945376,0.0,0.0
2022-10-14,37.221115997113266,37.526369894134945,36.280743175385744,36.29058837890625,661004,0.0,0.0
2022-10-17,36.66968863312189,37.22111009347095,36.339816145203685,37.13248825073242,216084,0.0,0.0
2022-10-18,37.570675789597225,37.915317984316594,36.53675671799365,37.181724548339844,427686,0.0,0.0
2022-10-19,36.92571292512208,37.5116021055429,36.812472419389486,37.27035140991211,208798,0.0,0.0
2022-10-20,36.92570861880597,37.41805140039005,36.659843065997286,36.7878532409668,275094,0.0,0.0
2022-10-21,36.7878541299037,37.49190447483261,36.679538114333496,37.344200134277344,383098,0.0,0.0
2022-10-24,37.82177952421196,39.08710056327834,37.82177952421196,38.94432067871094,520248,0.0,0.0
2022-10-25,39.220029262024696,40.09639884526635,39.195410619506795,39.71729278564453,497204,0.0,0.0
2022-10-26,39.61390373143141,39.86007514693094,39.11171569657455,39.49081802368164,689176,0.0,0.0
2022-10-27,39.018174723574994,39.11664180080774,37.418060302734375,37.418060302734375,982314,0.0,0.0
2022-10-28,38.10733520508303,41.307563550688705,38.10733520508303,40.62812805175781,963900,0.0,0.0
2022-10-31,40.480417017220766,40.490262218367135,38.89507293701172,38.89507293701172,657958,0.0,0.0
2022-11-01,39.41203946688585,39.623747004078616,37.65929668584443,37.974395751953125,722152,0.0,0.0
2022-11-03,35.99026174064623,36.32013055007763,35.00557603635343,35.0548095703125,581856,0.0,0.0
2022-11-04,35.336866469978254,35.460163279878586,33.67482411794261,34.547767639160156,719738,0.060958,0.0
2022-11-07,34.207476599032006,35.509490966796875,33.9559499844553,35.509490966796875,1019194,0.0,0.0
2022-11-08,35.72155164089333,35.95335024376355,35.065611714201,35.391117095947266,461946,0.0,0.0
2022-11-09,35.41084857720026,35.54400748858757,34.42447400694645,34.5181770324707,847758,0.0,0.0
2022-11-10,35.43057570536462,39.10975646972656,35.43057570536462,39.10975646972656,1498952,0.0,0.0
2022-11-11,38.95686047927209,39.49936571085411,37.84718914810516,39.1590690612793,1128396,0.0,0.0
2022-11-14,38.808908277855075,39.4747103534926,38.651088498720846,38.8631591796875,465064,0.0,0.0
2022-11-16,39.15906922170583,39.67691358740646,38.80890671840725,39.61280059814453,490898,0.0,0.0
2022-11-17,39.607864411512665,40.68301270100753,39.331680772540736,39.95802688598633,706640,0.0,0.0
2022-11-18,39.953101119507,40.3772424655402,39.5338926996519,40.03200912475586,268684,0.0,0.0
2022-11-21,39.45498097760374,39.52402689329693,38.6658821105957,38.6658821105957,160290,0.0,2.0
2022-11-22,38.67575196674133,39.80021854837253,38.67575196674133,39.5733528137207,175561,0.0,0.0
2022-11-23,39.69171700749697,40.362448298261484,39.563487251257584,39.78049087524414,236923,0.0,0.0
2022-11-24,39.80021292988682,40.24408224490275,39.267573514588136,39.48457336425781,35252,0.0,0.0
2022-11-25,39.29715910348084,39.593070692450176,38.85328983866682,39.07029342651367,270176,0.0,0.0
2022-11-28,38.74479080497407,38.81383672189518,37.91623603920056,38.06419372558594,209863,0.0,0.0
2022-11-29,38.064192715812325,38.064192715812325,36.60435888393244,36.74245071411133,569489,0.0,0.0
2022-11-30,36.81150240162468,37.82746710815751,36.42681688216936,37.73869323730469,780725,0.0,0.0
2022-12-01,37.84719215461254,38.2220155542547,37.5414184383196,37.97542190551758,289455,0.0,0.0
2022-12-02,37.77814222580768,38.06419173104645,37.15672524335933,37.83732604980469,371278,0.0,0.0
2022-12-05,38.162826318769135,38.981518922726316,37.926098556633995,38.02473449707031,524681,0.0,0.0
2022-12-06,38.0148833174307,38.18256521683692,36.841094970703125,36.841094970703125,305130,0.0,0.0
2022-12-07,36.29858105444209,36.91013219436771,35.97307942420043,36.15062713623047,573897,0.0,0.0
2022-12-08,36.54517855779078,36.80163806358329,36.24926692725525,36.535316467285156,315951,0.0,0.0
2022-12-09,37.19618821736882,37.580873739888375,36.495863098796264,36.79177474975586,244172,0.0,0.0
2022-12-12,36.92986593553611,37.67951278465992,36.92986593553611,37.46250915527344,154690,0.0,0.0
2022-12-13,37.93596398156663,39.06043035739062,37.56114436477214,38.06419372558594,418343,0.0,0.0
2022-12-14,38.26146827284269,38.66588167277507,37.11727398795691,37.37372970581055,357370,0.0,0.0
2022-12-15,37.10740984788812,37.215911651389604,35.6179859197214,35.67716598510742,296154,0.0,0.0
2022-12-16,35.67716874272659,35.80539849884154,34.8880697872512,35.30234909057617,275155,0.0,0.0
2022-12-19,35.400987716696086,35.52921748247402,34.27652115006735,34.47379684448242,245689,0.0,0.0
2022-12-20,34.4737965297463,34.56257040328656,33.38878210172973,33.8819694519043,439484,0.0,0.0
2022-12-21,34.2370654403917,35.075486205426394,33.83265195791834,34.61188888549805,281492,0.0,0.0
2022-12-22,34.65133517978412,34.65133517978412,33.27040945674252,33.75373458862305,413614,0.0,0.0
2022-12-23,33.753736141086776,33.901690056469135,32.84626965665075,33.38877487182617,300620,0.0,0.0
2022-12-26,33.655101106204974,34.424475871320915,33.04354989308868,33.55646514892578,141634,0.0,0.0
2022-12-27,34.227203389899685,34.29624931898619,33.50715029891123,33.8425178527832,208734,0.0,0.0
2022-12-28,33.842519996676636,33.931293877228875,32.59968566894531,32.59968566894531,687828,0.0,0.0
2022-12-29,32.649004588391534,33.92142899176456,32.61941454826886,33.74388122558594,416512,0.0,0.0
2023-01-02,34.138423961497445,34.523109436035156,33.36905301242202,34.523109436035156,106390,0.0,0.0
2023-01-03,34.62173943486649,34.84860885478315,33.221089613201706,33.59591293334961,478443,0.0,0.0
2023-01-04,33.684692279565645,34.592155056549785,33.57619047737835,33.61564636230469,308361,0.0,0.0
2023-01-05,33.75373477729585,33.99046253743085,32.87586212158203,32.87586212158203,441128,0.0,0.0
2023-01-06,32.875864217477485,33.62550718932264,32.60954264830719,33.171775817871094,631468,0.0,0.0
2023-01-09,33.931283593161226,34.78942833659449,33.566322326660156,33.566322326660156,560017,0.0,0.0
2023-01-10,33.56632310453123,33.81291673007194,33.04354582245536,33.34932327270508,373035,0.0,0.0
2023-01-11,33.53673381164226,34.069376957585895,33.418369922339295,33.832645416259766,462663,0.0,0.0
2023-01-12,34.0299203246182,34.266651860734136,33.26054941700162,33.34932327270508,360036,0.0,0.0
2023-01-13,33.35918919629562,33.911560335573284,33.15205143008669,33.734012603759766,203606,0.0,0.0
2023-01-16,33.734014654996166,34.0496542501418,33.645240783691406,33.645240783691406,51638,0.0,0.0
2023-01-17,34.02992853653083,34.621751875556,33.90169876674434,34.079246520996094,516828,0.0,0.0
2023-01-18,34.079244086107394,34.759845016351996,34.079244086107394,34.66120529174805,286352,0.0,0.0
2023-01-19,34.40475362526374,34.838757176978504,34.10884194169816,34.48366165161133,243419,0.0,0.0
2023-01-20,34.74011245680722,35.44043747622577,34.493518822134185,35.193843841552734,402461,0.0,0.0
2023-01-23,35.21358261114004,36.66355107019636,35.21358261114004,36.002681732177734,155941,0.0,0.0
2023-01-24,35.99280559049442,36.34789723431948,35.62784433225653,36.061851501464844,284879,0.0,0.0
2023-01-25,35.7067593673402,35.805395316989085,34.76970279479458,35.40098190307617,121561,0.0,0.0
2023-01-26,35.913902667396535,36.19995223337711,35.5489450820508,35.80540084838867,188509,0.0,0.0
2023-01-27,35.80539872030787,37.067960819598426,35.765942831609905,36.59449768066406,187275,0.0,0.0
2023-01-30,36.466279111978,36.574780946630945,36.002681732177734,36.002681732177734,225399,0.0,0.0
2023-01-31,36.00267333298893,36.14076517661442,35.57853194887032,35.834991455078125,389845,0.0,0.0
2023-02-01,36.01253415058596,36.48599725873877,35.46016679560835,36.09144592285156,395608,0.0,0.0
2023-02-02,36.44654054793153,37.55127899561027,35.94348741792188,37.32441329956055,563806,0.0,0.0
2023-02-03,37.06795965711936,39.79035192565211,37.06795965711936,39.09002685546875,1021040,0.0,0.0
2023-02-06,39.060442741180765,39.25771846466581,38.409435487585135,38.54753112792969,379035,0.0,0.0
2023-02-07,38.54751959946653,39.928441725424534,38.39956191042231,39.56348419189453,533537,0.0,0.0
2023-02-08,39.553629295690186,39.61281314024611,38.764530181884766,38.764530181884766,192733,0.0,0.0
2023-02-09,39.32675633458773,39.928445474540545,39.08016267150678,39.10975646972656,161376,0.0,0.0
2023-02-10,39.11944040582978,39.23798688245451,38.62550805844099,38.77368927001953,173507,0.059807,0.0
2023-02-13,38.773687813807946,39.42567833713834,38.63538736467795,38.95150375366211,139052,0.0,0.0
2023-02-14,39.12931249375372,39.475063552960776,38.457564348662366,39.366397857666016,353414,0.0,0.0
2023-02-15,39.36640425385061,40.11718348783397,39.2182268194308,39.909732818603516,371421,0.0,0.0
2023-02-16,40.16658107090325,40.364154776977955,39.52446746826172,39.52446746826172,228384,0.0,0.0
2023-02-17,39.33677347430136,39.45531618743259,38.526724692495634,38.96138381958008,149115,0.0,0.0
2023-02-22,38.230369949986056,38.230369949986056,37.24250511287223,37.80558776855469,267882,0.0,0.0
2023-02-23,38.052543165305416,38.26987457360601,37.36103722213423,37.637638092041016,368861,0.0,0.0
2023-02-24,37.63763906920597,37.79569725159974,37.36103819211795,37.51909637451172,139392,0.0,0.0
2023-02-27,37.6870355050194,38.19084478633972,37.6870355050194,37.884605407714844,251618,0.0,0.0
2023-02-28,38.26000000634572,38.447692945798615,37.706794408646125,38.13157653808594,304630,0.0,0.0
2023-03-01,38.1315726271033,38.1315726271033,37.114073279663735,37.13383102416992,530226,0.0,0.0
2023-03-02,37.133837602320924,37.66728549327328,36.97577938667635,37.410438537597656,188570,0.0,0.0
2023-03-03,37.78581642329677,38.961373799840594,37.78581642329677,38.6254997253418,259487,0.0,0.0
2023-03-06,39.33676915020016,39.88997469800952,39.020652770996094,39.020652770996094,183133,0.0,0.0
2023-03-07,39.3170121541567,39.455312601641545,38.69465637207031,38.69465637207031,114270,0.0,0.0
2023-03-08,38.694655458709875,38.89222913691231,38.48720479237933,38.65514373779297,179162,0.0,0.0
2023-03-09,38.77369037944244,39.317015223435185,38.180973052978516,38.180973052978516,109931,0.0,0.0
2023-03-10,38.32914572543299,38.98113621068174,37.983394622802734,37.983394622802734,266329,0.0,0.0
2023-03-13,38.289631266259924,39.603493028380875,38.171088566229415,39.1787109375,373726,0.0,0.0
2023-03-14,39.366405973149504,39.692403126238936,38.97126236236787,39.46519470214844,246759,0.0,0.0
2023-03-15,39.267624245809884,40.08755380619201,39.20835100353003,39.8405876159668,394588,0.0,0.0
2023-03-16,39.73192180125637,40.532089844033294,39.59362133798159,40.15670394897461,148685,0.0,0.0
2023-03-17,40.30488422014518,40.71978940738766,39.978890786545264,40.27524948120117,210481,0.0,0.0
2023-03-20,40.156703818059384,40.848206132178895,39.978887860598654,40.63087844848633,250865,0.0,0.0
2023-03-21,40.64074961782553,41.292740112342344,40.48269143031855,41.18407440185547,118033,0.0,0.0
2023-03-22,41.18408073680754,41.81631735249077,40.72966384887695,40.72966384887695,263980,0.0,0.0
2023-03-23,40.99638739409472,42.063283139932054,40.99638739409472,41.312503814697266,227851,0.0,0.0
2023-03-24,41.6878889041088,41.83606634028322,41.04577537547261,41.480438232421875,389487,0.0,0.0
2023-03-27,41.203832730847445,41.539706855114915,40.650630950927734,40.650630950927734,419839,0.0,0.0
2023-03-28,40.48268939428844,40.48268939428844,39.79118344557226,40.1072998046875,252103,0.0,0.0
2023-03-29,40.47281404087126,40.93710784234069,40.47281404087126,40.76917266845703,246118,0.0,0.0
2023-03-30,40.749414924164064,41.33225519139131,40.57159899393172,40.76917266845703,299358,0.0,0.0
2023-03-31,40.769169065389875,41.33225153856047,40.650626378512925,41.2927360534668,153840,0.0,0.0
2023-04-03,40.91735636152846,41.58910469670069,40.91735636152846,41.47056198120117,225852,0.0,0.0
2023-04-04,41.58910756797035,41.87558927124382,41.43104934692383,41.43104934692383,134888,0.0,0.0
2023-04-05,41.36188942161261,41.36188942161261,40.29499762157201,40.67038345336914,462127,0.0,0.0
2023-04-06,40.67039172207162,41.2433551108897,40.53209125398591,40.97663116455078,270174,0.0,0.0
2023-04-10,40.70002994683993,40.97663088109798,40.15670506808801,40.40367126464844,337702,0.0,0.0
2023-04-11,40.354275475943155,40.354275475943155,39.554107401639776,39.66277313232422,355845,0.0,0.0
2023-04-12,39.712162424125744,39.820828146069246,38.97126388549805,38.97126388549805,141018,0.0,0.0
2023-04-13,39.15895538648673,40.3542707471355,39.15895538648673,40.146820068359375,526874,0.0,0.0
2023-04-14,40.097425449383856,40.670384974741225,39.88997478167194,40.018394470214844,200987,0.0,0.0
2023-04-17,40.30487083707989,40.49256750381542,39.91960428511285,40.196205139160156,172022,0.0,0.0
2023-04-18,40.62100049846869,41.16432539786381,40.62100049846869,40.74942398071289,331003,0.0,0.0
2023-04-19,40.9667487604313,42.15218334072689,40.9667487604313,41.944732666015625,432407,0.0,0.0
2023-04-20,41.7669148816155,41.83606510346682,41.312498061334075,41.707645416259766,117403,0.0,0.0
2023-04-24,41.29274206220186,41.569346729703774,40.90747544748645,41.10504913330078,263952,0.0,0.0
2023-04-25,41.045769244632055,41.69775966426621,40.96674204415725,40.98649978637695,478963,0.0,0.0
2023-04-26,40.986509537297565,41.22359496352993,40.719785606482475,40.956871032714844,210471,0.0,0.0
2023-04-27,40.96674013045302,41.53969955444336,40.88770916526603,41.53969955444336,217005,0.0,0.0
2023-04-28,41.52983039213645,41.97437023405412,41.33225671035031,41.74715805053711,154907,0.0,0.0
2023-05-02,41.964484941268125,42.25096656047109,41.717518807831944,41.91509246826172,458528,0.0,0.0
2023-05-03,41.984250476357914,42.4979405814537,41.25322892761262,41.282867431640625,205968,0.0,0.0
2023-05-04,40.78893257925136,41.33225738675133,40.54196641507823,40.739540100097656,257983,0.0,0.0
2023-05-05,41.78667677239512,42.72514900715817,41.61874157935159,42.280609130859375,338861,0.0,0.0
2023-05-08,42.280611119896015,43.0116327029112,42.09291817147556,42.883209228515625,199834,0.0,0.0
2023-05-09,42.972109157873774,43.06101712066072,42.22133373643181,42.31024169921875,191194,0.0,0.0
2023-05-10,42.369508261221426,42.596716646475244,42.06327267468126,42.34975051879883,192674,0.0,0.0
2023-05-11,42.48806843634023,42.725157674598314,42.27074071704305,42.320133209228516,105104,0.0,0.0
2023-05-12,42.37929892571689,42.59693425398468,41.67693516916508,42.01327896118164,82664,0.059824,0.0
2023-05-15,42.013289143164116,42.19135376877853,41.52855682373047,41.52855682373047,118892,0.0,0.0
2023-05-16,41.64726906169418,42.260604504491496,41.58791669693496,42.15178680419922,1354035,0.0,0.0
2023-05-17,42.092425767005366,42.29027576508577,41.6274826112425,42.240814208984375,233691,0.0,0.0
2023-05-18,42.24080558560719,43.02231084296084,42.24080558560719,42.953060150146484,166666,0.0,0.0
2023-05-19,43.05199595586293,43.56640444320693,43.05199595586293,43.23006057739258,120019,0.0,0.0
2023-05-22,42.824463784840695,42.95306305842329,42.63650461415574,42.78489303588867,98136,0.0,0.0
2023-05-23,42.78489003226277,42.78489003226277,42.12209701538086,42.12209701538086,194496,0.0,0.0
2023-05-24,41.73628930762913,42.201236156662354,41.54833391747753,42.14188003540039,64753,0.0,0.0
2023-05-25,42.40897759895614,43.299300563756525,42.40897759895614,43.032203674316406,114623,0.0,0.0
2023-05-26,43.032203873638984,43.51693610642538,42.81456853152987,43.19048309326172,146501,0.0,0.0
2023-05-29,43.42791126787677,44.2786598609108,43.042102065967555,43.86317825317383,44470,0.0,0.0
2023-05-30,44.19951648238973,44.773277263693345,44.150054931640625,44.150054931640625,175746,0.0,0.0
2023-05-31,44.159949336555584,45.277798588358976,44.159949336555584,44.6150016784668,350942,0.0,0.0
2023-06-01,44.39737046173961,44.75349969711937,44.12037895995826,44.51607894897461,167239,0.0,0.0
2023-06-02,44.5160732914989,44.545749466117464,43.98187950631908,44.38747024536133,119420,0.0,0.0
2023-06-05,44.516070275007735,45.030478651026485,43.40811580479183,43.724674224853516,655211,0.0,0.0
2023-06-06,43.77414194907167,44.16984191683819,43.180595771096456,43.497154235839844,296305,0.0,0.0
2023-06-07,43.546614467544934,43.96209602479037,43.17069988693636,43.22016143798828,228743,0.0,0.0
2023-06-09,43.724674224853516,44.18961728162748,43.63564193335654,43.724674224853516,158426,0.0,0.0
2023-06-12,43.94230731130023,44.36768341064453,43.65542882752374,44.36768341064453,134328,0.0,0.0
2023-06-13,44.12038025072443,44.23909251510719,43.82360713711729,44.16984558105469,148083,0.0,0.0
2023-06-14,44.051131653267014,44.22919626944241,43.58618850985323,43.784034729003906,200015,0.0,0.0
2023-06-15,43.78403167230482,44.298440108268565,43.72467932017309,44.209407806396484,319515,0.0,0.0
2023-06-16,44.466615942444534,44.8623121448712,43.971992859155215,44.288551330566406,95633,0.0,0.0
2023-06-19,44.28854665879774,44.28854665879774,43.33887134474048,43.44768524169922,94800,0.0,0.0
2023-06-20,43.61585981343355,44.159944402639894,43.57628906455599,43.87306213378906,72790,0.0,0.0
2023-06-21,43.73456934874644,43.97199007410466,43.07177627048186,43.36854934692383,75341,0.0,0.0
2023-06-22,43.36855084813454,44.10059465079401,43.160810064801616,44.01156234741211,91504,0.0,0.0
2023-06-23,44.08081069487266,44.328122237379105,43.79392839988326,44.03134536743164,419108,0.0,0.0
2023-06-26,44.02145386345392,44.37758308276643,43.60597229003906,43.60597229003906,171556,0.0,0.0
2023-06-27,43.60597355441632,44.71392822265625,43.60597355441632,44.71392822265625,267372,0.0,0.0
2023-06-28,45.010695353523744,45.51520917948725,45.010695353523744,45.30746841430664,102507,0.0,0.0
2023-06-29,45.39650218476169,45.71306062970443,45.37671681024347,45.534996032714844,112410,0.0,0.0
2023-06-30,45.77241497833852,46.02961728975307,45.65370650950673,45.821876525878906,87713,0.0,0.0
2023-07-03,45.8416651517415,46.039515129613186,45.347042093899525,45.76252365112305,151705,0.0,0.0
2023-07-04,45.76252767115211,46.27693614933713,45.69328073886516,46.1285514831543,25383,0.0,0.0
2023-07-05,45.90101783797031,46.346175537734105,45.653706327579684,45.871337890625,276615,0.0,0.0
2023-07-06,45.87134263960184,46.7418803029308,45.554784175423045,46.66273880004883,186527,0.0,0.0
2023-07-07,46.51435653797486,46.64295959994338,45.7328511383062,45.81199264526367,93276,0.0,0.0
2023-07-10,45.75263099481527,45.802092543858585,45.03048181249478,45.426177978515625,158574,0.0,0.0
2023-07-11,45.88123790221129,46.00983718581079,44.9018825445731,45.01070022583008,114400,0.0,0.0
2023-07-12,45.09973506876718,45.44596973436277,44.85242351514895,45.14919662475586,95289,0.0,0.0
2023-07-13,45.45585994286558,45.45585994286558,45.05026918484339,45.089839935302734,76945,0.0,0.0
2023-07-14,45.050275504382284,45.37672480727926,44.891996254016334,45.02059555053711,179555,0.0,0.0
2023-07-17,45.51520965528338,46.36596187244883,45.51520965528338,46.039512634277344,172748,0.0,0.0
2023-07-18,46.04940470984958,46.247254682477404,45.68338471337644,46.108760833740234,132410,0.0,0.0
2023-07-19,46.108760833740234,47.048545373466624,45.59435241437764,46.108760833740234,254920,0.0,0.0
2023-07-20,46.10876922531084,46.435218531935725,45.70317840576172,45.70317840576172,144800,0.0,0.0
2023-07-21,45.930698731215344,45.96037490793584,45.16897874810135,45.20854949951172,183891,0.0,0.0
2023-07-24,45.41630128134038,45.92081527612829,44.941463470458984,44.941463470458984,277383,0.0,0.0
2023-07-25,45.505325875432,45.66360511883433,45.198658190357236,45.56468200683594,69994,0.0,0.0
2023-07-26,45.49542814872254,45.693274342604646,45.228331258572595,45.366825103759766,64897,0.0,0.0
2023-07-27,45.70316834446665,46.079082900751224,45.22833069247917,45.30746841430664,153042,0.0,0.0
2023-07-28,45.426176396649296,46.059297032849365,45.33714787567612,45.663597106933594,105462,0.0,0.0
2023-07-31,45.95048174404433,46.22746944232444,45.772417145528735,45.85155487060547,73236,0.0,0.0
2023-08-01,46.178006129546475,46.52424073917873,46.098864633816696,46.34617614746094,142948,0.0,0.0
2023-08-02,46.33627904424589,46.33627904424589,45.63391534672002,45.742733001708984,135904,0.0,0.0
2023-08-03,46.04940308582269,46.43520844331983,46.04940308582269,46.34617614746094,274066,0.0,0.0
2023-08-04,44.66446187072841,44.98102031336609,43.823600441361705,43.92252731323242,525596,0.0,0.0
2023-08-07,44.021454399535955,44.397368999351905,42.97285210475447,43.24984359741211,374460,0.0,0.0
2023-08-08,43.67521464605108,43.685105446141016,43.150911673103515,43.596073150634766,194875,0.0,0.0
2023-08-09,43.803817747335216,43.86317387408963,42.93328386365094,43.18059539794922,169575,0.0,0.0
2023-08-10,43.279523403938526,43.33887953741549,42.65629721029282,42.88382339477539,136684,0.0,0.0
2023-08-11,42.98145125186387,43.24890946058923,42.832865877313644,43.12013244628906,119253,0.058556,0.0
2023-08-14,43.31823928345268,44.0611773077536,43.31823928345268,44.02155303955078,114841,0.0,0.0
2023-08-15,44.041368328204456,44.28901435404291,43.7144775390625,43.7144775390625,126487,0.0,0.0
2023-08-16,43.71448163199258,44.01165613506709,43.55598831176758,43.55598831176758,78132,0.0,0.0
2023-08-17,43.555988197870136,43.61542083106232,42.86257850665695,42.93191909790039,76003,0.0,0.0
2023-08-18,42.64464922611978,43.04088441922831,42.496063862788226,42.80314254760742,88323,0.0,0.0
2023-08-21,43.00126035499667,43.506456638847105,42.912107625049074,43.2390022277832,166390,0.0,0.0
2023-08-22,43.258809361029954,43.46683491086648,43.10031604325564,43.248905181884766,122955,0.0,0.0
2023-08-23,43.377688386291,43.863072588167235,43.34796828704805,43.63523864746094,146950,0.0,0.0
2023-08-24,43.62532964551491,43.75410287247846,42.45643997192383,42.45643997192383,230702,0.0,0.0
2023-08-25,42.64463816813112,43.18945858329628,42.545581284929405,43.050777435302734,99135,0.0,0.0
2023-08-28,43.367775348727825,43.75410258463475,43.26871843959538,43.42721176147461,110972,0.0,0.0
2023-08-29,43.42721076689875,44.48713554121255,43.42721076689875,44.27911376953125,300401,0.0,0.0
2023-08-30,44.27912098368905,45.24989318847656,44.27912098368905,45.24989318847656,148171,0.0,0.0
2023-08-31,45.37866076396132,46.3395248091374,45.36875280645617,46.17112731933594,108063,0.0,0.0
2023-09-01,46.34943312103343,46.3593372998357,45.794704638640404,46.230560302734375,274191,0.0,0.0
2023-09-04,46.09188563434758,46.527745138757325,45.82442742358137,46.458404541015625,37156,0.0,0.0
2023-09-05,46.34943418838824,46.87444258890731,46.10178814606359,46.59708023071289,131686,0.0,0.0
2023-09-06,46.66642025348821,46.66642025348821,44.814028937455554,45.101295471191406,288285,0.0,0.0
2023-09-08,43.972026467611556,44.546567044702606,43.59560346119944,43.912593841552734,364388,0.0,0.0
2023-09-11,44.47722303106392,44.47722303106392,43.33804992161315,43.7838134765625,78280,0.0,0.0
2023-09-12,44.090897184675796,44.269202627227926,42.85266704405183,43.179561614990234,330646,0.0,0.0
2023-09-13,43.30833946941559,43.417304328563226,42.426720196353564,42.515869140625,313574,0.0,0.0
2023-09-14,42.31775777604582,42.54559168613105,42.00077113777257,42.496063232421875,419904,0.0,0.0
2023-09-15,42.57530431636253,42.8130461638728,41.931426916333656,42.11963653564453,390784,0.0,0.0
2023-09-18,42.12953255483277,43.0408717185491,42.12953255483277,42.81303787231445,287103,0.0,0.0
2023-09-19,42.803141927151316,43.30834197998047,42.60502433346888,43.30834197998047,157829,0.0,0.0
2023-09-20,43.11022767877146,43.14985195628995,42.377193659795815,42.40691375732422,166511,0.0,0.0
2023-09-21,42.39700355878603,42.941824120156376,42.36728724160658,42.45643997192383,242401,0.0,0.0
2023-09-22,42.644651078317075,43.199379617006926,42.45644143174433,42.69417953491211,136606,0.0,0.0
2023-09-25,42.99134876860599,43.526261277352766,42.73379480256289,43.26871109008789,61534,0.0,0.0
2023-09-26,43.12012940341882,43.12012940341882,42.416815522019625,42.42672348022461,145688,0.0,0.0
2023-09-27,42.971541773144715,42.971541773144715,42.38709696957538,42.47624969482422,453617,0.0,0.0
2023-09-28,42.51587278092457,42.912107979246365,42.06020494799973,42.48615646362305,79662,0.0,0.0
2023-09-29,42.69417480032917,43.00125724321083,42.29794341273006,42.545589447021484,115086,0.0,0.0
2023-10-02,42.832862094483986,43.684761324827974,42.832862094483986,43.526268005371094,148493,0.0,0.0
2023-10-03,43.496546565249155,43.962122289527876,43.1003114238913,43.912593841552734,172559,0.0,0.0
2023-10-04,43.902689157428945,44.38807705283677,43.585702532224154,44.229583740234375,131560,0.0,0.0
2023-10-05,44.22958605361249,44.90318361209909,44.18996177869473,44.80412292480469,304124,0.0,0.0
2023-10-06,44.744681657369675,45.71545739362583,44.705061165529806,45.43809127807617,245519,0.0,0.0
2023-10-09,45.21025721284105,45.54705595421856,44.99232750407372,45.40837478637695,135639,0.0,0.0
2023-10-10,45.15082488464144,45.17063324122551,44.61590856618905,44.65553283691406,112006,0.0,0.0
2023-10-11,44.516850762236004,44.9130859375,44.37816958452721,44.9130859375,77667,0.0,0.0
2023-10-13,45.210253150057376,45.556959817283285,44.84373812815851,44.97251510620117,158234,0.0,0.0
2023-10-16,44.72487346973853,44.78430609711199,44.26920191346416,44.46731948852539,100569,0.0,0.0
2023-10-17,44.477235101259296,44.50695142006095,43.79372953858843,44.061187744140625,137634,0.0,0.0
2023-10-18,43.83334530176982,44.56637917964834,43.783816853794676,43.912593841552734,344604,0.0,0.0
2023-10-19,43.972033897481346,44.40789338237699,43.84325688796409,43.88288116455078,74238,0.0,0.0
2023-10-20,43.882881876705326,43.981942569779676,42.9715461730957,42.9715461730957,189454,0.0,0.0
2023-10-23,42.58521318528746,43.15975001267251,42.39699978316835,42.86257553100586,325848,0.0,0.0
2023-10-24,43.04088339996807,43.149848264431434,42.52577917263682,42.84276580810547,223873,0.0,0.0
2023-10-25,42.83286207475002,42.83286207475002,42.24841725100101,42.3078498840332,69925,0.0,0.0
2023-10-26,42.14935729761147,42.496064037703206,41.079528317861175,41.20830154418945,138466,0.0,0.0
2023-10-27,41.0795312843973,41.76303307696374,40.76254461722627,41.68378829956055,126986,0.0,0.0
2023-10-30,41.743215547634335,42.73379969932487,41.5748180556607,42.446529388427734,175824,0.0,0.0
2023-10-31,42.38709473939533,42.634740765525784,42.02057590000176,42.52577590942383,39579,0.0,0.0
2023-11-01,42.45643979657696,42.8823913086914,42.29794647430965,42.832862854003906,133957,0.0,0.0
2023-11-03,42.28804035206622,42.951733765785725,42.09983070457094,42.723899841308594,363262,0.0,0.0
2023-11-06,42.74370891234751,43.47673909001167,42.71398881735442,43.248905181884766,204771,0.0,0.0
2023-11-07,43.248908856593985,44.01165919405947,43.00126279035632,43.843257904052734,217071,0.0,0.0
2023-11-08,43.85317053243871,44.467331784047744,43.85317053243871,44.39799118041992,74648,0.0,0.0
2023-11-09,44.39797986127234,44.74468279102044,44.21967441775088,44.615909576416016,132267,0.0,0.0
2023-11-10,44.656587821017034,45.45969009399414,44.63675762162918,45.45969009399414,103865,0.041029,0.0
2023-11-13,45.41012469158378,45.52910212718458,44.83506393432617,44.83506393432617,333594,0.0,0.0
2023-11-14,44.83506627176606,45.32089303209513,44.82514927865136,45.043277740478516,218029,0.0,0.0
2023-11-16,45.38036869742658,45.89594248506336,45.25147430496153,45.7373046875,93810,0.0,0.0
2023-11-17,45.73731567588468,46.252889587388026,45.72739868365373,45.98518753051758,154089,0.0,0.0
2023-11-20,45.98518709575184,46.26280236000419,45.82654926157559,46.044673919677734,181735,0.0,0.0
2023-11-21,46.22314076276094,46.31237477857073,45.96535570721279,46.034759521484375,110524,0.0,0.0
2023-11-22,46.30245767309153,46.76845413224618,46.23305386465948,46.59990310668945,68547,0.0,0.0
2023-11-23,46.6792243677342,46.6792243677342,46.16365051269531,46.16365051269531,26423,0.0,0.0
2023-11-24,46.203310778771524,46.33220519826461,45.85629170577964,46.0050163269043,127165,0.0,0.0
2023-11-27,46.02484331602701,46.2826321582042,45.75714504624772,46.104164123535156,138929,0.0,0.0
2023-11-28,46.0644953134145,46.2033029189983,45.776963112005994,45.846370697021484,105879,0.0,0.0
2023-11-29,45.93561071909771,46.58007522695643,45.78688610377888,45.89595031738281,77848,0.0,0.0
2023-11-30,46.401605532026025,46.55033014199403,45.92569207524191,46.13390350341797,55681,0.0,0.0
2023-12-01,46.133902527870006,46.54041216666604,46.034755311470526,46.09424591064453,92126,0.0,0.0
2023-12-04,46.12399187468024,46.44126752340628,45.767055824307434,46.27271270751953,52822,0.0,0.0
2023-12-05,46.589994218770094,47.75994586179708,46.589994218770094,47.07582092285156,145996,0.0,0.0
2023-12-06,47.11547575384501,47.22453995923225,46.589988708496094,46.589988708496094,30242,0.0,0.0
2023-12-07,46.58999122690995,47.422840734076644,46.52058363427406,47.14522171020508,45598,0.0,0.0
2023-12-08,47.14523114904933,47.93842041414792,47.14523114904933,47.78969955444336,91025,0.0,0.0
2023-12-11,47.78969078785238,47.88883800946775,46.8973506644178,47.21462631225586,264570,0.0,0.0
2023-12-12,47.34351686283847,47.86900390252278,47.05598464850324,47.77976989746094,52478,0.0,0.0
2023-12-13,47.97806909177664,48.56304674092032,47.92849548399643,48.0078125,176421,0.0,0.0
2023-12-14,48.00781129736461,48.47381151971732,47.74011306561277,48.374664306640625,120250,0.0,0.0
2023-12-15,48.37466991449744,48.58288135542976,48.126798070847286,48.483734130859375,78856,0.0,0.0
2023-12-18,48.136718675978756,48.156548880384314,47.53191067939584,47.78969955444336,135589,0.0,0.0
2023-12-19,47.42284192189243,47.53190235368279,47.19479650228543,47.34352111816406,49148,0.0,0.0
2023-12-20,47.34352089550672,47.93841179177529,47.28403029299023,47.561649322509766,104502,0.0,0.0
2023-12-21,47.49224720389291,47.551734026306164,46.89735250419091,46.94692611694336,80583,0.0,0.0
2023-12-22,46.94692214884971,47.095646756760615,46.49083889851797,46.59990310668945,65079,0.0,0.0
2023-12-26,46.599901314901835,46.65939191222354,46.114070892333984,46.114070892333984,71234,0.0,0.0
2023-12-27,46.114070892333984,46.361942707838786,45.776965071958514,46.114070892333984,39525,0.0,0.0
2023-12-28,46.41153335571289,46.89736013484953,46.3917031509405,46.41153335571289,224272,0.0,0.0
2024-01-02,45.61832833570322,45.77696615007349,44.825139263851845,45.400203704833984,183240,0.0,0.0
2024-01-03,45.132507613929285,45.31097565132294,44.66650731826536,44.72599792480469,120009,0.0,0.0
2024-01-04,44.478125185110564,44.686336630515186,44.08152871386193,44.12118911743164,246543,0.0,0.0
2024-01-05,44.121185733773615,44.25008014437814,43.58578167331542,43.873313903808594,139128,0.0,0.0
2024-01-08,43.873318911559984,44.79540252685547,43.873318911559984,44.79540252685547,299849,0.0,0.0
2024-01-09,44.79540330995883,45.06310537542365,44.259999179029165,44.86480712890625,157523,0.0,0.0
2024-01-10,44.864805670288305,45.162251139281814,44.57727341129737,45.07301712036133,209623,0.0,0.0
2024-01-11,45.07301640095774,45.25148443595021,44.41863486672678,44.62684631347656,123973,0.0,0.0
2024-01-12,44.805303458369984,44.805303458369984,44.438454267704785,44.537601470947266,60448,0.0,0.0
2024-01-15,44.61693526631561,44.87472033923111,44.458297425546576,44.86480712890625,60747,0.0,0.0
2024-01-16,44.56735790361349,44.92429396089351,43.98238020578771,44.676422119140625,265118,0.0,0.0
2024-01-17,44.5673544924745,44.67641869965397,44.1707580631353,44.61692810058594,540363,0.0,0.0
2024-01-18,45.479523450325004,46.2528861512387,45.479523450325004,45.92569351196289,251062,0.0,0.0
2024-01-19,46.25288343283769,46.88743469110668,45.925690812791835,46.87751770019531,93823,0.0,0.0
2024-01-22,47.07581484765296,48.08713231094588,46.976667634128134,47.77976989746094,242232,0.0,0.0
2024-01-23,47.7797825611282,48.20612250028584,47.75003914563224,47.78969955444336,143304,0.0,0.0
2024-01-24,47.690541812753736,47.898757038561925,47.293949127197266,47.293949127197266,119975,0.0,0.0
2024-01-25,47.502157137713596,47.90866678580872,47.13530788997507,47.23445510864258,101346,0.0,0.0
2024-01-26,47.40300589744579,47.42283609594171,46.6891338804869,46.69904708862305,105883,0.0,0.0
2024-01-29,46.70897387624752,47.046079756939406,46.30246417737416,46.937015533447266,101664,0.0,0.0
2024-01-30,46.748627369105776,47.11547660842456,45.905860900878906,45.905860900878906,228001,0.0,0.0
2024-01-31,45.91577994711754,47.88883763009084,45.23165126382936,45.60841751098633,197906,0.0,0.0
2024-02-01,45.60841987327709,45.81663131713867,44.99369875139919,45.81663131713867,328780,0.0,0.0
2024-02-02,44.12119089971197,46.09425256142839,43.982383263835075,45.866207122802734,287047,0.0,0.0
2024-02-05,46.332201110093585,46.81803155163869,46.02483868526107,46.22313690185547,191768,0.0,0.0
2024-02-06,46.30245590209961,46.500754110988275,46.024836896765976,46.30245590209961,88491,0.0,0.0
2024-02-07,46.599914627713346,46.99651115871148,46.381786157441894,46.41153335571289,130876,0.0,0.0
2024-02-08,46.76063939730793,46.79041317724312,46.31407055432592,46.6911735534668,166946,0.041795,0.0
2024-02-09,46.681244392381096,46.84002398069788,46.43315104903588,46.50261688232422,96609,0.0,0.0
2024-02-14,45.103369438041724,45.5499382019043,45.02397775308665,45.5499382019043,217062,0.0,0.0
2024-02-15,45.15299486972655,45.55986785888672,44.72627395602143,45.55986785888672,181562,0.0,0.0
2024-02-16,45.4507040987362,45.639257480532,44.7858156919524,44.95451736450195,182545,0.0,0.0
2024-02-19,44.74611515530616,45.64917476554828,44.60718348997721,45.28199768066406,121406,0.0,0.0
2024-02-20,44.86520189662713,44.86520189662713,44.110999754906764,44.22016143798828,117306,0.0,0.0
2024-02-21,44.3392442466658,44.77588718410077,44.289626333303396,44.54764175415039,142197,0.0,0.0
2024-02-22,44.835424768380086,45.49039097701019,44.79572892892284,45.4109992980957,160429,0.0,0.0
2024-02-23,45.4110037001185,45.82780248361573,45.11329244653704,45.202606201171875,64878,0.0,0.0
2024-02-26,45.143063429476335,45.26214716642215,44.70641675133543,44.82550048828125,83611,0.0,0.0
2024-02-27,44.805664852024606,45.033910301798365,44.08122886871967,44.52779769897461,215219,0.0,0.0
2024-02-28,44.71634312916469,45.01405436782521,44.34916227539973,44.6369514465332,116537,0.0,0.0
2024-02-29,44.696503616024685,45.15299452021141,44.32932269319212,44.378944396972656,209768,0.0,0.0
2024-03-01,44.37893711532549,44.45832501426037,43.57511334458803,44.24992752075195,254992,0.0,0.0
2024-03-04,43.505646726386594,43.61480839785067,42.67205298182904,43.14839172363281,640164,0.0,0.0
2024-03-05,42.165951087354074,42.29495691490363,41.639990565543755,42.05678939819336,351883,0.0,0.0
2024-03-06,41.97739526255349,42.086556945369885,41.411742711236,41.57052230834961,265021,0.0,0.0
2024-03-07,41.42166510014438,41.80869009913024,41.32242549424808,41.45143508911133,298674,0.0,0.0
2024-03-08,41.67968152002939,42.910226163905534,41.669759451999894,42.453731536865234,298351,0.0,0.0
2024-03-11,42.55296693242394,43.0690014877616,42.463653186584665,42.60258483886719,228240,0.0,0.0
2024-03-12,42.77129328120697,42.97969457838321,42.374346180918,42.90030288696289,386997,0.0,0.0
2024-03-13,42.85068263782537,42.90030054945744,42.20563842979648,42.37434387207031,195592,0.0,0.0
2024-03-14,42.3743384987248,43.069000530298034,42.3743384987248,42.9598388671875,142352,0.0,0.0
2024-03-15,42.989612915995835,43.04915667939335,42.126249167553226,42.87052917480469,154522,0.0,0.0
2024-03-18,43.148395130261434,44.2201602231402,43.148395130261434,43.2972526550293,404154,0.0,0.0
2024-03-19,43.39648714618871,44.061379274600085,43.2774034014001,43.773590087890625,168507,0.0,0.0
2024-03-20,43.83313373881697,44.0514571105522,43.56519623700195,43.823211669921875,198614,0.0,0.0
2024-03-21,43.8827515465493,43.89267361456405,42.19571606374408,42.48350524902344,453724,0.0,0.0
2024-03-22,42.523196193549985,42.94991703348932,42.116323274724564,42.88045120239258,392429,0.0,0.0
2024-03-25,42.4735794585282,42.49342738019117,41.87815695105509,42.453731536865234,100685,0.0,0.0
2024-03-26,42.205642957876684,42.423966335205655,41.96747544224908,42.116329193115234,256497,0.0,0.0
2024-03-27,42.24533706352763,42.91022923724438,42.15602330244939,42.73160171508789,288757,0.0,0.0
2024-03-28,42.801071276868775,42.81099334647215,42.20564488934234,42.761375427246094,224359,0.0,0.0
2024-04-01,42.8506854679908,42.87053339107533,42.523200415502494,42.73160171508789,59287,0.0,0.0
2024-04-02,42.473583316371055,42.473583316371055,42.17587203559361,42.44381332397461,113520,0.0,0.0
2024-04-03,42.45373533932515,42.98961791541081,42.364421576644204,42.463661193847656,134239,0.0,0.0
2024-04-04,42.64228862397917,42.771294447649076,42.27510771955289,42.493431091308594,183175,0.0,0.0
2024-04-05,42.513282045511225,42.87053712090617,42.29495865819108,42.761375427246094,100690,0.0,0.0
2024-04-08,42.66213366658497,42.66213366658497,42.02701151760131,42.15602111816406,158839,0.0,0.0
2024-04-09,42.03693717512454,42.25526053111826,41.85830966305769,42.225486755371094,314778,0.0,0.0
2024-04-10,42.175865173339844,42.50335017883438,41.997237676816226,42.175865173339844,56486,0.0,0.0
2024-04-11,42.37435011667114,44.33924923457446,42.344576336821014,44.14077377319336,303690,0.0,0.0
2024-04-12,44.180464640893256,45.351465566837106,44.180464640893256,44.55756759643555,412244,0.0,0.0
2024-04-15,44.885052763178564,45.36139158691568,44.37894394595927,44.52779769897461,253034,0.0,0.0
2024-04-16,44.656800285012984,45.34153652656579,43.991911964525976,44.309471130371094,155298,0.0,0.0
2024-04-17,44.329320316972954,44.329320316972954,43.60488815074253,43.87282943725586,99899,0.0,0.0
2024-04-18,43.7636721814091,43.87283387795667,43.41634295203469,43.66443634033203,79667,0.0,0.0
2024-04-19,43.4163382306212,43.46595614576391,42.39419479338508,42.66213607788086,114350,0.0,0.0
2024-04-22,42.87052981131736,42.979691486364956,42.43388311112699,42.64228439331055,190341,0.0,0.0
2024-04-23,42.592667424430054,42.70182911159384,42.26518614854307,42.324729919433594,100040,0.0,0.0
2024-04-24,42.58274349430762,43.277405648585585,42.47358181191483,42.96976852416992,62480,0.0,0.0
2024-04-25,43.14839816367748,43.73389866433327,43.08885439246347,43.5651969909668,99446,0.0,0.0
2024-04-26,43.55526884745612,43.565194701605705,42.95984630902311,43.019386291503906,71581,0.0,0.0
2024-04-29,43.95222035660662,44.61710874114678,43.773592835409865,44.15069580078125,444113,0.0,0.0
2024-04-30,44.24000584204598,44.93466415984973,44.03160456110094,44.11099624633789,225958,0.0,0.0
2024-05-02,43.87283178900539,44.378944396972656,43.34687504225131,44.378944396972656,477907,0.0,0.0
2024-05-03,46.383538269740335,46.91941707360097,45.976665293058595,46.0461311340332,710014,0.0,0.0
2024-05-06,46.016350526208576,46.39345345382371,45.34153635494101,45.748409271240234,294766,0.0,0.0
2024-05-07,46.04612743596224,46.44307452599392,45.569784870957655,45.99650573730469,199098,0.0,0.0
2024-05-08,46.244595344233375,46.33390909474042,45.76825660339708,45.966732025146484,70002,0.0,0.0
2024-05-09,46.44307185095035,47.27666561328861,46.44307185095035,46.9591064453125,109609,0.0,0.0
2024-05-10,47.08303898315195,47.381032133336255,46.61618064804383,46.63604736328125,90631,0.044757,0.0
2024-05-13,47.14263471942157,47.847886049722774,47.00357150377778,47.75849151611328,220172,0.0,0.0
2024-05-14,47.60949082034534,47.97701555723133,47.400896006641524,47.897552490234375,106814,0.0,0.0
2024-05-15,47.917422799910966,48.61273889776551,47.86775411647403,48.215415954589844,91781,0.0,0.0
2024-05-16,48.22534495008305,48.69220326834367,48.22534495008305,48.33460998535156,108445,0.0,0.0
2024-05-17,48.43394133018975,48.52333965381982,48.02668314236132,48.135948181152344,54971,0.0,0.0
2024-05-20,48.17568808374256,48.62267976194498,48.03662484812158,48.543212890625,139837,0.0,0.0
2024-05-21,48.42400324179507,48.95045785937085,48.29487150551099,48.89086151123047,354095,0.0,0.0
2024-05-22,49.04979297578401,49.41731769465096,48.70213118080125,48.861061096191406,92629,0.0,0.0
2024-05-23,48.821335900429865,48.831267363275416,47.788289461825364,47.90748596191406,159081,0.0,0.0
2024-05-24,47.977011853754,48.90079314506254,47.977011853754,48.573001861572266,103271,0.0,0.0
2024-05-27,48.67233083705709,49.18885398635698,48.53326764093556,49.16898727416992,30743,0.0,0.0
2024-05-28,49.16899625226,49.327926189588645,48.47367635550143,48.7816047668457,195948,0.0,0.0
2024-05-29,48.87100241594506,49.67558355474787,48.82133752169119,49.059730529785156,111524,0.0,0.0
2024-05-31,49.6656461077103,50.04310607910156,49.36765298890165,50.04310607910156,178863,0.0,0.0
2024-06-03,50.14243924419662,50.81789238004269,50.03317420910559,50.50996398925781,869057,0.0,0.0
2024-06-04,50.64903124355001,51.32448059358004,50.42056592038901,50.867557525634766,91666,0.0,0.0
2024-06-05,51.23508008851179,51.75159945081287,51.09601310261298,51.513206481933594,131726,0.0,0.0
2024-06-06,51.562871882955115,51.592670057065625,50.559627532958984,50.559627532958984,183685,0.0,0.0
2024-06-07,50.559629987508146,52.27806091308594,50.559629987508146,52.27806091308594,762480,0.0,0.0
2024-06-10,52.74491232924834,52.8641126028759,51.195346663969275,51.513206481933594,382678,0.0,0.0
2024-06-11,51.42381255609946,55.24806594848633,51.28474934753096,55.24806594848633,649071,0.0,0.0
2024-06-12,54.87060607042525,58.99285231742671,54.70174090764088,57.254554748535156,644541,0.0,0.0
2024-06-13,57.502888131457,58.19820797923091,56.61884018052248,57.03602981567383,322849,0.0,0.0
2024-06-14,56.96650067850788,57.413492299246755,56.38044584002546,56.91683578491211,205297,0.0,0.0
2024-06-17,57.29429650605702,59.00279614905897,57.17510000211389,58.4962043762207,243876,0.0,0.0
2024-06-18,58.65512795630925,58.843859838725606,57.244625409766655,57.939945220947266,260758,0.0,0.0
2024-06-19,57.92008544450235,59.13192479167646,57.92008544450235,58.386940002441406,98275,0.0,0.0
2024-06-20,57.60221126301235,57.691609567082345,56.55922978579988,56.966487884521484,766853,0.0,0.0
2024-06-21,57.065834702861096,57.38369457139542,56.519513290642,56.61884307861328,236722,0.0,0.0
2024-06-24,55.943383571425194,57.115493124772975,55.32753061957422,55.724853515625,253464,0.0,0.0
2024-06-25,56.3208474710505,57.055896964057006,56.231449150096914,56.738037109375,133908,0.0,0.0
2024-06-26,57.423425416119656,58.87366147464279,57.423425416119656,58.57566833496094,360027,0.0,0.0
2024-06-27,58.62533500870459,59.1418582348081,58.25781025156518,58.56573486328125,273454,0.0,0.0
2024-06-28,59.20144580106874,59.777569087055305,58.80412292480469,58.80412292480469,241681,0.0,0.0
2024-07-01,59.002791418829624,60.92981719970703,58.595533256250796,60.92981719970703,233506,0.0,0.0
2024-07-02,60.6814888410295,62.270788060386764,60.49276074285214,62.09199142456055,283277,0.0,0.0
2024-07-03,61.86353571521785,61.86353571521785,60.721227978022554,61.08875274658203,282901,0.0,0.0
2024-07-04,60.79075272400897,62.23105724575099,60.77088601049392,61.4860725402832,85134,0.0,0.0
2024-07-05,60.572222438030145,61.74433200671824,60.32389420380281,61.46620559692383,246867,0.0,0.0
2024-07-08,61.714533414550075,62.0820581377529,60.90001711491781,61.764198303222656,334648,0.0,0.0
2024-07-09,61.972796912202675,62.03239705578008,61.18807873978107,61.426475524902344,147928,0.0,0.0
2024-07-10,61.38673733495638,62.678043365478516,61.20794070727922,62.678043365478516,163218,0.0,0.0
2024-07-11,62.260856521404044,62.52905147481328,60.90995029201897,61.247676849365234,226695,0.0,0.0
2024-07-12,61.446337639065646,62.9561737272931,61.446337639065646,62.191322326660156,305498,0.0,0.0
2024-07-15,63.770687279773355,64.28721424892551,63.00583965569871,63.283966064453125,205878,0.0,0.0
2024-07-16,63.53229588492272,63.53229588492272,62.73764627635226,63.423030853271484,121827,0.0,0.0
2024-07-17,62.35025294407481,62.90650954785193,60.98941529371341,62.41978454589844,399233,0.0,0.0
2024-07-18,62.67804376599262,63.62169558746498,61.23774306266133,62.21118927001953,272803,0.0,0.0
2024-07-19,62.22112523238226,62.608516693115234,61.754266913453634,62.608516693115234,120089,0.0,0.0
2024-07-22,62.81710957864094,62.97603949136538,61.38673657493295,61.9429931640625,114377,0.0,0.0
2024-07-23,62.26085932310986,62.82704743161145,61.77413428446001,62.33039093017578,74087,0.0,0.0
2024-07-24,62.459513882928434,62.98596848774895,60.760946007510405,61.06887435913086,323336,0.0,0.0
2024-07-25,61.23775256484174,61.784073998034685,60.22457277404584,60.87022399902344,274614,0.0,0.0
2024-07-26,61.555611093933656,61.664876136010726,60.43316628330821,61.08875274658203,99899,0.0,0.0
2024-07-29,60.84041461154776,61.486069506774065,60.39342305248246,60.890079498291016,87089,0.0,0.0
2024-07-30,61.565530790603155,61.86352389164896,60.58215317823321,61.06887435913086,116517,0.0,0.0
2024-07-31,62.181380869933434,62.747568872865465,61.98272133775129,62.47937774658203,314390,0.0,0.0
2024-08-01,63.134976932817686,63.26410489723781,61.58540725708008,61.58540725708008,202839,0.0,0.0
2024-08-02,61.56553676862124,64.05875062946075,60.97948197101046,62.09199142456055,409066,0.0,0.0
2024-08-05,57.11549689893772,61.18807864040403,56.23144894451126,59.906707763671875,1056294,0.0,0.0
2024-08-06,58.049208273556005,58.87365985279177,56.73803546372535,58.098876953125,493634,0.0,0.0
2024-08-07,58.049211431074596,59.48951606558947,57.413491705569996,58.7147331237793,462487,0.0,0.0
2024-08-08,59.310716264607436,59.737841142936354,58.40680161750889,58.94319152832031,167715,0.0,0.0
2024-08-09,57.95682378926905,59.447994232177734,57.65859045913582,59.447994232177734,155083,0.047798,0.0
2024-08-12,59.23923655680596,59.99476131325498,58.85153281387536,59.249176025390625,164524,0.0,0.0
2024-08-13,59.547413600521466,60.49181860478128,59.547413600521466,59.80588150024414,157320,0.0,0.0
2024-08-14,59.94505933435724,60.47194220908894,59.54741610328313,60.283058166503906,121776,0.0,0.0
2024-08-15,60.73040634025511,61.475991618392676,60.54152610166768,61.06840515136719,98052,0.0,0.0
2024-08-16,60.64093516976884,61.73445871331018,60.35264128915134,61.45610809326172,138100,0.0,0.0
2024-08-19,61.456103622847046,61.456103622847046,59.974876454201365,60.690635681152344,232490,0.0,0.0
2024-08-20,61.04851866431177,61.92333973197069,60.9789310126819,61.78416442871094,203668,0.0,0.0
2024-08-21,61.78416882154433,62.002871259826776,61.33681689194384,61.8338737487793,185799,0.0,0.0
2024-08-22,62.53969744075128,63.03675432830843,61.9134047006012,62.61922836303711,258099,0.0,0.0
2024-08-23,62.67886769174372,62.92739611541617,61.28711079452366,61.734458923339844,183324,0.0,0.0
2024-08-26,61.943226864041954,62.15198983377456,61.13799339076108,61.8338737487793,113711,0.0,0.0
2024-08-27,61.8040459181952,62.7782806657549,61.40640271991388,62.2613410949707,118010,0.0,0.0
2024-08-28,62.87768525267183,63.25544948281616,62.16192224655467,62.529747009277344,115455,0.0,0.0
2024-08-29,64.03086743129107,65.46238601019638,64.03086743129107,64.07062530517578,332989,0.0,0.0
2024-08-30,65.01503940381731,65.30333329541138,63.742575044013066,63.87180709838867,341217,0.0,0.0
2024-09-02,64.77645423247549,64.81621210729425,63.87180709838867,63.87180709838867,58866,0.0,0.0
2024-09-03,63.47416158891776,63.7525122261381,62.07246134939058,62.171875,181379,0.0,0.0
2024-09-04,61.95316520208608,62.20169362596873,60.83975892491982,61.804046630859375,230328,0.0,0.0
2024-09-05,61.774229020340385,62.92740084109088,61.34675979614258,61.34675979614258,116233,0.0,0.0
2024-09-06,61.63505307285044,62.22158034249148,61.008760342701486,61.22746658325195,130984,0.0,0.0
2024-09-09,61.843813898582496,61.843813898582496,60.21346799696165,61.30699157714844,142568,0.0,0.0
2024-09-10,61.237400616675984,62.28122300501968,60.342700588122,61.93328094482422,174127,0.0,0.0
2024-09-11,61.73446500507886,62.649051666259766,61.26723410127074,62.649051666259766,168595,0.0,0.0
2024-09-12,62.559581621508165,62.77828787062091,61.83387900392148,62.3508186340332,87097,0.0,0.0
2024-09-13,62.519813857598045,62.519813857598045,61.34675931558064,61.43622970581055,87068,0.0,0.0
2024-09-16,60.193583049165966,60.193583049165966,58.6725903200635,59.100059509277344,389957,0.0,0.0
2024-09-17,59.64682122593112,59.736291609459734,58.573176623587834,59.03047180175781,194601,0.0,0.0
2024-09-18,59.11000590676702,60.28306049948298,59.040418243829905,59.696533203125,180982,0.0,0.0
2024-09-19,60.83976473928018,61.93328839197303,60.54153136056787,61.654937744140625,199378,0.0,0.0
2024-09-20,62.13210918724443,63.92151696563147,61.913402949387574,63.18587112426758,219873,0.0,0.0
2024-09-23,62.798163400624276,63.126222756485795,62.12216954343411,62.19175720214844,205905,0.0,0.0
2024-09-24,62.191760634675795,62.191760634675795,61.237408505469155,61.63505554199219,137301,0.0,0.0
2024-09-25,61.27716616844005,61.82392792988702,60.959050096607534,61.35669708251953,118510,0.0,0.0
2024-09-26,61.56547010276118,61.81399856150243,60.89941186136811,61.694705963134766,271088,0.0,0.0
2024-09-27,61.73445860758027,62.082400674287726,61.316932678222656,61.316932678222656,144020,0.0,0.0
2024-09-30,62.03269483481897,62.97709979224315,61.992929377682046,62.92739486694336,235187,0.0,0.0
2024-10-01,62.25140583743053,62.25140583743053,60.819883313546235,61.177764892578125,269125,0.0,0.0
2024-10-02,60.70058884950429,61.60523223876953,60.18364922817514,61.60523223876953,182455,0.0,0.0
2024-10-03,61.38652133684043,61.823930002211306,60.71052371347637,61.20758056640625,137253,0.0,0.0
2024-10-04,62.18180831400123,62.30110089068159,60.899400789898806,61.32686996459961,213008,0.0,0.0
2024-10-07,60.839761642920394,61.45611109985662,60.34270477294922,60.34270477294922,116814,0.0,0.0
2024-10-08,61.873638257097866,62.10228395266108,61.6151665718575,62.012813568115234,115571,0.0,0.0
2024-10-09,62.28122449191635,63.81216049194336,62.28122449191635,63.81216049194336,135042,0.0,0.0
2024-10-10,63.31509860346229,63.64315414428711,62.94727760549424,63.64315414428711,54147,0.0,0.0
2024-10-11,63.64316347103115,64.13028470405797,63.563636337332916,63.722694396972656,124978,0.0,0.0
2024-10-14,64.12032115442827,64.41855824010298,63.672973110400335,64.26943969726562,91801,0.0,0.0
2024-10-15,65.33316158920503,66.59568280585205,65.01504546957446,65.50215911865234,259373,0.0,0.0
2024-10-16,65.86002824578733,65.92961589678083,64.6273294634088,65.034912109375,159983,0.0,0.0
2024-10-17,65.91967402768867,66.06879259281689,64.99514802527604,65.34309387207031,94853,0.0,0.0
2024-10-18,66.21792394757425,66.65533646723812,65.78051142791037,66.3670425415039,143898,0.0,0.0
2024-10-21,66.60562038118127,67.14244270931715,66.26762535114344,66.78456115722656,286659,0.0,0.0
2024-10-22,66.4763775993941,66.95354786886314,65.66120476994017,66.90384674072266,212432,0.0,0.0
2024-10-23,66.6056358219309,67.00328292582505,64.66711661911754,65.07469940185547,264044,0.0,0.0
2024-10-24,65.54191774960327,65.55186101044208,64.88579905498506,65.11444854736328,87866,0.0,0.0
2024-10-25,64.86591646778811,66.0489141530099,64.86591646778811,65.9693832397461,160341,0.0,0.0
2024-10-28,65.9594360151539,66.60561137373638,65.79043852298945,66.40679168701172,124160,0.0,0.0
2024-10-29,66.18810106916105,67.20209384544233,65.88986388435008,67.03309631347656,169365,0.0,0.0
2024-10-30,66.88397488808653,67.12256007513761,65.95944875571641,66.06880187988281,177297,0.0,0.0
2024-10-31,65.80038325425716,66.11849931082202,65.15420788122336,65.63137817382812,199661,0.0,0.0
2024-11-01,63.76246506911457,65.2934013883713,63.62328972959006,65.16416931152344,338570,0.0,0.0
2024-11-04,63.92151761828059,64.15015953511197,63.195811238390164,64.09051513671875,182794,0.0,0.0
2024-11-05,63.772393271289666,64.51797852173074,63.60339197589016,63.66304016113281,145817,0.0,0.0
2024-11-06,64.81621059691585,64.85597605529384,62.87769190402478,63.35486602783203,425229,0.0,0.0
2024-11-07,63.31510927105432,64.6869874356936,62.62917208485636,64.17005157470703,187215,0.0,0.0
2024-11-08,65.03598967941855,65.54337833001603,64.29976530135474,64.8967056274414,177526,0.050397,0.0
2024-11-11,65.6627748559086,65.98113952129044,63.623250032304185,64.21023559570312,339666,0.0,0.0
2024-11-12,64.32961732975714,64.83700597199223,64.04109820101348,64.3097152709961,154268,0.0,0.0
2024-11-13,63.98141138938275,65.5334458706671,63.74263977319009,65.14543914794922,265261,0.0,0.0
2024-11-14,65.14543527484203,65.86175008083278,64.57834797609164,65.851806640625,177748,0.0,0.0
2024-11-18,65.16533269628958,65.65282695297681,64.43905923638141,65.21508026123047,219175,0.0,0.0
2024-11-19,65.30461907374094,66.06073806312635,64.61814212348227,65.20513153076172,122380,0.0,0.0
2024-11-21,66.21990639111345,66.55817309351845,65.19517043483646,65.97118377685547,186596,0.0,0.0
2024-11-22,66.1204253828702,66.70741475740948,65.98114131238547,66.46863555908203,77474,0.0,0.0
2024-11-25,66.6477114977315,67.2645463312843,66.16021728515625,66.16021728515625,133771,0.0,0.0
2024-11-26,67.05561070503646,68.1400375366211,67.0257652091816,68.1400375366211,136112,0.0,0.0
2024-11-27,68.14998796628981,69.30406439860523,67.48341326335463,69.19462585449219,351546,0.0,0.0
2024-11-28,69.55280441767964,70.26911926269531,69.005611559946,70.26911926269531,88962,0.0,0.0
2024-11-29,70.59743292075903,71.29386086398804,69.76172849737928,70.8362045288086,187499,0.0,0.0
2024-12-02,71.1346787197122,72.75634768385066,70.96554913746235,72.42803955078125,441308,0.0,0.0
2024-12-03,72.47777517116182,73.33338165283203,72.21910150241182,73.33338165283203,217449,0.0,0.0
2024-12-04,73.58210383146506,73.60200589300528,72.38823821307655,73.20404815673828,236825,0.0,0.0
2024-12-05,72.71655065758776,72.7762492553534,71.94053720035087,72.29869842529297,115669,0.0,0.0
2024-12-06,72.42804432913809,73.87063277476953,72.32854918909716,73.29359436035156,197586,0.0,0.0
2024-12-09,73.11450234785423,74.84561732150075,72.79613768438112,74.65658569335938,319138,0.0,0.0
2024-12-10,74.6565907857752,74.93515893651409,73.8706263088117,74.76602935791016,253209,0.0,0.0
2024-12-11,74.74611080750027,75.38284003742471,73.32341727398538,73.52239990234375,380779,0.0,0.0
2024-12-12,72.44792025742268,74.66652923921306,71.09486867569082,74.22877502441406,286615,0.0,0.0
2024-12-13,74.81576933316335,74.91526446449537,73.76118773667672,74.76602935791016,158580,0.0,0.0
2024-12-16,74.81575900983881,76.71600341796875,74.3481668729972,76.71600341796875,181383,0.0,0.0
2024-12-17,76.53693572987657,77.85019104516897,76.32800961044518,77.05427551269531,236797,0.0,0.0
2024-12-18,77.53181537649311,78.68588438577987,76.76575304700562,78.21829223632812,312839,0.0,0.0
2024-12-19,77.32289272299788,77.97951652168125,75.64152530887013,75.96984100341797,241361,0.0,0.0
2024-12-20,74.55709390504357,76.9945725090773,73.46270832078822,76.97467803955078,177481,0.0,0.0
2024-12-23,77.90986695023715,78.70578232841858,77.72084293048805,78.69583129882812,196173,0.0,0.0
2024-12-26,79.15348016073011,80.01903756714714,78.95450511094789,79.68077087402344,187169,0.0,0.0
2024-12-27,80.01904421238756,80.04888971329227,78.10885625036349,78.7654800415039,108365,0.0,0.0
2024-12-30,77.92977244862836,78.45706318401912,77.064215005938,77.10401153564453,136579,0.0,0.0
2025-01-02,77.58156238965861,77.60145685932847,74.01985267621109,74.6068344116211,342327,0.0,0.0
2025-01-03,74.71627994810287,74.90531158447266,73.74129144458132,74.90531158447266,358945,0.0,0.0
2025-01-06,74.26857876900263,75.21372172598404,73.8706210432796,74.75607299804688,144296,0.0,0.0
2025-01-07,73.62189639420689,74.29842223225663,72.28874677857445,73.2537841796875,244726,0.0,0.0
2025-01-08,73.2239407882963,74.36806640491592,73.21398975777619,73.34333038330078,205067,0.0,0.0
2025-01-09,73.23389365863612,73.87062300049833,71.81119987501002,73.20404815673828,133992,0.0,0.0
2025-01-10,72.84588117067263,73.60200005051837,70.85610023769785,71.65200805664062,228332,0.0,0.0
2025-01-13,71.19436041858658,71.45303406906062,69.84130875667748,70.82625579833984,157231,0.0,0.0
2025-01-14,70.87599937688788,71.25406263692527,69.89105987548828,69.89105987548828,143805,0.0,0.0
2025-01-15,70.26911379678454,71.71170958659087,70.18952832491524,71.0152816772461,179954,0.0,0.0
2025-01-16,71.46298116444399,71.90072779066853,68.65739046504581,68.7071304321289,320680,0.0,0.0
2025-01-17,69.1946443393145,70.11989290190914,68.87627965059444,69.11505126953125,137695,0.0,0.0
2025-01-20,69.25433119136652,69.73187440058878,69.14489262458382,69.59259033203125,68814,0.0,0.0
2025-01-21,68.01070995546745,68.17983950575814,65.9015395251683,66.3094482421875,622863,0.0,0.0
2025-01-22,66.35917966953554,66.5482112546001,65.33444387970032,66.37908172607422,251173,0.0,0.0
2025-01-23,66.45868880062962,67.05562158582082,65.36430317229821,65.56328582763672,259623,0.0,0.0
2025-01-24,65.91149663719308,66.46863289681706,65.00614262489188,65.26481628417969,195636,0.0,0.0
2025-01-27,65.28472570758852,68.24949552683859,65.20513263569121,67.9908218383789,509668,0.0,0.0
2025-01-28,67.7520407638247,70.09003189423687,67.49336711144183,69.5428466796875,285626,0.0,0.0
2025-01-29,68.5280562534149,70.28901672363281,67.93112345977293,70.28901672363281,144229,0.0,0.0
2025-01-30,70.2890111434066,70.75661086493406,69.40355925854415,70.05023956298828,197898,0.0,0.0
2025-01-31,71.98032084649537,72.19919795481344,67.86147508760043,68.7071304321289,391729,0.0,0.0
2025-02-03,67.65255555853268,68.04056225523834,65.46379944427449,65.72246551513672,461745,0.0,0.0
2025-02-04,65.6627714285357,66.83674249405631,65.42399983956547,66.78699493408203,302282,0.0,0.0
2025-02-05,65.74236837610846,67.06557460938983,65.5831822471066,66.73725891113281,355192,0.0,0.0
2025-02-06,66.96607713670775,67.34414038463159,66.100527259434,66.74720001220703,167203,0.0,0.0
2025-02-07,66.70749790784524,68.84811316589645,65.63221104388181,65.66207885742188,226670,0.050117,0.0
2025-02-10,65.86120984930888,66.58801862771442,65.41316986083984,65.41316986083984,262222,0.0,0.0
2025-02-11,65.21404315431104,67.53387277202133,65.06469649809914,66.53823852539062,290984,0.0,0.0
2025-02-12,66.95641190528633,68.18104553222656,66.1300335486731,68.18104553222656,221302,0.0,0.0
2025-02-13,67.90225147812012,69.73422241210938,67.71308613967372,69.73422241210938,219680,0.0,0.0
2025-02-14,68.7784194910764,69.69440122699896,68.60916348258598,69.49527740478516,242738,0.0,0.0
2025-02-17,69.73422751155259,69.73422751155259,68.88793987300271,69.3160629272461,50825,0.0,0.0
2025-02-18,69.32601931741064,69.72427458961968,68.4996485529797,68.96759033203125,320551,0.0,0.0
2025-02-19,69.46539353840822,69.89351654052734,68.95762557475152,69.89351654052734,147895,0.0,0.0
2025-02-20,69.32600194969572,70.08268601771785,68.71866452084824,69.51517486572266,165006,0.0,0.0
2025-02-21,69.69439701245344,70.75972534865747,69.55500882611544,70.4112548828125,356177,0.0,0.0
2025-02-24,69.48532756050713,71.31729125976562,69.25632830005588,71.31729125976562,246305,0.0,0.0
2025-02-25,71.59605693369966,71.80513919822819,70.33159728182139,70.82941436767578,196607,0.0,0.0
2025-02-26,70.34156461589798,70.85929110816008,68.87798098365047,69.24636840820312,345148,0.0,0.0
2025-02-27,68.81823645594437,70.4012911376147,68.81823645594437,69.03726959228516,173268,0.0,0.0
2025-02-28,69.58487409769151,70.5207726827252,68.23081096890984,69.99308776855469,213440,0.0,0.0
2025-03-05,68.38016682975514,68.39012530006752,66.32916251846201,67.4044418334961,137313,0.0,0.0
2025-03-06,67.13562222422307,68.14121501017509,66.368987143267,67.30487823486328,292580,0.0,0.0
2025-03-07,67.64339991268199,69.54505756398972,67.14558273957384,68.54942321777344,216867,0.0,0.0
2025-03-10,68.38015413961605,68.38015413961605,64.7560464193732,65.7417221069336,560811,0.0,0.0
2025-03-11,65.61229910780412,65.61229910780412,63.153081275680506,63.7205924987793,602980,0.0,0.0
2025-03-12,64.35779689109106,64.64653173323167,62.1474876551837,62.41630935668945,500431,0.0,0.0
2025-03-13,62.67517849653295,62.8743061115409,60.11639870849563,60.435001373291016,314225,0.0,0.0
2025-03-14,60.454913661431455,61.032379558957395,59.837617683814,60.65403747558594,455499,0.0,0.0
2025-03-17,59.93718296521319,61.20163892598033,59.49910146186639,60.49473571777344,420298,0.0,0.0
2025-03-18,60.48478018437662,60.912903212158874,59.648447269411655,60.17613220214844,339102,0.0,0.0
2025-03-19,60.24582377207236,61.80897296030341,60.176129681914404,60.29560852050781,309621,0.0,0.0
2025-03-20,60.514648428594036,61.39080763101771,59.85752997628709,60.33543395996094,132718,0.0,0.0
2025-03-21,60.23587543550145,61.38085640514572,59.688277327514676,61.25142288208008,654190,0.0,0.0
2025-03-24,63.083389704091104,63.322339808612554,62.35657712260292,62.88426208496094,541314,0.0,0.0
2025-03-25,63.11325202464294,63.591155990135356,62.645302730121095,63.41194152832031,163469,0.0,0.0
2025-03-26,63.8101941898258,64.1686231205107,62.904170989990234,62.904170989990234,162380,0.0,0.0
2025-03-27,63.46172466796976,64.47727199315392,63.11325042414724,64.11884307861328,231641,0.0,0.0
2025-03-28,63.72059332098365,64.14871636120247,62.33666229248047,62.33666229248047,95238,0.0,0.0
2025-03-31,62.257010154665075,63.74050310118728,61.76915148561031,63.392032623291016,284991,0.0,0.0
2025-04-01,62.70504676650446,63.57124753035264,62.20722962437784,62.92408752441406,109708,0.0,0.0
2025-04-02,62.705039650040604,63.879892074011,62.25700351336608,63.441810607910156,104933,0.0,0.0
2025-04-03,57.90608200975782,58.01560237394029,56.33298202780315,56.8307991027832,1166599,0.0,0.0
2025-04-04,55.76547797272366,57.497883403554354,54.471154084287,54.879364013671875,542208,0.0,0.0
2025-04-07,53.38589933526446,56.193587191144665,51.37471799912994,52.808433532714844,1162460,0.0,0.0
2025-04-08,54.262065716992765,56.034293436962926,50.61804457489259,51.39463806152344,686923,0.0,0.0
2025-04-09,52.45001205258608,58.27447083576334,51.802848277547184,57.84634780883789,1052298,0.0,0.0
2025-04-10,55.984512739016274,57.02992792915902,54.24215282276396,55.78538513183594,564446,0.0,0.0
2025-04-11,54.94905312775641,58.344165783012194,54.53088856400939,57.53770446777344,627201,0.0,0.0
2025-04-14,61.24146180049668,61.888625590183246,58.76233461437259,59.04111099243164,651909,0.0,0.0
2025-04-15,58.68268625255419,59.698233728547564,58.3839967120958,59.29002380371094,189213,0.0,0.0
2025-04-16,58.89176806509081,58.97141683099874,56.20355480042959,56.800933837890625,333015,0.0,0.0
2025-04-17,57.57753156595757,57.64722566090371,56.601806640625,56.601806640625,251020,0.0,0.0
2025-04-22,56.243380653459724,57.48792347038132,55.855080104223845,56.552024841308594,209686,0.0,0.0
2025-04-23,58.41386202244622,58.90172449611298,57.50783496967371,57.97578430175781,373766,0.0,0.0
2025-04-24,57.697004584533644,59.06102242082525,57.29874937196055,58.672725677490234,321577,0.0,0.0
2025-04-25,58.60303120343051,59.230281829833984,58.02556152876376,59.230281829833984,250072,0.0,0.0
2025-04-28,59.260152593737565,59.548887445456344,58.70259603159545,59.09089279174805,172750,0.0,0.0
2025-04-29,59.090891945936,59.638493828613846,58.54329386130146,59.04111099243164,108576,0.0,0.0
2025-04-30,58.314297219991396,60.11639656437661,58.11516961208555,59.638492584228516,189009,0.0,0.0
2025-05-02,58.24460772841662,58.274475542647004,56.701375291802314,57.98574447631836,534275,0.0,0.0
2025-05-05,57.06975725163027,57.32862429417351,55.79534657462792,56.09403610229492,330555,0.0,0.0
2025-05-06,56.1836425039408,57.049843260692185,56.07412212588331,56.49229049682617,287439,0.0,0.0
2025-05-07,57.01001307924986,57.0597978280846,55.2776116842246,55.95464324951172,326826,0.0,0.0
2025-05-08,56.25333743423514,56.571940103470524,55.00879457064587,55.7356071472168,136965,0.0,0.0
2025-05-09,56.2257030818652,56.59443163989352,55.209219029068514,55.75732421875,142073,0.051796,0.0
2025-05-12,59.59406557720859,59.99268961514065,58.33840632037557,59.49441146850586,484733,0.0,0.0
2025-05-13,59.28513638676432,59.58410251860589,58.627409376088615,59.574134826660156,187229,0.0,0.0
2025-05-14,59.245271144099576,59.773444751879566,59.01606365767504,59.37482452392578,239231,0.0,0.0
2025-05-15,58.89648021211068,59.932899753961514,58.806789986343574,59.59407043457031,283119,0.0,0.0
2025-05-16,60.26176423403429,60.45110857364722,59.454552214832354,59.50437927246094,186997,0.0,0.0
2025-05-19,58.82671921293537,59.04596282303934,57.68068170912083,58.63737487792969,163418,0.0,0.0
2025-05-20,58.63737235677132,58.89647531993145,58.01950852034289,58.398197174072266,171746,0.0,0.0
2025-05-21,58.09923057482796,58.35833733744348,56.55456909552657,56.90336227416992,205588,0.0,0.0
2025-05-22,57.062811028083615,57.10267419173356,56.18584423714785,56.89339828491211,195742,0.0,0.0
2025-05-23,55.32880751128758,56.14598339205433,54.5714225769043,54.5714225769043,725838,0.0,0.0
2025-05-26,54.62125156318575,56.30543032286541,54.62125156318575,56.20577621459961,101806,0.0,0.0
2025-05-27,56.00646353017922,56.54460483215745,55.75732446091825,56.50474166870117,259107,0.0,0.0
2025-05-28,56.773814423986614,57.38171438376462,56.644261038732125,56.70405578613281,120153,0.0,0.0
2025-05-29,57.37174392042075,57.68067773139365,55.93670426616949,56.4449462890625,217218,0.0,0.0
2025-05-30,56.106120071323836,57.10267639160156,56.05629301562208,57.10267639160156,172829,0.0,0.0
2025-06-02,56.5645377091108,57.24219634268638,56.36522947699162,56.99305725097656,117716,0.0,0.0
2025-06-03,57.5013010305271,57.55112808674028,56.7439160904683,56.79374694824219,242048,0.0,0.0
2025-06-04,56.73394848835571,57.79029949814854,56.73394848835571,56.803707122802734,124886,0.0,0.0
2025-06-05,57.22225881801722,57.22225881801722,55.707496643066406,55.707496643066406,274316,0.0,0.0
2025-06-06,56.116090976657446,57.2920278060452,56.116090976657446,56.68412780761719,141980,0.0,0.0
2025-06-09,56.91333019224547,57.3518135902212,55.5281175607516,55.8370475769043,200831,0.0,0.0
2025-06-10,55.707500502207914,56.60439892043831,55.37863508776427,56.07622528076172,205818,0.0,0.0
2025-06-11,56.20578071762363,56.66419573486994,54.81060028076172,54.81060028076172,310549,0.0,0.0
2025-06-12,55.109565426410335,55.21918723322317,54.4917015534917,55.07966995239258,249114,0.0,0.0
2025-06-13,54.830531262770954,55.757328979657046,54.023319244384766,54.023319244384766,219642,0.0,0.0
2025-06-16,54.36214566800364,54.571421579642774,53.98345320773239,54.113006591796875,402229,0.0,0.0
2025-06-17,54.02331583429599,54.21266396332626,53.335693359375,53.335693359375,269290,0.0,0.0
2025-06-18,53.68448650129984,54.063178957512925,53.295830154831926,53.694454193115234,224414,0.0,0.0
2025-06-20,54.222631186138216,55.17932437566902,53.84393870636364,55.10956573486328,258945,0.0,0.0
2025-06-23,55.328809672241874,55.74736151951614,54.79066832440853,55.13946533203125,117036,0.0,0.0
2025-06-24,55.68756887090787,55.916776370974844,54.82056212534411,54.980010986328125,206920,0.0,0.0
2025-06-25,55.538085453926996,56.21574408245304,55.44839522951735,55.85698318481445,180375,0.0,0.0
2025-06-26,55.54805149307574,55.7971905755138,54.76077108019692,54.97004699707031,234267,0.0,0.0
2025-06-27,55.00991315525218,55.548054514968605,54.7906695342801,54.89032745361328,201669,0.0,0.0
2025-06-30,55.17932248897308,56.13601944735323,53.96352636110025,55.65766906738281,352042,0.0,0.0
2025-07-01,56.0961544746009,57.102674654780635,55.87691087430885,56.574501037597656,425952,0.0,0.0
2025-07-02,56.903369306954936,58.079306171089335,56.654230205258,57.212303161621094,458024,0.0,0.0
2025-07-03,57.50129455808812,57.939777925592644,57.09270666063427,57.6308479309082,112089,0.0,0.0
2025-07-04,57.22226487100341,57.80026938964911,57.00302505493164,57.00302505493164,127019,0.0,0.0
2025-07-07,57.59099245485839,58.67723902985398,57.0229556387338,57.2720947265625,324950,0.0,0.0
2025-07-08,57.35181494896437,57.54116308109023,56.694087935638045,57.05284881591797,496896,0.0,0.0
2025-07-09,56.923296473270575,57.8799934387207,56.39512283516592,57.8799934387207,948271,0.0,0.0
2025-07-10,58.34837096269197,59.11571977458741,57.999577776176146,58.47792434692383,517030,0.0,0.0
2025-07-11,58.507824225219494,58.946311465926556,58.16899490356445,58.16899490356445,364149,0.0,0.0
2025-07-14,58.16898833244032,58.42809509114438,57.43153882256673,58.268646240234375,130380,0.0,0.0
2025-07-15,57.97964473967803,58.886510803434675,57.790300414827044,58.33840560913086,182194,0.0,0.0
2025-07-16,58.37826929460081,59.05592407438428,57.89991893001399,58.38823318481445,385242,0.0,0.0
2025-07-17,58.74699774617045,58.86658344404561,58.009544372558594,58.009544372558594,192168,0.0,0.0
2025-07-18,58.38823868653212,58.916412353515625,57.80027026795087,58.916412353515625,199802,0.0,0.0
2025-07-21,58.95626544666929,59.883063029476006,58.69716250381033,59.045955657958984,260901,0.0,0.0
2025-07-22,59.245276709447154,59.55420674985834,58.80678947547901,59.54424285888672,186889,0.0,0.0
2025-07-23,59.793381593272144,59.813313176657196,58.81675681676933,59.1456184387207,226064,0.0,0.0
2025-07-24,59.016071417492135,59.38479622226085,58.73703303951817,59.02603530883789,163977,0.0,0.0
2025-07-25,59.0160640649496,59.49441062273154,58.916406156103044,59.4146842956543,105390,0.0,0.0
2025-07-28,59.414688776531705,59.873107588677414,59.35489782827503,59.84320831298828,221709,0.0,0.0
2025-07-29,59.594067832899874,59.94286482968286,58.47792580662789,58.6174430847168,223977,0.0,0.0
2025-07-30,58.67723341803322,59.2153709070902,57.69064105190131,58.19888687133789,479483,0.0,0.0
2025-07-31,58.44802744430483,58.766925150334764,57.84012750419759,57.979644775390625,320345,0.0,0.0
2025-08-01,58.47792114481351,58.79681884118323,55.72742376167416,56.00646209716797,655432,0.0,0.0
2025-08-04,55.96659917306533,56.95319153898334,55.30887219630681,55.667633056640625,237257,0.0,0.0
2025-08-05,56.0064663853371,56.355259579459414,55.448393473180694,55.68756866455078,185579,0.0,0.0
2025-08-06,56.42501385996652,58.697164697016994,56.11608385519469,57.81022644042969,382113,0.0,0.0
2025-08-07,59.79337622034132,60.002652124738006,58.93633721960009,59.3648567199707,597244,0.0,0.0
2025-08-08,59.862621557764186,62.405934422417744,59.16445627215279,62.22640609741211,448527,0.049069,0.0
2025-08-11,61.8573786305006,62.22640739305378,61.00960512150109,61.568138122558594,293671,0.0,0.0
2025-08-12,61.398587586201565,62.10672501312877,61.358691555325265,61.608036041259766,131826,0.0,0.0
2025-08-13,61.81748453874026,63.2636833190918,61.8075124333618,63.2636833190918,280204,0.0,0.0
2025-08-14,62.73507317513328,63.433234680777694,62.25632842169875,62.57549285888672,209149,0.0,0.0
2025-08-15,62.5854618578072,62.93454259330356,61.737692183204814,62.08677291870117,221880,0.0,0.0
2025-08-18,62.3361167577732,62.88467382430267,62.14661633251963,62.41590881347656,171187,0.0,0.0
2025-08-19,62.81486165006444,63.483106842406066,62.61538530288657,63.04425811767578,168712,0.0,0.0
2025-08-20,62.58546685677509,62.834811346244315,61.54819286745633,61.7476692199707,309851,0.0,0.0
2025-08-21,61.74766370975282,61.837427870139194,61.129290496365925,61.30881881713867,111322,0.0,0.0
2025-08-22,61.56813575594928,61.907244385575176,61.35868731536423,61.53821563720703,256773,0.0,0.0
2025-08-25,61.28887509316523,61.89727624451459,61.18913501647974,61.29884719848633,317334,0.0,0.0
2025-08-26,61.03952650498612,61.937164306640625,60.670497757795765,61.937164306640625,208407,0.0,0.0
2025-08-27,62.236381565134785,62.71512249351955,61.97706118432552,62.15658950805664,206734,0.0,0.0
2025-08-28,62.366038638862136,62.954491749873775,62.07680194049977,62.69517517089844,249080,0.0,0.0
2025-08-29,63.23375941551947,63.23375941551947,62.23638153076172,62.23638153076172,172017,0.0,0.0
2025-09-01,62.56551453849557,62.93454329221775,62.39596212357001,62.62535858154297,62235,0.0,0.0
2025-09-02,62.85475468007484,63.343467712402344,61.80750866324978,63.343467712402344,227042,0.0,0.0
2025-09-03,64.8295695104348,64.88940975497803,63.67261119135946,64.54032897949219,319796,0.0,0.0
2025-09-04,64.79964305667063,65.17864391739639,64.4904583442204,64.74977111816406,167931,0.0,0.0
2025-09-05,64.66997959177557,64.81958779913532,64.16132233989778,64.6600112915039,133779,0.0,0.0
2025-09-08,64.71984394719738,65.02902862596007,63.91197037526202,64.50041961669922,106713,0.0,0.0
2025-09-09,64.5004233474723,64.66000745502461,63.24372893805414,63.63270568847656,405528,0.0,0.0
2025-09-10,63.20383505591122,63.27365120298722,60.93978681656133,61.13926315307617,509295,0.0,0.0
2025-09-11,61.22903130863968,61.92719662964013,60.94976670211746,61.68782424926758,282539,0.0,0.0
2025-09-12,61.68782021199349,62.66525388024111,61.3187914625702,62.16656494140625,191199,0.0,0.0
2025-09-15,62.93454575495115,63.2437342824197,62.41591258035757,62.49570083618164,202179,0.0,0.0
2025-09-16,62.77496370276079,63.951873734701984,62.58546327131068,63.08415222167969,228212,0.0,0.0
2025-09-17,63.00436152648373,63.46315826231742,62.86472922611058,63.21381378173828,252985,0.0,0.0
2025-09-18,63.21381527116992,63.73245225955794,62.53559796363905,63.104103088378906,185935,0.0,0.0
2025-09-19,63.75239365696637,65.31827665842081,63.75239365696637,64.81958770751953,318996,0.0,0.0
2025-09-22,65.73718030649349,68.4699935913086,65.73718030649349,68.4699935913086,702397,0.0,0.0
2025-09-23,67.82169581171291,68.32038475150492,66.78442190381882,66.8243179321289,447336,0.0,0.0
2025-09-24,67.32300769083744,67.71198445985557,66.58495018159657,67.12353515625,176101,0.0,0.0
2025-09-25,66.9340249472829,68.90882873535156,66.89412892204864,68.90882873535156,289022,0.0,0.0
2025-09-26,68.22064593547363,68.42011846017881,67.5922930248131,68.14085388183594,266295,0.0,0.0
2025-09-29,67.76185288307484,67.96132540731473,66.94400335866887,67.4327163696289,243536,0.0,0.0
2025-09-30,67.3329818772778,67.88153513805007,67.1235334385041,67.71198272705078,104518,0.0,0.0
2025-10-01,67.66211204581572,68.60962560191818,67.42274348411577,68.08101654052734,291852,0.0,0.0
2025-10-02,68.11093634774365,69.0684181995493,67.57235137934246,68.7193374633789,220596,0.0,0.0
2025-10-03,67.79177111372,69.13822963833178,67.57234677753061,68.49990844726562,295624,0.0,0.0
2025-10-06,68.54978818715414,68.76920493893893,67.612250501914,68.18075561523438,202533,0.0,0.0
2025-10-07,68.1707695137863,68.62956237792969,68.03113723380304,68.62956237792969,296151,0.0,0.0
2025-10-08,68.17077599450107,68.96868133544922,67.93140743597233,68.96868133544922,180936,0.0,0.0
2025-10-09,68.55976425327239,68.77918863930061,67.76186638790409,68.02117919921875,213334,0.0,0.0
2025-10-10,68.02116827499344,69.85634752845213,66.98390197753906,66.98390197753906,612343,0.0,0.0
2025-10-13,67.82169929550902,67.95135568713484,66.9839054861304,67.54243469238281,125585,0.0,0.0
2025-10-14,67.33298728877982,67.86159638284343,67.22327510593003,67.36290740966797,217043,0.0,0.0
2025-10-15,68.02116885096623,68.3203852608278,67.40279943102344,67.76185607910156,155157,0.0,0.0
2025-10-16,68.01119800205362,68.01119800205362,66.6647318175264,67.02378845214844,254966,0.0,0.0
2025-10-17,67.19335697068564,68.28049531182725,67.03377284204646,68.0311508178711,280816,0.0,0.0
2025-10-20,68.86894953635358,70.79388925753892,68.46002093001644,70.37498474121094,642916,0.0,0.0
2025-10-21,70.30516430358095,71.42223026336563,70.00595550660618,70.38495635986328,271735,0.0,0.0
2025-10-22,70.0458499770775,70.67419528520183,68.86894380594761,69.62694549560547,263044,0.0,0.0
2025-10-23,69.27786765171142,69.94610901489708,69.21802741303492,69.56710815429688,104786,0.0,0.0
2025-10-24,69.89624708217949,70.98338537215186,69.50727029866738,70.46475219726562,355463,0.0,0.0
2025-10-27,70.81383693909403,72.06055942041611,70.7639649960851,71.80123901367188,276210,0.0,0.0
2025-10-28,71.89100225274865,72.240083002642,71.74139404296875,71.74139404296875,166165,0.0,0.0
2025-10-29,71.8112056655999,72.25005435744977,71.17288444621236,72.2301025390625,157019,0.0,0.0
2025-10-30,72.72879608094496,73.53667737031662,72.15031506124417,72.60911560058594,242898,0.0,0.0
2025-10-31,74.23483590904016,74.53405231678084,72.20018412081582,72.66895294189453,345167,0.0,0.0
2025-11-03,72.27997238423922,72.27997238423922,71.03325009972947,71.56185913085938,277887,0.0,0.0
2025-11-04,71.77131539467577,72.97814178466797,71.52197091056028,72.97814178466797,219971,0.0,0.0
2025-11-05,72.97814329985388,72.97814329985388,71.41226021147304,72.00071716308594,358516,0.0,0.0
2025-11-06,71.88102255375814,73.07787295012677,71.3324616832788,71.6615982055664,286998,0.0,0.0
2025-11-07,71.85939761843227,72.62789060369569,70.93121342794768,71.76957702636719,239711,0.048181,0.0
2025-11-10,71.62983290182665,72.55801695608666,70.84138243887507,70.87132263183594,233498,0.0,0.0
2025-11-11,71.12083349614977,72.6877670288086,70.8014587511013,72.6877670288086,355396,0.0,0.0
2025-11-12,72.31849404097326,72.83748281208001,71.8693758787998,72.00910186767578,264049,0.0,0.0
2025-11-13,72.00910614117781,73.00715332923434,71.78953454148605,72.01908874511719,191737,0.0,0.0
2025-11-14,71.70968427031828,72.6977487901077,71.26056611073089,72.41829681396484,260423,0.0,0.0
2025-11-17,71.32044814262319,71.64980552829688,70.62181818619,70.78150177001953,412379,0.0,0.0
2025-11-18,71.28052037311569,71.87934709609122,70.71163384411471,71.09089660644531,231179,0.0,0.0
2025-11-19,71.09089841531441,72.32847468955258,70.25253489022106,71.13081359863281,283570,0.0,0.0
2025-11-21,71.10087595840922,73.55607100343663,71.07093576259717,73.02710723876953,757950,0.0,0.0
2025-11-24,73.25665836130494,74.46429443359375,72.86742060306702,74.46429443359375,267937,0.0,0.0
2025-11-25,73.62594008489592,75.40247053305559,73.19677947562354,75.00325012207031,718997,0.0,0.0
2025-11-26,74.83357604302424,74.83357604302424,73.57603454589844,73.57603454589844,181367,0.0,0.0
2025-11-27,73.85548673602005,74.24472450290163,73.85548673602005,73.91536712646484,25939,0.0,0.0
2025-11-28,74.45431616476131,74.45431616476131,73.13689422607422,73.13689422607422,227230,0.0,0.0
2025-12-01,73.715763686931,75.50226901319701,73.63591808682519,75.4024658203125,289070,0.0,0.0
2025-12-02,75.58210919497085,76.50031068687704,75.12300083452277,76.37055969238281,211081,0.0,0.0
2025-12-03,76.02124398466347,76.38054154134008,75.16292288976878,75.60206604003906,170414,0.0,0.0
2025-12-04,75.15295779041597,75.16293278005655,73.8455107703881,74.14492797851562,156258,0.0,0.0
2025-12-05,74.29463279651448,76.25080431030533,74.09501879643652,75.6519775390625,359981,0.0,0.0
2025-12-08,75.11302005670846,75.70186413727525,74.65391934614087,74.8235855102539,244728,0.0,0.0
2025-12-09,75.83162583819218,76.41048739841085,75.05314266469965,75.22281646728516,200586,0.0,0.0
2025-12-10,75.25275527654401,76.30070019645858,75.25275527654401,75.86156463623047,104181,0.0,0.0
2025-12-11,76.04120739871732,76.04120739871732,74.07505348614306,75.31262969970703,281459,0.0,0.0
2025-12-12,74.84355575776588,75.36254455452394,74.5042233721512,75.3525619506836,110501,0.0,0.0
2025-12-15,74.96332481677608,75.41244300508014,73.7357234265182,74.19482421875,231842,0.0,0.0
2025-12-16,74.13493852975674,75.11302805343989,73.905391957282,74.66390228271484,139674,0.0,0.0
2025-12-17,75.38250376564372,75.8515871677637,74.8734975618012,75.05314636230469,514068,0.0,0.0
2025-12-18,75.05313902540269,75.65197337820516,73.80558014788937,75.1429672241211,252436,0.0,0.0
2025-12-19,74.8734917692532,75.09306335449219,74.36449321928494,75.09306335449219,89670,0.0,0.0
2025-12-22,75.09306845186569,75.90149185371243,74.86352186225787,75.37252044677734,260916,0.0,0.0
2025-12-23,75.38249919743703,75.61205338980658,74.72379204517271,74.95333862304688,87451,0.0,0.0
2025-12-26,75.71185958708058,76.19091796875,75.41244238766542,76.19091796875,104140,0.0,0.0
2025-12-29,75.82164064248592,76.33064680384989,75.58211146663619,75.75177764892578,84282,0.0,0.0
2025-12-30,75.37251511474278,75.37251511474278,74.59403957984705,74.75373077392578,52038,0.0,0.0
2026-01-02,74.14492320370277,75.38249952957318,72.61791229248047,72.61791229248047,185663,0.0,0.0
2026-01-05,73.34648607353301,73.56605767428846,71.68973169287105,71.8593978881836,223227,0.0,0.0
2026-01-06,71.85939150707271,72.12886087484638,70.24255245694533,70.38227844238281,254931,0.0,0.0
2026-01-07,70.34236246379858,70.9910869826413,69.86329650878906,69.86329650878906,169502,0.0,0.0
2026-01-08,69.11475823643033,69.70360234117676,68.73550309851711,69.46407318115234,204108,0.0,0.0
2026-01-09,69.48404630485165,69.62377229866398,68.5957849379752,69.55390930175781,165976,0.0,0.0
2026-01-12,69.47405994105928,70.02298889739527,68.81534519345608,69.97308349609375,174743,0.0,0.0
2026-01-13,69.66368741271744,70.21260872370262,69.26446706823155,69.80341339111328,245111,0.0,0.0
2026-01-14,69.81339110834192,70.212611468434,68.94509501072379,69.86329650878906,230630,0.0,0.0
2026-01-15,69.86330134176873,70.21261632557847,68.86525417974346,68.96505737304688,154690,0.0,0.0
2026-01-16,68.96504707914872,69.57385636627136,68.35623779202608,68.40614318847656,145412,0.0,0.0
2026-01-19,67.86720338608993,67.94704898225828,67.48794822603297,67.7973403930664,79395,0.0,0.0
2026-01-20,67.7973392972477,68.50595181917434,65.27228137157383,65.85115051269531,381591,0.0,0.0
2026-01-21,65.61161621936495,66.71944914325046,65.15251545312789,65.57169342041016,578095,0.0,0.0
2026-01-22,65.92101573075657,66.5198424835725,65.42199216766075,65.48187255859375,306535,0.0,0.0
2026-01-23,65.4818689085532,65.75133826722646,64.71336840010544,65.40202331542969,231094,0.0,0.0
2026-01-26,66.08070217774564,67.56779032821689,65.74136979507924,67.21847534179688,365795,0.0,0.0
2026-01-27,67.85722442904286,68.61574240440854,66.78931427001953,66.78931427001953,392120,0.0,0.0
2026-01-28,66.58970181679364,67.06876014691014,65.99087509690058,66.73941040039062,280350,0.0,0.0
2026-01-29,66.73941182239635,67.2583929601629,66.0507568918741,67.18852996826172,434766,0.0,0.0
2026-01-30,66.70946708328081,68.72552656719539,65.72140254821122,68.17659759521484,654663,0.0,0.0
2026-02-02,67.46798229866876,71.0409927368164,67.07874453962701,71.0409927368164,686367,0.0,0.0
2026-02-03,70.15273523195823,71.03101398455168,69.69363445575061,70.37230682373047,488190,0.0,0.0
2026-02-04,70.31240969432132,72.90733804460123,70.21260651496313,72.25860595703125,712331,0.0,0.0
2026-02-05,72.60792546765558,73.13688920463339,71.33042641657822,72.35841369628906,324935,0.0,0.0
2026-02-06,72.08634939800227,73.33472756877711,71.69685601828017,71.88661193847656,244575,0.047577,0.0
2026-02-09,72.16624615494881,72.22616586784903,70.34860787518515,70.85794067382812,343852,0.0,0.0
2026-02-10,70.70813828939556,71.41721613242244,70.70813828939556,70.73809814453125,176823,0.0,0.0
2026-02-11,70.73810235531792,72.4159229182476,70.70814249839884,71.58699798583984,612941,0.0,0.0
2026-02-12,70.97778778545621,71.07765651354843,67.57221615468966,67.82189178466797,735495,0.0,0.0
2026-02-13,68.11150825983052,68.77065557500411,66.61345449206742,66.72331237792969,337323,0.0,0.0
2026-02-18,68.96041486040095,69.60956542922413,68.67079020347413,68.91047668457031,175755,0.0,0.0
2026-02-19,68.7606638617995,69.06027765201893,67.80191040039062,67.80191040039062,140374,0.0,0.0
2026-02-20,67.78193797710053,69.11020644385512,67.0928308488442,68.81060028076172,209350,0.0,0.0
2026-02-23,67.91176687556205,69.41980971463977,67.62214224954745,69.40982055664062,281255,0.0,0.0
2026-02-24,69.16014757807221,70.92784763651503,68.91047195504667,70.09893035888672,265868,0.0,0.0
2026-02-25,69.40982840401786,70.62824675483363,69.27001065420254,69.9091796875,136473,0.0,0.0
2026-02-26,70.29867299511922,70.9078821697997,69.60956578649798,69.70944213867188,231090,0.0,0.0
2026-02-27,69.95912224494319,70.36858636090399,67.32254791259766,67.32254791259766,227002,0.0,0.0
2026-03-02,68.00164561466354,68.9703882024692,67.74198846579426,67.9117660522461,442801,0.0,0.0
2026-03-03,68.9004862060053,70.51838706628614,68.68077042775158,69.34990692138672,733613,0.0,0.0
2026-03-04,68.51099182299463,69.15016083066547,68.11150928832645,68.82059478759766,400311,0.0,0.0
2026-03-05,68.62084941527361,68.90048490248952,67.64212521001792,68.22136688232422,424768,0.0,0.0
2026-03-06,68.44107900159385,68.45106815974543,67.06287233698647,67.10282135009766,358870,0.0,0.0
2026-03-09,66.91307236032127,67.28259505518038,66.14407473204206,67.2726058959961,472724,0.0,0.0
2026-03-10,67.0329147607002,67.37246995444508,66.58349406254352,67.09283447265625,102267,0.0,0.0
2026-03-11,67.21268302435324,67.56222738443324,66.87312020349297,67.05288696289062,105940,0.0,0.0
2026-03-12,67.05287994369985,67.35249371783047,66.17402455614204,66.78323364257812,282667,0.0,0.0
2026-03-13,67.01293909087583,67.18271669445485,66.21398162841797,66.21398162841797,421628,0.0,0.0
2026-03-16,65.93434069723251,66.8032146811377,65.84446112277473,66.0042495727539,118901,0.0,0.0
2026-03-17,66.0042466063668,66.23395154103986,65.47493548413682,66.18401336669922,300649,0.0,0.0
2026-03-18,65.99427074816799,66.33382598052869,64.97558981209332,65.12539672851562,241688,0.0,0.0
2026-03-19,65.78453861995278,66.28388988666703,64.59608016693427,64.91566467285156,223167,0.0,0.0
2026-03-20,64.89568999632635,66.07415921830567,64.79581365350992,66.03421020507812,395649,0.0,0.0
2026-03-23,66.4436757210196,66.99296514063612,65.47493308251158,65.89439392089844,215732,0.0,0.0
2026-03-24,65.8943969332358,66.85315045717202,65.54484494868456,65.81449890136719,177305,0.0,0.0
2026-03-25,66.28389026951552,66.61345631663377,65.6946518092516,65.71463012695312,172582,0.0,0.0
2026-03-26,65.86442282791455,67.13277919281738,65.61474721807485,66.24393463134766,194971,0.0,0.0
2026-03-27,66.2439385433169,66.86312921580829,64.92565155029297,64.92565155029297,606700,0.0,0.0
2026-03-30,64.57610937909742,65.51488457795847,64.2465357148451,64.71592712402344,208339,0.0,0.0
2026-03-31,64.92565433763248,66.74329265785798,64.43628460640183,66.01423645019531,340954,0.0,0.0
2026-04-01,65.51488131427749,66.01423255542213,65.26520569370517,65.86442565917969,431359,0.0,0.0
2026-04-02,65.71462705944474,65.88440465450415,64.67597555282394,65.69464874267578,197776,0.0,0.0
2026-04-06,65.71463040071673,67.29257462840471,65.71463040071673,66.31385040283203,99921,0.0,0.0
2026-04-07,66.17403199843024,66.17403199843024,63.337712841355604,64.91566467285156,470432,0.0,0.0
2026-04-08,66.0142386911621,66.09413672585029,65.11540484965995,65.90438079833984,216941,0.0,0.0
2026-04-09,65.9143638910303,66.09413064278564,64.98557027687689,65.96430206298828,293724,0.0,0.0
2026-04-10,65.21527310712509,65.76455488355411,64.86572115363069,64.90567016601562,273817,0.0,0.0
2026-04-13,64.85574711382019,65.29517106187089,64.21657808075017,64.60607147216797,258530,0.0,0.0
2026-04-14,64.60606923593933,65.01553331193821,64.02681993867688,64.71592712402344,235982,0.0,0.0
2026-04-15,64.70593489848412,66.34380636384341,64.29646322239665,66.1640396118164,244445,0.0,0.0
2026-04-16,66.69335583513046,66.79322456737722,65.19530199294157,65.57481384277344,211598,0.0,0.0
2026-04-17,66.08414056450056,67.78193933399733,66.08414056450056,67.10282135009766,253284,0.0,0.0
2026-04-20,67.31255280729125,68.21138661835735,66.91307026687346,67.68206787109375,131934,0.0,0.0
2026-04-22,66.32383638088464,67.90178053289564,66.1540511658399,67.56222534179688,241902,0.0,0.0
2026-04-23,67.77195379494087,68.91047406117454,67.3924495793615,68.22136688232422,215687,0.0,0.0
2026-04-24,68.22136899202783,68.36118673995958,67.36248418644959,67.81190490722656,300943,0.0,0.0
2026-04-27,66.45366445564444,66.67338022208992,65.79451715630803,66.56352233886719,267118,0.0,0.0
2026-04-28,67.02292883783477,67.95172251546954,66.92306010658822,67.51229095458984,556326,0.0,0.0
2026-04-29,66.9130701352462,67.68206773795376,66.72331421453448,67.38246154785156,300150,0.0,0.0
2026-04-30,67.76196929549683,68.06158312068389,66.63343811035156,66.63343811035156,449433,0.0,0.0
2026-05-04,68.93044030957171,69.40982084206597,68.11150459866094,68.54094696044922,701148,0.0,0.0
2026-05-05,68.15145938641214,69.75937108986089,68.02163079886812,69.54964447021484,271776,0.0,0.0
2026-05-06,69.40982104626957,70.70813729349423,68.98037868321788,70.30865478515625,288719,0.0,0.0
2026-05-07,70.71812892570567,71.67688251086318,70.19880692438974,70.5982894897461,166819,0.0,0.0
2026-05-08,70.98590037421673,72.01525968703208,70.65610342215223,71.9552993774414,161780,0.047862,0.0
2026-05-11,71.93531649607529,71.93531649607529,70.90594953932778,71.35567474365234,158899,0.0,0.0
2026-05-12,71.35567570810223,72.27510273320551,71.29570777192026,71.88534545898438,597763,0.0,0.0
2026-05-13,72.18516331767754,75.01340067252613,72.02525898507331,74.61365509033203,437781,0.0,0.0
2026-05-14,74.50372052610477,74.75356531978768,73.70421413645629,74.25387573242188,587657,0.0,0.0
2026-05-15,74.25387323803062,76.74232516461416,74.25387323803062,75.61302947998047,344172,0.0,0.0
2026-05-18,75.08335252596927,75.25325277560131,73.74418812959667,74.05399322509766,290004,0.0,0.0
2026-05-19,74.72357724105706,75.45312739054361,74.17392327194723,74.95343780517578,270047,0.0,0.0
2026-05-20,75.1033417304611,76.15268522241051,74.73356871444605,75.25325012207031,132242,0.0,0.0
2026-05-21,75.25325320409672,76.20266034874251,75.25325320409672,75.98279571533203,225059,0.0,0.0
2026-05-22,76.45250753521968,78.2014211062868,76.38255129736332,77.52184295654297,300091,0.0,0.0
2026-05-25,77.54182837801324,77.78168487548828,77.1220909444192,77.78168487548828,35259,0.0,0.0
2026-05-26,77.55181900691065,78.3413294350159,77.40191061239436,77.71172332763672,174518,0.0,0.0
2026-05-27,77.6817453568064,79.21079424959746,77.56181711289142,78.50123596191406,160590,0.0,0.0
2026-05-28,78.46125688272059,78.89099020950744,77.87161923682346,78.36132049560547,159878,0.0,0.0
2026-05-29,78.72109559355268,79.51060607013711,78.07150521852405,78.75108337402344,207279,0.0,0.0
2026-06-01,78.11147866177778,78.27137536226161,76.4625015258789,76.4625015258789,212267,0.0,0.0
2026-06-02,76.70235006387895,79.10086155823475,76.39254496605217,78.61116790771484,121666,0.0,0.0
2026-06-03,78.9509519469796,79.92035093133711,78.21141351934243,78.35132598876953,212241,0.0,0.0
2026-06-05,79.51060530967062,80.6099285100069,78.97093963623047,78.97093963623047,308320,0.0,0.0
2026-06-08,79.40067155153007,82.19893626135423,77.9615707397461,77.9615707397461,393937,0.0,0.0
2026-06-09,77.3619452664846,77.9515753173828,74.5836647671267,74.95343780517578,345491,0.0,0.0
2026-06-10,75.07336620328653,76.1826776950328,74.16392749623087,75.11334228515625,325560,0.0,0.0
2026-06-11,75.39316437942097,75.98279440919718,74.45374555269117,75.1333236694336,399295,0.0,0.0
2026-06-12,75.29322151903665,75.56305815940908,73.24449883584504,73.35443115234375,335087,0.0,0.0
2026-06-15,73.49434255383656,75.24325604129966,73.31445400442547,74.7035903930664,162472,0.0,0.0
2026-06-16,74.3638072478706,76.3625655757307,74.3638072478706,75.92283630371094,153335,0.0,0.0
2026-06-17,75.49310340019149,76.40253447986976,74.79353340655022,75.38317108154297,218567,0.0,0.0
2026-06-18,75.95281403118051,77.52183896341728,75.95281403118051,76.85225677490234,427981,0.0,0.0
2026-06-19,76.8522565075604,77.55181884765625,76.05275015488715,77.55181884765625,48470,0.0,0.0
2026-06-22,76.55244131110726,77.74170493865945,76.06274766285662,76.25263214111328,113230,0.0,0.0
2026-06-23,76.20265761060979,77.95157106396806,76.06274514431374,76.59241485595703,160839,0.0,0.0
2026-06-24,76.95219555296183,78.02153095241277,76.22264540910373,76.35256958007812,170916,0.0,0.0
2026-06-25,75.99279415115986,75.99279415115986,70.82600559402943,70.97590637207031,899912,0.0,0.0
2026-06-26,71.45560852191524,73.76417189580971,70.87596679070072,73.57429504394531,610367,0.0,0.0
2026-06-29,73.55430686075117,74.44375372989887,72.38503503834238,72.90470886230469,269854,0.0,0.0
2026-06-30,73.1145799347317,74.83350561302673,72.61489037571792,73.85411834716797,205169,0.0,0.0
2026-07-01,75.86287383316714,77.26199852309534,74.95343516005609,76.1526870727539,899340,0.0,0.0
2026-07-02,75.83288422442641,80.42003831034876,75.83288422442641,80.03028106689453,442500,0.0,0.0
2026-07-03,79.75046074587492,80.00030553815566,78.87100219726562,78.87100219726562,29400,0.0,0.0
2026-07-06,79.06088764866782,80.92972946271877,79.06088764866782,80.4200439453125,262983,0.0,0.0
2026-07-07,80.74984136072503,81.04965054203485,79.82041841181419,79.88037872314453,153108,0.0,0.0
2026-07-08,79.73046787553464,80.97969182100155,78.91097727229466,80.80979919433594,144829,0.0,0.0
2026-07-09,80.61991486447306,80.96969604492188,79.44064715277568,80.96969604492188,135012,0.0,0.0
2026-07-10,80.10024387123607,80.94971466064453,79.70049066896792,80.94971466064453,149494,0.0,0.0
2026-07-13,81.04964970607965,82.83853934734576,80.90973723131317,81.5493392944336,182392,0.0,0.0
2026-07-14,80.100244496232,80.15020888149402,79.10086529509287,79.55058288574219,257640,0.0,0.0
2026-07-15,79.96032755205064,83.42817440626033,79.96032755205064,83.33822631835938,258525,0.0,0.0
2026-07-16,83.64803285565782,85.2570339173376,83.33822775515753,84.34760284423828,355006,0.0,0.0
2026-07-17,84.54747801666502,85.88665009715793,84.00781233867457,84.86727905273438,603446,0.0,0.0
2026-07-20,84.38757662040828,84.78732217478215,82.27888603505797,82.96845245361328,332211,0.0,0.0
2026-07-21,82.41880288936507,83.56809048098557,81.73922473624965,83.09838104248047,327234,0.0,0.0
2026-07-22,83.09838052494928,83.24828892721105,81.74922015390946,82.02904510498047,360950,0.0,0.0
2026-07-23,82.09900164577569,82.42879860703725,81.0496504507282,81.32947540283203,195960,0.0,0.0
2026-07-24,81.61929055926826,84.69738006591797,81.44939793949634,84.69738006591797,427634,0.0,0.0
2026-07-27,84.69738493175984,86.66616312298025,84.69738493175984,86.32637023925781,252344,0.0,0.0
2026-07-28,86.64616867060253,87.62556358584476,86.03654678324256,87.09589385986328,285292,0.0,0.0
2026-07-29,86.72612132576539,87.99533711473777,86.12649536132812,86.12649536132812,325140,0.0,0.0
2026-07-30,85.61680893191505,85.61680893191505,83.57807457521292,85.1670913696289,554488,0.0,0.0
2026-07-31,76.64238707961134,78.45126084519613,76.102721440367,77.77168273925781,645280,0.0,0.0
2026-08-03,78.55120145867568,78.92097449749575,76.82227975950654,77.15206909179688,856497,0.0,0.0
2026-08-04,77.17205700569173,79.70048496391199,76.75231960445164,78.9509506225586,667392,0.0,0.0
2026-08-05,78.35132883296514,79.7204734227249,78.251392440412,79.3507080078125,422539,0.0,0.0
2026-08-06,80.03028720574096,80.58993711113584,78.86101538568747,79.45064544677734,288732,0.0,0.0
2026-08-07,79.44999694824219,80.18000030517578,78.93000030517578,79.30999755859375,124029,0.049357,0.0
2026-08-10,78.88999938964844,78.88999938964844,77.58999633789062,78.44999694824219,511325,0.0,0.0
2026-08-11,78.70999908447266,79.41000366210938,78.06999969482422,78.51000213623047,181602,0.0,0.0
2026-08-12,78.05999755859375,78.9000015258789,77.62000274658203,77.9000015258789,171414,0.0,0.0
2026-08-13,78.68000030517578,79.4000015258789,78.33000183105469,79.29000091552734,212519,0.0,0.0
2026-08-14,79.29000091552734,80.30000305175781,79.20999908447266,79.63999938964844,280725,0.0,0.0
2026-08-17,79.6500015258789,80.0199966430664,78.58000183105469,79.48999786376953,165683,0.0,0.0
2026-08-18,79.98999786376953,81.1500015258789,79.52999877929688,80.69999694824219,352044,0.0,0.0
2026-08-19,80.4000015258789,82.55000305175781,79.87999725341797,82.0999984741211,323817,0.0,0.0
2026-08-20,81.94000244140625,83.12999725341797,80.43000030517578,80.43000030517578,171709,0.0,0.0
2026-08-21,80.69999694824219,80.86000061035156,79.18000030517578,79.68000030517578,367273,0.0,0.0
2026-08-24,79.69999694824219,80.66000366210938,79.69999694824219,80.2699966430664,347041,0.0,0.0
2026-08-25,79.55000305175781,80.66999816894531,79.36000061035156,79.5999984741211,397091,0.0,0.0
2026-08-26,79.98999786376953,81.31999969482422,79.73999786376953,80.4000015258789,293689,0.0,0.0
2026-08-27,80.33000183105469,81.5999984741211,79.7699966430664,81.4000015258789,221653,0.0,0.0
2026-08-28,81.41000366210938,84.16000366210938,81.41000366210938,83.27999877929688,300276,0.0,0.0
2026-08-31,83.19000244140625,83.19000244140625,81.13999938964844,82.31999969482422,508699,0.0,0.0
2026-09-01,82.30999755859375,84.19999694824219,81.33000183105469,83.93000030517578,337462,0.0,0.0
2026-09-02,84.4000015258789,84.55999755859375,82.66000366210938,83.0,258026,0.0,0.0
2026-09-03,82.5,84.41999816894531,82.26000213623047,83.45999908447266,327116,0.0,0.0
2026-09-04,84.41000366210938,84.41000366210938,81.3499984741211,81.95999908447266,247279,0.0,0.0
2026-09-08,81.2699966430664,81.58999633789062,80.05999755859375,80.5,586849,0.0,0.0
2026-09-09,80.97000122070312,81.55999755859375,79.01000213623047,80.45999908447266,504193,0.0,0.0
2026-09-10,81.41000366210938,83.13999938964844,81.23999786376953,83.06999969482422,401969,0.0,0.0
2026-09-11,82.9000015258789,85.77999877929688,82.66000366210938,85.0,434088,0.0,0.0
2026-09-14,85.87999725341797,86.72000122070312,85.69999694824219,85.8499984741211,388848,0.0,0.0
2026-09-15,84.9000015258789,85.44000244140625,84.63999938964844,85.0199966430664,255655,0.0,0.0
2026-09-16,85.16000366210938,86.51000213623047,85.16000366210938,85.30999755859375,239515,0.0,0.0
2026-09-17,85.81999969482422,86.91000366210938,85.26000213623047,86.7300033569336,198509,0.0,0.0
2026-09-18,86.7300033569336,87.12000274658203,85.80000305175781,86.38999938964844,111311,0.0,0.0
2026-09-21,86.01000213623047,86.6500015258789,85.08999633789062,86.5,230133,0.0,0.0
2026-09-22,87.33000183105469,88.51000213623047,86.5999984741211,86.69999694824219,193591,0.0,0.0
2026-09-23,88.05000305175781,88.25,86.41000366210938,87.16999816894531,201114,0.0,0.0
2026-09-24,87.25,87.77999877929688,86.5199966430664,87.02999877929688,332383,0.0,0.0
2026-09-25,87.3499984741211,88.55000305175781,87.01000213623047,88.55000305175781,219506,0.0,0.0
