Date,Open,High,Low,Close,Volume,Dividends,Stock splits
2020-09-17,95.19999694824219,96.55000305175781,94.80999755859375,96.37000274658203,7711040,0.0,0.0
2020-09-18,95.8499984741211,96.33999633789062,94.30000305175781,94.63999938964844,7507100,0.0,0.0
2020-09-21,93.38999938964844,93.6500015258789,92.23999786376953,93.4000015258789,15532600,0.0,0.0
2020-09-22,93.16999816894531,94.05000305175781,92.79000091552734,93.66999816894531,8027080,0.0,0.0
2020-09-23,93.83999633789062,93.83999633789062,92.1500015258789,92.16999816894531,9591530,0.0,0.0
2020-09-24,92.26000213623047,94.36000061035156,92.16999816894531,93.30000305175781,10449820,0.0,0.0
2020-09-25,92.83999633789062,93.5,92.0,93.5,6925840,0.0,0.0
2020-09-28,94.25,94.69999694824219,90.81999969482422,91.19999694824219,11498378,0.0,0.0
2020-09-29,91.04000091552734,91.97000122070312,89.9000015258789,89.91999816894531,12294594,0.0,0.0
2020-09-30,90.55000305175781,91.83000183105469,90.55000305175781,91.05000305175781,11678923,0.0,0.0
2020-10-01,91.33999633789062,91.97000122070312,90.06999969482422,91.91000366210938,12908433,0.0,0.0
2020-10-02,91.2699966430664,92.4800033569336,90.11000061035156,90.11000061035156,10729916,0.0,0.0
2020-10-05,90.86000061035156,92.86000061035156,90.44999694824219,92.63999938964844,8197219,0.0,0.0
2020-10-06,93.2300033569336,93.83999633789062,91.61000061035156,92.02999877929688,11627282,0.0,0.0
2020-10-07,92.41000366210938,92.8499984741211,91.27999877929688,91.94999694824219,8822661,0.0,0.0
2020-10-08,92.18000030517578,94.31999969482422,92.01000213623047,94.2699966430664,11741375,0.0,0.0
2020-10-09,94.12999725341797,94.98999786376953,93.5,93.6500015258789,9149800,0.0,0.0
2020-10-13,94.0999984741211,95.3499984741211,93.6500015258789,94.80000305175781,9960394,0.0,0.0
2020-10-14,95.01000213623047,95.86000061035156,95.01000213623047,95.58999633789062,11431930,0.0,0.0
2020-10-15,94.36000061035156,95.80000305175781,94.05000305175781,95.33999633789062,9544784,0.0,0.0
2020-10-16,95.12000274658203,95.44999694824219,94.54000091552734,94.54000091552734,10188511,0.0,0.0
2020-10-19,95.05999755859375,96.19999694824219,94.69999694824219,95.0,8649062,0.0,0.0
2020-10-20,95.5,96.97000122070312,95.43000030517578,96.66999816894531,9421389,0.0,0.0
2020-10-21,96.54000091552734,97.8499984741211,96.37000274658203,96.6500015258789,5866823,0.0,0.0
2020-10-22,96.68000030517578,98.29000091552734,96.62999725341797,98.05999755859375,7461105,0.0,0.0
2020-10-23,98.05999755859375,98.38999938964844,97.38999938964844,97.44000244140625,6525963,0.0,0.0
2020-10-26,97.0,97.98999786376953,96.0199966430664,97.2300033569336,8803970,0.0,0.0
2020-10-27,97.41000366210938,97.87999725341797,95.62999725341797,95.68000030517578,9534310,0.0,0.0
2020-10-28,94.0,94.08000183105469,91.55999755859375,91.55999755859375,18677788,0.0,0.0
2020-10-29,91.56999969482422,93.12000274658203,89.91000366210938,92.80000305175781,17470878,0.0,0.0
2020-10-30,92.2300033569336,92.44999694824219,90.02999877929688,90.66000366210938,20957049,0.0,0.0
2020-11-03,92.08999633789062,92.80000305175781,91.47000122070312,92.26000213623047,11381689,0.0,0.0
2020-11-04,93.51000213623047,94.62999725341797,92.8499984741211,94.16000366210938,12844442,0.0,0.0
2020-11-05,95.7699966430664,97.16999816894531,95.37999725341797,96.94999694824219,12692233,0.0,0.0
2020-11-06,96.08999633789062,97.33999633789062,96.08999633789062,97.19000244140625,8765724,0.0,0.0
2020-11-09,100.38999938964844,101.1500015258789,99.2699966430664,99.5,19613783,0.0,0.0
2020-11-10,99.93000030517578,101.81999969482422,99.7300033569336,101.0,13893583,0.0,0.0
2020-11-11,100.80999755859375,101.5,100.2300033569336,100.88999938964844,8081969,0.0,0.0
2020-11-12,100.6500015258789,101.12999725341797,98.19999694824219,98.69999694824219,13042053,0.0,0.0
2020-11-13,99.38999938964844,100.83999633789062,99.12999725341797,100.83000183105469,9964339,0.0,0.0
2020-11-16,102.0199966430664,102.51000213623047,101.23999786376953,102.51000213623047,12869475,0.0,0.0
2020-11-17,102.06999969482422,103.76000213623047,101.83000183105469,103.0999984741211,10466167,0.0,0.0
2020-11-18,103.31999969482422,103.45999908447266,101.91999816894531,101.91999816894531,12518269,0.0,0.0
2020-11-19,102.1500015258789,103.0,101.52999877929688,102.7300033569336,10514894,0.0,0.0
2020-11-23,102.77999877929688,103.4800033569336,102.55999755859375,103.27999877929688,8341822,0.0,0.0
2020-11-24,103.66999816894531,105.8499984741211,103.51000213623047,105.72000122070312,12368946,0.0,0.0
2020-11-25,105.47000122070312,106.48999786376953,105.16000366210938,105.83000183105469,14523925,0.0,0.0
2020-11-26,105.38999938964844,106.11000061035156,105.25,106.0199966430664,5774002,0.0,0.0
2020-11-27,106.30000305175781,107.41000366210938,106.11000061035156,106.44000244140625,8211168,0.0,0.0
2020-11-30,106.0,106.81999969482422,104.70999908447266,105.0,7556764,0.0,0.0
2020-12-01,106.4800033569336,107.66999816894531,106.1500015258789,107.05000305175781,10198406,0.0,0.0
2020-12-02,107.33999633789062,108.08999633789062,106.41000366210938,107.75,8628044,0.0,0.0
2020-12-03,108.02999877929688,109.12999725341797,107.62999725341797,108.1500015258789,10462774,0.0,0.0
2020-12-04,108.80000305175781,109.5999984741211,108.75,109.43000030517578,8513160,0.0,0.0
2020-12-07,109.41000366210938,110.2300033569336,108.27999877929688,109.30999755859375,7064727,0.0,0.0
2020-12-08,108.98999786376953,110.08000183105469,108.5199966430664,109.44000244140625,5802010,0.0,0.0
2020-12-09,109.51000213623047,109.69999694824219,108.2699966430664,108.7699966430664,6339779,0.0,0.0
2020-12-10,109.30999755859375,110.94000244140625,108.41000366210938,110.69999694824219,9107293,0.0,0.0
2020-12-11,109.83999633789062,111.19000244140625,109.62000274658203,110.79000091552734,9442686,0.0,0.0
2020-12-14,111.23999786376953,111.37999725341797,110.05000305175781,110.19999694824219,5053777,0.0,0.0
2020-12-15,110.19999694824219,112.0,110.19999694824219,111.76000213623047,5932404,0.0,0.0
2020-12-16,111.69999694824219,113.69000244140625,111.05999755859375,113.3499984741211,8393869,0.0,0.0
2020-12-17,113.44000244140625,114.5999984741211,113.3499984741211,113.98999786376953,15590584,0.0,0.0
2020-12-18,113.79000091552734,114.9000015258789,113.08999633789062,113.5,9159588,0.0,0.0
2020-12-21,111.62000274658203,112.69999694824219,110.61000061035156,111.43000030517578,10791962,0.0,0.0
2020-12-22,111.62000274658203,112.54000091552734,111.2699966430664,112.25,5273026,0.0,0.0
2020-12-23,112.55000305175781,113.91000366210938,112.5199966430664,113.13999938964844,4856930,0.0,0.0
2020-12-28,114.0,114.7699966430664,113.7699966430664,114.69999694824219,5433712,0.0,0.0
2020-12-29,115.0,115.4000015258789,114.25,114.97000122070312,4278894,0.0,0.0
2020-12-30,115.31999969482422,115.69999694824219,114.5,114.6500015258789,7741592,0.0,0.0
2021-01-04,115.5999984741211,115.86000061035156,113.58000183105469,114.08999633789062,8493213,0.0,0.0
2021-01-05,114.0,115.33000183105469,112.33000183105469,114.69000244140625,9620565,0.0,0.0
2021-01-06,114.55999755859375,116.4000015258789,114.33999633789062,115.55000305175781,9094234,0.0,0.0
2021-01-07,114.86000061035156,118.37000274658203,114.86000061035156,118.37000274658203,9250545,0.0,0.0
2021-01-08,118.48999786376953,120.66000366210938,117.72000122070312,120.4000015258789,11955323,0.0,0.0
2021-01-11,119.05000305175781,120.1500015258789,117.80999755859375,118.62000274658203,9150074,0.0,0.0
2021-01-12,118.79000091552734,119.93000030517578,118.56999969482422,119.44999694824219,6681974,0.0,0.0
2021-01-13,119.44000244140625,119.44000244140625,116.41999816894531,117.36000061035156,10324324,0.0,0.0
2021-01-14,118.2699966430664,119.29000091552734,117.83999633789062,118.68000030517578,5193114,0.0,0.0
2021-01-15,117.5,117.69000244140625,115.66000366210938,115.77999877929688,8895949,0.0,0.0
2021-01-18,116.70999908447266,118.11000061035156,116.4800033569336,116.54000091552734,6894404,0.0,0.0
2021-01-19,117.37999725341797,117.52999877929688,114.7300033569336,116.0,8069986,0.0,0.0
2021-01-20,116.69999694824219,116.9000015258789,114.18000030517578,115.23999786376953,6834172,0.0,0.0
2021-01-21,114.9800033569336,115.66000366210938,113.2699966430664,113.80999755859375,6947427,0.0,0.0
2021-01-22,112.22000122070312,113.5,111.69999694824219,113.18000030517578,7586350,0.0,0.0
2021-01-26,112.91000366210938,114.69000244140625,111.69999694824219,112.08000183105469,8011802,0.0,0.0
2021-01-27,111.69999694824219,113.44999694824219,110.52999877929688,111.58999633789062,9379145,0.0,0.0
2021-01-28,111.27999877929688,114.9000015258789,111.27999877929688,114.51000213623047,10568457,0.0,0.0
2021-01-29,113.08999633789062,114.02999877929688,110.55000305175781,110.55999755859375,11356417,0.0,0.0
2021-02-01,112.6500015258789,113.5,111.33000183105469,113.05999755859375,7533902,0.0,0.0
2021-02-02,114.5,115.3499984741211,113.25,113.8499984741211,8346142,0.0,0.0
2021-02-03,114.4000015258789,115.77999877929688,114.30000305175781,115.25,10527858,0.0,0.0
2021-02-04,115.58000183105469,116.12000274658203,114.37000274658203,114.62000274658203,8040255,0.0,0.0
2021-02-05,115.33000183105469,116.58999633789062,114.9000015258789,115.81999969482422,8095535,0.0,0.0
2021-02-08,115.41000366210938,116.31999969482422,114.5999984741211,115.18000030517578,3924618,0.0,0.0
2021-02-09,114.91000366210938,115.45999908447266,113.77999877929688,114.91000366210938,3461983,0.0,0.0
2021-02-10,115.27999877929688,115.27999877929688,113.44999694824219,113.91999816894531,9288169,0.0,0.0
2021-02-11,114.7300033569336,115.80000305175781,114.05000305175781,114.9000015258789,8336548,0.0,0.0
2021-02-12,114.29000091552734,115.26000213623047,113.66000366210938,115.05000305175781,6637473,0.0,0.0
2021-02-17,114.52999877929688,116.01000213623047,114.33999633789062,115.86000061035156,5357700,0.0,0.0
2021-02-18,115.75,116.20999908447266,114.01000213623047,114.61000061035156,8332508,0.0,0.0
2021-02-19,113.9800033569336,114.75,113.3499984741211,113.81999969482422,7258898,0.0,0.0
2021-02-22,109.98999786376953,110.11000061035156,107.47000122070312,108.25,26825567,0.0,0.0
2021-02-23,109.47000122070312,111.0199966430664,108.7699966430664,110.76000213623047,11760175,0.0,0.0
2021-02-24,111.56999969482422,111.79000091552734,110.26000213623047,111.45999908447266,10286568,0.0,0.0
2021-02-25,111.5,112.13999938964844,107.51000213623047,108.08999633789062,10153559,0.0,0.0
2021-02-26,108.4000015258789,109.20999908447266,105.58999633789062,105.58999633789062,13781345,0.0,0.0
2021-03-01,107.41000366210938,108.23999786376953,105.94000244140625,105.94000244140625,9913816,0.0,0.0
2021-03-02,104.98999786376953,108.2300033569336,103.16000366210938,107.5,21487862,0.0,0.0
2021-03-03,107.0,108.4000015258789,103.37999725341797,107.16000366210938,18095028,0.0,0.0
2021-03-04,107.38999938964844,110.18000030517578,107.06999969482422,108.56999969482422,13002164,0.0,0.0
2021-03-05,108.33000183105469,111.08999633789062,108.04000091552734,110.93000030517578,15195059,0.0,0.0
2021-03-08,108.76000213623047,110.22000122070312,105.3499984741211,105.3499984741211,15598978,0.0,0.0
2021-03-09,106.19000244140625,108.5,105.19999694824219,107.19000244140625,12619649,0.0,0.0
2021-03-10,107.5999984741211,108.68000030517578,105.69999694824219,108.62999725341797,11060008,0.0,0.0
2021-03-11,109.58999633789062,110.75,108.93000030517578,110.44999694824219,12779902,0.0,0.0
2021-03-12,109.85135650634766,109.85135650634766,109.85135650634766,109.85135650634766,0,0.0,0.0
2021-03-15,110.51969909667969,110.51969909667969,110.51969909667969,110.51969909667969,0,0.0,0.0
2021-03-16,109.71434020996094,109.71434020996094,109.71434020996094,109.71434020996094,0,0.0,0.0
2021-03-17,112.1492919921875,112.1492919921875,112.1492919921875,112.1492919921875,0,0.0,0.0
2021-03-18,110.49861145019531,110.49861145019531,110.49861145019531,110.49861145019531,0,0.0,0.0
2021-03-19,111.83014678955078,111.83014678955078,111.83014678955078,111.83014678955078,0,0.0,0.0
2021-03-22,110.63616180419922,110.63616180419922,110.63616180419922,110.63616180419922,0,0.0,0.0
2021-03-23,108.98515319824219,108.98515319824219,108.98515319824219,108.98515319824219,0,0.0,0.0
2021-03-24,107.83213806152344,107.83213806152344,107.83213806152344,107.83213806152344,0,0.0,0.0
2021-03-25,109.45245361328125,109.45245361328125,109.45245361328125,109.45245361328125,0,0.0,0.0
2021-03-26,110.44692993164062,110.44692993164062,110.44692993164062,110.44692993164062,0,0.0,0.0
2021-03-29,111.060302734375,111.060302734375,111.060302734375,111.060302734375,0,0.0,0.0
2021-03-30,112.4375228881836,112.4375228881836,112.4375228881836,112.4375228881836,0,0.0,0.0
2021-03-31,112.22679901123047,112.22679901123047,112.22679901123047,112.22679901123047,0,0.0,0.0
2021-04-01,110.9017105102539,110.9017105102539,110.9017105102539,110.9017105102539,0,0.0,0.0
2021-04-05,113.0841064453125,113.0841064453125,113.0841064453125,113.0841064453125,0,0.0,0.0
2021-04-06,113.06353759765625,113.06353759765625,113.06353759765625,113.06353759765625,0,0.0,0.0
2021-04-07,113.18211364746094,113.18211364746094,113.18211364746094,113.18211364746094,0,0.0,0.0
2021-04-08,113.30000305175781,114.48999786376953,112.97000122070312,113.75,7176007,0.0,0.0
2021-04-09,113.19999694824219,114.18000030517578,112.75,113.01000213623047,5667661,0.0,0.0
2021-04-12,113.7699966430664,114.55999755859375,113.6500015258789,114.4000015258789,5094956,0.0,0.0
2021-04-13,114.16000366210938,115.0,113.5,114.66999816894531,7141518,0.0,0.0
2021-04-14,114.91999816894531,116.26000213623047,114.9000015258789,115.5999984741211,7211848,0.0,0.0
2021-04-15,116.16000366210938,116.77999877929688,115.5,116.19999694824219,8111592,0.0,0.0
2021-04-16,115.91999816894531,116.75,115.5999984741211,116.45999908447266,5288574,0.0,0.0
2021-04-19,116.45999908447266,117.3499984741211,116.0,116.33999633789062,13288523,0.0,0.0
2021-04-20,116.0999984741211,116.68000030517578,115.29000091552734,115.4800033569336,5907054,0.0,0.0
2021-04-22,116.4000015258789,116.43000030517578,114.6500015258789,114.94999694824219,8619760,0.0,0.0
2021-04-23,115.58000183105469,116.2699966430664,115.3499984741211,115.97000122070312,6146965,0.0,0.0
2021-04-26,116.7300033569336,116.7300033569336,115.1500015258789,115.94999694824219,5216035,0.0,0.0
2021-04-27,116.0199966430664,116.48999786376953,114.44999694824219,114.77999877929688,6173146,0.0,0.0
2021-04-28,115.4800033569336,116.69000244140625,115.37000274658203,116.4000015258789,8855309,0.0,0.0
2021-04-29,116.62999725341797,116.87999725341797,115.13999938964844,115.31999969482422,9100185,0.0,0.0
2021-04-30,114.77999877929688,115.58999633789062,114.33000183105469,114.4000015258789,6032203,0.0,0.0
2021-05-03,115.30000305175781,115.37999725341797,113.94000244140625,114.68000030517578,5412178,0.0,0.0
2021-05-04,114.80000305175781,114.80000305175781,113.16000366210938,113.2699966430664,8940102,0.0,0.0
2021-05-05,114.05000305175781,115.29000091552734,113.7300033569336,115.1500015258789,7249427,0.0,0.0
2021-05-06,114.97000122070312,115.44999694824219,114.54000091552734,115.43000030517578,7731692,0.0,0.0
2021-05-07,115.76000213623047,117.45999908447266,115.68000030517578,117.45999908447266,4688407,0.0,0.0
2021-05-10,117.75,118.06999969482422,117.12999725341797,117.13999938964844,6074219,0.0,0.0
2021-05-11,116.0,118.12999725341797,115.61000061035156,118.12999725341797,6538806,0.0,0.0
2021-05-12,116.86000061035156,117.08999633789062,114.83999633789062,115.2699966430664,9237659,0.0,0.0
2021-05-13,115.61000061035156,116.81999969482422,115.27999877929688,116.04000091552734,7590937,0.0,0.0
2021-05-14,117.18000030517578,117.55999755859375,116.37999725341797,117.23999786376953,5048994,0.0,0.0
2021-05-17,117.06999969482422,118.41000366210938,117.05999755859375,118.30999755859375,5301297,0.0,0.0
2021-05-18,118.08999633789062,118.87999725341797,117.73999786376953,118.19000244140625,5486494,0.0,0.0
2021-05-19,117.06999969482422,118.54000091552734,116.94000244140625,118.01000213623047,4857782,0.0,0.0
2021-05-20,118.05000305175781,118.13999938964844,117.4800033569336,117.91000366210938,4851175,0.0,0.0
2021-05-21,118.01000213623047,118.12999725341797,117.0999984741211,118.01000213623047,5291297,0.0,0.0
2021-05-24,118.26000213623047,119.5,117.95999908447266,119.26000213623047,5797250,0.0,0.0
2021-05-25,119.88999938964844,119.97000122070312,118.05000305175781,118.4000015258789,5710867,0.0,0.0
2021-05-26,118.94000244140625,119.58000183105469,118.79000091552734,119.23999786376953,4726223,0.0,0.0
2021-05-27,119.45999908447266,119.83000183105469,118.79000091552734,119.58999633789062,6046346,0.0,0.0
2021-05-28,119.75,120.88999938964844,119.52999877929688,120.72000122070312,6018817,0.0,0.0
2021-05-31,120.83999633789062,121.25,120.27999877929688,121.25,4721404,0.0,0.0
2021-06-01,122.48999786376953,123.5,122.48999786376953,123.33000183105469,7121735,0.0,0.0
2021-06-02,123.51000213623047,124.66999816894531,123.20999908447266,124.66999816894531,7418254,0.0,0.0
2021-06-04,124.45999908447266,125.18000030517578,124.16000366210938,125.05000305175781,4734712,0.0,0.0
2021-06-07,124.80000305175781,126.22000122070312,124.55999755859375,125.75,5585865,0.0,0.0
2021-06-08,125.5,125.80999755859375,124.3499984741211,124.70999908447266,6665685,0.0,0.0
2021-06-09,124.91000366210938,125.91999816894531,124.37000274658203,124.87999725341797,5412393,0.0,0.0
2021-06-10,125.36000061035156,125.58999633789062,124.3499984741211,125.0,5113926,0.0,0.0
2021-06-11,125.56999969482422,125.56999969482422,123.76000213623047,124.4800033569336,4521510,0.0,0.0
2021-06-14,125.29000091552734,126.13999938964844,124.70999908447266,125.1500015258789,5375493,0.0,0.0
2021-06-15,125.16999816894531,125.33000183105469,124.31999969482422,125.18000030517578,4471858,0.0,0.0
2021-06-16,125.37999725341797,125.37999725341797,123.41999816894531,124.22000122070312,7232618,0.0,0.0
2021-06-17,124.20999908447266,124.95999908447266,122.72000122070312,123.08999633789062,5308161,0.0,0.0
2021-06-18,123.38999938964844,123.87999725341797,122.61000061035156,123.2699966430664,4853105,0.0,0.0
2021-06-21,123.22000122070312,124.51000213623047,123.11000061035156,124.2300033569336,4925253,0.0,0.0
2021-06-22,123.76000213623047,124.61000061035156,122.9000015258789,123.81999969482422,4593050,0.0,0.0
2021-06-23,123.81999969482422,124.94999694824219,123.25,123.54000091552734,4944504,0.0,0.0
2021-06-24,124.73999786376953,124.73999786376953,123.91000366210938,124.52999877929688,3731328,0.0,0.0
2021-06-25,124.93000030517578,124.93000030517578,121.76000213623047,122.5,5656441,0.0,0.0
2021-06-28,122.56999969482422,123.22000122070312,121.80000305175781,122.44999694824219,5960157,0.0,0.0
2021-06-29,122.55000305175781,122.58999633789062,121.33000183105469,122.30999755859375,5297858,0.0,0.0
2021-06-30,121.87000274658203,122.33999633789062,121.33999633789062,121.80999755859375,4449122,0.0,0.0
2021-07-01,122.12000274658203,122.29000091552734,120.19999694824219,120.7300033569336,6453620,0.0,0.0
2021-07-02,121.70999908447266,122.86000061035156,121.22000122070312,122.77999877929688,6835676,0.0,0.0
2021-07-05,122.58000183105469,122.58000183105469,121.66000366210938,121.97000122070312,4463042,0.0,0.0
2021-07-06,121.5,121.55999755859375,120.05000305175781,120.30000305175781,5768057,0.0,0.0
2021-07-07,121.5,122.37000274658203,120.43000030517578,122.27999877929688,4450498,0.0,0.0
2021-07-08,120.02999877929688,121.12999725341797,119.55000305175781,120.66000366210938,5522568,0.0,0.0
2021-07-12,121.44000244140625,122.94999694824219,121.33999633789062,122.77999877929688,3902309,0.0,0.0
2021-07-13,122.19999694824219,123.5,121.61000061035156,123.31999969482422,5575780,0.0,0.0
2021-07-14,124.30000305175781,124.70999908447266,123.19999694824219,123.47000122070312,6411294,0.0,0.0
2021-07-15,123.2300033569336,124.06999969482422,122.08000183105469,122.80000305175781,3984066,0.0,0.0
2021-07-16,123.01000213623047,123.13999938964844,121.04000091552734,121.1500015258789,6732086,0.0,0.0
2021-07-19,119.5,119.9000015258789,118.63999938964844,119.73999786376953,6584011,0.0,0.0
2021-07-20,119.37999725341797,120.83999633789062,118.87999725341797,120.5999984741211,7013706,0.0,0.0
2021-07-21,120.6500015258789,121.27999877929688,120.45999908447266,121.12000274658203,4196626,0.0,0.0
2021-07-22,121.08000183105469,121.5999984741211,120.5999984741211,121.43000030517578,2217205,0.0,0.0
2021-07-23,121.33000183105469,121.36000061035156,119.62000274658203,120.19999694824219,4081839,0.0,0.0
2021-07-26,120.31999969482422,121.41999816894531,120.31999969482422,121.19999694824219,3645268,0.0,0.0
2021-07-27,120.73999786376953,120.73999786376953,118.9000015258789,119.76000213623047,4701882,0.0,0.0
2021-07-28,120.9000015258789,121.9000015258789,120.19999694824219,121.44999694824219,8157790,0.0,0.0
2021-07-29,121.41999816894531,121.69000244140625,120.12999725341797,120.7300033569336,3556992,0.0,0.0
2021-07-30,119.6500015258789,120.23999786376953,117.0999984741211,117.11000061035156,8458060,0.0,0.0
2021-08-02,118.87999725341797,119.80000305175781,117.5999984741211,117.5999984741211,8166341,0.0,0.0
2021-08-03,117.79000091552734,119.05000305175781,116.12999725341797,118.7300033569336,6804976,0.0,0.0
2021-08-04,118.20999908447266,118.51000213623047,116.37999725341797,116.95999908447266,6511246,0.0,0.0
2021-08-05,118.23999786376953,118.88999938964844,116.45999908447266,116.93000030517578,9429835,0.0,0.0
2021-08-06,117.4000015258789,118.58999633789062,116.91000366210938,118.23999786376953,5131706,0.0,0.0
2021-08-09,117.4000015258789,118.91999816894531,116.91000366210938,118.13999938964844,6105641,0.0,0.0
2021-08-10,118.5,118.81999969482422,117.38999938964844,117.56999969482422,5886641,0.0,0.0
2021-08-11,117.48999786376953,118.08000183105469,116.18000030517578,117.26000213623047,5935025,0.0,0.0
2021-08-12,117.29000091552734,117.29000091552734,115.87000274658203,115.87000274658203,7668442,0.0,0.0
2021-08-13,116.44999694824219,116.68000030517578,115.3499984741211,116.55999755859375,5536161,0.0,0.0
2021-08-16,116.18000030517578,116.18000030517578,114.20999908447266,114.62999725341797,9872670,0.0,0.0
2021-08-17,114.30000305175781,114.5999984741211,111.88999938964844,113.3499984741211,13326949,0.0,0.0
2021-08-18,113.05999755859375,114.36000061035156,112.05999755859375,112.05999755859375,14334024,0.0,0.0
2021-08-19,110.81999969482422,113.16999816894531,110.0,112.8499984741211,12345336,0.0,0.0
2021-08-20,111.48999786376953,113.87000274658203,111.37000274658203,113.6500015258789,7724065,0.0,0.0
2021-08-23,113.6500015258789,113.94000244140625,112.58999633789062,113.05000305175781,5013969,0.0,0.0
2021-08-24,114.55000305175781,115.88999938964844,114.23999786376953,115.62999725341797,7336760,0.0,0.0
2021-08-25,115.11000061035156,116.13999938964844,114.66000366210938,116.13999938964844,4840065,0.0,0.0
2021-08-26,115.66000366210938,116.25,114.06999969482422,114.06999969482422,6625992,0.0,0.0
2021-08-27,114.6500015258789,116.18000030517578,114.51000213623047,116.18000030517578,4853508,0.0,0.0
2021-08-30,115.75,115.81999969482422,114.79000091552734,115.08000183105469,6018240,0.0,0.0
2021-08-31,114.9800033569336,115.56999969482422,113.3499984741211,114.08000183105469,5898759,0.0,0.0
2021-09-01,114.1500015258789,115.44999694824219,113.55000305175781,114.80000305175781,5256810,0.0,0.0
2021-09-02,114.13999938964844,114.13999938964844,112.11000061035156,112.1500015258789,6860155,0.0,0.0
2021-09-03,113.01000213623047,113.20999908447266,111.2300033569336,112.08999633789062,8653108,0.0,0.0
2021-09-06,112.0,113.61000061035156,111.7300033569336,113.4800033569336,5967480,0.0,0.0
2021-09-08,113.19000244140625,113.2699966430664,108.81999969482422,109.08000183105469,16112169,0.0,0.0
2021-09-09,109.55000305175781,112.08999633789062,108.0999984741211,111.51000213623047,13866198,0.0,0.0
2021-09-10,112.30000305175781,112.44999694824219,109.87999725341797,109.87999725341797,13914104,0.0,0.0
2021-09-13,111.68000030517578,112.6500015258789,111.05000305175781,112.12000274658203,8064276,0.0,0.0
2021-09-14,112.0199966430664,112.83000183105469,111.41000366210938,111.69999694824219,7831003,0.0,0.0
2021-09-15,111.73999786376953,111.73999786376953,110.31999969482422,110.68000030517578,7229594,0.0,0.0
2021-09-16,109.7699966430664,110.12000274658203,109.04000091552734,109.44000244140625,7911193,0.0,0.0
2021-09-17,109.18000030517578,109.18000030517578,106.91999816894531,107.13999938964844,9436917,0.0,0.0
2021-09-20,105.25,105.66000366210938,103.44000244140625,104.7699966430664,15966456,0.0,0.0
2021-09-21,105.30000305175781,106.70999908447266,104.7699966430664,105.7699966430664,12519910,0.0,0.0
2021-09-22,107.5999984741211,109.0,107.47000122070312,107.98999786376953,15095565,0.0,0.0
2021-09-23,108.2699966430664,109.98999786376953,108.12000274658203,109.5999984741211,12541374,0.0,0.0
2021-09-24,108.61000061035156,109.19000244140625,108.12999725341797,109.02999877929688,7910008,0.0,0.0
2021-09-27,108.93000030517578,110.4000015258789,107.8499984741211,108.88999938964844,9036606,0.0,0.0
2021-09-28,108.56999969482422,108.81999969482422,105.70999908447266,105.83000183105469,11273934,0.0,0.0
2021-09-29,106.87999725341797,107.73999786376953,106.12999725341797,106.83000183105469,7357567,0.0,0.0
2021-09-30,107.3499984741211,108.05000305175781,106.43000030517578,106.48999786376953,9094433,0.0,0.0
2021-10-01,107.01000213623047,108.69999694824219,106.94999694824219,108.48999786376953,8037295,0.0,0.0
2021-10-04,107.51000213623047,107.5199966430664,105.73999786376953,106.18000030517578,6695643,0.0,0.0
2021-10-05,106.2300033569336,107.4800033569336,105.80999755859375,106.12000274658203,11304653,0.0,0.0
2021-10-06,104.70999908447266,106.43000030517578,103.97000122070312,106.37000274658203,13152573,0.0,0.0
2021-10-07,106.7300033569336,107.19999694824219,106.2699966430664,106.41999816894531,8634987,0.0,0.0
2021-10-08,107.81999969482422,110.05000305175781,107.62000274658203,108.38999938964844,6614313,0.0,0.0
2021-10-11,108.66000366210938,109.5999984741211,107.75,107.75,5356682,0.0,0.0
2021-10-13,108.02999877929688,109.86000061035156,107.68000030517578,109.23999786376953,9539300,0.0,0.0
2021-10-14,109.44999694824219,109.44999694824219,108.31999969482422,108.97000122070312,6607675,0.0,0.0
2021-10-15,109.05000305175781,110.37000274658203,108.66999816894531,110.22000122070312,10879453,0.0,0.0
2021-10-18,108.80000305175781,110.52999877929688,108.41999816894531,109.94999694824219,7682672,0.0,0.0
2021-10-19,108.33000183105469,108.87000274658203,105.72000122070312,106.80000305175781,18925107,0.0,0.0
2021-10-20,107.19000244140625,107.77999877929688,105.9000015258789,106.7300033569336,10243284,0.0,0.0
2021-10-21,104.48999786376953,105.30999755859375,101.62000274658203,103.6500015258789,15143144,0.0,0.0
2021-10-22,102.45999908447266,103.7699966430664,98.87999725341797,102.33000183105469,27147453,0.0,0.0
2021-10-25,103.73999786376953,105.23999786376953,102.95999908447266,104.55000305175781,23301463,0.0,0.0
2021-10-26,103.37000274658203,103.63999938964844,102.19999694824219,102.25,11218803,0.0,0.0
2021-10-27,103.1500015258789,104.12999725341797,101.95999908447266,102.4000015258789,9630893,0.0,0.0
2021-10-28,101.83999633789062,103.19999694824219,100.61000061035156,100.61000061035156,7838751,0.0,0.0
2021-10-29,101.98999786376953,102.04000091552734,99.47000122070312,99.68000030517578,11545762,0.0,0.0
2021-11-01,100.76000213623047,102.06999969482422,100.41999816894531,101.5199966430664,12126470,0.0,0.0
2021-11-03,100.80000305175781,102.81999969482422,100.13999938964844,102.0,15640010,0.0,0.0
2021-11-04,101.5199966430664,101.5199966430664,98.87000274658203,99.6500015258789,15004607,0.0,0.0
2021-11-05,100.5,101.56999969482422,100.37999725341797,100.80999755859375,7201973,0.0,0.0
2021-11-08,100.12000274658203,101.75,100.0999984741211,100.83000183105469,7156498,0.0,0.0
2021-11-09,100.9800033569336,102.62999725341797,100.94999694824219,101.38999938964844,9319101,0.0,0.0
2021-11-10,101.26000213623047,103.29000091552734,101.05999755859375,102.0199966430664,9346699,0.0,0.0
2021-11-11,103.54000091552734,104.5,103.2300033569336,103.55000305175781,12871446,0.0,0.0
2021-11-12,103.30000305175781,103.87000274658203,101.7300033569336,102.12999725341797,7567624,0.0,0.0
2021-11-16,102.7300033569336,102.8499984741211,100.12000274658203,100.36000061035156,9476596,0.0,0.0
2021-11-17,101.5,101.54000091552734,98.5,99.25,8639990,0.0,0.0
2021-11-18,99.37000274658203,99.87000274658203,98.13999938964844,98.6500015258789,10517617,0.0,0.0
2021-11-19,98.79000091552734,100.0199966430664,98.33999633789062,99.2699966430664,8560633,0.0,0.0
2021-11-22,99.52999877929688,100.6500015258789,98.2300033569336,98.23999786376953,8716382,0.0,0.0
2021-11-23,99.16999816894531,100.0,97.87999725341797,100.0,12459671,0.0,0.0
2021-11-24,99.13999938964844,101.16999816894531,98.51000213623047,100.66000366210938,15892051,0.0,0.0
2021-11-25,101.01000213623047,102.45999908447266,100.7699966430664,101.98999786376953,8605230,0.0,0.0
2021-11-26,99.38999938964844,99.38999938964844,97.5999984741211,98.38999938964844,10402486,0.0,0.0
2021-11-29,99.63999938964844,100.19999694824219,98.73999786376953,99.01000213623047,7099544,0.0,0.0
2021-11-30,98.58999633789062,99.19000244140625,96.31999969482422,98.3499984741211,11313116,0.0,0.0
2021-12-01,99.26000213623047,100.18000030517578,96.91000366210938,97.08999633789062,14177075,0.0,0.0
2021-12-02,98.44999694824219,100.43000030517578,98.30000305175781,100.43000030517578,11747929,0.0,0.0
2021-12-03,100.86000061035156,102.83999633789062,100.1500015258789,101.31999969482422,11461688,0.0,0.0
2021-12-06,101.9800033569336,103.55999755859375,101.68000030517578,103.0,9256574,0.0,0.0
2021-12-07,104.5,104.5,103.12000274658203,103.62999725341797,7162804,0.0,0.0
2021-12-08,103.8499984741211,104.54000091552734,103.30999755859375,104.19999694824219,6093913,0.0,0.0
2021-12-09,103.37000274658203,103.4800033569336,101.9000015258789,102.13999938964844,7126327,0.0,0.0
2021-12-10,103.5999984741211,104.23999786376953,103.25,103.7300033569336,5772541,0.0,0.0
2021-12-13,103.9000015258789,105.41000366210938,103.45999908447266,103.5,8548419,0.0,0.0
2021-12-14,104.58999633789062,105.0999984741211,102.44000244140625,102.69999694824219,5746846,0.0,0.0
2021-12-15,102.69999694824219,104.0999984741211,101.66999816894531,103.19999694824219,6693457,0.0,0.0
2021-12-16,104.5,104.87999725341797,103.62000274658203,104.41000366210938,9004154,0.0,0.0
2021-12-17,103.37999725341797,103.80000305175781,102.5,103.0999984741211,9395810,0.0,0.0
2021-12-20,101.9800033569336,101.9800033569336,100.4000015258789,101.0,9656450,0.0,0.0
2021-12-21,101.88999938964844,101.94000244140625,101.0999984741211,101.41999816894531,6268166,0.0,0.0
2021-12-22,101.69999694824219,101.79000091552734,100.44000244140625,101.43000030517578,7263946,0.0,0.0
2021-12-23,101.5999984741211,101.5999984741211,100.70999908447266,100.8499984741211,5047637,0.0,0.0
2021-12-27,101.4000015258789,101.80000305175781,100.94999694824219,101.5999984741211,5274352,0.0,0.0
2021-12-28,101.83000183105469,101.83000183105469,100.58999633789062,101.05999755859375,7167734,0.0,0.0
2021-12-29,101.23999786376953,101.3499984741211,99.94000244140625,100.25,7343838,0.0,0.0
2021-12-30,100.80999755859375,101.44999694824219,100.29000091552734,100.80000305175781,3404622,0.0,0.0
2022-01-03,101.48999786376953,102.23999786376953,99.55000305175781,99.93000030517578,9627960,0.0,0.0
2022-01-04,100.45999908447266,100.4800033569336,99.26000213623047,99.56999969482422,7865032,0.0,0.0
2022-01-05,99.29000091552734,99.69999694824219,97.0999984741211,97.0999984741211,14325274,0.0,0.0
2022-01-06,97.63999938964844,98.48999786376953,97.41000366210938,97.8499984741211,7406134,0.0,0.0
2022-01-07,97.79000091552734,98.69999694824219,97.27999877929688,98.69999694824219,9225417,0.0,0.0
2022-01-10,97.95999908447266,98.73999786376953,97.27999877929688,98.43000030517578,6105347,0.0,0.0
2022-01-11,98.12999725341797,100.0999984741211,98.01000213623047,100.0999984741211,8928004,0.0,0.0
2022-01-12,100.30000305175781,101.91999816894531,100.1500015258789,101.91000366210938,5139226,0.0,0.0
2022-01-13,101.19999694824219,102.31999969482422,101.02999877929688,101.55000305175781,7127705,0.0,0.0
2022-01-14,101.5999984741211,103.06999969482422,101.08999633789062,103.06999969482422,6039783,0.0,0.0
2022-01-17,102.54000091552734,102.91000366210938,102.08999633789062,102.58000183105469,3734769,0.0,0.0
2022-01-18,102.2699966430664,103.08000183105469,101.80999755859375,102.8499984741211,6179773,0.0,0.0
2022-01-19,103.8499984741211,104.6500015258789,103.63999938964844,104.05000305175781,4800243,0.0,0.0
2022-01-20,104.56999969482422,105.79000091552734,104.33999633789062,104.9000015258789,9179398,0.0,0.0
2022-01-21,104.45999908447266,105.7300033569336,104.27999877929688,104.69999694824219,8046144,0.0,0.0
2022-01-24,104.48999786376953,104.66000366210938,102.6500015258789,104.08000183105469,9967944,0.0,0.0
2022-01-25,103.41999816894531,106.63999938964844,103.1500015258789,106.33000183105469,10353103,0.0,0.0
2022-01-26,107.43000030517578,108.54000091552734,106.83000183105469,107.38999938964844,9196792,0.0,0.0
2022-01-27,108.26000213623047,108.8499984741211,107.5,108.19999694824219,11298513,0.0,0.0
2022-01-28,107.73999786376953,108.80000305175781,107.0,107.58000183105469,7697928,0.0,0.0
2022-01-31,107.29000091552734,108.45999908447266,107.04000091552734,107.9800033569336,11574584,0.0,0.0
2022-02-01,108.23999786376953,109.1500015258789,107.94999694824219,109.1500015258789,7449053,0.0,0.0
2022-02-02,109.08999633789062,109.19999694824219,107.5199966430664,107.69000244140625,7856193,0.0,0.0
2022-02-03,108.04000091552734,108.30000305175781,107.11000061035156,107.7699966430664,5108583,0.0,0.0
2022-02-04,107.43000030517578,108.22000122070312,106.22000122070312,108.0199966430664,5447251,0.0,0.0
2022-02-07,107.7699966430664,108.23999786376953,107.31999969482422,107.72000122070312,7654432,0.0,0.0
2022-02-08,107.04000091552734,108.2300033569336,106.81999969482422,108.2300033569336,5838001,0.0,0.0
2022-02-09,107.8499984741211,108.9800033569336,107.61000061035156,108.2300033569336,6409174,0.0,0.0
2022-02-10,108.79000091552734,109.62000274658203,108.01000213623047,109.0999984741211,6122420,0.0,0.0
2022-02-11,109.9000015258789,110.5999984741211,108.83999633789062,109.30999755859375,10129103,0.0,0.0
2022-02-14,109.66000366210938,109.98999786376953,109.11000061035156,109.5199966430664,8946250,0.0,0.0
2022-02-15,109.94000244140625,110.5999984741211,109.72000122070312,110.5999984741211,6013800,0.0,0.0
2022-02-16,111.05999755859375,111.33999633789062,110.58000183105469,110.7699966430664,6453198,0.0,0.0
2022-02-17,110.58000183105469,110.87000274658203,109.0999984741211,109.0999984741211,7640255,0.0,0.0
2022-02-18,109.86000061035156,109.95999908447266,108.44000244140625,108.51000213623047,8046931,0.0,0.0
2022-02-21,108.94999694824219,109.18000030517578,107.44999694824219,107.44999694824219,7114257,0.0,0.0
2022-02-22,108.91000366210938,109.19000244140625,108.11000061035156,109.0,6156353,0.0,0.0
2022-02-23,109.02999877929688,109.5999984741211,107.58000183105469,107.58000183105469,7204675,0.0,0.0
2022-02-24,105.23999786376953,107.5,105.0999984741211,107.4800033569336,12751281,0.0,0.0
2022-02-25,107.05000305175781,108.9000015258789,106.55000305175781,108.9000015258789,6768630,0.0,0.0
2022-03-02,110.19999694824219,111.16000366210938,109.31999969482422,111.0999984741211,4663476,0.0,0.0
2022-03-03,111.08999633789062,111.66000366210938,110.80000305175781,111.0199966430664,6039498,0.0,0.0
2022-03-04,110.66000366210938,110.79000091552734,109.26000213623047,110.4000015258789,7756558,0.0,0.0
2022-03-07,110.0,110.31999969482422,106.94999694824219,107.11000061035156,10727876,0.0,0.0
2022-03-08,107.87999725341797,108.29000091552734,106.91999816894531,107.29000091552734,12913914,0.0,0.0
2022-03-09,108.0199966430664,109.86000061035156,107.58999633789062,109.77999877929688,8496076,0.0,0.0
2022-03-10,109.06999969482422,109.44000244140625,107.70999908447266,109.4000015258789,7097908,0.0,0.0
2022-03-11,110.12999725341797,110.30000305175781,107.16999816894531,107.69999694824219,6797149,0.0,0.0
2022-03-14,108.19000244140625,108.37000274658203,105.63999938964844,106.04000091552734,4960258,0.0,0.0
2022-03-15,105.01000213623047,105.56999969482422,103.83999633789062,104.9000015258789,9758248,0.0,0.0
2022-03-16,106.0,107.13999938964844,105.06999969482422,107.13999938964844,12298381,0.0,0.0
2022-03-17,107.45999908447266,108.87000274658203,106.9000015258789,108.83000183105469,9125502,0.0,0.0
2022-03-18,108.54000091552734,111.0199966430664,108.2699966430664,110.7300033569336,10337977,0.0,0.0
2022-03-21,111.19000244140625,112.0,110.94999694824219,111.94000244140625,11194285,0.0,0.0
2022-03-22,112.66999816894531,113.26000213623047,112.54000091552734,113.0999984741211,6000620,0.0,0.0
2022-03-23,113.12999725341797,113.8499984741211,112.69999694824219,112.9000015258789,8734456,0.0,0.0
2022-03-24,113.3499984741211,114.86000061035156,112.80000305175781,114.73999786376953,7580787,0.0,0.0
2022-03-25,115.0,115.23999786376953,114.13999938964844,114.75,7575333,0.0,0.0
2022-03-28,114.88999938964844,114.9800033569336,113.66000366210938,114.51000213623047,5124256,0.0,0.0
2022-03-29,115.81999969482422,116.41999816894531,115.0999984741211,115.75,8815212,0.0,0.0
2022-03-30,115.80000305175781,116.0999984741211,115.33000183105469,115.9000015258789,4049154,0.0,0.0
2022-03-31,115.91000366210938,116.44999694824219,115.56999969482422,115.5999984741211,4841330,0.0,0.0
2022-04-01,116.58000183105469,117.22000122070312,116.55999755859375,117.19999694824219,5899396,0.0,0.0
2022-04-04,116.8499984741211,117.05999755859375,116.27999877929688,116.80000305175781,2246064,0.0,0.0
2022-04-05,116.70999908447266,117.0999984741211,114.37999725341797,114.51000213623047,7448946,0.0,0.0
2022-04-06,114.12000274658203,114.30999755859375,112.4800033569336,113.87000274658203,8766099,0.0,0.0
2022-04-07,113.2699966430664,114.9000015258789,113.01000213623047,114.6500015258789,4496513,0.0,0.0
2022-04-08,113.94999694824219,114.48999786376953,113.12000274658203,113.9800033569336,3844997,0.0,0.0
2022-04-11,112.8499984741211,113.37000274658203,112.5,112.56999969482422,3512859,0.0,0.0
2022-04-12,113.97000122070312,114.18000030517578,111.7699966430664,111.7699966430664,3798203,0.0,0.0
2022-04-13,112.5999984741211,113.0199966430664,111.97000122070312,112.5199966430664,4623707,0.0,0.0
2022-04-14,112.0,112.45999908447266,111.30000305175781,111.6500015258789,3129072,0.0,0.0
2022-04-18,111.62000274658203,111.9800033569336,110.91999816894531,111.45999908447266,3828777,0.0,0.0
2022-04-19,110.76000213623047,111.16999816894531,110.05999755859375,110.91999816894531,4193297,0.0,0.0
2022-04-20,110.5199966430664,110.75,109.7300033569336,110.05000305175781,3660925,0.0,0.0
2022-04-22,109.37000274658203,109.37000274658203,106.5,106.75,7855727,0.0,0.0
2022-04-25,105.77999877929688,107.11000061035156,105.23999786376953,106.76000213623047,7100769,0.0,0.0
2022-04-26,105.9000015258789,106.16999816894531,104.05000305175781,104.27999877929688,6778576,0.0,0.0
2022-04-27,105.93000030517578,106.11000061035156,105.0,105.5199966430664,8787144,0.0,0.0
2022-04-28,106.05999755859375,106.66000366210938,104.81999969482422,105.86000061035156,6498865,0.0,0.0
2022-04-29,107.29000091552734,107.7300033569336,103.4000015258789,103.4000015258789,7767970,0.0,0.0
2022-05-02,103.66999816894531,103.95999908447266,101.30000305175781,102.72000122070312,10478622,0.0,0.0
2022-05-03,102.8499984741211,103.25,102.08999633789062,102.72000122070312,8452712,0.0,0.0
2022-05-04,101.97000122070312,104.56999969482422,101.0999984741211,104.37999725341797,9179810,0.0,0.0
2022-05-05,103.19000244140625,103.19999694824219,100.12000274658203,101.5,13532589,0.0,0.0
2022-05-06,101.5199966430664,102.43000030517578,100.0999984741211,101.2300033569336,12702592,0.0,0.0
2022-05-09,99.80000305175781,100.68000030517578,99.0199966430664,99.68000030517578,8142846,0.0,0.0
2022-05-10,100.16000366210938,100.38999938964844,98.62999725341797,99.23999786376953,5857961,0.0,0.0
2022-05-11,99.61000061035156,101.4800033569336,99.61000061035156,100.63999938964844,9118393,0.0,0.0
2022-05-12,100.0,102.04000091552734,99.73999786376953,102.04000091552734,8413333,0.0,0.0
2022-05-13,102.33999633789062,103.87000274658203,102.26000213623047,103.29000091552734,8335662,0.0,0.0
2022-05-16,103.36000061035156,104.81999969482422,102.97000122070312,104.4000015258789,8788116,0.0,0.0
2022-05-17,105.55000305175781,105.69999694824219,104.37000274658203,104.9000015258789,4343008,0.0,0.0
2022-05-18,104.77999877929688,104.77999877929688,102.1500015258789,102.20999908447266,10235510,0.0,0.0
2022-05-19,102.41000366210938,103.5,102.38999938964844,103.08000183105469,9847683,0.0,0.0
2022-05-20,104.5,104.8499984741211,103.47000122070312,104.66000366210938,8127970,0.0,0.0
2022-05-23,105.47000122070312,106.76000213623047,105.12000274658203,106.76000213623047,6964600,0.0,0.0
2022-05-24,105.23999786376953,106.70999908447266,104.5,106.63999938964844,7988511,0.0,0.0
2022-05-25,106.19000244140625,107.04000091552734,105.68000030517578,106.66000366210938,5799926,0.0,0.0
2022-05-26,106.66999816894531,108.08999633789062,106.3499984741211,108.0199966430664,4388652,0.0,0.0
2022-05-27,107.7300033569336,108.43000030517578,107.55000305175781,107.9000015258789,5098516,0.0,0.0
2022-05-30,108.69999694824219,108.7300033569336,106.63999938964844,106.91999816894531,3047637,0.0,0.0
2022-05-31,107.73999786376953,107.91999816894531,106.66999816894531,107.18000030517578,3008556,0.0,0.0
2022-06-01,107.33000183105469,107.98999786376953,106.7699966430664,107.47000122070312,4607531,0.0,0.0
2022-06-02,108.3499984741211,108.75,107.19999694824219,108.43000030517578,5361689,0.0,0.0
2022-06-03,107.9000015258789,107.9000015258789,106.97000122070312,107.4800033569336,9020765,0.0,0.0
2022-06-06,107.61000061035156,108.0199966430664,106.05999755859375,106.41999816894531,4645448,0.0,0.0
2022-06-07,105.87999725341797,106.54000091552734,105.47000122070312,106.1500015258789,5264171,0.0,0.0
2022-06-08,105.2300033569336,106.25,104.19000244140625,104.5999984741211,8103707,0.0,0.0
2022-06-09,104.19000244140625,104.73999786376953,103.2300033569336,103.68000030517578,8666935,0.0,0.0
2022-06-10,102.4000015258789,102.55000305175781,100.87000274658203,101.81999969482422,10808201,0.0,0.0
2022-06-13,100.0999984741211,100.2300033569336,98.06999969482422,99.12000274658203,15449422,0.0,0.0
2022-06-14,99.22000122070312,99.58000183105469,97.62999725341797,98.36000061035156,9932671,0.0,0.0
2022-06-15,99.61000061035156,100.31999969482422,98.30000305175781,99.37999725341797,11374258,0.0,0.0
2022-06-17,97.58999633789062,97.58999633789062,94.91000366210938,96.20999908447266,21454632,0.0,0.0
2022-06-20,96.19999694824219,96.87000274658203,94.83000183105469,96.29000091552734,7222819,0.0,0.0
2022-06-21,97.06999969482422,97.48999786376953,95.5999984741211,96.4000015258789,7104412,0.0,0.0
2022-06-22,95.23999786376953,96.88999938964844,94.6500015258789,96.02999877929688,8092953,0.0,0.0
2022-06-23,96.45999908447266,96.79000091552734,94.37999725341797,94.66000366210938,6606090,0.0,0.0
2022-06-24,95.55000305175781,95.88999938964844,94.51000213623047,95.47000122070312,14423791,0.0,0.0
2022-06-27,96.05999755859375,97.66000366210938,95.80000305175781,97.3499984741211,8088284,0.0,0.0
2022-06-28,98.06999969482422,98.62999725341797,96.37000274658203,97.05000305175781,8087735,0.0,0.0
2022-06-29,97.37000274658203,97.66000366210938,95.6500015258789,96.0,6869612,0.0,0.0
2022-06-30,94.5,95.79000091552734,94.26000213623047,95.0,9077017,0.0,0.0
2022-07-01,94.36000061035156,95.8499984741211,93.80999755859375,95.62999725341797,9277937,0.0,0.0
2022-07-04,94.98999786376953,95.87000274658203,94.75,95.19999694824219,6126222,0.0,0.0
2022-07-05,94.41999816894531,94.91999816894531,93.05999755859375,94.80000305175781,8115343,0.0,0.0
2022-07-06,94.58000183105469,95.66000366210938,93.97000122070312,95.41999816894531,6784584,0.0,0.0
2022-07-07,96.62000274658203,97.91000366210938,96.58000183105469,97.37999725341797,9083498,0.0,0.0
2022-07-08,97.5199966430664,98.0,96.38999938964844,96.87999725341797,7040395,0.0,0.0
2022-07-11,95.36000061035156,95.76000213623047,94.3499984741211,94.80000305175781,7316887,0.0,0.0
2022-07-12,94.2699966430664,95.29000091552734,93.83000183105469,94.9000015258789,8225990,0.0,0.0
2022-07-13,94.19999694824219,95.44999694824219,93.94999694824219,94.51000213623047,5845155,0.0,0.0
2022-07-14,93.02999877929688,93.11000061035156,92.08999633789062,92.55000305175781,9711434,0.0,0.0
2022-07-15,92.87999725341797,93.58000183105469,91.9000015258789,93.2699966430664,7782700,0.0,0.0
2022-07-18,94.0,94.81999969482422,93.19999694824219,93.37000274658203,8258655,0.0,0.0
2022-07-19,93.72000122070312,94.83999633789062,93.56999969482422,94.69999694824219,12130579,0.0,0.0
2022-07-20,94.19999694824219,94.94999694824219,93.83999633789062,94.94999694824219,7567901,0.0,0.0
2022-07-21,93.98999786376953,95.52999877929688,93.62000274658203,95.3499984741211,7765854,0.0,0.0
2022-07-22,95.79000091552734,96.16000366210938,94.81999969482422,95.41999816894531,5037163,0.0,0.0
2022-07-25,96.30999755859375,96.93000030517578,96.02999877929688,96.75,4192244,0.0,0.0
2022-07-26,96.87999725341797,97.16000366210938,95.8499984741211,96.1500015258789,4780077,0.0,0.0
2022-07-27,96.7699966430664,97.94000244140625,96.45999908447266,97.83000183105469,4846166,0.0,0.0
2022-07-28,98.01000213623047,99.0999984741211,97.41999816894531,99.0999984741211,6764647,0.0,0.0
2022-07-29,99.29000091552734,100.37999725341797,98.94999694824219,99.30000305175781,5919730,0.0,0.0
2022-08-01,99.2699966430664,99.68000030517578,98.13999938964844,98.55999755859375,7184927,0.0,0.0
2022-08-02,98.30000305175781,100.0199966430664,98.11000061035156,99.52999877929688,5151841,0.0,0.0
2022-08-03,99.7699966430664,100.19999694824219,99.1500015258789,100.19999694824219,5346146,0.0,0.0
2022-08-04,100.95999908447266,102.4800033569336,100.93000030517578,102.4800033569336,8968736,0.0,0.0
2022-08-05,102.3499984741211,103.41000366210938,101.76000213623047,102.73999786376953,10002719,0.0,0.0
2022-08-08,103.3499984741211,104.80000305175781,103.29000091552734,104.80000305175781,9991602,0.0,0.0
2022-08-09,105.44000244140625,105.44000244140625,104.04000091552734,105.05000305175781,5318575,0.0,0.0
2022-08-10,106.20999908447266,106.55999755859375,105.58999633789062,106.55999755859375,9071013,0.0,0.0
2022-08-11,107.30999755859375,107.55000305175781,105.76000213623047,105.87999725341797,10689145,0.0,0.0
2022-08-12,106.7699966430664,108.63999938964844,106.30999755859375,108.63999938964844,8648683,0.0,0.0
2022-08-15,107.55000305175781,109.23999786376953,107.0999984741211,108.97000122070312,7788876,0.0,0.0
2022-08-16,109.0,109.76000213623047,108.75,109.76000213623047,5754567,0.0,0.0
2022-08-17,108.69999694824219,110.22000122070312,108.62000274658203,109.98999786376953,9377492,0.0,0.0
2022-08-18,110.16000366210938,110.30999755859375,109.3499984741211,109.94000244140625,5309372,0.0,0.0
2022-08-19,108.81999969482422,109.0,107.3499984741211,107.52999877929688,11413397,0.0,0.0
2022-08-22,106.76000213623047,107.1500015258789,106.08999633789062,106.7300033569336,8295263,0.0,0.0
2022-08-23,107.04000091552734,109.0999984741211,107.04000091552734,109.0999984741211,8765140,0.0,0.0
2022-08-24,108.93000030517578,109.9000015258789,108.66000366210938,109.18000030517578,4768594,0.0,0.0
2022-08-25,109.83000183105469,110.08999633789062,108.83000183105469,109.5999984741211,3653799,0.0,0.0
2022-08-26,110.08000183105469,110.19000244140625,108.0,108.36000061035156,6865876,0.0,0.0
2022-08-29,107.91000366210938,109.29000091552734,107.86000061035156,108.4000015258789,7305457,0.0,0.0
2022-08-30,108.69999694824219,108.9000015258789,106.25,106.4000015258789,4987623,0.0,0.0
2022-08-31,106.83000183105469,107.5199966430664,105.69999694824219,105.83000183105469,5172381,0.0,0.0
2022-09-01,106.06999969482422,106.58999633789062,104.43000030517578,106.58999633789062,4596379,0.0,0.0
2022-09-02,107.36000061035156,108.41999816894531,106.70999908447266,107.08999633789062,6402123,0.0,0.0
2022-09-05,108.2699966430664,108.69000244140625,107.77999877929688,108.44999694824219,4105136,0.0,0.0
2022-09-06,106.93000030517578,107.08000183105469,105.51000213623047,105.94999694824219,4508491,0.0,0.0
2022-09-08,106.11000061035156,106.91000366210938,104.76000213623047,106.18000030517578,6315526,0.0,0.0
2022-09-09,107.54000091552734,108.58000183105469,107.27999877929688,108.4000015258789,8678670,0.0,0.0
2022-09-12,109.5999984741211,110.19000244140625,109.30000305175781,109.44000244140625,4476360,0.0,0.0
2022-09-13,107.94000244140625,108.8499984741211,106.61000061035156,106.9800033569336,5742522,0.0,0.0
2022-09-14,106.69000244140625,107.58999633789062,106.22000122070312,106.75,3672277,0.0,0.0
2022-09-15,106.76000213623047,107.26000213623047,105.62000274658203,106.11000061035156,4860027,0.0,0.0
2022-09-16,105.19000244140625,105.76000213623047,104.72000122070312,105.5999984741211,8960204,0.0,0.0
2022-09-19,104.83000183105469,108.22000122070312,104.66000366210938,108.22000122070312,6648288,0.0,0.0
2022-09-20,108.5,108.8499984741211,107.44999694824219,108.8499984741211,7482013,0.0,0.0
2022-09-21,108.9000015258789,109.37999725341797,107.41000366210938,108.16000366210938,9395850,0.0,0.0
2022-09-22,109.58000183105469,110.47000122070312,107.87999725341797,110.12999725341797,7094666,0.0,0.0
2022-09-23,108.20999908447266,108.54000091552734,106.83999633789062,107.83999633789062,6435873,0.0,0.0
2022-09-26,107.0,107.33000183105469,105.12999725341797,105.12999725341797,8200764,0.0,0.0
2022-09-27,106.44999694824219,106.44999694824219,104.3499984741211,104.68000030517578,8055825,0.0,0.0
2022-09-28,104.62000274658203,105.20999908447266,104.06999969482422,104.81999969482422,6351848,0.0,0.0
2022-09-29,103.70999908447266,104.36000061035156,102.43000030517578,103.80000305175781,7242507,0.0,0.0
2022-09-30,103.63999938964844,106.69999694824219,103.51000213623047,106.45999908447266,9257857,0.0,0.0
2022-10-03,110.0,112.4000015258789,109.33000183105469,112.4000015258789,11217558,0.0,0.0
2022-10-04,114.0199966430664,114.13999938964844,111.76000213623047,112.3499984741211,9125456,0.0,0.0
2022-10-05,112.62000274658203,113.4800033569336,111.81999969482422,113.31999969482422,6345767,0.0,0.0
2022-10-06,113.58999633789062,114.47000122070312,113.01000213623047,113.47000122070312,8513848,0.0,0.0
2022-10-07,112.97000122070312,113.88999938964844,111.95999908447266,112.77999877929688,9139957,0.0,0.0
2022-10-10,112.88999938964844,113.05000305175781,111.27999877929688,112.08000183105469,5757538,0.0,0.0
2022-10-11,111.48999786376953,111.87000274658203,110.29000091552734,110.88999938964844,6187087,0.0,0.0
2022-10-13,109.2699966430664,111.44999694824219,108.75,110.26000213623047,7760357,0.0,0.0
2022-10-14,110.36000061035156,110.72000122070312,107.66999816894531,108.22000122070312,6057935,0.0,0.0
2022-10-17,108.7699966430664,110.38999938964844,108.41000366210938,109.9000015258789,4177222,0.0,0.0
2022-10-18,111.25,111.94000244140625,110.18000030517578,111.94000244140625,6795170,0.0,0.0
2022-10-19,111.7300033569336,112.44000244140625,111.2699966430664,112.3499984741211,3824571,0.0,0.0
2022-10-20,113.19000244140625,113.33000183105469,112.4000015258789,112.9000015258789,12906647,0.0,0.0
2022-10-21,113.0,116.61000061035156,112.62999725341797,116.43000030517578,12652526,0.0,0.0
2022-10-24,114.56999969482422,114.56999969482422,111.80000305175781,112.13999938964844,9907530,0.0,0.0
2022-10-25,111.69999694824219,112.23999786376953,110.4800033569336,110.4800033569336,6955937,0.0,0.0
2022-10-26,109.55000305175781,110.43000030517578,108.69999694824219,108.77999877929688,9249423,0.0,0.0
2022-10-27,109.80000305175781,112.52999877929688,109.0999984741211,110.0,9147819,0.0,0.0
2022-10-28,109.83999633789062,113.0,109.33999633789062,113.0,13910854,0.0,0.0
2022-10-31,108.47000122070312,112.77999877929688,108.25,112.1500015258789,14046822,0.0,0.0
2022-11-01,113.16000366210938,114.19000244140625,111.44000244140625,112.80999755859375,10302600,0.0,0.0
2022-11-03,111.36000061035156,113.3499984741211,110.4000015258789,113.0999984741211,7936308,0.0,0.0
2022-11-04,115.33999633789062,115.91000366210938,113.94999694824219,114.0,9631211,0.0,0.0
2022-11-07,113.38999938964844,114.13999938964844,111.16000366210938,111.22000122070312,8490758,0.0,0.0
2022-11-08,110.72000122070312,113.16999816894531,110.61000061035156,112.30000305175781,8043997,0.0,0.0
2022-11-09,111.20999908447266,112.5,109.13999938964844,109.75,12347442,0.0,0.0
2022-11-10,107.0,108.68000030517578,104.6500015258789,106.0999984741211,24101641,0.0,0.0
2022-11-11,106.0999984741211,109.23999786376953,105.75,108.55000305175781,12721566,0.0,0.0
2022-11-14,109.58000183105469,110.43000030517578,108.08000183105469,109.23999786376953,8737698,0.0,0.0
2022-11-16,109.23999786376953,109.44000244140625,105.62000274658203,106.04000091552734,14252894,0.0,0.0
2022-11-17,104.9000015258789,105.93000030517578,103.52999877929688,105.69000244140625,16978148,0.0,0.0
2022-11-18,107.08999633789062,107.77999877929688,104.70999908447266,104.8499984741211,12109727,0.0,0.0
2022-11-21,106.0,106.44999694824219,104.19999694824219,106.08000183105469,12565712,0.0,0.0
2022-11-22,106.3499984741211,106.5999984741211,104.11000061035156,105.06999969482422,6812999,0.0,0.0
2022-11-23,104.6500015258789,105.5999984741211,104.18000030517578,105.23999786376953,8097851,0.0,0.0
2022-11-24,105.9000015258789,108.86000061035156,105.79000091552734,108.19999694824219,7266139,0.0,0.0
2022-11-25,107.80000305175781,107.95999908447266,104.81999969482422,105.06999969482422,5237368,0.0,0.0
2022-11-28,105.13999938964844,105.76000213623047,104.63999938964844,105.1500015258789,3984614,0.0,0.0
2022-11-29,105.87000274658203,108.44000244140625,105.51000213623047,107.29000091552734,9506788,0.0,0.0
2022-11-30,107.0999984741211,108.58000183105469,106.38999938964844,108.58000183105469,8921213,0.0,0.0
2022-12-01,107.7699966430664,108.19999694824219,106.70999908447266,107.05999755859375,7068611,0.0,0.0
2022-12-02,107.56999969482422,109.9000015258789,106.13999938964844,107.94999694824219,7884555,0.0,0.0
2022-12-05,107.69999694824219,108.1500015258789,105.5,105.62999725341797,5817476,0.0,0.0
2022-12-06,106.5,106.87999725341797,105.41999816894531,106.73999786376953,6254454,0.0,0.0
2022-12-07,105.98999786376953,106.4800033569336,104.83999633789062,105.58999633789062,5449114,0.0,0.0
2022-12-08,105.05999755859375,105.55000305175781,103.19000244140625,103.56999969482422,7512214,0.0,0.0
2022-12-09,104.2300033569336,104.91999816894531,103.38999938964844,103.9000015258789,5248949,0.0,0.0
2022-12-12,103.75,103.97000122070312,100.30000305175781,101.80000305175781,12417047,0.0,0.0
2022-12-13,102.26000213623047,103.7300033569336,100.0199966430664,100.30000305175781,16354218,0.0,0.0
2022-12-14,99.30000305175781,101.16000366210938,98.30000305175781,100.69999694824219,15092220,0.0,0.0
2022-12-15,99.94000244140625,102.19999694824219,99.55000305175781,100.5,12770355,0.0,0.0
2022-12-16,100.44999694824219,100.63999938964844,98.80999755859375,99.4000015258789,12353740,0.0,0.0
2022-12-19,99.9000015258789,101.63999938964844,99.44999694824219,101.37000274658203,7735283,0.0,0.0
2022-12-20,100.77999877929688,104.48999786376953,100.77999877929688,103.55000305175781,12871941,0.0,0.0
2022-12-21,104.16000366210938,104.94000244140625,102.41000366210938,103.87000274658203,10176995,0.0,0.0
2022-12-22,104.0,104.7699966430664,102.88999938964844,103.93000030517578,6292139,0.0,0.0
2022-12-23,104.5999984741211,106.26000213623047,104.33999633789062,106.0,10608462,0.0,0.0
2022-12-26,105.66000366210938,105.73999786376953,104.56999969482422,105.1500015258789,4382852,0.0,0.0
2022-12-27,105.7699966430664,105.7699966430664,103.70999908447266,104.9000015258789,7378550,0.0,0.0
2022-12-28,105.37000274658203,107.0,105.11000061035156,106.80000305175781,4198744,0.0,0.0
2022-12-29,107.16999816894531,107.5,105.76000213623047,105.94999694824219,6193414,0.0,0.0
2023-01-02,104.36000061035156,104.44999694824219,102.29000091552734,102.62999725341797,7559253,0.0,0.0
2023-01-03,103.0,103.0,100.3499984741211,100.4800033569336,12193800,0.0,0.0
2023-01-04,101.20999908447266,102.18000030517578,100.41000366210938,101.91999816894531,6682750,0.0,0.0
2023-01-05,102.54000091552734,104.2699966430664,101.83000183105469,104.2699966430664,7304475,0.0,0.0
2023-01-06,104.4800033569336,105.80000305175781,104.19999694824219,105.5,8766723,0.0,0.0
2023-01-09,104.94000244140625,106.31999969482422,104.68000030517578,105.3499984741211,6371819,0.0,0.0
2023-01-10,104.8499984741211,107.54000091552734,104.72000122070312,107.18000030517578,4789116,0.0,0.0
2023-01-11,107.4000015258789,109.0999984741211,107.11000061035156,109.0999984741211,6164690,0.0,0.0
2023-01-12,108.5,109.18000030517578,106.94000244140625,108.26000213623047,5880623,0.0,0.0
2023-01-13,106.94000244140625,107.63999938964844,106.69000244140625,107.3499984741211,4742049,0.0,0.0
2023-01-16,106.94999694824219,106.94999694824219,105.12999725341797,105.47000122070312,6905014,0.0,0.0
2023-01-17,106.23999786376953,107.9800033569336,106.22000122070312,107.80000305175781,6647627,0.0,0.0
2023-01-18,108.83000183105469,109.5999984741211,108.33000183105469,108.33000183105469,9405455,0.0,0.0
2023-01-19,107.69999694824219,109.54000091552734,107.61000061035156,109.11000061035156,4378786,0.0,0.0
2023-01-20,109.11000061035156,109.1500015258789,108.01000213623047,108.44999694824219,6287159,0.0,0.0
2023-01-23,108.88999938964844,109.33000183105469,107.87999725341797,107.9000015258789,4401425,0.0,0.0
2023-01-24,108.70999908447266,109.43000030517578,107.97000122070312,109.43000030517578,5724141,0.0,0.0
2023-01-25,109.0,110.68000030517578,108.20999908447266,110.6500015258789,6427546,0.0,0.0
2023-01-26,110.69999694824219,111.0999984741211,109.86000061035156,110.41999816894531,4382206,0.0,0.0
2023-01-27,110.27999877929688,110.29000091552734,108.33999633789062,108.4000015258789,5294651,0.0,0.0
2023-01-30,109.01000213623047,109.31999969482422,108.12999725341797,108.69999694824219,2905618,0.0,0.0
2023-01-31,108.70999908447266,109.95999908447266,108.70999908447266,109.83999633789062,5733562,0.0,0.0
2023-02-01,109.48999786376953,109.86000061035156,107.05999755859375,108.4000015258789,10380157,0.0,0.0
2023-02-02,107.48999786376953,109.2699966430664,106.05999755859375,106.30000305175781,9555616,0.0,0.0
2023-02-03,106.1500015258789,106.91000366210938,104.54000091552734,104.87000274658203,7873654,0.0,0.0
2023-02-06,104.87999725341797,105.25,103.9000015258789,105.25,6121193,0.0,0.0
2023-02-07,105.38999938964844,105.38999938964844,103.69999694824219,104.0999984741211,6129919,0.0,0.0
2023-02-08,105.02999877929688,106.62000274658203,104.80000305175781,106.33999633789062,6153145,0.0,0.0
2023-02-09,106.33000183105469,106.44999694824219,104.26000213623047,104.44000244140625,7418766,0.0,0.0
2023-02-10,104.16000366210938,105.12999725341797,104.0999984741211,104.75,4772746,0.0,0.0
2023-02-13,104.36000061035156,105.62999725341797,103.91999816894531,105.47000122070312,6785833,0.0,0.0
2023-02-14,105.8499984741211,106.05999755859375,104.05000305175781,104.43000030517578,6320111,0.0,0.0
2023-02-15,104.19000244140625,108.0,103.62000274658203,106.05000305175781,10598991,0.0,0.0
2023-02-16,105.4800033569336,106.81999969482422,104.75,106.5,7290582,0.0,0.0
2023-02-17,105.75,106.2699966430664,105.36000061035156,105.55999755859375,5538185,0.0,0.0
2023-02-22,104.08999633789062,104.08999633789062,103.18000030517578,103.5999984741211,5373490,0.0,0.0
2023-02-23,103.70999908447266,105.18000030517578,103.1500015258789,104.1500015258789,8952321,0.0,0.0
2023-02-24,104.0,104.05999755859375,101.87000274658203,102.37999725341797,7548371,0.0,0.0
2023-02-27,102.70999908447266,103.0199966430664,101.80000305175781,102.29000091552734,4632542,0.0,0.0
2023-02-28,102.33999633789062,103.33999633789062,101.1500015258789,101.1500015258789,7211761,0.0,0.0
2023-03-01,101.91000366210938,101.94000244140625,99.70999908447266,101.19999694824219,12453131,0.0,0.0
2023-03-02,100.87999725341797,101.55999755859375,99.94000244140625,99.94000244140625,5860502,0.0,0.0
2023-03-03,100.30000305175781,101.1500015258789,100.22000122070312,100.41999816894531,4266878,0.0,0.0
2023-03-06,100.83000183105469,101.80999755859375,99.7699966430664,101.47000122070312,7003862,0.0,0.0
2023-03-07,101.4800033569336,101.77999877929688,100.12000274658203,100.9000015258789,4824250,0.0,0.0
2023-03-08,101.19999694824219,103.30000305175781,101.12000274658203,103.22000122070312,8866715,0.0,0.0
2023-03-09,103.0,103.23999786376953,101.55999755859375,101.55999755859375,8397977,0.0,0.0
2023-03-10,100.94999694824219,101.5999984741211,99.81999969482422,100.20999908447266,11620694,0.0,0.0
2023-03-13,99.20999908447266,100.58999633789062,98.91000366210938,99.77999877929688,6017043,0.0,0.0
2023-03-14,99.8499984741211,100.83000183105469,99.13999938964844,99.58000183105469,6868846,0.0,0.0
2023-03-15,97.98999786376953,99.7300033569336,97.41999816894531,99.38999938964844,11034127,0.0,0.0
2023-03-16,99.3499984741211,100.54000091552734,99.0999984741211,100.0,12217545,0.0,0.0
2023-03-17,99.37000274658203,99.37000274658203,98.2699966430664,98.72000122070312,7170704,0.0,0.0
2023-03-20,98.7699966430664,99.0,97.37000274658203,97.69999694824219,7702165,0.0,0.0
2023-03-21,97.9800033569336,98.37000274658203,97.62000274658203,97.93000030517578,5203626,0.0,0.0
2023-03-22,97.58999633789062,98.69999694824219,96.81999969482422,97.02999877929688,7378284,0.0,0.0
2023-03-23,97.5,97.91000366210938,93.80999755859375,94.58000183105469,12489010,0.0,0.0
2023-03-24,95.01000213623047,96.16000366210938,94.5999984741211,95.86000061035156,7702356,0.0,0.0
2023-03-27,96.6500015258789,96.80000305175781,95.83999633789062,96.54000091552734,6470330,0.0,0.0
2023-03-28,96.30000305175781,98.33999633789062,96.13999938964844,98.02999877929688,9536491,0.0,0.0
2023-03-29,98.43000030517578,98.94999694824219,96.95999908447266,98.55000305175781,6900579,0.0,0.0
2023-03-30,99.94000244140625,100.76000213623047,99.33000183105469,100.47000122070312,8865895,0.0,0.0
2023-03-31,100.37999725341797,100.76000213623047,98.22000122070312,98.48999786376953,7740685,0.0,0.0
2023-04-03,98.75,98.75,97.36000061035156,98.30000305175781,6587203,0.0,0.0
2023-04-04,98.80000305175781,99.75,98.43000030517578,98.51000213623047,4283233,0.0,0.0
2023-04-05,98.55999755859375,98.76000213623047,96.70999908447266,97.62999725341797,6516789,0.0,0.0
2023-04-06,97.66999816894531,98.33999633789062,97.16999816894531,97.58999633789062,4076964,0.0,0.0
2023-04-10,98.11000061035156,98.94000244140625,98.08000183105469,98.66000366210938,4480852,0.0,0.0
2023-04-11,100.13999938964844,103.05999755859375,100.13999938964844,102.91000366210938,12180882,0.0,0.0
2023-04-12,103.30000305175781,104.88999938964844,102.86000061035156,103.3499984741211,11643913,0.0,0.0
2023-04-13,103.56999969482422,103.69999694824219,102.77999877929688,102.93000030517578,6186008,0.0,0.0
2023-04-14,102.0,103.33999633789062,101.48999786376953,103.04000091552734,6500713,0.0,0.0
2023-04-17,102.87000274658203,103.44999694824219,102.25,102.70999908447266,6600691,0.0,0.0
2023-04-18,102.98999786376953,103.05000305175781,101.73999786376953,102.69999694824219,7350557,0.0,0.0
2023-04-19,102.0,102.0,100.25,100.4800033569336,8574847,0.0,0.0
2023-04-20,100.33000183105469,101.30000305175781,99.73999786376953,101.0,7646795,0.0,0.0
2023-04-24,100.52999877929688,101.5,99.88999938964844,100.62000274658203,6489714,0.0,0.0
2023-04-25,100.06999969482422,100.18000030517578,99.33999633789062,99.91999816894531,5830812,0.0,0.0
2023-04-26,100.2699966430664,100.3499984741211,98.94000244140625,99.01000213623047,6761916,0.0,0.0
2023-04-27,99.01000213623047,99.87000274658203,98.70999908447266,99.52999877929688,6027208,0.0,0.0
2023-04-28,99.63999938964844,101.06999969482422,99.13999938964844,100.9000015258789,8278597,0.0,0.0
2023-05-02,100.5999984741211,100.7699966430664,98.25,98.48999786376953,6821920,0.0,0.0
2023-05-03,98.77999877929688,99.12999725341797,98.1500015258789,98.5999984741211,6883073,0.0,0.0
2023-05-04,99.80000305175781,100.1500015258789,97.76000213623047,98.94999694824219,11036562,0.0,0.0
2023-05-05,99.51000213623047,101.91000366210938,99.4000015258789,101.91000366210938,9457018,0.0,0.0
2023-05-08,103.0,103.30000305175781,102.29000091552734,102.48999786376953,7239187,0.0,0.0
2023-05-09,102.18000030517578,104.30999755859375,102.12999725341797,103.80000305175781,9715304,0.0,0.0
2023-05-10,103.61000061035156,104.30999755859375,103.0,103.97000122070312,5096589,0.0,0.0
2023-05-11,102.9800033569336,105.22000122070312,102.9800033569336,104.81999969482422,7973606,0.0,0.0
2023-05-12,104.05000305175781,105.29000091552734,104.0,105.05000305175781,11797054,0.0,0.0
2023-05-15,105.33000183105469,105.7699966430664,104.80999755859375,105.47000122070312,8723285,0.0,0.0
2023-05-16,105.62999725341797,106.66999816894531,104.56999969482422,104.62999725341797,12504487,0.0,0.0
2023-05-17,105.8499984741211,106.30999755859375,105.5,106.01000213623047,7799145,0.0,0.0
2023-05-18,105.9800033569336,106.80000305175781,105.31999969482422,106.75,17622209,0.0,0.0
2023-05-19,107.0,107.68000030517578,106.23999786376953,107.16000366210938,10347816,0.0,0.0
2023-05-22,107.5,108.0999984741211,106.55000305175781,106.55000305175781,6427517,0.0,0.0
2023-05-23,106.5999984741211,107.7699966430664,106.18000030517578,106.44000244140625,7044168,0.0,0.0
2023-05-24,105.43000030517578,106.19999694824219,105.04000091552734,105.2699966430664,8417311,0.0,0.0
2023-05-25,107.0,107.6500015258789,106.11000061035156,106.55000305175781,8823676,0.0,0.0
2023-05-26,108.0,108.16999816894531,106.30000305175781,107.51000213623047,7766156,0.0,0.0
2023-05-29,107.25,107.58999633789062,106.62000274658203,106.7699966430664,6642083,0.0,0.0
2023-05-30,107.54000091552734,107.77999877929688,105.12000274658203,105.37999725341797,5947400,0.0,0.0
2023-05-31,104.97000122070312,105.70999908447266,104.77999877929688,104.83999633789062,5874045,0.0,0.0
2023-06-01,105.51000213623047,107.23999786376953,104.86000061035156,107.19999694824219,7020910,0.0,0.0
2023-06-02,108.25,109.44000244140625,108.25,109.0199966430664,9986938,0.0,0.0
2023-06-05,109.31999969482422,109.45999908447266,108.11000061035156,109.13999938964844,5451798,0.0,0.0
2023-06-06,109.5,111.19000244140625,109.3499984741211,111.06999969482422,7108090,0.0,0.0
2023-06-07,111.66000366210938,112.26000213623047,110.95999908447266,111.77999877929688,7653574,0.0,0.0
2023-06-09,112.5,113.8499984741211,112.44000244140625,113.20999908447266,7618513,0.0,0.0
2023-06-12,113.58999633789062,114.0,112.93000030517578,113.63999938964844,7313768,0.0,0.0
2023-06-13,113.9000015258789,114.13999938964844,112.66000366210938,112.94000244140625,6688582,0.0,0.0
2023-06-14,113.69000244140625,115.41000366210938,113.5,115.11000061035156,12476403,0.0,0.0
2023-06-15,115.08999633789062,115.91000366210938,114.9000015258789,115.4000015258789,12822057,0.0,0.0
2023-06-16,114.79000091552734,115.80000305175781,114.55999755859375,114.9000015258789,7635386,0.0,0.0
2023-06-19,114.69999694824219,116.25,114.69999694824219,116.12999725341797,5458394,0.0,0.0
2023-06-20,115.51000213623047,115.94000244140625,114.68000030517578,115.81999969482422,5870396,0.0,0.0
2023-06-21,115.77999877929688,116.77999877929688,115.55999755859375,116.2699966430664,4411742,0.0,0.0
2023-06-22,115.81999969482422,116.30000305175781,114.2699966430664,115.26000213623047,6307408,0.0,0.0
2023-06-23,115.19999694824219,115.68000030517578,114.48999786376953,115.30999755859375,3949417,0.0,0.0
2023-06-26,115.29000091552734,115.29000091552734,113.7699966430664,114.41999816894531,5494225,0.0,0.0
2023-06-27,115.30999755859375,115.44999694824219,112.87999725341797,113.7699966430664,7624939,0.0,0.0
2023-06-28,113.5999984741211,114.37999725341797,112.88999938964844,113.02999877929688,3815248,0.0,0.0
2023-06-29,113.30000305175781,114.95999908447266,113.2300033569336,114.91000366210938,5180762,0.0,0.0
2023-06-30,115.69999694824219,115.7699966430664,114.16999816894531,114.16999816894531,11110490,0.0,0.0
2023-07-03,114.9000015258789,116.0999984741211,114.75,115.94000244140625,4891212,0.0,0.0
2023-07-04,115.62000274658203,115.91999816894531,115.02999877929688,115.23999786376953,3671935,0.0,0.0
2023-07-05,114.8499984741211,118.05999755859375,114.8499984741211,115.83999633789062,7965618,0.0,0.0
2023-07-06,114.8499984741211,115.12999725341797,113.43000030517578,113.63999938964844,6010754,0.0,0.0
2023-07-07,114.0,115.87000274658203,114.0,115.19000244140625,5247157,0.0,0.0
2023-07-10,114.66000366210938,115.04000091552734,114.0999984741211,114.0999984741211,7192958,0.0,0.0
2023-07-11,113.97000122070312,114.06999969482422,112.04000091552734,113.80000305175781,5520286,0.0,0.0
2023-07-12,114.79000091552734,115.33000183105469,113.83000183105469,113.83000183105469,6320865,0.0,0.0
2023-07-13,114.5,116.0199966430664,114.33999633789062,115.58000183105469,8824250,0.0,0.0
2023-07-14,115.26000213623047,115.62000274658203,113.83999633789062,113.95999908447266,14837263,0.0,0.0
2023-07-17,113.38999938964844,114.70999908447266,112.94000244140625,114.70999908447266,5238766,0.0,0.0
2023-07-18,114.33999633789062,115.02999877929688,113.55000305175781,113.94999694824219,5774191,0.0,0.0
2023-07-19,113.45999908447266,114.33000183105469,112.93000030517578,113.75,5656514,0.0,0.0
2023-07-20,114.3499984741211,114.58000183105469,113.66999816894531,114.33999633789062,7925025,0.0,0.0
2023-07-21,114.44999694824219,116.6500015258789,114.4000015258789,116.4000015258789,8721888,0.0,0.0
2023-07-24,116.47000122070312,117.95999908447266,116.2699966430664,117.56999969482422,6845217,0.0,0.0
2023-07-25,118.97000122070312,119.16999816894531,117.9800033569336,117.9800033569336,5718986,0.0,0.0
2023-07-26,117.8499984741211,118.88999938964844,117.55000305175781,118.73999786376953,7276958,0.0,0.0
2023-07-27,118.66000366210938,118.80000305175781,116.0,116.04000091552734,6582758,0.0,0.0
2023-07-28,116.51000213623047,116.93000030517578,115.94999694824219,116.5199966430664,2978499,0.0,0.0
2023-07-31,117.2300033569336,118.33999633789062,117.1500015258789,117.94999694824219,4036062,0.0,0.0
2023-08-01,117.19999694824219,117.77999877929688,116.3499984741211,117.5199966430664,3458325,0.0,0.0
2023-08-02,116.91999816894531,117.47000122070312,115.97000122070312,117.01000213623047,6556357,0.0,0.0
2023-08-03,117.83000183105469,118.80000305175781,116.55000305175781,116.70999908447266,7541905,0.0,0.0
2023-08-04,115.79000091552734,117.6500015258789,115.45999908447266,115.66000366210938,6172468,0.0,0.0
2023-08-07,115.83999633789062,116.3499984741211,115.13999938964844,115.61000061035156,6540521,0.0,0.0
2023-08-08,114.0999984741211,115.8499984741211,113.94999694824219,115.2699966430664,4910111,0.0,0.0
2023-08-09,115.02999877929688,115.08000183105469,114.19000244140625,114.69999694824219,5991932,0.0,0.0
2023-08-10,115.2699966430664,115.69999694824219,114.37000274658203,114.51000213623047,5295426,0.0,0.0
2023-08-11,114.7300033569336,115.36000061035156,113.75,114.25,8725293,0.0,0.0
2023-08-14,113.9800033569336,114.12000274658203,112.94000244140625,113.30999755859375,4744408,0.0,0.0
2023-08-15,113.83999633789062,114.05000305175781,112.37000274658203,112.37000274658203,5749324,0.0,0.0
2023-08-16,112.93000030517578,113.7300033569336,111.87000274658203,111.87000274658203,8046160,0.0,0.0
2023-08-17,112.91000366210938,113.04000091552734,111.33999633789062,111.36000061035156,9340192,0.0,0.0
2023-08-18,111.12000274658203,112.16999816894531,110.98999786376953,111.69999694824219,9142086,0.0,0.0
2023-08-21,111.73999786376953,111.9000015258789,110.58000183105469,110.79000091552734,6012073,0.0,0.0
2023-08-22,111.73999786376953,112.70999908447266,111.58999633789062,112.41000366210938,9549960,0.0,0.0
2023-08-23,112.69999694824219,114.36000061035156,112.69999694824219,114.30000305175781,4406897,0.0,0.0
2023-08-24,114.13999938964844,114.48999786376953,113.18000030517578,113.30000305175781,5462495,0.0,0.0
2023-08-25,113.23999786376953,116.0999984741211,111.83000183105469,112.1500015258789,5974243,0.0,0.0
2023-08-28,112.52999877929688,113.66000366210938,112.20999908447266,113.5,4412958,0.0,0.0
2023-08-29,114.22000122070312,114.8499984741211,113.75,114.62000274658203,5295026,0.0,0.0
2023-08-30,114.83000183105469,115.12999725341797,113.80999755859375,113.9000015258789,5617802,0.0,0.0
2023-08-31,113.68000030517578,113.68000030517578,112.27999877929688,112.30999755859375,4106187,0.0,0.0
2023-09-01,112.81999969482422,114.30000305175781,112.80999755859375,114.05000305175781,5515566,0.0,0.0
2023-09-04,114.06999969482422,114.8499984741211,113.81999969482422,114.13999938964844,3128739,0.0,0.0
2023-09-05,113.48999786376953,114.30000305175781,112.97000122070312,113.62000274658203,3847656,0.0,0.0
2023-09-06,113.75,114.30999755859375,112.25,112.25,4414836,0.0,0.0
2023-09-08,111.63999938964844,112.0199966430664,111.2699966430664,111.66000366210938,3572872,0.0,0.0
2023-09-11,112.63999938964844,113.56999969482422,112.0999984741211,113.4800033569336,4615597,0.0,0.0
2023-09-12,113.5,114.5,113.38999938964844,114.22000122070312,3738679,0.0,0.0
2023-09-13,114.20999908447266,115.68000030517578,113.98999786376953,114.45999908447266,6255058,0.0,0.0
2023-09-14,115.19999694824219,116.04000091552734,115.05000305175781,115.58999633789062,5344192,0.0,0.0
2023-09-15,115.87999725341797,116.02999877929688,114.91999816894531,114.91999816894531,7425061,0.0,0.0
2023-09-18,115.2699966430664,115.7699966430664,114.44000244140625,114.6500015258789,10059015,0.0,0.0
2023-09-19,114.66999816894531,114.9000015258789,114.04000091552734,114.0999984741211,6348158,0.0,0.0
2023-09-20,114.5999984741211,116.0,114.58000183105469,115.02999877929688,5108383,0.0,0.0
2023-09-21,113.44999694824219,113.44999694824219,112.4800033569336,112.5999984741211,5946132,0.0,0.0
2023-09-22,113.33000183105469,113.41999816894531,112.30000305175781,112.61000061035156,4000084,0.0,0.0
2023-09-25,112.11000061035156,112.56999969482422,111.93000030517578,112.56999969482422,2752276,0.0,0.0
2023-09-26,111.9000015258789,111.9000015258789,110.6500015258789,110.6500015258789,5691926,0.0,0.0
2023-09-27,111.5,111.81999969482422,109.88999938964844,110.69999694824219,4862591,0.0,0.0
2023-09-28,110.56999969482422,112.41000366210938,110.56999969482422,112.18000030517578,3961951,0.0,0.0
2023-09-29,113.37000274658203,113.38999938964844,112.30000305175781,113.1500015258789,4266969,0.0,0.0
2023-10-02,112.63999938964844,113.13999938964844,111.2300033569336,111.48999786376953,4071037,0.0,0.0
2023-10-03,111.18000030517578,111.52999877929688,109.66000366210938,109.81999969482422,7842295,0.0,0.0
2023-10-04,110.16000366210938,110.68000030517578,109.58000183105469,110.18000030517578,3336142,0.0,0.0
2023-10-05,110.05999755859375,110.86000061035156,109.2699966430664,109.75,4222995,0.0,0.0
2023-10-06,108.9000015258789,110.98999786376953,108.19000244140625,110.66000366210938,3936219,0.0,0.0
2023-10-09,110.18000030517578,111.73999786376953,109.94999694824219,111.73999786376953,3169699,0.0,0.0
2023-10-10,112.0,113.36000061035156,111.98999786376953,113.12999725341797,3947051,0.0,0.0
2023-10-11,113.30999755859375,113.55000305175781,112.66000366210938,113.5,3061400,0.0,0.0
2023-10-13,113.1500015258789,113.44000244140625,112.05999755859375,112.05999755859375,3440069,0.0,0.0
2023-10-16,113.0,113.3499984741211,112.4800033569336,112.94000244140625,2201445,0.0,0.0
2023-10-17,112.18000030517578,113.3499984741211,112.01000213623047,112.33999633789062,4335788,0.0,0.0
2023-10-18,111.66000366210938,111.80000305175781,110.37000274658203,110.37000274658203,5747261,0.0,0.0
2023-10-19,110.45999908447266,111.62999725341797,110.45999908447266,110.5999984741211,6466201,0.0,0.0
2023-10-20,110.30000305175781,110.62999725341797,109.08000183105469,109.5,7425154,0.0,0.0
2023-10-23,109.0999984741211,110.25,108.7699966430664,109.3499984741211,4245947,0.0,0.0
2023-10-24,110.30000305175781,110.75,109.33000183105469,110.23999786376953,3862233,0.0,0.0
2023-10-25,110.5199966430664,110.62999725341797,109.19000244140625,109.3499984741211,3613821,0.0,0.0
2023-10-26,109.62999725341797,111.68000030517578,109.56999969482422,111.4000015258789,4195718,0.0,0.0
2023-10-27,111.54000091552734,111.81999969482422,109.41999816894531,109.8499984741211,4401533,0.0,0.0
2023-10-30,110.30000305175781,110.7300033569336,108.80999755859375,108.95999908447266,4530642,0.0,0.0
2023-10-31,109.19000244140625,110.1500015258789,108.68000030517578,109.62000274658203,3931265,0.0,0.0
2023-11-01,110.13999938964844,111.95999908447266,110.13999938964844,111.55999755859375,5621252,0.0,0.0
2023-11-03,113.69999694824219,114.9000015258789,113.44999694824219,114.75,7962495,0.0,0.0
2023-11-06,115.0,115.11000061035156,114.41999816894531,114.80999755859375,5346525,0.0,0.0
2023-11-07,114.41000366210938,115.97000122070312,114.37999725341797,115.66999816894531,4103021,0.0,0.0
2023-11-08,115.76000213623047,116.33999633789062,114.83999633789062,115.5199966430664,4236596,0.0,0.0
2023-11-09,115.98999786376953,116.63999938964844,114.79000091552734,115.18000030517578,9174459,0.0,0.0
2023-11-10,115.91000366210938,117.19000244140625,115.91000366210938,117.01000213623047,5238376,0.0,0.0
2023-11-13,116.5,116.87999725341797,116.19000244140625,116.81999969482422,3203596,0.0,0.0
2023-11-14,117.18000030517578,120.0,117.18000030517578,119.61000061035156,8550012,0.0,0.0
2023-11-16,119.61000061035156,120.95999908447266,119.48999786376953,120.95999908447266,7990919,0.0,0.0
2023-11-17,121.19999694824219,121.5999984741211,120.72000122070312,121.20999908447266,7751002,0.0,0.0
2023-11-20,121.44000244140625,122.37999725341797,121.1500015258789,122.25,7054666,0.0,0.0
2023-11-21,121.66999816894531,122.11000061035156,121.18000030517578,121.76000213623047,6525509,0.0,0.0
2023-11-22,122.27999877929688,123.05000305175781,121.69999694824219,122.1500015258789,5294068,0.0,0.0
2023-11-23,122.12000274658203,122.95999908447266,121.94999694824219,122.83000183105469,4782221,0.0,0.0
2023-11-24,122.13999938964844,122.4800033569336,121.62000274658203,121.66000366210938,5173049,0.0,0.0
2023-11-27,122.02999877929688,122.12999725341797,121.12000274658203,121.94000244140625,4048001,0.0,0.0
2023-11-28,121.88999938964844,123.0999984741211,121.58999633789062,122.72000122070312,3756033,0.0,0.0
2023-11-29,123.19999694824219,123.4800033569336,122.16999816894531,122.2699966430664,4260445,0.0,0.0
2023-11-30,122.83000183105469,123.5999984741211,122.37000274658203,123.56999969482422,4784759,0.0,0.0
2023-12-01,123.41999816894531,124.37000274658203,122.8499984741211,124.12000274658203,4616446,0.0,0.0
2023-12-04,123.5,123.95999908447266,122.83000183105469,122.95999908447266,3767844,0.0,0.0
2023-12-05,122.93000030517578,123.68000030517578,122.66000366210938,123.01000213623047,2878675,0.0,0.0
2023-12-06,123.58000183105469,123.7699966430664,121.72000122070312,121.72000122070312,2838764,0.0,0.0
2023-12-07,122.19000244140625,122.80000305175781,121.79000091552734,122.29000091552734,2851292,0.0,0.0
2023-12-08,122.54000091552734,123.5,121.80000305175781,123.30999755859375,4746015,0.0,0.0
2023-12-11,122.9000015258789,123.3499984741211,122.66000366210938,123.11000061035156,3169394,0.0,0.0
2023-12-12,123.20999908447266,123.58000183105469,122.22000122070312,122.5999984741211,3630482,0.0,0.0
2023-12-13,122.68000030517578,126.12000274658203,122.5,126.12000274658203,6404421,0.0,0.0
2023-12-14,127.0,127.30000305175781,126.5199966430664,126.87999725341797,8207858,0.0,0.0
2023-12-15,127.19999694824219,127.77999877929688,126.0,126.27999877929688,5645590,0.0,0.0
2023-12-18,126.8499984741211,127.54000091552734,126.62000274658203,127.2699966430664,3277656,0.0,0.0
2023-12-19,127.55999755859375,128.10000610351562,127.30000305175781,128.0500030517578,3172241,0.0,0.0
2023-12-20,127.91999816894531,128.4499969482422,126.77999877929688,126.81999969482422,3882111,0.0,0.0
2023-12-21,127.69000244140625,128.39999389648438,127.58000183105469,128.35000610351562,4749171,0.0,0.0
2023-12-22,128.50999450683594,129.1699981689453,128.2100067138672,128.94000244140625,2840232,0.0,0.0
2023-12-26,129.02000427246094,129.74000549316406,129.02000427246094,129.64999389648438,6023859,0.0,0.0
2023-12-27,129.5500030517578,130.4600067138672,129.4199981689453,130.4600067138672,5036285,0.0,0.0
2023-12-28,129.86000061035156,130.52000427246094,129.86000061035156,130.38999938964844,3450804,0.0,0.0
2024-01-02,129.8000030517578,129.88999938964844,128.2100067138672,128.75999450683594,4391818,0.0,0.0
2024-01-03,128.74000549316406,129.6999969482422,128.36000061035156,128.99000549316406,6296453,0.0,0.0
2024-01-04,128.86000061035156,128.86000061035156,127.16999816894531,127.3499984741211,6082509,0.0,0.0
2024-01-05,127.08000183105469,128.75,126.70999908447266,128.25,3017418,0.0,0.0
2024-01-08,127.4800033569336,128.6199951171875,127.1500015258789,128.57000732421875,4044932,0.0,0.0
2024-01-09,127.81999969482422,127.98999786376953,127.33000183105469,127.58999633789062,4400464,0.0,0.0
2024-01-10,127.4800033569336,127.77999877929688,126.63999938964844,126.94000244140625,5957200,0.0,0.0
2024-01-11,127.0199966430664,127.44000244140625,126.06999969482422,126.80999755859375,6289868,0.0,0.0
2024-01-12,126.80000305175781,128.07000732421875,126.5999984741211,127.2300033569336,4541810,0.0,0.0
2024-01-15,126.61000061035156,127.81999969482422,126.43000030517578,127.81999969482422,3422719,0.0,0.0
2024-01-16,126.9000015258789,127.04000091552734,125.36000061035156,125.48999786376953,8011377,0.0,0.0
2024-01-17,125.1500015258789,125.48999786376953,124.5,124.52999877929688,7954584,0.0,0.0
2024-01-18,125.05000305175781,125.1500015258789,123.55999755859375,123.55999755859375,6157111,0.0,0.0
2024-01-19,123.88999938964844,124.08999633789062,122.80000305175781,123.83999633789062,11141528,0.0,0.0
2024-01-22,123.80000305175781,124.12000274658203,122.16999816894531,122.69999694824219,5611826,0.0,0.0
2024-01-23,123.41000366210938,124.55000305175781,123.25,124.55000305175781,7158074,0.0,0.0
2024-01-24,125.19999694824219,125.66000366210938,123.91000366210938,123.97000122070312,4223685,0.0,0.0
2024-01-25,124.0999984741211,124.94999694824219,124.06999969482422,124.45999908447266,3254694,0.0,0.0
2024-01-26,124.51000213623047,125.44000244140625,124.05000305175781,125.08000183105469,3192701,0.0,0.0
2024-01-29,124.81999969482422,125.29000091552734,124.08000183105469,124.75,3269013,0.0,0.0
2024-01-30,124.3499984741211,124.51000213623047,123.33999633789062,123.56999969482422,7598132,0.0,0.0
2024-01-31,123.66999816894531,125.80999755859375,123.66999816894531,123.94999694824219,8702170,0.0,0.0
2024-02-01,124.13999938964844,124.76000213623047,123.5,124.76000213623047,5754772,0.0,0.0
2024-02-02,124.79000091552734,125.1500015258789,122.9000015258789,123.31999969482422,9014408,0.0,0.0
2024-02-05,123.56999969482422,124.05999755859375,122.68000030517578,123.86000061035156,3720488,0.0,0.0
2024-02-06,124.30999755859375,126.87999725341797,124.30999755859375,126.87999725341797,4913304,0.0,0.0
2024-02-07,126.3499984741211,126.44999694824219,125.61000061035156,126.05000305175781,5308938,0.0,0.0
2024-02-08,126.04000091552734,126.2699966430664,124.16000366210938,124.51000213623047,4882585,0.0,0.0
2024-02-09,124.56999969482422,125.19999694824219,123.81999969482422,124.12999725341797,7626210,0.0,0.0
2024-02-14,123.9000015258789,123.9000015258789,122.93000030517578,123.2300033569336,6783904,0.0,0.0
2024-02-15,123.58000183105469,124.05999755859375,123.16000366210938,124.05999755859375,3311439,0.0,0.0
2024-02-16,124.56999969482422,125.27999877929688,123.8499984741211,124.87999725341797,9674116,0.0,0.0
2024-02-19,124.5,125.22000122070312,124.29000091552734,125.13999938964844,4107359,0.0,0.0
2024-02-20,124.58999633789062,126.19000244140625,124.58000183105469,126.19000244140625,6839063,0.0,0.0
2024-02-21,126.1500015258789,126.19999694824219,125.5,126.18000030517578,4663969,0.0,0.0
2024-02-22,126.66000366210938,126.97000122070312,126.11000061035156,126.30000305175781,6034254,0.0,0.0
2024-02-23,126.5999984741211,126.79000091552734,125.29000091552734,125.61000061035156,4107390,0.0,0.0
2024-02-26,125.30000305175781,126.19000244140625,125.29000091552734,125.7699966430664,3146684,0.0,0.0
2024-02-27,126.63999938964844,127.83999633789062,126.63999938964844,127.83999633789062,4383517,0.0,0.0
2024-02-28,127.18000030517578,127.5,125.91999816894531,126.26000213623047,4808666,0.0,0.0
2024-02-29,125.70999908447266,126.12999725341797,124.91000366210938,125.25,8591622,0.0,0.0
2024-03-01,125.25,125.91999816894531,124.94000244140625,125.23999786376953,3493696,0.0,0.0
2024-03-04,125.2699966430664,125.5,124.4800033569336,124.5,5601510,0.0,0.0
2024-03-05,124.72000122070312,125.2300033569336,124.06999969482422,124.4000015258789,3539742,0.0,0.0
2024-03-06,124.9000015258789,125.54000091552734,124.69000244140625,125.1500015258789,3578884,0.0,0.0
2024-03-07,125.30000305175781,125.37999725341797,124.30000305175781,124.66999816894531,3472675,0.0,0.0
2024-03-08,122.51000213623047,123.83999633789062,122.1500015258789,123.26000213623047,8300281,0.0,0.0
2024-03-11,122.5,123.31999969482422,122.31999969482422,122.31999969482422,4340601,0.0,0.0
2024-03-12,123.26000213623047,124.30000305175781,122.9000015258789,123.80999755859375,3156281,0.0,0.0
2024-03-13,123.80000305175781,124.79000091552734,123.63999938964844,124.37000274658203,5423373,0.0,0.0
2024-03-14,124.41999816894531,124.54000091552734,123.43000030517578,123.81999969482422,4438910,0.0,0.0
2024-03-15,123.94000244140625,124.2300033569336,122.7699966430664,122.87000274658203,6833806,0.0,0.0
2024-03-18,123.37999725341797,123.83000183105469,122.5999984741211,123.05000305175781,2813502,0.0,0.0
2024-03-19,123.55000305175781,124.2300033569336,123.4000015258789,123.94999694824219,6406875,0.0,0.0
2024-03-20,123.83000183105469,125.44999694824219,123.58999633789062,125.44999694824219,6888692,0.0,0.0
2024-03-21,125.54000091552734,125.63999938964844,124.37000274658203,124.37000274658203,3978284,0.0,0.0
2024-03-22,124.0999984741211,124.2300033569336,123.18000030517578,123.20999908447266,3388024,0.0,0.0
2024-03-25,123.29000091552734,123.5,123.02999877929688,123.19000244140625,3311541,0.0,0.0
2024-03-26,123.0,123.51000213623047,122.9000015258789,123.23999786376953,3907979,0.0,0.0
2024-03-27,123.0,124.06999969482422,122.5199966430664,124.05000305175781,3302196,0.0,0.0
2024-03-28,123.81999969482422,124.66000366210938,123.56999969482422,124.33000183105469,3744753,0.0,0.0
2024-04-01,124.68000030517578,124.93000030517578,123.08999633789062,123.29000091552734,3143929,0.0,0.0
2024-04-02,123.2699966430664,123.91999816894531,122.95999908447266,123.73999786376953,4159922,0.0,0.0
2024-04-03,123.63999938964844,123.98999786376953,122.5,123.54000091552734,4163293,0.0,0.0
2024-04-04,124.4000015258789,125.86000061035156,123.43000030517578,123.68000030517578,7361186,0.0,0.0
2024-04-05,123.69999694824219,123.73999786376953,122.69000244140625,122.9000015258789,4743818,0.0,0.0
2024-04-08,123.5999984741211,125.43000030517578,123.4000015258789,125.12999725341797,3911876,0.0,0.0
2024-04-09,125.70999908447266,126.20999908447266,125.43000030517578,125.91000366210938,6911495,0.0,0.0
2024-04-10,125.5999984741211,125.5999984741211,124.0,124.1500015258789,7338648,0.0,0.0
2024-04-11,124.0999984741211,124.23999786376953,123.33000183105469,123.72000122070312,5571939,0.0,0.0
2024-04-12,123.61000061035156,123.94999694824219,121.94999694824219,122.12000274658203,7848243,0.0,0.0
2024-04-15,122.2699966430664,122.58999633789062,121.3499984741211,121.55000305175781,5671950,0.0,0.0
2024-04-16,120.80000305175781,121.54000091552734,120.1500015258789,120.8499984741211,4864471,0.0,0.0
2024-04-17,121.5,121.68000030517578,120.0199966430664,120.54000091552734,8652307,0.0,0.0
2024-04-18,120.87999725341797,121.5,119.80999755859375,120.4800033569336,7078243,0.0,0.0
2024-04-19,120.51000213623047,121.86000061035156,120.51000213623047,121.5199966430664,6974822,0.0,0.0
2024-04-22,121.72000122070312,122.36000061035156,120.95999908447266,121.80000305175781,5977854,0.0,0.0
2024-04-23,121.13999938964844,122.19000244140625,120.6500015258789,121.41000366210938,3934913,0.0,0.0
2024-04-24,121.80000305175781,121.80000305175781,120.9000015258789,120.97000122070312,3046634,0.0,0.0
2024-04-25,120.5999984741211,121.12999725341797,120.05000305175781,120.91000366210938,2683066,0.0,0.0
2024-04-26,121.69999694824219,123.12999725341797,121.69999694824219,122.83000183105469,5908610,0.0,0.0
2024-04-29,122.94000244140625,123.7699966430664,122.83000183105469,123.7699966430664,3954954,0.0,0.0
2024-04-30,123.20999908447266,123.27999877929688,122.16000366210938,122.37999725341797,4898110,0.0,0.0
2024-05-02,123.87000274658203,124.0,122.88999938964844,123.3499984741211,4216364,0.0,0.0
2024-05-03,124.7300033569336,125.12000274658203,124.55000305175781,124.94999694824219,8077068,0.0,0.0
2024-05-06,124.72000122070312,125.44000244140625,124.5199966430664,124.70999908447266,2506696,0.0,0.0
2024-05-07,125.47000122070312,125.97000122070312,125.30000305175781,125.4000015258789,4466154,0.0,0.0
2024-05-08,124.58999633789062,125.80000305175781,124.30999755859375,125.75,2581742,0.0,0.0
2024-05-09,124.22000122070312,124.73999786376953,123.6500015258789,124.5199966430664,5250140,0.0,0.0
2024-05-10,124.62999725341797,125.26000213623047,123.79000091552734,124.01000213623047,5524136,0.0,0.0
2024-05-13,124.26000213623047,124.9800033569336,124.0999984741211,124.55999755859375,5024621,0.0,0.0
2024-05-14,124.22000122070312,125.25,124.19999694824219,124.80999755859375,4939753,0.0,0.0
2024-05-15,123.66000366210938,124.62000274658203,123.33999633789062,124.2300033569336,8376018,0.0,0.0
2024-05-16,125.36000061035156,125.38999938964844,124.16999816894531,124.55000305175781,8809587,0.0,0.0
2024-05-17,124.27999877929688,124.76000213623047,123.98999786376953,124.37000274658203,5208726,0.0,0.0
2024-05-20,124.19999694824219,124.98999786376953,123.73999786376953,124.12000274658203,3448725,0.0,0.0
2024-05-21,124.37999725341797,124.44000244140625,123.51000213623047,123.69999694824219,2766833,0.0,0.0
2024-05-22,123.13999938964844,123.16000366210938,121.91000366210938,122.06999969482422,3620178,0.0,0.0
2024-05-23,122.0,122.05000305175781,120.80000305175781,121.0999984741211,5528040,0.0,0.0
2024-05-24,121.2699966430664,121.63999938964844,120.62999725341797,120.63999938964844,3870665,0.0,0.0
2024-05-27,120.87000274658203,120.94000244140625,120.44999694824219,120.87000274658203,2204985,0.0,0.0
2024-05-28,121.81999969482422,121.81999969482422,119.94000244140625,120.18000030517578,5527640,0.0,0.0
2024-05-29,119.41999816894531,119.55999755859375,118.91000366210938,119.12000274658203,6164411,0.0,0.0
2024-05-31,119.06999969482422,119.27999877929688,118.36000061035156,118.66000366210938,4009818,0.0,0.0
2024-06-03,118.6500015258789,118.94999694824219,117.91999816894531,118.44000244140625,4015018,0.0,0.0
2024-06-04,118.04000091552734,118.37999725341797,117.37999725341797,118.16000366210938,4270901,0.0,0.0
2024-06-05,118.12999725341797,118.63999938964844,117.69000244140625,117.9000015258789,3475377,0.0,0.0
2024-06-06,118.0,119.69000244140625,117.80999755859375,119.4000015258789,4179139,0.0,0.0
2024-06-07,118.29000091552734,118.69000244140625,117.08999633789062,117.12999725341797,6322886,0.0,0.0
2024-06-10,117.11000061035156,117.9000015258789,116.94999694824219,117.3499984741211,5054211,0.0,0.0
2024-06-11,117.5,118.22000122070312,117.37999725341797,118.0,5365316,0.0,0.0
2024-06-12,118.87000274658203,118.87000274658203,116.01000213623047,116.45999908447266,13576008,0.0,0.0
2024-06-13,116.5,116.79000091552734,115.7300033569336,116.18000030517578,6118398,0.0,0.0
2024-06-14,116.12000274658203,116.80000305175781,115.37000274658203,116.22000122070312,5906597,0.0,0.0
2024-06-17,115.9800033569336,116.23999786376953,115.2300033569336,115.73999786376953,3690929,0.0,0.0
2024-06-18,115.73999786376953,116.66999816894531,115.4800033569336,116.12000274658203,4144535,0.0,0.0
2024-06-19,116.0,116.97000122070312,115.56999969482422,116.76000213623047,7572350,0.0,0.0
2024-06-20,117.79000091552734,118.13999938964844,116.68000030517578,117.12000274658203,10357458,0.0,0.0
2024-06-21,116.58000183105469,118.12000274658203,116.58000183105469,118.0199966430664,9203984,0.0,0.0
2024-06-24,118.30000305175781,119.3499984741211,118.29000091552734,119.08000183105469,4647760,0.0,0.0
2024-06-25,118.91999816894531,119.36000061035156,118.51000213623047,118.9000015258789,3960912,0.0,0.0
2024-06-26,118.38999938964844,119.30000305175781,117.94000244140625,119.13999938964844,4157092,0.0,0.0
2024-06-27,119.79000091552734,120.80000305175781,119.4800033569336,120.80000305175781,3979875,0.0,0.0
2024-06-28,120.6500015258789,120.91999816894531,119.77999877929688,120.37999725341797,6243756,0.0,0.0
2024-07-01,120.54000091552734,121.7300033569336,120.16000366210938,121.08000183105469,4326923,0.0,0.0
2024-07-02,121.0999984741211,121.9800033569336,120.7699966430664,121.33000183105469,5692791,0.0,0.0
2024-07-03,122.41000366210938,123.02999877929688,122.13999938964844,122.13999938964844,7489909,0.0,0.0
2024-07-04,123.08999633789062,123.08999633789062,122.48999786376953,122.62000274658203,7382593,0.0,0.0
2024-07-05,122.5,123.13999938964844,121.9800033569336,122.69999694824219,5566109,0.0,0.0
2024-07-08,122.66999816894531,123.0199966430664,122.05000305175781,122.94000244140625,3398204,0.0,0.0
2024-07-09,122.83000183105469,123.7300033569336,122.37999725341797,123.54000091552734,3598259,0.0,0.0
2024-07-10,123.75,124.19999694824219,123.33999633789062,123.5,5715165,0.0,0.0
2024-07-11,124.33999633789062,124.69999694824219,124.16000366210938,124.56999969482422,8635165,0.0,0.0
2024-07-12,124.62000274658203,125.4000015258789,124.4000015258789,125.19999694824219,4193620,0.0,0.0
2024-07-15,125.5,125.87000274658203,125.12000274658203,125.72000122070312,4253086,0.0,0.0
2024-07-16,125.6500015258789,125.91000366210938,125.12999725341797,125.37000274658203,6867841,0.0,0.0
2024-07-17,125.37999725341797,125.98999786376953,125.0999984741211,125.81999969482422,7550262,0.0,0.0
2024-07-18,125.5,125.62000274658203,123.97000122070312,124.0199966430664,10454538,0.0,0.0
2024-07-19,124.12000274658203,124.86000061035156,123.86000061035156,124.0,5366510,0.0,0.0
2024-07-22,124.11000061035156,124.58999633789062,123.87000274658203,124.26000213623047,3621855,0.0,0.0
2024-07-23,123.73999786376953,123.8499984741211,122.94999694824219,122.94999694824219,4505869,0.0,0.0
2024-07-24,122.87999725341797,123.27999877929688,122.69000244140625,122.86000061035156,3059223,0.0,0.0
2024-07-25,122.62000274658203,122.7300033569336,122.08999633789062,122.41000366210938,3428805,0.0,0.0
2024-07-26,122.80999755859375,124.1500015258789,122.51000213623047,123.9800033569336,11927167,0.0,0.0
2024-07-29,123.91999816894531,124.08000183105469,123.04000091552734,123.45999908447266,4413160,0.0,0.0
2024-07-30,122.86000061035156,123.08999633789062,122.44000244140625,122.70999908447266,2801637,0.0,0.0
2024-07-31,123.44000244140625,124.26000213623047,123.30000305175781,124.04000091552734,3563965,0.0,0.0
2024-08-01,124.5999984741211,125.26000213623047,123.55999755859375,123.73999786376953,4551782,0.0,0.0
2024-08-02,124.0,124.45999908447266,122.19999694824219,122.37999725341797,7010987,0.0,0.0
2024-08-05,119.87999725341797,121.80000305175781,119.52999877929688,121.7699966430664,6420296,0.0,0.0
2024-08-06,122.18000030517578,123.48999786376953,117.94000244140625,122.73999786376953,4917941,0.0,0.0
2024-08-07,123.73999786376953,124.08999633789062,123.18000030517578,124.04000091552734,2745747,0.0,0.0
2024-08-08,124.22000122070312,125.30000305175781,124.11000061035156,125.30000305175781,4814699,0.0,0.0
2024-08-09,125.62999725341797,127.12999725341797,125.45999908447266,127.12999725341797,7033511,0.0,0.0
2024-08-12,127.66999816894531,128.13999938964844,127.5199966430664,127.6500015258789,10828667,0.0,0.0
2024-08-13,128.19000244140625,128.83999633789062,128.13999938964844,128.77999877929688,7375272,0.0,0.0
2024-08-14,129.0,130.10000610351562,128.82000732421875,129.67999267578125,8234779,0.0,0.0
2024-08-15,129.88999938964844,130.92999267578125,129.82000732421875,130.49000549316406,11268900,0.0,0.0
2024-08-16,130.97000122070312,131.1699981689453,130.17999267578125,130.2899932861328,7288610,0.0,0.0
2024-08-19,130.9600067138672,132.5,130.82000732421875,131.97999572753906,5042625,0.0,0.0
2024-08-20,132.30999755859375,132.6300048828125,131.6199951171875,132.44000244140625,5602747,0.0,0.0
2024-08-21,132.6999969482422,133.27999877929688,132.42999267578125,132.74000549316406,4806450,0.0,0.0
2024-08-22,132.33999633789062,132.6199951171875,131.16000366210938,131.57000732421875,7342220,0.0,0.0
2024-08-23,132.00999450683594,132.83999633789062,131.74000549316406,131.97999572753906,5844707,0.0,0.0
2024-08-26,132.4499969482422,133.3300018310547,132.22999572753906,133.2100067138672,2660851,0.0,0.0
2024-08-27,133.2100067138672,133.5,132.92999267578125,133.00999450683594,3956169,0.0,0.0
2024-08-28,132.36000061035156,133.77999877929688,132.08999633789062,133.6199951171875,5858532,0.0,0.0
2024-08-29,133.2899932861328,133.3300018310547,132.14999389648438,132.1699981689453,7778259,0.0,0.0
2024-08-30,131.2100067138672,132.60000610351562,131.2100067138672,132.60000610351562,4535994,0.0,0.0
2024-09-02,131.97000122070312,131.97000122070312,130.91000366210938,131.10000610351562,2755263,0.0,0.0
2024-09-03,131.27999877929688,131.41000366210938,130.52000427246094,130.6300048828125,3025277,0.0,0.0
2024-09-04,131.24000549316406,133.1999969482422,131.24000549316406,132.3800048828125,3684298,0.0,0.0
2024-09-05,132.25,133.0,132.11000061035156,132.88999938964844,3752037,0.0,0.0
2024-09-06,132.66000366210938,132.9600067138672,130.85000610351562,130.9600067138672,4661191,0.0,0.0
2024-09-09,131.0,131.61000061035156,130.97000122070312,131.0399932861328,4061555,0.0,0.0
2024-09-10,130.61000061035156,130.89999389648438,130.16000366210938,130.6300048828125,3443489,0.0,0.0
2024-09-11,131.2899932861328,131.44000244140625,130.1999969482422,131.2100067138672,3921936,0.0,0.0
2024-09-12,130.47999572753906,130.83999633789062,130.0,130.30999755859375,4069346,0.0,0.0
2024-09-13,131.16000366210938,132.22999572753906,131.0399932861328,131.2100067138672,4456947,0.0,0.0
2024-09-16,131.69000244140625,132.07000732421875,131.27000427246094,131.3800048828125,3387279,0.0,0.0
2024-09-17,131.10000610351562,131.3300018310547,130.5500030517578,131.3300018310547,4456626,0.0,0.0
2024-09-18,130.41000366210938,131.60000610351562,130.0500030517578,130.0500030517578,6890803,0.0,0.0
2024-09-19,131.10000610351562,131.19000244140625,129.3699951171875,129.3699951171875,8741014,0.0,0.0
2024-09-20,129.27999877929688,129.58999633789062,127.3499984741211,127.62999725341797,10911030,0.0,0.0
2024-09-23,127.23999786376953,127.44999694824219,126.61000061035156,127.0,9309068,0.0,0.0
2024-09-24,128.74000549316406,129.5,128.07000732421875,128.67999267578125,5572576,0.0,0.0
2024-09-25,129.0800018310547,129.41000366210938,127.91999816894531,127.91999816894531,4212234,0.0,0.0
2024-09-26,129.02999877929688,129.72000122070312,128.49000549316406,129.3300018310547,5400992,0.0,0.0
2024-09-27,129.3699951171875,130.3300018310547,129.0399932861328,129.0399932861328,5356540,0.0,0.0
2024-09-30,129.83999633789062,129.83999633789062,128.3699951171875,128.42999267578125,4930837,0.0,0.0
2024-10-01,128.89999389648438,129.85000610351562,128.4499969482422,128.86000061035156,7392815,0.0,0.0
2024-10-02,130.77000427246094,131.3300018310547,129.75999450683594,129.85000610351562,7089535,0.0,0.0
2024-10-03,128.72000122070312,128.72999572753906,127.62999725341797,128.02999877929688,9369114,0.0,0.0
2024-10-04,127.88999938964844,128.4199981689453,127.5999984741211,128.1999969482422,3955444,0.0,0.0
2024-10-07,129.22000122070312,129.42999267578125,128.14999389648438,128.4499969482422,8216928,0.0,0.0
2024-10-08,127.69000244140625,128.1699981689453,127.63999938964844,127.93000030517578,4923671,0.0,0.0
2024-10-09,127.05000305175781,127.12000274658203,126.20999908447266,126.3499984741211,10400515,0.0,0.0
2024-10-10,126.75,126.95999908447266,126.33000183105469,126.80000305175781,3080884,0.0,0.0
2024-10-11,126.47000122070312,126.66000366210938,125.86000061035156,126.47000122070312,3642805,0.0,0.0
2024-10-14,126.5,127.69999694824219,126.19999694824219,127.5,4101139,0.0,0.0
2024-10-15,127.5,127.80000305175781,126.75,127.4000015258789,8244363,0.0,0.0
2024-10-16,127.7300033569336,128.64999389648438,127.2699966430664,128.07000732421875,5046260,0.0,0.0
2024-10-17,126.5999984741211,127.43000030517578,126.4000015258789,127.30999755859375,4162953,0.0,0.0
2024-10-18,128.1199951171875,128.22999572753906,126.66000366210938,127.0,7073101,0.0,0.0
2024-10-21,127.36000061035156,127.62000274658203,126.66000366210938,126.75,3711321,0.0,0.0
2024-10-22,126.0,126.69999694824219,125.62999725341797,126.5,4744929,0.0,0.0
2024-10-23,125.83000183105469,125.98999786376953,125.16999816894531,125.80999755859375,4258243,0.0,0.0
2024-10-24,125.58000183105469,126.7300033569336,125.4000015258789,126.5999984741211,6300104,0.0,0.0
2024-10-25,127.0,127.05000305175781,126.29000091552734,126.3499984741211,4099099,0.0,0.0
2024-10-28,127.0999984741211,127.93000030517578,127.02999877929688,127.83999633789062,3418291,0.0,0.0
2024-10-29,128.0,128.22999572753906,127.16999816894531,127.25,3100162,0.0,0.0
2024-10-30,127.25,127.55000305175781,126.95999908447266,127.2300033569336,3682918,0.0,0.0
2024-10-31,127.0,127.22000122070312,126.1500015258789,126.26000213623047,4435733,0.0,0.0
2024-11-01,126.30999755859375,126.44000244140625,124.58000183105469,124.5999984741211,5634929,0.0,0.0
2024-11-04,126.30999755859375,127.18000030517578,124.58000183105469,127.1500015258789,4869049,0.0,0.0
2024-11-05,126.83999633789062,127.33999633789062,126.23999786376953,127.1500015258789,2814690,0.0,0.0
2024-11-06,125.58000183105469,127.19000244140625,125.3499984741211,126.30000305175781,6108314,0.0,0.0
2024-11-07,126.44999694824219,127.83000183105469,125.88999938964844,126.05999755859375,5735024,0.0,0.0
2024-11-08,124.80999755859375,124.87999725341797,123.58000183105469,124.5,13846528,0.0,0.0
2024-11-11,124.05000305175781,124.69000244140625,123.87999725341797,124.3499984741211,6497911,0.0,0.0
2024-11-12,124.5999984741211,124.80000305175781,123.9800033569336,124.19999694824219,4149523,0.0,0.0
2024-11-13,124.3499984741211,124.6500015258789,123.5,124.33000183105469,4749175,0.0,0.0
2024-11-14,124.20999908447266,125.05000305175781,124.01000213623047,124.2699966430664,4113560,0.0,0.0
2024-11-18,124.08999633789062,124.9000015258789,123.81999969482422,124.41000366210938,4747647,0.0,0.0
2024-11-19,124.19999694824219,125.19999694824219,123.8499984741211,124.87999725341797,5983654,0.0,0.0
2024-11-21,124.05000305175781,124.1500015258789,123.23999786376953,123.5999984741211,5091757,0.0,0.0
2024-11-22,124.55999755859375,126.0199966430664,123.93000030517578,126.0199966430664,7817658,0.0,0.0
2024-11-25,125.9000015258789,126.08000183105469,125.5,125.66999816894531,4023088,0.0,0.0
2024-11-26,126.0,126.91000366210938,125.69999694824219,126.6500015258789,3462437,0.0,0.0
2024-11-27,126.69999694824219,126.83999633789062,123.5199966430664,124.0999984741211,9700696,0.0,0.0
2024-11-28,123.93000030517578,123.97000122070312,121.12000274658203,121.30000305175781,11576280,0.0,0.0
2024-11-29,121.5,122.80999755859375,120.66000366210938,122.31999969482422,9803026,0.0,0.0
2024-12-02,121.77999877929688,122.62999725341797,121.43000030517578,121.87999725341797,6432816,0.0,0.0
2024-12-03,122.23999786376953,123.0999984741211,122.22000122070312,122.68000030517578,4959711,0.0,0.0
2024-12-04,122.72000122070312,123.41999816894531,122.5199966430664,122.75,4794237,0.0,0.0
2024-12-05,123.55000305175781,124.68000030517578,123.55000305175781,124.51000213623047,9382872,0.0,0.0
2024-12-06,124.36000061035156,124.36000061035156,122.45999908447266,122.45999908447266,7369559,0.0,0.0
2024-12-09,123.30000305175781,124.18000030517578,123.30000305175781,123.76000213623047,4604745,0.0,0.0
2024-12-10,124.54000091552734,125.1500015258789,124.3499984741211,124.77999877929688,3677946,0.0,0.0
2024-12-11,125.08999633789062,127.33999633789062,124.04000091552734,126.61000061035156,6861895,0.0,0.0
2024-12-12,125.05000305175781,125.05000305175781,122.5999984741211,122.72000122070312,6187858,0.0,0.0
2024-12-13,122.80999755859375,122.94000244140625,121.31999969482422,121.62999725341797,7854479,0.0,0.0
2024-12-16,121.69999694824219,121.83999633789062,120.22000122070312,120.22000122070312,9194774,0.0,0.0
2024-12-17,120.77999877929688,122.19999694824219,120.4800033569336,121.5999984741211,12280783,0.0,0.0
2024-12-18,120.94999694824219,120.94999694824219,117.3499984741211,118.19999694824219,7930667,0.0,0.0
2024-12-19,118.30000305175781,118.7699966430664,117.83000183105469,117.9800033569336,6728211,0.0,0.0
2024-12-20,118.0,119.08999633789062,117.66000366210938,119.05000305175781,7735878,0.0,0.0
2024-12-23,118.5999984741211,118.5999984741211,117.52999877929688,117.69999694824219,6578171,0.0,0.0
2024-12-26,117.9000015258789,118.56999969482422,117.38999938964844,117.95999908447266,3655520,0.0,0.0
2024-12-27,118.30000305175781,118.47000122070312,117.0199966430664,117.26000213623047,7549856,0.0,0.0
2024-12-30,117.43000030517578,118.0,117.08000183105469,117.2699966430664,6590812,0.0,0.0
2025-01-02,117.19999694824219,117.70999908447266,116.11000061035156,117.0999984741211,7506615,0.0,0.0
2025-01-03,117.0,117.30999755859375,115.3499984741211,115.44999694824219,4606712,0.0,0.0
2025-01-06,116.66999816894531,117.2699966430664,116.41999816894531,117.06999969482422,4648240,0.0,0.0
2025-01-07,117.75,118.63999938964844,117.69999694824219,118.1500015258789,7480223,0.0,0.0
2025-01-08,117.7300033569336,117.73999786376953,116.31999969482422,116.66999816894531,3641734,0.0,0.0
2025-01-09,116.69000244140625,117.13999938964844,116.51000213623047,116.81999969482422,6703445,0.0,0.0
2025-01-10,116.9800033569336,116.9800033569336,115.7699966430664,115.95999908447266,3644293,0.0,0.0
2025-01-13,116.0199966430664,116.75,115.76000213623047,116.0199966430664,4032146,0.0,0.0
2025-01-14,116.0199966430664,116.51000213623047,115.26000213623047,116.45999908447266,3919081,0.0,0.0
2025-01-15,117.38999938964844,119.91999816894531,117.12000274658203,119.56999969482422,8998278,0.0,0.0
2025-01-16,119.33000183105469,119.33000183105469,117.73999786376953,118.33000183105469,7886600,0.0,0.0
2025-01-17,118.36000061035156,119.5999984741211,118.0,119.25,7398371,0.0,0.0
2025-01-20,118.93000030517578,120.16999816894531,118.44000244140625,119.80999755859375,5264061,0.0,0.0
2025-01-21,119.36000061035156,120.45999908447266,119.23999786376953,120.30000305175781,6029391,0.0,0.0
2025-01-22,120.54000091552734,120.8499984741211,119.80000305175781,119.91999816894531,4749595,0.0,0.0
2025-01-23,120.27999877929688,120.91000366210938,119.12000274658203,119.31999969482422,4120879,0.0,0.0
2025-01-24,119.43000030517578,119.87000274658203,119.16000366210938,119.44999694824219,5320280,0.0,0.0
2025-01-27,119.16999816894531,121.87000274658203,119.16999816894531,121.87000274658203,7550976,0.0,0.0
2025-01-28,121.5,121.80000305175781,120.87000274658203,121.02999877929688,3089769,0.0,0.0
2025-01-29,121.5,121.73999786376953,120.16999816894531,120.16999816894531,4669065,0.0,0.0
2025-01-30,121.1500015258789,124.05999755859375,121.1500015258789,123.94999694824219,16668757,0.0,0.0
2025-01-31,123.95999908447266,124.4000015258789,122.93000030517578,123.0,9422484,0.0,0.0
2025-02-03,122.88999938964844,123.37999725341797,122.4800033569336,122.63999938964844,3794062,0.0,0.0
2025-02-04,122.43000030517578,122.76000213623047,121.58000183105469,121.91000366210938,2874533,0.0,0.0
2025-02-05,122.22000122070312,122.7699966430664,121.54000091552734,122.37000274658203,4687245,0.0,0.0
2025-02-06,122.25,123.94999694824219,122.16000366210938,123.16000366210938,7320589,0.0,0.0
2025-02-07,123.05999755859375,123.47000122070312,121.16999816894531,121.4800033569336,6521853,0.0,0.0
2025-02-10,123.83999633789062,123.83999633789062,122.25,122.55000305175781,6640278,0.0,0.0
2025-02-11,122.69000244140625,123.79000091552734,122.56999969482422,123.44999694824219,7571142,0.0,0.0
2025-02-12,122.0999984741211,122.5999984741211,121.0199966430664,121.25,5100962,0.0,0.0
2025-02-13,121.1500015258789,121.75,120.68000030517578,121.68000030517578,3357181,0.0,0.0
2025-02-14,122.6500015258789,125.33000183105469,122.58000183105469,124.87000274658203,11605245,0.0,0.0
2025-02-17,125.27999877929688,126.37000274658203,125.25,125.25,6018843,0.0,0.0
2025-02-18,125.41999816894531,126.12999725341797,124.9000015258789,125.30000305175781,3821597,0.0,0.0
2025-02-19,124.30999755859375,124.83999633789062,123.88999938964844,124.01000213623047,3894567,0.0,0.0
2025-02-20,124.18000030517578,124.76000213623047,123.9000015258789,124.47000122070312,5326483,0.0,0.0
2025-02-21,124.19999694824219,124.4800033569336,123.33000183105469,123.94000244140625,4926034,0.0,0.0
2025-02-24,124.19999694824219,124.27999877929688,122.08999633789062,122.48999786376953,4988193,0.0,0.0
2025-02-25,122.80000305175781,123.66999816894531,122.5199966430664,122.83000183105469,3798787,0.0,0.0
2025-02-26,123.54000091552734,123.58000183105469,121.68000030517578,121.81999969482422,3930617,0.0,0.0
2025-02-27,121.5199966430664,122.7300033569336,121.30000305175781,121.75,3434273,0.0,0.0
2025-02-28,121.75,121.87000274658203,119.62000274658203,120.01000213623047,6052223,0.0,0.0
2025-03-05,120.01000213623047,120.5,119.79000091552734,120.05000305175781,2302088,0.0,0.0
2025-03-06,120.12999725341797,121.11000061035156,119.66999816894531,120.4000015258789,5304082,0.0,0.0
2025-03-07,119.62999725341797,122.7699966430664,119.30000305175781,121.94999694824219,4669719,0.0,0.0
2025-03-10,121.02999877929688,121.7699966430664,120.4000015258789,121.30000305175781,4547893,0.0,0.0
2025-03-11,121.30000305175781,121.41000366210938,119.5999984741211,120.55000305175781,3428352,0.0,0.0
2025-03-12,120.88999938964844,120.9800033569336,120.0199966430664,120.73999786376953,4720349,0.0,0.0
2025-03-13,120.73999786376953,122.73999786376953,120.51000213623047,122.51000213623047,5549188,0.0,0.0
2025-03-14,123.37000274658203,126.08000183105469,123.27999877929688,125.75,7258342,0.0,0.0
2025-03-17,126.0,128.1999969482422,125.83999633789062,127.76000213623047,4073001,0.0,0.0
2025-03-18,127.9000015258789,128.6999969482422,127.55000305175781,128.25999450683594,4829872,0.0,0.0
2025-03-19,128.5,129.86000061035156,128.38999938964844,129.60000610351562,7899333,0.0,0.0
2025-03-20,129.0500030517578,129.60000610351562,128.60000610351562,128.85000610351562,6757298,0.0,0.0
2025-03-21,128.88999938964844,129.44000244140625,128.5800018310547,128.97999572753906,5294572,0.0,0.0
2025-03-24,128.6300048828125,129.19000244140625,127.80000305175781,128.19000244140625,6358388,0.0,0.0
2025-03-25,128.39999389648438,130.22999572753906,128.22999572753906,129.0399932861328,6685920,0.0,0.0
2025-03-26,129.33999633789062,129.72999572753906,128.9600067138672,129.24000549316406,8570253,0.0,0.0
2025-03-27,129.39999389648438,130.58999633789062,129.25999450683594,129.77999877929688,6392746,0.0,0.0
2025-03-28,129.38999938964844,129.80999755859375,128.14999389648438,128.69000244140625,5522628,0.0,0.0
2025-03-31,127.93000030517578,128.0,127.01000213623047,127.30000305175781,6663067,0.0,0.0
2025-04-01,127.1500015258789,128.86000061035156,126.94000244140625,128.0399932861328,4683553,0.0,0.0
2025-04-02,128.0,128.89999389648438,127.23999786376953,128.89999389648438,4936701,0.0,0.0
2025-04-03,127.25,129.44000244140625,127.18000030517578,128.10000610351562,5193549,0.0,0.0
2025-04-04,125.41000366210938,126.76000213623047,123.47000122070312,124.12999725341797,17499075,0.0,0.0
2025-04-07,122.80999755859375,125.55000305175781,120.91999816894531,122.7300033569336,5994293,0.0,0.0
2025-04-08,123.52999877929688,124.68000030517578,120.48999786376953,121.04000091552734,6341511,0.0,0.0
2025-04-09,120.4000015258789,125.77999877929688,120.05999755859375,124.55000305175781,9471066,0.0,0.0
2025-04-10,124.26000213623047,124.58999633789062,121.93000030517578,123.41000366210938,4592067,0.0,0.0
2025-04-11,123.98999786376953,125.37999725341797,123.05000305175781,124.72000122070312,5203985,0.0,0.0
2025-04-14,126.22000122070312,126.94000244140625,125.3499984741211,126.41000366210938,4241669,0.0,0.0
2025-04-15,126.12000274658203,126.91999816894531,125.97000122070312,126.19999694824219,5049103,0.0,0.0
2025-04-16,125.93000030517578,126.41999816894531,124.93000030517578,125.27999877929688,9516436,0.0,0.0
2025-04-17,125.12999725341797,127.05999755859375,124.91000366210938,126.52999877929688,10368470,0.0,0.0
2025-04-22,126.25,127.83000183105469,125.5999984741211,127.33000183105469,5150618,0.0,0.0
2025-04-23,128.7100067138672,130.16000366210938,128.7100067138672,129.0800018310547,7829728,0.0,0.0
2025-04-24,129.60000610351562,131.6999969482422,128.66000366210938,131.3800048828125,10175544,0.0,0.0
2025-04-25,131.22999572753906,131.82000732421875,130.9499969482422,131.49000549316406,9951306,0.0,0.0
2025-04-28,131.58999633789062,132.4600067138672,131.4499969482422,131.64999389648438,6756509,0.0,0.0
2025-04-29,131.94000244140625,132.9199981689453,131.69000244140625,131.86000061035156,11331366,0.0,0.0
2025-04-30,131.1999969482422,132.05999755859375,130.72999572753906,131.6300048828125,9180293,0.0,0.0
2025-05-02,131.6199951171875,132.1199951171875,131.1699981689453,131.85000610351562,6036764,0.0,0.0
2025-05-05,131.7899932861328,132.10000610351562,130.27999877929688,130.33999633789062,3325658,0.0,0.0
2025-05-06,130.8699951171875,131.02999877929688,130.13999938964844,130.3800048828125,4659894,0.0,0.0
2025-05-07,130.94000244140625,130.99000549316406,129.72000122070312,130.2100067138672,3107370,0.0,0.0
2025-05-08,132.6300048828125,134.47000122070312,132.50999450683594,133.0399932861328,5772982,0.0,0.0
2025-05-09,133.5500030517578,134.02999877929688,132.9600067138672,133.24000549316406,7243015,0.0,0.0
2025-05-12,134.27999877929688,134.35000610351562,133.13999938964844,133.38999938964844,5031648,0.0,0.0
2025-05-13,133.89999389648438,136.27999877929688,133.77000427246094,135.61000061035156,10001857,0.0,0.0
2025-05-14,135.57000732421875,135.99000549316406,134.99000549316406,135.30999755859375,10297464,0.0,0.0
2025-05-15,135.14999389648438,136.44000244140625,135.1300048828125,136.07000732421875,6874103,0.0,0.0
2025-05-16,134.97999572753906,136.11000061035156,134.4499969482422,136.11000061035156,11088787,0.0,0.0
2025-05-19,135.6999969482422,136.97999572753906,135.3800048828125,136.4199981689453,4123908,0.0,0.0
2025-05-20,136.5399932861328,137.0500030517578,135.75,136.83999633789062,3465298,0.0,0.0
2025-05-21,136.38999938964844,136.4199981689453,134.33999633789062,134.58999633789062,3912091,0.0,0.0
2025-05-22,134.82000732421875,135.67999267578125,133.85000610351562,134.0500030517578,6065741,0.0,0.0
2025-05-23,132.25999450683594,134.6300048828125,131.8000030517578,134.47000122070312,5093959,0.0,0.0
2025-05-26,134.55999755859375,135.72000122070312,134.52000427246094,135.00999450683594,3834088,0.0,0.0
2025-05-27,136.64999389648438,137.19000244140625,136.14999389648438,136.4600067138672,5172279,0.0,0.0
2025-05-28,135.97999572753906,136.10000610351562,135.39999389648438,135.7100067138672,3717190,0.0,0.0
2025-05-29,135.6999969482422,135.92999267578125,134.77000427246094,135.36000061035156,4519155,0.0,0.0
2025-05-30,135.22999572753906,135.42999267578125,133.50999450683594,133.99000549316406,5171744,0.0,0.0
2025-06-02,135.02999877929688,135.60000610351562,133.3300018310547,133.60000610351562,3143725,0.0,0.0
2025-06-03,133.50999450683594,134.57000732421875,133.0500030517578,134.39999389648438,4421313,0.0,0.0
2025-06-04,135.00999450683594,135.63999938964844,133.6300048828125,133.80999755859375,4990188,0.0,0.0
2025-06-05,134.11000061035156,134.39999389648438,132.91000366210938,133.25,4926223,0.0,0.0
2025-06-06,133.47000122070312,133.86000061035156,132.49000549316406,133.05999755859375,8344593,0.0,0.0
2025-06-09,132.61000061035156,132.94000244140625,131.07000732421875,132.72999572753906,5320983,0.0,0.0
2025-06-10,133.67999267578125,134.32000732421875,133.0,133.35000610351562,5714411,0.0,0.0
2025-06-11,133.0,134.42999267578125,132.50999450683594,133.97000122070312,4996750,0.0,0.0
2025-06-12,133.13999938964844,134.85000610351562,133.02999877929688,134.66000366210938,3017576,0.0,0.0
2025-06-13,134.0,134.60000610351562,133.39999389648438,133.99000549316406,6981571,0.0,0.0
2025-06-16,135.1699981689453,136.85000610351562,135.14999389648438,136.07000732421875,7774867,0.0,0.0
2025-06-17,136.0399932861328,136.41000366210938,135.1699981689453,135.3800048828125,5284805,0.0,0.0
2025-06-18,136.0399932861328,136.41000366210938,135.1699981689453,135.4199981689453,8894582,0.0,0.0
2025-06-20,134.61000061035156,135.0,133.74000549316406,133.89999389648438,6064982,0.0,0.0
2025-06-23,134.02999877929688,134.11000061035156,132.8000030517578,133.47000122070312,7548143,0.0,0.0
2025-06-24,133.5399932861328,135.05999755859375,133.13999938964844,134.07000732421875,7467005,0.0,0.0
2025-06-25,133.24000549316406,133.52999877929688,132.52000427246094,132.5500030517578,6663014,0.0,0.0
2025-06-26,133.3699951171875,134.2899932861328,132.94000244140625,133.9600067138672,7773826,0.0,0.0
2025-06-27,133.42999267578125,134.19000244140625,133.3699951171875,133.7899932861328,3769009,0.0,0.0
2025-06-30,133.55999755859375,136.0399932861328,133.41000366210938,135.85000610351562,4715665,0.0,0.0
2025-07-01,135.97999572753906,136.6699981689453,135.77999877929688,136.52000427246094,2903180,0.0,0.0
2025-07-02,136.58999633789062,136.8000030517578,135.25,135.91000366210938,3619807,0.0,0.0
2025-07-03,136.4499969482422,138.14999389648438,136.08999633789062,137.9199981689453,3879378,0.0,0.0
2025-07-04,137.38999938964844,138.4499969482422,137.38999938964844,138.1300048828125,5577292,0.0,0.0
2025-07-07,138.0500030517578,138.08999633789062,136.1699981689453,136.4499969482422,3691359,0.0,0.0
2025-07-08,136.33999633789062,136.39999389648438,135.66000366210938,136.14999389648438,2574588,0.0,0.0
2025-07-09,135.94000244140625,135.94000244140625,134.11000061035156,134.11000061035156,8538960,0.0,0.0
2025-07-10,133.0,134.02999877929688,132.92999267578125,133.61000061035156,5335029,0.0,0.0
2025-07-11,133.5,133.5,132.52999877929688,133.5,5025910,0.0,0.0
2025-07-14,132.8800048828125,132.88999938964844,131.85000610351562,132.08999633789062,4839858,0.0,0.0
2025-07-15,132.77999877929688,132.97000122070312,131.35000610351562,132.3699951171875,5716437,0.0,0.0
2025-07-16,132.22000122070312,132.64999389648438,131.27999877929688,132.39999389648438,6592146,0.0,0.0
2025-07-17,132.6699981689453,132.77999877929688,132.00999450683594,132.47000122070312,3403032,0.0,0.0
2025-07-18,131.27999877929688,132.19000244140625,130.3000030517578,130.3000030517578,6693992,0.0,0.0
2025-07-21,130.64999389648438,131.88999938964844,130.64999389648438,131.1999969482422,4533839,0.0,0.0
2025-07-22,131.75999450683594,132.27999877929688,129.99000549316406,131.14999389648438,4538075,0.0,0.0
2025-07-23,130.89999389648438,132.75999450683594,130.64999389648438,132.38999938964844,3129788,0.0,0.0
2025-07-24,131.57000732421875,131.57000732421875,130.69000244140625,130.77999877929688,3916773,0.0,0.0
2025-07-25,130.99000549316406,131.1999969482422,130.3000030517578,130.4499969482422,3628193,0.0,0.0
2025-07-28,130.5,130.72000122070312,128.6999969482422,129.25,3943153,0.0,0.0
2025-07-29,129.25,130.42999267578125,129.1999969482422,129.5,4703916,0.0,0.0
2025-07-30,129.02000427246094,132.1999969482422,128.9600067138672,130.92999267578125,6126767,0.0,0.0
2025-07-31,129.3699951171875,130.52999877929688,129.0800018310547,129.8800048828125,4106736,0.0,0.0
2025-08-01,131.61000061035156,131.8699951171875,129.1999969482422,129.57000732421875,3711941,0.0,0.0
2025-08-04,130.74000549316406,131.0,129.5399932861328,130.0,2924525,0.0,0.0
2025-08-05,129.9600067138672,131.27999877929688,129.77999877929688,130.16000366210938,2816372,0.0,0.0
2025-08-06,131.02000427246094,132.24000549316406,131.02000427246094,131.49000549316406,4891658,0.0,0.0
2025-08-07,132.11000061035156,133.9499969482422,132.11000061035156,133.52000427246094,8358557,0.0,0.0
2025-08-08,133.36000061035156,133.60000610351562,132.5800018310547,132.91000366210938,4382173,0.0,0.0
2025-08-11,132.52999877929688,133.2899932861328,132.4499969482422,132.5,3229323,0.0,0.0
2025-08-12,134.16000366210938,135.36000061035156,134.16000366210938,135.10000610351562,8271166,0.0,0.0
2025-08-13,134.32000732421875,134.64999389648438,133.6199951171875,133.66000366210938,5346125,0.0,0.0
2025-08-14,132.92999267578125,134.52999877929688,132.69000244140625,133.36000061035156,4263444,0.0,0.0
2025-08-15,133.22000122070312,133.57000732421875,132.69000244140625,133.55999755859375,10317685,0.0,0.0
2025-08-18,133.7899932861328,134.94000244140625,133.6199951171875,134.3300018310547,4133988,0.0,0.0
2025-08-19,132.8300018310547,132.88999938964844,131.1699981689453,131.1699981689453,7544379,0.0,0.0
2025-08-20,131.39999389648438,132.1300048828125,131.22000122070312,131.8000030517578,1983546,0.0,0.0
2025-08-21,131.05999755859375,132.10000610351562,131.0,131.6300048828125,2072659,0.0,0.0
2025-08-22,132.1699981689453,135.27000427246094,132.14999389648438,135.14999389648438,7336018,0.0,0.0
2025-08-25,135.74000549316406,136.0,135.11000061035156,135.11000061035156,3739175,0.0,0.0
2025-08-26,135.0500030517578,135.2100067138672,134.1699981689453,134.94000244140625,3641902,0.0,0.0
2025-08-27,134.92999267578125,136.35000610351562,134.52000427246094,136.1999969482422,4390981,0.0,0.0
2025-08-28,137.08999633789062,139.1999969482422,137.08999633789062,138.30999755859375,9155113,0.0,0.0
2025-08-29,138.0,139.3800048828125,138.0,138.5,8933528,0.0,0.0
2025-09-01,138.6999969482422,139.0,137.8300018310547,138.2899932861328,3683348,0.0,0.0
2025-09-02,136.8800048828125,138.14999389648438,136.61000061035156,137.3699951171875,5174520,0.0,0.0
2025-09-03,137.27000427246094,137.5800018310547,136.64999389648438,136.8699951171875,2481577,0.0,0.0
2025-09-04,137.0,138.44000244140625,136.83999633789062,138.00999450683594,3507092,0.0,0.0
2025-09-05,139.16000366210938,140.39999389648438,138.8699951171875,139.64999389648438,6908186,0.0,0.0
2025-09-08,139.86000061035156,139.86000061035156,138.36000061035156,138.8000030517578,2536075,0.0,0.0
2025-09-09,139.0500030517578,139.25999450683594,138.60000610351562,138.60000610351562,6058267,0.0,0.0
2025-09-10,138.6999969482422,140.1300048828125,138.5500030517578,139.16000366210938,2656062,0.0,0.0
2025-09-11,139.61000061035156,140.91000366210938,139.4199981689453,139.9600067138672,4508267,0.0,0.0
2025-09-12,139.2100067138672,140.22999572753906,139.2100067138672,139.2100067138672,4288475,0.0,0.0
2025-09-15,139.6999969482422,141.16000366210938,139.60000610351562,140.4499969482422,3362145,0.0,0.0
2025-09-16,141.0399932861328,141.6300048828125,140.55999755859375,141.11000061035156,10040633,0.0,0.0
2025-09-17,141.00999450683594,143.27999877929688,140.86000061035156,142.60000610351562,12057854,0.0,0.0
2025-09-18,142.36000061035156,142.66000366210938,141.97000122070312,142.52999877929688,5660966,0.0,0.0
2025-09-19,142.85000610351562,143.3300018310547,142.42999267578125,142.7899932861328,3844811,0.0,0.0
2025-09-22,141.9600067138672,142.3699951171875,141.10000610351562,141.99000549316406,3199428,0.0,0.0
2025-09-23,142.36000061035156,144.1199951171875,142.08999633789062,143.3300018310547,3067703,0.0,0.0
2025-09-24,143.5,143.77999877929688,143.0500030517578,143.4199981689453,2322354,0.0,0.0
2025-09-25,143.24000549316406,143.49000549316406,142.1999969482422,142.27999877929688,5367085,0.0,0.0
2025-09-26,142.60000610351562,143.25999450683594,142.11000061035156,142.44000244140625,2993346,0.0,0.0
2025-09-29,144.2100067138672,144.63999938964844,143.25,143.4499969482422,4049167,0.0,0.0
2025-09-30,144.11000061035156,144.5500030517578,142.83999633789062,143.24000549316406,3469293,0.0,0.0
2025-10-01,143.8000030517578,143.92999267578125,142.27000427246094,142.52000427246094,3510934,0.0,0.0
2025-10-02,142.60000610351562,142.69000244140625,140.6999969482422,140.99000549316406,5220210,0.0,0.0
2025-10-03,140.9600067138672,141.58999633789062,140.75,141.22000122070312,2641794,0.0,0.0
2025-10-06,141.22000122070312,141.57000732421875,140.4499969482422,140.6699981689453,4551231,0.0,0.0
2025-10-07,139.99000549316406,139.99000549316406,138.17999267578125,138.4499969482422,9177105,0.0,0.0
2025-10-08,138.83999633789062,139.42999267578125,138.72999572753906,139.1999969482422,3431823,0.0,0.0
2025-10-09,139.86000061035156,140.25999450683594,138.66000366210938,138.75,3877461,0.0,0.0
2025-10-10,139.25999450683594,139.4499969482422,137.3000030517578,137.80999755859375,6886601,0.0,0.0
2025-10-13,138.77999877929688,139.3000030517578,138.6300048828125,138.75,3493492,0.0,0.0
2025-10-14,138.42999267578125,139.60000610351562,138.2899932861328,138.74000549316406,4748680,0.0,0.0
2025-10-15,138.41000366210938,140.0,138.30999755859375,139.49000549316406,4650090,0.0,0.0
2025-10-16,138.75,140.17999267578125,138.57000732421875,139.16000366210938,14644409,0.0,0.0
2025-10-17,138.88999938964844,140.4199981689453,138.30999755859375,140.39999389648438,10929894,0.0,0.0
2025-10-20,140.8000030517578,142.14999389648438,140.36000061035156,141.27000427246094,5163325,0.0,0.0
2025-10-21,140.8000030517578,142.14999389648438,140.36000061035156,141.4499969482422,1973798,0.0,0.0
2025-10-22,141.63999938964844,142.0399932861328,140.9600067138672,141.8800048828125,3175811,0.0,0.0
2025-10-23,142.94000244140625,143.22000122070312,142.02999877929688,142.67999267578125,11427664,0.0,0.0
2025-10-27,144.47999572753906,144.9499969482422,143.6999969482422,144.0,2784188,0.0,0.0
2025-10-28,143.77999877929688,144.9199981689453,143.42999267578125,144.32000732421875,7127646,0.0,0.0
2025-10-29,144.92999267578125,146.00999450683594,144.92999267578125,145.3000030517578,7824595,0.0,0.0
2025-10-30,144.5399932861328,146.16000366210938,144.39999389648438,145.6999969482422,4150599,0.0,0.0
2025-10-31,146.19000244140625,146.75,145.7899932861328,146.41000366210938,7156417,0.0,0.0
2025-11-03,147.10000610351562,147.89999389648438,146.52000427246094,147.3699951171875,4039840,0.0,0.0
2025-11-04,146.89999389648438,147.75999450683594,146.80999755859375,147.52999877929688,3057655,0.0,0.0
2025-11-05,147.52999877929688,150.5,147.19000244140625,150.3800048828125,5448540,0.0,0.0
2025-11-06,150.30999755859375,151.13999938964844,150.0500030517578,150.10000610351562,6310619,0.0,0.0
2025-11-07,149.67999267578125,150.94000244140625,149.27000427246094,150.8000030517578,3549846,0.0,0.0
2025-11-10,151.6699981689453,152.4600067138672,151.47999572753906,152.25,4778721,0.0,0.0
2025-11-11,152.77000427246094,155.30999755859375,152.77000427246094,154.8000030517578,8330821,0.0,0.0
2025-11-12,154.88999938964844,154.88999938964844,153.47999572753906,154.44000244140625,4346406,0.0,0.0
2025-11-13,154.14999389648438,155.14999389648438,153.42999267578125,154.10000610351562,4161660,0.0,0.0
2025-11-14,153.49000549316406,155.2100067138672,153.49000549316406,154.33999633789062,7991380,0.0,0.0
2025-11-17,154.4600067138672,154.74000549316406,153.44000244140625,153.7899932861328,8303363,0.0,0.0
2025-11-18,152.69000244140625,153.86000061035156,152.52999877929688,153.52999877929688,7529211,0.0,0.0
2025-11-19,152.99000549316406,153.1699981689453,152.0,152.0,8886667,0.0,0.0
2025-11-21,151.94000244140625,151.9499969482422,150.5,151.9499969482422,5868956,0.0,0.0
2025-11-24,151.6300048828125,152.77000427246094,151.39999389648438,152.35000610351562,8827527,0.0,0.0
2025-11-25,152.35000610351562,153.22999572753906,151.6300048828125,152.97000122070312,3894640,0.0,0.0
2025-11-26,153.2100067138672,155.74000549316406,153.08999633789062,155.74000549316406,6618212,0.0,0.0
2025-11-27,155.2100067138672,155.5500030517578,154.9600067138672,155.32000732421875,2593684,0.0,0.0
2025-11-28,155.41000366210938,156.52000427246094,155.25,155.85000610351562,3961373,0.0,0.0
2025-12-01,155.7100067138672,155.99000549316406,154.77999877929688,155.5,2922763,0.0,0.0
2025-12-02,155.60000610351562,157.97000122070312,155.57000732421875,157.97000122070312,5854674,0.0,0.0
2025-12-03,158.36000061035156,158.7100067138672,157.8699951171875,158.39999389648438,5161918,0.0,0.0
2025-12-04,159.10000610351562,161.3800048828125,159.08999633789062,161.2899932861328,8662644,0.0,0.0
2025-12-05,161.2899932861328,161.74000549316406,153.72999572753906,154.17999267578125,12167131,0.0,0.0
2025-12-08,155.75,156.07000732421875,154.3000030517578,155.25,8262578,0.0,0.0
2025-12-09,153.6699981689453,155.6699981689453,152.0399932861328,154.5500030517578,6497394,0.0,0.0
2025-12-10,155.1999969482422,156.57000732421875,154.42999267578125,156.0,4233612,0.0,0.0
2025-12-11,155.35000610351562,156.74000549316406,154.9199981689453,156.19000244140625,4440966,0.0,0.0
2025-12-12,155.35000610351562,158.1199951171875,154.9199981689453,157.5,3439207,0.0,0.0
2025-12-15,158.86000061035156,159.8300018310547,158.41000366210938,159.3699951171875,5085276,0.0,0.0
2025-12-16,157.5,157.89999389648438,155.16000366210938,155.16000366210938,20862771,0.0,0.0
2025-12-17,154.94000244140625,154.99000549316406,153.41000366210938,154.35000610351562,8355968,0.0,0.0
2025-12-18,154.1300048828125,155.44000244140625,154.00999450683594,154.86000061035156,6537872,0.0,0.0
2025-12-19,155.0500030517578,156.5,154.92999267578125,155.3000030517578,5110290,0.0,0.0
2025-12-22,155.3000030517578,155.3300018310547,154.13999938964844,155.07000732421875,3770850,0.0,0.0
2025-12-23,155.82000732421875,157.42999267578125,155.82000732421875,157.42999267578125,4205277,0.0,0.0
2025-12-26,156.5399932861328,157.97000122070312,156.22000122070312,157.82000732421875,5194854,0.0,0.0
2025-12-29,157.75999450683594,157.99000549316406,156.67999267578125,157.41000366210938,2987230,0.0,0.0
2025-12-30,158.3000030517578,159.0,157.9600067138672,158.0,4155183,0.0,0.0
2026-01-02,158.8300018310547,159.11000061035156,157.0399932861328,157.36000061035156,2721625,0.0,0.0
2026-01-05,157.35000610351562,159.0500030517578,157.1300048828125,158.52000427246094,3437932,0.0,0.0
2026-01-06,160.14999389648438,161.07000732421875,160.14999389648438,160.1999969482422,3425870,0.0,0.0
2026-01-07,159.9600067138672,160.24000549316406,158.66000366210938,158.8000030517578,3347432,0.0,0.0
2026-01-08,159.00999450683594,159.75,158.8000030517578,159.60000610351562,2149246,0.0,0.0
2026-01-09,159.5,161.10000610351562,159.5,160.10000610351562,2641287,0.0,0.0
2026-01-12,159.80999755859375,160.44000244140625,159.24000549316406,160.14999389648438,3082884,0.0,0.0
2026-01-13,159.2899932861328,159.92999267578125,158.69000244140625,159.07000732421875,5029000,0.0,0.0
2026-01-14,159.97000122070312,162.24000549316406,158.85000610351562,162.24000549316406,6972588,0.0,0.0
2026-01-15,162.5,163.0,161.6699981689453,162.5500030517578,8335462,0.0,0.0
2026-01-16,162.5500030517578,162.66000366210938,161.0,161.57000732421875,11515583,0.0,0.0
2026-01-19,161.50999450683594,162.0800018310547,161.13999938964844,161.94000244140625,3188923,0.0,0.0
2026-01-20,160.75,163.30999755859375,160.3800048828125,162.9199981689453,3941185,0.0,0.0
2026-01-21,164.9600067138672,168.9499969482422,164.92999267578125,168.9499969482422,6040015,0.0,0.0
2026-01-22,169.5500030517578,174.72999572753906,169.2899932861328,172.74000549316406,9245398,0.0,0.0
2026-01-23,173.16000366210938,177.3000030517578,172.35000610351562,175.6999969482422,9673007,0.0,0.0
2026-01-26,173.16000366210938,177.3000030517578,172.35000610351562,175.3000030517578,6867173,0.0,0.0
2026-01-27,177.4499969482422,179.97000122070312,177.17999267578125,178.22999572753906,7640493,0.0,0.0
2026-01-28,179.88999938964844,181.69000244140625,179.0399932861328,181.39999389648438,5669537,0.0,0.0
2026-01-29,182.3000030517578,183.1300048828125,178.1199951171875,179.64999389648438,8769354,0.0,0.0
2026-01-30,178.9499969482422,180.1999969482422,176.66000366210938,178.1999969482422,6820901,0.0,0.0
2026-02-02,178.0500030517578,179.47000122070312,177.89999389648438,179.1999969482422,8163198,0.0,0.0
2026-02-03,181.66000366210938,183.8000030517578,180.7899932861328,182.19000244140625,5835580,0.0,0.0
2026-02-04,181.16000366210938,181.27000427246094,176.82000732421875,178.1999969482422,7115202,0.0,0.0
2026-02-05,178.5500030517578,180.6699981689453,178.0500030517578,178.64999389648438,5358557,0.0,0.0
2026-02-06,178.94000244140625,179.8000030517578,177.94000244140625,179.24000549316406,2909973,0.0,0.0
2026-02-09,179.82000732421875,182.97999572753906,179.6199951171875,182.7899932861328,2905667,0.0,0.0
2026-02-10,182.19000244140625,183.42999267578125,181.60000610351562,182.39999389648438,4971512,0.0,0.0
2026-02-11,184.1999969482422,186.9600067138672,183.88999938964844,185.99000549316406,7476956,0.0,0.0
2026-02-12,185.64999389648438,186.44000244140625,183.36000061035156,184.27999877929688,8509342,0.0,0.0
2026-02-13,181.85000610351562,182.97999572753906,180.10000610351562,182.97999572753906,7279780,0.0,0.0
2026-02-18,184.0,184.10000610351562,181.3800048828125,182.42999267578125,3873635,0.0,0.0
2026-02-19,182.61000061035156,185.1999969482422,182.4499969482422,184.99000549316406,3282837,0.0,0.0
2026-02-20,183.39999389648438,187.0,183.16000366210938,186.69000244140625,20643919,0.0,0.0
2026-02-23,186.07000732421875,187.38999938964844,184.6300048828125,185.1699981689453,5352837,0.0,0.0
2026-02-24,186.00999450683594,188.19000244140625,186.0,187.77999877929688,5044231,0.0,0.0
2026-02-25,188.88999938964844,188.9600067138672,186.69000244140625,187.4600067138672,6105933,0.0,0.0
2026-02-26,187.61000061035156,188.10000610351562,185.3000030517578,187.35000610351562,4832891,0.0,0.0
2026-02-27,186.9199981689453,187.30999755859375,184.8699951171875,185.16000366210938,4655771,0.0,0.0
2026-03-02,183.99000549316406,186.5,182.9199981689453,185.5,5324045,0.0,0.0
2026-03-03,180.6999969482422,181.2899932861328,176.97000122070312,179.3000030517578,8735125,0.0,0.0
2026-03-04,182.07000732421875,182.85000610351562,179.83999633789062,181.60000610351562,3443280,0.0,0.0
2026-03-05,181.10000610351562,181.1699981689453,176.4199981689453,176.75,6007521,0.0,0.0
2026-03-06,176.66000366210938,177.74000549316406,175.11000061035156,175.88999938964844,4818118,0.0,0.0
2026-03-09,175.1999969482422,178.55999755859375,174.1300048828125,177.25999450683594,5441655,0.0,0.0
2026-03-10,178.49000549316406,181.8800048828125,177.13999938964844,179.75,6508276,0.0,0.0
2026-03-11,178.49000549316406,182.2100067138672,178.44000244140625,180.2100067138672,3822017,0.0,0.0
2026-03-12,178.17999267578125,178.39999389648438,175.02000427246094,175.85000610351562,6012819,0.0,0.0
2026-03-13,176.60000610351562,177.66000366210938,173.83999633789062,174.5500030517578,6595438,0.0,0.0
2026-03-16,177.0399932861328,177.8300018310547,175.9499969482422,176.5500030517578,5401891,0.0,0.0
2026-03-17,176.5,179.27000427246094,176.4600067138672,176.8300018310547,3993419,0.0,0.0
2026-03-18,176.0,178.1300048828125,175.8000030517578,175.8000030517578,5233590,0.0,0.0
2026-03-19,173.08999633789062,178.0399932861328,172.75,177.5,6340073,0.0,0.0
2026-03-20,176.27999877929688,176.27999877929688,171.58999633789062,172.3000030517578,13254177,0.0,0.0
2026-03-23,175.60000610351562,179.60000610351562,175.32000732421875,178.89999389648438,8926182,0.0,0.0
2026-03-24,177.8300018310547,179.27000427246094,176.41000366210938,179.19000244140625,3680395,0.0,0.0
2026-03-25,181.0,183.02000427246094,180.66000366210938,182.1999969482422,3524550,0.0,0.0
2026-03-26,179.91000366210938,181.60000610351562,179.1300048828125,179.4499969482422,2944334,0.0,0.0
2026-03-27,178.19000244140625,180.1300048828125,177.60000610351562,177.74000549316406,3050726,0.0,0.0
2026-03-30,179.91000366210938,181.0,178.4499969482422,179.0,3134093,0.0,0.0
2026-03-31,181.77000427246094,184.27999877929688,180.9199981689453,184.27999877929688,4817169,0.0,0.0
2026-04-01,184.6300048828125,185.67999267578125,183.75,184.17999267578125,3578277,0.0,0.0
2026-04-02,181.52000427246094,185.77999877929688,181.33999633789062,184.3699951171875,4011436,0.0,0.0
2026-04-06,185.0500030517578,185.77999877929688,184.1999969482422,184.55999755859375,3977378,0.0,0.0
2026-04-07,183.69000244140625,185.0,182.36000061035156,185.0,3275254,0.0,0.0
2026-04-08,190.8699951171875,191.3699951171875,187.5500030517578,189.0,8297773,0.0,0.0
2026-04-09,189.9499969482422,191.94000244140625,189.3000030517578,191.6999969482422,5105625,0.0,0.0
2026-04-10,192.5500030517578,193.9499969482422,192.22000122070312,193.83999633789062,6666317,0.0,0.0
2026-04-13,193.57000732421875,194.60000610351562,192.5,194.3000030517578,4236190,0.0,0.0
2026-04-14,194.39999389648438,195.72000122070312,194.39999389648438,195.16000366210938,4316435,0.0,0.0
2026-04-15,194.5,195.5399932861328,193.27999877929688,193.86000061035156,4563509,0.0,0.0
2026-04-16,194.47999572753906,194.83999633789062,192.6999969482422,193.0500030517578,5792523,0.0,0.0
2026-04-17,194.8000030517578,195.72999572753906,191.72999572753906,192.10000610351562,5990304,0.0,0.0
2026-04-20,192.10000610351562,193.1699981689453,191.63999938964844,192.63999938964844,2972903,0.0,0.0
2026-04-22,192.0,192.32000732421875,189.0500030517578,189.3300018310547,4454478,0.0,0.0
2026-04-23,189.2899932861328,189.88999938964844,187.3800048828125,187.8699951171875,3611148,0.0,0.0
2026-04-24,188.10000610351562,188.1300048828125,186.52000427246094,187.00999450683594,6902816,0.0,0.0
2026-04-27,187.55999755859375,187.85000610351562,186.05999755859375,186.05999755859375,2815933,0.0,0.0
2026-04-28,184.1300048828125,185.57000732421875,183.94000244140625,185.16000366210938,3788014,0.0,0.0
2026-04-29,184.0,184.2100067138672,181.02999877929688,181.02999877929688,3328853,0.0,0.0
2026-04-30,182.77999877929688,184.66000366210938,182.49000549316406,184.08999633789062,4138378,0.0,0.0
2026-05-04,183.99000549316406,184.3000030517578,181.75999450683594,181.75999450683594,2081912,0.0,0.0
2026-05-05,182.02999877929688,183.9499969482422,182.02999877929688,183.27000427246094,1696761,0.0,0.0
2026-05-06,184.3800048828125,185.27000427246094,183.5,184.25,3113319,0.0,0.0
2026-05-07,183.25,183.25,179.4600067138672,179.6999969482422,5049271,0.0,0.0
2026-05-08,181.3000030517578,182.77999877929688,180.77999877929688,180.92999267578125,2556570,0.0,0.0
2026-05-11,180.22999572753906,181.1300048828125,178.22000122070312,178.58999633789062,4119787,0.0,0.0
2026-05-12,177.8699951171875,178.42999267578125,176.57000732421875,177.19000244140625,3898513,0.0,0.0
2026-05-13,176.91000366210938,177.19000244140625,173.44000244140625,173.7899932861328,4774636,0.0,0.0
2026-05-14,175.0399932861328,176.19000244140625,174.3300018310547,175.16000366210938,3616896,0.0,0.0
2026-05-15,172.39999389648438,174.2100067138672,172.08999633789062,173.8800048828125,4230533,0.0,0.0
2026-05-18,173.64999389648438,174.0,172.5,174.0,3408174,0.0,0.0
2026-05-19,171.27000427246094,172.6999969482422,170.3000030517578,170.8699951171875,2986498,0.0,0.0
2026-05-20,172.1300048828125,175.00999450683594,171.9499969482422,173.9499969482422,2979866,0.0,0.0
2026-05-21,173.00999450683594,175.47000122070312,172.52000427246094,174.1699981689453,2117357,0.0,0.0
2026-05-22,173.52999877929688,173.52999877929688,171.67999267578125,173.3000030517578,4047186,0.0,0.0
2026-05-25,173.36000061035156,174.55999755859375,173.22999572753906,174.47999572753906,1896370,0.0,0.0
2026-05-26,173.27999877929688,174.33999633789062,172.27999877929688,173.2899932861328,2135746,0.0,0.0
2026-05-27,174.2100067138672,174.64999389648438,172.22000122070312,172.5399932861328,2700246,0.0,0.0
2026-05-28,173.0,173.60000610351562,171.3800048828125,171.6999969482422,2155822,0.0,0.0
2026-05-29,171.5,171.6999969482422,169.52000427246094,170.75,5156060,0.0,0.0
2026-06-01,170.42999267578125,170.5399932861328,168.61000061035156,169.1199951171875,2270268,0.0,0.0
2026-06-02,170.0,171.8300018310547,169.7100067138672,171.42999267578125,3273231,0.0,0.0
2026-06-03,168.5,169.24000549316406,166.9199981689453,167.27999877929688,5483677,0.0,0.0
2026-06-05,166.6999969482422,167.47999572753906,165.75,165.75,2110470,0.0,0.0
2026-06-08,165.75,166.67999267578125,165.05999755859375,165.5,3187197,0.0,0.0
2026-06-09,166.8699951171875,167.61000061035156,165.3000030517578,166.4199981689453,2787711,0.0,0.0
2026-06-10,166.0,166.1999969482422,165.00999450683594,165.82000732421875,2615642,0.0,0.0
2026-06-11,165.80999755859375,168.97999572753906,165.19000244140625,168.6999969482422,3687230,0.0,0.0
2026-06-12,167.1999969482422,169.5,167.1199951171875,167.9199981689453,4632347,0.0,0.0
2026-06-15,170.19000244140625,171.1999969482422,167.27000427246094,167.58999633789062,2732265,0.0,0.0
2026-06-16,166.44000244140625,167.13999938964844,165.97999572753906,166.35000610351562,3899498,0.0,0.0
2026-06-17,167.2899932861328,168.72999572753906,164.7899932861328,165.13999938964844,3606873,0.0,0.0
2026-06-18,165.00999450683594,166.49000549316406,164.75,165.3800048828125,3842642,0.0,0.0
2026-06-19,165.35000610351562,165.72999572753906,164.61000061035156,165.1300048828125,2974350,0.0,0.0
2026-06-22,165.69000244140625,167.72000122070312,165.69000244140625,167.1199951171875,2007256,0.0,0.0
2026-06-23,165.5,168.69000244140625,165.47999572753906,168.2100067138672,1953789,0.0,0.0
2026-06-24,167.36000061035156,168.47000122070312,166.64999389648438,167.61000061035156,3289088,0.0,0.0
2026-06-25,168.88999938964844,170.33999633789062,168.0,169.0,2931447,0.0,0.0
2026-06-26,168.8300018310547,171.0,168.07000732421875,170.22000122070312,3947621,0.0,0.0
2026-06-29,170.39999389648438,170.9199981689453,169.27999877929688,170.2100067138672,2010518,0.0,0.0
2026-06-30,168.3800048828125,169.82000732421875,167.5,169.0500030517578,3172627,0.0,0.0
2026-07-01,167.10000610351562,169.17999267578125,166.6699981689453,168.8000030517578,2206562,0.0,0.0
2026-07-02,169.8800048828125,171.5,168.8300018310547,169.89999389648438,2367166,0.0,0.0
2026-07-03,170.69000244140625,171.72000122070312,169.89999389648438,171.11000061035156,2604781,0.0,0.0
2026-07-06,169.86000061035156,170.2100067138672,168.67999267578125,169.25,2764264,0.0,0.0
2026-07-07,169.66000366210938,170.60000610351562,168.4600067138672,169.02999877929688,2300917,0.0,0.0
2026-07-08,168.8300018310547,168.8300018310547,167.05999755859375,167.55999755859375,1928780,0.0,0.0
2026-07-09,168.52999877929688,170.0500030517578,167.92999267578125,169.8000030517578,2239318,0.0,0.0
2026-07-10,172.85000610351562,175.00999450683594,172.5,175.00999450683594,3396572,0.0,0.0
2026-07-13,175.02999877929688,175.1300048828125,172.25,172.25,2181020,0.0,0.0
2026-07-14,173.3000030517578,174.0500030517578,172.72000122070312,173.60000610351562,2517042,0.0,0.0
2026-07-15,173.52000427246094,173.52000427246094,172.2899932861328,172.75999450683594,1766268,0.0,0.0
2026-07-16,172.19000244140625,172.41000366210938,170.60000610351562,170.77000427246094,2192016,0.0,0.0
2026-07-17,170.7100067138672,171.52000427246094,170.25999450683594,170.6300048828125,3270552,0.0,0.0
2026-07-20,170.6999969482422,171.39999389648438,170.16000366210938,170.3000030517578,2648578,0.0,0.0
2026-07-21,170.47999572753906,170.75999450683594,169.25,170.33999633789062,2455014,0.0,0.0
2026-07-22,171.35000610351562,174.6999969482422,171.22999572753906,174.6999969482422,3785805,0.0,0.0
2026-07-23,174.02000427246094,174.85000610351562,173.14999389648438,173.4499969482422,3274229,0.0,0.0
2026-07-24,172.1300048828125,172.5,170.9499969482422,170.9499969482422,2063308,0.0,0.0
2026-07-27,171.25999450683594,172.75,171.08999633789062,172.75,2329673,0.0,0.0
2026-07-28,175.33999633789062,175.55999755859375,173.3300018310547,173.74000549316406,1759430,0.0,0.0
2026-07-29,173.42999267578125,173.5,170.5500030517578,170.5500030517578,3043225,0.0,0.0
2026-07-30,171.4499969482422,174.30999755859375,171.2100067138672,174.30999755859375,2575160,0.0,0.0
2026-07-31,175.08999633789062,175.69000244140625,174.47999572753906,175.02000427246094,1733689,0.0,0.0
2026-08-03,175.52999877929688,175.6699981689453,173.77999877929688,174.89999389648438,1426378,0.0,0.0
2026-08-04,177.1999969482422,177.75,174.4600067138672,174.85000610351562,2801983,0.0,0.0
2026-08-05,175.52999877929688,177.2100067138672,174.58999633789062,174.6999969482422,2469125,0.0,0.0
2026-08-06,173.5,174.6300048828125,172.0399932861328,172.0399932861328,3363032,0.0,0.0
2026-08-07,172.82000732421875,173.1300048828125,169.14999389648438,169.3699951171875,4045013,0.0,0.0
2026-08-10,169.5399932861328,170.11000061035156,168.6300048828125,169.27000427246094,5195835,0.0,0.0
2026-08-11,169.41000366210938,169.41000366210938,164.69000244140625,165.0500030517578,7129443,0.0,0.0
2026-08-12,165.27000427246094,165.60000610351562,164.33999633789062,164.6699981689453,2519475,0.0,0.0
2026-08-13,164.39999389648438,165.72000122070312,163.42999267578125,164.14999389648438,1300969,0.0,0.0
2026-08-14,163.72999572753906,164.13999938964844,162.07000732421875,163.89999389648438,3342021,0.0,0.0
2026-08-17,164.11000061035156,165.19000244140625,163.63999938964844,163.8000030517578,2971451,0.0,0.0
2026-08-18,164.0500030517578,165.6199951171875,163.44000244140625,163.5500030517578,2455703,0.0,0.0
2026-08-19,166.22000122070312,167.58999633789062,164.67999267578125,165.0,3865016,0.0,0.0
2026-08-20,164.3000030517578,166.99000549316406,164.13999938964844,165.0,5532280,0.0,0.0
2026-08-21,166.11000061035156,169.25,165.7100067138672,168.3300018310547,7503932,0.0,0.0
2026-08-24,167.0,170.42999267578125,166.49000549316406,169.00999450683594,3801187,0.0,0.0
2026-08-25,169.00999450683594,172.1699981689453,168.4199981689453,171.8800048828125,7189996,0.0,0.0
2026-08-26,172.11000061035156,173.58999633789062,171.44000244140625,171.82000732421875,2782364,0.0,0.0
2026-08-27,170.97999572753906,172.8000030517578,170.82000732421875,172.39999389648438,4480946,0.0,0.0
2026-08-28,173.0399932861328,173.69000244140625,171.11000061035156,172.72000122070312,3751418,0.0,0.0
2026-08-31,175.27000427246094,175.8000030517578,174.05999755859375,174.77999877929688,5448044,0.0,0.0
2026-09-01,175.47000122070312,178.25,174.47999572753906,177.10000610351562,5629246,0.0,0.0
2026-09-02,178.25,183.36000061035156,177.3800048828125,182.27000427246094,5116457,0.0,0.0
2026-09-03,184.5399932861328,186.00999450683594,181.8800048828125,182.25,4512953,0.0,0.0
2026-09-04,181.6999969482422,183.6300048828125,180.2899932861328,181.94000244140625,2491912,0.0,0.0
2026-09-08,184.72999572753906,186.60000610351562,184.30999755859375,184.7899932861328,3559575,0.0,0.0
2026-09-09,183.6999969482422,184.25,181.82000732421875,182.8699951171875,3474896,0.0,0.0
2026-09-10,182.25999450683594,185.6699981689453,181.58999633789062,185.2100067138672,3906254,0.0,0.0
2026-09-11,184.86000061035156,184.9600067138672,183.17999267578125,183.85000610351562,5688704,0.0,0.0
2026-09-14,181.19000244140625,183.3800048828125,180.8000030517578,182.5500030517578,5274931,0.0,0.0
2026-09-15,183.2100067138672,184.77999877929688,182.0800018310547,183.88999938964844,2573462,0.0,0.0
2026-09-16,183.5,183.9499969482422,181.86000061035156,182.66000366210938,5075730,0.0,0.0
2026-09-17,183.25,184.05999755859375,180.0800018310547,183.27999877929688,2564638,0.0,0.0
2026-09-18,182.60000610351562,182.60000610351562,181.52000427246094,182.47000122070312,5714224,0.0,0.0
2026-09-21,183.22000122070312,184.60000610351562,182.55999755859375,183.9499969482422,3391839,0.0,0.0
2026-09-22,182.4600067138672,184.86000061035156,181.9600067138672,184.3000030517578,2603732,0.0,0.0
2026-09-23,183.05999755859375,185.89999389648438,182.7100067138672,182.86000061035156,3053965,0.0,0.0
2026-09-24,182.7899932861328,183.38999938964844,180.8699951171875,180.8699951171875,3542200,0.0,0.0
2026-09-25,180.8699951171875,181.44000244140625,179.27000427246094,180.82000732421875,4333605,0.0,0.0
2026-09-28,179.77999877929688,181.36000061035156,179.02999877929688,180.17999267578125,2336677,0.0,0.0
