Date,Open,High,Low,Close,Volume,Dividends,Stock splits
2020-09-17,7.5500094292741196,7.825208333000707,7.52095152892535,7.809823989868164,3897274,0.0,0.0
2020-09-18,7.823500372631095,7.931186550610332,7.756837702614052,7.8046979904174805,4944588,0.0,0.0
2020-09-21,7.649152352104461,7.708978254283524,7.498733264216002,7.58590841293335,5472800,0.0,0.0
2020-09-22,7.596161711002132,7.681627462548557,7.510696666684341,7.630347728729248,3503772,0.0,0.0
2020-09-23,7.599580336378283,7.690173494118956,7.490184091227766,7.637185096740723,5779098,0.0,0.0
2020-09-24,7.68162820389682,7.842302785612307,7.620092941712107,7.72265100479126,6776519,0.0,0.0
2020-09-25,7.6918842935992275,7.838884619172246,7.6064192347412245,7.784186840057373,3704428,0.0,0.0
2020-09-28,7.84572086408732,7.893581148021453,7.62351103902361,7.632057189941406,4126347,0.0,0.0
2020-09-29,7.623512175781539,7.7277796173437805,7.54488389802444,7.561976909637451,4381234,0.0,0.0
2020-09-30,7.666243910866282,7.8405934679792075,7.6440227848770785,7.673081398010254,6251344,0.0,0.0
2020-10-01,7.729487703835318,7.808115968516752,7.532917042131733,7.666243076324463,4584492,0.0,0.0
2020-10-02,7.604709642750078,7.72436072168841,7.536336890413725,7.550011157989502,5294271,0.0,0.0
2020-10-05,7.568812926984184,7.79956962134192,7.563684811848587,7.772221088409424,3789028,0.0,0.0
2020-10-06,7.785894978748173,7.869651359668707,7.5653938180851075,7.632057189941406,4239365,0.0,0.0
2020-10-07,7.6371857388363384,7.82691892818305,7.6371857388363384,7.741453170776367,4281882,0.0,0.0
2020-10-08,7.751708222448948,7.89187102487415,7.714103464642883,7.828627109527588,4622671,0.0,0.0
2020-10-09,7.84059404354092,8.002978010072164,7.8081173916804225,7.867943286895752,5693630,0.0,0.0
2020-10-13,7.886744093531131,8.156814924551789,7.828628283866396,8.103826522827148,9260744,0.0,0.0
2020-10-14,8.136303697699436,8.249117995341932,8.07818717704463,8.201257705688477,6673480,0.0,0.0
2020-10-15,8.10211783517461,8.26962991310638,8.028617673797852,8.232025146484375,5959363,0.0,0.0
2020-10-16,8.230315855271067,8.367060655389876,8.202967319584554,8.247408866882324,8936008,0.0,0.0
2020-10-19,8.264501936199522,8.41492099233987,8.185873664630034,8.230315208435059,6301887,0.0,0.0
2020-10-20,8.254244887786413,8.303814541928544,8.15168612911298,8.269628524780273,6034636,0.0,0.0
2020-10-21,8.252535570661783,8.382442861019596,8.216640181696375,8.293559074401855,7730772,0.0,0.0
2020-10-22,8.293560377893018,8.406374677294824,8.067931779089404,8.180746078491211,10897877,0.0,0.0
2020-10-23,8.144849912636438,8.283303362373646,8.074767794689988,8.184164047241211,4375160,0.0,0.0
2020-10-26,8.161942552863511,8.199547314067395,8.047418897630902,8.117500305175781,4340018,0.0,0.0
2020-10-27,8.11579155958453,8.255955092714755,8.085024282491192,8.202966690063477,5149148,0.0,0.0
2020-10-28,8.085022953154178,8.117499596660533,7.939732035882879,7.975627422332764,6116417,0.0,0.0
2020-10-29,7.9756299638027395,8.096991133598777,7.87990866702484,8.06622314453125,8772229,0.0,0.0
2020-10-30,8.05254726546941,8.124338046890603,7.919221225446342,7.989302635192871,6722505,0.0,0.0
2020-11-03,8.209803821283113,8.39611827802891,8.04912923469846,8.356804847717285,7982188,0.0,0.0
2020-11-04,8.413209620377653,8.491837166025014,8.102115351560638,8.179034233093262,7739232,0.0,0.0
2020-11-05,8.303814734112786,8.408082866779687,8.197837937054686,8.332873344421387,13659983,0.0,0.0
2020-11-06,8.283301885928848,8.580721899998979,8.283301885928848,8.47645378112793,7928391,0.0,0.0
2020-11-09,8.649097059625737,8.662771328499502,8.42859655671744,8.471328735351562,6927065,0.0,0.0
2020-11-10,8.488422132992453,8.531154310003117,8.290142059326172,8.290142059326172,8939478,0.0,0.0
2020-11-11,8.334583445872616,8.433723472361361,8.245698942772298,8.365350723266602,12677964,0.0,0.0
2020-11-12,8.717385976277544,8.743357625258877,8.539291050411736,8.67286205291748,8714961,1.773703,0.0
2020-11-13,8.698834364384645,8.808288176450198,8.66544103848079,8.800868034362793,7236617,0.0,0.0
2020-11-16,8.862090093832439,9.062447020952371,8.732228752978047,9.029053688049316,10497434,0.0,0.0
2020-11-17,8.975253221862111,9.37411179663256,8.936294978167066,9.3203125,13575816,0.0,0.0
2020-11-18,9.275788625497702,9.348140198174987,9.190451227374265,9.294340133666992,6992143,0.0,0.0
2020-11-19,9.294339078781224,9.444607122229357,9.26836743083664,9.422345161437988,6262407,0.0,0.0
2020-11-23,9.498406960366252,9.92138267044475,9.459447954203991,9.871293067932129,9824966,0.0,0.0
2020-11-24,9.856453238613962,10.340649207569882,9.696909809846066,10.333229064941406,11053196,0.0,0.0
2020-11-25,10.279428094118911,10.529874580477198,10.24603553630091,10.459378242492676,8839476,0.0,0.0
2020-11-26,10.400014517160018,10.706114768981934,10.385172697377556,10.706114768981934,6111427,0.0,0.0
2020-11-27,10.624488114529221,11.091988563537598,10.624488114529221,11.091988563537598,9948614,0.0,0.0
2020-11-30,11.0678701937767,11.136511306827407,10.77846622467041,10.77846622467041,65175114,0.0,0.0
2020-12-01,11.008505474012852,11.216283263388641,10.932444222257676,11.182889938354492,8672878,0.0,0.0
2020-12-02,11.143932448866286,11.195877283493731,10.641184987892295,10.960271835327148,10236690,0.0,0.0
2020-12-03,11.054886223659938,11.075292961495645,10.769191893960027,10.865660667419434,6456772,0.0,0.0
2020-12-04,10.89905137771422,11.39623391224097,10.882355098248292,11.353565216064453,6284750,0.0,0.0
2020-12-07,11.36469725156145,11.596592268708788,11.262663566828548,11.559489250183105,5746993,0.0,0.0
2020-12-08,11.522385226503017,11.618853993770163,11.342435053061662,11.529806137084961,3652583,0.0,0.0
2020-12-09,11.529806744982109,11.657812853822442,11.396235720486446,11.552068710327148,4981031,0.0,0.0
2020-12-10,11.629983050210564,11.92495346069336,11.568762848749458,11.92495346069336,8082191,0.0,0.0
2020-12-11,11.858169144455154,11.967622970048362,11.746860091217194,11.926810264587402,4062571,0.0,0.0
2020-12-14,11.963914450155919,11.963914450155919,11.661523828162258,11.696771621704102,2802237,0.0,0.0
2020-12-15,11.696769308001718,12.019566604653516,11.696769308001718,11.897126197814941,2941502,0.0,0.0
2020-12-16,11.934230958239343,12.10119531337458,11.763556915217968,12.030699729919434,4553906,0.0,0.0
2020-12-17,12.058526273196977,12.249607815903698,12.045540447022557,12.199518203735352,3231748,0.0,0.0
2020-12-18,12.242185862984536,12.427701706862596,12.212503757805756,12.342364311218262,3333269,0.0,0.0
2020-12-21,12.091916707275265,12.264445931869227,11.93793821987271,12.093771934509277,5677794,0.0,0.0
2020-12-22,12.06965839521107,12.151285347875962,11.854459646781118,11.962059020996094,2744968,0.0,0.0
2020-12-23,11.960202482868366,12.052960024564074,11.932374836572398,12.00472640991211,1450360,0.0,0.0
2020-12-28,12.101197038693051,12.216216568926354,11.826634041499142,11.995452880859375,2588782,0.0,0.0
2020-12-29,12.041827236970931,12.156846721274002,11.884139060974121,11.884139060974121,3115042,0.0,0.0
2020-12-30,11.936083817186308,12.006580154225624,11.808078502217297,11.819209098815918,11313939,0.0,0.0
2021-01-04,11.999161415451885,12.336800575256348,11.989886044537501,12.336800575256348,7643135,0.0,0.0
2021-01-05,12.30340586114892,12.577969551086426,12.20693786958146,12.577969551086426,4977777,0.0,0.0
2021-01-06,12.615072656591288,13.360846479951652,12.596521149139855,13.171619415283203,12982526,0.0,0.0
2021-01-07,13.175330694191768,14.190102590417146,13.175330694191768,14.169695854187012,8745114,0.0,0.0
2021-01-08,14.284714285492742,14.345934489573425,13.837622117287774,14.242046356201172,10302852,0.0,0.0
2021-01-11,14.221640665871016,14.449825219214699,14.05838677633401,14.099200248718262,4928535,0.0,0.0
2021-01-12,14.121461669551389,14.288426016974244,13.921104759673774,14.086213111877441,5854371,0.0,0.0
2021-01-13,14.034271118500625,14.039836034379658,13.666949826903481,13.806086540222168,5823568,0.0,0.0
2021-01-14,13.963771620674095,14.097343395386888,13.71147142641519,13.935945510864258,2909831,0.0,0.0
2021-01-15,13.79866353793004,13.841333003700607,13.15863383256332,13.256957054138184,3030876,0.0,0.0
2021-01-18,13.275508478692158,13.550071390490631,13.264377114185105,13.475865364074707,2729784,0.0,0.0
2021-01-19,13.533377073107973,13.533377073107973,12.99352654076886,13.303338050842285,4129167,0.0,0.0
2021-01-20,13.381256434068966,13.43691020223756,12.930452161552255,13.154926300048828,3414616,0.0,0.0
2021-01-21,13.143794389675332,13.640975444444852,13.119677197726745,13.197593688964844,3377305,0.0,0.0
2021-01-22,13.021353563124048,13.249536579169545,12.897057151952312,13.147502899169922,3271879,0.0,0.0
2021-01-26,13.115967159530149,13.386819659821535,12.956423716668892,13.017643928527832,3032394,0.0,0.0
2021-01-27,12.897058677671213,12.897058677671213,12.511185875621665,12.59652328491211,3802478,0.0,0.0
2021-01-28,12.32566967928702,12.379469749426194,11.869300534861253,12.2421875,13996000,0.0,0.0
2021-01-29,12.069656349000548,12.205082582026353,11.524239426788197,11.596590995788574,8431006,0.0,0.0
2021-02-01,11.752424915010103,12.065946870912555,11.706045759401707,12.014002799987793,5756321,0.0,0.0
2021-02-02,12.104905005577894,12.104905005577894,11.299766156779665,11.327593803405762,10355999,0.0,0.0
2021-02-03,11.427772388677537,11.783962278219043,11.405510424634379,11.57618522644043,8106703,0.0,0.0
2021-02-04,11.70789950810185,11.908257158694308,11.4110746383667,11.4110746383667,5714021,0.0,0.0
2021-02-05,11.542793199124317,11.78025313649062,11.472296848458004,11.700481414794922,2923064,0.0,0.0
2021-02-08,11.648537970216477,12.019568950488864,11.637406603290781,11.737585067749023,4835258,0.0,0.0
2021-02-09,11.778396642860518,11.900837053825693,11.574329291251892,11.71717643737793,2341705,0.0,0.0
2021-02-10,11.780250588991084,11.911967123235835,11.648534822320732,11.698623657226562,4612693,0.0,0.0
2021-02-11,11.826631100081341,11.83034155514823,11.576184593960164,11.650390625,3844995,0.0,0.0
2021-02-12,11.559489577765138,11.663378493125865,11.466731261247725,11.613288879394531,4537420,0.0,0.0
2021-02-17,11.73387360268054,11.950926795738592,11.719032548964277,11.874865531921387,6678903,0.0,0.0
2021-02-18,11.94721794128418,12.166126377271993,11.830343195914574,11.94721794128418,5230929,0.0,0.0
2021-02-19,11.973186002170234,12.160557044636302,11.809932146171976,12.093771934509277,3553014,0.0,0.0
2021-02-22,11.835909289729475,12.114182739993767,11.6448284840102,11.752427101135254,4835908,0.0,0.0
2021-02-23,11.861879903480483,11.995450924301167,11.570619901839766,11.910114288330078,4945455,0.0,0.0
2021-02-24,11.976898561391101,12.307116785886342,11.869299200781244,12.275579452514648,4439586,0.0,0.0
2021-02-25,12.284855191983501,12.42213666253125,11.694915069819368,11.815500259399414,5926173,0.0,0.0
2021-02-26,11.874864633210285,12.002870726708489,11.514964310487938,11.661521911621094,7176095,0.0,0.0
2021-03-01,11.750570102828478,12.164270527521019,11.717177539451553,11.980609893798828,3938490,0.0,0.0
2021-03-02,11.917532014089462,12.385031643492807,11.661520622958218,12.279288291931152,5262383,0.0,0.0
2021-03-03,12.355351362650946,12.670727771652333,11.867444160859367,12.02513313293457,9316711,0.0,0.0
2021-03-04,12.026989625005642,12.149430053330274,11.414787483382488,11.652247428894043,13049990,0.0,0.0
2021-03-05,11.693060356620574,12.518605978990438,11.583605760345549,12.392455101013184,11908748,0.0,0.0
2021-03-08,12.297839421231133,12.624347925607703,12.145716917079817,12.231054306030273,8426668,0.0,0.0
2021-03-09,12.047397817420647,12.173548716543058,11.730165341606229,11.89341926574707,8976356,0.0,0.0
2021-03-10,11.891563582669486,11.906405406168634,11.468587732011487,11.687496185302734,9814988,0.0,0.0
2021-03-11,11.869297253737157,12.12159894962102,11.735726264346765,11.939793586730957,9538625,0.0,0.0
2021-03-12,11.874866759305442,11.965769853809176,11.62071052189992,11.80808162689209,6155680,0.0,0.0
2021-03-15,11.750568027707711,11.882284565407817,11.661520951903219,11.813643455505371,4021572,0.0,0.0
2021-03-16,11.871154824891741,12.169835725992588,11.72830843859289,11.809934616088867,6928367,0.0,0.0
2021-03-17,11.78025314105237,12.151284869011818,11.720888156687806,12.112326622009277,5643737,0.0,0.0
2021-03-18,12.106759260060521,12.184675743261309,11.763555227939529,11.835906028747559,3299862,0.0,0.0
2021-03-19,11.861879226025536,11.893416559843653,11.576184923778147,11.704190254211426,4835475,0.0,0.0
2021-03-22,11.672653601969417,11.674508829664047,11.262663632947184,11.513110160827637,6239196,0.0,0.0
2021-03-23,11.501978304283572,11.74500467859885,11.297911709894516,11.362841606140137,5808600,0.0,0.0
2021-03-24,11.461164630749849,11.694914079656067,11.36840632811129,11.438901901245117,5551327,0.0,0.0
2021-03-25,11.440758281281335,11.544647191563897,11.275649928991147,11.474151611328125,4235026,0.0,0.0
2021-03-26,11.748715062079484,12.15684981017864,11.668943340185063,12.127167701721191,10976187,0.0,0.0
2021-03-29,12.151284598545313,12.774617304286211,12.151284598545313,12.667017936706543,13849793,0.0,0.0
2021-03-30,12.756065475110349,12.756065475110349,12.487067446695471,12.648466110229492,7692377,0.0,0.0
2021-03-31,12.680005444947456,12.841404124169726,12.453676094958556,12.672584533691406,7338572,0.0,0.0
2021-04-01,13.537753627502788,13.599372665064813,12.981126536870848,13.030421257019043,6467618,3.048142,0.0
2021-04-05,13.1988493206207,13.81709552724803,13.172147479338935,13.761638641357422,7040517,0.0,0.0
2021-04-06,13.802716561667493,13.93006274543593,13.64456043351314,13.677424430847168,5394490,0.0,0.0
2021-04-07,13.64045391120463,14.026601463071659,13.611698866264232,13.93211841583252,5271711,0.0,0.0
2021-04-08,13.938279587945033,14.254591858567084,13.938279587945033,14.110814094543457,5889079,0.0,0.0
2021-04-09,13.987576102606104,14.25870007440699,13.975252633366173,14.149840354919434,5517053,0.0,0.0
2021-04-12,14.197082437382704,14.26075553894043,14.040980338460718,14.26075553894043,4693606,0.0,0.0
2021-04-13,14.234053796059785,14.50723353338086,14.080005749319337,14.390156745910645,6425318,0.0,0.0
2021-04-14,14.3572901711521,14.85435230757515,14.35318206509582,14.768085479736328,5856107,0.0,0.0
2021-04-15,14.81738020330567,14.920079449482177,14.757815218411578,14.885161399841309,4644581,0.0,0.0
2021-04-16,14.885163299381126,15.039211338468704,14.731115260293548,14.963213920593262,4540023,0.0,0.0
2021-04-19,14.983754895335897,15.2877428761539,14.952944946673112,15.199422836303711,7734894,0.0,0.0
2021-04-20,15.199421285844911,15.199421285844911,14.790679181333964,14.946782112121582,4613343,0.0,0.0
2021-04-22,15.04126404739437,15.15217780351595,14.821488038517007,14.996076583862305,6392345,0.0,0.0
2021-04-23,15.119317754800253,15.277473909564812,14.862570441281107,14.948837280273438,6941165,0.0,0.0
2021-04-26,15.100831254522802,15.174773769490542,14.753709015433369,15.065913200378418,6459375,0.0,0.0
2021-04-27,15.096723849775481,15.187098794345744,14.864625178373384,14.985808372497559,5067150,0.0,0.0
2021-04-28,15.096724803087916,15.246664752471066,14.99197232884335,15.166559219360352,5400998,0.0,0.0
2021-04-29,15.252824941026802,15.355524204153516,14.805058329374102,14.94472885131836,6491697,0.0,0.0
2021-04-30,14.786571989834908,14.854353194302416,14.533934500157482,14.585283279418945,7412760,0.0,0.0
2021-05-03,14.745491320228938,14.778354468058154,14.392207806968326,14.568849563598633,4296199,0.0,0.0
2021-05-04,14.568849948382148,14.716736667026716,14.39836949631986,14.418910026550293,5499699,0.0,0.0
2021-05-05,14.523662654541873,14.831758713967568,14.420965101180997,14.55036449432373,7569163,0.0,0.0
2021-05-06,14.63663201122082,15.197367273663687,14.63252390493263,15.178881645202637,6754827,0.0,0.0
2021-05-07,15.310334586126466,15.44178887664577,14.971428595020884,15.238445281982422,6174553,0.0,0.0
2021-05-10,15.659511984974953,15.758103140328641,15.281581489014718,15.353470802307129,6161754,0.0,0.0
2021-05-11,15.19531375176512,15.708808330635106,15.076182071248573,15.636919021606445,3848683,0.0,0.0
2021-05-12,15.513677571308685,15.532163197399889,15.125476024050586,15.26720142364502,5299477,0.0,0.0
2021-05-13,15.135750608278109,15.14807322871637,14.677712857736628,14.811222076416016,5572586,0.0,0.0
2021-05-14,14.74549075657484,14.761923179697044,14.431233411898209,14.587334632873535,4523753,0.0,0.0
2021-05-17,14.655116623103167,14.989914514829747,14.634577792758538,14.905702590942383,4311167,0.0,0.0
2021-05-18,14.950892435204196,15.074130535887123,14.796844384432598,14.938568115234375,3508978,0.0,0.0
2021-05-19,14.587336947954187,14.690036209424024,14.320320227869948,14.618146896362305,4928101,0.0,0.0
2021-05-20,14.618145208863824,14.712628246561616,14.423017824366541,14.505176544189453,4933525,0.0,0.0
2021-05-21,14.519555957645048,14.607877697752741,14.26897165955758,14.40247917175293,3446287,0.0,0.0
2021-05-24,14.174488094503246,14.404533551434858,14.080005047923926,14.367562294006348,4034804,0.0,0.0
2021-05-25,14.466152039742498,14.466152039742498,13.958820442167948,13.997846603393555,4454120,0.0,0.0
2021-05-26,13.89514958077808,14.281296350134332,13.86023237019011,14.223785400390625,4884500,0.0,0.0
2021-05-27,14.388098620510501,14.552417746659449,14.23405060826991,14.283346176147461,7349418,0.0,0.0
2021-05-28,14.322375188814489,14.515447693565326,14.086167566347758,14.36139965057373,6115115,0.0,0.0
2021-05-31,14.423019185001301,14.850245248252564,14.423019185001301,14.626362800598145,4450650,0.0,0.0
2021-06-01,14.823546215594146,15.121372900085175,14.718792045445017,14.74549388885498,5292969,0.0,0.0
2021-06-02,14.788626225912083,15.078236659242808,14.692088281687479,14.93651294708252,5311191,0.0,0.0
2021-06-04,14.95910499359244,14.95910499359244,14.482583380099904,14.577066421508789,4111596,0.0,0.0
2021-06-07,14.48053310180616,14.499018733242739,14.289512077508356,14.410696983337402,3701825,0.0,0.0
2021-06-08,14.402477965122806,14.470259167083173,14.131353157281335,14.166271209716797,4098363,0.0,0.0
2021-06-09,14.305941359461702,14.45177317524747,14.036870611472127,14.418910026550293,5431151,0.0,0.0
2021-06-10,14.412748144657144,14.494906862971442,14.275130846759964,14.425070762634277,3380776,0.0,0.0
2021-06-11,14.50312500147091,14.700305611686295,14.439451901334811,14.605822563171387,4555424,0.0,0.0
2021-06-14,14.690035105554616,14.784518147059554,14.459989660978007,14.589390754699707,3352358,0.0,0.0
2021-06-15,14.591444325937855,14.614038060352973,14.236106734637149,14.336751937866211,4251946,0.0,0.0
2021-06-16,14.390156370371857,14.392209573756967,13.780124659481956,13.8191499710083,9431898,0.0,0.0
2021-06-17,13.81298831936203,13.880769524468487,13.393976769702585,13.543916702270508,6837692,0.0,0.0
2021-06-18,13.562403914084117,13.864338698550698,13.548025541115889,13.7595853805542,6415339,0.0,0.0
2021-06-21,13.741099299867722,14.049195384230053,13.580889098045274,13.997846603393555,4256502,0.0,0.0
2021-06-22,13.997849266113194,14.281296765828774,13.925959939464056,14.215570449829102,4624407,0.0,0.0
2021-06-23,14.264863506493592,14.478476545111791,14.240215717447517,14.322375297546387,3773410,0.0,0.0
2021-06-24,14.375774722695596,14.523661430639333,14.219673502925586,14.392207145690918,3306804,0.0,0.0
2021-06-25,14.673603211081733,15.037157868635758,14.503124449307018,15.008402824401855,9618454,0.0,0.0
2021-06-28,15.092612948973132,15.213797820332742,14.768084489977658,14.934456825256348,6258936,0.0,0.0
2021-06-29,14.89954023303863,15.36373923496815,14.821489614910451,15.328821182250977,7800622,0.0,0.0
2021-06-30,15.199420228086801,15.532163197399889,15.199420228086801,15.26720142364502,6047218,0.0,0.0
2021-07-01,15.419197270132766,15.445899112478113,15.088507445272628,15.22612476348877,7110367,0.0,0.0
2021-07-02,15.355524232568886,15.472601018822218,15.234339339809148,15.408927917480469,2700933,0.0,0.0
2021-07-05,15.371957373184976,15.593786636484513,15.248719271278963,15.341147422790527,1668803,0.0,0.0
2021-07-06,15.275417374632559,15.587623243894475,15.256931746799776,15.558866500854492,4456290,0.0,0.0
2021-07-07,15.632810370038934,15.969661469483757,15.632810370038934,15.745779037475586,5200125,0.0,0.0
2021-07-08,15.380174509750079,15.772482576015474,15.332932129730468,15.59994888305664,3552797,0.0,0.0
2021-07-12,15.795074623121106,16.021011958174817,15.741670943986316,15.836153984069824,4310082,0.0,0.0
2021-07-13,16.00457959569652,16.308567547758887,15.957337225636673,16.288028717041016,7612114,0.0,0.0
2021-07-14,16.405107396779417,16.437970549548467,16.09495639973581,16.185331344604492,6779122,0.0,0.0
2021-07-15,16.23462564649334,16.472887309587428,16.156573327758224,16.349647521972656,6274121,0.0,0.0
2021-07-16,16.63511101904824,16.802514733818686,16.311037602366174,16.36898422241211,4827882,1.576625,0.0
2021-07-19,16.143635844419073,16.212314709670324,15.92901772046864,16.2037296295166,4403794,0.0,0.0
2021-07-20,16.137196325730226,16.33893858546886,15.97193976504587,16.315330505371094,2427607,0.0,0.0
2021-07-21,16.274549591196273,16.628670734446708,16.274549591196273,16.532093048095703,2217841,0.0,0.0
2021-07-22,16.525656126226345,16.712375385824515,16.29386786409029,16.665159225463867,2900721,0.0,0.0
2021-07-23,16.663010903244253,16.712374217978198,16.308889725285084,16.38400650024414,3212008,0.0,0.0
2021-07-26,16.384009396169873,16.978504003881184,16.366839235666102,16.95918846130371,3633927,0.0,0.0
2021-07-27,16.888359375397105,16.98708421805624,16.62223261969389,16.64154815673828,2552990,0.0,0.0
2021-07-28,16.71666840619121,17.201705866768467,16.71666840619121,17.081520080566406,7084119,0.0,0.0
2021-07-29,16.989231678038703,17.186681387513676,16.7488583503272,16.826122283935547,2963412,0.0,0.0
2021-07-30,16.529947424048842,16.55141012077232,15.873213768005371,15.873213768005371,5045458,0.0,0.0
2021-08-02,16.14792709743887,16.24021403776794,15.866775512695312,15.866775512695312,4310733,0.0,0.0
2021-08-03,15.866776257567546,16.49775654047517,15.774491088884487,16.338939666748047,5487768,0.0,0.0
2021-08-04,16.203729347981177,16.579311502363428,16.203729347981177,16.38615608215332,5845477,0.0,0.0
2021-08-05,16.096417380713362,16.107149617362026,15.536261404435708,15.549139022827148,6445492,0.0,0.0
2021-08-06,15.546992090889052,15.774487779896194,15.41392870871341,15.4954833984375,4553472,0.0,0.0
2021-08-09,15.373150825500488,15.386028442900779,15.197163824942352,15.373150825500488,6183013,0.0,0.0
2021-08-10,15.394614813623582,15.536261513006234,15.2465266410328,15.287304878234863,5890164,0.0,0.0
2021-08-11,15.368861263341278,15.431100428864658,15.222920232470004,15.272283554077148,2504182,0.0,0.0
2021-08-12,15.179994660639748,15.259403975831562,14.853774097022722,14.885967254638672,4253682,0.0,0.0
2021-08-13,14.950353175693031,15.051225197278084,14.858068009707887,15.044785499572754,3718094,0.0,0.0
2021-08-16,15.006153843027521,15.272282421218389,14.673494452272692,15.25296688079834,4755429,0.0,0.0
2021-08-17,15.229355779062546,15.229355779062546,14.733587026205933,14.943913459777832,4389694,0.0,0.0
2021-08-18,14.735736488851854,14.735736488851854,14.360153426948548,14.375176429748535,5248066,0.0,0.0
2021-08-19,13.907301973633688,13.939494237005615,13.505964712217995,13.60898208618164,8219287,0.0,0.0
2021-08-20,13.51455247061459,13.742049083535214,13.439436577582505,13.621862411499023,4168647,0.0,0.0
2021-08-23,13.611128043225534,13.686245695574662,13.49523482459764,13.501672744750977,3611367,0.0,0.0
2021-08-24,13.937351211200218,14.154115566234026,13.808579471982467,13.84077262878418,4307045,0.0,0.0
2021-08-25,13.84506439464512,13.887988900065565,13.677662464260724,13.767802238464355,2154499,0.0,0.0
2021-08-26,13.742045827113053,13.887986814858628,13.555327497729117,13.58322811126709,3105064,0.0,0.0
2021-08-27,13.692683829848798,13.905156509967142,13.669075754280094,13.815016746520996,2638241,0.0,0.0
2021-08-30,13.815018667160412,13.909450982563728,13.64976211520461,13.750633239746094,1786377,0.0,0.0
2021-08-31,13.696977334898943,13.712000333870062,13.323540638285113,13.553182601928711,5810986,0.0,0.0
2021-09-01,13.293494523202728,13.572498927058838,13.102483624688197,13.469482421875,3852804,0.0,0.0
2021-09-02,13.424410455817618,13.634736874901867,13.362171304288996,13.38577938079834,5021596,0.0,0.0
2021-09-03,13.548892394597905,13.62830171822967,13.323542931302542,13.426559448242188,5974982,0.0,0.0
2021-09-06,13.261303085997584,13.362173327821006,13.132531336450747,13.312810897827148,2619152,0.0,0.0
2021-09-08,13.265594625100137,13.323542133901825,12.881426537533322,12.96727466583252,5756321,0.0,0.0
2021-09-09,12.984445143112511,13.098193013492146,12.741926400299448,12.917913436889648,4770180,0.0,0.0
2021-09-10,13.091753693997841,13.143262396162408,12.877135581627492,12.920059204101562,2354070,0.0,0.0
2021-09-13,12.954398488816384,12.999467492715723,12.769825493476166,12.960836410522461,2389645,0.0,0.0
2021-09-14,12.950105649740577,13.050975892689461,12.754802197410925,13.014491081237793,3520475,0.0,0.0
2021-09-15,13.930913604094382,14.087585974324893,13.621862291298303,13.694832801818848,24125313,0.0,0.0
2021-09-16,13.441583481010744,13.523138187457393,13.040246094683784,13.192625045776367,13261275,0.0,0.0
2021-09-17,13.199062802092566,13.239840152061017,12.617445889633444,12.71402359008789,14220951,0.0,0.0
2021-09-20,12.359903932653511,12.366341854362698,11.919934587069278,12.156015396118164,8746198,0.0,0.0
2021-09-21,12.241809785953402,12.32423028250993,11.992125861658627,12.236961364746094,9751541,0.0,1.1295
2021-09-22,12.816323620199418,13.104793963881905,12.680573183639085,12.750872611999512,10626731,0.0,0.0
2021-09-23,12.775116973172656,13.148431209709397,12.539976529339663,13.085404396057129,9268718,0.0,0.0
2021-09-24,12.942378098575704,13.049039790102764,12.777537141126782,12.95207405090332,4651163,0.0,0.0
2021-09-27,12.971468656733984,13.131460317447033,12.704815296886167,12.949650764465332,4142412,0.0,0.0
2021-09-28,12.881777261103991,12.881777261103991,12.166661780947173,12.219992637634277,8020943,0.0,0.0
2021-09-29,12.365437711712651,12.467250985553479,12.246655854894707,12.38725471496582,4883165,0.0,0.0
2021-09-30,12.508461582939953,12.835717540683394,12.45270652217304,12.670877456665039,7513536,0.0,0.0
2021-10-01,12.736331193720648,12.816326592968144,12.496343219999668,12.658759117126465,4912933,0.0,0.0
2021-10-04,12.65633507527001,12.658759285944898,12.338775020719835,12.37756061553955,4030253,0.0,0.0
2021-10-05,12.45997909713753,12.469675938267084,12.123026299733127,12.16666030883789,6950818,0.0,0.0
2021-10-06,12.055152076198848,12.375135428180576,11.970307373241695,12.370287895202637,8186301,0.0,0.0
2021-10-07,12.486645267928306,12.910866108875728,12.433314414509193,12.738754272460938,5444538,0.0,0.0
2021-10-08,13.082980548527784,13.116918610968272,12.801782757981087,12.92541217803955,4621587,0.0,0.0
2021-10-11,13.13873597637478,13.400540976058386,13.1266149223208,13.267213821411133,6720929,0.0,0.0
2021-10-13,13.16297353548517,13.167821067769214,12.915712981447433,13.08055305480957,8972378,0.0,0.0
2021-10-14,13.170246184201616,13.276907885593486,13.044192576361018,13.070858001708984,4410136,0.0,0.0
2021-10-15,13.080552891925782,13.381144289246476,13.034494675882941,13.356903076171875,5092887,0.0,0.0
2021-10-18,13.138732940017992,13.201759742565297,12.830869782054947,13.141157150268555,4152207,0.0,0.0
2021-10-19,13.005406292241693,13.114492205553633,12.811477456999945,12.89389705657959,4372109,0.0,0.0
2021-10-20,12.893897165268765,12.927834334326763,12.535127351865206,12.605426788330078,4107458,0.0,0.0
2021-10-21,12.29029071937444,12.438162220182397,11.955762128820654,12.27574634552002,5620076,0.0,0.0
2021-10-22,12.120601350726597,12.624818410961081,12.120601350726597,12.484219551086426,5776216,0.0,0.0
2021-10-25,12.595731372601177,12.876930038278664,12.433315476039123,12.760571479797363,4307579,0.0,0.0
2021-10-26,12.605428437574412,12.748451539576465,12.51573619448583,12.578763008117676,3452746,0.0,0.0
2021-10-27,12.598154116221936,12.656333388687802,12.256353776449675,12.304835319519043,4965556,0.0,0.0
2021-10-28,12.266050980804467,12.336350424209783,12.062424394396492,12.135148048400879,2995850,0.0,0.0
2021-10-29,12.1375709838634,12.203022887183629,11.749712424576485,11.795770645141602,6269602,0.0,0.0
2021-11-01,12.07454533642081,12.193327214737387,11.786074933653518,12.120603561401367,6776817,0.0,0.0
2021-11-03,11.887888166744125,11.912129384402126,11.206709861755371,11.206709861755371,10241855,0.0,0.0
2021-11-04,11.218829289138563,11.357003943372966,11.061260953196241,11.136408805847168,6500643,0.0,0.0
2021-11-05,11.247918525643957,11.250342735963038,10.806729119364714,10.88430118560791,5453757,0.0,0.0
2021-11-08,10.901270812668471,11.386095163080359,10.826122949555707,11.301250457763672,5590115,0.0,0.0
2021-11-09,11.320642357717425,11.342460250948525,11.010354975622857,11.102472305297852,5831911,0.0,0.0
2021-11-10,11.049143322362271,11.150955734716796,10.913391959240752,11.10004997253418,5634096,0.0,0.0
2021-11-11,11.466091671065499,11.788500161747104,11.466091671065499,11.720624923706055,10824163,0.0,0.0
2021-11-12,11.672142175760005,11.866071929607582,11.529119071096344,11.684263229370117,9243174,0.0,0.0
2021-11-16,11.655170461132977,11.689108516730723,11.393365521343139,11.45396900177002,5701891,0.0,0.0
2021-11-17,11.536390741707349,11.660020150290354,11.252767878752664,11.383670806884766,7919346,0.0,0.0
2021-11-18,11.388519306167801,11.395791049788453,10.797034134962676,10.891573905944824,10170603,0.0,0.0
2021-11-19,10.990960698502896,11.2794310364525,10.973992116267336,11.14610481262207,9499951,0.0,0.0
2021-11-22,11.327914407154895,11.81031448404609,11.286704609145938,11.643050193786621,7880551,0.0,0.0
2021-11-23,12.033334527253377,12.43573835356432,11.817587795846945,11.912128448486328,8082016,0.0,0.0
2021-11-24,11.93637117935397,12.118179876587412,11.856374890816838,12.074545860290527,4634455,0.0,0.0
2021-11-25,12.164239472740661,12.241810665675075,11.921827274847375,12.130300521850586,4938860,0.0,0.0
2021-11-26,11.75213887150031,11.86364812861813,11.621235927936516,11.834558486938477,5161643,0.0,0.0
2021-11-29,12.096361447363778,12.171509305708637,11.878190503520715,11.92667293548584,4662110,0.0,0.0
2021-11-30,11.926673283823988,12.236960679865412,11.883039271378802,12.0600004196167,8406971,0.0,0.0
2021-12-01,12.23938433270189,12.392104257291235,12.086665296101689,12.103633880615234,6372927,0.0,0.0
2021-12-02,12.261202301322864,12.753299282783244,12.147268845512782,12.70724105834961,9905569,0.0,0.0
2021-12-03,12.758146975854983,12.908441805330343,12.321805085919438,12.532703399658203,11303914,0.0,0.0
2021-12-06,12.627242624394125,13.082977258033008,12.593304570489385,12.976316452026367,10410671,0.0,0.0
2021-12-07,13.332662022015604,13.584771012983198,12.986013269421562,13.073281288146973,15718659,0.0,0.0
2021-12-08,13.206608033997414,13.211456454451154,12.942378887148609,13.032071113586426,8042069,0.0,0.0
2021-12-09,12.964194896149104,13.0078289009055,12.842988834054106,12.930256843566895,7738047,0.0,0.0
2021-12-10,13.022373780629344,13.153276687988699,12.889047551123776,12.976316452026367,6388100,0.0,0.0
2021-12-13,13.226001026031618,13.60658782952829,13.226001026031618,13.349631309509277,11185032,0.0,0.0
2021-12-14,13.487806726306484,13.490230936706233,13.27448420303101,13.327815055847168,9707945,0.0,0.0
2021-12-15,13.369026693391291,13.424781764267204,13.066011895651533,13.221155166625977,14323195,0.0,0.0
2021-12-16,13.456293711532854,13.68658481866664,13.339935164781936,13.521744728088379,22648352,0.0,0.0
2021-12-17,13.815655017662346,14.197789932182618,12.645733727322108,13.604010581970215,41997800,6.04385,0.0
2021-12-20,13.521706575637818,13.762745603149247,12.951443701996531,13.127813339233398,16369800,0.0,0.0
2021-12-21,13.415886246511839,13.892085231618882,13.333580553644957,13.8568115234375,10552100,0.0,0.0
2021-12-22,13.774505570214119,14.2389462700385,13.739231862699457,14.009665489196777,11065000,0.0,0.0
2021-12-23,14.02730132548857,14.186033552111974,13.933237368478101,14.115486145019531,4573600,0.0,0.0
2021-12-27,14.14488179911277,14.491743087768553,14.080213524525542,14.491743087768555,6050100,0.0,0.0
2021-12-28,14.4917435602685,14.591686665704735,14.233067089492783,14.403558731079102,8824500,0.0,0.0
2021-12-29,14.37416294607027,14.497621472227495,14.233065885703661,14.39767837524414,4416200,0.0,0.0
2021-12-30,14.45646949729192,14.750419668247297,14.368284670271489,14.691629409790039,7246700,0.0,0.0
2022-01-03,14.803330670164856,15.014975150383545,14.479984811905092,14.491743087768555,5283300,0.0,0.0
2022-01-04,14.668111853258583,14.826844070356877,14.491741103449398,14.626957893371582,6521600,0.0,0.0
2022-01-05,14.603444050022913,14.885635934726045,14.432952418849643,14.66223430633545,7418300,0.0,0.0
2022-01-06,14.732781964891839,15.2148600563755,14.72102481049608,15.079643249511719,7739700,0.0,0.0
2022-01-07,15.11491796732128,15.679302905346784,15.02673313612913,15.673423767089844,5272100,0.0,0.0
2022-01-10,15.544082989127514,15.796880277100062,15.391228788927119,15.66754150390625,4389300,0.0,0.0
2022-01-11,15.74396918298996,16.34362658898984,15.691058070500157,16.043798446655273,6474600,0.0,0.0
2022-01-12,16.255442309842483,16.48472417861513,16.173136630520947,16.308353424072266,6826400,0.0,0.0
2022-01-13,16.167258736586994,16.261322697711577,15.961493401127898,16.096710205078125,3744700,0.0,0.0
2022-01-14,15.990890086653176,16.214291727917782,15.691060771378698,16.179018020629883,3493900,0.0,0.0
2022-01-17,16.079071575479396,16.30835230721932,16.026160464873154,16.090829849243164,3841800,0.0,0.0
2022-01-18,16.12022787100163,16.602305985441404,16.12022787100163,16.378904342651367,11710100,0.0,0.0
2022-01-19,16.54351148666659,17.043226887502318,16.52587519808634,16.87861442565918,4217100,0.0,0.0
2022-01-20,16.937406865767237,17.096140211545073,16.55527190548529,16.649335861206055,4080000,0.0,0.0
2022-01-21,16.549391790241014,16.561150064344055,16.09670832925057,16.255441665649414,4536400,0.0,0.0
2022-01-24,16.09670735969794,16.108465633092745,15.526444556017927,15.785120964050293,5889000,0.0,0.0
2022-01-25,15.7557276254925,16.043799759885733,15.69693849243021,15.932098388671875,2513600,0.0,0.0
2022-01-26,16.16725801632082,16.54939298153133,15.861549595620085,15.92621898651123,3432600,0.0,0.0
2022-01-27,16.1613811376503,16.167260275946724,15.638150163909208,15.873310089111328,3420300,0.0,0.0
2022-01-28,16.037921154611812,16.120226840695413,15.814518404769366,15.943857192993164,4609700,0.0,0.0
2022-01-31,15.926222122220699,16.008527820410343,15.61463450269684,15.773367881774902,4018500,0.0,0.0
2022-02-01,15.726334233602822,16.49060423380629,15.726334233602822,16.34950828552246,4550400,0.0,0.0
2022-02-02,16.414175378949455,16.65521439694283,16.196651788371387,16.537633895874023,4313000,0.0,0.0
2022-02-03,16.590545540487973,16.62582036473665,16.349506514775992,16.549392700195312,2605800,0.0,0.0
2022-02-04,16.51999896375751,16.919771354659915,16.50236155074798,16.90213394165039,2475600,0.0,0.0
2022-02-07,16.925653897567173,17.49003777144896,16.925653897567173,17.348941802978516,4327300,0.0,0.0
2022-02-08,17.460641386674418,17.637011048628317,17.219602325382976,17.548826217651367,3704700,0.0,0.0
2022-02-09,17.38420940522846,17.913319381374134,17.225476075985554,17.754587173461914,2208700,0.0,0.0
2022-02-10,17.895686748573848,18.354248298300146,17.854533903991324,18.183757781982422,6708700,0.0,0.0
2022-02-11,18.189635147294027,18.48946442745792,17.913321295458047,18.383642196655273,8104400,0.0,0.0
2022-02-14,18.224906509200547,18.4600663689241,18.101448003344682,18.254301071166992,3941900,0.0,0.0
2022-02-15,17.84277334020298,17.995627544289643,17.472395543788547,17.584096908569336,4346400,0.0,0.0
2022-02-16,17.642887576719637,17.925079442629798,17.50179164376456,17.554702758789062,3010000,0.0,0.0
2022-02-17,17.443000924382154,17.454759198812983,17.01383399963379,17.01383399963379,3732300,0.0,0.0
2022-02-18,17.172568527809002,17.313665597286523,17.043230855674008,17.07850456237793,3679700,0.0,0.0
2022-02-21,17.237236316310533,17.507671032691533,17.11377779370001,17.419485092163086,3012600,0.0,0.0
2022-02-22,17.4900335527626,17.548823805777545,17.084382040423378,17.319541931152344,4031700,0.0,0.0
2022-02-23,17.50767178113957,17.6017357418157,16.93740775804334,16.943286895751953,2962800,0.0,0.0
2022-02-24,16.45532907447203,17.13141418748298,16.196652631454242,17.049108505249023,3564900,0.0,0.0
2022-02-25,16.908014725902998,17.825138986426,16.737523080866865,17.70755958557129,6464500,0.0,0.0
2022-03-02,18.842202293651354,19.189063525881632,18.366003411955667,18.865718841552734,7141600,0.0,0.0
2022-03-03,18.953907891640903,19.324283490015834,18.82456909957624,19.283130645751953,6603000,0.0,0.0
2022-03-04,19.1008834260679,20.241409301757812,19.053850321423266,20.241409301757812,5735300,0.0,0.0
2022-03-07,20.582383927432083,21.09385868911632,20.40013631036725,20.97039794921875,6333300,0.0,0.0
2022-03-08,21.164411132970542,21.39369189475185,20.141463608105816,20.370746612548828,5268900,0.0,0.0
2022-03-09,20.135585868561854,20.212013537760075,19.753449765232485,19.98273277282715,5271800,0.0,0.0
2022-03-10,19.853391871377998,20.623542012433465,19.60059458243084,20.406017303466797,5114100,0.0,0.0
2022-03-11,20.28844037905057,20.558876248303456,19.988612183075666,20.164981842041016,3319600,0.0,0.0
2022-03-14,19.923941142155,20.04739966898571,19.25961316407374,19.45949935913086,4755100,0.0,0.0
2022-03-15,19.024453518333328,19.45362045584065,18.871598188849756,19.28900909423828,7453100,0.0,0.0
2022-03-16,19.659383670028365,20.059156021828333,19.383072075888307,19.74169158935547,5302100,0.0,0.0
2022-03-17,19.994486042211086,20.482444314632563,19.994486042211086,20.353105545043945,6107200,0.0,0.0
2022-03-18,20.43541276325734,20.77051798638852,20.3413488080845,20.699968338012695,10067400,0.0,0.0
2022-03-21,21.099743327844653,21.799346183798512,20.999801344229457,21.42308807373047,6076100,0.0,0.0
2022-03-22,21.458359320826073,21.48775388506203,20.870459065460977,21.035070419311523,4701100,0.0,0.0
2022-03-23,21.082104648445025,21.252596269896014,20.576510042851947,20.78227424621582,5438600,0.0,0.0
2022-03-24,20.647058996657606,20.823428647424247,20.194375472670757,20.341350555419922,6863700,0.0,0.0
2022-03-25,20.441293096944317,20.547115327234682,19.618231804166278,19.794601440429688,5344600,0.0,0.0
2022-03-28,19.9768542169601,19.994490510331897,19.41834841934662,19.776968002319336,4170600,0.0,0.0
2022-03-29,20.023886008371477,20.153222555710936,19.247857753687605,19.35367774963379,9223000,0.0,0.0
2022-03-30,19.58296065747143,19.688782895516024,19.318405062359943,19.59471893310547,6063100,0.0,0.0
2022-03-31,19.69466143641103,19.847514538400034,19.447744369506836,19.447744369506836,4619800,0.0,0.0
2022-04-01,19.747575006529715,20.041525213686953,19.582963608173536,20.006250381469727,3879300,0.0,0.0
2022-04-04,20.100309770881843,20.206132000721304,19.9121818606476,20.035642623901367,3010300,0.0,0.0
2022-04-05,19.98273190018022,20.12970697309438,19.671143220592292,19.72405433654785,4088200,0.0,0.0
2022-04-06,19.659384328577044,19.88866731896224,19.4653784046038,19.829875946044922,2253700,0.0,0.0
2022-04-07,19.588837952619773,19.871029829460028,19.447743135530487,19.694660186767578,2025300,0.0,0.0
2022-04-08,19.65938413567686,19.759328347324853,19.106758691645872,19.312522888183594,2058300,0.0,0.0
2022-04-11,19.206701278686523,19.3595566090289,19.012695350373956,19.206701278686523,1876900,0.0,0.0
2022-04-12,19.40659088052587,19.541809943722434,19.006820678710938,19.006820678710938,2886000,0.0,0.0
2022-04-13,19.095001314429094,19.189065271932225,18.83044573311977,18.977420806884766,2690500,0.0,0.0
2022-04-14,18.93039195056819,19.3595589422092,18.889239104976713,19.14203643798828,3622800,0.0,0.0
2022-04-18,19.100879919832852,19.100879919832852,18.518857691334166,18.748138427734375,2563400,0.0,0.0
2022-04-19,18.595284507581017,18.63643846720569,18.019142528804498,18.301334381103516,4251200,0.0,0.0
2022-04-20,18.107326567942366,18.213148788360648,17.660523381579587,17.9544734954834,3618500,0.0,0.0
2022-04-22,17.57821825626162,17.57821825626162,17.0138345222159,17.27838897705078,5223700,0.0,0.0
2022-04-25,16.584667188080665,17.154931205786642,16.48472521197146,16.96092414855957,6713600,0.0,0.0
2022-04-26,16.990317981026514,16.990317981026514,16.549392768086395,16.649335861206055,4286700,0.0,0.0
2022-04-27,17.043230179836772,17.542945677205292,16.925650788375922,17.24311637878418,4319200,0.0,0.0
2022-04-28,17.778105458199196,17.836895714187456,17.154931435917725,17.613492965698242,5174400,0.0,0.0
2022-04-29,17.91919727176199,18.060293180831305,17.21959686279297,17.21959686279297,7110600,0.0,0.0
2022-05-02,17.397711529881043,17.397711529881043,16.73287060032345,17.012475967407227,3664500,1.576656,0.0
2022-05-03,17.012478033489487,17.298298231028305,16.95655790138154,17.142961502075195,2962900,0.0,0.0
2022-05-04,17.018689398579617,17.38528412533243,16.78257812319011,17.267229080200195,4556700,0.0,0.0
2022-05-05,17.167814999346174,17.42256832865986,16.944130912452145,17.198883056640625,5633800,0.0,0.0
2022-05-06,17.087040274646974,17.279657487726123,16.732872720392507,16.900636672973633,3411200,0.0,0.0
2022-05-09,16.558894444579455,16.602388537425185,16.2544346095342,16.28550148010254,3618000,0.0,0.0
2022-05-10,16.341421156165023,16.39734246567918,15.794636467179378,15.875411033630371,3320400,0.0,0.0
2022-05-11,16.10531212369666,16.689378557063893,16.030749972258743,16.527828216552734,4674400,0.0,0.0
2022-05-12,16.19229827267093,16.428410734871736,16.074243226695565,16.397342681884766,2794400,0.0,0.0
2022-05-13,16.45947996936055,16.714232114858046,16.428413097031672,16.478120803833008,1654400,0.0,0.0
2022-05-16,16.621028304899916,17.087038444289636,16.5961738619391,16.857139587402344,3767800,0.0,0.0
2022-05-17,17.211310477140948,17.242377349666835,16.70180499778975,16.913063049316406,2648800,0.0,0.0
2022-05-18,16.73908615750644,16.813647123349348,16.229581878787545,16.291715621948242,3577300,0.0,0.0
2022-05-19,16.254433912715506,16.72665767288615,16.179872952497828,16.565107345581055,3923000,0.0,0.0
2022-05-20,16.975193837781998,17.105677277830065,16.81364353278792,16.931699752807617,3536300,0.0,0.0
2022-05-23,17.21131081013677,17.447422127227256,17.136748655456735,17.205097198486328,3074100,0.0,0.0
2022-05-24,17.031119046265363,17.36043334174553,16.900636761436083,17.30451202392578,2166400,0.0,0.0
2022-05-25,17.27344340710947,17.615184914394558,17.19888244251556,17.434993743896484,2005000,0.0,0.0
2022-05-26,17.422564993985382,17.509553167509925,17.248587461811322,17.34178924560547,2111300,0.0,0.0
2022-05-27,17.428779503185215,17.75809377610244,17.422567077297735,17.472274780273438,2397200,0.0,0.0
2022-05-30,17.55926159398,17.901001877129946,17.55926159398,17.646249771118164,1819200,0.0,0.0
2022-05-31,17.807802493404694,17.869937421944787,17.5344095189034,17.758094787597656,2015100,0.0,0.0
2022-06-01,17.6959570557347,18.292450616050196,17.602755270251812,18.149539947509766,3641700,0.0,0.0
2022-06-02,18.354586276356656,18.97593311818119,18.348372665723407,18.870304107666016,4577600,0.0,0.0
2022-06-03,18.795743515445153,18.88894531238101,18.53477777294967,18.578271865844727,1881300,0.0,0.0
2022-06-06,18.721181869506836,18.845451725508198,18.640407292693578,18.721181869506836,2408000,0.0,0.0
2022-06-07,18.584484729832038,19.05670849179723,18.5782711189361,18.9635066986084,2413900,0.0,0.0
2022-06-08,18.708754208107816,18.895157790805058,18.43536125971013,18.50370979309082,2600000,0.0,0.0
2022-06-09,18.52235164063899,18.540992475173173,17.913431934024945,17.975566864013672,3017100,0.0,0.0
2022-06-10,17.671104399434405,18.06876599639916,17.596542257440994,17.944496154785156,4300300,0.0,0.0
2022-06-13,17.52197928247502,17.584113011000714,17.01868754851756,17.298294067382812,3119500,0.0,0.0
2022-06-14,17.37285536434026,17.38528258434478,16.8384979405202,17.037328720092773,2977000,0.0,0.0
2022-06-15,17.22373227966083,17.484697974131066,16.931699720304227,17.037328720092773,3083300,0.0,0.0
2022-06-17,16.683162566562533,16.683162566562533,16.092882605992575,16.310354232788086,4619500,0.0,0.0
2022-06-20,15.962399343795669,16.136375686263502,15.558524167906121,15.918905258178711,2174400,0.0,0.0
2022-06-21,16.09288620381026,16.30414426734167,16.03696488198575,16.148807525634766,2446300,0.0,0.0
2022-06-22,15.79463794682069,16.018323205832157,15.558526650739244,15.713863372802734,3774700,0.0,0.0
2022-06-23,15.869199091949582,16.068029894004933,15.14222323123155,15.266491889953613,4758000,0.0,0.0
2022-06-24,15.471536411538386,15.732502137352892,15.297560051078763,15.639300346374512,2026900,0.0,0.0
2022-06-27,15.925120070974605,16.4346255099363,15.856772719810637,16.19851303100586,3796100,0.0,0.0
2022-06-28,16.639669267496078,16.64588287828497,16.248220083671583,16.37248992919922,2046800,0.0,0.0
2022-06-29,16.378706806591232,16.558896814906184,16.279291384391538,16.33521270751953,2611800,0.0,0.0
2022-06-30,16.11152227575764,16.11152227575764,15.620657748237864,15.682792663574219,4159700,0.0,0.0
2022-07-01,15.527459284887946,15.738717331087118,15.229213049709772,15.403190612792969,3567300,0.0,0.0
2022-07-04,15.229209647592414,15.471534511400058,15.160861122877467,15.30998420715332,1254900,0.0,0.0
2022-07-05,15.222997514101808,15.3969750551937,14.930964927210992,15.31619930267334,3693900,0.0,0.0
2022-07-06,15.316198841164079,15.577164552375951,15.080087571555719,15.428041458129883,3005900,0.0,0.0
2022-07-07,16.012104490268726,16.173654771929492,15.79463291168213,15.794632911682129,4657500,0.0,0.0
2022-07-08,15.819488815107345,15.962399478501153,15.546097078886488,15.633085250854492,1693300,0.0,0.0
2022-07-11,15.297562402201716,15.378336984097421,14.986888927775507,15.049022674560547,1664100,0.0,0.0
2022-07-12,14.930963799340574,14.974457885046785,14.732131830915824,14.881256103515625,3192300,0.0,0.0
2022-07-13,14.788054457588999,14.887469858117745,14.620291709899902,14.620291709899902,3514200,0.0,0.0
2022-07-14,14.297191131591461,14.30961835299616,13.694485114964204,13.824967384338379,4488500,0.0,0.0
2022-07-15,13.831182372483633,13.936811394693029,13.613710716743682,13.818755149841309,3678100,0.0,0.0
2022-07-18,13.91816858685052,14.14806743262847,13.775259102106801,14.061078071594238,4505900,0.0,0.0
2022-07-19,14.005158980491025,14.117000421281132,13.930596834839188,14.042439460754395,2538500,0.0,0.0
2022-07-20,13.930596176749523,13.930596176749523,13.483226879347791,13.8001127243042,2866600,0.0,0.0
2022-07-21,13.713125240872731,13.967877362940929,13.595069003655118,13.936810493469238,2698300,0.0,0.0
2022-07-22,14.110786073224942,14.322044092222917,13.8125398764484,13.874674797058105,3558900,0.0,0.0
2022-07-25,14.166707078823295,14.241269218977633,13.980303506124967,14.061078071594238,1658200,0.0,0.0
2022-07-26,14.235056658094415,14.235056658094415,13.943024056635345,14.042439460754395,1289400,0.0,0.0
2022-07-27,14.104575234556599,14.104575234556599,13.812541430374372,14.030013084411621,1991600,0.0,0.0
2022-07-28,14.16670865502268,14.334472600191733,14.09214769169764,14.216416358947754,1577500,0.0,0.0
2022-07-29,14.07350448179635,14.129425787409609,13.793899138854998,13.967875480651855,2278600,0.0,0.0
2022-08-01,13.930595049454068,13.936808659555792,13.551573129123543,13.588854789733887,2396100,0.0,0.0
2022-08-02,13.61370901125438,13.980303737400668,13.39002377221596,13.949236869812012,3455400,0.0,0.0
2022-08-03,13.887102036424771,13.887102036424771,13.464585997874481,13.545360565185547,2430000,0.0,0.0
2022-08-04,13.582641283214517,13.818752543255892,13.477012280929571,13.737977981567383,2319100,0.0,0.0
2022-08-05,13.86846248656854,14.12321461833726,13.843609227069837,13.943024635314941,1705500,0.0,0.0
2022-08-08,14.129428229493222,14.160496285273034,13.82496839360195,13.943024635314941,2178000,0.0,0.0
2022-08-09,13.98651814779679,14.1542820866696,13.89331635457582,14.042439460754395,6071900,0.0,0.0
2022-08-10,14.166710133575021,14.284766387140305,14.085935550688417,14.222631454467773,2822700,0.0,0.0
2022-08-11,14.328259648456765,14.955820180094804,14.309619999330268,14.4898099899292,4443600,0.0,0.0
2022-08-12,14.514662062667528,14.73213250109148,14.390392224889549,14.60165023803711,2919000,0.0,0.0
2022-08-15,14.34068348538865,14.415245619665766,14.123211877632395,14.31583023071289,2087500,0.0,0.0
2022-08-16,14.46495533465413,14.955818738033726,14.41524763323436,14.632718086242676,3814400,0.0,0.0
2022-08-17,14.384179466538898,14.545729791169743,14.297191286016547,14.45252799987793,2174100,0.0,0.0
2022-08-18,14.508448077270364,14.527087722867783,14.334470545902944,14.365538597106934,1223700,0.0,0.0
2022-08-19,14.266120706035608,14.266120706035608,14.07971715645887,14.160492897033691,1724700,0.0,0.0
2022-08-22,14.042440043560044,14.07972052537067,13.831182004757911,13.943024635314941,1442200,0.0,0.0
2022-08-23,14.042438196376455,14.781841234920666,14.023797365360636,14.694851875305176,2965300,0.0,0.0
2022-08-24,14.607865621469646,14.713494640864157,14.315833007908418,14.33447265625,2282100,0.0,0.0
2022-08-25,14.520874305357953,14.800479636335066,14.384177259652576,14.60786247253418,3367200,0.0,0.0
2022-08-26,14.719708362524441,14.899898346888312,14.322045541458193,14.34689998626709,2444000,0.0,0.0
2022-08-29,14.241269083882061,14.409033008794122,14.09835960049401,14.21020221710205,2126300,0.0,0.0
2022-08-30,14.042437625972129,14.16049384736021,13.638562451368108,13.694483757019043,3411600,0.0,0.0
2022-08-31,13.78768591843054,13.96166226514419,13.545359858882994,13.60128116607666,3648900,0.0,0.0
2022-09-01,13.539149412758402,13.626137598830228,13.22847596521599,13.35895824432373,5308500,0.0,0.0
2022-09-02,13.564002619626407,13.70691212051095,13.284396043873915,13.464587211608887,8609300,0.0,0.0
2022-09-05,13.706912516310753,14.104575344988863,13.657204810866636,13.818755149841309,2752000,0.0,0.0
2022-09-06,13.818754726177492,13.880889652358961,13.390025039163007,13.433520317077637,3585100,0.0,0.0
2022-09-08,13.576429657679938,13.582643268737359,13.377598844343,13.526721954345703,2329800,0.0,0.0
2022-09-09,13.89953061775613,14.483595848083496,13.849822913363903,14.483595848083496,4363000,0.0,0.0
2022-09-12,14.645144722491015,14.719706864202854,14.415247057035831,14.564370155334473,2844400,0.0,0.0
2022-09-13,14.37175052307613,14.688637523601146,14.235054657901095,14.253695487976074,2424000,0.0,0.0
2022-09-14,14.19777542049842,14.365539350422425,13.974090180599745,14.011370658874512,2234500,0.0,0.0
2022-09-15,14.09214735516319,14.27855094414943,14.011371597510735,14.20398998260498,2348200,0.0,0.0
2022-09-16,14.048652674968958,14.353112489627332,13.905741998598646,14.079719543457031,4771400,0.0,0.0
2022-09-19,13.943025221589975,14.527090473307393,13.905743553086584,14.4898099899292,2011400,0.0,0.0
2022-09-20,14.464955668553241,14.471169279514779,14.154282231227034,14.309618949890137,2052500,0.0,0.0
2022-09-21,14.303405170084389,14.40903418493341,14.129427620590386,14.1791353225708,1610700,0.0,0.0
2022-09-22,14.47738252944523,14.663787313526713,14.31583337574986,14.43388843536377,2431200,0.0,0.0
2022-09-23,14.141852800664939,14.216413750308424,13.974088886279707,14.135639190673828,2901100,0.0,0.0
2022-09-26,13.980304536898712,14.272337138357784,13.92438322394111,14.042439460754395,3291100,0.0,0.0
2022-09-27,14.241268398636127,14.241268398636127,13.911954175038595,13.967875480651855,1651300,0.0,0.0
2022-09-28,13.967875865960742,14.18534748433079,13.936808999818583,14.067291259765625,2317000,0.0,0.0
2022-09-29,13.924382197290466,14.141853822188523,13.856033667576073,14.061078071594238,2274400,0.0,0.0
2022-09-30,14.054868479708258,14.899899522771994,13.967879101137171,14.763203620910645,4938600,0.0,0.0
2022-10-03,14.974457288806116,15.24163658764875,14.738344854195223,15.086299896240234,3384700,0.0,0.0
2022-10-04,15.316198910065422,15.620658710328081,15.23542434474064,15.546097755432129,4610900,0.0,0.0
2022-10-05,15.670366627120128,15.968614006237324,15.633086149152364,15.875411033630371,3600800,0.0,0.0
2022-10-06,15.987252378196654,15.987252378196654,15.676578987939626,15.894050598144531,3790700,0.0,0.0
2022-10-07,15.894051579456272,16.708015580349507,15.720074043525846,15.925118446350098,8531700,0.0,0.0
2022-10-10,16.161233389139337,16.161233389139337,15.359695300535597,15.539886474609375,4505700,0.0,0.0
2022-10-11,15.49017842369246,15.552313350785973,15.20435823311236,15.471537590026855,3240000,0.0,0.0
2022-10-13,15.260279966425541,15.546100164824187,15.09251719934665,15.465324401855469,5320400,0.0,0.0
2022-10-14,15.496391929464865,15.676581913172225,14.98067405281082,15.067662239074707,5071400,0.0,0.0
2022-10-17,15.148435496400568,15.322413038919235,14.968245528367886,15.191930770874023,3293900,0.0,0.0
2022-10-18,15.434256337262328,15.639300756846426,15.216784695854928,15.409401893615723,3314700,0.0,0.0
2022-10-19,15.415614881737538,15.502604245861194,15.142223123420488,15.254064559936523,2627500,0.0,0.0
2022-10-20,15.210571084943277,15.633087145934773,15.073875200262247,15.409401893615723,3924300,0.0,0.0
2022-10-21,15.365906386931144,16.01832125105625,15.297559043448985,15.850557327270508,4416300,0.0,0.0
2022-10-24,16.148803562991827,16.223365702169982,15.5212431382736,15.608232498168945,9361000,0.0,0.0
2022-10-25,15.589592645511038,15.869199203571249,15.378334620560006,15.639300346374512,6748300,0.0,0.0
2022-10-26,15.539884441940785,16.0618158766856,15.390761344174413,15.856771469116211,5283700,0.0,0.0
2022-10-27,15.689008296966449,15.769782867733415,15.092515877110145,15.334840774536133,7107100,0.0,0.0
2022-10-28,14.962033301297966,15.024168228309305,14.620292980423335,14.825337409973145,7764500,0.0,0.0
2022-10-31,14.601650122674847,15.210569715701075,14.527087983572148,14.918537139892578,5373200,0.0,0.0
2022-11-01,15.222997094425825,15.471535585473081,15.111154477173308,15.322412490844727,6388000,0.0,0.0
2022-11-03,15.191930347592397,15.191930347592397,14.875043324579577,15.005525588989258,8064900,0.0,0.0
2022-11-04,15.645514547402923,16.05560339127984,15.552312752908191,15.931333541870117,8819800,0.0,0.0
2022-11-07,15.931333408714117,16.23579323358559,15.73250259942051,15.887839317321777,4541600,0.0,0.0
2022-11-08,15.8878371356915,16.360060835483214,15.73250043912021,16.26685905456543,6136200,0.0,0.0
2022-11-09,16.328995614325486,16.496758362818937,16.04938905829463,16.179872512817383,6309600,0.0,0.0
2022-11-10,15.45000753257194,16.406971345287474,15.45000753257194,16.215578079223633,10233500,1.524102,0.0
2022-11-11,16.439969023864588,17.52892698388819,16.42016933048169,17.482728958129883,13587200,0.0,0.0
2022-11-14,17.515728755847316,17.984310178286048,17.304535799112454,17.753318786621094,5039500,0.0,0.0
2022-11-16,17.81931702758451,18.136104583740234,17.693921481222176,18.136104583740234,7707600,0.0,0.0
2022-11-17,17.753319305351607,18.215302102180093,17.3903337212734,18.136104583740234,5919400,0.0,0.0
2022-11-18,18.380293022732907,18.400091455273245,17.700518725610927,17.872112274169922,3834200,0.0,0.0
2022-11-21,17.660922286634666,17.812716158333263,17.344134747750168,17.528926849365234,3983300,0.0,0.0
2022-11-22,17.515729004054272,17.91831271189329,17.462929820021003,17.634523391723633,2386600,0.0,0.0
2022-11-23,17.773116594488883,17.812714718949213,17.47612751403222,17.77971649169922,1805300,0.0,0.0
2022-11-24,17.891915802764476,18.04370969253648,17.60812646000694,17.898515701293945,2299200,0.0,0.0
2022-11-25,17.96451125990231,18.169104327556774,17.555327642197117,17.680723190307617,2432300,0.0,0.0
2022-11-28,17.68072397688997,17.938113723955375,17.31113721431173,17.68732261657715,2578800,0.0,0.0
2022-11-29,17.891914481203152,18.578287513144897,17.845716453711148,18.413293838500977,4655700,0.0,0.0
2022-11-30,18.472690541688788,18.97427143324111,18.347295004100264,18.677282333374023,5940200,0.0,0.0
2022-12-01,18.624484745805965,19.17886356965464,18.49909046476532,18.974271774291992,9395600,0.0,0.0
2022-12-02,19.093066771018783,19.343856583425033,18.862075392422497,19.231660842895508,3275900,0.0,0.0
2022-12-05,19.416456759011655,19.594650239619632,19.185465349942273,19.205265045166016,3217700,0.0,0.0
2022-12-06,19.28446206115904,19.67384727081095,19.172266301449135,19.469255447387695,3769800,0.0,0.0
2022-12-07,19.198664495675686,19.23826262597838,18.716883257453684,18.868677139282227,4278200,0.0,0.0
2022-12-08,18.921475028594525,19.462654090602996,18.868677102027892,19.099668502807617,3318100,0.0,0.0
2022-12-09,19.46925264536001,19.918035619610492,19.37685659494436,19.84543800354004,4269300,0.0,0.0
2022-12-12,19.680447369624517,19.71344686328771,18.954474873459827,19.192066192626953,4570800,0.0,0.0
2022-12-13,19.27126036143602,19.5880478926044,19.119465234632973,19.185462951660156,3237700,0.0,0.0
2022-12-14,19.205263427368408,19.5022512778957,19.132665809798674,19.449453353881836,4524000,0.0,0.0
2022-12-15,19.52205180126988,19.75304320069988,19.38345771689299,19.508852005004883,5052200,0.0,0.0
2022-12-16,19.409857337935804,19.456055369125412,18.908276375816452,19.198665618896484,8060800,0.0,0.0
2022-12-19,18.98747300616974,19.086468962459715,18.62448615470399,18.980873107910156,3834900,0.0,0.0
2022-12-20,18.947874042464974,19.423056657419572,18.829079647528232,19.205265045166016,4741800,0.0,0.0
2022-12-21,19.317457746741677,19.515449632472404,19.132664396938413,19.442852020263672,4349700,0.0,0.0
2022-12-22,19.489052041451252,19.489052041451252,19.060067508084625,19.343856811523438,2932000,0.0,0.0
2022-12-23,19.271262706563572,19.48245441970916,19.132667358060587,19.40985679626465,2196400,0.0,0.0
2022-12-26,19.37025488182473,19.601246245016835,19.231659560388806,19.43625259399414,1064800,0.0,0.0
2022-12-27,19.715594354183438,19.901464462280273,19.556275309893074,19.901464462280273,2280900,0.170804,0.0
2022-12-28,19.96784687164114,20.16035664187296,19.835081425540224,19.934656143188477,2002600,0.0,0.0
2022-12-29,19.974486097456765,20.047507222449685,19.60938300478254,19.728870391845703,4053800,0.0,0.0
2023-01-02,19.582828277717386,19.954569748129696,19.456701232594508,19.768699645996094,2540700,0.0,0.0
2023-01-03,19.728869626578632,20.054143577614685,19.51644592517918,19.622657775878906,2332900,0.0,0.0
2023-01-04,19.702317050773992,19.86827322368665,19.370404704948676,19.808528900146484,3832700,0.0,0.0
2023-01-05,19.80853065507701,20.36614354675669,19.76206312512791,20.299760818481445,3479600,0.0,0.0
2023-01-06,20.319673922274365,20.65158626329214,20.200185276924753,20.372779846191406,3150300,0.0,0.0
2023-01-09,20.273204283118968,20.764434344664654,20.107248129915224,20.625030517578125,2879500,0.0,0.0
2023-01-10,20.578566044309195,21.12954050388199,20.578566044309195,21.049880981445312,3669200,0.0,0.0
2023-01-11,21.08307456970215,21.268945958668535,20.744523789519757,21.08307456970215,3463100,0.0,0.0
2023-01-12,21.102988053515602,21.328688555296687,21.04324372856501,21.209199905395508,2722200,0.0,0.0
2023-01-13,21.149455128801897,21.195922654738908,20.93039303070948,21.069795608520508,1634700,0.0,0.0
2023-01-16,20.824181104110092,20.87064862987531,20.47235356223112,20.651586532592773,2149700,0.0,0.0
2023-01-17,20.78435243007439,20.97686221404679,20.711332569037637,20.790990829467773,1764800,0.0,0.0
2023-01-18,21.01005331799538,21.209201504897923,20.956947388050416,21.043245315551758,1248600,0.0,0.0
2023-01-19,21.036606715656898,21.308773496155226,20.97022398732171,21.182647705078125,2078300,0.0,0.0
2023-01-20,21.176007652234123,21.434900145912835,21.109624929082017,21.262304306030273,1911800,0.0,0.0
2023-01-23,21.322048176628634,21.37515536693658,20.890562384537436,20.990137100219727,2517100,0.0,0.0
2023-01-24,21.036606019429673,21.2623052624672,20.937032563294988,21.229114532470703,1454000,0.0,0.0
2023-01-25,21.22247455365941,21.48800417230367,21.04987998500437,21.395069122314453,1664900,0.0,0.0
2023-01-26,21.441537360970653,21.81328010559082,21.434900228160593,21.81328010559082,1900800,0.0,0.0
2023-01-27,21.81328126535209,21.866385927526835,21.06979700272757,21.24239158630371,1843300,0.0,0.0
2023-01-30,21.40834313764839,21.441533860861192,20.96358060941424,21.13617515563965,1119500,0.0,0.0
2023-01-31,21.1162658006178,21.255669662175215,21.010053937595615,21.176010131835938,1348000,0.0,0.0
2023-02-01,21.0631581640484,21.0631581640484,20.59184321830847,20.83745765686035,1582200,0.0,0.0
2023-02-02,20.591843815784333,20.618396147088255,19.94793300524017,20.020954132080078,2525200,0.0,0.0
2023-02-03,20.04750836261023,20.392696277333183,19.981125633036303,20.087337493896484,2737600,0.0,0.0
2023-02-06,19.921379148372896,19.98112347191306,19.542999276715253,19.808528900146484,2370900,0.0,0.0
2023-02-07,19.722230414754584,20.01431362521266,19.589466239924604,19.82844352722168,1613400,0.0,0.0
2023-02-08,20.001038236244586,20.001038236244586,19.65585034446443,19.801891326904297,1859300,0.0,0.0
2023-02-09,19.828444730089327,19.914741385656633,19.55627543296514,19.675764083862305,1999900,0.0,0.0
2023-02-10,19.582830592890296,19.72223318597132,18.88581509519468,19.09160041809082,3872100,0.0,0.0
2023-02-13,18.945556532752526,19.31065959177283,18.77960036662601,19.237638473510742,2179900,0.0,0.0
2023-02-14,19.33057612598008,19.483255505513263,18.972110174576795,19.058406829833984,2909600,0.0,0.0
2023-02-15,19.02521648211132,19.343852045648667,18.90572782924852,19.31066131591797,6504800,0.0,0.0
2023-02-16,19.31729806447293,19.56291248224132,19.250915344538612,19.390317916870117,2190200,0.0,0.0
2023-02-17,19.416874576427432,19.549640037254274,19.171258853741353,19.284109115600586,1659900,0.0,0.0
2023-02-22,18.94555599660964,19.138064485473137,18.753046241601112,18.879173278808594,1851000,0.0,0.0
2023-02-23,18.819431999750876,18.872537929342165,18.480881223801944,18.839345932006836,2457200,0.0,0.0
2023-02-24,18.680026879290065,18.772963199395416,18.288370200250434,18.37466812133789,1302900,0.0,0.0
2023-02-27,18.27509726774236,18.500797801872935,18.208714534266544,18.328203201293945,1639000,0.0,0.0
2023-02-28,18.321561940097542,18.6335590927211,18.25517921698856,18.361391067504883,1844200,0.0,0.0
2023-03-01,18.77296227318006,19.337212234265497,18.607006104356085,19.138065338134766,3711800,0.0,0.0
2023-03-02,19.184533365643592,19.304022012911833,18.852621019296315,18.965471267700195,1713600,0.0,0.0
2023-03-03,19.138066800076924,19.41023483644734,19.091599271839808,19.197811126708984,3057800,0.0,0.0
2023-03-06,19.018576235395717,19.058405360432427,18.71985589840278,18.932279586791992,2860600,0.0,0.0
2023-03-07,18.998665002666005,19.065046465101187,18.414498510532617,18.573816299438477,2491500,0.0,0.0
2023-03-08,18.607006398740836,18.806153298022306,18.600367999945437,18.77296257019043,1414300,0.0,0.0
2023-03-09,18.61364806893822,18.753050669706635,18.195437734342317,18.328203201293945,3541500,0.0,0.0
2023-03-10,18.20207219700027,18.560536854397377,17.949819383731565,18.089221954345703,2484500,0.0,0.0
2023-03-13,18.016202671674858,18.51407121653967,18.016202671674858,18.20207405090332,2744600,0.0,0.0
2023-03-14,18.155606901067287,18.368030615387465,18.11577777116856,18.25518035888672,1866700,0.0,0.0
2023-03-15,17.989649190694124,18.056031912327075,17.392207228287774,17.777225494384766,3598700,0.0,0.0
2023-03-16,17.717483134111138,17.923268454437718,17.46522901719253,17.730758666992188,2178600,0.0,0.0
2023-03-17,17.684289049855273,18.01620138947655,17.677650651125436,17.80377769470215,4552900,0.0,0.0
2023-03-20,17.724120579766232,18.06267007370032,17.591355128938815,17.963096618652344,2602300,0.0,0.0
2023-03-21,17.983008908927072,17.983008908927072,17.50505564227719,17.66437339782715,2027800,0.0,0.0
2023-03-22,17.59135545143042,17.797140764454802,17.491781994557023,17.597993850708008,2021500,0.0,0.0
2023-03-23,17.591355920979105,17.65110024992688,16.940807968153603,17.073572158813477,3816800,0.0,0.0
2023-03-24,17.133315402420074,17.133315402420074,16.834595042749424,17.066932678222656,1589400,0.0,0.0
2023-03-27,17.3059099788753,17.392207900175485,17.020465151128008,17.066932678222656,1386100,0.0,0.0
2023-03-28,17.179781803995528,17.604630451338302,17.166506272941902,17.372291564941406,2687300,0.0,0.0
2023-03-29,17.5316100464365,17.710843017478563,17.438674994553264,17.591354370117188,2227300,0.0,0.0
2023-03-30,17.890076447215012,18.08258495478686,17.783864594869478,17.996288299560547,2722300,0.0,0.0
2023-03-31,18.056031781855573,18.2020727554767,17.750671771008548,17.80377769470215,2916200,0.0,0.0
2023-04-03,17.724121463870507,17.87680085363628,17.551526875643667,17.843608856201172,1557800,0.0,0.0
2023-04-04,17.84360874714773,17.87680074437998,17.458590442270253,17.538249969482422,1823300,0.0,0.0
2023-04-05,17.524973192576553,17.524973192576553,16.973998699282262,17.073572158813477,2942100,0.0,0.0
2023-04-06,17.06029755534273,17.3922099492899,17.000553223140614,17.305912017822266,2309000,0.0,0.0
2023-04-10,17.378931804945797,17.677652176697297,17.32582587666918,17.485143661499023,1603400,0.0,0.0
2023-04-11,17.890077446633494,18.434413536849657,17.883439047222904,18.182159423828125,4236200,0.0,0.0
2023-04-12,18.241902733305164,18.341476186610958,17.91662877722882,17.996288299560547,2828100,0.0,0.0
2023-04-13,17.923268968813886,17.936545768221208,17.690930043766873,17.757312774658203,2553700,0.0,0.0
2023-04-14,17.717480401698474,17.790500252791386,17.365652878632442,17.67101287841797,3334400,0.0,0.0
2023-04-17,17.59135551805225,17.903352688409207,17.418760934616955,17.485143661499023,3477900,0.0,0.0
2023-04-18,17.657737982077865,17.744034639438283,17.485143401211843,17.737396240234375,3126300,0.0,0.0
2023-04-19,17.49178167797443,17.505058476289307,17.06693299491461,17.23288917541504,3831900,0.0,0.0
2023-04-20,17.173145282721638,17.30590946099837,16.887700463516246,16.973997116088867,2393100,0.0,0.0
2023-04-24,16.52259745193902,16.52259745193902,16.144217550924417,16.26370620727539,7154700,0.0,0.0
2023-04-25,16.19732343045122,16.20396182979999,15.812305131239055,15.878687858581543,4808200,0.0,0.0
2023-04-26,16.004815097877287,16.270344744154023,15.958347568047014,16.038005828857422,3535100,0.0,0.0
2023-04-27,15.958345687663742,16.30353355407715,15.792389520027365,16.30353355407715,5300100,0.0,0.0
2023-04-28,16.307062413384457,16.565683364868164,16.251144549980822,16.565683364868164,3093400,1.235048,0.0
2023-05-02,16.335021668424748,16.40491799632026,15.747883448430853,15.77584171295166,3364300,0.0,0.0
2023-05-03,15.929618707399825,15.94359717471069,15.629059662628183,15.684977531433105,2393900,0.0,0.0
2023-05-04,15.684976774485598,15.810792306521682,15.062889014216864,15.111818313598633,3478500,0.0,0.0
2023-05-05,15.223653515915283,15.733904193023697,15.195693917241758,15.712934494018555,5563400,0.0,0.0
2023-05-08,15.964565164295005,16.09737058841712,15.859719338172074,15.95058536529541,3568600,0.0,0.0
2023-05-09,15.915637844765644,16.160279004406142,15.691966384472755,15.971555709838867,1776500,0.0,0.0
2023-05-10,16.076401680385075,16.111349846415433,15.684976621459386,15.84574031829834,1844700,0.0,0.0
2023-05-11,15.615079193812422,15.622069093762267,15.307530261954714,15.433345794677734,3734000,0.0,0.0
2023-05-12,15.412376294374722,15.440335894536101,15.20268462591284,15.230644226074219,5329900,0.0,0.0
2023-05-15,15.419366451943656,15.705945692448557,15.33549031643288,15.587120056152344,4684600,0.0,0.0
2023-05-16,15.62206898038666,15.684976746291623,15.419365882873535,15.419365882873535,5738200,0.0,0.0
2023-05-17,15.677984896217357,16.055430111509867,15.677984896217357,16.006502151489258,3972400,0.0,0.0
2023-05-18,15.992522580324755,16.0694101375548,15.803800636594456,16.034461975097656,2096000,0.0,0.0
2023-05-19,16.118339078402773,16.13930877706436,15.887677725873385,15.894667625427246,3523000,0.0,0.0
2023-05-22,15.78283161237861,15.887677437408877,15.59410832741193,15.77584171295166,4123800,0.0,0.0
2023-05-23,15.664007304744548,15.670997204758862,15.300540503122892,15.307530403137207,5550300,0.0,0.0
2023-05-24,15.16773639310932,15.202684559972345,14.93707502552688,15.00697135925293,3112700,0.0,0.0
2023-05-25,15.125797772511751,15.195695443026874,14.930085894894018,14.972023963928223,2472200,0.0,0.0
2023-05-26,15.307529550626127,15.531201005878955,15.20268372262474,15.391407012939453,3988900,0.0,0.0
2023-05-29,15.594108769317193,15.726914195818699,15.307529550626127,15.391407012939453,2527900,0.0,0.0
2023-05-30,15.468293471637423,15.51023287000903,14.895135025762691,14.979012489318848,3128200,0.0,0.0
2023-05-31,14.958043153897012,15.027940819695806,14.79028955589216,14.881156921386719,2508000,0.0,0.0
2023-06-01,15.097840019413885,15.321511506145061,14.8462089302477,15.048912048339844,3435400,0.0,0.0
2023-06-02,15.559161993325242,15.824771536851836,15.531202392329202,15.684977531433105,4352800,0.0,0.0
2023-06-05,15.733903058255494,15.761861321725554,15.503241718582967,15.608087539672852,3220800,0.0,0.0
2023-06-06,15.677989740866774,15.817783765096655,15.622071864537356,15.650030136108398,2832600,0.0,0.0
2023-06-07,15.71293586890793,15.754875270587933,15.517223993816556,15.70594596862793,3408800,0.0,0.0
2023-06-09,15.873698641535139,16.160279203399735,15.84574037524779,15.936606407165527,5475900,0.0,0.0
2023-06-12,15.845739260482803,15.845739260482803,15.622067813171208,15.761861801147461,5194100,0.0,0.0
2023-06-13,16.00650274167982,16.0554307035045,15.824769359768892,15.866708755493164,2032100,0.0,0.0
2023-06-14,16.118337981133685,16.551702391662392,16.04145175764933,16.467824935913086,6403400,0.0,0.0
2023-06-15,16.53772270114262,16.635578622497935,16.348999424368568,16.55170249938965,2449600,0.0,0.0
2023-06-16,16.593641712899988,16.747415504731684,16.516754150390625,16.516754150390625,2837200,0.0,0.0
2023-06-19,16.39792945513862,16.663540322615386,16.3909408883198,16.586652755737305,1461100,0.0,0.0
2023-06-20,16.523745318588393,16.544715019024604,16.160279843337335,16.328033447265625,3269800,0.0,0.0
2023-06-21,16.216196019342195,16.272113881483914,16.104360295058758,16.22318458557129,2195900,0.0,0.0
2023-06-22,16.174255958113175,16.37695903328805,15.999512479453571,16.034461975097656,1875700,0.0,0.0
2023-06-23,15.908649734588579,16.006505676178023,15.838752062087313,15.9575777053833,2500800,0.0,0.0
2023-06-26,15.929616684429565,16.111348735076266,15.817779627835233,16.041452407836914,2126500,0.0,0.0
2023-06-27,16.20920510351704,16.328030719765525,15.964563972042285,16.062419891357422,3273500,0.0,0.0
2023-06-28,16.00650543433562,16.03446503618857,15.405388659556326,15.468295097351074,4538400,0.0,0.0
2023-06-29,15.433348531980316,15.691969543245962,15.377430655650898,15.650030136108398,4208300,0.0,0.0
2023-06-30,15.677987979741918,15.873699858316696,15.489264668384367,15.524212837219238,3238200,0.0,0.0
2023-07-03,15.580130167369557,15.636048030695068,15.419365143770069,15.51722240447998,6857800,0.0,0.0
2023-07-04,15.510230179465667,15.566148034407409,15.433342628975714,15.454312324523926,1954000,0.0,0.0
2023-07-05,15.398397516363271,15.503243348475849,15.272581984553343,15.419365882873535,4817000,0.0,0.0
2023-07-06,15.34247875213623,15.482272742373103,15.279570989914184,15.34247875213623,3636000,0.0,0.0
2023-07-07,15.335489625460074,15.580130787186764,15.272581860067866,15.4752836227417,5519800,0.0,0.0
2023-07-10,15.384418747317161,15.3914086476846,15.17472573585554,15.2725830078125,2345500,0.0,0.0
2023-07-11,15.321511039390847,15.615080190079038,15.265593169411535,15.594110488891602,6346000,0.0,0.0
2023-07-12,15.803802095286182,15.943596091204693,15.67099666595459,15.67099666595459,3117500,0.0,0.0
2023-07-13,15.852729438672275,16.132318752729095,15.838749639672683,15.95058536529541,2756000,0.0,0.0
2023-07-14,16.11834141890516,16.139311120611705,15.866711664362706,15.9575777053833,2384900,0.0,0.0
2023-07-17,15.922626697673147,15.922626697673147,15.594108095428602,15.817779541015625,1749000,0.0,0.0
2023-07-18,15.873697926765658,15.908647424534973,15.670996172451723,15.894667625427246,2014800,0.0,0.0
2023-07-19,15.887676172938113,15.887676172938113,15.601096985176426,15.726912498474121,2451200,0.0,0.0
2023-07-20,15.901658310442055,16.01349404245393,15.733904712424238,15.789822578430176,1960000,0.0,0.0
2023-07-21,15.803800762165688,15.90864658355713,15.705943506771652,15.908646583557129,1523400,0.0,0.0
2023-07-24,15.859719588490096,16.362980361735463,15.796811825186046,16.279104232788086,3094900,0.0,0.0
2023-07-25,16.607620176363376,16.971086927663176,16.607620176363376,16.89419937133789,5679000,0.0,0.0
2023-07-26,16.789356634514945,16.964100143200934,16.656551194621183,16.852264404296875,2489700,0.0,0.0
2023-07-27,16.782362868382112,16.845270623673297,16.474813990645984,16.621599197387695,1963700,0.0,0.0
2023-07-28,16.56568379048377,16.691497986484176,16.06242167373391,16.11833953857422,3899200,0.0,0.0
2023-07-31,16.19522994486683,16.4748193181351,16.153291872173412,16.418901443481445,3114500,0.0,0.0
2023-08-01,16.335021091823055,16.418897215611768,16.181245976232162,16.355989456176758,2726000,0.0,0.0
2023-08-02,16.21619894310763,16.21619894310763,16.01349582305485,16.14630126953125,2365800,0.0,0.0
2023-08-03,16.11134920770198,16.30706239599957,16.048441444791578,16.195226669311523,1710900,0.0,0.0
2023-08-04,16.13232120551604,16.488798135083,16.13232120551604,16.258136749267578,2222900,0.0,0.0
2023-08-07,16.21619748943429,16.328033223856284,16.048442554614187,16.300073623657227,1715900,0.0,0.0
2023-08-08,16.07640147324075,16.27910456652879,15.950585944053284,16.11833953857422,2849100,0.0,0.0
2023-08-09,15.957577684645235,16.202218871488128,15.887680012234807,16.027475357055664,2793200,0.0,0.0
2023-08-10,16.08339210479226,16.090382004863724,15.831761034968057,15.922628402709961,2473400,0.0,0.0
2023-08-11,15.957575274982888,16.03446283634273,15.740893723098894,15.880687713623047,3204200,0.0,0.0
2023-08-14,15.754874123199842,15.782832389096553,15.216663839520752,15.30053997039795,4511300,0.0,0.0
2023-08-15,15.419364408338948,15.433344206800312,14.965031623840332,14.965031623840332,3191700,0.0,0.0
2023-08-16,14.979014328050154,15.111819772821839,14.804270812945859,14.825239181518555,5480600,0.0,0.0
2023-08-17,15.17472614812079,15.216665551464825,15.013962434863627,15.034932136535645,3084700,0.0,0.0
2023-08-18,14.944063847234188,15.118807350903932,14.888145979387355,14.895135879516602,1684200,0.0,0.0
2023-08-21,14.902124937912058,14.992992301272553,14.846207073223697,14.909114837646484,1904800,0.0,0.0
2023-08-22,15.06987738339512,15.251610763077867,14.979011360147224,15.181713104248047,5842700,0.0,0.0
2023-08-23,15.307532286601848,15.377429962158203,15.237634611045493,15.377429962158203,2364100,0.0,0.0
2023-08-24,15.272582211446869,15.300540478271605,15.055900644103518,15.076869010925293,1529600,0.0,0.0
2023-08-25,15.097839908364485,15.146767879078647,14.958044563592127,15.034932136535645,1291500,0.0,0.0
2023-08-28,15.041919942190853,15.335489058777393,15.041919942190853,15.237631797790527,1332900,0.0,0.0
2023-08-29,15.335490586098022,15.740895470027931,15.244623215645175,15.70594596862793,2263000,0.0,0.0
2023-08-30,15.761861801147461,15.929616719818144,15.670995775622245,15.761861801147461,2003600,0.0,0.0
2023-08-31,15.922625667291301,15.943594030716323,15.677984539566548,15.726912498474121,2494600,0.0,0.0
2023-09-01,16.034463076069244,16.55170364843444,16.020483276851717,16.516754150390625,4496900,0.0,0.0
2023-09-04,16.565681638291377,16.810321431942533,16.495783983025238,16.74042510986328,2861100,0.0,0.0
2023-09-05,16.69848861773876,16.705478517798387,16.404919481170147,16.53073501586914,5325500,0.0,0.0
2023-09-06,16.530733786055187,16.544713585134396,16.223184872247607,16.342010498046875,2020400,0.0,0.0
2023-09-08,16.069412176407756,16.069412176407756,15.845740708654409,15.978546142578125,2618100,0.0,0.0
2023-09-11,16.006503487990305,16.048441552482984,15.594108743115674,15.768852233886719,11057100,0.0,0.0
2023-09-12,15.782833210899627,15.908648746953627,15.698955742467914,15.796813011169434,3353800,0.0,0.0
2023-09-13,15.76885324479916,15.859720612410182,15.664007410252465,15.691967010498047,2092400,0.0,0.0
2023-09-14,16.132318523165196,16.691497143321687,16.125328623764865,16.502775192260742,5795900,0.0,0.0
2023-09-15,16.64257049560547,16.754406228472703,16.453848529633945,16.64257049560547,3060000,0.0,0.0
2023-09-18,16.54471115424483,16.600629009158734,16.111346778771956,16.188234329223633,2139000,0.0,0.0
2023-09-19,16.20920904243127,16.342013155720437,16.118341666825803,16.14630126953125,2401600,0.0,0.0
2023-09-20,16.251144470406032,16.50277552108378,16.21619630589502,16.342010498046875,2112400,0.0,0.0
2023-09-21,16.118338348777357,16.132318147252263,15.7478830215011,15.852728843688965,2706500,0.0,0.0
2023-09-22,16.04145273584699,16.069411000677015,15.831759750280243,15.880687713623047,1611200,0.0,0.0
2023-09-25,15.71293540932977,15.71293540932977,15.398397905052425,15.55217170715332,3114000,0.0,0.0
2023-09-26,15.405386812189516,15.580130303254167,15.342479048751278,15.391407012939453,2500400,0.0,0.0
2023-09-27,15.489263378195497,15.538191343763705,15.244622217167395,15.314519882202148,1797400,0.0,0.0
2023-09-28,15.370436300836074,15.712933360762738,15.314518440709005,15.608087539672852,1269800,0.0,0.0
2023-09-29,15.796811585945958,15.992523439317173,15.712934125081857,15.880687713623047,3690800,0.0,0.0
2023-10-02,15.866712398274705,15.922630272224747,15.643039569287264,15.698957443237305,1031700,0.0,0.0
2023-10-03,15.54518264947778,15.670998191281566,15.503244579938917,15.538192749023438,1590500,0.0,0.0
2023-10-04,15.594108677444684,15.601098577028532,15.223653331809857,15.237631797790527,1697100,0.0,0.0
2023-10-05,15.265590361263747,15.43334394034295,15.216662400680681,15.28656005859375,1726700,0.0,0.0
2023-10-06,15.209673927034201,15.559160916166823,15.1747244282087,15.370437622070312,2694500,0.0,0.0
2023-10-09,15.237633248685468,15.405388188297067,15.18171537987732,15.384418487548828,1947300,0.0,0.0
2023-10-10,15.454316760617857,15.573142403125791,15.412377357482912,15.41237735748291,1474500,0.0,0.0
2023-10-11,15.461306380932722,15.594110488891602,15.398398610557596,15.594110488891602,1857000,0.0,0.0
2023-10-13,15.552171700452902,15.552171700452902,15.23763286312395,15.251612663269043,2991600,0.0,0.0
2023-10-16,15.398399000183614,15.650028754863927,15.398399000183614,15.42635726928711,2068700,0.0,0.0
2023-10-17,15.468295097351074,15.531202868333018,15.188705744757543,15.468295097351074,2705000,0.0,0.0
2023-10-18,15.36344878772206,15.36344878772206,15.027941574853049,15.08385944366455,2101300,0.0,0.0
2023-10-19,15.083857604484319,15.118805768285082,14.867176055908203,14.867176055908203,2986800,0.0,0.0
2023-10-20,14.727383206814672,14.727383206814672,14.294020036907948,14.43381404876709,4232800,0.0,0.0
2023-10-23,14.349936235303012,14.587587494262943,14.301006937010154,14.461771965026855,1818100,0.0,0.0
2023-10-24,14.741362442348871,14.895136249449981,14.601567102666287,14.797280311584473,2700200,0.0,0.0
2023-10-25,14.93707355545149,15.020949680942682,14.552637091858113,14.62253475189209,2902900,0.0,0.0
2023-10-26,14.6225345606587,15.118805407354445,14.566616700000209,14.965031623840332,2600400,0.0,0.0
2023-10-27,15.027940545266464,15.41237570035892,14.97202268028598,15.30053997039795,3210000,0.0,0.0
2023-10-30,15.468293946633871,15.733904811728802,15.454315479934477,15.503243446350098,3068700,0.0,0.0
2023-10-31,15.482273495690556,15.810792121765234,15.41237583057762,15.615078926086426,1659700,0.0,0.0
2023-11-01,16.006503938169804,16.446858293882446,15.936606273258121,16.432878494262695,10690000,0.0,0.0
2023-11-03,16.726446442184944,16.971087585550556,16.64256898356157,16.845272064208984,7807100,0.0,0.0
2023-11-06,16.915170197898288,17.124861850548566,16.782364773520037,16.999046325683594,7840400,0.0,0.0
2023-11-07,16.922161102294922,16.999048674377224,16.789356992754648,16.922161102294922,9146200,0.0,0.0
2023-11-08,16.985066050998636,17.131851270292795,16.831292265573925,16.845272064208984,3102400,0.0,0.0
2023-11-09,16.985067620860423,17.013027220714736,16.775375954701495,16.873231887817383,4183300,0.0,0.0
2023-11-10,16.978079175843114,17.27863687730982,16.93613977576088,17.18777084350586,4953300,0.0,0.0
2023-11-13,17.201752151952988,17.348536065550952,17.00603893396848,17.12486457824707,3450700,0.0,0.0
2023-11-14,17.27164711902583,17.88674499340831,17.250678751999757,17.73297119140625,10034600,0.0,0.0
2023-11-16,17.6700598080171,17.98459724772649,17.481336544279362,17.907711029052734,4674100,0.0,0.0
2023-11-17,17.90771396110215,17.99159009214971,17.7749085315586,17.928682327270508,4895600,0.0,0.0
2023-11-20,18.06148917014967,18.501842225575242,18.06148917014967,18.38301658630371,4958900,0.0,0.0
2023-11-21,18.592709624333516,18.977144810860633,18.550771555465708,18.84433937072754,6829100,0.0,0.0
2023-11-22,18.692285298128937,18.8719466644321,18.490167153426388,18.54256820678711,7231500,1.786878,0.0
2023-11-23,18.490164417677374,18.542565463284994,18.28055880742549,18.32547378540039,2174500,0.0,0.0
2023-11-24,18.32547551570431,18.400334771278345,18.160786295698664,18.19072914123535,1956000,0.0,0.0
2023-11-27,18.17575717039682,18.415305629344154,18.130840763478115,18.273073196411133,6310400,0.0,0.0
2023-11-28,18.085926601601738,18.362905412163407,17.928723453747295,18.2955322265625,4439100,0.0,0.0
2023-11-29,18.415307288109762,18.475194408240952,18.063469207995162,18.070955276489258,4270300,0.0,0.0
2023-11-30,18.198213671487153,18.475192465354763,18.198213671487153,18.265586853027344,6783700,0.0,0.0
2023-12-01,18.445249372211173,18.684797842839135,18.40782045910862,18.505136489868164,3586600,0.0,0.0
2023-12-04,18.355418332020133,18.445248289321096,18.228158035992582,18.33296012878418,2998400,0.0,0.0
2023-12-05,18.265586853027344,18.317987899153845,18.123354422240116,18.265586853027344,2685700,0.0,0.0
2023-12-06,18.37038982941049,18.490164053532336,18.055982134135302,18.108383178710938,2781900,0.0,0.0
2023-12-07,18.228156846926403,18.28804395716094,18.055981583479774,18.09341049194336,1218800,0.0,0.0
2023-12-08,18.198217323145123,18.265590518204434,18.0185559455942,18.183246612548828,1476800,0.0,0.0
2023-12-11,18.145812531415302,18.213185712606684,17.966151190845416,18.198213577270508,1056000,0.0,0.0
2023-12-12,18.33296067948521,18.340446747455402,18.06346794384422,18.15329933166504,1422600,0.0,0.0
2023-12-13,18.100899194624695,18.332961602093295,18.01855387063003,18.243131637573242,2897500,0.0,0.0
2023-12-14,18.41530599946247,18.505135959462436,18.303017835551774,18.347932815551758,3726000,0.0,0.0
2023-12-15,18.415305629344154,18.505135587538682,18.2131860816743,18.273073196411133,3875000,0.0,0.0
2023-12-18,18.34044683905428,18.520108187771744,18.198214402553234,18.415306091308594,6731700,0.0,0.0
2023-12-19,18.482679163296194,18.684797286987305,18.32547459173481,18.684797286987305,3255600,0.0,0.0
2023-12-20,18.69977117614873,18.767144366302972,18.542568017669893,18.602455139160156,2714400,0.0,0.0
2023-12-21,18.782115739603555,19.11149560831213,18.594968314081655,19.036636352539062,3190800,0.0,0.0
2023-12-22,19.089037403233746,19.321099811090868,18.93931889168761,19.036636352539062,2425400,0.0,0.0
2023-12-26,19.201327027129548,19.216299164982335,19.02166565636107,19.089038848876953,1500600,0.0,0.0
2023-12-27,19.08903405599907,19.201322206058332,19.02914694744604,19.178865432739258,1811900,0.0,0.0
2023-12-28,19.15640975785777,19.208810806274414,19.044121592990457,19.208810806274414,1056800,0.0,0.0
2024-01-02,19.24623999877508,19.34355745681241,18.946804412163118,19.021663665771484,3148900,0.0,0.0
2024-01-03,19.014176517702982,19.141436813262903,18.842001243657624,19.04412078857422,2057100,0.0,0.0
2024-01-04,19.05160740633927,19.05160740633927,18.782114672003164,18.864459991455078,1505900,0.0,0.0
2024-01-05,18.74468601536665,18.74468601536665,18.460221141289626,18.624910354614258,2183700,0.0,0.0
2024-01-08,18.535079956054688,18.550052091772802,18.37039074661978,18.535079956054688,1993300,0.0,0.0
2024-01-09,18.37038928791963,18.4302763982153,18.1982125964759,18.288043975830078,2504000,0.0,0.0
2024-01-10,18.220673702545806,18.220673702545806,17.85386491503982,18.003582000732422,2292200,0.0,0.0
2024-01-11,18.011066987518593,18.138327288016423,17.891292755029042,18.026039123535156,2102000,0.0,0.0
2024-01-12,18.003579998433146,18.093411382115207,17.861348997016876,17.936206817626953,1920200,0.0,0.0
2024-01-15,17.81643269980958,17.86134910583496,17.591856380968338,17.86134910583496,1468400,0.0,0.0
2024-01-16,17.861350748147512,17.913751798840536,17.524484811090137,17.659231185913086,2171000,0.0,0.0
2024-01-17,17.554426630393785,17.6517426498157,17.195102538492748,17.307392120361328,4700200,0.0,0.0
2024-01-18,17.44213813747498,17.546941658574006,17.27744892977856,17.284934997558594,2397700,0.0,0.0
2024-01-19,17.389738114451994,17.389738114451994,17.007957202126075,17.052873611450195,2706400,0.0,0.0
2024-01-22,16.948069352733096,16.9854996922211,16.768408006655033,16.903154373168945,2736700,0.0,0.0
2024-01-23,17.075330268860153,17.35979514797054,17.067844200691827,17.322364807128906,4066000,0.0,0.0
2024-01-24,17.516997740109534,17.681688378942972,17.41968171265279,17.502025604248047,3362900,0.0,0.0
2024-01-25,17.584373333709628,17.621803678493404,17.007958874434426,17.254993438720703,4838700,0.0,0.0
2024-01-26,17.18013549756636,17.427170060310768,16.985501989370515,17.382253646850586,3009300,0.0,0.0
2024-01-29,17.38225340860154,17.47957087527641,17.127732780435675,17.23253631591797,2056500,0.0,0.0
2024-01-30,17.22504769520707,17.29242087667086,17.000469947720628,17.150188446044922,2639300,0.0,0.0
2024-01-31,17.067842687168454,17.210075114110918,16.992984867766364,17.06035804748535,2310300,0.0,0.0
2024-02-01,17.06035950339241,17.09030234814425,16.618691477686106,16.723493576049805,8838500,0.0,0.0
2024-02-02,16.723495147569622,16.745953354110046,16.43903024267748,16.454002380371094,5256800,0.0,0.0
2024-02-05,16.454000104172465,16.483944375417295,16.289310895790234,16.379140853881836,3271600,0.0,0.0
2024-02-06,16.439028697889047,16.753436420801645,16.42405798942388,16.723493576049805,3854700,0.0,0.0
2024-02-07,16.723491215903813,16.895666475437352,16.67857624120404,16.77589225769043,3405300,0.0,0.0
2024-02-08,16.85075369541481,16.92561294821179,16.536345975924696,16.588747024536133,3151700,0.0,0.0
2024-02-09,16.60371806923191,16.73846442984476,16.36416961828524,16.41657066345215,2222600,0.0,0.0
2024-02-14,16.44651486534293,16.49143127447417,16.31176992141375,16.401599884033203,1877600,0.0,0.0
2024-02-15,16.371657775478244,16.498918084764416,16.25188210689575,16.356685638427734,4621700,0.0,0.0
2024-02-16,16.573774978984147,16.835781651294628,16.49143108549682,16.65612030029297,6285600,0.0,0.0
2024-02-19,16.596232817027435,16.641147796831238,16.446514313919465,16.581260681152344,2701000,0.0,0.0
2024-02-20,16.39411245009384,16.416570652788522,16.049761909037024,16.22193717956543,7281800,0.0,0.0
2024-02-21,16.296797628185455,16.296797628185455,16.004846682928378,16.124622344970703,7132000,0.0,0.0
2024-02-22,16.251880667055676,16.454000215865975,16.251880667055676,16.304283142089844,4481200,0.0,0.0
2024-02-23,16.56629003696494,16.6785796383176,16.236911584983343,16.296798706054688,5650200,0.0,0.0
2024-02-26,16.2069661846237,16.2069661846237,15.877586327702838,15.96741771697998,7286200,0.0,0.0
2024-02-27,16.206964216596575,16.259365259052842,16.072217862953988,16.199478149414062,5205100,0.0,0.0
2024-02-28,16.102164086984946,16.184509408170534,15.900044531977498,15.96741771697998,4198400,0.0,0.0
2024-02-29,15.967417959737665,16.004846872942977,15.780270538068061,15.870101928710938,10748300,0.0,0.0
2024-03-01,15.90004343592261,15.90004343592261,15.488319714019452,15.600607872009277,14336200,0.0,0.0
2024-03-04,15.600606996201611,15.795240458774034,15.435917802250168,15.473346710205078,5815200,0.0,0.0
2024-03-05,15.413459575224968,15.563178062438965,15.33860033161797,15.563178062438965,3047400,0.0,0.0
2024-03-06,15.653011255372153,15.653011255372153,15.308660662390082,15.39100456237793,7001500,0.0,0.0
2024-03-07,15.465862218298751,15.58563644933944,15.391002966942956,15.503291130065918,3493600,0.0,0.0
2024-03-08,15.458378435088253,15.57066661480711,15.36106239341769,15.383519172668457,2319200,0.0,0.0
2024-03-11,15.19636900481938,15.263742186130576,14.93436377507741,15.114025115966797,5012500,0.0,0.0
2024-03-12,15.226315604629459,15.383518766521131,15.061626373911285,15.099055290222168,4855000,0.0,0.0
2024-03-13,15.084081649780273,15.158940902765636,14.97927955229366,15.084081649780273,5116300,0.0,0.0
2024-03-14,15.084081026858462,15.084081026858462,14.85950470499811,15.05413818359375,4770000,0.0,0.0
2024-03-15,14.994252921383191,15.024195768346544,14.59749984741211,14.59749984741211,11773400,0.0,0.0
2024-03-18,14.777159997579627,15.114025922103014,14.762187861418255,15.084081649780273,7115300,0.0,0.0
2024-03-19,15.278715594993823,15.34608878192066,15.173913494361646,15.226314544677734,5235000,0.0,0.0
2024-03-20,15.271229245639237,15.413461685180664,15.158941078768219,15.413461685180664,3224800,0.0,0.0
2024-03-21,15.480834594314086,15.623067031314639,15.353574293381273,15.405975341796875,3442800,0.0,0.0
2024-03-22,15.331114573109206,15.383515616342606,15.166425376115464,15.196368217468262,2425700,0.0,0.0
2024-03-25,15.211342465961799,15.316144566992856,15.173913552114003,15.188885688781738,2805400,0.0,0.0
2024-03-26,15.10654141964372,15.1589424738178,14.9643089670129,15.061626434326172,3468100,0.0,0.0
2024-03-27,15.054138802572766,15.316144046242199,14.9867656176802,15.278715133666992,4774200,0.0,0.0
2024-03-28,15.346088499493751,15.45837666636477,15.218828196287529,15.413461685180664,4138200,0.0,0.0
2024-04-01,15.57815176206925,15.870102725449492,15.480835726156894,15.540722846984863,3996200,0.0,0.0
2024-04-02,15.608094034618809,15.795241441681812,15.56317905671368,15.667981147766113,4340600,0.0,0.0
2024-04-03,15.570663601707246,15.615580007160291,15.361059420878611,15.600607872009277,3612000,0.0,0.0
2024-04-04,15.60060851325226,15.675467764262935,15.435919303285937,15.488320350646973,4833400,0.0,0.0
2024-04-05,15.473346968240214,15.488319102800382,15.218826392002736,15.286199569702148,3351500,0.0,0.0
2024-04-08,15.57066498121018,15.929989117562355,15.465862881510787,15.885072708129883,5083600,0.0,0.0
2024-04-09,16.034791553652077,16.139593655550094,15.7652988026897,15.855130195617676,5871000,0.0,0.0
2024-04-10,15.81769812041342,15.81769812041342,15.54072075922661,15.600607872009277,5580400,0.0,0.0
2024-04-11,15.697926497438102,15.697926497438102,15.480836213042135,15.593124389648438,2776400,0.0,0.0
2024-04-12,15.750327274673657,15.847643303115262,15.391003149468816,15.443404197692871,12468300,0.0,0.0
2024-04-15,15.540720431154535,15.959930211783481,15.450889049966221,15.630550384521484,10738800,0.0,0.0
2024-04-16,15.465863108993627,15.473349177342484,15.241286769814122,15.29368782043457,6400500,0.0,0.0
2024-04-17,15.615582425927759,15.73535667004546,15.413462853546031,15.458377838134766,4750800,0.0,0.0
2024-04-18,15.570664704092454,15.608095044620018,15.346088372213057,15.435919761657715,3419200,0.0,0.0
2024-04-19,15.398488433625905,15.862614631652834,15.316143117567561,15.862614631652832,7241600,0.0,0.0
2024-04-22,15.79524320467893,16.034791684005523,15.458377263237434,15.832672119140625,8174200,0.0,0.0
2024-04-23,15.660497201769221,15.810215718831477,15.518264753342237,15.712898254394531,4171900,0.0,0.0
2024-04-24,15.825183592318142,15.952443880668817,15.6679804626139,15.817697525024414,3721200,0.0,0.0
2024-04-25,15.690437922807975,15.750326463776684,15.540720853850415,15.667981147766113,5201400,0.0,0.0
2024-04-26,15.750326504319277,15.885071438381505,15.682953323377461,15.772783279418945,6149500,0.0,0.0
2024-04-29,15.870101449077824,16.102163845144617,15.780270061149873,16.064733505249023,7311000,0.0,0.0
2024-04-30,15.995408540197776,15.995408540197776,15.726045429721427,15.789424896240234,6651500,1.182493,0.0
2024-05-02,15.892415144863145,16.15385561968538,15.83695830339867,16.01125144958496,4971900,0.0,0.0
2024-05-03,16.09839979156482,16.169701881103272,15.860727167160437,16.027097702026367,4192200,0.0,0.0
2024-05-06,16.06670822523164,16.153854034228864,15.932026690142711,16.082551956176758,3794100,0.0,0.0
2024-05-07,16.074632358881228,16.29645972384149,16.05878711535961,16.106321334838867,4196100,0.0,0.0
2024-05-08,15.932028253827482,16.066709802135033,15.924105632034616,16.01125144958496,4074600,0.0,0.0
2024-05-09,15.9795621913355,16.130088980570818,15.900337485891356,16.066709518432617,2842800,0.0,0.0
2024-05-10,16.07463147354543,16.098397826433295,15.829034745743778,15.924104690551758,3759500,0.0,0.0
2024-05-13,15.987485271265593,16.074632600860763,15.892415319790349,15.947872161865234,2317900,0.0,0.0
2024-05-14,15.781501376083702,15.900337680159055,15.654742450258578,15.805269241333008,4520300,0.0,0.0
2024-05-15,15.765657029638554,15.876572229360722,15.66266596320262,15.789424896240234,5065800,0.0,0.0
2024-05-16,15.900337337456019,16.01125101739106,15.789423657520977,15.821112632751465,3216500,0.0,0.0
2024-05-17,15.852803776100371,15.987485326354436,15.821113288470887,15.963717460632324,3891200,0.0,0.0
2024-05-20,15.987484150061908,16.0429409882476,15.85280260971715,15.924104690551758,3457000,0.0,0.0
2024-05-21,16.003330338877692,16.16177824147825,15.932028253827482,16.01125144958496,4414800,0.0,0.0
2024-05-22,16.035018762909008,16.082552980944104,15.821112515122756,15.900337219238281,3309100,0.0,0.0
2024-05-23,15.892416685708467,15.900339308269471,15.686433032379611,15.836959838867188,3055300,0.0,0.0
2024-05-24,15.844880104064941,15.995406888157506,15.805268508238989,15.844880104064941,1885100,0.0,0.0
2024-05-27,15.868649466821822,15.971640532346928,15.805270000863528,15.955795288085938,1629200,0.0,0.0
2024-05-28,15.955794017739702,16.003329746738036,15.630974091678794,15.686430931091309,3918300,0.0,0.0
2024-05-29,15.599284572358636,15.607207193581864,15.353687847695065,15.377455711364746,3056600,0.0,0.0
2024-05-31,15.321998995352509,15.377455833269241,15.163549591802841,15.211085319519043,3424300,0.0,0.0
2024-06-03,15.211087628657923,15.211087628657923,14.807042948246696,14.88626766204834,3642300,0.0,0.0
2024-06-04,14.775349617004395,14.814962721830515,14.63274546180124,14.775349617004395,3140900,0.0,0.0
2024-06-05,14.791195604211874,14.799118225576292,14.482220926427173,14.537677764892578,3854300,0.0,0.0
2024-06-06,14.624825799514168,14.751586249516611,14.513912105733494,14.696127891540527,3001900,0.0,0.0
2024-06-07,14.616903150713263,14.624824261362432,14.434685872985009,14.482221603393555,2795900,0.0,0.0
2024-06-10,14.490142093237292,14.616901000172584,14.45052899039166,14.529753684997559,2187000,0.0,0.0
2024-06-11,14.466377635328351,14.58521394965555,14.355463943434394,14.5535249710083,2793000,0.0,0.0
2024-06-12,14.648591221211682,14.672359084946983,14.387150764465332,14.387150764465332,2740700,0.0,0.0
2024-06-13,14.434686715139724,14.561445648120099,14.410920359634451,14.450531959533691,2505400,0.0,0.0
2024-06-14,14.4822225362816,14.513911514176323,14.268316268920898,14.268316268920898,2071400,0.0,0.0
2024-06-17,14.181168283119613,14.236625125199186,13.864270963318038,14.125711441040039,9853100,0.0,0.0
2024-06-18,14.125710260093513,14.284159662290321,14.101942396438345,14.17324447631836,1830000,0.0,0.0
2024-06-19,14.165324137520958,14.260394096374512,14.086100934743019,14.260394096374512,2175800,0.0,0.0
2024-06-20,14.36338412519365,14.498065675670837,14.300004660915304,14.442608833312988,3708400,0.0,0.0
2024-06-21,14.379227922085839,14.410918406578883,14.236623764038086,14.236623764038086,3205800,0.0,0.0
2024-06-24,14.181168649992214,14.347540691620663,14.125711806477948,14.300004959106445,2112200,0.0,0.0
2024-06-25,14.30000542717005,14.32377329420512,14.094023290542248,14.204936981201172,2305500,0.0,0.0
2024-06-26,14.363383962857153,14.426763426419177,14.276238144887872,14.418842315673828,2432100,0.0,0.0
2024-06-27,14.450529155958034,14.529753851471646,14.363381839784521,14.466374397277832,2158600,0.0,0.0
2024-06-28,14.4742979653057,14.751583662209487,14.4742979653057,14.664436340332031,2846600,0.0,0.0
2024-07-01,14.799119593404761,15.005103234661382,14.759506482921378,14.925878524780273,2174600,0.0,0.0
2024-07-02,14.941724906648204,15.036793356875597,14.83873232263513,14.862500190734863,2310700,0.0,0.0
2024-07-03,15.005102031999865,15.266542495893066,14.973411546153157,15.171472549438477,2757300,0.0,0.0
2024-07-04,15.329923756105478,15.329923756105478,15.15562908565892,15.250699043273926,2394600,0.0,0.0
2024-07-05,15.187317627592416,15.211085491719585,15.036790843624708,15.147706031799316,2583700,0.0,0.0
2024-07-08,15.076405416257238,15.139784882339365,14.973412839445237,15.04471492767334,2277100,0.0,0.0
2024-07-09,15.052635081972548,15.250696069893241,15.020944598584238,15.13185977935791,1891500,0.0,0.0
2024-07-10,15.10017075867703,15.2031633285802,14.997179699859425,15.028868675231934,3033400,0.0,0.0
2024-07-11,15.147708603211049,15.211088073890352,15.068483887090476,15.179397583007812,2373300,0.0,0.0
2024-07-12,15.147707473666287,15.242775917053223,15.084328007713108,15.242775917053223,1929100,0.0,0.0
2024-07-15,15.242774391613771,15.448758013118953,15.195240174677348,15.417067527770996,2910700,0.0,0.0
2024-07-16,15.329921104571136,15.401223182678223,15.203162190399746,15.401223182678223,1822100,0.0,0.0
2024-07-17,15.32992132535845,15.440834999084473,15.250696625088946,15.440834999084473,4776300,0.0,0.0
2024-07-18,15.417068823041523,15.448759311051967,14.98133519049739,14.9892578125,4222400,0.0,0.0
2024-07-19,15.10809366758765,15.116016289352824,14.870421058974776,14.997179985046387,2115800,0.0,0.0
2024-07-22,14.981334181527629,15.020945777787265,14.894186856453786,14.973411560058594,1620100,0.0,0.0
2024-07-23,14.902110907529584,14.91003352975866,14.71989512951786,14.76742935180664,2572900,0.0,0.0
2024-07-24,14.767427845508005,14.822884684369185,14.656514167785645,14.656514167785645,1633800,0.0,0.0
2024-07-25,14.640668647881954,14.767427566047429,14.553522836071625,14.601057052612305,2154200,0.0,0.0
2024-07-26,14.751584390807768,14.807041230710508,14.561444495304722,14.711971282958984,3471500,0.0,0.0
2024-07-29,14.791196561171441,14.791196561171441,14.545601327327063,14.624824523925781,2048200,0.0,0.0
2024-07-30,14.537679527938522,14.54560215026375,14.363384858954916,14.402997970581055,2019200,0.0,0.0
2024-07-31,14.521833625042209,14.711972018971974,14.466376782365064,14.67236042022705,2821600,0.0,0.0
2024-08-01,14.767429531027322,14.775352153352548,14.402997970581055,14.402997970581055,3214300,0.0,0.0
2024-08-02,14.4742988903973,14.60898043686783,14.197013175771433,14.252470016479492,2778700,0.0,0.0
2024-08-05,13.911804299448427,14.212857867442759,13.785045379583083,14.141555786132812,3764200,0.0,0.0
2024-08-06,14.078175874829281,14.28415949077765,14.006873795805403,14.236623764038086,2729300,0.0,0.0
2024-08-07,14.292082283508709,14.30792601486,14.157400744967068,14.17324447631836,2565100,0.0,0.0
2024-08-08,14.212859926029067,14.363385220742751,14.212859926029067,14.276239395141602,2088400,0.0,0.0
2024-08-09,14.339617168963633,14.339617168963633,14.18116775937199,14.315849304199219,1751900,0.0,0.0
2024-08-12,14.30000299611936,14.482220256905924,14.268314023212207,14.395072937011719,2366400,0.0,0.0
2024-08-13,14.434684587781438,14.529754529048317,14.331693536570652,14.410918235778809,3859800,0.0,0.0
2024-08-14,14.33169499716318,14.339617618999963,14.181168204435522,14.307927131652832,3275700,0.0,0.0
2024-08-15,14.323770745145758,14.60105643353299,14.276236530620514,14.561443328857422,3432000,0.0,0.0
2024-08-16,14.529756273625907,14.529756273625907,14.379229478165309,14.474299430847168,2980300,0.0,0.0
2024-08-19,14.60105798450627,14.854575837017675,14.529755899601737,14.799118995666504,4970900,0.0,0.0
2024-08-20,14.886265918741625,14.925877515460732,14.735739131255025,14.910032272338867,2851600,0.0,0.0
2024-08-21,15.100171144305762,15.290309534653261,15.06848216812398,15.116016387939453,3404200,0.0,0.0
2024-08-22,15.116016387939453,15.203163716839159,14.965489595590581,15.116016387939453,2620500,0.0,0.0
2024-08-23,15.123938799474862,15.234852481197374,14.965489387512207,14.965489387512207,3589100,0.0,0.0
2024-08-26,15.163549936570188,15.258619883078655,15.08432674407959,15.08432674407959,3191600,0.0,0.0
2024-08-27,15.409148646401817,15.55175131783809,15.306156065208935,15.488371849060059,4390700,0.0,0.0
2024-08-28,15.417067874402344,15.417067874402344,15.171472651775861,15.290308952331543,3025500,0.0,0.0
2024-08-29,15.377457580839247,15.377457580839247,15.195241803809083,15.274466514587402,2459900,0.0,0.0
2024-08-30,15.2586201337259,15.520060602061841,15.203163293637301,15.4249906539917,4566900,0.0,0.0
2024-09-02,15.250699676407748,15.298233901645782,15.179397583007812,15.179397583007812,2334100,0.0,0.0
2024-09-03,15.052638317722653,15.052638317722653,14.498066827898574,14.59313678741455,5793100,0.0,0.0
2024-09-04,14.601057586890288,14.989256976862633,14.593134965329357,14.910032272338867,3225300,0.0,0.0
2024-09-05,14.822885948609134,15.028869589865755,14.814964837598113,14.925878524780273,4123100,0.0,0.0
2024-09-06,14.925877019821511,14.941722262417207,14.680281803930242,14.704048156738281,3083600,0.0,0.0
2024-09-09,14.85457608091865,14.85457608091865,14.640669822692873,14.640669822692871,4364500,0.0,0.0
2024-09-10,14.632746706975542,14.711971412283974,14.537678269473881,14.545600891113281,2127400,0.0,0.0
2024-09-11,14.632746678509065,14.902109769382372,14.624824056885076,14.83080768585205,2731800,0.0,0.0
2024-09-12,14.933800255878321,15.028868693195038,14.83080768585205,14.83080768585205,2750900,0.0,0.0
2024-09-13,14.910031823562784,15.100170202045527,14.846652364068536,14.917954444885254,2941700,0.0,0.0
2024-09-16,14.902110658490242,15.005103234661382,14.846653814899163,14.925878524780273,2102300,0.0,0.0
2024-09-17,14.949645830590368,15.020946404616002,14.85457588008019,14.90211009979248,2301800,0.0,0.0
2024-09-18,14.814965718974959,14.870422565865296,14.69612789154053,14.696127891540527,3011500,0.0,0.0
2024-09-19,14.933800599355505,15.084327391502248,14.807041672627385,14.814964294433594,2860800,0.0,0.0
2024-09-20,14.735737455372888,14.846651122440717,14.27623603469639,14.466374397277832,7192500,0.0,0.0
2024-09-23,14.402996897131565,14.58521266377423,14.3000043256653,14.482221603393555,3634300,0.0,0.0
2024-09-24,14.997180528830178,15.226930524008397,14.965490040620411,15.108094215393066,5457200,0.0,0.0
2024-09-25,15.23485228621711,15.361611209730704,15.100170741098223,15.226929664611816,4747800,0.0,0.0
2024-09-26,15.607208294386966,16.304382389263537,15.607208294386966,16.209312438964844,10566100,0.0,0.0
2024-09-27,16.256846596342104,16.336071295409496,16.003328768194816,16.082551956176758,3538100,0.0,0.0
2024-09-30,16.470753004588566,16.470753004588566,16.01917266845703,16.01917266845703,2983200,0.0,0.0
2024-10-01,15.971640857071057,16.177624503394846,15.939951878990463,16.027097702026367,3274000,0.0,0.0
2024-10-02,16.201391064361992,16.383606829123625,16.0429416534737,16.066709518432617,2326600,0.0,0.0
2024-10-03,15.924104644287143,15.924104644287143,15.615128457873013,15.710198402404785,3416000,0.0,0.0
2024-10-04,15.765656772155637,15.844881481781677,15.623052597045898,15.623052597045898,2856500,0.0,0.0
2024-10-07,15.797347191580508,15.924106121995374,15.654743017092372,15.718122482299805,2094300,0.0,0.0
2024-10-08,15.306154362226856,15.337844848632812,15.219007035696036,15.337844848632812,3920900,0.0,0.0
2024-10-09,15.274465569553666,15.274465569553666,15.16355037689209,15.16355037689209,1891000,0.0,0.0
2024-10-10,15.226929664611816,15.35368858812541,15.179395446065609,15.226929664611816,1720300,0.0,0.0
2024-10-11,15.250697849314953,15.520060945202689,15.219007362229057,15.409147262573242,3236600,0.0,0.0
2024-10-14,15.472526725659439,15.543828810517109,15.274465714629374,15.409147262573242,3316100,0.0,0.0
2024-10-15,15.282387400007842,15.337844237924577,15.155626970516806,15.211085319519043,3699300,0.0,0.0
2024-10-16,15.393301678692026,15.496292737272917,15.306154352218192,15.4249906539917,2971000,0.0,0.0
2024-10-17,15.16355105867451,15.21108679098916,15.068482616216505,15.108094215393066,2678100,0.0,0.0
2024-10-18,15.266544270972771,15.337846361332804,15.036792755126951,15.036792755126953,2329000,0.0,0.0
2024-10-21,15.131860849533808,15.226929284251463,15.036790903730626,15.05263614654541,2921300,0.0,0.0
2024-10-22,15.060559546307132,15.163550607754928,14.957566973773735,15.116016387939453,2933600,0.0,0.0
2024-10-23,14.973412197300942,15.028869038858794,14.814964294433594,14.814964294433594,6130800,0.0,0.0
2024-10-24,14.807041660367902,14.917955343391776,14.767428551369662,14.90211009979248,2678800,0.0,0.0
2024-10-25,15.092249652216312,15.55967379679996,15.044715428842673,15.353690147399902,5403000,0.0,0.0
2024-10-28,15.504216288149665,15.646820463259406,15.448759444737135,15.623052597045898,2528800,0.0,0.0
2024-10-29,15.726043595253419,15.836957270951656,15.607207298278809,15.607207298278809,7654900,0.0,0.0
2024-10-30,15.575518824088988,15.68643251410701,15.527984601379222,15.615130424499512,5947900,0.0,0.0
2024-10-31,15.615127282152244,15.757731432669955,15.527981476568948,15.559670448303223,4058600,0.0,0.0
2024-11-01,15.718123166385178,15.83695947993541,15.630975831275007,15.662666320800781,13723300,0.0,0.0
2024-11-04,15.805268893735088,16.0508641182343,15.73396681064087,15.932027816772461,6963900,0.0,0.0
2024-11-05,15.971641074048872,16.145934233574177,15.72604582401646,15.765657424926758,5522300,0.0,0.0
2024-11-06,15.56759312633622,15.6864294151768,15.456679458229733,15.575515747070312,4454400,0.0,0.0
2024-11-07,15.68643013772538,16.217233662676218,15.670586406612799,16.01917266845703,10906000,0.0,0.0
2024-11-08,15.646819535663084,15.662664778866063,15.100170733844822,15.337844848632812,10069000,0.0,0.0
2024-11-11,15.19524030970742,15.203162931114813,15.005101929186583,15.05263614654541,7255800,0.0,0.0
2024-11-12,15.052635938416069,15.052635938416069,14.696125535440434,14.704048156738281,8219600,0.0,0.0
2024-11-13,14.77789232032414,14.911101363497348,14.65300904084639,14.669660568237305,10250000,0.898694,0.0
2024-11-14,14.661334804541847,14.786218084019598,14.6030560466507,14.669660568237305,7238000,0.0,0.0
2024-11-18,14.711287982933284,14.861148555373767,14.60305622949131,14.80286979675293,4961000,0.0,0.0
2024-11-19,14.87780036214037,14.936079121854752,14.769567018690429,14.861148834228516,3794900,0.0,0.0
2024-11-21,14.769566741554122,14.87780008297317,14.744589450155017,14.80286979675293,8568600,0.0,0.0
2024-11-22,14.819519139841377,15.027658462524414,14.711287390756082,15.027658462524414,6671900,0.0,0.0
2024-11-25,14.961054705954679,15.144218335564291,14.944404766153243,15.035984992980957,5144700,0.0,0.0
2024-11-26,15.135892290508703,15.185845284939258,14.894449906136403,14.977705955505371,4756500,0.0,0.0
2024-11-27,15.027659039118932,15.202496902629061,15.01933486331199,15.185845375061035,4669700,0.0,0.0
2024-11-28,15.160867050164931,15.269100384001565,14.88612321593058,15.019333839416504,3328300,0.0,0.0
2024-11-29,15.160867342395882,15.377332426264624,15.06096135782692,15.360682487487793,5305500,0.0,0.0
2024-12-02,15.410636795173517,15.41896255926109,15.260776217551475,15.302403450012207,3460400,0.0,0.0
2024-12-03,15.319054515999182,15.377333274876742,15.094263656348241,15.110915184020996,3512300,0.0,0.0
2024-12-04,15.060962009458386,15.094263476429871,14.66966064167532,14.694636344909668,4777900,0.0,0.0
2024-12-05,14.819520950317383,14.836172479280798,14.669661953578263,14.819520950317383,3774100,0.0,0.0
2024-12-06,14.74459030788741,14.794544893591613,14.503149495559096,14.553102493286133,3445000,0.0,0.0
2024-12-09,14.93607835488632,15.369006942523862,14.919426827829524,15.277426719665527,7336000,0.0,0.0
2024-12-10,15.319054978187351,15.335706506362495,15.16919440056531,15.302403450012207,2909200,0.0,0.0
2024-12-11,15.294078226702576,15.352356983348054,15.002682855498167,15.235797882080078,5898400,0.0,0.0
2024-12-12,15.052634786195604,15.160866528329953,14.661333456353692,14.886122703552246,4935000,0.0,0.0
2024-12-13,14.811193912810433,14.844495376327385,14.569751553410716,14.57807731628418,2708300,0.0,0.0
2024-12-16,14.59473037970634,14.694636368760014,14.444869808148765,14.453195571899414,3850600,0.0,0.0
2024-12-17,14.503149495559096,14.836172127034615,14.46984643842296,14.553102493286133,6219500,0.0,0.0
2024-12-18,14.528125670537756,14.536449846204116,14.203427240353177,14.319986343383789,4104500,0.0,0.0
2024-12-19,14.328310405671788,14.38659075071445,14.103521140986789,14.211752891540527,3148400,0.0,0.0
2024-12-20,14.220369387378366,14.287804384975786,13.992775667570635,14.211939811706543,5352700,0.210221,0.0
2024-12-23,14.245657395270722,14.346810701865449,14.110787391662598,14.110787391662598,2654000,0.0,0.0
2024-12-26,14.093926429748535,14.245655566271493,13.967486018571755,14.093926429748535,2473000,0.0,0.0
2024-12-27,14.085497986710498,14.102357138296286,13.925340869977083,14.001205444335938,2439000,0.0,0.0
2024-12-30,14.043351861755951,14.127646012785451,13.975916862487793,13.975916862487793,1699200,0.0,0.0
2025-01-02,13.97591664458367,14.001205371831395,13.807328345153199,13.900052070617676,2552900,0.0,0.0
2025-01-03,13.815757211880387,13.841045937830298,13.487011813417018,13.503870964050293,4170400,0.0,0.0
2025-01-06,13.613452643606202,13.731465093868197,13.49544180112135,13.54601764678955,3461400,0.0,0.0
2025-01-07,13.579736372475505,13.63031221972056,13.343713072369924,13.411148071289062,3012000,0.0,0.0
2025-01-08,13.369000487381244,13.394289213930284,13.183554649353027,13.183554649353027,3096900,0.0,0.0
2025-01-09,13.23412987980358,13.335282369634394,13.116119043611898,13.149836540222168,2284400,0.0,0.0
2025-01-10,13.191984439662196,13.411148596679594,13.116120665822601,13.259419441223145,2935000,0.0,0.0
2025-01-13,13.27627744308428,13.32685409181652,13.048683729622041,13.09083080291748,3301700,0.0,0.0
2025-01-14,13.158266237256946,13.309995384622898,13.124548738274354,13.242560386657715,3630700,0.0,0.0
2025-01-15,13.335282673271742,13.605022652295746,13.259418103199103,13.503870964050293,4262000,0.0,0.0
2025-01-16,13.369001055022524,13.773611854212488,13.073973134420763,13.68931770324707,7254100,0.0,0.0
2025-01-17,13.815757364416186,14.07706937878572,13.773611095144771,14.060210227966309,4079500,0.0,0.0
2025-01-20,14.051781508436626,14.093927780275129,13.90005235737448,14.077070236206055,2506500,0.0,0.0
2025-01-21,14.110787127617396,14.15293500781704,13.89162297391094,14.043352127075195,4305900,0.0,0.0
2025-01-22,14.119216698533725,14.127646274570596,13.680888391279874,13.756752967834473,3208200,0.0,0.0
2025-01-23,13.77361094299542,13.849475513067624,13.613452227534424,13.680887222290039,3052800,0.0,0.0
2025-01-24,13.76518264155912,13.857906370845495,13.689318064466132,13.739893913269043,2082200,0.0,0.0
2025-01-27,13.68088797220023,13.933770422228218,13.647171276862808,13.891622543334961,3267100,0.0,0.0
2025-01-28,13.883192657624557,13.883192657624557,13.596593518657256,13.655600547790527,2776500,0.0,0.0
2025-01-29,13.748323489365735,13.832617642555418,13.647171791759913,13.739893913269043,1836200,0.0,0.0
2025-01-30,13.765182251964939,14.414245123044726,13.765182251964939,14.27094554901123,2478100,0.0,0.0
2025-01-31,14.270944936686616,14.321520781888024,14.001204951909603,14.034921646118164,3068100,0.0,0.0
2025-02-03,13.950628495400215,14.102357649619316,13.92534137488186,14.026493072509766,2006700,0.0,0.0
2025-02-04,13.950627674856824,14.077069701120546,13.87476310220945,13.94219970703125,1744200,0.0,0.0
2025-02-05,13.908482008573044,14.026492856581315,13.841047008600142,13.950628280639648,3377500,0.0,0.0
2025-02-06,14.127645807329017,14.262515803903938,14.093927504296696,14.186651229858398,3502400,0.0,0.0
2025-02-07,14.186650962286578,14.287804261698524,14.001205122438016,14.119215965270996,2983100,0.0,0.0
2025-02-10,14.169792572402926,14.20351087661091,14.060211299281455,14.152935028076172,3112000,0.0,0.0
2025-02-11,14.060210761026765,14.228797452281112,13.90848161345383,14.195080757141113,3009900,0.0,0.0
2025-02-12,14.093927513701338,14.161362512033797,13.992775820091241,14.009634971618652,3505800,0.0,0.0
2025-02-13,14.009635236598125,14.077070236206055,13.891622781451337,14.077070236206055,2648400,0.0,0.0
2025-02-14,14.144505126693957,14.355239699815145,14.136075550835846,14.27094554901123,2584500,0.0,0.0
2025-02-17,14.2456566037397,14.355239480443341,14.186651181411818,14.195080757141113,1594300,0.0,0.0
2025-02-18,14.287803986982434,14.397385252109368,14.22879695892334,14.22879695892334,1646700,0.0,0.0
2025-02-19,14.161362405921121,14.245656555149365,14.018062834566258,14.203510284423828,2730200,0.0,0.0
2025-02-20,14.43110324533171,14.776707791974907,14.372096218534141,14.574402809143066,5186200,0.0,0.0
2025-02-21,14.57440394472675,14.759849791494254,14.532256065158766,14.71770191192627,3855900,0.0,0.0
2025-02-24,14.65869676693964,14.85257380108315,14.54068591746056,14.608120918273926,2344700,0.0,0.0
2025-02-25,14.532255811687921,14.557544538987628,14.43110411804346,14.473250389099121,1794400,0.0,0.0
2025-02-26,14.565973699223093,14.61654954460252,14.405814979781582,14.431103706359863,1637800,0.0,0.0
2025-02-27,14.439532144659388,14.557544598093315,14.144505030517537,14.28780460357666,3836700,0.0,0.0
2025-02-28,14.152934642119064,14.245656760607968,13.96748718958687,13.992775917053223,2433500,0.0,0.0
2025-03-05,14.001205074554065,14.17822133819814,14.001205074554065,14.127645492553711,2347900,0.0,0.0
2025-03-06,14.127645710896127,14.313091552976527,14.060210713068965,14.203510284423828,4711700,0.0,0.0
2025-03-07,14.16136172465448,14.490108730051741,14.00120461738045,14.44796085357666,3340100,0.0,0.0
2025-03-10,14.203510236034719,14.304661928542268,14.026492362480763,14.211939811706543,4078800,0.0,0.0
2025-03-11,14.254085905168134,14.321520901927613,14.043351339322625,14.304661750793457,2167600,0.0,0.0
2025-03-12,14.296231409186793,14.296231409186793,13.992774743917934,14.093926429748535,1910900,0.0,0.0
2025-03-13,14.119216564700611,14.490109867921115,14.068640716736022,14.355239868164062,2056800,0.0,0.0
2025-03-14,14.490108665509617,14.852572362695355,14.41424409596948,14.751419067382812,3754000,0.0,0.0
2025-03-17,14.818854817297902,15.029589386148997,14.683984821855375,14.962154388427734,2752500,0.0,0.0
2025-03-18,15.046449907114305,15.054879483568904,14.827285742626668,15.004302024841309,1647300,0.0,0.0
2025-03-19,14.97058305782469,15.105453045102449,14.886288913831825,14.953723907470703,4479000,0.0,0.0
2025-03-20,14.869430615567031,15.054878064533773,14.759849347540726,14.97058391571045,4144800,0.0,0.0
2025-03-21,15.189748547769684,15.28247066745617,14.962154820964537,15.113883972167969,7533900,0.0,0.0
2025-03-24,15.341477418922734,15.417341993139583,15.156029967380578,15.223464965820312,3647200,0.0,0.0
2025-03-25,15.206606786183208,15.425769316115236,15.181318059909305,15.282469749450684,3823900,0.0,0.0
2025-03-26,15.215035820815277,15.501634974242714,15.206607852576733,15.375194549560547,3638300,0.0,0.0
2025-03-27,15.51006326745846,15.611216563504387,15.408911579189631,15.493204116821289,2742500,0.0,0.0
2025-03-28,15.510063636878392,15.5522115144752,15.316188223264481,15.366764068603516,2703100,0.0,0.0
2025-03-31,15.215035765842552,15.248754069783828,15.012730765526577,15.097024917602539,3400400,0.0,0.0
2025-04-01,15.15602906571104,15.510063188401576,15.097023646558798,15.215034484863281,7367700,0.0,0.0
2025-04-02,15.215036265204116,15.274043299037972,15.038019987034374,15.063308715820312,3779600,0.0,0.0
2025-04-03,14.785138800269785,14.861001769379735,14.582832190052448,14.608120918273926,6464000,0.0,0.0
2025-04-04,14.220370422604956,14.321522122476232,13.857906681215443,14.085498809814453,8751100,0.0,0.0
2025-04-07,13.790470657440542,14.338380213202878,13.756752354795642,13.92534065246582,5273500,0.0,0.0
2025-04-08,14.051781415815176,14.21194014174479,13.394289772027369,13.402718544006348,9151600,0.0,0.0
2025-04-09,13.377429426599234,14.220368448702374,13.284706511995497,14.093926429748535,10636100,0.0,0.0
2025-04-10,14.152934847329757,14.313091966940606,14.026492815941843,14.245656967163086,4973900,0.0,0.0
2025-04-11,14.279374969799585,14.582831658510152,14.169792092611374,14.473250389099121,4021500,0.0,0.0
2025-04-14,14.675555084252254,14.801995502612458,14.633408814057903,14.700843811035156,3564000,0.0,0.0
2025-04-15,14.683984541034135,14.726130810887469,14.355239134402154,14.431103706359863,3723400,0.0,0.0
2025-04-16,14.36367012048126,14.388957241765672,14.093928500488273,14.17822265625,4048000,0.0,0.0
2025-04-17,14.169792557055938,14.4648212874473,14.051781708010287,14.329951286315918,5176100,0.0,0.0
2025-04-22,14.38052588857238,14.667125018084056,14.287803775690671,14.557543754577637,5332600,0.0,0.0
2025-04-23,14.759849055925192,15.063307342582755,14.759849055925192,14.79356575012207,8383000,0.0,0.0
2025-04-24,14.869431093500838,15.164459819976708,14.810425669761106,15.113883972167969,5732300,0.0,0.0
2025-04-25,14.962153849840591,15.03801842051829,14.759848863959098,14.82728385925293,8773400,0.0,0.0
2025-04-28,14.684720963505633,14.782560348510742,14.577986934729164,14.782560348510742,8293900,0.919716,0.0
2025-04-29,14.800347566122495,14.853715427404035,14.6580366623313,14.702509880065918,4342400,0.0,0.0
2025-04-30,14.497936486819501,14.524620417488567,14.31115406157542,14.40009880065918,4921400,0.0,0.0
2025-05-02,14.489043482158745,14.604670454972236,14.36452016934446,14.435675621032715,3362500,0.0,0.0
2025-05-05,14.480148741454249,14.480148741454249,14.28446997826501,14.364520072937012,3016000,0.0,0.0
2025-05-06,14.391204060560497,14.462359512054205,14.27557539158336,14.328943252563477,2903200,0.0,0.0
2025-05-07,14.408992633501917,14.408992633501917,14.231103165343248,14.275574684143066,3479800,0.0,0.0
2025-05-08,14.355625610150152,14.373414897296659,14.222209349510948,14.30225944519043,2758600,0.0,0.0
2025-05-09,14.302258867514722,14.391203603174931,14.257787347924479,14.382308959960938,2744500,0.0,0.0
2025-05-12,14.72919221013741,14.871503114855276,14.675826044988163,14.773665428161621,5744500,0.0,0.0
2025-05-13,14.818136864944067,14.960447768847892,14.711404535256095,14.907081604003906,3673900,0.0,0.0
2025-05-14,14.960447711417077,15.093863971254775,14.853715382138834,14.942658424377441,2496900,0.0,0.0
2025-05-15,14.942658454707551,15.093864001891797,14.942658454707551,15.004920959472656,2857300,0.0,0.0
2025-05-16,14.960447902659185,15.147232026003486,14.898187093704355,15.084969520568848,3007000,0.0,0.0
2025-05-19,14.978236298169017,15.111652551769014,14.978236298169017,15.049391746520996,1902300,0.0,0.0
2025-05-20,14.987130941272978,15.049391746520996,14.92487013602496,15.049391746520996,2210300,0.0,0.0
2025-05-21,15.013813556054858,15.022708199385098,14.711404165225469,14.827031135559082,3755200,0.0,0.0
2025-05-22,14.791452209259532,14.818136138613474,14.320047999364537,14.34673023223877,8501000,0.0,0.0
2025-05-23,14.24889288209631,14.382309139007676,14.151053502004094,14.320048332214355,5155200,0.0,0.0
2025-05-26,14.302259251282045,14.302259251282045,14.07100361095219,14.159948348999023,3861000,0.0,0.0
2025-05-27,14.186631054432478,14.186631054432478,13.786381440328965,14.0798978805542,11558200,0.0,0.0
2025-05-28,14.053214522362312,14.12436997021307,13.902008983619488,14.071002960205078,4117900,0.0,0.0
2025-05-29,14.1065813846963,14.257787779188234,14.035425933311796,14.195526123046875,4014700,0.0,0.0
2025-05-30,14.195525677803404,14.266681975195977,13.875326156616211,13.875326156616211,3986200,0.0,0.0
2025-06-02,13.973165866501922,13.990954306171544,13.83974960013998,13.919798851013184,3439000,0.0,0.0
2025-06-03,13.91090505529834,14.02653288199066,13.83974960013998,13.919798851013184,2612800,0.0,0.0
2025-06-04,13.96427091557647,14.17773727635901,13.937587832538632,14.008743286132812,3330800,0.0,0.0
2025-06-05,14.026532296534262,14.231104009515901,13.999848365783691,13.999848365783691,2482700,0.0,0.0
2025-06-06,14.035426510119047,14.142159691582167,13.982060343507449,14.115476608276367,2712300,0.0,0.0
2025-06-09,14.053215797816195,14.159948979279315,13.946482616353077,14.115476608276367,2765400,0.0,0.0
2025-06-10,14.151053029618216,14.302258568131535,14.106580662719033,14.168842315673828,4171300,0.0,0.0
2025-06-11,14.20441993843249,14.20441993843249,13.982058953759271,14.097686767578125,3122000,0.0,0.0
2025-06-12,14.026532714510397,14.115476608276367,13.937587972504502,14.115476608276367,3810900,0.0,0.0
2025-06-13,13.964270216637784,14.035425666670497,13.857537041588717,13.884220123291016,4586900,0.0,0.0
2025-06-16,13.946482483082773,14.320049038753913,13.919798551792036,14.2133150100708,6132000,0.0,0.0
2025-06-17,14.204420630558806,14.266682286104169,13.679648545441523,13.786381721496582,7915900,0.0,0.0
2025-06-18,13.786381928892249,13.804171215955646,13.608493299457747,13.62628173828125,4624000,0.0,0.0
2025-06-20,13.626281163112202,13.688542816966118,13.35944865434347,13.40392017364502,6589100,0.0,0.0
2025-06-23,13.421710338288506,13.483971147976977,13.332765597385052,13.466182708740234,4823200,0.0,0.0
2025-06-24,13.519548644960626,13.599598740765508,13.439498549155743,13.492865562438965,3976200,0.0,0.0
2025-06-25,13.475076456747463,13.510654183335472,13.288293180100432,13.430604934692383,2969600,0.0,0.0
2025-06-26,13.510654331299277,13.830854722337996,13.492865891930414,13.741909980773926,3828800,0.0,0.0
2025-06-27,13.768592304927889,13.946481778249543,13.706331498209234,13.884220123291016,4598000,0.0,0.0
2025-06-30,13.87532670092574,14.008742961260838,13.786381961875744,13.96427059173584,3954300,0.0,0.0
2025-07-01,13.973165303524436,14.204420947591807,13.937587577378679,14.133265495300293,2701200,0.0,0.0
2025-07-02,14.213314246583533,14.675825518566212,14.204420451537612,14.658036231994629,5016600,0.0,0.0
2025-07-03,14.658035954763072,14.773664618811695,14.595775149419834,14.649141311645508,2589000,0.0,0.0
2025-07-04,14.595775701193014,14.675825795797564,14.50683096313465,14.66693115234375,1146000,0.0,0.0
2025-07-07,14.658036313219023,14.67582559988918,14.41788603261115,14.524620056152344,2066000,0.0,0.0
2025-07-08,14.462358851840204,14.711403768939045,14.462358851840204,14.54240894317627,1965000,0.0,0.0
2025-07-09,14.489042702684563,14.533514221417343,14.311153234794043,14.373414039611816,1927700,0.0,0.0
2025-07-10,14.497935869736178,15.102758033986621,14.45346435032706,14.720296859741211,6926600,0.0,0.0
2025-07-11,14.640246744890241,14.86260773455003,14.631353798206002,14.818136215209961,2067300,0.0,0.0
2025-07-14,14.827031399276596,14.827031399276596,14.542409593565576,14.631354331970215,1869400,0.0,0.0
2025-07-15,14.577986045116008,14.595775331573144,14.177736430468967,14.284469604492188,4711700,0.0,0.0
2025-07-16,14.328942642482518,14.444569610056844,14.222208621546462,14.34673023223877,2197900,0.0,0.0
2025-07-17,14.391203447828671,14.462358896292805,14.320047999364537,14.34673023223877,4742200,0.0,0.0
2025-07-18,14.231103966048018,14.435675678404808,14.222209322491663,14.40009880065918,2404000,0.0,0.0
2025-07-21,14.61356441351237,14.933764779340667,14.58688048420011,14.746980667114258,3725400,0.0,0.0
2025-07-22,14.880397468121599,15.289542583562286,14.827031304013603,15.067181587219238,5224300,0.0,0.0
2025-07-23,15.040497600287935,15.156126267979573,14.898186698882661,15.102758407592773,3214600,0.0,0.0
2025-07-24,15.022707895523226,15.049391824974213,14.880396998077394,14.915975570678711,2364500,0.0,0.0
2025-07-25,14.915975954761617,14.92487059814098,14.560198701985858,14.693614959716797,2648600,0.0,0.0
2025-07-28,14.471254071851002,14.604670330570068,14.355625403542644,14.462359428405762,3293700,0.0,0.0
2025-07-29,14.497936765320837,14.577986862385982,14.400099077281082,14.4089937210083,1938200,0.0,0.0
2025-07-30,14.355625821435572,14.408993683660558,14.03542628224486,14.142159461975098,4264500,0.0,0.0
2025-07-31,13.964270639689499,14.044320735461408,13.750804283124335,13.999848365783691,5034600,0.0,0.0
2025-08-01,14.177736947567954,14.28447012548401,13.90200978334478,13.96427059173584,6448700,0.0,0.0
2025-08-04,14.097687892492921,14.177737140841288,13.964270782099163,14.106581687927246,3637500,0.0,0.0
2025-08-05,14.115476111939694,14.239998576721431,14.00874293422959,14.06210994720459,3909100,0.0,0.0
2025-08-06,14.142158767150162,14.177736491978921,13.884220050081682,13.946481704711914,1912600,0.0,0.0
2025-08-07,13.955375873354342,14.088792981213956,13.937587434583662,14.026532173156738,2456100,0.0,0.0
2025-08-08,14.026532458415062,14.435675889100281,14.008743171042708,14.239998817443848,3967000,0.0,0.0
2025-08-11,14.320048789991477,14.489043625604092,14.231104050380637,14.266682624816895,1781500,0.0,0.0
2025-08-12,14.33783790883931,14.658036592606491,14.33783790883931,14.533514976501465,4857100,0.0,0.0
2025-08-13,14.435675524147705,14.59577571349171,14.293364621726319,14.364520072937012,6924400,0.0,0.0
2025-08-14,14.231103933185615,14.239998576721431,14.02653222130122,14.06210994720459,2363200,0.0,0.0
2025-08-15,14.097686889328997,14.159947694138449,13.973164431470247,14.071002960205078,2407100,0.0,0.0
2025-08-18,14.06210976747601,14.231103751297114,14.044320480631745,14.124370574951172,1933100,0.0,0.0
2025-08-19,14.142158408055835,14.186630775022522,13.955375145387633,14.071002960205078,2910100,0.0,0.0
2025-08-20,14.026532248366795,14.124370782729873,13.946482152869779,13.96427059173584,2402300,0.0,0.0
2025-08-21,13.937586933003661,14.133264841878518,13.937586933003661,14.044320106506348,3657700,0.0,0.0
2025-08-22,14.044320000386127,14.444569610056844,14.044320000386127,14.34673023223877,2110700,0.0,0.0
2025-08-25,14.506830595767195,14.560198455138604,14.23110344160051,14.284469604492188,2915600,0.0,0.0
2025-08-26,14.337837440370697,14.40899288960292,14.21331413185451,14.382308959960938,3394100,0.0,0.0
2025-08-27,14.320047856542379,14.489042681139104,14.320047856542379,14.471253395080566,3596900,0.0,0.0
2025-08-28,14.586880462149772,14.738086001731263,14.54240894317627,14.54240894317627,4422600,0.0,0.0
2025-08-29,14.61356501422357,14.631354301162997,14.524620276006209,14.569091796875,2173300,0.0,0.0
2025-09-01,14.533514674900529,14.622459411621094,14.444569938179963,14.622459411621094,2946600,0.0,0.0
2025-09-02,14.506831045987623,14.631354358572434,14.364520142873369,14.533514976501465,2727500,0.0,0.0
2025-09-03,14.515725689492237,14.746981331172847,14.47125416844895,14.533514976501465,1682700,0.0,0.0
2025-09-04,14.533514893496092,14.746981246948302,14.533514893496092,14.66693115234375,2370700,0.0,0.0
2025-09-05,14.7647705078125,14.880397479548579,14.720297290621877,14.7647705078125,1614400,0.0,0.0
2025-09-08,14.773665343654043,14.907081604003906,14.738086769438192,14.907081604003906,2747100,0.0,0.0
2025-09-09,14.960447671897143,15.245069477860309,14.791452838426594,14.835926055908203,3318700,0.0,0.0
2025-09-10,14.933765562039097,15.067181822633508,14.809242248535156,14.809242248535156,1600400,0.0,0.0
2025-09-11,14.79145253777465,15.004920584387841,14.76477030430781,14.924870491027832,3013300,0.0,0.0
2025-09-12,14.862608084998001,15.040497559512207,14.862608084998001,14.996026039123535,2093600,0.0,0.0
2025-09-15,15.084968744901337,15.147231247134444,14.96934177657072,15.02270793914795,2183200,0.0,0.0
2025-09-16,15.102758407592773,15.20059778848881,14.996026079778698,15.102758407592773,2273000,0.0,0.0
2025-09-17,15.093864136346356,15.271753615728839,15.00492109313492,15.182808876037598,2031200,0.0,0.0
2025-09-18,15.165019067256136,15.262858447199642,15.111652903868654,15.22728157043457,1885700,0.0,0.0
2025-09-19,15.22728141559544,15.325119098064333,15.147231323088334,15.191702842712402,4332400,0.0,0.0
2025-09-22,15.191703119678603,15.307330090697059,15.147231599243757,15.200597763061523,2753400,0.0,0.0
2025-09-23,15.271753711479045,15.29843764249766,15.120548161999853,15.2539644241333,1540700,0.0,0.0
2025-09-24,15.253963648777988,15.298436864881785,15.182808199491642,15.191702842712402,1353800,0.0,0.0
2025-09-25,15.20059786011928,15.387380282913975,15.20059786011928,15.271753311157227,2250500,0.0,0.0
2025-09-26,15.200597969958393,15.227281900470356,14.880397589733992,15.040497779846191,2180900,0.0,0.0
2025-09-29,15.12054741694744,15.191702866344475,15.049391967550406,15.093863487243652,1705500,0.0,0.0
2025-09-30,15.17391459738828,15.18280924121932,15.00492145403803,15.058287620544434,3183200,0.0,0.0
2025-10-01,15.093863917873138,15.334014202619539,15.093863917873138,15.138337135314941,2504900,0.0,0.0
2025-10-02,15.1472323675987,15.298437919818857,15.129443079930482,15.262859344482422,1297600,0.0,0.0
2025-10-03,15.262859344482422,15.37848801784599,15.182809246455289,15.262859344482422,1030900,0.0,0.0
2025-10-06,15.30733059850503,15.520798653817245,15.253964432916884,15.458536148071289,2906900,0.0,0.0
2025-10-07,15.387380686266749,15.449643191976852,15.209492902248757,15.2539644241333,1194300,0.0,0.0
2025-10-08,15.253964147295626,15.405169694030652,15.24506950378418,15.24506950378418,4231700,0.0,0.0
2025-10-09,15.387380309166511,15.58305907221454,15.173913955688477,15.173913955688477,2669400,0.0,0.0
2025-10-10,15.245069561110428,15.37848751780404,15.111653300896608,15.209492683410645,2199700,0.0,0.0
2025-10-13,15.405170164107567,15.467430974107751,15.316225422758803,15.396275520324707,1004200,0.0,0.0
2025-10-14,15.280648174089764,15.449643008912261,15.236174956252373,15.316225051879883,1023000,0.0,0.0
2025-10-15,15.218387734107015,15.49411490545633,15.218387734107015,15.396275520324707,2915900,0.0,0.0
2025-10-16,15.351802270793897,15.43185235935407,15.271752182233726,15.334012985229492,1554600,0.0,0.0
2025-10-17,15.298436785510571,15.37848687760236,15.245068926462897,15.325119018554688,957700,0.0,0.0
2025-10-20,15.325119287651718,15.769841275312974,15.325119287651718,15.636425018310547,2724000,0.0,0.0
2025-10-21,15.636425877967744,15.70758133204633,15.547481136249552,15.56527042388916,1061700,0.0,0.0
2025-10-22,15.698686476005806,15.832102738539602,15.618636379189564,15.725370407104492,1273100,0.0,0.0
2025-10-23,15.787630561974563,15.840996725479584,15.636425018310547,15.636425018310547,1046400,0.0,0.0
2025-10-24,15.680896759033203,15.805420070935979,15.64531988168939,15.680896759033203,1306300,0.0,0.0
2025-10-27,15.760947104059442,15.876575774343378,15.698686295358769,15.787631034851074,1970800,0.0,0.0
2025-10-28,15.769841445330195,15.974413154704754,15.752052158476817,15.876575469970703,2317300,0.0,0.0
2025-10-29,15.974412991237047,16.267931131874903,15.974412991237047,16.143407821655273,3581800,0.0,0.0
2025-10-30,16.10783137405202,16.267931565401106,16.027781278377475,16.187881469726562,1655000,0.0,0.0
2025-10-31,16.276823555228063,16.552552400326462,16.25014132255897,16.490291595458984,6156100,0.0,0.0
2025-11-03,16.588130408044066,16.935014724731445,16.472503433468148,16.935014724731445,16227400,0.0,0.0
2025-11-04,16.80159568786621,16.908329708414094,16.685968720712403,16.80159568786621,4432700,0.0,0.0
2025-11-05,16.80159519652558,17.192950998450183,16.748229036052113,17.050640106201172,10164700,0.0,0.0
2025-11-06,17.050641336757156,17.121796788016997,16.98838052896477,17.05953598022461,4464600,0.0,0.0
2025-11-07,16.970590750116077,16.988380036535336,16.703758239746094,16.703758239746094,2908200,0.0,0.0
2025-11-10,16.828280849363523,17.02395792213665,16.774914683421727,16.81049156188965,8893500,0.0,0.0
2025-11-11,16.899434942929247,17.006168962704074,16.79270092315442,16.828279495239258,3954500,0.0,0.0
2025-11-12,16.863855999824562,17.068429391852213,16.792700553700058,17.050640106201172,4414900,0.0,0.0
2025-11-13,17.119945103103255,17.157100871570922,16.850558251694277,16.952739715576172,3702400,0.814606,0.0
2025-11-14,16.701931634285543,17.027053024280537,16.618328940522,16.952739715576172,3304000,0.0,0.0
2025-11-17,16.952738738540326,17.17567865180475,16.934159969492722,17.054920196533203,6593400,0.0,0.0
2025-11-18,16.952739312854273,17.147811079155808,16.85984723623826,17.073497772216797,2283900,0.0,0.0
2025-11-19,17.017764239058113,17.138524477314878,16.943450927734375,16.943450927734375,1634800,0.0,0.0
2025-11-21,16.906294082897883,16.999184387318905,16.77624446752428,16.989896774291992,7236900,0.0,0.0
2025-11-24,16.9713182937154,17.23141398535397,16.93416075389902,17.157100677490234,2630100,0.0,0.0
2025-11-25,17.184968661627966,17.389329813280757,17.10136596964069,17.333595275878906,2720100,0.0,0.0
2025-11-26,17.380040868196513,17.798054338710145,17.380040868196513,17.78876495361328,3418300,0.0,0.0
2025-11-27,17.788764741445434,17.82592228138971,17.649427510192456,17.705162048339844,2100700,0.0,0.0
2025-11-28,17.835211914925477,18.169620920239108,17.751609220654807,18.04886245727539,3515900,0.0,0.0
2025-12-01,18.123174863860413,18.355404164875893,17.983837637604918,18.234643936157227,3102200,0.0,0.0
2025-12-02,18.3461149255432,18.57834422839818,18.132464392141177,18.55047607421875,3561900,0.0,0.0
2025-12-03,18.578344485164973,18.996357944788784,18.504031178095072,18.894176483154297,4799700,0.0,0.0
2025-12-04,18.92204416955189,19.312189464958184,18.90346540030184,19.247163772583008,4363900,0.0,0.0
2025-12-05,19.228586692470763,19.42365845345115,18.569054561079806,18.6991024017334,4447000,0.0,0.0
2025-12-08,18.75484004359752,19.04280389914783,18.569055882215277,18.680526733398438,4571100,0.0,0.0
2025-12-09,18.531899596575133,18.987068830331527,18.383272980318722,18.77341651916504,4075800,0.0,0.0
2025-12-10,18.810573719163063,19.163561483450483,18.77341617988597,19.126405715942383,3503000,0.0,0.0
2025-12-11,19.033514061095637,19.386503604970482,18.940621982614413,19.293611526489258,4051700,0.0,0.0
2025-12-12,19.03351366389684,19.460816507285738,18.940621587354126,19.414369583129883,4684400,0.0,0.0
2025-12-15,19.516550901784587,20.18537065881706,19.516550901784587,19.878828048706055,24007700,0.0,0.0
2025-12-16,19.88811683654785,20.12963551783622,19.637308770775057,19.88811683654785,10175500,0.0,0.0
2025-12-17,19.888118182428627,20.241107729648935,19.823094258406215,20.15750503540039,5491200,0.0,0.0
2025-12-18,20.260000228881836,20.5,20.049999237060547,20.270000457763672,5274600,1.542496,0.0
2025-12-19,20.299999237060547,20.520000457763672,20.219999313354492,20.219999313354492,6157600,0.0,0.0
2025-12-22,20.25,20.829999923706055,20.239999771118164,20.59000015258789,9101300,0.0,0.0
2025-12-23,20.59000015258789,20.850000381469727,20.299999237060547,20.299999237060547,9048200,0.0,0.0
2025-12-26,20.299999237060547,20.489999771118164,20.25,20.489999771118164,2029300,0.0,0.0
2025-12-29,20.59000015258789,20.610000610351562,19.959999084472656,20.0,2676200,0.0,0.0
2025-12-30,20.110000610351562,20.219999313354492,19.889999389648438,19.899999618530273,2983900,0.0,0.0
2026-01-02,19.899999618530273,20.079999923706055,19.860000610351562,20.079999923706055,2851300,0.0,0.0
2026-01-05,20.09000015258789,20.3799991607666,20.0,20.3700008392334,3554900,0.0,0.0
2026-01-06,20.5,21.149999618530273,20.280000686645508,21.149999618530273,3719100,0.0,0.0
2026-01-07,21.1299991607666,21.440000534057617,21.040000915527344,21.3700008392334,4599300,0.0,0.0
2026-01-08,21.190000534057617,21.190000534057617,20.84000015258789,21.15999984741211,2905300,0.0,0.0
2026-01-09,21.049999237060547,21.25,20.700000762939453,21.020000457763672,3394000,0.0,0.0
2026-01-12,21.100000381469727,21.229999542236328,20.989999771118164,21.139999389648438,2063800,0.0,0.0
2026-01-13,21.010000228881836,21.43000030517578,20.989999771118164,21.31999969482422,2340700,0.0,0.0
2026-01-14,21.450000762939453,22.350000381469727,21.270000457763672,22.239999771118164,3598000,0.0,0.0
2026-01-15,22.200000762939453,22.469999313354492,22.139999389648438,22.209999084472656,3163400,0.0,0.0
2026-01-16,22.260000228881836,22.290000915527344,21.899999618530273,22.190000534057617,1864700,0.0,0.0
2026-01-19,22.149999618530273,22.350000381469727,22.049999237060547,22.110000610351562,1916100,0.0,0.0
2026-01-20,21.950000762939453,22.5,21.719999313354492,22.399999618530273,2075300,0.0,0.0
2026-01-21,22.549999237060547,23.290000915527344,22.540000915527344,23.110000610351562,3111100,0.0,0.0
2026-01-22,23.110000610351562,23.780000686645508,23.09000015258789,23.3799991607666,4069000,0.0,0.0
2026-01-23,23.5,24.190000534057617,23.5,23.979999542236328,2971100,0.0,0.0
2026-01-26,24.09000015258789,24.260000228881836,23.3700008392334,23.559999465942383,6524300,0.0,0.0
2026-01-27,23.690000534057617,24.479999542236328,23.649999618530273,24.209999084472656,4852600,0.0,0.0
2026-01-28,24.219999313354492,24.899999618530273,24.040000915527344,24.809999465942383,3551200,0.0,0.0
2026-01-29,24.969999313354492,25.459999084472656,24.610000610351562,24.610000610351562,6171800,0.0,0.0
2026-01-30,24.100000381469727,24.670000076293945,23.690000534057617,23.809999465942383,3383800,0.0,0.0
2026-02-02,23.799999237060547,24.200000762939453,23.670000076293945,24.020000457763672,2590700,0.0,0.0
2026-02-03,24.31999969482422,25.200000762939453,24.270000457763672,25.18000030517578,3439400,0.0,0.0
2026-02-04,25.020000457763672,25.399999618530273,24.739999771118164,25.290000915527344,4704100,0.0,0.0
2026-02-05,25.049999237060547,25.1299991607666,24.459999084472656,24.459999084472656,3595100,0.0,0.0
2026-02-06,24.399999618530273,24.729999542236328,24.09000015258789,24.229999542236328,2888100,0.0,0.0
2026-02-09,24.420000076293945,24.709999084472656,24.010000228881836,24.579999923706055,9606800,0.0,0.0
2026-02-10,24.399999618530273,24.540000915527344,24.239999771118164,24.299999237060547,2071900,0.0,0.0
2026-02-11,24.59000015258789,25.020000457763672,24.59000015258789,24.899999618530273,2057500,0.0,0.0
2026-02-12,24.8700008392334,25.200000762939453,24.530000686645508,24.649999618530273,2595500,0.0,0.0
2026-02-13,24.1299991607666,24.190000534057617,23.59000015258789,23.889999389648438,2681900,0.0,0.0
2026-02-18,23.600000381469727,23.68000030517578,23.06999969482422,23.3700008392334,2941800,0.0,0.0
2026-02-19,23.18000030517578,23.290000915527344,22.6200008392334,23.290000915527344,4319200,0.0,0.0
2026-02-20,23.100000381469727,23.760000228881836,22.8799991607666,23.760000228881836,4415300,0.0,0.0
2026-02-23,23.700000762939453,24.299999237060547,23.600000381469727,24.270000457763672,3413900,0.0,0.0
2026-02-24,24.31999969482422,24.6200008392334,24.15999984741211,24.479999542236328,2376700,0.0,0.0
2026-02-25,24.75,25.360000610351562,24.690000534057617,25.280000686645508,4604000,0.0,0.0
2026-02-26,25.079999923706055,25.15999984741211,24.6200008392334,24.93000030517578,2477900,0.0,0.0
2026-02-27,24.790000915527344,25.100000381469727,24.65999984741211,24.829999923706055,2464300,0.0,0.0
2026-03-02,24.5,24.959999084472656,24.329999923706055,24.829999923706055,2530500,0.0,0.0
2026-03-03,24.020000457763672,24.040000915527344,23.149999618530273,23.3799991607666,5295500,0.0,0.0
2026-03-04,23.65999984741211,23.780000686645508,23.049999237060547,23.56999969482422,2516600,0.0,0.0
2026-03-05,23.5,23.5,22.940000534057617,23.030000686645508,6930200,0.0,0.0
2026-03-06,23.0,23.020000457763672,22.190000534057617,22.420000076293945,3417100,0.0,0.0
2026-03-09,22.209999084472656,22.920000076293945,21.8700008392334,22.700000762939453,3912200,0.0,0.0
2026-03-10,23.030000686645508,23.15999984741211,22.760000228881836,22.790000915527344,2846400,0.0,0.0
2026-03-11,22.639999389648438,23.100000381469727,22.399999618530273,22.649999618530273,2285600,0.0,0.0
2026-03-12,22.600000381469727,22.600000381469727,22.100000381469727,22.549999237060547,3206300,0.0,0.0
2026-03-13,22.549999237060547,22.700000762939453,21.989999771118164,22.100000381469727,1928400,0.0,0.0
2026-03-16,22.489999771118164,22.709999084472656,22.389999389648438,22.450000762939453,1865200,0.0,0.0
2026-03-17,22.549999237060547,22.739999771118164,22.3700008392334,22.459999084472656,992300,0.0,0.0
2026-03-18,22.31999969482422,22.360000610351562,21.899999618530273,22.0,2579800,0.0,0.0
2026-03-19,21.68000030517578,21.860000610351562,21.18000030517578,21.790000915527344,3412600,0.0,0.0
2026-03-20,21.670000076293945,21.690000534057617,21.200000762939453,21.360000610351562,3461400,0.0,0.0
2026-03-23,21.719999313354492,22.260000228881836,21.600000381469727,22.020000457763672,1669000,0.0,0.0
2026-03-24,21.850000381469727,22.239999771118164,21.719999313354492,22.239999771118164,1148100,0.0,0.0
2026-03-25,22.579999923706055,22.780000686645508,22.389999389648438,22.479999542236328,1384200,0.0,0.0
2026-03-26,22.31999969482422,22.440000534057617,22.06999969482422,22.260000228881836,1317000,0.0,0.0
2026-03-27,22.15999984741211,22.5,21.899999618530273,22.149999618530273,2135800,0.0,0.0
2026-03-30,22.40999984741211,22.639999389648438,22.190000534057617,22.350000381469727,1671200,0.0,0.0
2026-03-31,22.739999771118164,23.309999465942383,22.600000381469727,23.059999465942383,2638800,0.0,0.0
2026-04-01,23.190000534057617,23.6299991607666,23.190000534057617,23.25,2129800,0.0,0.0
2026-04-02,22.760000228881836,23.520000457763672,22.719999313354492,23.3799991607666,2258400,0.0,0.0
2026-04-06,23.510000228881836,23.530000686645508,23.260000228881836,23.459999084472656,1511300,0.0,0.0
2026-04-07,23.3799991607666,23.639999389648438,23.200000762939453,23.639999389648438,2189300,0.0,0.0
2026-04-08,24.40999984741211,24.559999465942383,24.139999389648438,24.280000686645508,4769500,0.0,0.0
2026-04-09,24.139999389648438,24.440000534057617,24.0,24.329999923706055,2383400,0.0,0.0
2026-04-10,24.479999542236328,24.780000686645508,24.389999389648438,24.579999923706055,2956200,0.0,0.0
2026-04-13,24.5,24.8799991607666,24.43000030517578,24.8799991607666,2339500,0.0,0.0
2026-04-14,24.899999618530273,25.399999618530273,24.860000610351562,25.399999618530273,2694600,0.0,0.0
2026-04-15,25.399999618530273,25.489999771118164,25.1299991607666,25.299999237060547,1677400,0.0,0.0
2026-04-16,25.40999984741211,25.6299991607666,25.020000457763672,25.049999237060547,1532700,0.0,0.0
2026-04-17,25.280000686645508,25.549999237060547,25.270000457763672,25.489999771118164,2429500,0.0,0.0
2026-04-20,25.280000686645508,25.489999771118164,24.940000534057617,25.18000030517578,1748500,0.0,0.0
2026-04-22,24.850000381469727,25.049999237060547,24.510000228881836,24.579999923706055,3190400,0.0,0.0
2026-04-23,24.59000015258789,24.600000381469727,24.010000228881836,24.059999465942383,1961300,0.0,0.0
2026-04-24,24.06999969482422,24.239999771118164,23.84000015258789,23.950000762939453,2314100,0.0,0.0
2026-04-27,23.950000762939453,24.18000030517578,23.729999542236328,23.850000381469727,1154400,0.0,0.0
2026-04-28,23.690000534057617,23.799999237060547,23.489999771118164,23.709999084472656,1099000,0.0,0.0
2026-04-29,23.399999618530273,23.450000762939453,22.510000228881836,22.610000610351562,3225000,0.0,0.0
2026-04-30,22.850000381469727,23.170000076293945,22.75,22.940000534057617,1764000,0.0,0.0
2026-05-04,22.81999969482422,22.940000534057617,22.270000457763672,22.530000686645508,2279200,0.0,0.0
2026-05-05,22.690000534057617,22.719999313354492,22.239999771118164,22.34000015258789,1761700,0.0,0.0
2026-05-06,22.940000534057617,23.229999542236328,22.809999465942383,22.8799991607666,2310800,0.0,0.0
2026-05-07,22.809999465942383,23.020000457763672,22.459999084472656,22.709999084472656,1877300,0.0,0.0
2026-05-08,22.969999313354492,23.239999771118164,22.829999923706055,23.010000228881836,4040400,0.0,0.0
2026-05-11,23.010000228881836,23.579999923706055,22.90999984741211,23.450000762939453,1805200,0.0,0.0
2026-05-12,23.360000610351562,23.489999771118164,22.860000610351562,23.31999969482422,2066800,0.0,0.0
2026-05-13,23.1200008392334,23.729999542236328,23.09000015258789,23.25,2787100,0.0,0.0
2026-05-14,23.600000381469727,23.65999984741211,22.770000457763672,22.850000381469727,4280600,0.0,0.0
2026-05-15,22.1200008392334,23.049999237060547,21.899999618530273,22.989999771118164,2898600,0.0,0.0
2026-05-18,22.93000030517578,23.020000457763672,22.440000534057617,22.65999984741211,1246900,0.0,0.0
2026-05-19,22.34000015258789,22.530000686645508,22.18000030517578,22.399999618530273,1210800,0.0,0.0
2026-05-20,22.520000457763672,23.110000610351562,22.479999542236328,23.030000686645508,2045100,0.0,0.0
2026-05-21,22.889999389648438,23.25,22.68000030517578,23.079999923706055,1150500,0.0,0.0
2026-05-22,22.899999618530273,23.239999771118164,22.850000381469727,23.170000076293945,831600,0.0,0.0
2026-05-25,23.170000076293945,23.34000015258789,22.8700008392334,23.190000534057617,1016800,0.0,0.0
2026-05-26,23.200000762939453,23.3799991607666,22.940000534057617,23.079999923706055,827700,0.0,0.0
2026-05-27,23.200000762939453,23.3700008392334,22.940000534057617,23.290000915527344,1465200,0.0,0.0
2026-05-28,23.290000915527344,23.68000030517578,23.100000381469727,23.350000381469727,1189900,0.0,0.0
2026-05-29,23.360000610351562,23.5,23.010000228881836,23.25,2759700,0.0,0.0
2026-06-01,23.09000015258789,23.09000015258789,22.40999984741211,22.8700008392334,4015100,0.0,0.0
2026-06-02,22.920000076293945,23.760000228881836,22.920000076293945,23.610000610351562,1759000,0.0,0.0
2026-06-03,23.15999984741211,23.280000686645508,22.600000381469727,22.780000686645508,2011000,0.0,0.0
2026-06-05,22.59000015258789,22.59000015258789,21.719999313354492,21.8799991607666,1693300,0.0,0.0
2026-06-08,21.950000762939453,21.969999313354492,21.489999771118164,21.59000015258789,3153500,0.0,0.0
2026-06-09,21.760000228881836,21.8700008392334,21.34000015258789,21.84000015258789,1772400,0.0,0.0
2026-06-10,21.719999313354492,21.81999969482422,21.559999465942383,21.690000534057617,1446000,0.0,0.0
2026-06-11,21.75,22.260000228881836,21.59000015258789,22.020000457763672,2540800,0.0,0.0
2026-06-12,21.979999542236328,22.600000381469727,21.950000762939453,22.420000076293945,3604400,0.0,0.0
2026-06-15,22.75,23.469999313354492,22.690000534057617,23.030000686645508,3070900,0.0,0.0
2026-06-16,22.950000762939453,23.229999542236328,22.8700008392334,22.979999542236328,1121200,0.0,0.0
2026-06-17,22.790000915527344,23.239999771118164,22.450000762939453,22.559999465942383,2211800,0.0,0.0
2026-06-18,22.5,22.81999969482422,22.31999969482422,22.649999618530273,1689900,0.0,0.0
2026-06-19,22.639999389648438,23.030000686645508,22.600000381469727,22.68000030517578,1192400,0.0,0.0
2026-06-22,22.729999542236328,23.0,22.700000762939453,22.739999771118164,1038800,0.0,0.0
2026-06-23,22.420000076293945,22.760000228881836,22.239999771118164,22.6200008392334,1894100,0.0,0.0
2026-06-24,22.3799991607666,22.450000762939453,21.940000534057617,22.110000610351562,2029000,0.0,0.0
2026-06-25,22.290000915527344,22.549999237060547,22.100000381469727,22.309999465942383,1437100,0.0,0.0
2026-06-26,22.270000457763672,22.40999984741211,22.100000381469727,22.209999084472656,1148200,0.0,0.0
2026-06-29,22.09000015258789,22.329999923706055,21.8799991607666,22.25,1419900,0.0,0.0
2026-06-30,22.049999237060547,22.229999542236328,21.940000534057617,22.079999923706055,1195500,0.0,0.0
2026-07-01,21.860000610351562,22.399999618530273,21.790000915527344,22.290000915527344,2271100,0.0,0.0
2026-07-02,22.40999984741211,22.760000228881836,22.260000228881836,22.3700008392334,1095700,0.0,0.0
2026-07-03,22.3799991607666,22.549999237060547,22.350000381469727,22.43000030517578,876500,0.0,0.0
2026-07-06,22.290000915527344,22.520000457763672,22.149999618530273,22.239999771118164,1010000,0.0,0.0
2026-07-07,22.239999771118164,22.260000228881836,21.68000030517578,21.790000915527344,1635500,0.0,0.0
2026-07-08,21.5,21.549999237060547,20.770000457763672,20.93000030517578,3462700,0.0,0.0
2026-07-09,21.030000686645508,21.219999313354492,20.81999969482422,21.219999313354492,2299300,0.0,0.0
2026-07-10,21.5,21.84000015258789,21.260000228881836,21.700000762939453,3739700,0.0,0.0
2026-07-13,21.700000762939453,21.719999313354492,21.139999389648438,21.290000915527344,1532200,0.0,0.0
2026-07-14,21.450000762939453,21.739999771118164,21.34000015258789,21.559999465942383,1701200,0.0,0.0
2026-07-15,21.6200008392334,21.979999542236328,21.5,21.770000457763672,2064200,0.0,0.0
2026-07-16,21.6200008392334,21.700000762939453,21.040000915527344,21.309999465942383,2445600,0.0,0.0
2026-07-17,21.239999771118164,21.299999237060547,21.040000915527344,21.190000534057617,1054200,0.0,0.0
2026-07-20,21.209999084472656,21.34000015258789,20.690000534057617,20.809999465942383,1561000,0.0,0.0
2026-07-21,20.850000381469727,21.020000457763672,20.610000610351562,20.799999237060547,1787900,0.0,0.0
2026-07-22,21.100000381469727,21.700000762939453,21.030000686645508,21.639999389648438,1679700,0.0,0.0
2026-07-23,21.549999237060547,22.200000762939453,21.450000762939453,21.850000381469727,2110100,0.0,0.0
2026-07-24,21.719999313354492,21.719999313354492,21.540000915527344,21.600000381469727,1028300,0.0,0.0
2026-07-27,21.549999237060547,21.770000457763672,21.31999969482422,21.75,880200,0.0,0.0
2026-07-28,21.8799991607666,22.059999465942383,21.510000228881836,21.760000228881836,1206100,0.0,0.0
2026-07-29,21.81999969482422,22.219999313354492,21.549999237060547,21.65999984741211,956400,0.0,0.0
2026-07-30,21.829999923706055,22.100000381469727,21.6299991607666,21.729999542236328,1445700,0.0,0.0
2026-07-31,21.739999771118164,22.09000015258789,21.649999618530273,22.0,1656100,0.0,0.0
2026-08-03,21.969999313354492,21.969999313354492,21.360000610351562,21.5,2671000,0.0,0.0
2026-08-04,21.850000381469727,22.15999984741211,21.799999237060547,21.8700008392334,1765600,0.0,0.0
2026-08-05,22.0,22.059999465942383,21.670000076293945,22.0,1229600,0.0,0.0
2026-08-06,21.8700008392334,21.979999542236328,21.600000381469727,21.65999984741211,1214800,0.0,0.0
2026-08-07,21.65999984741211,21.860000610351562,21.15999984741211,21.350000381469727,2940100,0.0,0.0
2026-08-11,21.649999618530273,21.770000457763672,20.899999618530273,21.049999237060547,1457400,0.0,0.0
2026-08-12,21.049999237060547,21.260000228881836,21.010000228881836,21.100000381469727,1703500,0.0,0.0
2026-08-13,20.809999465942383,20.989999771118164,20.200000762939453,20.420000076293945,3109400,0.0,0.0
2026-08-14,20.25,20.43000030517578,20.09000015258789,20.260000228881836,1948700,0.0,0.0
2026-08-17,20.170000076293945,20.31999969482422,20.059999465942383,20.190000534057617,1632100,0.0,0.0
2026-08-18,20.139999389648438,20.440000534057617,20.0,20.25,1075500,0.0,0.0
2026-08-19,20.600000381469727,20.84000015258789,20.1200008392334,20.209999084472656,1944300,0.0,0.0
2026-08-20,20.020000457763672,20.579999923706055,19.979999542236328,20.420000076293945,2472900,0.0,0.0
2026-08-21,20.6200008392334,21.09000015258789,20.579999923706055,21.030000686645508,1424300,0.0,0.0
2026-08-24,20.780000686645508,21.780000686645508,20.780000686645508,21.489999771118164,1508200,0.0,0.0
2026-08-25,21.399999618530273,21.959999084472656,21.399999618530273,21.889999389648438,1214600,0.0,0.0
2026-08-26,21.950000762939453,22.219999313354492,21.829999923706055,21.950000762939453,1133500,0.0,0.0
2026-08-27,21.829999923706055,22.3799991607666,21.790000915527344,22.350000381469727,1381300,0.0,0.0
2026-08-28,22.329999923706055,22.350000381469727,21.799999237060547,22.219999313354492,2437200,0.0,0.0
2026-08-31,22.34000015258789,22.520000457763672,22.0,22.0,2264600,0.0,0.0
2026-09-01,22.040000915527344,22.520000457763672,21.93000030517578,22.309999465942383,1865000,0.0,0.0
2026-09-02,22.399999618530273,23.280000686645508,22.229999542236328,22.979999542236328,3434200,0.0,0.0
2026-09-03,23.239999771118164,23.420000076293945,22.399999618530273,22.540000915527344,2472300,0.0,0.0
2026-09-04,22.540000915527344,22.860000610351562,22.309999465942383,22.479999542236328,1328100,0.0,0.0
2026-09-08,22.75,23.229999542236328,22.75,22.899999618530273,1770900,0.0,0.0
2026-09-09,22.68000030517578,23.049999237060547,22.540000915527344,22.56999969482422,2330400,0.0,0.0
2026-09-10,22.239999771118164,22.59000015258789,22.139999389648438,22.3799991607666,2726600,0.0,0.0
2026-09-11,22.469999313354492,22.610000610351562,22.260000228881836,22.540000915527344,1582700,0.0,0.0
2026-09-14,22.0,22.149999618530273,21.639999389648438,21.639999389648438,1983400,0.0,0.0
2026-09-15,21.799999237060547,21.799999237060547,21.360000610351562,21.479999542236328,1004500,0.0,0.0
2026-09-16,21.479999542236328,21.610000610351562,20.829999923706055,20.850000381469727,3739600,0.0,0.0
2026-09-17,21.049999237060547,21.360000610351562,20.809999465942383,21.360000610351562,3324400,0.0,0.0
2026-09-18,21.1200008392334,21.280000686645508,21.0,21.200000762939453,1847000,0.0,0.0
2026-09-21,21.350000381469727,21.350000381469727,20.860000610351562,20.90999984741211,1387800,0.0,0.0
2026-09-22,20.850000381469727,21.31999969482422,20.719999313354492,21.31999969482422,3330000,0.0,0.0
2026-09-23,21.139999389648438,21.149999618530273,20.56999969482422,20.56999969482422,3737300,0.0,0.0
2026-09-24,20.6200008392334,20.6299991607666,20.299999237060547,20.350000381469727,1660000,0.0,0.0
2026-09-25,20.3799991607666,20.489999771118164,20.1299991607666,20.239999771118164,2431700,0.0,0.0
2026-09-28,20.149999618530273,20.639999389648438,20.020000457763672,20.579999923706055,1893500,0.0,0.0
