Date,Open,High,Low,Close,Volume,Dividends,Stock splits
2021-07-14,13.20593266497599,13.346014446584599,12.893931505156727,13.053115844726562,300600,0.0,0.0
2021-07-15,13.18046214904201,13.524299647858074,13.034011652001116,13.307808876037598,280700,0.0,0.0
2021-07-16,13.371483807251408,13.626178494017328,13.135890462942893,13.244135856628418,231700,0.0,0.0
2021-07-19,13.072218228672805,13.409688246801235,12.989441693089523,13.17409610748291,323100,0.0,0.0
2021-07-20,13.046749044722908,13.817201922248572,12.989442582159834,13.728057861328125,530600,0.0,0.0
2021-07-21,13.759893383289945,14.135568485855437,13.435157215929264,13.785362243652344,389800,0.0,0.0
2021-07-22,13.753526601012716,14.816877993020386,13.568872191957933,14.740468978881836,683000,0.0,0.0
2021-07-23,14.785037680573364,15.822920020113235,14.466669073385894,15.396306037902832,709000,0.0,0.0
2021-07-26,15.472715387070178,16.440556342197656,15.396307593732732,15.727411270141602,639000,0.0,0.0
2021-07-27,15.682837858828478,16.42782048637818,15.007896717080516,15.389939308166504,673200,0.0,0.0
2021-07-28,15.918433772307065,16.02031165129142,14.78504085050596,14.848714828491211,604100,0.0,0.0
2021-07-29,14.995163539556136,15.294430860004427,14.377528770629356,14.64495849609375,662500,0.0,0.0
2021-07-30,14.574915530742674,16.020309406183962,14.390262356391114,15.249857902526855,1536700,0.0,0.0
2021-08-02,15.453615228991097,16.255904407331506,15.077940108629791,15.300798416137695,1273900,0.0,0.0
2021-08-03,15.453614397058326,15.682838996758273,14.71499923412293,15.268959999084473,622200,0.0,0.0
2021-08-04,15.186186644076502,16.695253543455983,15.14161522212152,16.63794708251953,778000,0.0,0.0
2021-08-05,16.86717060182364,18.44627878350631,16.68251741995978,17.18553924560547,1126500,0.0,0.0
2021-08-06,17.573947287543938,18.083336571162086,16.988149004143146,17.37019157409668,567500,0.0,0.0
2021-08-09,17.242844517583794,18.395338589078715,17.15370169206438,18.045133590698242,584300,0.0,0.0
2021-08-10,18.083340896959427,18.79011975972123,17.077295910293156,17.255582809448242,1144400,0.0,0.0
2021-08-11,17.0645558052231,17.325617949830246,16.109450042666293,16.440553665161133,774900,0.0,0.0
2021-08-12,16.345043635055177,17.593047938333658,15.854755709704431,17.064556121826172,724100,0.0,0.0
2021-08-13,16.98815401647395,17.357461659680766,16.542437350940112,17.191909790039062,416800,0.0,0.0
2021-08-16,17.090030993154507,17.128234895043423,15.40904473628034,15.918434143066406,825600,0.0,0.0
2021-08-17,15.542757393030062,16.453291926182157,14.326589247408457,16.109453201293945,1276900,0.0,0.0
2021-08-18,15.994839979999204,16.42782028240882,15.389939117083571,15.816553115844727,564500,0.0,0.0
2021-08-19,15.281696437560406,16.077618127016677,14.9951641435641,15.44088077545166,578200,0.0,0.0
2021-08-20,15.377206466581075,16.2176995582481,15.224389651230714,15.491819381713867,491200,0.0,0.0
2021-08-23,15.542756451672942,15.982105502038413,15.122509956359863,15.122509956359863,496100,0.0,0.0
2021-08-24,15.409045982263581,15.651005666431908,15.128881178636904,15.364473342895508,443700,0.0,0.0
2021-08-25,15.154344870536125,15.587326360747985,15.154344870536125,15.472713470458984,269300,0.0,0.0
2021-08-26,15.34536577037909,15.574590321706882,14.517606735229494,14.517606735229492,692200,0.0,0.0
2021-08-27,14.861449241638184,15.027001091641633,14.402998805499445,14.861449241638184,582900,0.0,0.0
2021-08-30,14.657693373719207,15.975739429630247,14.657693373719207,15.510921478271484,1737800,0.0,0.0
2021-08-31,15.791082918551757,16.478759082742368,14.963325000083762,15.224387168884277,1313600,0.0,0.0
2021-09-01,15.332635991641663,15.714678660789048,14.96332836151123,14.96332836151123,584300,0.0,0.0
2021-09-02,14.937854513025846,15.077937477893755,14.13556668914536,14.224709510803223,1022200,0.0,0.0
2021-09-03,14.422098032944941,14.581282340625306,13.766259462568971,14.453935623168945,657600,0.0,0.0
2021-09-06,14.644958701544146,15.2180220600129,14.396631529586372,15.052470207214355,554500,0.0,0.0
2021-09-08,14.944226007207702,15.218023277412934,13.72169017791748,13.72169017791748,833900,0.0,0.0
2021-09-09,13.721686387824773,14.549445489399071,13.301439926440839,14.129199028015137,937900,0.0,0.0
2021-09-10,14.517608380809373,15.179815683990658,13.887238667865587,13.893606185913086,1067300,0.0,0.0
2021-09-13,14.167403228940632,14.39026150015702,13.919076100302872,14.231077194213867,583400,0.0,0.0
2021-09-14,14.294751318457587,14.64495630963517,14.03368915096596,14.173770904541016,333400,0.0,0.0
2021-09-15,14.180139074819804,14.288384457623007,13.721687470250975,14.071893692016602,907000,0.0,0.0
2021-09-16,13.81720041307775,14.071895099716958,13.377851319575077,13.435157775878906,646000,0.0,0.0
2021-09-17,13.377852037433918,13.498832475509404,12.429113519743284,13.116789817810059,1302800,0.0,0.0
2021-09-20,12.416376247215807,12.671070901698611,12.174416629077122,12.448212623596191,979900,0.0,0.0
2021-09-21,12.671071331765257,12.989439964294434,12.61376488075161,12.989439964294434,480700,0.0,0.0
2021-09-22,13.174097349736257,13.556140038538976,13.174097349736257,13.212301254272461,495600,0.0,0.0
2021-09-23,13.237769025718805,13.842668730923531,13.180462571665302,13.56887149810791,347900,0.0,0.0
2021-09-24,13.466994356890698,14.008221333111475,13.199564628315729,13.970017433166504,519500,0.0,0.0
2021-09-27,13.970015831676914,14.307485802384225,13.874505485523525,14.135567665100098,295600,0.0,0.0
2021-09-28,13.887240608233144,14.135568988863268,12.932134628295898,12.932134628295898,950900,0.0,0.0
2021-09-29,13.180462968428452,13.307809703340771,13.021278638928012,13.148625373840332,871500,0.0,0.0
2021-09-30,13.084950870507623,13.301441647040324,12.48005117153214,12.511887550354004,811500,0.0,0.0
2021-10-01,12.54372511311716,12.874827581290486,12.034334551847428,12.728378295898438,593200,0.0,0.0
2021-10-04,12.575560109588787,12.792050861798325,12.034333229064941,12.034333229064941,287400,0.0,0.0
2021-10-05,12.066170818789796,12.35906935737925,11.906986513605128,12.034333229064941,189000,0.0,0.0
2021-10-06,11.90062087603923,12.480051741307053,11.397597809224274,12.225357055664062,500900,0.0,0.0
2021-10-07,12.31450014813574,12.58192987724289,12.289030071801687,12.352704048156738,336700,0.0,0.0
2021-10-08,12.467316391955979,13.23776916306923,12.346335963867778,12.893930435180664,792500,0.0,0.0
2021-10-11,12.88756054517026,13.314174509901045,12.10437409505368,12.480049133300781,133600,0.0,0.0
2021-10-13,12.69654304125708,12.702910560465709,12.269928970119913,12.607398986816406,103600,0.0,0.0
2021-10-14,12.45458249334568,12.734747273415255,12.314500710550963,12.620134353637695,78000,0.0,0.0
2021-10-15,12.607396126301952,13.053112653935589,12.390905380249023,12.390905380249023,140900,0.0,0.0
2021-10-18,12.218991234969574,13.358750567061431,12.218991234969574,13.212301254272461,202400,0.0,0.0
2021-10-19,13.365114558120705,13.365114558120705,12.658335831169712,12.817520141601562,221800,0.0,0.0
2021-10-20,12.779315174582454,12.976703362896755,12.448211545198602,12.480049133300781,202500,0.0,0.0
2021-10-21,12.09800910753961,12.410010249312235,11.938824777177247,12.161683082580566,320300,0.0,0.0
2021-10-22,11.87514906169488,12.416375948499825,11.257514387623289,12.410008430480957,272100,0.0,0.0
2021-10-25,12.42274311661043,13.034010255445748,11.843312352492843,12.983071327209473,163300,0.0,0.0
2021-10-26,12.365438666079555,12.467316538993247,12.02796745300293,12.02796745300293,754800,0.0,0.0
2021-10-27,11.906986740380145,12.410008522814488,11.36575984954834,11.36575984954834,626200,0.0,0.0
2021-10-28,11.365761515550673,11.588619822616385,10.83726958338459,10.85637092590332,117000,0.0,0.0
2021-10-29,10.875471299623422,11.454902052984027,10.576205253601074,10.576205253601074,213800,0.0,0.0
2021-11-01,10.811798421843196,11.002820329211701,10.550736241471526,10.760859489440918,92200,0.0,0.0
2021-11-03,10.760860438156056,11.442169174533078,10.518900791533211,10.951882362365723,132500,0.0,0.0
2021-11-04,11.021921213076958,11.461270245890463,10.563470840454102,10.563470840454102,101100,0.0,0.0
2021-11-05,10.671716665261663,11.098330679716824,10.633512769565963,10.824533462524414,77200,0.0,0.0
2021-11-08,10.824533479901255,10.977350277409327,10.467960952382423,10.544368743896484,68300,0.0,0.0
2021-11-09,10.588939228710384,11.136533615915798,10.512531443902091,10.735389709472656,47300,0.0,0.0
2021-11-10,10.678085244781453,11.435801788032276,10.665350206790666,11.047392845153809,109600,0.0,0.0
2021-11-11,11.07286124218998,12.709275906482528,11.07286124218998,11.709598541259766,147200,0.0,0.0
2021-11-12,11.849681062743311,12.09800821107387,11.499474833208454,11.792374610900879,54100,0.0,0.0
2021-11-16,11.977027698724411,11.977027698724411,10.875472514012078,11.263882637023926,81900,0.0,0.0
2021-11-17,11.461271151690417,11.951559153543482,11.098331092870351,11.30208683013916,302700,0.0,0.0
2021-11-18,11.162002386466849,11.639555236549029,11.111063464370604,11.24477767944336,274000,0.0,0.0
2021-11-19,11.518577075884021,11.766904217471724,11.314821347967966,11.435800552368164,98800,0.0,0.0
2021-11-22,11.773272886930915,11.77964040586088,11.30845493536405,11.442169189453125,68800,0.0,0.0
2021-11-23,11.652292056226223,11.652292056226223,11.021922277559561,11.219311714172363,124000,0.0,0.0
2021-11-24,11.33392242400604,11.817842873757478,11.30208604769183,11.372127532958984,181600,0.0,0.0
2021-11-25,11.773270304599537,11.773270304599537,11.461269232345485,11.735066413879395,49600,0.0,0.0
2021-11-26,11.524944989055921,11.524944989055921,11.079228408108573,11.27025032043457,137000,0.0,0.0
2021-11-29,11.524946136366973,11.620456494798061,11.193842426957778,11.212944984436035,70700,0.0,0.0
2021-11-30,10.970984390372973,11.142903768563178,10.51253392967922,10.65898323059082,164800,0.0,0.0
2021-12-01,10.652615295823301,10.894576162613165,10.4297569862474,10.461594581604004,368800,0.0,0.0
2021-12-02,10.506165504455566,10.786330257962122,10.442491531229528,10.506165504455566,80600,0.0,0.0
2021-12-03,10.850004828558893,11.11106704012698,10.703554317731843,10.709921836853027,130200,0.0,0.0
2021-12-06,10.569840545183048,11.142903933133907,10.569840545183048,10.729024887084961,103900,0.0,0.0
2021-12-07,10.907307820875333,11.072859640422843,10.824532518341499,10.888206481933594,92500,0.0,0.0
2021-12-08,10.90094384446416,11.060128180183975,10.671718012393994,11.021923065185547,107500,0.0,0.0
2021-12-09,11.193840061761938,11.193840061761938,10.569837889748232,10.735389709472656,689900,0.0,0.0
2021-12-10,10.748125110583398,11.066493761204091,10.652614758293195,10.786330223083496,125500,0.0,0.0
2021-12-13,11.20021115511267,11.321191603240546,10.830903505362517,10.87547492980957,469300,0.0,0.0
2021-12-14,10.83726958338459,10.964616319936376,10.697186594353534,10.85637092590332,182900,0.0,0.0
2021-12-15,10.760858701283345,11.028288380427941,10.652613326046726,10.767226219177246,214800,0.0,0.0
2021-12-16,10.824534627644562,10.900943641740346,10.506165962125603,10.550737380981445,223100,0.0,0.0
2021-12-17,10.82453449276866,10.82453449276866,10.53163590709123,10.582574844360352,158600,0.0,0.0
2021-12-20,10.518899635437798,10.690818983987429,9.958570783955983,10.06044864654541,242900,0.0,0.0
2021-12-21,10.124122852660307,10.181429306963366,9.697508812004203,9.824856758117676,253800,0.0,0.0
2021-12-22,10.124121358013614,10.124121358013614,9.551058114065643,9.805752754211426,112100,0.0,0.0
2021-12-23,10.143225426886165,10.143225426886165,9.461916100036452,9.621100425720215,169900,0.0,0.0
2021-12-27,9.621100943482805,9.646570412673254,9.410977670851588,9.500121116638184,107600,0.0,0.0
2021-12-28,9.379140048763201,9.538324372256724,9.283629697563088,9.461915969848633,37600,0.0,0.0
2021-12-29,9.608366048308554,9.640203035068518,9.372773317868836,9.391875267028809,150400,0.0,0.0
2021-12-30,9.360038592926267,9.538324874601424,9.137180892642329,9.353671073913574,105200,0.0,0.0
2022-01-03,9.296364932161932,9.551059612259513,9.06077159402165,9.251792907714844,41800,0.0,0.0
2022-01-04,8.997097668565099,9.137180037534486,8.716932930626324,8.895219802856445,78700,0.0,0.0
2022-01-05,9.169015077649425,9.169015077649425,8.09292951902097,8.220276832580566,252900,0.0,0.0
2022-01-06,8.615054286977685,8.748769125455826,8.468605020055868,8.557747840881348,105300,0.0,0.0
2022-01-07,8.780606981635573,9.614733077520366,8.309421544749194,9.360037803649902,201600,0.0,0.0
2022-01-10,8.958892038898794,9.328199559279447,8.958892038898794,9.181750297546387,58300,0.0,0.0
2022-01-11,9.289997100830078,9.328200997939511,8.939791472046958,9.289997100830078,54100,0.0,0.0
2022-01-12,9.11807660618816,10.30877571716154,9.11807660618816,10.175060272216797,92300,0.0,0.0
2022-01-13,10.175061186945314,10.94551390789221,10.01587687095,10.671716690063477,78800,0.0,0.0
2022-01-14,10.340611804771868,10.824532214203236,10.340611804771868,10.633511543273926,62800,0.0,0.0
2022-01-17,10.658978439229791,11.136531243215783,10.38518130396109,10.595304489135742,69100,0.0,0.0
2022-01-18,10.423389116679802,10.824533042104274,10.19416332244873,10.19416332244873,72500,0.0,0.0
2022-01-19,10.792698029156012,10.792698029156012,9.939469318379544,10.015877723693848,60000,0.0,0.0
2022-01-20,10.187796562473832,10.754492357627841,10.143225146829806,10.34061336517334,103100,0.0,0.0
2022-01-21,10.404289225825334,10.665351462984752,10.289676299368963,10.531637191772461,40000,0.0,0.0
2022-01-24,10.442489793001053,10.65898053724511,9.913997967812287,10.15595817565918,156200,0.0,0.0
2022-01-25,10.187796819862188,10.888208094123717,9.958571610021693,10.786330223083496,74200,0.0,0.0
2022-01-26,11.079227921011647,12.021598760719414,10.792696886839922,11.251147270202637,321500,0.0,0.0
2022-01-27,10.843636126810923,11.607720120819234,10.646246699022145,11.072860717773438,503100,0.0,0.0
2022-01-28,11.263883426166023,11.588619602085478,10.894575832577631,11.257515907287598,224800,0.0,0.0
2022-01-31,11.270252357520697,11.73507036358002,11.021923948059804,11.703232765197754,409600,0.0,0.0
2022-02-01,11.690497894793666,12.416378070268014,11.480374622183719,11.645926475524902,189100,0.0,0.0
2022-02-02,11.798742129381147,12.308131463002795,11.499474833208454,11.792374610900879,155000,0.0,0.0
2022-02-03,11.696866269470757,11.72233513328151,11.104700308488576,11.42306900024414,116800,0.0,0.0
2022-02-04,11.588618595747857,11.588618595747857,10.93914630030811,11.410331726074219,103500,0.0,0.0
2022-02-07,11.569515576734103,11.582250612874281,11.085595133726416,11.429433822631836,80400,0.0,0.0
2022-02-08,11.244779888781597,11.461270653845972,11.168372097864724,11.346657752990723,48900,0.0,0.0
2022-02-09,11.39759496478096,11.798740057226857,10.977348534728907,11.327554702758789,132600,0.0,0.0
2022-02-10,11.607720738733152,11.684129749441444,11.155637836689161,11.531312942504883,104400,0.0,0.0
2022-02-11,11.71596704540431,12.728379533236499,11.474007385778057,11.747804641723633,360500,0.0,0.0
2022-02-14,12.218988041801623,12.530989145353047,11.926088278286466,12.448212623596191,289100,0.0,0.0
2022-02-15,12.429113176436543,12.7411143275038,12.193519826110602,12.639236450195312,229800,0.0,0.0
2022-02-16,12.66470531616404,12.73474681226513,12.378174241576133,12.575562477111816,229600,0.0,0.0
2022-02-17,12.480051741307053,12.709276351145713,12.168050599584383,12.225357055664062,178900,0.0,0.0
2022-02-18,12.346334673550283,12.626499398718678,12.098007539014604,12.174416542053223,234600,0.0,0.0
2022-02-21,12.352702682551774,12.651969973992161,11.964293777237152,12.002497673034668,142000,0.0,0.0
2022-02-22,12.0916411986294,12.5691941743153,11.410332480967652,11.493107795715332,209900,0.0,0.0
2022-02-23,11.964294729170312,12.136212881177684,11.633191033967886,11.938824653625488,193300,0.0,0.0
2022-02-24,11.403965249600896,12.053437604375631,11.174739426861564,11.722333908081055,325100,0.0,0.0
2022-02-25,11.690496684826176,12.225356089653515,11.626822714826737,11.970660209655762,136100,0.0,0.0
2022-03-02,11.677763372153384,12.09800993592718,11.677763372153384,12.066173553466797,56600,0.0,0.0
2022-03-03,12.034334709522959,12.206254071747006,11.295719539760409,11.709598541259766,212300,0.0,0.0
2022-03-04,11.9770283864883,12.339968456612183,11.48037406504721,12.059804916381836,176200,0.0,0.0
2022-03-07,11.696864548106744,11.862415174713895,11.021922146486824,11.060127258300781,189500,0.0,0.0
2022-03-08,11.225678327838537,11.983396072659236,11.225678327838537,11.875150680541992,200500,0.0,0.0
2022-03-09,12.18078426015368,12.410010081407732,11.728701350991573,12.155315399169922,156900,0.0,0.0
2022-03-10,12.28266342870425,12.28266342870425,11.49310808682885,11.658659934997559,168500,0.0,0.0
2022-03-11,11.735068685475797,11.964294503128245,11.276617050170898,11.276617050170898,124900,0.0,0.0
2022-03-14,11.282983846006706,11.423066820921067,10.633512761738109,10.697185516357422,193400,0.0,0.0
2022-03-15,10.697185795733311,11.518577468157966,10.614410483878414,11.206576347351074,226100,0.0,0.0
2022-03-16,11.206577543921412,11.677763034704185,11.168373643176892,11.461272239685059,141300,0.0,0.0
2022-03-17,11.423069214266782,11.856050837483524,11.3339251530585,11.741437911987305,108300,0.0,0.0
2022-03-18,11.467637042667292,11.773270605191373,11.467637042667292,11.556779861450195,96000,0.0,0.0
2022-03-21,11.696864881483227,12.206254242054284,11.696864881483227,11.843314170837402,139200,0.0,0.0
2022-03-22,11.919721933040409,12.047069880053074,11.798742719306409,11.868782997131348,121400,0.0,0.0
2022-03-23,12.21898648330194,12.352700704420547,11.906985419545434,12.091638565063477,139300,0.0,0.0
2022-03-24,12.124896049499512,12.364334891401622,11.945316918072928,12.124896049499512,212400,0.81,0.0
2022-03-25,12.13820003678533,12.284523087385454,12.071689097934131,12.111595153808594,124100,0.0,0.0
2022-03-28,12.084991081304166,12.164804458618164,11.865505879428913,12.164804458618164,58800,0.0,0.0
2022-03-29,12.171454124443434,12.331080875319586,12.084990797260204,12.271221160888672,114200,0.0,0.0
2022-03-30,12.297826478588803,12.364337422576392,12.10494613647461,12.10494613647461,128900,0.0,0.0
2022-03-31,12.104946128411276,12.30447769165039,12.104946128411276,12.30447769165039,474100,0.0,0.0
2022-04-01,12.311125871855829,12.570517093710984,12.104943138293795,12.158151626586914,165200,0.0,0.0
2022-04-04,12.211359792393019,12.317776766168917,11.832249164742583,11.97192096710205,138500,0.0,0.0
2022-04-05,12.091642822633457,12.231314653210955,11.320118972591315,11.439838409423828,299500,0.0,0.0
2022-04-06,11.473092888446413,11.59281232156122,11.233654022216797,11.233654022216797,693000,0.0,0.0
2022-04-07,11.120585246769979,11.559555633577311,11.020819480421139,11.446487426757812,83300,0.0,0.0
2022-04-08,11.413233085291534,11.413233085291534,11.187096661921721,11.207050323486328,367300,0.0,0.0
2022-04-11,11.207047494592404,11.512995949811632,11.08732809260565,11.30681324005127,58900,0.0,0.0
2022-04-12,11.31346775181277,11.486395686282995,11.087331319704832,11.439838409423828,104900,0.0,0.0
2022-04-13,11.53295156730416,11.692577040897755,11.207049400143422,11.406580924987793,85500,0.0,0.0
2022-04-14,11.612762908294325,11.612762908294325,11.120584079841263,11.37332534790039,97800,0.0,0.0
2022-04-18,11.306815891067455,11.360024385693562,11.1737940202069,11.340070724487305,60600,0.0,0.0
2022-04-19,11.03412085460235,11.30681451494617,10.894447780338936,11.027469635009766,135600,0.0,0.0
2022-04-20,11.240302110339796,11.260255766495114,10.994213360708837,11.067374229431152,68300,0.0,0.0
2022-04-22,11.067376547176034,11.093981427621419,10.788031645452094,10.807985305786133,65500,0.0,0.0
2022-04-25,10.841239388031708,10.90775031595512,10.668312751457448,10.77472972869873,63500,0.0,0.0
2022-04-26,10.907749700622382,10.967609405517578,10.502034839203546,10.967609405517578,61500,0.0,0.0
2022-04-27,10.980913739259172,10.980913739259172,10.57519817352295,10.57519817352295,68100,0.0,0.0
2022-04-28,10.6417091091734,10.748126098777886,10.57519817352295,10.57519817352295,114200,0.0,0.0
2022-04-29,10.575197582783064,11.133887381293007,10.575197582783064,10.588500022888184,233600,0.0,0.0
2022-05-02,10.588498597347623,10.714869224151835,10.12957462423047,10.269247055053711,120400,0.0,0.0
2022-05-03,10.575197184370412,10.588499623974373,10.28255049033082,10.375665664672852,130800,0.0,0.0
2022-05-04,10.37566477509977,10.555243254290192,10.043111425055484,10.302502632141113,105000,0.0,0.0
2022-05-05,10.37566393341211,10.37566393341211,9.976599692013519,10.3357572555542,140200,0.0,0.0
2022-05-06,10.33575875483075,10.528639684816646,9.996554163867382,10.309154510498047,90400,0.0,0.0
2022-05-09,10.349062304549662,10.555245061676727,10.109623445569477,10.355712890625,163200,0.0,0.0
2022-05-10,10.355712705181185,10.708219766968355,10.355712705181185,10.39561939239502,56800,0.0,0.0
2022-05-11,10.442176271240852,10.635057211184263,10.109622882766333,10.182785034179688,50600,0.0,0.0
2022-05-12,10.196087983464077,10.289203171026902,9.976602773197362,10.142879486083984,62300,0.0,0.0
2022-05-13,10.149528660090485,10.708218404212191,9.850230764109627,10.009856224060059,229600,0.0,0.0
2022-05-16,9.996556217904297,12.171455383300781,9.783722219510729,12.171455383300781,127900,0.0,0.0
2022-05-17,11.167141909785402,11.167141909785402,10.342409133911133,10.342409133911133,257500,0.0,0.0
2022-05-18,10.608452183540903,10.608452183540903,10.08301789385215,10.242643356323242,57000,0.0,0.0
2022-05-19,10.162830849520576,10.33575875483075,10.076366896865489,10.309154510498047,149000,0.0,0.0
2022-05-20,10.275900231686506,10.57519817352295,10.076368059030447,10.57519817352295,67500,0.0,0.0
2022-05-23,10.595152348110101,10.595152348110101,10.142879486083984,10.142879486083984,139200,0.0,0.0
2022-05-24,10.209390613605272,10.229343641917668,9.989905399282922,10.003207206726074,83800,0.0,0.0
2022-05-25,10.023159835665993,10.209390206812454,9.969951339422808,10.07636833190918,57000,0.0,0.0
2022-05-26,10.109623317788703,10.309155486318438,9.91009114925897,10.122925758361816,163700,0.0,0.0
2022-05-27,10.076368547211207,10.355713475604357,10.076368547211207,10.142879486083984,74200,0.0,0.0
2022-05-30,10.395619943663606,10.395619943663606,10.009858028752852,10.07636833190918,54100,0.0,0.0
2022-05-31,10.176133814179336,10.322457482710794,9.996554679941376,10.182785034179688,93400,0.0,0.0
2022-06-01,10.063064869617063,10.428873696834723,10.063064869617063,10.242643356323242,72500,0.0,0.0
2022-06-02,10.242644974190966,10.841240870155843,10.242644974190966,10.641709327697754,89200,0.0,0.0
2022-06-03,10.748126319487483,10.941007909975497,10.581849611242205,10.641709327697754,56700,0.0,0.0
2022-06-06,10.708218229827425,10.867843687178336,10.528639114586264,10.608451843261719,65800,0.0,0.0
2022-06-07,10.588498532561582,10.595149751677987,10.242642750050571,10.342409133911133,66600,0.0,0.0
2022-06-08,10.309154854476068,10.382316370258321,9.8236272206302,9.84358024597168,177200,0.0,0.0
2022-06-09,9.949997901916504,10.069717330678296,9.83027847315471,9.949997901916504,98400,0.0,0.0
2022-06-10,9.816974961531175,9.976600415955625,9.697255553565252,9.910089492797852,105900,0.0,0.0
2022-06-13,9.910092489783105,9.910092489783105,9.384658067680691,9.550934791564941,138700,0.0,0.0
2022-06-14,9.205079480788196,9.504377455134717,9.205079480788196,9.231683731079102,134000,0.0,0.0
2022-06-15,9.311494237548972,9.530979408119011,9.211728481579032,9.324796676635742,112100,0.0,0.0
2022-06-17,9.311495563081579,9.444516801409398,9.018848838760373,9.24498462677002,105400,0.0,0.0
2022-06-20,9.33809663626496,9.358049656657286,9.078704833984375,9.078704833984375,59600,0.0,0.0
2022-06-21,9.07870792028642,9.351402251727572,9.052103672620856,9.24498462677002,51200,0.0,0.0
2022-06-22,9.078705842995285,9.411259179871232,9.072055258322083,9.185123443603516,94800,0.0,0.0
2022-06-23,9.244984387180416,9.318146542086147,8.978941917419434,8.978941917419434,141600,0.0,0.0
2022-06-24,9.225031133233308,9.225031133233308,8.912430763244629,8.912430763244629,149900,0.0,0.0
2022-06-27,9.072056924040789,9.311495142208422,9.032150237198548,9.118614196777344,70800,0.0,0.0
2022-06-28,9.158518184143848,9.344747854494095,8.97228787949852,9.078704833984375,98000,0.0,0.0
2022-06-29,9.231683300039371,9.231683300039371,8.91243167715944,8.998895645141602,83000,0.0,0.0
2022-06-30,8.998894436883027,9.14521810415213,8.7328519821167,8.7328519821167,129800,0.0,0.0
2022-07-01,8.952337068159567,9.185124689260702,8.619783686183796,8.799362182617188,621000,0.0,0.0
2022-07-04,8.579876426476128,9.078706466022304,8.539970378517744,8.812664031982422,113100,0.0,0.0
2022-07-05,8.992243266829352,9.005545071555561,8.766106877826957,8.845919609069824,79300,0.0,0.0
2022-07-06,8.872525365678507,9.258287282943199,8.779410179537084,8.919082641601562,161000,0.0,0.0
2022-07-07,9.032150582763919,9.072057271132968,8.719550199141462,8.739503860473633,165400,0.0,0.0
2022-07-08,8.792712951466958,8.905781169499308,8.706248982718964,8.726202011108398,106000,0.0,0.0
2022-07-11,8.872524085148106,8.872524085148106,8.613132226095098,8.633085250854492,90100,0.0,0.0
2022-07-12,8.613132742231159,8.7727582184622,8.466809071871742,8.69294548034668,139700,0.0,0.0
2022-07-13,8.692945407489946,8.766107559204102,8.533319932596747,8.766107559204102,60400,0.0,0.0
2022-07-14,8.633086018934348,8.706248173386681,8.273928369835136,8.672992706298828,232400,0.0,0.0
2022-07-15,8.672993470860735,8.872525656682209,8.42690400758921,8.712900161743164,120300,0.0,0.0
2022-07-18,8.739501971375237,8.905778640763156,8.320484688402265,8.38034439086914,161700,0.0,0.0
2022-07-19,8.413601145891391,8.672993037941076,8.413601145891391,8.579877853393555,131600,0.0,0.0
2022-07-20,8.599830864283206,8.819316050835168,8.51336690680891,8.766107559204102,385300,0.0,0.0
2022-07-21,8.692943923758913,9.038799694624664,8.679642120269154,8.792710304260254,63000,0.0,0.0
2022-07-22,8.799362557808196,8.9789416961938,8.746154065166966,8.912430763244629,52600,0.0,0.0
2022-07-25,8.859221735013506,9.025498423038806,8.659690216819328,8.75280475616455,58900,0.0,0.0
2022-07-26,8.719550313067185,8.799363056552787,8.579877853393555,8.579877853393555,63100,0.0,0.0
2022-07-27,8.613132791604574,8.912430719827269,8.586528545413563,8.899128913879395,88400,0.0,0.0
2022-07-28,8.792710335289874,9.012195485154187,8.792710335289874,8.892476081848145,57200,0.0,0.0
2022-07-29,8.9789416961938,9.045452629142972,8.825967438424078,8.912430763244629,63100,0.0,0.0
2022-08-01,8.925730620484728,9.078704833984375,8.766105188755946,9.078704833984375,66700,0.0,0.0
2022-08-02,9.038800580357762,9.364702726482069,8.859221458435059,8.859221458435059,109700,0.0,0.0
2022-08-03,8.885826869571826,9.012197520331412,8.825967788696289,8.825967788696289,120500,0.0,0.0
2022-08-04,8.899128939638938,9.930044592541446,8.899128939638938,9.577537536621094,298700,0.0,0.0
2022-08-05,9.644047737121582,9.87683535001157,9.584188028990145,9.644047737121582,210500,0.0,0.0
2022-08-08,9.870183410777399,10.222689779935115,9.843579168469178,10.083017349243164,202700,0.0,0.0
2022-08-09,10.162832291065934,10.235994449079953,9.8435813137894,9.976602554321289,117600,0.0,0.0
2022-08-10,9.963298322519787,10.33575836336599,9.963298322519787,10.009856224060059,150100,0.0,0.0
2022-08-11,10.176133176834849,10.369014104697875,10.043111956635384,10.275898933410645,132300,0.0,0.0
2022-08-12,10.29585219041768,10.428874047916901,10.156180381774902,10.156180381774902,121700,0.0,0.0
2022-08-15,10.049762652532786,10.69491637046984,10.049762652532786,10.309154510498047,132100,0.0,0.0
2022-08-16,10.415573193730793,10.575198685871074,9.976602773197362,10.142879486083984,161600,0.0,0.0
2022-08-17,10.428872664808106,10.488732365884934,10.176132057092127,10.315804481506348,81200,0.0,0.0
2022-08-18,10.422223650025382,10.568547324235714,10.275899975815047,10.49538516998291,86800,0.0,0.0
2022-08-19,10.556762698316874,10.556762698316874,10.127127566726232,10.399911880493164,56100,0.39,0.0
2022-08-22,10.31125545501709,10.427188935659073,10.011192749476614,10.31125545501709,74700,0.0,0.0
2022-08-23,10.311256006346744,10.549942749929343,10.106667461900095,10.168044090270996,86100,0.0,0.0
2022-08-24,10.249878468307212,10.365811944859006,10.106666564941406,10.106666564941406,88300,0.0,0.0
2022-08-25,10.038470195622898,10.481744766235352,10.038470195622898,10.481744766235352,95400,0.0,0.0
2022-08-26,10.481744336355657,10.64541488029678,10.222598983264412,10.338532447814941,116200,0.0,0.0
2022-08-29,10.474927390830349,10.474927390830349,10.25669994009506,10.29761791229248,102300,0.0,0.0
2022-08-30,10.338533028005802,10.474925155610965,10.024830809329446,10.133944511413574,62400,0.0,0.0
2022-08-31,10.086207342003735,10.290795856824353,10.0316504914341,10.147583961486816,92400,0.0,0.0
2022-09-01,10.229422501859949,10.290799140930176,10.093030331908983,10.290799140930176,69200,0.0,0.0
2022-09-02,10.188503203608963,10.338534896271188,10.04529128115163,10.093029022216797,114000,0.0,0.0
2022-09-05,9.895258325892929,10.249877853193716,9.677030274108102,10.099846839904785,161900,0.0,0.0
2022-09-06,10.086208397758147,10.154404793293,9.82706300524235,10.024831771850586,112800,0.0,0.0
2022-09-08,10.229419741449755,10.229419741449755,9.956635475158691,9.956635475158691,153600,0.0,0.0
2022-09-09,9.997552789917854,10.215780202950706,9.92253727928006,9.956635475158691,92500,0.0,0.0
2022-09-12,10.038472088814247,10.215781560277282,9.731589585870406,10.208962440490723,114700,0.0,0.0
2022-09-13,10.133944982268615,10.140764751557983,9.786145203307818,9.840702056884766,71000,0.0,0.0
2022-09-14,9.786145395845478,10.011192583870333,9.697490344446443,9.704309463500977,51700,0.0,0.0
2022-09-15,9.963456154135393,10.19532314197345,9.704310735396923,9.806605339050293,105400,0.0,0.0
2022-09-16,9.6974906822068,9.779325967032587,9.54745900150834,9.752047538757324,83700,0.0,0.0
2022-09-19,9.792964329191335,9.936176232524902,9.642933306932546,9.786145210266113,50400,0.0,0.0
2022-09-20,9.792963503592432,10.00437178130733,9.704308461348695,9.820241928100586,50800,0.0,0.0
2022-09-21,9.854340938164981,9.990733072011443,9.799784084626397,9.895258903503418,71400,0.0,0.0
2022-09-22,9.895260311986627,9.977095603942871,9.85434234082396,9.977095603942871,42200,0.0,0.0
2022-09-23,10.02483073847655,10.052109163804786,9.758866254118493,9.929356575012207,71600,0.0,0.0
2022-09-26,9.820241009351381,9.82706077743262,9.581554979827944,9.649750709533691,66600,0.0,0.0
2022-09-27,9.58155632019043,9.622473633664018,9.438344422294923,9.58155632019043,568400,0.0,0.0
2022-09-28,9.636112795610435,9.636112795610435,9.267853736877441,9.267853736877441,77800,0.0,0.0
2022-09-29,9.376967953966906,9.376967953966906,9.111002810594284,9.342869758605957,97800,0.0,0.0
2022-09-30,9.411065145015941,9.533817724699109,9.220116181888526,9.458802223205566,79300,0.0,0.0
2022-10-03,9.813421757087058,9.813421757087058,9.411064550975015,9.615653038024902,144700,0.0,0.0
2022-10-04,9.595196527000898,9.888440132141113,9.513361238434362,9.888440132141113,98100,0.0,0.0
2022-10-05,9.752048835244235,9.97709606102633,9.752048835244235,9.902080535888672,49400,0.0,0.0
2022-10-06,9.827063766573023,10.229421100588558,9.820243996417384,10.208962440490723,61600,0.0,0.0
2022-10-07,10.352172081712862,10.413548698856445,10.052108764648438,10.052108764648438,99600,0.0,0.0
2022-10-10,10.127125804182855,10.229419741449755,9.92253727928006,9.956635475158691,88000,0.0,0.0
2022-10-11,10.045290984981847,10.079389184631896,9.642934310292281,9.881620407104492,43200,0.0,0.0
2022-10-13,9.731587486669811,10.06574834778529,9.547457634400708,9.990732192993164,75200,0.0,0.0
2022-10-14,9.990732544224016,10.434007768769048,9.929356575012207,9.929356575012207,73300,0.0,0.0
2022-10-17,9.922537828917337,10.038471311105168,9.88161986152262,10.024831771850586,54800,0.0,0.0
2022-10-18,10.018011040356946,10.18850136245564,10.011191921753412,10.133944511413574,34400,0.0,0.0
2022-10-19,10.168043546598698,10.31125545501709,10.113486691045885,10.31125545501709,60300,0.0,0.0
2022-10-20,10.154405998102925,10.46810828411945,10.154405998102925,10.399911880493164,74200,0.0,0.0
2022-10-21,10.393090571626574,10.570400674513426,10.2976164011252,10.549942016601562,41200,0.0,0.0
2022-10-24,10.420368694036007,10.440828001718183,10.229419708251953,10.229419708251953,43900,0.0,0.0
2022-10-25,10.283978035370213,10.372633096926569,10.03847216131582,10.093029022216797,40300,0.0,0.0
2022-10-26,10.093028187054207,10.093028187054207,9.724769081260224,9.915718078613281,54200,0.0,0.0
2022-10-27,9.997554722360398,9.997554722360398,9.595197364032071,9.902080535888672,83100,0.0,0.0
2022-10-28,9.902078679751082,9.956635533328031,9.656572188285818,9.840702056884766,60500,0.0,0.0
2022-10-31,9.683851506392523,10.058930397033691,9.561098899730528,10.058930397033691,89400,0.0,0.0
2022-11-01,9.96345631539269,10.29761791229248,9.792965956913472,10.29761791229248,95100,0.0,0.0
2022-11-03,10.120307808942673,10.549943591439574,10.093029377531876,10.502205848693848,185000,0.0,0.0
2022-11-04,10.536302036921555,10.720431901531596,10.495384722809757,10.624957084655762,62900,0.0,0.0
2022-11-07,10.399911051895788,10.454467910302439,10.174863848376093,10.222600936889648,36500,0.0,0.0
2022-11-08,10.168044469925974,10.290797731251143,10.011193658560774,10.208962440490723,40400,0.0,0.0
2022-11-09,10.427188536264332,10.427188536264332,9.922537316546055,10.004372596740723,54400,0.0,0.0
2022-11-10,9.93617580963248,9.942995578636442,9.397426415329948,9.58837604522705,97700,0.0,0.0
2022-11-11,9.663392345707662,9.888439538343897,9.001889656556502,9.035987854003906,239000,0.0,0.0
2022-11-14,9.213297353211226,9.499721152301554,9.00870883237971,9.349689483642578,73000,0.0,0.0
2022-11-16,9.233757406538947,9.431526188163813,8.319929018903679,8.3881254196167,219100,0.0,0.0
2022-11-17,8.456319296245878,8.579072530182552,8.081241126539704,8.217633247375488,191200,0.0,0.0
2022-11-18,8.190356221488363,8.38812499305611,8.135799363839952,8.354026794433594,63400,0.0,0.0
2022-11-21,8.617036193090788,8.617036193090788,8.450924807890631,8.478610038757324,56700,0.18,0.0
2022-11-22,8.34018441338285,8.41631863807792,8.208679063374626,8.257128715515137,81800,0.0,0.0
2022-11-23,8.340183385668242,8.485531004043365,8.194835767293121,8.284812927246094,45000,0.0,0.0
2022-11-24,8.409396348796687,8.755462053028122,8.367868833926966,8.734698295593262,54700,0.0,0.0
2022-11-25,8.866203866550501,9.053079008526133,8.68624953719029,8.769305229187012,51900,0.0,0.0
2022-11-28,8.824675446859535,8.824675446859535,8.464766798076571,8.471688270568848,51500,0.0,0.0
2022-11-29,8.762385413836133,8.762385413836133,8.48553305481607,8.492454528808594,20200,0.0,0.0
2022-11-30,8.533979755828499,8.700091126534028,8.478609298926656,8.658563613891602,72600,0.0,0.0
2022-12-01,8.44400274196316,8.873124120284976,8.44400274196316,8.866203308105469,45400,0.0,0.0
2022-12-02,8.990787306459714,9.184584586186359,8.907731612320287,9.066922187805176,18300,0.0,0.0
2022-12-05,9.19842550442363,9.212268448089661,8.700090753600486,8.824674606323242,41000,0.0,0.0
2022-12-06,8.762384155310725,8.900810314938857,8.527059353908902,8.603194236755371,42700,0.0,0.0
2022-12-07,8.575508351095007,8.70701302769977,8.513216418994036,8.617035865783691,33600,0.0,0.0
2022-12-08,8.617037516594365,8.630880464187856,8.326342217811783,8.340185165405273,71200,0.0,0.0
2022-12-09,8.485531411276055,8.61703609132277,8.326340840621649,8.388632774353027,35200,0.0,0.0
2022-12-12,8.312497813663597,8.38863202583742,8.091015329040642,8.160228729248047,90000,0.0,0.0
2022-12-13,8.305576405626663,8.367868334279729,8.070251635189708,8.132543563842773,46700,0.0,0.0
2022-12-14,8.007960164993971,8.077173569697171,7.689579691481554,7.869534015655518,98800,0.0,0.0
2022-12-15,7.786478470098389,8.174072355484299,7.64805231819912,7.744950294494629,61200,0.0,0.0
2022-12-16,7.828008222054124,7.828008222054124,7.571918964385986,7.571918964385986,68800,0.0,0.0
2022-12-19,7.412727751059547,7.7795572295521955,7.412727751059547,7.516547203063965,70500,0.0,0.0
2022-12-20,7.682658493992179,7.800320880049329,7.578838392141093,7.696500778198242,146100,0.0,0.0
2022-12-21,7.627288704304605,7.744950440587465,7.447334373407102,7.61344575881958,92700,0.0,0.0
2022-12-22,7.613446215985865,7.779557611372871,7.5096267588859895,7.68958044052124,71600,0.0,0.0
2022-12-23,7.682659118041241,8.02180335948681,7.682659118041241,7.828006744384766,70500,0.0,0.0
2022-12-26,7.765715008434839,8.132544489971988,7.682659314128389,7.7518720626831055,29600,0.0,0.0
2022-12-27,7.6549751478295125,7.800322798106911,7.5442335466106725,7.578840255737305,54000,0.0,0.0
2022-12-28,7.696499941136912,7.8418475398662855,7.599601321961382,7.786477088928223,94700,0.0,0.0
2022-12-29,8.153307719873544,8.277891583289229,7.9871963420312575,8.229442596435547,25800,0.0,0.0
2023-01-02,8.298655062742162,8.305576534937577,7.668815614453596,8.077173233032227,43600,0.0,0.0
2023-01-03,7.897218849695513,7.897218849695513,7.64805179337515,7.696500778198242,39800,0.0,0.0
2023-01-04,7.758790841382834,7.911059891437811,7.648049954094761,7.668813705444336,30900,0.0,0.0
2023-01-05,7.654973853363034,7.751871830450336,7.558075216207767,7.710344314575195,47100,0.0,0.0
2023-01-06,7.73802846783706,7.9179821116881595,7.73802846783706,7.772634506225586,29300,0.0,0.0
2023-01-09,7.751871571955106,7.8695339631243515,7.613445423540682,7.821084976196289,18400,0.0,0.0
2023-01-10,7.668815299268773,7.828005852881067,7.627287787938881,7.800320625305176,25900,0.0,0.0
2023-01-11,7.828006944181672,7.883377407052638,7.696501599812139,7.7518720626831055,35400,0.0,0.0
2023-01-12,7.821085616705202,7.959511776456055,7.717265501841064,7.890298366546631,45200,0.0,0.0
2023-01-13,7.821084797570441,7.945667998264094,7.731107638139069,7.834927082061768,38100,0.0,0.0
2023-01-16,7.9249044753909,7.959511177742499,7.8280065008879545,7.869534015655518,85200,0.0,0.0
2023-01-17,7.862612787744871,7.959511425329876,7.814163798986351,7.828006744384766,51500,0.0,0.0
2023-01-18,7.848770848655372,7.959511776456055,7.786478911750489,7.890298366546631,50700,0.0,0.0
2023-01-19,7.821085999312221,8.104859805700666,7.8072430526259415,7.987197399139404,119500,0.0,0.0
2023-01-20,8.08409405049357,8.167149729908083,8.02180212591572,8.091014862060547,58100,0.0,0.0
2023-01-23,8.174073110379373,8.554744898241317,8.132544930940387,8.354026794433594,79700,0.0,0.0
2023-01-24,8.305577047588669,8.54782330883719,8.236363641498246,8.270970344543457,509000,0.0,0.0
2023-01-25,8.236364389435824,8.471689199431365,8.167151637128207,8.354026794433594,56000,0.0,0.0
2023-01-26,8.43016144808571,8.43016144808571,8.236364162793901,8.312499046325684,75900,0.0,0.0
2023-01-27,8.312498156457169,8.360947142559565,8.097937135020395,8.284812927246094,73200,0.0,0.0
2023-01-30,8.347104337685167,8.347104337685167,8.007959475904626,8.097936630249023,37000,0.0,0.0
2023-01-31,8.111779560150312,8.437080817529907,8.111779560150312,8.243284225463867,36600,0.0,0.0
2023-02-01,8.236363281075766,8.45092430251254,8.180992822653618,8.284812927246094,70400,0.0,0.0
2023-02-02,8.27789098728142,8.395553369798337,8.167150076693236,8.215599060058594,25800,0.0,0.0
2023-02-03,8.20175880008953,8.243286321773253,8.04256820678711,8.04256820678711,19600,0.0,0.0
2023-02-06,7.994117609763986,8.049488067626953,7.828006236175085,8.049488067626953,41300,0.0,0.0
2023-02-07,8.125621560166893,8.146385975071421,7.959510201337869,8.091014862060547,58000,0.0,0.0
2023-02-08,7.80724195642556,8.00796003471796,7.696501038756366,7.9249043464660645,40700,0.0,0.0
2023-02-09,7.938747367365535,7.938747367365535,7.724186342272221,7.821084976196289,35300,0.0,0.0
2023-02-10,7.8556921900772245,8.042567337593724,7.786478781327123,7.945668697357178,58800,0.0,0.0
2023-02-13,8.070250752970564,8.146385617476067,7.814162254333496,7.814162254333496,49700,0.0,0.0
2023-02-14,7.8349257695653245,7.9733525516970865,7.7518700963269564,7.779555320739746,36600,0.0,0.0
2023-02-15,7.786478402974647,7.821085105668125,7.6895797674465,7.765714645385742,65700,0.0,0.0
2023-02-16,7.786478470098389,7.786478470098389,7.58576038482746,7.744950294494629,68700,0.0,0.0
2023-02-17,7.7795557429239945,7.7795557429239945,7.613444387432657,7.661893367767334,36500,0.0,0.0
2023-02-22,7.6965010854514135,7.994117798543982,7.578838694697046,7.627288341522217,64500,0.0,0.0
2023-02-23,7.613446598890591,7.821086183601215,7.57883989142748,7.592682838439941,34400,0.0,0.0
2023-02-24,7.648052462464172,7.682659166108764,7.571917582432475,7.61344575881958,18000,0.0,0.0
2023-02-27,7.620368211970485,7.634210499168437,7.495784326848639,7.544233322143555,29200,0.0,0.0
2023-02-28,7.613444756191354,7.648051455278528,7.481940091741555,7.495782375335693,214900,0.0,0.0
2023-03-01,7.488862834741239,7.5788400115441545,7.364279609994785,7.426570892333984,132700,0.0,0.0
2023-03-02,7.426571131620965,7.696502670727012,7.336594611987025,7.578840255737305,68400,0.0,0.0
2023-03-03,7.571917981987317,7.682659571507218,7.440413293280194,7.4473347663879395,37200,0.0,0.0
2023-03-06,7.350438078972756,7.530392467250423,7.308910549412175,7.419651508331299,46700,0.0,0.0
2023-03-07,7.336593694349324,7.4611769075274275,7.267380284753051,7.308908462524414,44900,0.0,0.0
2023-03-08,7.28122323230082,7.509626559923565,7.267380286351323,7.315829277038574,108000,0.0,0.0
2023-03-09,7.288143379212807,7.4957829290050775,7.253536677569439,7.398884296417236,92800,0.0,0.0
2023-03-10,7.350435980227783,7.405806443877605,7.267380284753051,7.308908462524414,32700,0.0,0.0
2023-03-13,7.267379453406841,7.343513667199034,7.2466156969304105,7.329671382904053,52000,0.0,0.0
2023-03-14,7.3296715001494395,7.405805715159475,7.3296715001494395,7.350435256958008,59700,0.0,0.0
2023-03-15,7.35043496794151,7.426569179957975,7.253536339864999,7.267379283905029,52400,0.0,0.0
2023-03-16,7.26737999093693,7.4888618365818305,7.232773287537923,7.3019866943359375,82500,0.0,0.0
2023-03-17,7.461176690832532,7.468098163604737,7.087425742017083,7.468098163604736,59500,0.0,0.0
2023-03-20,7.371198563046911,7.371198563046911,6.92823492452065,7.059739589691162,115700,0.0,0.0
2023-03-21,7.101269450922623,7.184325152913361,7.011292275415645,7.018213748931885,71500,0.0,0.0
2023-03-22,7.066661864934213,7.0943470954895025,6.921314239501953,6.921314239501953,75100,0.0,0.0
2023-03-23,6.990528864145448,7.045899334905295,6.831338265659831,6.886708736419678,96100,0.0,0.0
2023-03-24,6.893843453118194,7.065118906224549,6.843888282775879,6.843888282775879,109200,0.3,0.0
2023-03-27,6.908117658869047,7.086529782863902,6.865298449651455,6.965209484100342,117300,0.0,0.0
2023-03-28,6.965208953298781,7.179303621894624,6.965208953298781,6.993754863739014,33700,0.0,0.0
2023-03-29,7.086529066338986,7.129347590638919,6.908116960383529,6.9866180419921875,60400,0.0,0.0
2023-03-30,6.965210441822732,7.229260339971616,6.965210441822732,7.100803375244141,33600,0.0,0.0
2023-03-31,7.1436228968655,7.1436228968655,7.015165926626237,7.093667030334473,75800,0.0,0.0
2023-04-03,7.086529494231735,7.136484669127398,6.958072552399214,7.015164375305176,54500,0.0,0.0
2023-04-04,7.015165606483468,7.179305136586149,7.000892988546206,7.150759220123291,78700,0.0,0.0
2023-04-05,7.1507582228481255,7.200713399544081,7.022301276386252,7.129348278045654,53800,0.0,0.0
2023-04-06,7.214985478397781,7.264941331963196,7.065119278877914,7.157893657684326,39300,0.0,0.0
2023-04-10,7.214987453742358,7.272079290086617,6.993756758055449,7.086531162261963,58300,0.0,0.0
2023-04-11,7.229258259077377,7.3434418923733125,7.1721664424294085,7.2792134284973145,47500,0.0,0.0
2023-04-12,7.343441560087426,7.4790344483438265,7.343441560087426,7.407670021057129,66300,0.0,0.0
2023-04-13,7.407670521044979,7.486171600535285,7.279213590435249,7.450489044189453,65200,0.0,0.0
2023-04-14,7.443353763180638,7.464763026725407,7.357716028413344,7.386261940002441,19500,0.0,0.0
2023-04-17,7.386261095153358,7.47189882012531,7.264940814629392,7.2792134284973145,50100,0.0,0.0
2023-04-18,7.322032446990262,7.486171245574951,7.186438875422967,7.486171245574951,47100,0.0,0.0
2023-04-19,7.4290794303639185,7.521853800228877,7.286349892336336,7.486171245574951,70700,0.0,0.0
2023-04-20,7.486171433993233,7.507581375677325,7.279213428497314,7.2792134284973145,29800,0.0,0.0
2023-04-24,7.279214550921066,7.350579673029292,7.193576812744141,7.193576812744141,26200,0.0,0.0
2023-04-25,7.279214550921066,7.357716321357763,7.193576812744141,7.193576812744141,33600,0.0,0.0
2023-04-26,7.229260077143651,7.357717037200928,7.143622330634902,7.357717037200928,60900,0.0,0.0
2023-04-27,7.4148078541304265,7.4148078541304265,7.243531703948975,7.243531703948975,33000,0.0,0.0
2023-04-28,7.250668458558978,7.350579490917534,7.1721673706554006,7.329170227050781,38600,0.0,0.0
2023-05-02,7.371987800697297,7.46476217289728,7.279213428497314,7.2792134284973145,74900,0.0,0.0
2023-05-03,7.322033578899122,7.343442842765874,7.236395842843885,7.329170227050781,29000,0.0,0.0
2023-05-04,7.336307107893803,7.4219448546098805,7.279215276749751,7.307761192321777,28300,0.0,0.0
2023-05-05,7.479035043356385,7.4933083383021355,7.243531121456799,7.300622940063477,55000,0.0,0.0
2023-05-08,7.421943664550781,7.507582078123623,7.279214109576382,7.421943664550781,103600,0.0,0.0
2023-05-09,7.500445605748954,7.607492604337755,7.421943838234829,7.429080486297607,61400,0.0,0.0
2023-05-10,7.464762498548609,7.636037955964429,7.350578860271395,7.364851474761963,52000,0.0,0.0
2023-05-11,7.421943827049037,7.885815741607238,7.421943827049037,7.778768062591553,139400,0.0,0.0
2023-05-12,7.764495263831515,7.942907377392198,7.6717208831093755,7.821587085723877,157100,0.0,0.0
2023-05-15,7.864406393399444,8.007135949962693,7.6717209815979,7.6717209815979,77900,0.0,0.0
2023-05-16,7.678858996695256,7.842997845818752,7.564675331115723,7.564675331115723,64100,0.0,0.0
2023-05-17,7.735949416574039,7.885815620422363,7.67885759421165,7.885815620422363,35900,0.0,0.0
2023-05-18,7.900245208048098,8.405283585683705,7.856956577769248,8.23934268951416,98000,0.12,0.0
2023-05-19,8.260987559825352,8.5567957428317,8.260987559825352,8.390854835510254,72400,0.0,0.0
2023-05-22,8.434143245298555,8.737166421830038,8.29706165975355,8.40528392791748,119400,0.0,0.0
2023-05-23,8.40528392791748,8.556795516183222,8.34756529315533,8.40528392791748,30400,0.0,0.0
2023-05-24,8.578440202094189,8.592869516219348,8.4124986172624,8.477432250976562,32500,0.0,0.0
2023-05-25,8.477430760860443,8.852602495014253,8.477430760860443,8.657801628112793,35300,0.0,0.0
2023-05-26,8.693876395066269,8.802098645868552,8.549579831309792,8.65058708190918,83000,0.0,0.0
2023-05-29,8.939181770530181,8.939181770530181,8.809314506435683,8.82374382019043,30300,0.0,0.0
2023-05-30,8.802100320376622,9.054619871034893,8.578440776020253,8.867033958435059,31200,0.0,0.0
2023-05-31,8.758811687044611,9.004115548066986,8.758811687044611,8.867033958435059,49200,0.0,0.0
2023-06-01,9.018545551217937,9.018545551217937,8.758811687044611,8.867033958435059,57400,0.0,0.0
2023-06-02,9.090693062561716,9.090693062561716,8.751595599266038,8.802099227905273,49800,0.0,0.0
2023-06-05,8.802096859858784,9.061831309978713,8.72994893665003,8.99689769744873,157400,0.0,0.0
2023-06-06,9.162840711650965,9.740027674413454,9.15562571120211,9.631805419921875,169100,0.0,0.0
2023-06-07,9.667878957494784,10.14405866185309,9.523582390140891,10.028620719909668,226900,0.0,0.0
2023-06-09,10.028620719909668,10.266710228058669,10.028620719909668,10.028620719909668,104000,0.0,0.0
2023-06-12,10.028620221740194,10.136843157924893,9.70395278930664,9.70395278930664,140700,0.0,0.0
2023-06-13,9.776103192974803,9.992548416683475,9.581302285218879,9.639020919799805,96000,0.0,0.0
2023-06-14,9.819390437044268,9.855464750573837,9.660664558410645,9.660664558410645,47800,0.0,0.0
2023-06-15,9.660665639898053,10.122414702975233,9.660665639898053,9.949258804321289,167600,0.0,0.0
2023-06-16,9.956473947468798,10.093555530510109,9.848250993221077,10.014192581176758,75200,0.0,0.0
2023-06-19,10.093555672632196,10.100770673962378,9.667880226996974,10.079126358032227,76800,0.0,0.0
2023-06-20,10.245066708186654,10.245066708186654,10.035836497308953,10.057480812072754,53400,0.0,0.0
2023-06-21,10.100770387658583,10.19456333811123,9.927614489004641,9.949258804321289,64400,0.0,0.0
2023-06-22,9.884324442141006,10.100769643543286,9.711168556243315,9.934828758239746,90900,0.0,0.0
2023-06-23,9.841036471509884,10.136844635009766,9.81939146828279,10.136844635009766,70300,0.0,0.0
2023-06-26,10.165703125541084,10.201777439929057,9.956472927763219,10.093554496765137,34500,0.0,0.0
2023-06-27,10.093554464829888,10.201777407651399,9.891539268180841,9.963687896728516,34800,0.0,0.0
2023-06-28,9.963688552076166,10.100770129660717,9.963688552076166,10.057480812072754,33000,0.0,0.0
2023-06-29,10.100769347616769,10.100769347616769,10.028620719909668,10.028620719909668,38800,0.0,0.0
2023-06-30,10.064696565217378,10.591379976275137,10.064696565217378,10.41822338104248,87600,0.0,0.0
2023-07-03,10.706816281163793,10.937690803217885,10.432652442194383,10.526445388793945,178500,0.0,0.0
2023-07-04,10.52644532737776,10.93047573861512,10.519230326590577,10.714031219482422,93100,0.0,0.0
2023-07-05,10.475942247325284,10.879972679749178,10.475942247325284,10.865543365478516,86800,0.0,0.0
2023-07-06,10.865541692339258,10.937689628703575,10.68517081933805,10.872756004333496,55600,0.0,0.0
2023-07-07,11.146922031819116,11.334507942199707,10.995410440828703,11.334507942199707,81900,0.0,0.0
2023-07-10,11.334507016687425,11.406655649576527,10.800609335101216,10.908831596374512,129200,0.0,0.0
2023-07-11,11.009839264036763,11.053127892218,10.641882484194538,10.887187004089355,160900,0.0,0.0
2023-07-12,10.901617256287896,11.327292702403627,10.901617256287896,11.219070434570312,69900,0.0,0.0
2023-07-13,11.269575211420031,11.327293851862965,11.038700649648296,11.32007884979248,83500,0.0,0.0
2023-07-14,11.320076488082245,11.478803060215384,11.118061288678456,11.327291488647461,67000,0.0,0.0
2023-07-17,11.327293065328634,11.327293065328634,10.908832607143811,11.161352157592773,155600,0.0,0.0
2023-07-18,11.1108479713642,11.529308434697368,11.1108479713642,11.118062973022461,74000,0.0,0.0
2023-07-19,10.901616532228749,11.146921056956153,10.815038586100316,11.096417427062988,45000,0.0,0.0
2023-07-20,11.096418104290146,11.233499688677991,10.96655083314137,11.074773788452148,41000,0.0,0.0
2023-07-21,10.901616432665834,11.11806164004033,10.843897802440681,11.045913696289062,58700,0.0,0.0
2023-07-24,11.045912366887556,11.226283236648188,10.677955627441406,10.677955627441406,103600,0.0,0.0
2023-07-25,10.85111171732538,10.90883034177443,10.46151065826416,10.46151065826416,84100,0.0,0.0
2023-07-26,10.389363510605536,10.591379412955696,10.180133295218882,10.374934196472168,72000,0.0,0.0
2023-07-27,10.374933565932992,10.771749657359464,10.338859250701434,10.41100788116455,53400,0.0,0.0
2023-07-28,10.425435492063109,10.605806350708008,10.425435492063109,10.605806350708008,33800,0.0,0.0
2023-07-31,10.598595028296215,10.98098187669176,10.310001829564161,10.540876388549805,108600,0.0,0.0
2023-08-01,11.045912331028434,11.543735627205141,10.916045085043093,11.18299388885498,777000,0.0,0.0
2023-08-02,11.23349924838567,11.688034679591055,11.23349924838567,11.543737411499023,92700,0.0,0.0
2023-08-03,11.702462479955422,12.070419249123992,11.442728654221305,11.810686111450195,216500,0.0,0.0
2023-08-04,11.810686685898663,12.048776209750221,11.572597162047106,11.651959419250488,120400,0.0,0.0
2023-08-07,11.709678306520345,11.709678306520345,11.39944083146736,11.543737411499023,61000,0.0,0.0
2023-08-08,11.49323352872302,11.702463049140105,11.291217633043843,11.651959419250488,56000,0.0,0.0
2023-08-09,11.709678238635291,11.709678238635291,11.247929185210884,11.39944076538086,75700,0.0,0.0
2023-08-10,11.421085231622813,11.817900657653809,11.320077280817259,11.817900657653809,53900,0.0,0.0
2023-08-11,12.01991620631575,12.01991620631575,11.651959419250488,11.651959419250488,30800,0.0,0.0
2023-08-14,11.651959788696233,11.651959788696233,11.341722310602938,11.37058162689209,106100,0.0,0.0
2023-08-15,11.341723856003933,11.42108681459785,11.09641929009123,11.32007884979248,96100,0.0,0.0
2023-08-16,11.291218025706526,11.493233928410993,11.255144396279649,11.276788711547852,51700,0.0,0.0
2023-08-17,11.328080065039233,11.364716944891379,10.917748268517848,10.976366996765137,84800,0.24,0.0
2023-08-18,10.888438514426577,11.320752143859863,10.80783794067084,11.320752143859863,74000,0.0,0.0
2023-08-21,11.364717725894712,11.364717725894712,11.049641515820172,11.078950881958008,55600,0.0,0.0
2023-08-22,11.137570421656818,11.24748107673453,10.998351097106934,10.998351097106934,57500,0.0,0.0
2023-08-23,10.998349150046584,11.357389022399866,10.991021634580516,11.320752143859863,76200,0.0,0.0
2023-08-24,11.379370619563437,11.42333501260191,11.225496292114258,11.225496292114258,48100,0.0,0.0
2023-08-25,11.203515166087223,11.203515166087223,11.020331464418833,11.03498649597168,66000,0.0,0.0
2023-08-28,11.027660385356906,11.034987902067012,10.778530407536905,10.983695983886719,84500,0.0,0.0
2023-08-29,10.983693538295551,11.232823460645147,10.917747300168859,11.203514099121094,152700,0.0,0.0
2023-08-30,10.998351289123374,11.196189353652509,10.939732551574707,10.939732551574707,42100,0.0,0.0
2023-08-31,11.04231428230473,11.04231428230473,10.65396499633789,10.65396499633789,100800,0.0,0.0
2023-09-01,10.771203157029435,11.12291628111191,10.771203157029435,10.939732551574707,115400,0.0,0.0
2023-09-04,10.939731172734847,11.137569212328545,10.881112442574464,10.903094291687012,71000,0.0,0.0
2023-09-05,10.895767540138905,11.056969408784667,10.778530071593055,10.961713790893555,64700,0.0,0.0
2023-09-06,11.02765792997678,11.313424030138716,10.903092968801982,11.203514099121094,117600,0.0,0.0
2023-09-08,11.203515294724893,11.635828947432538,11.130241533700067,11.298770904541016,92800,0.0,0.0
2023-09-11,11.862977998051699,11.870305514499345,11.23282555936276,11.481955528259277,120600,0.0,0.0
2023-09-12,11.503936663988004,11.63582915668846,11.386699203272212,11.577210426330566,60100,0.0,0.0
2023-09-13,11.643156314432183,11.7677205885172,11.577210070111056,11.650483131408691,45000,0.0,0.0
2023-09-14,11.65048262896946,11.672465175322058,11.408680209413552,11.503935813903809,86700,0.0,0.0
2023-09-15,11.503936407598372,11.503936407598372,11.100932121276855,11.100932121276855,160100,0.0,0.0
2023-09-18,10.888439155742756,10.939731068235925,10.39017995413899,10.55138111114502,216900,0.0,0.0
2023-09-19,10.192340734219533,10.46345252046028,10.185013218669429,10.404833793640137,137800,0.0,0.0
2023-09-20,10.397506771246263,10.624654872540763,10.397506771246263,10.55138111114502,107600,0.0,0.0
2023-09-21,10.48543635920005,10.536727576790554,10.316906974732001,10.470781326293945,113200,0.0,0.0
2023-09-22,10.478108072737792,10.573363683256089,10.331561248398248,10.412161827087402,75200,0.0,0.0
2023-09-25,10.412160270620655,10.609998279207534,10.272940983006947,10.294922828674316,66800,0.0,0.0
2023-09-26,10.316905655216802,10.316905655216802,9.891919538360824,10.111740112304688,234300,0.0,0.0
2023-09-27,9.686754587183248,9.694081404356357,9.107894103084764,9.188494682312012,1392400,0.0,0.0
2023-09-28,9.34236904970952,9.38633344682298,9.049275398254395,9.049275398254395,752200,0.0,0.0
2023-09-29,9.21047704972053,9.232459598848044,9.056602699780049,9.195822715759277,355300,0.0,0.0
2023-10-02,9.305731739066074,9.518224801260837,8.968673706054688,8.968673706054688,489500,0.0,0.0
2023-10-03,9.173839597792501,9.173839597792501,8.844108394345868,8.946691513061523,406900,0.0,0.0
2023-10-04,8.961345775083526,9.034619530564518,8.712216543786857,8.792817115783691,403000,0.0,0.0
2023-10-05,8.792815642740708,8.866089385946296,8.602304469438344,8.78548812866211,389300,0.0,0.0
2023-10-06,8.895400555979238,9.151857311873494,8.719543676211627,8.9979829788208,370400,0.0,0.0
2023-10-09,8.990655385394607,9.137202190216424,8.814798520818142,8.939363479614258,218500,0.0,0.0
2023-10-10,8.954018809899074,9.481587324957546,8.954018809899074,9.415641784667969,363200,0.0,0.0
2023-10-11,9.466934594420602,9.466934594420602,9.305732727050781,9.305732727050781,292100,0.0,0.0
2023-10-13,9.115220587636415,9.283749954695018,9.019965678748495,9.12254810333252,110400,0.0,0.0
2023-10-16,9.12254810333252,9.217803711010799,9.005310647356287,9.12254810333252,111600,0.0,0.0
2023-10-17,9.115221938425158,9.129876971989102,8.924711393627117,8.961347579956055,96900,0.0,0.0
2023-10-18,8.961346762696804,8.961346762696804,8.140683825301435,8.316540718078613,1030800,0.0,0.0
2023-10-19,8.375160177038842,8.536361352803297,8.287232072406285,8.514379501342773,243300,0.0,0.0
2023-10-20,8.514376988340365,8.572995707460862,8.265247082683118,8.536358833312988,237800,0.0,0.0
2023-10-23,8.521706734441736,8.690235421346918,8.470415516477626,8.602307319641113,172500,0.0,0.0
2023-10-24,8.653598369112453,8.719543914689769,8.485069000307233,8.572997093200684,159400,0.0,0.0
2023-10-25,8.572999398197425,8.682910067958366,8.419125019564548,8.455761909484863,230000,0.0,0.0
2023-10-26,8.529034301473349,8.565670486641636,8.40446931528794,8.419123649597168,233000,0.0,0.0
2023-10-27,8.426451712160704,8.572998558701054,8.082066098698018,8.089393615722656,236100,0.0,0.0
2023-10-30,8.250592928987505,8.250592928987505,8.030772378182974,8.1553373336792,317300,0.0,0.0
2023-10-31,8.148010599350622,8.206629325340959,8.045427479472362,8.169992446899414,155000,0.0,0.0
2023-11-01,8.35317591950376,8.616960878277558,8.265247832842599,8.594978332519531,169600,0.0,0.0
2023-11-03,8.646271265375296,9.254441127629885,8.646271265375296,9.085911750793457,277600,0.0,0.0
2023-11-06,9.342367522595037,9.408313758090387,8.95401832319942,9.225130081176758,137700,0.0,0.0
2023-11-07,9.415642842083173,9.562189668279446,9.25444098387208,9.342369079589844,305300,0.0,0.0
2023-11-08,9.408315459908685,9.43029730945322,9.10789428723525,9.129876136779785,325000,0.0,0.0
2023-11-09,9.16651334904635,9.261768965560973,9.041948365818795,9.195822715759277,190800,0.0,0.0
2023-11-10,9.525551821604429,9.635461755414507,9.188493806119121,9.2984037399292,556000,0.0,0.0
2023-11-13,9.415642908167936,9.466934122999028,9.30573226365652,9.452279090881348,286200,0.0,0.0
2023-11-14,9.525553703308105,9.664773026888653,9.415643747786117,9.525553703308105,400100,0.0,0.0
2023-11-16,9.591499062329548,9.635462760925293,9.510897783586698,9.635462760925293,390400,0.0,0.0
2023-11-17,9.704892825117726,9.951757909471759,9.650891271844277,9.797467231750488,246500,0.66,0.0
2023-11-20,9.797467591267615,10.252625659034333,9.743466036012585,10.190909385681152,448600,0.0,0.0
2023-11-21,10.160049375061886,10.22948035370721,9.97490058915161,10.144619941711426,120900,0.0,0.0
2023-11-22,10.244911308975352,10.453204290812083,10.152336895619928,10.376058578491211,195700,0.0,0.0
2023-11-23,10.41463180401065,10.553493796826599,10.136908554094816,10.460919380187988,178900,0.0,0.0
2023-11-24,10.499490035289247,10.607493874138218,10.368342779442624,10.453203201293945,199400,0.0,0.0
2023-11-27,10.545779571331051,10.599781132966505,10.35291601038603,10.406917572021484,127300,0.0,0.0
2023-11-28,10.414631705715188,10.568922398656646,10.268055731349817,10.491777420043945,209400,0.0,0.0
2023-11-29,10.73864089814752,10.73864089814752,10.298912306105686,10.352913856506348,220500,0.0,0.0
2023-11-30,10.360630729395695,10.460919869373038,10.221768730086128,10.406917572021484,251100,0.0,0.0
2023-12-01,10.406917572021484,10.406917572021484,10.406917572021484,10.406917572021484,0,0.0,0.0
2023-12-04,10.784928130091266,10.784928130091266,9.890041478095341,10.021188735961914,1080700,0.0,0.0
2023-12-05,10.067478223290216,10.229483647047662,9.94404565961142,10.183196067810059,156100,0.0,0.0
2023-12-06,10.22176723363905,10.3297710768145,10.198623815714306,10.283483505249023,90900,0.0,0.0
2023-12-07,10.260340140706765,10.638352490213583,10.214052568900462,10.607494354248047,196600,0.0,0.0
2023-12-08,10.661495655023932,10.669210372761071,10.260339897000321,10.345199584960938,220700,0.0,0.0
2023-12-11,10.345199776859,10.53806330956917,10.26034008732428,10.283483505249023,211000,0.0,0.0
2023-12-12,10.283484432785935,10.538064260068355,10.283484432785935,10.491777420043945,160600,0.0,0.0
2023-12-13,10.499491765445567,10.9083630355036,10.445490204980427,10.838932037353516,275300,0.0,0.0
2023-12-14,10.838930355139235,11.50238062258587,10.838930355139235,11.456093788146973,609800,0.0,0.0
2023-12-15,11.456093374187208,11.494665489587184,11.263229854323557,11.417520523071289,174600,0.0,0.0
2023-12-18,11.41752112893877,11.49466609954834,11.371233558000242,11.49466609954834,171100,0.0,0.0
2023-12-19,11.53323872423018,11.849534789610146,11.294088363647461,11.294088363647461,291700,0.0,0.0
2023-12-20,11.348090140388969,11.803248189134566,11.294088587390672,11.49466609954834,159200,0.0,0.0
2023-12-21,11.57181313625674,11.67210227172356,11.494667421061935,11.579527854919434,161000,0.0,0.0
2023-12-22,11.62581442290484,11.641243859868494,11.363519880251085,11.4638090133667,98200,0.0,0.0
2023-12-26,11.494666533674524,11.726102925675999,11.494666533674524,11.695244789123535,216500,0.0,0.0
2023-12-27,11.456094610099573,12.003827095031738,11.456094610099573,12.003827095031738,172000,0.0,0.0
2023-12-28,12.003827210501841,12.127259760003593,11.764676094055176,11.764676094055176,169000,0.0,0.0
2024-01-02,12.034684269106052,12.435840754743703,11.48695182800293,11.48695182800293,797000,0.0,0.0
2024-01-03,11.463807168302866,11.980681451939253,11.371232768568639,11.479236602783203,895800,0.0,0.0
2024-01-04,11.486952539361692,11.90353775024414,11.19379987456056,11.90353775024414,1004400,0.0,0.0
2024-01-05,11.90353674011062,12.258405647838254,11.664385650585412,12.096400260925293,189100,0.0,0.0
2024-01-08,12.096402191729059,12.42041301727295,11.888109202858246,12.42041301727295,139300,0.0,0.0
2024-01-09,12.227548283891347,12.374124980941193,11.996111897197265,12.158117294311523,297600,0.0,0.0
2024-01-10,12.158117321336672,12.320122718811035,11.949824352134206,12.320122718811035,162700,0.0,0.0
2024-01-11,12.320122108194322,12.33555080752834,11.872678791768415,12.034684181213379,220100,0.0,0.0
2024-01-12,12.119544901285119,12.204404594155182,11.880393787609822,11.942110061645508,107200,0.0,0.0
2024-01-15,11.980682394870088,12.497557454902678,11.965253694891379,12.350980758666992,235900,0.0,0.0
2024-01-16,12.47441223504268,12.87556870022197,12.204403019193855,12.736706733703613,448100,0.0,0.0
2024-01-17,12.736709411702247,12.736709411702247,12.250693162414978,12.266121864318848,396200,0.0,0.0
2024-01-18,12.273835300055968,12.335551572651966,11.648957856092498,11.726102828979492,503900,0.0,0.0
2024-01-19,11.880393510469485,12.073257046260977,11.648957856092498,11.726102828979492,226200,0.0,0.0
2024-01-22,11.803248755046196,11.918966584366682,11.610385215701376,11.82639217376709,232500,0.0,0.0
2024-01-23,11.849535710444652,12.01154111453563,11.695245024576106,11.957539558410645,187100,0.0,0.0
2024-01-24,12.034683381907863,12.62870334899179,11.96525240022627,12.374123573303223,305500,0.0,0.0
2024-01-25,12.536129543616747,12.536129543616747,12.034684656158472,12.18897533416748,316800,0.0,0.0
2024-01-26,12.188975684041361,12.273835375453142,12.034685001603574,12.212119102478027,98100,0.0,0.0
2024-01-29,12.212119078144386,12.38955317866529,11.957539268700305,12.050113677978516,144200,0.0,0.0
2024-01-30,12.073257467809555,12.073257467809555,11.764676094055176,11.764676094055176,122700,0.0,0.0
2024-01-31,11.97296990670057,12.289266020748775,11.787820333841553,12.266121864318848,209700,0.0,0.0
2024-02-01,12.05011423044496,12.728993998659385,11.98068323637407,12.644133567810059,370300,0.0,0.0
2024-02-02,12.736708466398822,12.852426297095697,12.150403123244995,12.489843368530273,545100,0.0,0.0
2024-02-05,12.489843485133564,12.543845041867453,12.019255968283279,12.250692367553711,349400,0.0,0.0
2024-02-06,12.258407932884914,12.327838195319051,11.957540519472651,12.119545936584473,173700,0.0,0.0
2024-02-07,12.119543653298523,12.32783587279147,11.895821999027463,12.242976188659668,381100,0.0,0.0
2024-02-08,12.227547965286552,12.227547965286552,11.57181167602539,11.57181167602539,329900,0.0,0.0
2024-02-09,11.571812514984865,12.03468530987067,11.448379965872924,11.81096363067627,492900,0.0,0.0
2024-02-14,11.579526488515109,11.864964423908006,11.579526488515109,11.84953498840332,107900,0.0,0.0
2024-02-15,11.972968875670123,11.972968875670123,11.710674344446604,11.82639217376709,94400,0.0,0.0
2024-02-16,11.826393678770382,12.188977384880808,11.764677397183428,12.111831665039062,142200,0.0,0.0
2024-02-19,12.173545966585625,12.258406391752125,11.980682434066832,11.996111869812012,206400,0.0,0.0
2024-02-20,11.996112353213748,12.219834030522113,11.841821668124533,11.942110061645508,276300,0.0,0.0
2024-02-21,11.888109713405909,11.957540712677968,11.803250011915665,11.895824432373047,106000,0.0,0.0
2024-02-22,11.880393214121723,12.088686180724498,11.880393214121723,12.026969909667969,70300,0.0,0.0
2024-02-23,12.003825727163512,12.026969143406204,11.81867619007418,11.965252876281738,193400,0.0,0.0
2024-02-26,11.965253255013808,12.227547766453073,11.84182071685791,11.84182071685791,287600,0.0,0.0
2024-02-27,12.227547198768608,12.227547198768608,11.672100067138672,11.672100067138672,489300,0.0,0.0
2024-02-28,11.741531224026566,12.080970693211126,11.60266925513855,11.965252876281738,238500,0.0,0.0
2024-02-29,12.111829627304983,12.23526216971219,11.841821124718214,12.18897533416748,314800,0.0,0.0
2024-03-01,12.196691000166533,12.566989391891102,12.196691000166533,12.559274673461914,340100,0.0,0.0
2024-03-04,12.566989475300359,12.574702722348654,12.242977920568313,12.366411209106445,312600,0.0,0.0
2024-03-05,12.458983361596282,12.829280974695575,12.435840680422524,12.651846885681152,207900,0.0,0.0
2024-03-06,12.64413260884124,12.999002270670532,12.64413260884124,12.852425575256348,243900,0.0,0.0
2024-03-07,12.86014154955653,13.245868648857646,12.767566398294134,13.022146224975586,330200,0.0,0.0
2024-03-08,13.014432085411853,13.269011894636018,12.890998068382187,13.037574768066406,244900,0.0,0.0
2024-03-11,13.037573546942276,13.222722347997369,12.844710028580906,12.883283615112305,209200,0.0,0.0
2024-03-12,13.006715949552436,13.045288064060047,12.644131598880756,12.736706733703613,240100,0.0,0.0
2024-03-13,12.821568242773674,12.821568242773674,12.358695472121084,12.659562110900879,282800,0.0,0.0
2024-03-14,12.536129950417083,12.636418342590332,12.358695848877941,12.636418342590332,208300,0.0,0.0
2024-03-15,12.628704893613168,12.883284700439482,12.497557631221918,12.80613899230957,162200,0.0,0.0
2024-03-18,12.806138165306148,12.960428100170137,12.682705628842196,12.728992462158203,177700,0.0,0.0
2024-03-19,12.72899389896579,13.045289993286133,12.590131911911579,13.045289993286133,165900,0.0,0.0
2024-03-20,12.91414101290555,13.1147192485732,12.852424745887186,12.883283615112305,302400,0.0,0.0
2024-03-21,12.890997114480177,13.060717955692036,12.728992462158203,12.728992462158203,106000,0.0,0.0
2024-03-22,12.728994692892272,12.728994692892272,12.204405585271203,12.266121864318848,188100,0.0,0.0
2024-03-25,12.266119986419998,12.390491175227128,12.110656000411085,12.28166675567627,140100,0.12,0.0
2024-03-26,12.437130741685182,12.437130741685182,12.188388364070923,12.28166675567627,90700,0.0,0.0
2024-03-27,12.281666323033628,12.553728103637695,12.227253373864228,12.553728103637695,141200,0.0,0.0
2024-03-28,12.577049289301529,12.973483028190277,12.483770152012934,12.942389488220215,208800,0.0,0.0
2024-04-01,12.942387240998483,13.097851948611854,12.748057097792437,12.825789451599121,196500,0.0,0.0
2024-04-02,12.903523680306842,12.903523680306842,12.61591437421845,12.802471160888672,167500,0.0,0.0
2024-04-03,12.748058105703457,13.144491807101943,12.577048099905099,12.856884002685547,280900,0.0,0.0
2024-04-04,12.856884497017703,13.051214663060014,12.654780946419116,12.670326232910156,157200,0.0,0.0
2024-04-05,12.647007287297068,12.802470527182917,12.514862717952287,12.748058319091797,122900,0.0,0.0
2024-04-08,12.748057745314297,12.965708050504027,12.647006718067775,12.887975692749023,262700,0.0,0.0
2024-04-09,12.973482042250433,13.035667634843078,12.748058342463679,12.926841735839844,148600,0.0,0.0
2024-04-10,12.748059344467466,12.996801734389313,12.748059344467466,12.78692626953125,123400,0.0,0.0
2024-04-11,12.748058635928802,12.856884537437248,12.475996106089951,12.522636413574219,136800,0.0,0.0
2024-04-12,12.67809854275677,12.67809854275677,11.893005301893565,12.126201629638672,328800,0.0,0.0
2024-04-15,12.08733652545716,12.406037880458367,11.87745958944519,12.07956314086914,364600,0.0,0.0
2024-04-16,12.12620377186343,12.12620377186343,11.667584419250488,11.667584419250488,255500,0.0,0.0
2024-04-17,11.760861511156026,11.89300608082267,11.426613394786196,11.543211936950684,167600,0.0,0.0
2024-04-18,11.582078730672416,11.690903901155558,11.139006146046098,11.232284545898438,360800,0.0,0.0
2024-04-19,11.201192558113501,11.659811946623776,11.1545537254611,11.644265174865723,115300,0.0,0.0
2024-04-22,11.644263892946553,11.644263892946553,11.310016491365428,11.348882675170898,243100,0.0,0.0
2024-04-23,11.348882352300281,11.620944148576939,11.294469399996329,11.403294563293457,109000,0.0,0.0
2024-04-24,11.387746690373815,11.481025816340052,11.32556110060346,11.434386253356934,84800,0.0,0.0
2024-04-25,11.37220266077858,11.481027832643987,11.193418502807617,11.193418502807617,217400,0.0,0.0
2024-04-26,11.177872253365665,11.659811019897461,11.177872253365665,11.659811019897461,189000,0.0,0.0
2024-04-29,11.488800048828125,11.628718015827769,11.449933864515913,11.488800048828125,72200,0.0,0.0
2024-04-30,11.41106827273533,11.457707100253256,11.193417939949018,11.348882675170898,146800,0.0,0.0
2024-05-02,11.411067452512102,11.558758050783984,11.123458899122095,11.310015678405762,354200,0.0,0.0
2024-05-03,11.41106985429398,11.807502908384617,11.286698641927437,11.589853286743164,307800,0.0,0.0
2024-05-06,11.667583417334257,11.683129445229637,11.449933096312863,11.47325325012207,92400,0.0,0.0
2024-05-07,11.473252553735431,11.59762373459261,11.35665401569879,11.387746810913086,139700,0.0,0.0
2024-05-08,11.387747502109823,11.620943851026599,11.348882061715992,11.47325325012207,176100,0.0,0.0
2024-05-09,11.37220177989718,11.411067962646484,11.100139241962824,11.411067962646484,241200,0.0,0.0
2024-05-10,11.628716896519435,12.0951095807523,11.62094351214305,11.96296501159668,350900,0.0,0.0
2024-05-13,11.962965699515145,12.34385266013176,11.962965699515145,12.219481468200684,325200,0.0,0.0
2024-05-14,12.32053493713252,12.32053493713252,11.760863755354881,11.838595390319824,240000,0.0,0.0
2024-05-15,11.965463891595512,11.965463891595512,11.624499473243702,11.71965217590332,374500,0.3,0.0
2024-05-16,11.743441070063204,11.91788731575073,11.63242920409312,11.814805030822754,207500,0.0,0.0
2024-05-17,11.703794798917947,11.83066508028185,11.616570913325369,11.632430076599121,133500,0.0,0.0
2024-05-20,11.664146667811348,11.75929937084683,11.600711532454362,11.680005073547363,183800,0.0,0.0
2024-05-21,11.616571455397313,11.672077773239044,11.362830880829039,11.568995475769043,279300,0.0,0.0
2024-05-22,11.568995035297192,11.60864218761562,11.378689611616576,11.553135871887207,152900,0.0,0.0
2024-05-23,11.624500349977865,11.687935489868634,11.442124511843534,11.537277221679688,137000,0.0,0.0
2024-05-24,11.529347251773473,11.6958646774292,11.48177052035477,11.6958646774292,137500,0.0,0.0
2024-05-27,11.69586530127733,11.69586530127733,11.3311128616333,11.3311128616333,182200,0.0,0.0
2024-05-28,11.354901616411233,11.434195926284909,11.124949025225472,11.27560806274414,608800,0.0,0.0
2024-05-29,11.307324778526704,11.354900755880099,11.148736927004515,11.19631290435791,132600,0.0,0.0
2024-05-31,11.220101743349934,11.315255217680978,11.180455344619679,11.27560806274414,122400,0.0,0.0
2024-06-03,11.283536448413422,11.315254776090315,11.021866294731481,11.259748458862305,413400,0.0,0.0
2024-06-04,11.259747298453933,11.259747298453933,10.966359603537637,10.990147590637207,334700,0.0,0.0
2024-06-05,11.02979473994081,11.132877025647586,10.823630168527258,10.990147590637207,312300,0.0,0.0
2024-06-06,10.990147323621269,11.053582458483225,10.91085378314705,11.021864891052246,322900,0.0,0.0
2024-06-07,11.05358321955221,11.093230370622361,10.76019551156351,10.966360092163086,252200,0.0,0.0
2024-06-10,10.990149279644106,10.990149279644106,10.760196685791016,10.760196685791016,196200,0.0,0.0
2024-06-11,10.863277828009004,10.926712967391317,10.704689979553223,10.704689979553223,231200,0.0,0.0
2024-06-12,10.783984536611243,10.839490095830229,10.450949668884277,10.450949668884277,185100,0.0,0.0
2024-06-13,10.538172203187518,10.538172203187518,10.316149222648281,10.339937210083008,276000,0.0,0.0
2024-06-14,10.363725516056936,10.561960515254393,10.268572807186938,10.482666969299316,334000,0.0,0.0
2024-06-17,10.538172276938417,10.538172276938417,10.24478457583526,10.252714157104492,359200,0.0,0.0
2024-06-18,10.395444651212653,10.609538845567172,10.26857435361292,10.554033279418945,269000,0.0,0.0
2024-06-19,10.657113048711334,10.657113048711334,10.324078951251243,10.435090065002441,648100,0.0,0.0
2024-06-20,10.427161166068922,10.69676089917661,10.427161166068922,10.466808319091797,207500,0.0,0.0
2024-06-21,10.554032344009407,10.998078346252441,10.458878873036486,10.998078346252441,241500,0.0,0.0
2024-06-24,10.998078815563769,11.497631156559056,10.879138106082,11.410408020019531,134100,0.0,0.0
2024-06-25,11.42626525261152,11.60071226394636,11.28353581095515,11.402477264404297,265900,0.0,0.0
2024-06-26,11.47384161322279,11.53727675052301,11.220100307815429,11.299394607543945,252800,0.0,0.0
2024-06-27,11.521417935694288,11.537277098601054,11.267677378838094,11.450053215026855,160000,0.0,0.0
2024-06-28,11.450052946578495,11.489700096709369,11.243889127069636,11.481770515441895,410000,0.0,0.0
2024-07-01,11.497629973439706,11.497629973439706,11.228030253069457,11.402477264404297,246000,0.0,0.0
2024-07-02,11.402476541399695,11.402476541399695,11.148736000061035,11.148736000061035,184400,0.0,0.0
2024-07-03,11.331113081726373,11.481771355802714,11.117019665280358,11.339042663574219,443000,0.0,0.0
2024-07-04,11.346972569130713,11.457983693341317,11.25974867872916,11.267678260803223,297900,0.0,0.0
2024-07-05,11.267678563676139,11.42626642838736,11.077373126022673,11.410408020019531,385400,0.0,0.0
2024-07-08,11.34697029285461,11.568993252943136,11.220099273740466,11.378687858581543,218300,0.0,0.0
2024-07-09,11.378689469527611,11.47384218017972,11.29146558427495,11.457983016967773,155900,0.0,0.0
2024-07-10,11.346972245422064,11.600712814900762,11.339042663574219,11.339042663574219,305800,0.0,0.0
2024-07-11,11.545206656827323,11.58485305160146,11.354900483361536,11.442124366760254,264100,0.0,0.0
2024-07-12,11.48177052035477,11.735511827577037,11.442124126413423,11.6958646774292,371200,0.0,0.0
2024-07-15,11.69586464877006,11.822734923967069,11.473841667175293,11.473841667175293,235800,0.0,0.0
2024-07-16,11.513487994962084,11.695863813481349,11.50555841427696,11.616569519042969,292000,0.0,0.0
2024-07-17,11.537275980811025,11.695863813481349,11.537275980811025,11.616569519042969,226300,0.0,0.0
2024-07-18,11.664147278481355,11.775159149271278,11.473841862447058,11.52934741973877,239900,0.0,0.0
2024-07-19,11.52934768940464,11.727582691461945,11.418335816018201,11.49763011932373,129200,0.0,0.0
2024-07-22,11.561064792321615,11.69586464877006,11.410406529576788,11.473841667175293,234100,0.0,0.0
2024-07-23,11.505559781981072,11.608642074522127,11.164595334053471,11.19631290435791,243300,0.0,0.0
2024-07-24,11.283536490551535,11.307325236398043,10.998078346252441,10.998078346252441,336600,0.0,0.0
2024-07-25,11.21217237883487,11.339042663574219,10.91878465632349,11.339042663574219,188500,0.0,0.0
2024-07-26,11.418336316214003,11.418336316214003,10.982219897548472,11.259748458862305,253600,0.0,0.0
2024-07-29,11.394546984437026,11.394546984437026,11.04565373936133,11.156664848327637,181200,0.0,0.0
2024-07-30,11.204242340642331,11.228030329010446,10.974289769866509,11.101160049438477,273800,0.0,0.0
2024-07-31,11.021864891052246,11.196311890025857,11.021864891052246,11.021864891052246,145500,0.0,0.0
2024-08-01,11.259747529741837,11.259747529741837,11.029794966505229,11.21217155456543,283500,0.0,0.0
2024-08-02,11.156665894712676,11.291465759277344,11.061513182585829,11.291465759277344,139200,0.0,0.0
2024-08-05,10.998077564769169,11.14873658626555,10.783984160809183,11.045654296875,197600,0.0,0.0
2024-08-06,11.243888973365278,11.243888973365278,10.918783707907998,11.117018699645996,180700,0.0,0.0
2024-08-07,11.117020412749003,11.505560874938965,11.061514092288581,11.505560874938965,606200,0.0,0.0
2024-08-08,11.378689371952765,11.727582641351994,11.29146548744807,11.537277221679688,275600,0.0,0.0
2024-08-09,11.89410074000736,12.171630059756822,11.616571420257898,12.052688598632812,362500,0.0,0.0
2024-08-12,12.052687596901631,12.322287312261025,11.973394052282483,12.092334747314453,297400,0.0,0.0
2024-08-13,12.1636993171143,12.290569591908707,11.981322729942475,11.99718189239502,366100,0.0,0.0
2024-08-14,12.215606769172881,12.272235161512798,12.0861692314611,12.134708404541016,604000,0.3,0.0
2024-08-15,12.134709119543993,12.369313464995017,12.045721530408787,12.2236967086792,263800,0.0,0.0
2024-08-16,12.223696933837772,12.506840460444202,12.175158528507781,12.183248519897461,173000,0.0,0.0
2024-08-19,12.199427408945606,12.409762550497364,12.167068215745646,12.353134155273438,226600,0.0,0.0
2024-08-20,12.239875170829034,12.417851098496842,12.00527085451853,12.078079223632812,306000,0.0,0.0
2024-08-21,12.078080946343759,12.312685296116157,12.069990954954081,12.183248519897461,206900,0.0,0.0
2024-08-22,12.183248634394701,12.231787040180851,12.09426027128001,12.110440254211426,325700,0.0,0.0
2024-08-23,12.256055707110457,12.5553792062197,12.142798917559517,12.377403259277344,172600,0.0,0.0
2024-08-26,12.442121658774054,12.628186825527843,12.231786518657932,12.328864097595215,289500,0.0,0.0
2024-08-27,12.45021137107953,12.458300590515137,12.167067860225275,12.458300590515137,343100,0.0,0.0
2024-08-28,12.490658722765488,12.628185471051776,12.345042755730073,12.531107902526855,223600,0.0,0.0
2024-08-29,12.612007530145307,12.612007530145307,12.328864014850526,12.409762382507324,148700,0.0,0.0
2024-08-30,12.466392034853733,12.700996398925781,12.28841607095298,12.700996398925781,128200,0.0,0.0
2024-09-02,12.312686353835886,12.320775574416427,11.981004393406371,12.102351188659668,1016600,0.0,0.0
2024-09-03,12.239876403615071,12.239876403615071,11.786846934333123,11.892014503479004,688000,0.0,0.0
2024-09-04,11.892014137860812,12.231786036500035,11.851564955355384,12.150888442993164,281200,0.0,0.0
2024-09-05,12.158979038100757,12.434032584455675,12.158979038100757,12.369314193725586,276400,0.0,0.0
2024-09-06,12.37740234421218,12.563467497006595,12.336953163146973,12.336953163146973,354600,0.0,0.0
2024-09-09,12.37740341360234,12.498750195778195,12.264145851135254,12.264145851135254,207300,0.0,0.0
2024-09-10,12.264144424544815,12.53919792175293,12.223695244689987,12.53919792175293,255200,0.0,0.0
2024-09-11,12.53919792175293,12.612006291190834,12.353132774526227,12.53919792175293,358300,0.0,0.0
2024-09-12,12.579647920995088,12.676725496067554,12.2965044150724,12.603917121887207,311300,0.0,0.0
2024-09-13,12.620097972634811,12.895150735197783,12.620097972634811,12.684816360473633,350300,0.0,0.0
2024-09-16,12.943689521544094,12.943689521544094,12.377403259277344,12.377403259277344,249900,0.0,0.0
2024-09-17,12.450211114813042,12.644366264343262,12.393581950905407,12.644366264343262,113400,0.0,0.0
2024-09-18,12.684814652119163,12.71717384168053,12.442120344656937,12.587737083435059,149700,0.0,0.0
2024-09-19,12.58773810606964,12.74144407609731,12.555378913879395,12.555378913879395,164600,0.0,0.0
2024-09-20,12.5553783174187,12.579647517532443,12.256054839498706,12.296504020690918,237000,0.0,0.0
2024-09-23,12.361222363184513,12.417851525277388,12.215606391455307,12.336953163146973,190400,0.0,0.0
2024-09-24,12.377402995631064,12.458300590515137,12.23987623567374,12.458300590515137,188300,0.0,0.0
2024-09-25,12.458300003000994,12.49874918428751,12.239875658460154,12.304594039916992,165300,0.0,0.0
2024-09-26,12.312685894095445,12.377404285347914,12.191338331869005,12.34504508972168,348400,0.0,0.0
2024-09-27,12.377403259277344,12.442121645164743,12.256055707110457,12.377403259277344,182300,0.0,0.0
2024-09-30,12.417851525277388,12.539198296969053,12.336953163146973,12.336953163146973,174600,0.0,0.0
2024-10-01,12.385493447476343,12.4259418606716,12.19942750646124,12.2236967086792,271900,0.0,0.0
2024-10-02,12.264144351856944,12.692903804167488,12.264144351856944,12.620096206665039,343600,0.0,0.0
2024-10-03,12.377402422195027,12.571557566726536,12.23987566860922,12.256054878234863,189900,0.0,0.0
2024-10-04,12.256054801016555,12.37740234421218,12.215606391455307,12.336953163146973,159100,0.0,0.0
2024-10-07,12.336954229042378,12.466391002431031,12.199427464440928,12.264145851135254,360200,0.0,0.0
2024-10-08,12.28841579221417,12.361224174499512,12.247967376725933,12.361224174499512,115400,0.0,0.0
2024-10-09,12.369313636237624,12.401672830144232,12.150889270244027,12.167068481445312,228900,0.0,0.0
2024-10-10,12.231785600979014,12.336953163146973,12.183247200903931,12.336953163146973,248300,0.0,0.0
2024-10-11,12.256054839498706,12.32077322080466,12.134708067426029,12.296504020690918,230700,0.0,0.0
2024-10-14,12.320775574416427,12.401673952254697,12.102351188659668,12.102351188659668,643400,0.0,0.0
2024-10-15,12.304594175627667,12.328863376065662,12.126618238906433,12.239875793457031,138000,0.0,0.0
2024-10-16,12.288414155030564,12.39358171859748,12.175157372346172,12.280324935913086,179900,0.0,0.0
2024-10-17,12.288413207532505,12.288413207532505,12.158976453585437,12.23178482055664,232200,0.0,0.0
2024-10-18,12.25605602883907,12.312685196605106,12.207517623901367,12.207517623901367,173800,0.0,0.0
2024-10-21,12.23987589008271,12.377402646156986,12.215606689453125,12.215606689453125,230000,0.0,0.0
2024-10-22,12.199427297850349,12.32077407836914,12.086169736929866,12.32077407836914,245200,0.0,0.0
2024-10-23,12.215607713952135,12.345044490170832,12.13470934306343,12.183248519897461,285800,0.0,0.0
2024-10-24,12.183247200903931,12.336953163146973,12.086168857745848,12.336953163146973,200400,0.0,0.0
2024-10-25,12.336953725631039,12.336953725631039,12.029541015625,12.029541015625,387200,0.0,0.0
2024-10-28,12.09425908675911,12.239875832863845,12.06189989556961,12.199426651000977,173100,0.0,0.0
2024-10-29,12.094258565910698,12.199426125623445,12.013360977172852,12.013360977172852,170400,0.0,0.0
2024-10-30,12.118529332577147,12.207517694652077,11.989092556654386,12.175158500671387,188300,0.0,0.0
2024-10-31,12.256055191542831,12.256055191542831,12.069990032819646,12.086169242858887,296500,0.0,0.0
2024-11-01,12.086170279814302,12.256056243073926,12.037631874028152,12.110440254211426,322900,0.0,0.0
2024-11-04,12.150888772507587,12.595827477621432,12.12661879944377,12.442121505737305,542100,0.0,0.0
2024-11-05,12.442121630391949,12.490660033997859,12.32077407836914,12.32077407836914,512900,0.0,0.0
2024-11-06,12.442121380139922,12.579648140097245,12.29650462924299,12.458300590515137,305800,0.0,0.0
2024-11-07,12.579648811182036,12.58773880255322,12.15897851792902,12.175158500671387,249900,0.0,0.0
2024-11-08,12.539198375971285,12.555378357100892,12.256054878234863,12.256054878234863,368900,0.0,0.0
2024-11-11,12.29650482208861,12.409762382507324,12.272235620393174,12.409762382507324,197200,0.0,0.0
2024-11-12,12.466390581454743,12.555378938782422,12.288414638303385,12.458300590515137,837300,0.0,0.0
2024-11-13,12.62496627782099,12.62496627782099,12.31663385566914,12.374967575073242,382100,0.45,0.0
2024-11-14,12.408300424136602,12.833298683166504,12.34996670644507,12.833298683166504,378100,0.0,0.0
2024-11-18,12.62496651192805,12.933299734523874,12.583300590515137,12.583300590515137,283500,0.0,0.0
2024-11-19,12.624965463607069,12.733298598683463,12.583299545653908,12.608299255371094,197200,0.0,0.0
2024-11-21,12.616633721002273,12.616633721002273,12.241634072955195,12.249967575073242,348000,0.0,0.0
2024-11-22,12.408301179161818,12.449967101114183,12.208301098048477,12.341634750366211,190300,0.0,0.0
2024-11-25,12.341634092351905,12.499966653618083,12.27496687238425,12.333300590515137,170700,0.0,0.0
2024-11-26,12.37496804509169,12.599967045055735,12.324967825807166,12.433300971984863,218700,0.0,0.0
2024-11-27,12.458299665397597,12.624965724838162,12.224967182180805,12.291633605957031,481900,0.0,0.0
2024-11-28,12.858299776673645,13.024965846145209,12.391633987426758,12.391633987426758,1195300,0.0,0.0
2024-11-29,12.416633451510696,12.666632948094946,12.391633740270219,12.658299446105957,633300,0.0,0.0
2024-12-02,12.67496723537192,12.983299675529103,12.67496723537192,12.8999662399292,547300,0.0,0.0
2024-12-03,12.991632945349794,13.183298731179619,12.916633013598462,12.933300018310547,584900,0.0,0.0
2024-12-04,13.116633023397723,13.483299199970531,12.958300443554855,13.1499662399292,756000,0.0,0.0
2024-12-05,13.149965748410134,13.237632521153792,12.623966784052806,12.641500473022461,1065400,0.78,0.0
2024-12-06,12.781767051503797,12.825600439284868,12.545068095169752,12.7204008102417,364700,0.0,0.0
2024-12-09,12.799300642747363,13.018466743917335,12.623967092969522,12.81683349609375,356700,0.0,0.0
2024-12-10,12.808065826539638,12.93956598040425,12.746699589700848,12.88696575164795,262100,0.0,0.0
2024-12-11,13.018466034374965,13.035998886765764,12.72916686348239,12.957098960876465,401400,0.0,0.0
2024-12-12,12.957098823986293,12.957098823986293,12.360967636108398,12.360967636108398,401800,0.0,0.0
2024-12-13,12.501234378809261,12.580134307530935,12.299601134736951,12.448634147644043,261700,0.0,0.0
2024-12-16,12.466167614849825,12.536300697787048,12.176868438720703,12.176868438720703,376900,0.0,0.0
2024-12-17,12.194400916370874,12.255767153040455,12.036601066589355,12.036601066589355,339500,0.0,0.0
2024-12-18,12.027835898603932,12.238235155639583,11.624570237926106,11.668403625488281,436900,0.0,0.0
2024-12-19,11.703470036391021,11.89633560180664,11.66840349394706,11.89633560180664,333900,0.0,0.0
2024-12-20,11.896335240930284,12.308367729187012,11.826202158169858,12.308367729187012,439700,0.0,0.0
2024-12-23,12.229467832897473,12.28206806312654,12.14180189725209,12.176868438720703,390100,0.0,0.0
2024-12-26,12.185635076026307,12.185635076026307,11.738536858237014,11.905102729797363,591400,0.0,0.0
2024-12-27,11.905102606399142,12.062902467543474,11.685936504166387,11.834969520568848,556800,0.0,0.0
2024-12-30,11.922634734091268,11.922634734091268,11.510602281772744,11.519369125366211,484200,0.0,0.0
2025-01-02,11.57197035301998,11.61580374189799,11.282671156898406,11.387870788574219,785400,0.0,0.0
2025-01-03,11.440469832245144,11.571969149146476,10.975837965001206,11.116104125976562,2426500,0.0,0.0
2025-01-06,11.396635572610956,11.405402416011647,11.037203353704655,11.089802742004395,575000,0.0,0.0
2025-01-07,11.098570918652639,11.273903627467785,10.967071596054353,11.002138137817383,450500,0.0,0.0
2025-01-08,11.010904831529597,11.037204528478744,10.782971895164204,10.8355712890625,603900,0.0,0.0
2025-01-09,10.861872265939448,10.923238506679317,10.686538716307263,10.78297233581543,340700,0.0,0.0
2025-01-10,10.861871916797398,10.861871916797398,10.633938978444052,10.73913860321045,415100,0.0,0.0
2025-01-13,10.756672283830726,11.019670927520075,10.747905439427134,10.967071533203125,569200,0.0,0.0
2025-01-14,10.967071057218797,11.124870069373276,10.932004517178662,11.081037521362305,205800,0.0,0.0
2025-01-15,11.12487010874102,11.536902582709876,11.12487010874102,11.475536346435547,286500,0.0,0.0
2025-01-16,11.475537255597173,11.510603798539583,11.21253776550293,11.21253776550293,306400,0.0,0.0
2025-01-17,11.256370795577263,11.528136285733826,11.054737553025076,11.396636962890625,197300,0.0,0.0
2025-01-20,11.607037245910767,11.607037245910767,11.221305251501317,11.4317045211792,168900,0.0,0.0
2025-01-21,11.519369040556757,11.650868349281737,11.379102052250637,11.615801811218262,162400,0.0,0.0
2025-01-22,11.756069564560304,11.756069564560304,11.536903462801753,11.668403625488281,250500,0.0,0.0
2025-01-23,11.66840260349253,11.66840260349253,11.282669829993198,11.405403137207031,274800,0.0,0.0
2025-01-24,11.721002546373143,11.721002546373143,11.308970057682485,11.554436683654785,153900,0.0,0.0
2025-01-27,11.554435710224032,11.77360178463009,11.39663586911496,11.685935020446777,179000,0.0,0.0
2025-01-28,11.685936540564189,11.87880294522438,11.519370670211522,11.703470230102539,250800,0.0,0.0
2025-01-29,11.703469798058514,11.826202276086859,11.528136253356934,11.528136253356934,192700,0.0,0.0
2025-01-30,11.65086934006553,11.94016851270411,11.580736257974499,11.782368659973145,300100,0.0,0.0
2025-01-31,11.878802488315602,12.010301810585881,11.791135716100547,11.984002113342285,210200,0.0,0.0
2025-02-03,11.992770642040506,12.071670580904312,11.843737609976076,12.010303497314453,220100,0.0,0.0
2025-02-04,12.010302260409725,12.062902492919264,11.905102631442983,12.001535415649414,167200,0.0,0.0
2025-02-05,12.001534910847061,12.001534910847061,11.721002578735352,11.721002578735352,224000,0.0,0.0
2025-02-06,11.747302452666256,12.07166901161783,11.747302452666256,12.0541353225708,177700,0.0,0.0
2025-02-07,12.071667982766412,12.09796767804316,11.79113483428955,11.79113483428955,165100,0.0,0.0
2025-02-10,11.922635684910297,11.922635684910297,11.773602676144996,11.878802299499512,151100,0.0,0.0
2025-02-11,11.834969468709472,12.220701439085868,11.834969468709472,12.194401741027832,156400,0.0,0.0
2025-02-12,12.25576845386746,12.25576845386746,11.913869857788086,11.913869857788086,176600,0.0,0.0
2025-02-13,12.150568306850724,12.150568306850724,11.791136035914182,11.931402206420898,282400,0.0,0.0
2025-02-14,11.931402329671585,12.159335277125695,11.81743585594453,12.001535415649414,405000,0.0,0.0
2025-02-17,12.010302931119375,12.518768250879807,12.010302931119375,12.483701705932617,280100,0.0,0.0
2025-02-18,12.483701341793026,12.80806708210613,12.27330207824707,12.27330207824707,320300,0.0,0.0
2025-02-19,12.413567617371063,12.623966870127651,12.203168364614475,12.220701217651367,225700,0.0,0.0
2025-02-20,12.185633789438885,12.38726701904129,12.097967858524482,12.255766868591309,195700,0.0,0.0
2025-02-21,12.255767635200868,12.273301324111848,11.843735978420487,11.852502822875977,256200,0.0,0.0
2025-02-24,11.861268132841154,12.071668207122212,11.764835357666016,11.764835357666016,167600,0.0,0.0
2025-02-25,11.712235607478487,11.922635690335543,11.650869369506836,11.650869369506836,211300,0.0,0.0
2025-02-26,11.659635278652802,11.799901431939391,11.519369125366211,11.519369125366211,229000,0.0,0.0
2025-02-27,11.528136285733826,11.62456990280099,11.361570421062284,11.396636962890625,365900,0.0,0.0
2025-02-28,11.396636836541257,11.501836460859979,11.256370670782962,11.32650375366211,470700,0.0,0.0
2025-03-05,11.335269590164506,11.756068050024277,11.308969059384104,11.519369125366211,146600,0.0,0.0
2025-03-06,11.624570000695392,11.624570000695392,11.256370890370937,11.300204277038574,336400,0.0,0.0
2025-03-07,11.379102052250637,11.773601650530011,11.308968976123685,11.615801811218262,202300,0.0,0.0
2025-03-10,11.808668544092699,11.808668544092699,11.528135395087242,11.659635543823242,229400,0.0,0.0
2025-03-11,11.659636444629331,11.659636444629331,11.370337265532445,11.396636962890625,182100,0.0,0.0
2025-03-12,11.396636422052973,11.475536346435547,11.291436801560293,11.475536346435547,177500,0.0,0.0
2025-03-13,11.475536756453138,11.589503225071928,11.41417051798621,11.554436683654785,135300,0.0,0.0
2025-03-14,11.598268515769087,12.010300978966123,11.598268515769087,11.826201438903809,205600,0.0,0.0
2025-03-17,11.966466723392884,12.150566250032105,11.808667726310823,12.089200019836426,275600,0.0,0.0
2025-03-18,12.185634582774618,12.185634582774618,11.834969164182718,12.019068717956543,228800,0.0,0.0
2025-03-19,12.054134171130034,12.054134171130034,11.896334328989436,11.948934555053711,282400,0.0,0.0
2025-03-20,12.036601507829477,12.185634518963688,11.948935571666723,11.984002113342285,185100,0.0,0.0
2025-03-21,12.176867681029249,12.317133838175797,11.984001296926621,12.28206729888916,232300,0.0,0.0
2025-03-24,12.290834120104233,12.562599590062462,12.247000737063544,12.413566589355469,233900,0.0,0.0
2025-03-25,12.45740077155789,12.606433781825583,12.413567385705221,12.474933624267578,199200,0.0,0.0
2025-03-26,12.615201444858586,12.676567687403251,12.492468123716908,12.632734298706055,209100,0.0,0.0
2025-03-27,12.641500597784812,12.711633682250977,12.580134357889996,12.711633682250977,217800,0.0,0.0
2025-03-28,12.613988913798249,12.6228659564381,12.232284545898438,12.232284545898438,414100,0.18,0.0
2025-03-31,12.241160636438796,12.241160636438796,12.01036262512207,12.01036262512207,219900,0.0,0.0
2025-04-01,12.07250225880835,12.161270147343451,12.001487609355712,12.036994934082031,285700,0.0,0.0
2025-04-02,12.18790079047339,12.205654876643447,11.965979792716237,12.116886138916016,383800,0.0,0.0
2025-04-03,12.161269778086519,12.347683438879903,12.019240483493725,12.20565414428711,259400,0.0,0.0
2025-04-04,12.14351641937894,12.179023742675781,11.95710276043018,12.179023742675781,389000,0.0,0.0
2025-04-07,11.983733878886293,12.267792485115795,11.894965141158861,12.116886138916016,417100,0.0,0.0
2025-04-08,12.17014682063891,12.4542054098245,12.134639496990713,12.20565414428711,312100,0.0,0.0
2025-04-09,12.205652488393243,12.61398707823103,12.081376449203914,12.516342163085938,354200,0.0,0.0
2025-04-10,12.534096120336471,12.578480483069143,12.187899106895202,12.427574157714844,265700,0.0,0.0
2025-04-11,12.551849481916996,12.551849481916996,12.36543584641363,12.516342163085938,280900,0.0,0.0
2025-04-14,12.498590084451783,12.764895441665553,12.498590084451783,12.702757835388184,274000,0.0,0.0
2025-04-15,12.702756525502066,12.756017083515848,12.560726395488933,12.587357521057129,178900,0.0,0.0
2025-04-16,12.587358353668236,12.729387646514821,12.551851030456591,12.622865676879883,276800,0.0,0.0
2025-04-17,12.631742699343855,12.738265522510678,12.542974808786726,12.720511436462402,255800,0.0,0.0
2025-04-22,12.525219191097463,12.853662123774317,12.525219191097463,12.773771286010742,379600,0.0,0.0
2025-04-23,12.871416091918945,12.977938054540573,12.738263850282237,12.871416091918945,231200,0.0,0.0
2025-04-24,12.844785816748107,13.057829742055123,12.658372170464142,12.933553695678711,272200,0.0,0.0
2025-04-25,12.986815452575684,13.13772178206874,12.915800808880284,12.986815452575684,189700,0.0,0.0
2025-04-28,12.986815100286117,13.031199463032072,12.809278495863605,12.933553695678711,219400,0.0,0.0
2025-04-29,12.960185291010442,13.013445850986994,12.835909240129592,12.88917064666748,241800,0.0,0.0
2025-04-30,12.78264678494126,13.048952102661133,12.729386229334045,13.048952102661133,627300,0.0,0.0
2025-05-02,12.915800217689316,13.208735821164717,12.906923175993386,12.94243049621582,368500,0.0,0.0
2025-05-05,12.862538697554562,13.155474298376289,12.853661655939048,13.137721061706543,176700,0.0,0.0
2025-05-06,13.137721061706543,13.190981618277066,12.995691782103437,13.137721061706543,488500,0.0,0.0
2025-05-07,13.146597979662001,13.190981494199528,13.004567854833581,13.111090660095215,211500,0.0,0.0
2025-05-08,13.164352278378828,13.803484928713017,13.146599040443588,13.705839157104492,281800,0.0,0.0
2025-05-09,13.705839155954873,13.821238165488959,13.32413565148511,13.643701553344727,307200,0.0,0.0
2025-05-12,13.981022245334483,14.007652526859836,13.732470975787946,13.936637878417969,288600,0.0,0.0
2025-05-13,14.087544444207438,14.087544444207438,13.865623452622769,14.025406837463379,290900,0.0,0.0
2025-05-14,14.034455453884283,14.342109672155859,13.953017471053988,14.278768539428711,338900,0.3,0.0
2025-05-15,14.224476340947398,14.477838269030435,14.224476340947398,14.296865463256836,229100,0.0,0.0
2025-05-16,14.342108137137757,14.342108137137757,13.989210536958826,14.124939918518066,213700,0.0,0.0
2025-05-19,14.124939918518066,14.206377892632155,13.95301597767994,14.124939918518066,176700,0.0,0.0
2025-05-20,14.052552064535694,14.242573733586312,13.762995564247685,13.808238983154297,252800,0.0,0.0
2025-05-21,13.817287995800946,13.962066247582419,13.690606594018933,13.762995719909668,182000,0.0,0.0
2025-05-22,13.762995067565063,13.799189628794865,13.482486570824289,13.527729988098145,230300,0.0,0.0
2025-05-23,13.618217386297298,13.708703361643769,13.319612028055694,13.681557655334473,222500,0.0,0.0
2025-05-26,13.726800138930653,14.06160003708184,13.726800138930653,13.971113204956055,150200,0.0,0.0
2025-05-27,14.061600291068391,14.31496221747198,13.934918896393397,14.070649147033691,243100,0.0,0.0
2025-05-28,14.016356721636155,14.12494040319874,13.925870751807198,14.11589241027832,148800,0.0,0.0
2025-05-29,14.161135272969748,14.161135272969748,13.95301676116651,14.025405883789062,173100,0.0,0.0
2025-05-30,14.025405789985031,14.070649207058135,13.401049395804696,13.799189567565918,540600,0.0,0.0
2025-06-02,13.799189877253616,13.88967671343057,13.446292251699203,13.70870304107666,462900,0.0,0.0
2025-06-03,13.708701936204951,13.862529027540013,13.63631281827626,13.753945350646973,216600,0.0,0.0
2025-06-04,13.708701936204951,13.880626738495364,13.699653943673631,13.753945350646973,296100,0.0,0.0
2025-06-05,13.871579086121468,13.871579086121468,13.654411713500123,13.790141105651855,165200,0.0,0.0
2025-06-06,13.762995315372118,13.853482151549073,13.645362773520647,13.70870304107666,357400,0.0,0.0
2025-06-09,13.744896990038827,13.889676094055176,13.563924188701373,13.889676094055176,207600,0.0,0.0
2025-06-10,13.889676080926131,14.016356610269414,13.753945832841548,13.826334953308105,170500,0.0,0.0
2025-06-11,13.962064609035162,14.206377664507917,13.817286374244441,14.15208625793457,222600,0.0,0.0
2025-06-12,14.007307778272256,14.124940314966858,13.88062724871375,14.034454345703125,119500,0.0,0.0
2025-06-13,13.889676256296852,14.05255134792987,13.781091711279645,13.989211082458496,126500,0.0,0.0
2025-06-16,13.989212270293436,14.296866493757088,13.980163413615923,14.170185089111328,167200,0.0,0.0
2025-06-17,14.342108137410278,14.378302696689854,13.907772563109006,14.043502807617188,157000,0.0,0.0
2025-06-18,14.043503289236597,14.133989259065554,13.953016456461246,14.11589241027832,125100,0.0,0.0
2025-06-20,14.10684345566012,14.10684345566012,13.817286973520194,13.889676094055176,164700,0.0,0.0
2025-06-23,13.889676094055176,13.953016358786687,13.699654436914253,13.889676094055176,161400,0.0,0.0
2025-06-24,14.025406359882052,14.097795484961857,13.907773815890758,13.953017234802246,128000,0.0,0.0
2025-06-25,14.02540557750297,14.11589241027832,13.862529623685896,14.11589241027832,130900,0.0,0.0
2025-06-26,14.052550693804749,14.07064840478066,13.898723602294922,13.898723602294922,140200,0.0,0.0
2025-06-27,13.907773971691142,13.962066247582419,13.7268011569643,13.762995719909668,231400,0.0,0.0
2025-06-30,13.844432688418978,14.043503201513413,13.781091560693339,14.034454345703125,123200,0.0,0.0
2025-07-01,14.061600138023831,14.11589241027832,13.93491874472762,14.11589241027832,157800,0.0,0.0
2025-07-02,14.115892155043102,14.115892155043102,13.844432524571817,14.016356468200684,164600,0.0,0.0
2025-07-03,13.87157956893106,14.296866335660074,13.87157956893106,14.215428352355957,191300,0.0,0.0
2025-07-04,14.296864733312457,15.020756782394042,14.215426759135653,14.975512504577637,410100,0.0,0.0
2025-07-07,15.07504940032959,15.265071930630867,15.056951687749875,15.07504940032959,316400,0.0,0.0
2025-07-08,15.075048204258756,15.165535034085142,14.921221111321719,15.120290756225586,164500,0.0,0.0
2025-07-09,15.138389358505105,15.427945850280375,14.993611112617469,15.165535926818848,199400,0.0,0.0
2025-07-10,14.92122300667221,15.42794690181615,14.514034809569974,15.24697494506836,393900,0.0,0.0
2025-07-11,15.246972437967116,15.37365295944944,14.767393465952704,14.94836711883545,322100,0.0,0.0
2025-07-14,14.839784701956532,15.210779190063477,14.794542145218772,15.210779190063477,216900,0.0,0.0
2025-07-15,15.228875788409908,15.301264909427413,14.98456185776603,15.029806137084961,244200,0.0,0.0
2025-07-16,14.875978941403496,15.111244014637144,14.6769075654943,14.803589820861816,142400,0.0,0.0
2025-07-17,14.82168541178731,14.9936102157042,14.776442859863632,14.975512504577637,242300,0.0,0.0
2025-07-18,14.975513529540805,15.246974037340522,14.568325356680495,14.6226167678833,240100,0.0,0.0
2025-07-21,14.523080905375183,14.613567740246785,14.025405902420614,14.45974063873291,298400,0.0,0.0
2025-07-22,14.468788783384625,14.767394115653623,14.38735080859374,14.414497375488281,273400,0.0,0.0
2025-07-23,14.378303687096945,14.604519050966701,14.35115711855758,14.477838516235352,214300,0.0,0.0
2025-07-24,14.568325103390439,14.568325103390439,14.152087218637957,14.296865463256836,150500,0.0,0.0
2025-07-25,14.333060024411557,14.369254585566276,14.088746089407392,14.296865463256836,133000,0.0,0.0
2025-07-28,14.12494030180206,14.296865110251774,13.699654434471471,13.971113204956055,212900,0.0,0.0
2025-07-29,13.844432538112773,14.079697608947754,13.708702291271187,14.079697608947754,220800,0.0,0.0
2025-07-30,14.13398869826692,14.278766934605956,13.862529073658049,14.106842994689941,177400,0.0,0.0
2025-07-31,14.115892563913789,14.161135117847486,13.907773191443898,14.070649147033691,159900,0.0,0.0
2025-08-01,14.070649068595246,14.305914144703126,14.025405651967363,14.133989334106445,178200,0.0,0.0
2025-08-04,14.143039062173477,14.215428188063518,13.790141426249686,13.907773971557617,327700,0.0,0.0
2025-08-05,13.889676967560394,14.097795486450195,13.772044423556682,14.097795486450195,199400,0.0,0.0
2025-08-06,14.161135117847486,14.215427390692884,14.05255143510309,14.070649147033691,125400,0.0,0.0
2025-08-07,14.233523727674461,14.55927562713623,14.034454081277124,14.55927562713623,285400,0.0,0.0
2025-08-08,14.658811390654062,14.758345351431723,14.342108345160453,14.495935440063477,195200,0.0,0.0
2025-08-11,14.8759791450133,14.8759791450133,14.206378476418267,14.342108726501465,220400,0.0,0.0
2025-08-12,14.55022675817551,14.568324469438538,14.34210825632891,14.414497375488281,245800,0.0,0.0
2025-08-13,14.433014112284116,14.507076974152623,14.090473155417525,14.294145584106445,204900,0.36,0.0
2025-08-14,14.247856327043156,14.60891254194807,14.108987805011411,14.3589506149292,185900,0.0,0.0
2025-08-15,14.349692531612746,14.581139185348436,14.303403024285824,14.460786819458008,195300,0.0,0.0
2025-08-18,14.460787018107466,14.6737184015768,14.22008228302002,14.22008228302002,198000,0.0,0.0
2025-08-19,14.31266175092194,14.31266175092194,13.997894146313602,14.192309379577637,238900,0.0,0.0
2025-08-20,14.386723905034303,14.386723905034303,14.081214393921327,14.155277252197266,124700,0.0,0.0
2025-08-21,14.16453494706761,14.31266065961281,14.034924507141113,14.034924507141113,129400,0.0,0.0
2025-08-22,14.294144384282626,14.48855960109335,14.025666311820094,14.479302406311035,170900,0.0,0.0
2025-08-25,14.488559725039282,14.784812033079769,14.35895016798928,14.386723518371582,193700,0.0,0.0
2025-08-26,14.405240420690662,14.747781369493406,14.405240420690662,14.729265213012695,155200,0.0,0.0
2025-08-27,14.47930277957845,15.090320913008112,14.47930277957845,15.053290367126465,204000,0.0,0.0
2025-08-28,15.09032141876164,15.229190826416017,14.997744168055881,15.229190826416016,253700,0.0,0.0
2025-08-29,15.275478302592507,15.571729720478784,15.145868748716694,15.423604011535645,380000,0.0,0.0
2025-09-01,15.31251117752676,15.48840935976113,15.229190242448249,15.405088424682617,187400,0.0,0.0
2025-09-02,15.460636568415243,15.488409035661734,15.182899535365996,15.238446235656738,267800,0.0,0.0
2025-09-03,15.275478230003822,15.275478230003822,14.979226813525322,15.118094444274902,220500,0.0,0.0
2025-09-04,15.293993563347392,15.349540259503556,14.997742162784341,15.275477409362793,164900,0.0,0.0
2025-09-05,15.321769440748186,15.664311302558227,15.247706574113316,15.506927490234375,378700,0.0,0.0
2025-09-08,15.506925942336668,15.93278694152832,15.506925942336668,15.93278694152832,248600,0.0,0.0
2025-09-09,15.932787387001968,16.145719658349137,15.812435899543047,16.05314064025879,193100,0.0,0.0
2025-09-10,15.932786565397675,16.312360696574427,15.932786565397675,16.21052360534668,153100,0.0,0.0
2025-09-11,16.29384538097453,16.460487260377576,16.03462448348114,16.05314064025879,190200,0.0,0.0
2025-09-12,16.071656476303968,16.192007961361107,15.960561303653034,16.13646125793457,219500,0.0,0.0
2025-09-15,16.13646106576471,16.303102939857638,16.117944909577087,16.1272029876709,180600,0.0,0.0
2025-09-16,16.127202355462128,16.377165156802626,16.127202355462128,16.29384422302246,146700,0.0,0.0
2025-09-17,16.31236013327908,16.969667750111196,16.31236013327908,16.682674407958984,318500,0.0,0.0
2025-09-18,16.67341601725391,16.803025569508478,16.5715789314552,16.765995025634766,163800,0.0,0.0
2025-09-19,16.765994952787878,16.82154165125596,16.645641712676376,16.66415786743164,112000,0.0,0.0
2025-09-22,16.664159210634903,16.664159210634903,16.36790777386238,16.43271255493164,193400,0.0,0.0
2025-09-23,16.38642455607688,18.376865518000862,16.38642455607688,18.284286499023438,1253900,0.0,0.0
2025-09-24,18.2842853672087,18.2842853672087,17.617719650268555,17.617719650268555,556900,0.0,0.0
2025-09-25,17.626978436645114,17.664008983953458,17.247404290497858,17.256662368774414,279800,0.0,0.0
2025-09-26,17.219632619156965,17.72881458736996,17.219632619156965,17.599205017089844,349000,0.0,0.0
2025-09-29,17.617720770761455,17.904714140861056,17.07150650024414,17.07150650024414,295100,0.0,0.0
2025-09-30,17.043732028846794,17.191857751092886,16.756738662719727,16.756738662719727,243300,0.0,0.0
2025-10-01,16.914124297136045,16.96967100755115,16.691935689677535,16.85857582092285,223200,0.0,0.0
2025-10-02,16.858573227572144,16.932637851129723,16.516033172607422,16.516033172607422,263300,0.0,0.0
2025-10-03,16.516032856175098,16.599353790283203,16.340132910191564,16.599353790283203,372400,0.0,0.0
2025-10-06,16.617871495043932,16.664160122398084,16.340134433525197,16.377166748046875,339500,0.0,0.0
2025-10-07,16.543807855710945,16.543807855710945,16.16423371286177,16.340133666992188,352800,0.0,0.0
2025-10-08,16.49751715305524,16.49751715305524,16.20126571956794,16.21978187561035,411200,0.0,0.0
2025-10-09,16.22904026023456,16.543807855710945,16.15497740046352,16.340133666992188,274600,0.0,0.0
2025-10-10,16.543807150547217,16.543807150547217,15.988334843041956,16.201265335083008,600100,0.0,0.0
2025-10-13,16.28458614170994,16.590095643570766,16.173490974761563,16.497516632080078,223000,0.0,0.0
2025-10-14,16.664159250068007,16.94189453125,16.50677545318545,16.94189453125,242600,0.0,0.0
2025-10-15,16.664159001530827,17.136310385136607,16.553063831236244,17.127052307128906,236900,0.0,0.0
2025-10-16,17.12705407856246,17.432563621223814,16.98818642567966,17.219633102416992,251800,0.0,0.0
2025-10-17,17.21963337720184,17.4695962158585,16.932639987891253,17.034475326538086,576300,0.0,0.0
2025-10-20,17.03447470212858,17.117795645293285,16.55306520068762,16.99744415283203,515500,0.0,0.0
2025-10-21,16.99744305101767,17.247404098510742,16.80302694096988,17.247404098510742,944500,0.0,0.0
2025-10-22,17.39553106912084,17.534398706021452,17.17334073112249,17.32146644592285,316800,0.0,0.0
2025-10-23,17.321467007509582,17.849166870117188,17.312210695107538,17.849166870117188,231700,0.0,0.0
2025-10-24,17.728812609825034,18.052838265180124,17.728812609825034,17.997291564941406,230500,0.0,0.0
2025-10-27,18.00655086157673,18.04358140897676,17.747329966585013,17.85842514038086,157100,0.0,0.0
2025-10-28,17.858424495179328,18.22873878479004,17.691782623405057,18.22873878479004,227000,0.0,0.0
2025-10-29,18.219480895134993,18.247253363519203,17.913971382323794,17.941743850708008,228400,0.0,0.0
2025-10-30,18.062096718956315,18.14541765394825,17.719554901123047,17.719554901123047,398800,0.0,0.0
2025-10-31,17.719555653899263,18.080613642802334,17.719555653899263,17.96026039123535,238800,0.0,0.0
2025-11-03,17.951001176577673,18.12690112076434,17.867680243320713,17.997291564941406,183000,0.0,0.0
2025-11-04,17.74732985545365,17.96951843585614,17.33998324181681,17.451078414916992,281200,0.0,0.0
2025-11-05,17.451078414916992,17.802876559104803,17.451078414916992,17.451078414916992,227800,0.0,0.0
2025-11-06,17.451077206312057,17.821391481336118,17.414044895910777,17.793617248535156,243300,0.0,0.0
2025-11-07,18.04358198153807,18.682375278089214,17.92323049142162,18.59905433654785,681200,0.0,0.0
2025-11-10,18.70089015565034,19.321167252571954,18.552764439889764,18.932336807250977,453900,0.0,0.0
2025-11-11,18.96936754178921,19.43226084959021,18.645341873168945,18.645341873168945,254200,0.0,0.0
2025-11-12,18.64534230483511,19.126751779884945,18.64534230483511,18.96936798095703,264200,0.0,0.0
2025-11-13,19.108233588438008,19.26561737060547,18.83049833322375,19.26561737060547,339800,0.0,0.0
2025-11-14,19.2656180698672,19.40448570251465,19.136008514835954,19.40448570251465,323600,0.0,0.0
2025-11-17,19.441517744653698,19.552612908717006,18.886045455932617,18.886045455932617,483100,0.0,0.0
2025-11-18,18.311085704195428,18.788596474115955,18.311085704195428,18.613183975219727,467100,1.02,0.0
2025-11-19,18.613184102003853,18.769105911254883,18.203888888036253,18.769105911254883,264100,0.0,0.0
2025-11-21,18.778851639296235,19.10044060977072,18.389047108226347,18.973752975463867,384700,0.0,0.0
2025-11-24,18.65216318761556,18.993242834380425,18.65216318761556,18.82757568359375,257900,0.0,0.0
2025-11-25,18.71063612733285,19.31483268737793,18.71063612733285,19.31483268737793,286100,0.0,0.0
2025-11-26,19.48049876668947,20.055461116686136,19.295340927181762,19.987245559692383,296800,0.0,0.0
2025-11-27,19.987246197510412,20.065207102096036,19.753363483753546,19.899539947509766,196200,0.0,0.0
2025-11-28,19.899540197322793,20.23087451065481,19.85081532837057,20.211383819580078,279200,0.0,0.0
2025-12-01,20.21138409124583,20.21138409124583,19.646167053623635,19.655912399291992,243700,0.0,0.0
2025-12-02,19.655913101143284,19.86055979128215,19.53897080768201,19.646167755126953,199600,0.0,0.0
2025-12-03,19.733874092636402,19.733874092636402,19.392794415584635,19.461009979248047,234100,0.0,0.0
2025-12-04,19.39279288713277,19.860558308587343,19.39279288713277,19.587696075439453,205400,0.0,0.0
2025-12-05,19.58769521229892,19.733871667720326,18.632673720895642,18.652162551879883,346200,0.0,0.0
2025-12-08,18.96400776662826,18.973753112317127,18.262359605641638,18.52547836303711,272900,0.0,0.0
2025-12-09,18.515733421167077,18.515733421167077,18.038222624406192,18.12592887878418,248500,0.0,0.0
2025-12-10,18.408536395788552,18.496242649789206,18.18439901722451,18.311086654663086,167600,0.0,0.0
2025-12-11,18.55471498529192,18.691146111769605,18.22338065635923,18.359811782836914,161900,0.0,0.0
2025-12-12,18.52547759745292,18.808085175812444,18.45726203918457,18.45726203918457,123700,0.0,0.0
2025-12-15,18.45726173104662,18.973752011446944,18.418280350552887,18.671653747558594,165800,0.0,0.0
2025-12-16,18.86655843867902,18.9445193471556,18.077202149277145,18.12592887878418,257600,0.0,0.0
2025-12-17,18.12592915873438,18.12592915873438,17.775104135804035,17.911535263061523,169800,0.0,0.0
2025-12-18,18.320829913088875,18.320829913088875,17.73612403869629,17.73612403869629,294000,0.0,0.0
2025-12-19,17.745867508857327,18.340320587158203,17.745867508857327,18.340320587158203,178100,0.0,0.0
2025-12-22,18.42802736827221,18.42802736827221,17.950516566290453,18.09669303894043,218100,0.0,0.0
2025-12-23,18.12592730302774,18.681398959975922,18.096691267865122,18.515731811523438,248300,0.0,0.0
2025-12-26,18.496242909314603,18.593694510542104,18.340321090844476,18.359811782836914,125600,0.0,0.0
2025-12-29,18.37930188196847,18.95426426605602,18.281850283884463,18.788597106933594,140100,0.0,0.0
2025-12-30,18.798342984706686,19.490245819091797,18.681400691948873,19.490245819091797,174800,0.0,0.0
2026-01-02,19.58769581178582,19.58769581178582,18.749614715576172,18.749614715576172,285500,0.0,0.0
2026-01-05,18.808086240131235,19.178401947021484,18.51573329994181,19.178401947021484,320600,0.0,0.0
2026-01-06,19.295341548919662,19.880049262860926,19.295341548919662,19.63642120361328,491800,0.0,0.0
2026-01-07,19.636421595807857,19.850815481817968,19.051713870188333,19.23687171936035,240900,0.0,0.0
2026-01-08,19.236871203442767,19.33432279822155,18.749615088283424,18.87630271911621,205500,0.0,0.0
2026-01-09,18.71063589357927,19.15891063519079,18.71063589357927,18.739870071411133,189600,0.0,0.0
2026-01-12,18.710635440420262,18.769105653402484,18.379301135630094,18.45726203918457,201100,0.0,0.0
2026-01-13,18.44751676163093,18.691144818475003,18.203888704786852,18.272104263305664,231700,0.0,0.0
2026-01-14,18.262360321046213,18.54496978089028,18.24286962890496,18.252614974975586,205500,0.0,0.0
2026-01-15,18.457262171504603,18.652163502420766,18.301340363277845,18.350065231323242,218000,0.0,0.0
2026-01-16,18.272103338836143,18.671653183146603,17.521728515625,17.521728515625,420400,0.0,0.0
2026-01-19,17.628925323486328,17.814083156436656,17.414533314993736,17.628925323486328,338300,0.0,0.0
2026-01-20,17.638672470433104,17.687397340471527,17.20988655090332,17.20988655090332,379700,0.0,0.0
2026-01-21,17.24886869832247,17.882301330566406,17.24886869832247,17.882301330566406,400200,0.0,0.0
2026-01-22,18.018731691703376,18.437772266188166,17.814085006713867,17.814085006713867,492300,0.0,0.0
2026-01-23,17.892046076378776,18.593694249649342,17.892046076378776,18.311086654663086,303500,0.0,0.0
2026-01-26,18.389046302382813,18.954263312348907,18.32082888604221,18.82757568359375,445900,0.0,0.0
2026-01-27,19.002988304729058,19.77285385131836,18.827575807595572,19.77285385131836,426900,0.0,0.0
2026-01-28,19.763110189773066,19.880050625335052,19.24661799962595,19.538970947265625,296200,0.0,0.0
2026-01-29,19.772855814523506,19.782599302012063,19.139421321152522,19.246618270874023,307900,0.0,0.0
2026-01-30,19.37330411141697,19.41228549642506,18.9250293362324,19.3245792388916,269500,0.0,0.0
2026-02-02,19.334323723305683,20.143168838821406,19.158911216057874,20.045717239379883,445400,0.0,0.0
2026-02-03,20.04571683517082,21.176150904934826,20.04571683517082,20.708385467529297,565900,0.0,0.0
2026-02-04,20.708385363887793,20.84481648443127,19.78259798059661,20.026226043701172,429900,0.0,0.0
2026-02-05,20.133423448826882,20.201639010665872,19.577951749584077,19.70463752746582,398700,0.0,0.0
2026-02-06,19.704636564586384,19.782597468412,18.41828072209644,18.53522300720215,967200,0.0,0.0
2026-02-09,18.574202092020627,18.944517770516217,18.51573188021299,18.8568115234375,317000,0.0,0.0
2026-02-10,18.99324283445286,19.1199304632085,18.53522276285715,18.564456939697266,260600,0.0,0.0
2026-02-11,18.661908532878247,19.149164640048618,18.53522276285715,18.564456939697266,306000,0.0,0.0
2026-02-12,18.661908515946575,18.661908515946575,18.223379135131836,18.223379135131836,294300,0.0,0.0
2026-02-13,18.22337946371013,18.252613641050832,17.67765127604578,18.086946487426758,393100,0.0,0.0
2026-02-18,18.077200159719172,18.876301707074166,17.882298839345697,18.83732032775879,325700,0.0,0.0
2026-02-19,18.876303297495703,18.973753036525824,18.613184541151266,18.710636138916016,193600,0.0,0.0
2026-02-20,18.808084621437093,18.98349711394796,18.476750326413125,18.964006423950195,275500,0.0,0.0
2026-02-23,18.964006102716485,19.29534039212794,18.739868747742406,19.100439071655273,380800,0.0,0.0
2026-02-24,19.119931928097817,19.29534257878137,18.905538034926785,19.149166107177734,207000,0.0,0.0
2026-02-25,19.168655264532372,19.334322414750137,18.496241318503262,19.012733459472656,350900,0.0,0.0
2026-02-26,19.01273578976482,19.29534339904785,18.76910770715697,19.29534339904785,234500,0.0,0.0
2026-02-27,19.29534096738316,19.305086312507505,18.788596032058976,18.934772491455078,198500,0.0,0.0
2026-03-02,18.91528238146401,18.91528238146401,18.36955604890139,18.5059871673584,354100,0.0,0.0
2026-03-03,18.408535899691962,18.408535899691962,17.804339342564187,18.02847671508789,273800,0.0,0.0
2026-03-04,18.028476337415714,18.50598710925047,18.028476337415714,18.164907455444336,209600,0.0,0.0
2026-03-05,18.603439757233335,18.603439757233335,17.726379068336946,17.940771102905273,232900,0.0,0.0
2026-03-06,17.92127901067143,18.223379135131836,17.541219842218418,18.223379135131836,490500,0.0,0.0
2026-03-09,18.223379836524593,18.320829574633326,17.775103234539056,18.213634490966797,227300,0.0,0.0
2026-03-10,18.515732380417983,19.12967426782021,18.174652727979158,18.613183975219727,276800,0.0,0.0
2026-03-11,18.759360507655316,19.09069481596981,18.42802619934082,18.42802619934082,252800,0.0,0.0
2026-03-12,18.418281881129914,18.43777257299648,17.931025736873913,18.203889846801758,237900,0.0,0.0
2026-03-13,18.086945984659813,18.369555415994654,17.99923973760655,18.33057403564453,315800,0.0,0.0
2026-03-16,18.61318391463428,18.749615031671905,18.272104263305664,18.272104263305664,194900,0.0,0.0
2026-03-17,18.262359045183572,18.66190891249201,18.262359045183572,18.42802619934082,178900,0.0,0.0
2026-03-18,18.330574857231877,18.681399861169105,18.13567352294922,18.13567352294922,223700,0.0,0.0
2026-03-19,18.12592887878418,18.22338047906357,17.78484920717364,18.12592887878418,214900,0.0,0.0
2026-03-20,18.125928312321776,18.145419003515475,17.53147524205623,18.02847671508789,319900,0.0,0.0
2026-03-23,18.106437046434824,18.37930113828215,17.99924010700649,18.194143295288086,213300,0.0,0.0
2026-03-24,18.379301199550916,18.53522300720215,18.05771223892843,18.53522300720215,184700,0.0,0.0
2026-03-25,18.535222082435933,19.28559690602861,18.535222082435933,19.100439071655273,284600,0.0,0.0
2026-03-26,19.100441205794727,19.110186551717405,18.42802720700754,18.467008590698242,132100,0.0,0.0
2026-03-27,18.467007707366832,18.622929517202085,18.2136343017009,18.583948135375977,174700,0.0,0.0
2026-03-30,18.58394879321202,18.6131848306165,18.223380292230036,18.233123779296875,173300,0.0,0.0
2026-03-31,18.428026440914927,19.100440411748423,18.379301572061824,19.002988815307617,272800,0.0,0.0
2026-04-01,19.002988179644415,19.178400675623273,18.340319576495187,18.564456939697266,436100,0.0,0.0
2026-04-02,18.50598610516323,18.915281295776367,18.09669091455009,18.915281295776367,159400,0.0,0.0
2026-04-06,18.652164277231403,18.915283036569473,18.41828155517578,18.41828155517578,146300,0.0,0.0
2026-04-07,18.0966913324109,18.661908336429253,18.0966913324109,18.593692779541016,251200,0.0,0.0
2026-04-08,18.720377752136205,19.324576110816622,18.720377752136205,19.051712036132812,237500,0.0,0.0
2026-04-09,19.002987886486675,20.09444236755371,19.002987886486675,20.09444236755371,272400,0.0,0.0
2026-04-10,19.831324767628594,20.328326240892945,19.616930881866743,19.76310920715332,168300,0.0,0.0
2026-04-13,19.831323949724407,20.016481791045543,19.66565679880224,19.958009719848633,128500,0.0,0.0
2026-04-14,19.948265075683594,20.11393223242774,19.79234326448141,19.948265075683594,146700,0.0,0.0
2026-04-15,19.948264828423632,20.035971078479562,19.002988627385324,19.373302459716797,263300,0.0,0.0
2026-04-16,19.373302724896448,19.509735703925696,18.535223453284868,18.81783103942871,285900,0.0,0.0
2026-04-17,19.012734961697834,19.538970630669425,18.720380160060568,19.41228485107422,208800,0.0,0.0
2026-04-20,19.392794039721636,19.685148839557442,19.149165969225802,19.256362915039062,213200,0.0,0.0
2026-04-22,19.256362854987643,19.37330328756955,18.983498747738757,19.178401947021484,141600,0.0,0.0
2026-04-23,19.227124957118924,19.246615646908275,18.73012351989746,18.73012351989746,168100,0.0,0.0
2026-04-24,18.73012460714211,18.778851334443964,18.29159521383297,18.320829391479492,178900,0.0,0.0
2026-04-27,18.33057630676722,18.6814013384468,17.755613886507803,17.853065490722656,221600,0.0,0.0
2026-04-28,17.882300124581995,17.92127964796444,17.599690680437224,17.872554779052734,204600,0.0,0.0
2026-04-29,17.706886027853653,17.833571790855604,17.61917978472367,17.658161163330078,174400,0.0,0.0
2026-04-30,17.823829777079105,18.06745783728805,17.784848395253068,17.979751586914062,195300,0.0,0.0
2026-05-04,17.989495371269676,18.895792067639043,17.687397092058095,18.632675170898438,608200,0.0,0.0
2026-05-05,18.515733541772512,18.515733541772512,18.0966929589559,18.281850814819336,199500,0.0,0.0
2026-05-06,18.32083022060829,18.700891275824457,18.12592887878418,18.12592887878418,244300,0.0,0.0
2026-05-07,18.125927541697344,18.242867966418586,17.619180744613193,17.697141647338867,310400,0.0,0.0
2026-05-08,17.42427774088968,17.473004467312553,17.063709259033203,17.063709259033203,702100,0.0,0.0
2026-05-11,17.063709911678767,17.482750481269978,16.6836507247168,16.7128849029541,330600,0.0,0.0
2026-05-12,16.722630248611413,16.8298271921072,16.59594447253563,16.7128849029541,180400,0.0,0.0
2026-05-13,16.761611938476562,17.151416478240854,16.537472701719263,16.761611938476562,357300,0.0,0.0
2026-05-14,16.82982722728833,17.31708335876465,16.82982722728833,17.31708335876465,194200,0.0,0.0
2026-05-15,17.083200013857965,17.14167022705078,16.693393635947015,17.14167022705078,262400,0.0,0.0
2026-05-18,17.151414777560394,17.151414777560394,16.28409767150879,16.28409767150879,409100,0.0,0.0
2026-05-19,16.45157157439002,16.45157157439002,15.653620719909668,15.653620719909668,477000,0.18,0.0
2026-05-20,15.81123889304286,16.40231364807644,15.712727060195546,16.087074279785156,376800,0.0,0.0
2026-05-21,16.20528969129535,16.530380518878165,16.057519595960127,16.303800582885742,228000,0.0,0.0
2026-05-22,16.303800981573744,16.303800981573744,15.978710146041255,16.008264541625977,221700,0.0,0.0
2026-05-25,16.17573529643334,16.303800582885742,16.00826415016493,16.303800582885742,317100,0.0,0.0
2026-05-26,16.333355572534426,16.333355572534426,15.771835202531973,15.87034797668457,280700,0.0,0.0
2026-05-27,16.027967800244824,16.33335571164139,15.761983871459961,15.761983871459961,236400,0.0,0.0
2026-05-28,15.860496520996094,16.05752019044596,15.732430290314982,15.860496520996094,199300,0.0,0.0
2026-05-29,15.959009441126828,15.978710492969528,15.693025512013904,15.742280960083008,334000,0.0,0.0
2026-06-01,15.76198389090061,15.959009441126828,15.614215667718396,15.742280960083008,389600,0.0,0.0
2026-06-02,15.821091239767883,15.821091239767883,15.367935092341789,15.427042007446289,299700,0.0,0.0
2026-06-03,15.51570283957459,15.51570283957459,14.983735922654388,15.072397232055664,416700,0.0,0.0
2026-06-05,15.180760595996885,15.180760595996885,14.707901529869023,15.023140907287598,440500,0.0,0.0
2026-06-08,15.032992751588209,15.082249140423158,14.747306823730469,14.747306823730469,299000,0.0,0.0
2026-06-09,14.77686011012854,15.052694569127782,14.77686011012854,14.875372886657715,276200,0.0,0.0
2026-06-10,15.042844063037213,15.1610588313367,14.69805028421478,14.855669975280762,197800,0.0,0.0
2026-06-11,14.84581835003405,15.210314116575443,14.776859970806273,14.973884582519531,243100,0.0,0.0
2026-06-12,15.151206771141618,15.308826456021581,14.954182165041665,15.298974990844727,232100,0.0,0.0
2026-06-15,15.308826415313108,15.446744108960047,14.599536895751953,14.599536895751953,475300,0.0,0.0
2026-06-16,14.59953679223949,14.678346633911133,14.35325580214375,14.678346633911133,540600,0.0,0.0
2026-06-17,14.678346886521153,14.924627880855315,14.481322278951309,14.49117374420166,258000,0.0,0.0
2026-06-18,14.698050400916081,14.767008781433105,14.501025785519245,14.767008781433105,249600,0.0,0.0
2026-06-19,14.855669795827097,14.855669795827097,14.274446487426758,14.274446487426758,324100,0.0,0.0
2026-06-22,14.77685994115369,14.77685994115369,14.215339564025836,14.284297943115234,395200,0.0,0.0
2026-06-23,14.284297818110797,14.461620436488845,14.136529595787387,14.382810592651367,206800,0.0,0.0
2026-06-24,14.382811111040304,14.501025881057249,13.998612403869629,13.998612403869629,488000,0.0,0.0
2026-06-25,14.028165052635408,14.46162012385858,13.89024829864502,13.89024829864502,304700,0.0,0.0
2026-06-26,13.969058688950192,14.294149535381017,13.969058688950192,14.185785293579102,232500,0.0,0.0
2026-06-29,14.33355433081657,14.33355433081657,14.156231710886741,14.284297943115234,247400,0.0,0.0
2026-06-30,14.412363910690065,14.49117375377004,14.08727307311331,14.481322288513184,273500,0.0,0.0
2026-07-01,14.57983506210687,14.629091448903713,14.274446215556392,14.481322288513184,289600,0.0,0.0
2026-07-02,14.737454758011065,14.737454758011065,14.29414915552124,14.471470832824707,233900,0.0,0.0
2026-07-03,14.501025465541504,14.609388766746767,14.304000854492188,14.304000854492188,186600,0.0,0.0
2026-07-06,14.432066186459272,14.461620582812944,14.205488118005846,14.264595031738281,227900,0.0,0.0
2026-07-07,14.304000927395421,14.441917686089138,14.195636686150408,14.244893074035645,217500,0.0,0.0
2026-07-08,14.284298103998648,14.363107949413436,14.057720033302996,14.166083335876465,141000,0.0,0.0
2026-07-09,14.166083460059054,14.865521548862308,14.146380528788905,14.776860237121582,343300,0.0,0.0
2026-07-10,14.875372579392316,15.33838017684816,14.875372579392316,15.101950645446777,212300,0.0,0.0
2026-07-13,15.121654094342968,15.190612475159638,14.717752456665039,14.717752456665039,183900,0.0,0.0
2026-07-14,14.75715723237739,15.003438235103214,14.75715723237739,14.835968017578125,129800,0.0,0.0
2026-07-15,14.835968037399546,14.97388479783829,14.816265106201172,14.816265106201172,136600,0.0,0.0
2026-07-16,14.816264537818682,14.895074380613933,14.136529408837784,14.520727157592773,250400,0.0,0.0
2026-07-17,14.579835105378981,14.648793483406765,14.45176887512207,14.45176887512207,177700,0.0,0.0
2026-07-20,14.451768990582735,14.579835221862817,14.363107681274414,14.363107681274414,146100,0.0,0.0
2026-07-21,14.363107744058217,14.441917588346229,14.264594968954476,14.313851356506348,136000,0.0,0.0
2026-07-22,14.422215356914167,14.638941955354369,14.2842976619625,14.501025199890137,237200,0.0,0.0
2026-07-23,14.520727325561074,14.520727325561074,14.313851250958646,14.392661094665527,128100,0.0,0.0
2026-07-24,14.520727412941628,14.520727412941628,14.244892958307664,14.3335542678833,162400,0.0,0.0
2026-07-27,14.343405699701941,14.501025387695242,14.235041459590963,14.353256225585938,147900,0.0,0.0
2026-07-28,14.481322838011682,14.7079018500798,14.04786868462426,14.077422142028809,290400,0.0,0.0
2026-07-29,14.195636211706255,14.264594588748396,13.870545377811258,13.880396842956543,238500,0.0,0.0
2026-07-30,14.008463444762164,14.313851356506348,13.840992290778274,14.313851356506348,223100,0.0,0.0
2026-07-31,14.461620725925654,14.491174183084333,14.166083335876465,14.166083335876465,154600,0.0,0.0
2026-08-03,14.323703071053108,14.47147129679147,14.136529922485352,14.136529922485352,268200,0.0,0.0
2026-08-04,14.491174227949902,14.648793919267478,14.136529922485352,14.136529922485352,286900,0.0,0.0
2026-08-05,14.175934767541396,14.530579071060261,14.175934767541396,14.185785293579102,252400,0.0,0.0
2026-08-06,14.175934177532021,14.274446010221197,13.909950256347656,13.909950256347656,328700,0.0,0.0
2026-08-07,13.348430403292905,13.466645170690754,12.678545781884308,12.806612014770508,1495400,0.0,0.0
2026-08-10,12.826315293135861,13.05289336857986,12.491372973359965,12.550479888916016,721900,0.0,0.0
2026-08-11,12.629289366302956,12.806611986755557,12.097322444432608,12.117025375366211,849700,0.0,0.0
2026-08-12,12.117025732338126,12.323901815798319,11.851041793823242,11.851041793823242,482400,0.0,0.0
2026-08-13,12.018512725830078,12.245091736507606,11.851041569086354,12.018512725830078,360500,0.0,0.0
2026-08-14,12.03821579975049,12.146579103845665,11.772231863124867,11.920001029968262,554400,0.0,0.0
2026-08-17,11.989999771118164,12.069999694824219,11.859999656677246,12.020000457763672,374300,0.18,0.0
2026-08-18,12.15999984741211,12.15999984741211,11.710000038146973,11.739999771118164,491100,0.0,0.0
2026-08-19,11.819999694824219,12.029999732971191,11.789999961853027,11.949999809265137,326500,0.0,0.0
2026-08-20,11.890000343322754,11.949999809265137,11.739999771118164,11.829999923706055,421300,0.0,0.0
2026-08-21,11.90999984741211,12.279999732971191,11.890000343322754,12.149999618530273,348200,0.0,0.0
2026-08-24,12.130000114440918,12.680000305175781,12.119999885559082,12.399999618530273,296000,0.0,0.0
2026-08-25,12.449999809265137,12.859999656677246,12.369999885559082,12.859999656677246,393700,0.0,0.0
2026-08-26,12.920000076293945,13.229999542236328,12.84000015258789,13.010000228881836,333500,0.0,0.0
2026-08-27,12.949999809265137,13.130000114440918,12.859999656677246,12.869999885559082,199500,0.0,0.0
2026-08-28,12.960000038146973,13.25,12.890000343322754,13.149999618530273,233200,0.0,0.0
2026-08-31,13.149999618530273,13.550000190734863,13.149999618530273,13.399999618530273,339700,0.0,0.0
2026-09-01,13.5,13.930000305175781,13.460000038146973,13.699999809265137,381200,0.0,0.0
2026-09-02,13.789999961853027,14.359999656677246,13.630000114440918,14.359999656677246,476400,0.0,0.0
2026-09-03,14.239999771118164,14.460000038146973,13.960000038146973,14.1899995803833,351700,0.0,0.0
2026-09-04,14.260000228881836,14.300000190734863,13.9399995803833,14.300000190734863,415900,0.0,0.0
2026-09-08,14.300000190734863,14.420000076293945,14.170000076293945,14.170000076293945,282300,0.0,0.0
2026-09-09,14.319999694824219,14.319999694824219,13.989999771118164,14.270000457763672,192700,0.0,0.0
2026-09-10,14.270000457763672,14.600000381469727,14.029999732971191,14.5,319200,0.0,0.0
2026-09-11,14.550000190734863,14.640000343322754,14.300000190734863,14.520000457763672,263100,0.0,0.0
2026-09-14,14.359999656677246,14.399999618530273,14.109999656677246,14.279999732971191,257600,0.0,0.0
2026-09-15,14.420000076293945,14.449999809265137,14.149999618530273,14.329999923706055,172000,0.0,0.0
2026-09-16,14.300000190734863,14.390000343322754,14.149999618530273,14.239999771118164,227400,0.0,0.0
2026-09-17,14.319999694824219,14.460000038146973,14.039999961853027,14.09000015258789,291600,0.0,0.0
2026-09-18,14.100000381469727,14.25,14.069999694824219,14.220000267028809,189800,0.0,0.0
2026-09-21,14.260000228881836,14.869999885559082,14.260000228881836,14.869999885559082,324300,0.0,0.0
2026-09-22,14.859999656677246,14.930000305175781,14.569999694824219,14.779999732971191,186000,0.0,0.0
2026-09-23,14.75,14.880000114440918,14.59000015258789,14.859999656677246,271500,0.0,0.0
2026-09-24,14.8100004196167,14.920000076293945,14.470000267028809,14.6899995803833,226200,0.0,0.0
2026-09-25,14.800000190734863,14.829999923706055,14.319999694824219,14.829999923706055,305800,0.0,0.0
2026-09-28,14.8100004196167,14.8100004196167,14.329999923706055,14.5,272000,0.0,0.0
