Date,Open,High,Low,Close,Volume,Dividends,Stock splits
2020-09-18,46.189701080322266,46.189701080322266,46.189701080322266,46.189701080322266,3200,0.0,0.0
2020-09-21,44.07938003540039,44.07938003540039,44.07938003540039,44.07938003540039,3200,0.0,0.0
2020-09-22,44.07938003540039,44.07938003540039,44.07938003540039,44.07938003540039,0,0.0,0.0
2020-09-23,44.07938003540039,44.07938003540039,44.07938003540039,44.07938003540039,0,0.0,0.0
2020-09-24,44.07938003540039,44.07938003540039,44.07938003540039,44.07938003540039,0,0.0,0.0
2020-09-25,44.07938003540039,44.07938003540039,44.07938003540039,44.07938003540039,0,0.0,0.0
2020-09-28,44.07938003540039,44.07938003540039,44.07938003540039,44.07938003540039,0,0.0,0.0
2020-09-29,44.07938003540039,44.07938003540039,44.07938003540039,44.07938003540039,0,0.0,0.0
2020-09-30,44.07938003540039,44.07938003540039,44.07938003540039,44.07938003540039,0,0.0,0.0
2020-10-01,46.696048736572266,46.696048736572266,46.696048736572266,46.696048736572266,3200,0.0,0.0
2020-10-02,46.189704070748434,47.88032531738281,46.189704070748434,47.88032531738281,3248,0.0,0.0
2020-10-05,47.88032531738281,47.88032531738281,47.88032531738281,47.88032531738281,0,0.0,0.0
2020-10-06,47.94558334350586,47.94558334350586,47.94558334350586,47.94558334350586,80,0.0,0.0
2020-10-07,48.94589614868164,48.94589614868164,48.94589614868164,48.94589614868164,16,0.0,0.0
2020-10-08,49.060115814208984,49.060115814208984,49.060115814208984,49.060115814208984,16,0.0,0.0
2020-10-09,49.552947998046875,49.552947998046875,49.552947998046875,49.552947998046875,320,0.0,0.0
2020-10-13,49.552947998046875,49.552947998046875,49.552947998046875,49.552947998046875,0,0.0,0.0
2020-10-14,51.554683685302734,51.554683685302734,51.554683685302734,51.554683685302734,3200,0.0,0.0
2020-10-15,52.08634948730469,52.08634948730469,52.08634948730469,52.08634948730469,1600,0.0,0.0
2020-10-16,53.376385440306535,53.97837121265434,53.376385440306535,53.60198974609375,1776,0.0,0.0
2020-10-19,53.491737463696616,53.491737463696616,52.89031462868906,52.935325622558594,1664,0.0,0.0
2020-10-20,52.935325622558594,52.935325622558594,52.935325622558594,52.935325622558594,0,0.0,0.0
2020-10-21,53.447288513183594,53.447288513183594,53.447288513183594,53.447288513183594,32,0.0,0.0
2020-10-22,53.067525344784826,53.41633987426758,52.414907270673375,53.41633987426758,3344,0.0,0.0
2020-10-23,53.16597753794405,53.728580474853516,53.16597753794405,53.728580474853516,32,0.0,0.0
2020-10-26,51.91699039509209,51.91699039509209,51.181104904623915,51.4781608581543,2224,0.0,0.0
2020-10-27,51.47817567589624,51.47817567589624,50.093610485394635,50.49305725097656,5168,0.0,0.0
2020-10-28,49.78080076706942,49.78080076706942,48.73379400469701,49.00271987915039,432,0.0,0.0
2020-10-29,50.13580199668127,50.18418502807617,49.90907135105017,50.18418502807617,128,0.0,0.0
2020-10-30,50.06378563735111,50.35296437981424,50.02665535328607,50.07166290283203,768,0.0,0.0
2020-11-03,53.00901772702854,54.291751861572266,52.827857778062196,54.291751861572266,6752,0.0,0.0
2020-11-04,52.98032408515418,52.98032408515418,49.73410415649414,49.73410415649414,9840,0.0,0.0
2020-11-05,49.41285737205762,51.495614765142086,49.07023406994995,51.19687271118164,2480,0.0,0.0
2020-11-06,50.7574791410883,50.803049845788415,48.94645998431442,48.95883560180664,5104,0.0,0.0
2020-11-09,50.68996686162427,52.918436507927254,50.68996686162427,52.884681701660156,5968,0.0,0.0
2020-11-10,52.6360110275473,52.6360110275473,52.417720794677734,52.417720794677734,96,0.0,0.0
2020-11-11,51.4781608581543,51.4781608581543,51.4781608581543,51.4781608581543,16,0.0,0.0
2020-11-12,51.19686932630942,51.928253173828125,51.19686932630942,51.928253173828125,272,0.0,0.0
2020-11-13,52.54149627685547,52.54149627685547,52.54149627685547,52.54149627685547,80,0.0,0.0
2020-11-16,52.90044119968888,53.407906815440654,52.541500179310795,52.828426361083984,336,0.0,0.0
2020-11-17,51.94513298358567,52.1026611328125,51.94513298358567,52.1026611328125,6432,0.0,0.0
2020-11-18,51.90012416715477,51.90012416715477,51.87199401855469,51.87199401855469,112,0.0,0.0
2020-11-19,52.040773453158934,52.040773453158934,51.83823776245117,51.83823776245117,176,0.0,0.0
2020-11-23,51.995770570529366,53.44728564117097,51.995770570529366,53.412967681884766,1936,0.0,0.0
2020-11-24,53.4129705520533,54.257438259978635,53.4129705520533,53.447288513183594,9696,0.0,0.0
2020-11-25,52.580872968814525,52.580872968814525,51.84386444091797,51.84386444091797,3312,0.0,0.0
2020-11-26,51.84386444091797,51.84386444091797,51.84386444091797,51.84386444091797,0,0.0,0.0
2020-11-27,52.46835280103255,52.46835280103255,52.43966293334961,52.43966293334961,32,0.0,0.0
2020-11-30,51.99014510586318,52.12348175048828,51.99014510586318,52.12348175048828,1616,0.0,0.0
2020-12-01,51.19686918446459,51.19686918446459,51.111915588378906,51.111915588378906,2592,0.0,0.0
2020-12-02,51.11190974901441,51.24187088012695,50.71865087566821,51.24187088012695,112,0.0,0.0
2020-12-03,50.39233883463218,50.57237243652344,50.3473312926232,50.57237243652344,1264,0.0,0.0
2020-12-04,51.275646132068864,52.902130126953125,51.275646132068864,52.902130126953125,6560,0.0,0.0
2020-12-07,51.96820226752085,51.96820226752085,50.63989399221357,51.02809143066406,3248,0.0,0.0
2020-12-08,51.028083327290794,51.77690765419924,50.80866682147023,51.61881637573242,128,0.0,0.0
2020-12-09,51.49505443611832,52.18143081665039,51.1856227708983,52.18143081665039,1472,0.0,0.0
2020-12-10,50.63426971435547,50.70178276074584,50.50487171185668,50.63426971435547,864,0.0,0.0
2020-12-11,50.493629455566406,50.493629455566406,50.493629455566406,50.493629455566406,800,0.0,0.0
2020-12-14,50.9144424052215,52.01264449987761,50.9144424052215,51.99013900756836,1728,0.0,0.0
2020-12-15,51.99013532112001,52.26018747425849,51.65820165315892,52.10828399658203,720,0.0,0.0
2020-12-16,52.35021181806768,52.35021181806768,51.686340931004246,51.691402435302734,1632,0.0,0.0
2020-12-17,51.596315602083315,51.596315602083315,51.403343200683594,51.403343200683594,1696,0.0,0.0
2020-12-18,51.14624140127018,51.38816345748714,51.14624140127018,51.375221252441406,6448,0.0,0.0
2020-12-21,51.292515907413325,51.292515907413325,51.19687271118164,51.19687271118164,32,0.0,0.0
2020-12-22,51.19687271118164,51.19687271118164,51.19687271118164,51.19687271118164,0,0.0,0.0
2020-12-23,51.19687271118164,51.19687271118164,51.19687271118164,51.19687271118164,0,0.0,0.0
2020-12-28,53.402271239254326,53.511979498273,52.82222775103323,52.872859954833984,1856,0.0,0.0
2020-12-29,51.59519145779118,51.76678466796875,51.184491997767005,51.76678466796875,64,0.0,0.0
2020-12-30,52.54768880564194,52.64276885986328,52.54768880564194,52.64276885986328,64,0.0,0.0
2021-01-04,53.62731569010363,54.00988502223996,53.62731569010363,53.9536247253418,2032,0.0,0.0
2021-01-05,55.02089132443934,55.505858334650995,54.454353049225126,54.5724983215332,26064,0.0,0.0
2021-01-06,56.710379464285715,58.943347359190184,56.710379464285715,57.891845703125,5840,0.0,0.0
2021-01-07,59.09526133165768,59.64717134071612,58.4415168762207,58.4415168762207,5056,0.0,0.0
2021-01-08,58.441519727342154,58.9664259150191,58.18440628051758,58.18440628051758,240,0.0,0.0
2021-01-11,60.38416542981339,60.64858601694037,60.00721740722656,60.00721740722656,1824,0.0,0.0
2021-01-12,60.23225986438436,60.24351604203255,59.348976135253906,59.348976135253906,2368,0.0,0.0
2021-01-13,59.748433993144225,59.748433993144225,59.234214066667256,59.25897216796875,80,0.0,0.0
2021-01-14,59.071065945713556,59.071065945713556,57.90816987005686,57.94811248779297,192,0.0,0.0
2021-01-15,58.69637493374213,58.915784614045364,57.948673333830584,58.623233795166016,3424,0.0,0.0
2021-01-18,58.623233795166016,58.623233795166016,58.623233795166016,58.623233795166016,0,0.0,0.0
2021-01-19,58.8287915593936,59.451175689697266,58.8287915593936,59.451175689697266,1680,0.545194,0.0
2021-01-20,58.46568012175799,58.46568012175799,57.302607397356205,58.20866775512695,3488,0.0,0.0
2021-01-21,58.23873436169292,58.902534019114846,58.23873436169292,58.794742584228516,80,0.0,0.0
2021-01-22,60.13368883934451,60.13368883934451,59.69115114865858,59.69171905517578,64,0.0,0.0
2021-01-26,57.99477895674987,57.995346863361,56.712560102706924,56.83567810058594,3632,0.0,0.0
2021-01-27,56.90773268006898,56.90773268006898,55.44736767415346,55.62324905395508,5184,0.0,0.0
2021-01-28,56.47711241656124,57.7292599572707,56.410733135299445,57.26856994628906,3424,0.0,0.0
2021-01-29,56.763614654541016,56.763614654541016,56.763614654541016,56.763614654541016,32,0.0,0.0
2021-02-01,57.04730543062043,57.34062576293945,56.763629123158374,57.34062576293945,3232,0.0,0.0
2021-02-02,57.33097443345019,58.21774673461914,57.33097443345019,58.21774673461914,1744,0.0,0.0
2021-02-03,58.21774584227752,58.505390529681776,58.084983825683594,58.084983825683594,1632,0.0,0.0
2021-02-04,57.96187108817668,59.418835487703795,57.96187108817668,59.33373260498047,1888,0.0,0.0
2021-02-05,59.458543739595946,59.458543739595946,58.12242579272887,58.57914733886719,656,0.0,0.0
2021-02-08,58.97630566719472,59.68379273198401,58.97630566719472,59.583370208740234,1664,0.0,0.0
2021-02-09,60.67494706449779,61.092524630961286,60.275535583496094,60.275535583496094,772,0.0,16.0
2021-02-10,61.482858963454305,61.482858963454305,60.32091522216797,60.32091522216797,1100,0.0,0.0
2021-02-11,60.32091522216797,60.820188194036696,59.38591940729537,60.32091522216797,4749,0.0,0.0
2021-02-12,60.68402664438358,60.729417618122284,60.275535583496094,60.275535583496094,2039,0.0,0.0
2021-02-17,61.45563250100478,62.22723759813948,61.27408243443844,62.181846618652344,5042,0.0,0.0
2021-02-18,62.390637742457805,62.535876415959706,61.50102576162748,62.027530670166016,2290,0.0,0.0
2021-02-19,62.02751290852763,64.67818200356075,62.02751290852763,64.36046600341797,7048,0.0,0.0
2021-02-22,60.293699834840766,67.85537770101257,60.293699834840766,67.76460266113281,8963,0.0,0.0
2021-02-23,67.75551077070608,68.40002244016694,66.44832827169235,67.99153137207031,5478,0.0,0.0
2021-02-24,67.99151311394648,69.5347088742315,67.72826076882708,68.71772003173828,6278,0.0,0.0
2021-02-25,68.70866483388866,69.76166755617214,68.70866483388866,69.21701049804688,4031,0.0,0.0
2021-02-26,69.21701891467113,69.7616760390254,68.67236179031684,68.94468688964844,1259,0.0,0.0
2021-03-01,68.94468472953977,70.62405395507812,68.94468472953977,70.62405395507812,4536,0.0,0.0
2021-03-02,70.62404184948849,70.85098284910036,69.26239585181729,69.62549591064453,6303,0.0,0.0
2021-03-03,70.90545018606275,70.94176157898501,68.62696049144336,68.80851745605469,5890,0.0,0.0
2021-03-04,69.00822766478397,69.00822766478397,67.08377209841493,68.62696838378906,5851,0.0,0.0
2021-03-05,68.41818582877302,70.80560302734375,68.39094708695147,70.80560302734375,3579,0.0,0.0
2021-03-08,71.42288339837224,73.93738703950402,71.03254453794122,73.6650619506836,5100,0.0,0.0
2021-03-09,73.71044380221397,74.02816678488928,71.25948344754289,71.34117889404297,6000,0.0,0.0
2021-03-10,71.99478203063177,71.99478203063177,70.80561305326623,71.12332916259766,9392,0.0,0.0
2021-03-11,71.08698707848191,71.1777690068438,68.99005473627092,69.126220703125,4081,0.0,0.0
2021-03-12,69.12622219679542,71.84951388996643,69.12622219679542,71.80412292480469,4856,0.0,0.0
2021-03-15,72.62112087673611,73.66505087447715,72.30340485803835,73.52888488769531,4878,0.0,0.0
2021-03-16,73.52889184106755,73.59243505081616,71.16870657451705,71.71336364746094,3685,0.0,0.0
2021-03-17,73.07502014702699,74.60914390422309,72.99332469107027,74.0281753540039,8888,0.0,0.0
2021-03-18,76.25216599992433,76.25216599992433,72.55756728147936,73.03868103027344,33323,0.0,0.0
2021-03-19,72.98424269157286,72.98424269157286,70.06124087442346,70.66944122314453,5785,0.0,0.0
2021-03-22,70.69666883712992,71.03254406268779,70.30632997931052,70.80560302734375,1785,0.0,0.0
2021-03-23,70.80558847591577,70.80558847591577,67.78273284420162,68.53617858886719,26179,0.0,0.0
2021-03-24,70.21555495031106,71.25948509803185,70.21555495031106,70.80560302734375,20035,0.0,0.0
2021-03-25,72.62115164352277,72.62115164352277,69.65276511739856,72.22173309326172,8818,0.0,0.0
2021-03-26,76.25217822713589,76.25217822713589,72.68466532591015,74.20970916748047,2840,0.0,0.0
2021-03-29,76.1614062378733,76.1614062378733,74.4820441071882,75.48058319091797,2568,0.0,0.0
2021-03-30,76.24308453800117,76.66065508183829,73.46532934714672,76.19770050048828,4042,0.0,0.0
2021-03-31,77.10547862827937,77.10547862827937,73.6196611651087,74.20970916748047,3945,0.0,0.0
2021-04-01,75.108379855995,75.88905732984537,73.61964767927769,75.32624816894531,5979,0.0,0.0
2021-04-05,75.79830706811927,76.33388459612526,74.79068830034409,75.21733856201172,9372,0.0,0.0
2021-04-06,75.22641869594744,75.5622870038817,73.30195617675781,73.30195617675781,3800,0.0,0.0
2021-04-07,73.3019544161283,73.98277752216045,72.62113131009615,73.7558364868164,10473,0.0,0.0
2021-04-08,73.52889504863691,73.52889504863691,72.16724884403253,72.80268096923828,6439,0.0,0.0
2021-04-09,73.53796513259113,74.21878814697266,72.96606936806913,74.21878814697266,8262,0.0,0.0
2021-04-12,72.43958303846088,75.20825958251953,72.43958303846088,75.20825958251953,6612,0.0,0.0
2021-04-13,74.89053516853146,75.84369020458884,73.4381140534313,74.43665313720703,10980,0.0,0.0
2021-04-14,74.52742276130799,75.61674371301577,74.52742276130799,74.93592071533203,4978,0.0,0.0
2021-04-15,74.43665771618953,74.43665771618953,73.52889359769941,74.12802124023438,8707,0.0,0.0
2021-04-16,74.12801003222872,75.64397421873073,73.75582347559013,74.25509643554688,3033,0.0,0.0
2021-04-19,73.81030071556451,74.25511013493087,72.44865449249627,72.62113189697266,12289,0.0,0.0
2021-04-20,72.53943323666472,73.06593115608516,70.80560046504812,71.87676239013672,4844,0.0,0.0
2021-04-22,71.87675675661585,72.6120434106712,70.89636993408203,70.89636993408203,3480,0.0,0.0
2021-04-23,71.11540014360534,73.25797811570769,71.11540014360534,72.32801055908203,1771,0.340222,0.0
2021-04-26,71.24303703188106,72.67446200336911,71.24303703188106,71.52567291259766,1991,0.0,0.0
2021-04-27,71.33419552040534,71.75359308593333,70.76892386755897,71.58036804199219,7103,0.0,0.0
2021-04-28,71.08803302504151,71.98153010793239,70.74156901021372,71.4800796508789,3809,0.0,0.0
2021-04-29,72.34623613769482,72.6288789727974,68.70841215291792,69.11869049072266,26006,0.0,0.0
2021-04-30,69.42869221272746,70.70512390136719,68.79047289041105,70.70512390136719,2636,0.0,0.0
2021-05-03,70.6595283943494,71.57126424459906,70.0851373128494,70.40424346923828,3384,0.0,0.0
2021-05-04,70.57748793425827,72.39184064805539,70.00308979562354,72.14566802978516,12756,0.0,0.0
2021-05-05,73.37647931942381,73.37647931942381,71.3980079110824,72.96619415283203,2253,0.0,0.0
2021-05-06,71.47097969915775,72.48300714789077,71.28863529376159,71.55303955078125,2981,0.0,0.0
2021-05-07,71.14274827530642,71.90861001732507,70.20366144939668,71.66243743896484,3177,0.0,0.0
2021-05-10,71.99066582313185,73.16680596875054,71.99066582313185,72.59241485595703,4613,0.0,0.0
2021-05-11,71.84478788404687,72.43741062275632,70.71423041981797,71.34333038330078,834,0.0,0.0
2021-05-12,72.38270866682882,72.38270866682882,71.4436218530965,71.75360870361328,4301,0.0,0.0
2021-05-13,71.75360085742771,72.84768793277358,71.1153886138031,72.66533660888672,1351,0.0,0.0
2021-05-14,73.31269232409193,73.31269232409193,72.02714127387132,72.8932876586914,736,0.0,0.0
2021-05-17,73.03003940528761,73.8506030526264,72.68358229018565,73.66825866699219,2025,0.0,0.0
2021-05-18,73.4494197950445,73.4494197950445,71.99976348876953,71.99976348876953,2835,0.0,0.0
2021-05-19,71.1153959103991,71.46185302734375,69.94837514175134,71.46185302734375,2927,0.0,0.0
2021-05-20,71.91773099352233,71.91773099352233,70.24925945070672,70.63218688964844,10978,0.0,0.0
2021-05-21,70.9786353768167,72.69270324707031,70.9786353768167,72.69270324707031,884,0.0,0.0
2021-05-24,72.38270175020233,72.62887430184702,72.0635956239887,72.42829132080078,1364,0.0,0.0
2021-05-25,72.42829484319012,72.9297453642008,72.22771185238896,72.35535430908203,1020,0.0,0.0
2021-05-26,72.3553502786747,72.93886060705178,71.52566740039343,72.13653564453125,5999,0.0,0.0
2021-05-27,72.62886964503177,73.36737334063079,71.5621335829548,72.06359100341797,356,0.0,0.0
2021-05-28,72.93886060705178,72.93886060705178,71.34332303127252,72.13653564453125,88,0.0,0.0
2021-05-31,71.57126830658268,72.7838787256739,70.55924089888914,70.62306213378906,1045,0.0,0.0
2021-06-01,70.6230649477446,72.06360939973257,70.34954833984375,70.34954833984375,5703,0.0,0.0
2021-06-02,70.34955137551371,71.57127424670804,70.24014055403624,70.65953826904297,2762,0.0,0.0
2021-06-04,73.10297316860945,73.10297316860945,69.93924898344345,70.16718292236328,1875,0.0,0.0
2021-06-07,70.1671962438986,70.31307733137949,68.34372438634617,69.14604949951172,4176,0.0,0.0
2021-06-08,69.14605006367262,69.43781224101488,68.19785081128296,69.29193115234375,429,0.0,0.0
2021-06-09,68.34372583286816,68.63548105801193,67.98814936959896,67.99726867675781,1830,0.0,0.0
2021-06-10,67.6963944565126,67.84227554775359,65.35323333740234,65.35323333740234,7060,0.0,0.0
2021-06-11,65.35324967884152,66.05528347699924,64.20446014404297,64.20446014404297,4662,0.0,0.0
2021-06-14,63.821531611179005,64.8244400024414,62.28981457427091,64.8244400024414,7106,0.0,0.0
2021-06-15,63.967385716847126,63.967385716847126,62.672715621617066,63.183292388916016,6912,0.0,0.0
2021-06-16,63.18329726080075,63.18329726080075,62.27156140974153,63.04653549194336,6253,0.0,0.0
2021-06-17,62.90977752935918,62.90977752935918,59.62752965815642,60.18368911743164,7195,0.0,0.0
2021-06-18,60.82189603541077,60.95865780032411,58.80696069739732,60.438968658447266,2467,0.0,0.0
2021-06-21,60.88572153385183,61.74275549513943,60.82190029988314,61.14100646972656,1972,0.0,0.0
2021-06-22,61.0863038830291,61.33246950968213,60.630435943603516,60.630435943603516,1044,0.0,0.0
2021-06-23,60.63042965561605,61.07717824224282,60.17456176346856,60.56660842895508,1471,0.0,0.0
2021-06-24,61.077182546757754,62.03450797013337,61.01336131559888,61.268646240234375,5350,0.0,0.0
2021-06-25,61.915977838667224,62.289785877344706,60.648658752441406,60.648658752441406,4004,0.0,0.0
2021-06-28,61.460110990995354,61.460110990995354,60.56660688453375,60.82189178466797,471,0.0,0.0
2021-06-29,61.396281661702176,61.54216271961728,60.43896330410315,60.69424819946289,2729,0.0,0.0
2021-06-30,60.82190012509849,61.99804025284962,60.82190012509849,61.59687423706055,1880,0.0,0.0
2021-07-01,61.970685249897485,62.54507631652546,61.469227762846785,62.36273193359375,1597,0.0,0.0
2021-07-02,62.46302777640035,62.964478342343384,61.74275558852561,62.91889572143555,12414,0.0,0.0
2021-07-05,63.36564043845626,63.639163970947266,63.04653428787834,63.639163970947266,206,0.0,0.0
2021-07-06,63.63003807689832,63.69385930040608,62.68183207336049,63.50239562988281,3139,0.0,0.0
2021-07-07,63.52062821773413,64.33207248111388,63.3291645443965,63.821502685546875,676,0.0,0.0
2021-07-08,63.511531301389084,64.07680315355496,63.05566331429095,63.63005447387695,270,0.0,0.0
2021-07-12,64.73323533482403,65.41703711652993,64.33206939697266,64.33206939697266,652,0.0,0.0
2021-07-13,64.73325081846774,64.73325081846774,63.18330252492983,63.51152801513672,592,0.0,0.0
2021-07-14,62.90977608230628,62.90977608230628,61.2686487064577,61.33246994018555,6507,0.0,0.0
2021-07-15,61.26865015331015,62.070982203113225,61.08630575435105,61.79745864868164,396,0.0,0.0
2021-07-16,62.034521191050835,62.034521191050835,60.539274637236645,60.74897003173828,1032,0.0,0.0
2021-07-19,60.05434956711153,61.25727081298828,59.68704328420564,61.25727081298828,842,0.473568,0.0
2021-07-20,61.96435156142423,62.44184494018555,61.835788376518074,62.44184494018555,1165,0.0,0.0
2021-07-21,62.79996534400507,63.62640291001127,62.735687255859375,62.735687255859375,537,0.0,0.0
2021-07-22,62.735668996636335,62.855040552510616,62.441825392666914,62.70812225341797,1170,0.0,0.0
2021-07-23,64.26918167467446,64.26918167467446,61.96434815723012,62.478572845458984,2332,0.0,0.0
2021-07-26,63.18563298994843,63.18563298994843,62.441842693829365,62.86424255371094,1432,0.0,0.0
2021-07-27,62.86424312810396,62.86424312810396,61.771508629126046,62.22146224975586,98,0.0,0.0
2021-07-28,61.624584165623205,63.011162214916986,61.624584165623205,62.10207748413086,2033,0.0,0.0
2021-07-29,62.120444778296125,62.67140074633765,61.41337889791823,62.28573226928711,143,0.0,0.0
2021-07-30,61.147085217562825,61.8357819653516,60.136998055296395,61.70722579956055,5089,0.0,0.0
2021-08-02,61.51439080821787,61.982706552680284,60.77978515625,60.77978515625,139497,0.0,0.0
2021-08-03,61.661319564218324,62.72650027071302,61.661319564218324,62.3408317565918,468,0.0,0.0
2021-08-04,62.34083269591029,62.405110782565664,60.99098587036133,60.99098587036133,165,0.0,0.0
2021-08-05,60.99098527564355,62.478572845458984,60.23801040825731,62.478572845458984,287,0.0,0.0
2021-08-06,62.47856560459203,63.112168811861984,62.47856560459203,62.515296936035156,1232,0.0,0.0
2021-08-09,62.43266524269248,63.699871972931625,62.43266524269248,62.92852783203125,1499,0.0,0.0
2021-08-10,63.11216070055403,64.27835054940532,63.11216070055403,63.837581634521484,1352,0.0,0.0
2021-08-11,64.16818521363854,66.57403564453125,64.08554494596119,66.57403564453125,5101,0.0,0.0
2021-08-12,66.57400818922841,67.49227037114879,65.8118488968462,66.3995361328125,2097,0.0,0.0
2021-08-13,68.28197911044133,68.28197911044133,65.55473920127697,65.81185150146484,51254,0.0,0.0
2021-08-16,65.47209252526474,66.0230484008789,64.82012024932911,66.0230484008789,1828,0.0,0.0
2021-08-17,65.37110999217205,65.37110999217205,63.97534706091779,64.4987564086914,622,0.0,0.0
2021-08-18,64.4987224469024,65.00376936118448,64.3793509061554,64.73747253417969,1344,0.0,0.0
2021-08-19,64.40692798032262,64.87524379360809,63.36010934294557,63.81924057006836,1804,0.0,0.0
2021-08-20,64.79259717021012,64.79259717021012,63.451934814453125,63.451934814453125,186,0.0,0.0
2021-08-23,63.6539552680659,64.74668986858002,63.6539552680659,64.69158935546875,230,0.0,0.0
2021-08-24,64.69157116213647,64.85685864341258,63.98451232910156,63.98451232910156,48,0.0,0.0
2021-08-25,64.24163950866298,64.79259557190842,64.0488052368164,64.0488052368164,1158,0.0,0.0
2021-08-26,64.64567663231672,64.64567663231672,63.67231369018555,63.67231369018555,1455,0.0,0.0
2021-08-27,64.2048932919926,64.2048932919926,63.50701904296875,63.50701904296875,251,0.0,0.0
2021-08-30,63.50701836854727,63.86514007315463,63.00197134626267,63.13052749633789,1019,0.0,0.0
2021-08-31,63.13052928491389,63.13052928491389,62.21226704076969,62.6713981628418,1087,0.0,0.0
2021-09-01,62.67139666010361,62.67139666010361,61.12871584670044,61.8449592590332,1373,0.0,0.0
2021-09-02,62.414281213526884,62.98359927885255,62.304087230342354,62.799949645996094,441,0.0,0.0
2021-09-03,62.79997267006473,66.11490090068715,62.59795379638672,62.59795379638672,12876,0.0,0.0
2021-09-06,62.59794113993116,63.22235980242013,62.21227264404297,62.21227264404297,125,0.0,0.0
2021-09-08,62.212271033533696,63.139717921262374,62.028621375232255,63.1121711730957,1391,0.0,0.0
2021-09-09,63.13052480532743,63.13052480532743,61.514381408691406,61.514381408691406,1838,0.0,0.0
2021-09-10,61.95515694296639,62.41428808141341,61.762322705512865,62.14799118041992,991,0.0,0.0
2021-09-13,61.91843328663077,62.14799888431133,61.24809865885768,61.67050552368164,329,0.0,0.0
2021-09-14,61.32157224937283,61.75315677077859,60.67879126373913,61.193016052246094,480,0.0,0.0
2021-09-15,61.15627246967156,62.28573826784979,61.14708788434719,61.96434783935547,433,0.0,0.0
2021-09-16,62.02862636273452,62.02862636273452,61.450116581576815,61.90007019042969,1524,0.0,0.0
2021-09-17,62.0929023817623,62.0929023817623,60.42166519165039,60.42166519165039,1037,0.0,0.0
2021-09-20,59.68704856902715,59.68704856902715,57.731148919724475,58.0800895690918,2735,0.0,0.0
2021-09-21,58.7320615946447,58.7320615946447,57.13428699845539,57.63014602661133,2111,0.0,0.0
2021-09-22,58.45657859893237,58.62186609520256,58.07091010956373,58.26374435424805,1288,0.0,0.0
2021-09-23,59.50339849067762,59.94416046142578,59.44829798999519,59.94416046142578,416,0.0,0.0
2021-09-24,60.12782065694904,60.61449857259075,59.760514322533496,60.55022048950195,1680,0.0,0.0
2021-09-27,60.61450237319387,61.96434920848131,60.61450237319387,61.67050552368164,5072,0.0,0.0
2021-09-28,61.670513196904274,62.86425024989972,61.54195000088378,62.48776626586914,291,0.0,0.0
2021-09-29,62.90097287245897,62.90097287245897,61.523579305908775,61.7990608215332,246,0.0,0.0
2021-09-30,61.62458810785469,62.15718196295047,60.30228805541992,60.30228805541992,2433,0.0,0.0
2021-10-01,59.86153330200113,60.29311778844733,59.36567072219825,60.164554595947266,1137,0.0,0.0
2021-10-04,60.164540462673486,60.85323716076436,60.07271563741838,60.3757438659668,432,0.0,0.0
2021-10-05,60.37575501370875,60.92671107275261,60.072726729209386,60.880802154541016,213,0.0,0.0
2021-10-06,60.421673975160665,60.4492207286297,59.52177366238062,60.164554595947266,296,0.0,0.0
2021-10-07,61.06443484075838,62.10206857987985,61.06443484075838,61.716400146484375,151,0.0,0.0
2021-10-08,61.96433316482248,62.33163242138226,61.789861113907605,61.9735107421875,167488,0.0,0.0
2021-10-11,61.90007308871152,62.285741623683776,61.385841369628906,61.385841369628906,1212,0.0,0.0
2021-10-13,61.064457632658595,61.064457632658595,59.77888870239258,59.77888870239258,1259,0.0,0.0
2021-10-14,61.19299480470835,61.615394592285156,61.19299480470835,61.615394592285156,928,0.0,0.0
2021-10-15,62.065344663838154,62.34082615246658,61.60621351998096,62.32246398925781,542,0.0,0.0
2021-10-18,62.845880113362234,62.90097361482295,62.30410166111633,62.625492095947266,1014,0.0,0.0
2021-10-19,63.92945787067438,64.64570172492624,63.608060290001646,64.47122955322266,2475,0.0,0.0
2021-10-20,64.4712085034502,65.29764614459803,64.20491154098109,65.0313491821289,5607,0.0,0.0
2021-10-21,65.47211799781768,65.7200457862783,64.7099584537042,65.43538665771484,2671,0.0,0.0
2021-10-22,65.8898642246842,66.76815348498546,65.33515930175781,65.33515930175781,3889,0.481612,0.0
2021-10-25,65.33519397381265,65.45538492409104,64.85445133307768,64.90991973876953,955,0.0,0.0
2021-10-26,65.29819631673023,65.29819631673023,64.26274871826172,64.26274871826172,8143,0.0,0.0
2021-10-27,63.93916537366613,64.39217365569819,63.14408558281804,63.2920036315918,1888,0.0,0.0
2021-10-28,63.79124027623292,66.20421384226265,63.708037696314626,65.57554626464844,5785,0.0,0.0
2021-10-29,67.48927698455707,67.71115756405904,66.17647356344042,66.72193145751953,6171,0.0,0.0
2021-11-01,66.92532256198658,67.85908025400812,66.5924981777701,67.11022186279297,2198,0.0,0.0
2021-11-03,67.6926674202726,67.6926674202726,65.37214383382965,65.603271484375,4146,0.0,0.0
2021-11-04,66.26892208121927,66.26892208121927,65.60327330066656,66.07477569580078,937,0.0,0.0
2021-11-05,65.14103253744132,66.7681735807545,65.14103253744132,65.75121307373047,520,0.0,0.0
2021-11-08,68.15492214782861,70.25355809359927,67.95152868850732,68.66339874267578,7248,0.0,0.0
2021-11-09,68.66338026005184,68.66338026005184,66.08400260302305,66.51851654052734,9971,0.0,0.0
2021-11-10,66.13948412755573,66.39834594726562,65.60326632761063,66.39834594726562,9725,0.0,0.0
2021-11-11,65.52008068004655,65.81592384372534,64.90990018738927,65.00234985351562,3396,0.0,0.0
2021-11-12,65.26121411496345,66.26893455674754,65.26121411496345,65.9638442993164,4192,0.0,0.0
2021-11-16,65.95458011012047,65.9730742712965,65.49232482910156,65.49232482910156,1033,0.0,0.0
2021-11-17,64.96537088377124,65.17801147152596,64.25350067051141,64.78971862792969,3374,0.0,0.0
2021-11-18,65.0578229026984,65.45536280052926,64.43839535017793,64.7249984741211,1056,0.0,0.0
2021-11-19,63.92065720327807,65.18723916314038,63.615567036869145,64.8729019165039,2247,0.0,0.0
2021-11-22,64.72499080842556,66.13949093562445,64.58631280403314,65.56629180908203,811,0.0,0.0
2021-11-23,65.82513689397429,66.4260700576846,65.81589686856893,65.94532775878906,603,0.0,0.0
2021-11-24,66.11176169456779,67.2211717058451,66.11176169456779,66.4815673828125,842,0.0,0.0
2021-11-25,66.48155746972225,67.21191460194427,61.20259598775414,65.33515930175781,1738,0.0,0.0
2021-11-26,64.94688586163534,65.06706973039067,63.68030348423476,63.902191162109375,4627,0.0,0.0
2021-11-29,63.513878644200226,64.84517623333598,63.45841026247172,63.75425338745117,4153,0.0,0.0
2021-11-30,62.58936070647229,65.52930450439453,62.404461419943615,65.52930450439453,2692,0.0,0.0
2021-12-01,64.6972565135979,64.6972565135979,63.32897768777199,63.449161529541016,914,0.0,0.0
2021-12-02,62.691050296228845,64.00386047363281,62.053142892876025,64.00386047363281,57,0.0,0.0
2021-12-03,64.00386212756807,64.86365713587071,63.79122161865234,63.791221618652344,389,0.0,0.0
2021-12-06,64.99311086764553,66.78665699035201,64.95612958990985,66.33364868164062,1897,0.0,0.0
2021-12-07,66.3428834401691,67.02701931754598,66.01005905583307,66.2689208984375,3888,0.0,0.0
2021-12-08,66.37986499415334,66.37986499415334,65.34441056586309,65.41837310791016,454,0.0,0.0
2021-12-09,65.10405506000954,66.24120655611843,64.72500926361212,65.8251724243164,121,0.0,0.0
2021-12-10,66.3336363590886,66.74966331278056,65.51082247932902,66.2689208984375,2368,0.0,0.0
2021-12-13,66.19497468756428,66.25045013427734,65.62178248137347,66.25045013427734,7465,0.0,0.0
2021-12-14,66.25042909329812,66.36136584457513,64.71573820171305,66.2042007446289,841,0.0,0.0
2021-12-15,66.56476148912377,66.96230131904427,65.55704834668337,66.49079895019531,2411,0.0,0.0
2021-12-16,66.49080892223927,68.66340769154526,66.49080892223927,67.62796020507812,3530,0.0,0.0
2021-12-17,67.30438309961585,67.30438309961585,66.23194728095167,66.61100006103516,885,0.0,0.0
2021-12-20,65.3628865762806,65.3628865762806,63.79122161865234,63.791221618652344,1211,0.0,0.0
2021-12-21,65.42761329582673,66.13024334008237,65.2149798037409,65.58478546142578,882,0.0,0.0
2021-12-22,66.56478043400031,67.10099841365967,66.01007534107524,66.25045013427734,3331,0.0,0.0
2021-12-23,66.59251501137378,68.33059991352334,66.3429001868406,67.58174133300781,1148,0.0,0.0
2021-12-27,67.67418864239572,67.95154470748282,66.80515327514108,66.96231842041016,3187,0.0,0.0
2021-12-28,67.76662772469601,67.8590773711717,67.20267571170164,67.51700592041016,562,0.0,0.0
2021-12-29,67.11946989824858,68.46925456300535,67.03626732773951,68.10869598388672,3504,0.0,0.0
2021-12-30,67.29512439965036,67.3783269642566,66.01930236816406,66.01930236816406,23748,0.0,0.0
2022-01-03,67.42456965669709,67.82210956355854,67.3043857977696,67.56324768066406,317,0.0,0.0
2022-01-04,69.56016499708188,72.01011912542215,68.17339930784645,71.61257934570312,8353,0.0,0.0
2022-01-05,71.61259145091675,73.02709156448766,71.38146379697494,72.86992645263672,10443,0.0,0.0
2022-01-06,72.86992377307854,73.2212352549075,71.87145065193606,72.9253921508789,3600,0.0,0.0
2022-01-07,72.93463905657555,73.5910407216427,72.82369524778517,73.2767105102539,736,0.0,0.0
2022-01-10,73.2767318334049,74.00709625019792,72.2597713106587,72.62957000732422,3060,0.0,0.0
2022-01-11,72.48164063151357,72.62955867641153,70.33677607956629,70.85449981689453,411,0.0,0.0
2022-01-12,71.15035036352342,71.52015609443292,70.85450718948735,70.86375427246094,590,0.0,0.0
2022-01-13,71.52938401386365,72.63879385591089,70.94693785135145,72.29672241210938,1397,0.0,0.0
2022-01-14,72.18582035688223,74.05332946777344,71.88073003496473,74.05332946777344,2112,0.0,0.0
2022-01-17,73.53557168531192,76.36457177629536,72.02862199338428,75.3291244506836,2629,0.0,0.0
2022-01-18,75.31987779079847,75.31987779079847,72.36143971412953,74.12725830078125,2405,0.0,0.0
2022-01-19,74.47814031312839,74.47814031312839,70.13203392088862,70.43849182128906,2147,0.357836,0.0
2022-01-20,70.43849063035888,70.43849063035888,68.49760479745777,68.5533218383789,3575,0.0,0.0
2022-01-21,68.39545074712444,68.55332041651087,66.96532101750772,68.0611343383789,2994,0.0,0.0
2022-01-24,68.04256761818722,68.04256761818722,66.3524153324784,67.94042205810547,7918,0.0,0.0
2022-01-25,67.94042697769629,68.19116079801152,66.65887809474913,67.698974609375,890,0.0,0.0
2022-01-26,68.12613308667174,68.77618876905244,67.67109410900524,67.79181671142578,2814,0.0,0.0
2022-01-27,68.06113029877454,68.07041883320959,66.29668426513672,66.29668426513672,3238,0.0,0.0
2022-01-28,66.29669279367006,66.29669279367006,61.66270542507838,62.47991943359375,4619,0.0,0.0
2022-01-31,62.47991378556115,62.47991378556115,60.65046211106355,62.3127555847168,5464,0.0,0.0
2022-02-01,62.312751427601725,62.795656013413996,61.829853926865106,62.61920928955078,1339,0.0,0.0
2022-02-02,63.05568733707323,63.18569849381361,62.2756133115543,62.749229431152344,604,0.0,0.0
2022-02-03,63.18568828020561,63.18568828020561,61.569830532571814,61.82056427001953,2049,0.0,0.0
2022-02-04,61.61626866273524,62.27561297841335,60.92906582577274,61.63484573364258,2961,0.0,0.0
2022-02-07,62.30347960490963,62.30347960490963,60.79906257922645,60.98479080200195,910,0.0,0.0
2022-02-08,61.64412416703957,61.7555653317996,61.11479103331291,61.38410186767578,6539,0.0,0.0
2022-02-09,61.66271092511739,62.37777236071404,61.66271092511739,61.94130325317383,973,0.0,0.0
2022-02-10,62.12704135163523,62.219905465164715,61.291250159714494,61.43983840942383,721,0.0,0.0
2022-02-11,61.43983202577127,62.01559372087852,60.99407440803558,61.244808197021484,2926,0.0,0.0
2022-02-14,61.29124125543859,61.29124125543859,60.10256377076357,60.26972198486328,651,0.0,0.0
2022-02-15,63.111400345156184,63.111400345156184,60.18613533535988,60.62260437011719,5333,0.0,0.0
2022-02-16,60.8454796124125,61.402678345765096,60.62260437011719,60.62260437011719,2461,0.0,0.0
2022-02-17,60.36258444487566,60.622606751949036,58.34740447998047,58.34740447998047,1175,0.0,0.0
2022-02-18,58.70029733880077,62.18275451660156,57.33517653402914,62.18275451660156,1463,0.0,0.0
2022-02-21,57.65091349729337,58.04094696044922,56.36936839649593,58.04094696044922,1771,0.0,0.0
2022-02-22,57.57662713523908,57.57662713523908,56.053633048790566,56.27650833129883,1835,0.0,0.0
2022-02-23,56.165063671283995,56.165063671283995,53.83414077758789,53.83414077758789,6396,0.0,0.0
2022-02-24,53.1840851052257,55.24570083618164,53.1840851052257,55.24570083618164,3007,0.0,0.0
2022-02-25,55.24569748609785,56.322937338946026,54.27989526146478,55.66358947753906,2429,0.0,0.0
2022-03-02,55.663588799736566,57.27016179521651,55.663588799736566,57.0008544921875,1781,0.0,0.0
2022-03-03,56.60153846781711,57.1773037336712,55.7750358581543,55.7750358581543,2774,0.0,0.0
2022-03-04,56.74082687459805,57.613764961693455,56.36936694911203,57.19586944580078,2470,0.0,0.0
2022-03-07,57.112294943324635,59.898260550316074,56.88013114274201,58.328834533691406,3857,0.0,0.0
2022-03-08,59.02532296612563,63.148550581737034,58.94174386041886,61.616268157958984,3552,0.0,0.0
2022-03-09,62.461353684859816,62.461353684859816,60.19543262265245,61.0683708190918,3428,0.0,0.0
2022-03-10,61.077641065932866,63.76146074658571,60.418296813964844,60.418296813964844,4881,0.0,0.0
2022-03-11,62.01557911280762,63.76145502885613,62.00629057908441,63.04638671875,3248,0.0,0.0
2022-03-14,63.17639952736694,64.30935977910917,63.17639952736694,64.26292419433594,2382,0.0,0.0
2022-03-15,64.26293415400976,65.00586111506976,62.767798781557026,64.82941436767578,4492,0.0,0.0
2022-03-16,65.29373400092142,65.29373400092142,63.28784278629585,63.742881774902344,4821,0.0,0.0
2022-03-17,63.74288600638355,64.63439405929594,63.74288600638355,64.45795440673828,2556,0.0,0.0
2022-03-18,64.5415307650868,64.5415307650868,63.62216418117528,64.20721435546875,6195,0.0,0.0
2022-03-21,64.24437038158074,65.41447797863891,63.90076538897076,63.975059509277344,2283,0.0,0.0
2022-03-22,63.97505135954917,64.26293218271768,63.22284297123074,63.57572937011719,1088,0.0,0.0
2022-03-23,64.33721602899543,64.33721602899543,62.49848313200184,62.62849426269531,825,0.0,0.0
2022-03-24,63.14855247853862,63.14855247853862,61.94129790594761,62.14560317993164,1248,0.0,0.0
2022-03-25,62.127042699978176,62.331348005223695,61.36554561638534,61.56985092163086,909,0.0,0.0
2022-03-28,62.31274559084433,62.31274559084433,60.91047463560951,61.411949157714844,2514,0.0,0.0
2022-03-29,61.19837676509774,61.19837676509774,59.67538286193642,60.95692443847656,603,0.0,0.0
2022-03-30,62.08058303159708,62.08058303159708,61.41195032277189,61.514102935791016,1043,0.0,0.0
2022-03-31,61.50484127198101,61.950591831201365,61.27267745590617,61.922733306884766,57,0.0,0.0
2022-04-01,61.30053334188435,61.30053334188435,59.183197021484375,59.183197021484375,1801,0.0,0.0
2022-04-04,59.20176424486185,59.229622765011925,58.11523944855094,58.941741943359375,1836,0.0,0.0
2022-04-05,59.45250477978858,59.73110418315975,58.37526839591282,58.495994567871094,22335,0.0,0.0
2022-04-06,58.49598704133519,59.22962188720703,58.30096677556045,59.22962188720703,660,0.0,0.0
2022-04-07,59.433926563984166,59.53607919207211,58.96031402039417,59.50822067260742,291,0.0,0.0
2022-04-08,59.536079558864344,60.139706796263894,59.17390463343986,59.20176315307617,654,0.0,0.0
2022-04-11,60.04684450254813,60.04684450254813,58.115240118994,59.00674819946289,323,0.0,0.0
2022-04-12,58.951029782938086,61.25409418007586,58.18024783374304,58.50527572631836,239,0.0,0.0
2022-04-13,58.50527203373489,59.6196553336803,58.50527203373489,59.22962188720703,306,0.0,0.0
2022-04-14,60.74334313415693,62.45206538856076,60.62261341754372,62.18275451660156,1793,0.0,0.0
2022-04-18,62.182751588785194,63.29714208425778,62.182751588785194,62.27561569213867,2708,0.0,0.0
2022-04-19,61.98773761409714,63.06498109931404,61.560557051535106,62.86067581176758,5483,0.0,0.0
2022-04-20,62.219896136432574,63.984342369257185,62.219896136432574,63.06497573852539,693,0.0,0.0
2022-04-22,63.51225535220984,63.51225535220984,60.66563428004139,60.852294921875,314,0.339244,0.0
2022-04-25,60.758972046383896,61.384293105865325,60.1429861563322,61.188297271728516,716,0.0,0.0
2022-04-26,62.39227447084281,62.494939967172954,60.6749736606796,61.28163146972656,291,0.0,0.0
2022-04-27,61.54296309025917,62.60694455465773,61.46829597540538,61.99095153808594,163,0.0,0.0
2022-04-28,61.524285387493606,61.524285387493606,59.097661410367465,61.225624084472656,8671,0.0,0.0
2022-04-29,60.49764230149656,61.71095794460629,60.49764230149656,60.74030685424805,2538,0.0,0.0
2022-05-02,60.74030783428092,62.66293970776597,60.74030783428092,62.392276763916016,3461,0.0,0.0
2022-05-03,62.00028800481642,62.61627391362829,61.346968537796535,61.6456298828125,3296,0.0,0.0
2022-05-04,62.802933009947864,63.838915964687644,62.765599456908475,63.372257232666016,8136,0.0,0.0
2022-05-05,63.93224966430209,64.41757163815787,62.8495979309082,62.8495979309082,541,0.0,0.0
2022-05-06,63.502915709038305,64.21223891518657,62.597596706581946,64.2029037475586,625,0.0,0.0
2022-05-09,64.20292049974637,64.20292049974637,61.888289648674935,62.32695007324219,543,0.0,0.0
2022-05-10,62.3269384313261,62.45760230521863,60.63763611839618,60.805633544921875,5166,0.0,0.0
2022-05-11,62.33627865567704,62.33627865567704,61.28163241067547,61.412296295166016,57,0.0,0.0
2022-05-12,61.402963516220915,61.402963516220915,59.84432489009341,60.66564178466797,24,0.0,0.0
2022-05-13,61.4122876199971,61.4122876199971,60.04030990600586,60.04030990600586,1454,0.0,0.0
2022-05-16,60.04030990600586,60.04030990600586,60.04030990600586,60.04030990600586,0,0.0,0.0
2022-05-17,61.22563082879952,61.356294718224056,60.84297432995563,61.188297271728516,455,0.0,0.0
2022-05-18,60.99230910021919,62.98028032027855,60.32031922981314,60.47898864746094,2914,0.0,0.0
2022-05-19,59.74165814114969,59.74165814114969,58.024350152970605,58.967002868652344,3508,0.0,0.0
2022-05-20,58.351018086607525,58.351018086607525,55.20573870102753,56.19505310058594,3985,0.0,0.0
2022-05-23,56.19504698810532,57.40835905124996,55.57905756771965,57.0350341796875,2785,0.0,0.0
2022-05-24,57.06303010125857,57.399024963378906,56.54970619982966,57.399024963378906,539,0.0,0.0
2022-05-25,57.98701892724098,58.96700161815172,57.98701892724098,58.743003845214844,913,0.0,0.0
2022-05-26,59.312326506134795,59.73232009385949,59.023000359287344,59.14432907104492,227,0.0,0.0
2022-05-27,59.358993811502614,60.301646515786935,59.358993811502614,60.02164840698242,1494,0.0,0.0
2022-05-30,60.292313176194355,60.292313176194355,59.517661449880634,60.18964767456055,16,0.0,0.0
2022-05-31,61.141644444818404,61.141644444818404,58.79901502694721,59.890995025634766,1394,0.0,0.0
2022-06-01,59.89098929553134,61.225633762006275,59.89098929553134,61.15096664428711,700,0.0,0.0
2022-06-02,61.19762707376533,61.25362384413662,61.02029447339317,61.06696319580078,1551,0.0,0.0
2022-06-03,61.346965882297816,62.364278596999696,61.346965882297816,62.14961242675781,155,0.0,0.0
2022-06-06,62.149612207249184,62.774940377146315,62.149612207249184,62.392276763916016,221,0.0,0.0
2022-06-07,62.532264975103146,64.57623233274701,62.532264975103146,64.48289489746094,744,0.0,0.0
2022-06-08,64.49222274591553,66.16286153475453,64.0348992716309,65.3882064819336,543,0.0,0.0
2022-06-09,65.1362385814446,65.1362385814446,64.11891865686482,64.65090942382812,176,0.0,0.0
2022-06-10,63.84825912943625,63.894920736094,62.606945037841804,62.6069450378418,1154,0.0,0.0
2022-06-13,62.59760271979364,62.59760271979364,61.234960061721075,61.692283630371094,1794,0.0,0.0
2022-06-14,62.39227837961507,62.39227837961507,61.68295502980004,61.99095153808594,1059,0.0,0.0
2022-06-15,61.990950058253866,62.130949115100705,61.21629478159613,61.34696578979492,620,0.0,0.0
2022-06-17,58.967003912729965,59.17233491588515,57.02570167281466,57.809688568115234,2710,0.0,0.0
2022-06-20,57.800351633273685,59.02299880981445,57.800351633273685,59.02299880981445,272,0.0,0.0
2022-06-21,58.4910113053092,59.284333388242494,58.4910113053092,59.079002380371094,13,0.0,0.0
2022-06-22,58.07101676525928,58.07101676525928,56.72703726869359,56.75503921508789,458,0.0,0.0
2022-06-23,56.951041033817035,57.016372981742016,53.768428123650004,54.347084045410156,739,0.0,0.0
2022-06-24,55.94304951230841,56.81103506971427,55.94304951230841,56.67103958129883,1464,0.0,0.0
2022-06-27,57.09103040341727,57.856354037459276,56.76437069889988,57.137699127197266,4011,0.0,0.0
2022-06-28,57.8190232103021,58.332347153185346,57.71635770966066,57.95901870727539,4086,0.0,0.0
2022-06-29,57.11903584568853,57.11903584568853,55.52306365966797,55.52306365966797,1808,0.0,0.0
2022-06-30,55.504392214959616,55.504392214959616,54.24441146850586,54.24441146850586,278,0.0,0.0
2022-07-01,56.22305388470378,56.35371777927076,54.26308478522681,55.4017333984375,954,0.0,0.0
2022-07-04,55.4017276295035,56.40970868286291,55.4017276295035,55.616390228271484,639,0.0,0.0
2022-07-05,55.40172651430391,55.40172651430391,53.75908574588338,54.48707580566406,319,0.0,0.0
2022-07-06,54.48707454010796,54.991063264774844,53.927081925566256,54.26307678222656,197,0.0,0.0
2022-07-07,54.41240639799969,56.40970516309129,54.41240639799969,56.2790412902832,325,0.0,0.0
2022-07-08,56.27904449151395,56.44704192620127,54.87906824266871,54.9537353515625,681,0.0,0.0
2022-07-11,55.1030559979156,55.47638079358787,54.64572893983746,54.93505859375,193,0.0,0.0
2022-07-12,54.925728965148274,55.96171187519251,54.925728965148274,55.439056396484375,278,0.0,0.0
2022-07-13,55.439066792147045,55.439066792147045,54.39374851807095,54.87907409667969,104,0.0,0.0
2022-07-14,55.11239163437291,55.11239163437291,53.292421996388626,53.74041748046875,908,0.0,0.0
2022-07-15,54.664412523390574,54.664412523390574,53.73109490672305,54.533748626708984,525,0.0,0.0
2022-07-18,54.617739772286654,55.9990492259547,54.617739772286654,54.627071380615234,1511,0.0,0.0
2022-07-19,55.03773739337772,56.93237089195384,55.03773739337772,56.62437438964844,1044,0.0,0.0
2022-07-20,56.62437408107772,57.3430290222168,56.363046306235844,57.3430290222168,163,0.0,0.0
2022-07-21,56.83903864315967,57.847019717843054,55.99905144732034,57.697689056396484,539,0.0,0.0
2022-07-22,57.74435284852984,57.86568512067351,56.96036600448197,57.28702926635742,163,0.0,0.0
2022-07-25,57.19369466799214,57.52968953416199,56.904368524597636,56.960365295410156,482,0.0,0.0
2022-07-26,56.96036722607443,57.07236789214308,56.64303912619419,56.699039459228516,189,0.0,0.0
2022-07-27,55.905724480931205,56.465713604949855,55.86839092324355,55.989723205566406,1122,0.0,0.0
2022-07-28,57.27770177168606,57.27770177168606,56.344384144692796,56.428382873535156,1103,0.0,0.0
2022-07-29,57.52969282612054,60.30164707031458,57.52969282612054,59.918983459472656,3677,0.0,0.0
2022-08-01,59.918985506777275,59.918985506777275,58.705676930855375,59.18166732788086,376,0.0,0.0
2022-08-02,59.18166416677809,59.18166416677809,56.47504191791029,58.64967346191406,18708,0.0,0.0
2022-08-03,58.229687133161285,58.229687133161285,56.1110556579117,56.55904769897461,1333,0.0,0.0
2022-08-04,58.29635126433584,58.29635126433584,56.58672607641054,56.69944763183594,1028,0.389475,0.0
2022-08-05,56.36128062483655,56.812170439832805,56.126441955566406,56.126441955566406,220,0.0,0.0
2022-08-08,56.023119184906975,56.41765006063313,55.42193269175679,55.78828048706055,1102,0.0,0.0
2022-08-09,55.788273461346286,56.549152036554716,55.72251892089844,55.72251892089844,645,0.0,0.0
2022-08-10,56.35188986126268,57.01883083626454,56.126443157260766,56.84974670410156,546,0.0,0.0
2022-08-11,57.15973812442819,59.085418330362614,57.15973812442819,58.690887451171875,179,0.0,0.0
2022-08-12,58.24000049103101,58.50301870141388,58.24000049103101,58.38090515136719,266,0.0,0.0
2022-08-15,58.27757037813176,58.67209765872809,58.155453255557354,58.53119659423828,528,0.0,0.0
2022-08-16,59.50811911253183,59.78053283691406,59.50811911253183,59.78053283691406,108,0.0,0.0
2022-08-17,59.799318310634334,59.799318310634334,59.17934437009133,59.57387161254883,204,0.0,0.0
2022-08-18,59.714785444315176,60.13749224538296,59.658422865274154,59.82750701904297,379,0.0,0.0
2022-08-19,59.82750608136072,60.10931538879475,59.122989979484025,59.50812530517578,206,0.0,0.0
2022-08-22,59.50812276483813,59.50812276483813,58.08969865028658,58.10848617553711,150,0.0,0.0
2022-08-23,58.164844221854175,59.22631608944243,58.164844221854175,59.066627502441406,50,0.0,0.0
2022-08-24,59.4611590190488,59.4611590190488,58.17424392700195,58.17424392700195,1579,0.0,0.0
2022-08-25,59.12298410414023,59.742958068847656,59.12298410414023,59.742958068847656,833,0.0,0.0
2022-08-26,59.74296133243409,59.74296133243409,57.263065338134766,57.263065338134766,148,0.0,0.0
2022-08-29,56.840356754986864,56.92489882940431,56.3612873888574,56.64309310913086,200,0.0,0.0
2022-08-30,56.013719795614286,56.830957352551614,55.27162874869178,56.192195892333984,198,0.0,0.0
2022-08-31,57.31003867838443,57.31003867838443,56.36129184238031,56.58673858642578,3899,0.0,0.0
2022-09-01,56.09826502888258,56.22977411635489,55.14012278441505,55.84463882446289,455,0.0,0.0
2022-09-02,56.586729690432016,57.375787795511776,55.14012256722681,55.44071578979492,53170,0.0,0.0
2022-09-05,55.44071851198572,55.44071851198572,54.482576224246486,55.1401252746582,280,0.0,0.0
2022-09-06,55.77888495540433,55.77888495540433,55.33738708496094,55.33738708496094,7023,0.0,0.0
2022-09-08,55.32799465989692,56.24856185913086,54.3886399361863,56.24856185913086,262,0.0,0.0
2022-09-09,56.42704184342044,57.375792186229766,56.42704184342044,57.084590911865234,827,0.0,0.0
2022-09-12,57.77031433465385,57.95818599225032,57.563655152962355,57.6575927734375,91,0.0,0.0
2022-09-13,56.661873834834054,57.432144383371856,56.126441955566406,56.126441955566406,183,0.0,0.0
2022-09-14,55.891605191449926,56.323707497631005,55.51586187446839,55.900997161865234,94,0.0,0.0
2022-09-15,56.56793614203692,56.92488831622763,56.11704635620117,56.11704635620117,1163,0.0,0.0
2022-09-16,55.89159751613369,55.89159751613369,55.20586910266084,55.4970703125,202,0.0,0.0
2022-09-19,55.346772764178304,55.872812643987764,54.482568229512964,55.18708419799805,797,0.0,0.0
2022-09-20,54.48257040491982,54.48257040491982,53.4304941866466,54.07864761352539,3089,0.0,0.0
2022-09-21,54.10682586460416,54.557719245438186,52.509925842285156,52.509925842285156,1370,0.0,0.0
2022-09-22,52.50993632806826,52.50993632806826,51.41088931576463,51.767845153808594,1006,0.0,0.0
2022-09-23,51.298165686997685,51.298165686997685,49.89852547235528,50.72515869140625,1680,0.0,0.0
2022-09-26,50.95060846185367,52.07783141121393,50.734553693760105,52.059043884277344,130,0.0,0.0
2022-09-27,50.91303055344833,51.13847369733875,50.67819185493921,51.12908172607422,195,0.0,0.0
2022-09-28,51.12908080988988,52.923248291015625,51.12908080988988,52.923248291015625,791,0.0,0.0
2022-09-29,52.284480630646826,52.60386136081449,52.03085444051188,52.340843200683594,72,0.0,0.0
2022-09-30,52.56629040427642,53.1111178736302,51.85238237836364,51.889957427978516,183,0.0,0.0
2022-10-03,51.889957870888644,52.688407973573135,51.664511154629054,52.246910095214844,532,0.0,0.0
2022-10-04,52.27509489900533,54.76438291402447,52.27509489900533,54.595298767089844,415,0.0,0.0
2022-10-05,54.55772838142905,54.83953410412505,54.48257827758789,54.48257827758789,330,0.0,0.0
2022-10-06,54.21016335499988,55.23406020591254,54.21016335499988,54.62348175048828,227,0.0,0.0
2022-10-07,54.62348549780556,54.62348549780556,54.05987044257063,54.19137954711914,4047,0.0,0.0
2022-10-10,54.595291212991505,54.670441304943886,54.153796964508935,54.16318893432617,52,0.0,0.0
2022-10-11,54.81134076115651,55.844632995383655,54.35105900304777,55.647369384765625,1197,0.0,0.0
2022-10-13,55.572227013859205,57.00943863849265,54.670447311475634,56.8967170715332,358,0.0,0.0
2022-10-14,56.83097216573731,56.924906223578496,55.70374555486994,55.83525466918945,362,0.0,0.0
2022-10-17,56.61491033601466,56.830961495167365,55.66616004652457,56.154624938964844,1150,0.0,0.0
2022-10-18,56.549156002918814,57.22548897829956,56.361284338453174,56.55854797363281,1624,0.0,0.0
2022-10-19,56.55855439303079,57.51669676553616,56.5209793392021,57.11277389526367,505,0.0,0.0
2022-10-20,57.79849450372491,58.95390037390106,55.224664589679996,55.43132019042969,521,0.0,0.0
2022-10-21,55.809429133723135,58.022512956860616,55.809429133723135,57.42668533325195,444,0.399788,0.0
2022-10-24,57.88064277446552,59.98023223876953,57.88064277446552,59.98023223876953,816,0.0,0.0
2022-10-25,59.98024005673507,61.285396577396895,59.847833919217685,61.077327728271484,3284,0.0,0.0
2022-10-26,61.10570038867926,62.609458923339844,61.10570038867926,62.609458923339844,852,0.0,0.0
2022-10-27,62.60945197955768,67.73548836027527,62.60945197955768,66.16551971435547,5083,0.0,0.0
2022-10-28,67.23422461638808,69.03117405995324,66.20334738487922,68.61504364013672,1431,0.0,0.0
2022-10-31,68.61505037376857,68.61505037376857,65.9763729746071,66.20335388183594,776,0.0,0.0
2022-11-01,66.20336353470593,67.10183486786792,65.8250571571031,66.02366638183594,223,0.0,0.0
2022-11-03,65.27651711269664,66.80865478515625,64.21726785177147,66.80865478515625,316,0.0,0.0
2022-11-04,66.8086558356296,68.39753696759473,66.8086558356296,67.65984344482422,4541,0.0,0.0
2022-11-07,67.65982943580678,69.87290954589844,67.53688294599937,69.87290954589844,755,0.0,0.0
2022-11-08,69.89182765106321,70.6484330776798,69.49460926092004,70.27013397216797,7196,0.0,0.0
2022-11-09,69.93910367202014,69.93910367202014,69.08792356346028,69.22978210449219,1088,0.0,0.0
2022-11-10,70.31741481399462,73.76944812447647,70.31741481399462,73.67487335205078,6649,0.0,0.0
2022-11-11,73.67487976500773,75.18809790231299,73.20199864612526,74.60172271728516,8841,0.0,0.0
2022-11-14,73.61811684777811,75.41506624299568,73.06012068403149,74.63954162597656,688,0.0,0.0
2022-11-16,74.63954757574088,74.63954757574088,73.17362056416134,73.67487335205078,892,0.0,0.0
2022-11-17,73.67487734981047,75.18809543750967,73.29657102398743,73.31548309326172,2618,0.0,0.0
2022-11-18,73.3154871378944,74.14776254373827,72.54942201714574,72.6345443725586,111,0.0,0.0
2022-11-21,72.93717753028413,73.22090183785559,72.19947701317663,72.70073699951172,78,0.0,0.0
2022-11-22,73.31548080657477,75.44344570541674,72.78585629629711,75.26375579833984,1653,0.0,0.0
2022-11-23,75.26375097213716,75.96361291806802,75.1124255699941,75.19754791259766,570,0.0,0.0
2022-11-24,75.1975423588655,75.8501132645328,73.72214865930547,75.53801727294922,488,0.0,0.0
2022-11-25,75.8406850445327,75.8406850445327,73.99644413537443,75.34888458251953,279,0.0,0.0
2022-11-28,74.45985485310266,74.45985485310266,73.61811992828957,73.84510803222656,72,0.0,0.0
2022-11-29,73.8451156535671,73.8451156535671,72.6345411699993,73.53301239013672,368,0.0,0.0
2022-11-30,73.53301278048167,73.76945333604591,71.38613571081925,72.38864135742188,4455,0.0,0.0
2022-12-01,72.41700749697924,73.39114135644775,71.3199271556918,72.93717956542969,7125,0.0,0.0
2022-12-02,72.49267897978828,73.18308139178615,71.37667921962807,72.74803161621094,10631,0.0,0.0
2022-12-05,68.37860742701568,73.76944888216778,68.37860742701568,73.06012725830078,1262,0.0,0.0
2022-12-06,71.94411973077922,72.72910397357826,70.44981394184437,70.96998596191406,6101,0.0,0.0
2022-12-07,70.96998183332609,70.99835353902633,70.04313189209982,70.49710083007812,399,0.0,0.0
2022-12-08,72.64400581085819,74.12885245294868,70.2228564366455,74.11940002441406,1442,0.0,0.0
2022-12-09,73.76944745846315,74.80978437693835,70.74301147460938,70.74301147460938,82,0.0,0.0
2022-12-12,70.74301088409035,73.1830717188826,70.22283882139855,72.92771911621094,6784,0.0,0.0
2022-12-13,73.43842156466063,74.12882379165283,72.34133416890383,73.5235366821289,433,0.0,0.0
2022-12-14,74.23286951216788,74.82870428768948,73.15470123291016,73.15470123291016,997,0.0,0.0
2022-12-15,73.15469301786116,73.15469301786116,71.62256311707085,72.20893096923828,150,0.0,0.0
2022-12-16,72.18055534564866,72.61560499853772,71.35773981038092,72.56832122802734,9537,0.0,0.0
2022-12-19,73.29656655392304,74.10992257938173,72.53995394841972,72.62507629394531,1072,0.0,0.0
2022-12-20,73.62758551325336,73.62758551325336,72.09545537375921,72.25623321533203,311,0.0,0.0
2022-12-21,72.26571447737052,74.02482604980469,72.26571447737052,74.02482604980469,48,0.0,0.0
2022-12-22,72.98447300186369,72.98447300186369,71.49962651931001,72.44538879394531,98,0.0,0.0
2022-12-23,75.33941549176045,75.39615891113762,73.0979566236599,73.23982238769531,640,0.0,0.0
2022-12-26,74.19504875335183,74.19504875335183,72.81423667602613,73.08850860595703,1743,0.0,0.0
2022-12-27,74.52606288246474,76.55944580278096,74.52606288246474,75.89741516113281,881,0.0,0.0
2022-12-28,76.22843163899006,76.22843163899006,74.45040130615234,74.45040130615234,329,0.0,0.0
2022-12-29,74.44093681618793,78.47934517533403,74.06263051888541,74.1761245727539,1323,0.0,0.0
2023-01-02,76.39866004101594,79.22648665366052,73.28710191674887,76.937744140625,1149,0.0,0.0
2023-01-03,76.58781678729495,76.96611584866884,75.88794764945071,76.937744140625,1192,0.0,0.0
2023-01-04,77.19311003361656,77.9118840794014,77.03232498269777,77.54303741455078,321,0.0,0.0
2023-01-05,78.08211689731424,78.46988282294221,75.85011775748357,76.02035522460938,371,0.0,0.0
2023-01-06,76.01091165822628,77.07962036132812,76.01091165822628,77.07962036132812,175,0.0,0.0
2023-01-09,77.07961995356283,78.45097226895342,76.6540298461914,76.6540298461914,585,0.0,0.0
2023-01-10,76.37974795701345,77.19310392685017,76.22842256002426,76.83370971679688,2440,0.0,0.0
2023-01-11,77.44848526083545,77.44848526083545,76.13387605282311,76.80536651611328,507,0.0,0.0
2023-01-12,76.80535325520538,77.7322034567708,76.2662690487052,77.04179382324219,170,0.0,0.0
2023-01-13,75.67043197723503,77.62815934778791,75.67043197723503,77.32551574707031,346,0.0,0.0
2023-01-16,77.32552334440997,79.28325090731231,76.2284356742729,79.20758819580078,666,0.0,0.0
2023-01-17,78.1767140749187,78.69687900319971,77.47684478759766,77.47684478759766,654,0.0,0.0
2023-01-18,76.6540191483843,82.14889450112312,74.23286332714758,77.552490234375,1524,0.0,0.0
2023-01-19,78.64244388711855,78.64244388711855,75.25955963134766,75.25955963134766,2242,0.387,0.0
2023-01-20,75.41159513660074,77.02701197894353,75.41159513660074,76.77995300292969,3109,0.0,0.0
2023-01-23,77.42611561837245,77.82521755073014,77.11253242160222,77.59716033935547,670,0.0,0.0
2023-01-24,77.60665665177088,78.98451890134956,76.97949751560344,78.57591247558594,5228,0.0,0.0
2023-01-25,78.56640451206806,78.56640451206806,77.30257454744851,77.92974090576172,525,0.0,0.0
2023-01-26,77.93925111167965,78.82298105907854,77.76820637186668,78.6329345703125,316,0.0,0.0
2023-01-27,79.82073982452033,80.76148222822009,78.87049292184747,80.58094024658203,1140,0.0,0.0
2023-01-30,80.47641203382139,80.48590928293011,79.4501436450187,79.64019012451172,221,0.0,0.0
2023-01-31,79.59266336684742,79.59266336684742,74.87944073836397,76.89395904541016,535,0.0,0.0
2023-02-01,75.61114627466361,76.32383145655996,74.29980814990543,74.49935913085938,662,0.0,0.0
2023-02-02,75.0694933163985,75.0694933163985,71.9146743936004,73.13098907470703,9995,0.0,0.0
2023-02-03,73.41607171816088,76.38083717182806,73.41607171816088,75.35457611083984,477,0.0,0.0
2023-02-06,76.49487275720165,77.82521982033202,75.34507491865423,77.07452392578125,333,0.0,0.0
2023-02-07,77.0745103956348,77.99625085434859,75.7346590690986,77.08401489257812,234,0.0,0.0
2023-02-08,77.08402101017947,77.16953974003545,76.17178497601142,76.94148254394531,172,0.0,0.0
2023-02-09,77.16954213286704,78.66142932612144,77.16954213286704,77.17904663085938,344,0.0,0.0
2023-02-10,77.17906796997349,77.36911448351918,76.44737366822207,76.54240417480469,236,0.0,0.0
2023-02-13,76.01976160688848,76.16230010986328,74.74643407988162,76.16230010986328,499,0.0,0.0
2023-02-14,77.07453488442188,77.08403938438505,74.53737712995067,75.25955963134766,4080,0.0,0.0
2023-02-15,76.77044874800032,76.82746124267578,75.62065085659094,76.82746124267578,27,0.0,0.0
2023-02-16,76.58037372771938,76.96997833251953,76.50435950588593,76.96997833251953,466,0.0,0.0
2023-02-17,76.49487024250622,77.0840258903297,75.71566812754382,75.8962173461914,212,0.0,0.0
2023-02-22,75.89622463743174,75.89622463743174,72.83642837381201,72.94095611572266,1316,0.0,0.0
2023-02-23,74.40433670435658,74.40433670435658,72.1237426473624,72.44682312011719,44,0.0,0.0
2023-02-24,71.83867007840016,73.26404054523273,71.83867007840016,72.87444305419922,538,0.0,0.0
2023-02-27,73.13099682344598,74.40433137439074,73.07398433229304,73.89119720458984,772,0.0,0.0
2023-02-28,73.89119196606988,74.95546372444993,73.89119196606988,74.12875366210938,708,0.0,0.0
2023-03-01,74.19528010524039,76.96999932874223,74.19528010524039,76.46636962890625,780,0.0,0.0
2023-03-02,76.60891213101429,78.10079956054688,76.42836288960427,78.10079956054688,2007,0.0,0.0
2023-03-03,77.87273411563066,78.76596856241049,77.35010264661962,78.6329345703125,1487,0.0,0.0
2023-03-06,78.76595261213674,78.87048033473364,77.55914242825547,77.95824432373047,958,0.0,0.0
2023-03-07,77.5401538845108,78.47139913604187,76.01976013183594,76.01976013183594,1355,0.0,0.0
2023-03-08,76.01973875897171,76.47586038144074,75.06949202448457,75.26904296875,926,0.0,0.0
2023-03-09,76.9319894807595,76.9319894807595,73.96721649169922,73.96721649169922,340,0.0,0.0
2023-03-10,73.9672230464269,77.92025404881164,69.48206329345703,69.48206329345703,3554,0.0,0.0
2023-03-13,70.12822464888266,71.41105652359704,69.2825054814883,70.20423889160156,1308,0.0,0.0
2023-03-14,71.45857040222918,71.45857040222918,69.18748068710559,69.70061492919922,1389,0.0,0.0
2023-03-15,68.86439056678232,69.70060518712592,67.75260348921218,68.70285034179688,287,0.0,0.0
2023-03-16,68.91189180297242,71.45855340820104,67.1824429908266,68.35124969482422,769,0.0,0.0
2023-03-17,69.08293854764374,69.08293854764374,66.40324289702892,66.88787078857422,1967,0.0,0.0
2023-03-20,67.71460499238361,68.85489852180203,67.71460499238361,68.73136901855469,182,0.0,0.0
2023-03-21,69.1779734560809,69.92866208640588,69.1779734560809,69.90966033935547,240,0.0,0.0
2023-03-22,69.70060389019062,71.26851261774256,68.42727661132812,68.42727661132812,715,0.0,0.0
2023-03-23,68.42728817889476,70.53683766896651,68.36077117919922,68.36077117919922,279,0.0,0.0
2023-03-24,68.01866454610823,68.01866454610823,67.02090255221401,67.41050720214844,945,0.0,0.0
2023-03-27,66.06114981220223,67.73358609536642,66.06114981220223,67.71458435058594,207,0.0,0.0
2023-03-28,69.06393452792615,69.06393452792615,67.08741953515313,67.41050720214844,95,0.0,0.0
2023-03-29,69.04495692737397,69.04495692737397,67.59107279219063,67.9521713256836,675,0.0,0.0
2023-03-30,67.96164872658846,68.77886156395834,67.44852182852628,68.41777038574219,2280,0.0,0.0
2023-03-31,71.26851598999195,71.26851598999195,67.71459468923736,68.7598648071289,689,0.0,0.0
2023-04-03,68.75984569385976,70.45128350988159,68.75984569385976,69.27297973632812,922,0.0,0.0
2023-04-04,69.37752281228994,69.37752281228994,65.2914585596195,65.65254974365234,1174,0.0,0.0
2023-04-05,65.56703994231843,67.44853210449219,63.68554778014467,67.44853210449219,2949,0.0,0.0
2023-04-06,67.84763705899012,67.84763705899012,62.81132507324219,62.81132507324219,717,0.0,0.0
2023-04-10,63.666549420572494,65.18694318065415,63.219932167652715,64.74032592773438,847,0.0,0.0
2023-04-11,63.89461086420456,66.16570077822664,63.89461086420456,65.61456298828125,1267,0.0,0.0
2023-04-12,66.38425643851004,66.38425643851004,64.47425792594625,64.74032592773438,201,0.0,0.0
2023-04-13,65.45299110682065,65.45299110682065,63.21991277695679,64.57876586914062,703,0.0,0.0
2023-04-14,64.57877023979441,66.09916363644317,64.57877023979441,64.87334442138672,300,0.0,0.0
2023-04-17,66.4792714703092,66.4792714703092,65.58603707490069,65.76658630371094,484,0.0,0.0
2023-04-18,69.24449783587603,71.26852122884401,66.20370324689337,66.32723999023438,834,0.0,0.0
2023-04-19,67.02091124762259,67.65757491689993,66.65982004336269,67.55304718017578,2446,0.0,0.0
2023-04-20,68.37915435339927,68.38870193523971,67.04175678446633,67.82508850097656,259,0.374775,0.0
2023-04-24,67.81554375522254,67.82509862671985,66.77428869719162,67.2519302368164,596,0.0,0.0
2023-04-25,67.25192842321725,67.39522233888674,66.13424899981155,66.3730697631836,3895,0.0,0.0
2023-04-26,66.134248733369,66.68830736310419,65.46554622568254,65.51331329345703,162,0.0,0.0
2023-04-27,66.2966497288419,67.06087184894254,61.61576100132727,63.85111999511719,3458,0.0,0.0
2023-04-28,63.85111070504086,67.06086209186047,63.83200825231618,64.98789978027344,6508,0.0,0.0
2023-05-02,66.2966382821897,66.2966382821897,63.23972846489204,64.45294189453125,7405,0.0,0.0
2023-05-03,64.76817857749964,65.33179194700641,64.06126403808594,64.06126403808594,4480,0.0,0.0
2023-05-04,64.82550563876853,64.82550563876853,62.5232700864203,62.65700912475586,400,0.0,0.0
2023-05-05,64.08037352237305,64.08037352237305,62.65699686843656,63.2874870300293,107,0.0,0.0
2023-05-08,63.28748315364839,64.30963542022343,63.28748315364839,64.09947204589844,1804,0.0,0.0
2023-05-09,64.00396130113506,64.21412472824082,63.26839659449587,63.33526611328125,160,0.0,0.0
2023-05-10,63.32571495360857,63.79380161253752,62.16982332501915,62.99136734008789,425,0.0,0.0
2023-05-11,64.4815992389345,64.4815992389345,61.577538191215574,62.22713088989258,4969,0.0,0.0
2023-05-12,62.828948350560076,62.828948350560076,61.061676577536154,61.367366790771484,331,0.0,0.0
2023-05-15,61.615756614515924,62.465957944432915,61.22408706636722,61.653968811035156,416,0.0,0.0
2023-05-16,61.71128216889088,62.09339683784694,60.89929305250372,61.252750396728516,2387,0.0,0.0
2023-05-17,62.21757249736735,62.77163832715451,62.10294321412181,62.48505783081055,1194,0.0,0.0
2023-05-18,63.45946030221731,63.99441653698568,62.48507469057033,63.621856689453125,119,0.0,0.0
2023-05-19,64.85415452616373,65.1693996276153,63.468997257211036,63.97529602050781,592,0.0,0.0
2023-05-22,63.97530227141923,63.984857141914084,62.80030100039699,63.40213394165039,93,0.0,0.0
2023-05-23,63.40212386469993,63.66960189019782,62.65699713737492,63.07732391357422,2993,0.0,0.0
2023-05-24,62.40864576444797,62.4659604173802,61.92144934982933,62.11250305175781,583,0.0,0.0
2023-05-25,62.11249516103686,63.13464764178706,62.11249516103686,62.962703704833984,187,0.0,0.0
2023-05-26,62.96270887148912,64.00396389015711,62.89583206176758,62.89583206176758,1086,0.0,0.0
2023-05-29,63.69827806830301,63.71738052368164,62.85763155524039,63.71738052368164,78,0.0,0.0
2023-05-30,64.00395313550109,64.07082264575524,63.02956780205048,63.20151901245117,276,0.0,0.0
2023-05-31,63.35436387590625,63.35436387590625,62.47550532601579,62.59968948364258,4085,0.0,0.0
2023-06-01,62.96270142537614,63.21106973969259,62.09339046057748,62.55192947387695,315,0.0,0.0
2023-06-02,64.14725760733562,67.15640064162403,63.08689284965084,66.96533966064453,933,0.0,0.0
2023-06-05,66.96535263570907,67.01311971226698,65.04523131215593,65.52287292480469,4789,0.0,0.0
2023-06-06,66.33485348848787,66.79338524456422,65.26493391059164,66.1151351928711,1246,0.0,0.0
2023-06-07,67.16592336239212,69.26754964584232,66.630967390131,68.86632537841797,453,0.0,0.0
2023-06-09,67.48120471165562,69.54461992343559,67.48120471165562,68.20722198486328,2365,0.0,0.0
2023-06-12,68.78037749740899,69.68789345187405,68.20720914257679,69.13383483886719,11099,0.0,0.0
2023-06-13,69.13383802677,71.47427862035359,69.13383802677,71.3596420288086,3593,0.0,0.0
2023-06-14,71.35962706325378,71.54113313974334,69.73564910888672,69.73564910888672,426,0.0,0.0
2023-06-15,70.57630252411835,71.02528668183655,70.46167323328348,71.01573181152344,27682,0.0,0.0
2023-06-16,71.54114004796074,71.54114004796074,70.61451441379619,70.7960205078125,422,0.0,0.0
2023-06-19,70.91066248777612,70.91066248777612,68.90456229520814,70.38525390625,543,0.0,0.0
2023-06-20,70.30883308495221,70.72915997151703,68.7803816177594,68.92367553710938,1023,0.0,0.0
2023-06-21,70.80558436693455,70.80558436693455,68.68485476760327,68.92367553710938,574,0.0,0.0
2023-06-22,68.5702141121113,68.70395315205299,67.47163717982086,67.63404083251953,534,0.0,0.0
2023-06-23,66.86981805097179,67.1181937015803,66.63099727221831,66.67876434326172,365,0.0,0.0
2023-06-26,66.67875174642009,67.63403468096347,66.67875174642009,67.48118591308594,244,0.0,0.0
2023-06-27,67.82509356643992,68.98098513150562,67.29968499675962,68.69440460205078,144,0.0,0.0
2023-06-28,69.73564852784578,70.21328995611869,69.14337053302464,69.68788146972656,4761,0.0,0.0
2023-06-29,70.21330637648211,71.64623099641032,70.07001245684299,70.64318084716797,6014,0.0,0.0
2023-06-30,70.64317379241362,70.70049572748374,70.35659326998613,70.6909408569336,1470,0.0,0.0
2023-07-03,70.6909408569336,71.64622384148674,69.92671155399876,70.6909408569336,1163,0.0,0.0
2023-07-04,69.70698640123328,70.69092650950566,67.299669687339,69.9744644165039,1213,0.0,0.0
2023-07-05,70.69094361128083,71.73219860666364,70.69094361128083,70.97753143310547,1571,0.0,0.0
2023-07-06,70.69094240755132,70.73870947311906,70.04134967227701,70.71004486083984,789,0.0,0.0
2023-07-07,69.3630999106086,71.83727940713936,69.3630999106086,71.5698013305664,772,0.0,0.0
2023-07-10,71.56979896135611,72.60150632675378,70.49988669048214,72.3149185180664,4726,0.0,0.0
2023-07-11,73.79561258678375,74.23504189717882,73.21288936711765,73.41349792480469,527,0.0,0.0
2023-07-12,73.40394894699457,73.59500993743832,72.07610603839471,72.70659637451172,467,0.0,0.0
2023-07-13,73.09825535525898,73.34663098752333,73.05049557597472,73.18423461914062,133,0.0,0.0
2023-07-14,73.18423937871752,73.93891390750936,72.63972829949199,73.19379425048828,238,0.0,0.0
2023-07-17,73.19377476363842,74.43563809863372,72.93584431212055,74.21592712402344,735,0.0,0.0
2023-07-18,74.21595110374906,75.85903930664062,74.20639623143491,75.85903930664062,653,0.0,0.0
2023-07-19,75.98743296558168,75.98743296558168,74.34575970850553,75.3634033203125,1472,0.393754,0.0
2023-07-20,76.61146891195939,76.61146891195939,75.1521987915039,75.1521987915039,374,0.0,0.0
2023-07-21,74.65297042505568,75.87222221556691,73.8657351976309,74.11534118652344,30900,0.0,0.0
2023-07-24,74.1153523562936,74.49937120610582,73.55853271484375,73.55853271484375,2681,0.0,0.0
2023-07-25,74.00974110098733,75.161797558762,73.4433190191075,74.70097351074219,1646,0.0,0.0
2023-07-26,75.26740609421817,75.26740609421817,72.94410276023613,73.0593032836914,662,0.0,0.0
2023-07-27,73.05930239721917,73.81773757381407,72.88649428958298,73.44332122802734,1284,0.0,0.0
2023-07-28,72.86730357469662,74.32656648110218,72.86730357469662,74.00975036621094,186,0.0,0.0
2023-07-31,74.53778007716434,75.36341810993792,74.01935568510528,74.7681884765625,444,0.0,0.0
2023-08-01,76.41945943957501,82.966955671324,76.41945943957501,82.75574493408203,19075,0.0,0.0
2023-08-02,82.7557417203775,84.7046360590774,82.25652235364244,82.56373596191406,4699,0.0,0.0
2023-08-03,83.24537138633461,83.54298252883795,82.65014177677726,82.65974426269531,1303,0.0,0.0
2023-08-04,82.6501208049294,82.6501208049294,80.45162818334181,80.65323638916016,1781,0.0,0.0
2023-08-07,80.65324848350112,83.02455686514924,76.8034723795997,82.7077407836914,434,0.0,0.0
2023-08-08,82.73654567059118,83.4661807510195,81.45968611097922,83.0341567993164,20897,0.0,0.0
2023-08-09,83.80220269394447,84.52223535932708,83.53339167079646,84.30142211914062,1215,0.0,0.0
2023-08-10,83.29336246620254,83.7349815249128,81.96849796552232,82.94774627685547,234,0.0,0.0
2023-08-11,83.48535848057664,84.0037827042113,83.005336865124,83.79257202148438,428,0.0,0.0
2023-08-14,84.00378576327428,84.55101013183594,83.45656139471262,84.55101013183594,378,0.0,0.0
2023-08-15,84.55103427609009,84.55103427609009,82.89975821533709,82.92855834960938,206,0.0,0.0
2023-08-16,84.86782923101198,84.86782923101198,82.00689697265625,82.00689697265625,111,0.0,0.0
2023-08-17,82.0933144813295,83.76378797283643,82.0933144813295,83.07255554199219,911,0.0,0.0
2023-08-18,83.56216569430482,83.56216569430482,80.82604388573372,81.70928192138672,401,0.0,0.0
2023-08-21,81.85331598564568,81.85331598564568,80.58605877928572,81.56529998779297,895,0.0,0.0
2023-08-22,81.5748856323634,81.5748856323634,79.88520726454982,80.26922607421875,1071,0.0,0.0
2023-08-23,79.80840213977058,81.76689147949219,79.4435882986208,81.76689147949219,259,0.0,0.0
2023-08-24,81.76689307757414,81.76689307757414,77.6867087045469,79.16517639160156,1013,0.0,0.0
2023-08-25,80.11561114594024,80.11561114594024,78.82915662863195,79.71239471435547,276,0.0,0.0
2023-08-28,79.71238249367532,81.210047481126,78.82914454336073,80.54762268066406,91,0.0,0.0
2023-08-29,80.64365051643051,81.73809947318946,80.64365051643051,81.27728271484375,50,0.0,0.0
2023-08-30,81.27726078671215,82.57331764114755,81.27726078671215,82.54451751708984,682,0.0,0.0
2023-08-31,82.54453536154006,84.4838198209927,82.54453536154006,83.71578216552734,812,0.0,0.0
2023-09-01,84.48382814401452,84.96384989483279,83.07256302468072,84.23421478271484,3797,0.0,0.0
2023-09-04,85.44385382960638,85.44385382960638,83.47576213180142,84.81982421875,665,0.0,0.0
2023-09-05,84.81981703360663,85.49185168242695,83.840576171875,83.840576171875,2114,0.0,0.0
2023-09-06,84.07099831056168,84.76223071458455,83.37976590653881,84.04219818115234,1591,0.0,0.0
2023-09-08,83.52376929579302,84.75262358017105,83.52376929579302,84.38780975341797,1186,0.0,0.0
2023-09-11,84.38780904654274,84.38780904654274,82.976544198335,83.4565658569336,1963,0.0,0.0
2023-09-12,83.4565645003066,84.76222397643458,83.4565645003066,83.58136749267578,500,0.0,0.0
2023-09-13,83.57180208278416,83.58139724554034,80.63406355346098,81.38289642333984,495,0.0,0.0
2023-09-14,81.92048953947692,82.74612729281644,81.88208693181596,82.67892456054688,406,0.0,0.0
2023-09-15,82.4965404580859,82.55414072577283,80.9796699295564,81.55569458007812,1876,0.0,0.0
2023-09-18,81.55568746210736,83.6485824584961,81.11406835776572,83.6485824584961,160,0.0,0.0
2023-09-19,82.14130864406656,82.47732968423192,81.12366501261626,81.79569244384766,958,0.0,0.0
2023-09-20,81.79568679962868,83.37975972056657,81.44047546386719,81.44047546386719,947,0.0,0.0
2023-09-21,81.44047789957625,81.44047789957625,80.18281614951327,80.77804565429688,856,0.0,0.0
2023-09-22,80.44204411616859,81.1044764616202,80.25963351100354,80.84526062011719,796,0.0,0.0
2023-09-25,82.46773568656575,82.46773568656575,80.5956465219609,81.48848724365234,412,0.0,0.0
2023-09-26,81.48848799420907,81.48848799420907,80.56684713180492,80.84526062011719,373,0.0,0.0
2023-09-27,81.38286952761683,83.05335018864314,81.31566678777435,82.32371520996094,9999,0.0,0.0
2023-09-28,82.92853702907378,83.98459051122404,82.86133429153232,83.88858032226562,212,0.0,0.0
2023-09-29,83.88856986828613,83.88856986828613,81.69967260451136,82.22769927978516,990,0.0,0.0
2023-10-02,82.23730176239418,83.49495597589413,82.22769927978516,82.22769927978516,879,0.0,0.0
2023-10-03,82.4293403270492,83.4469841528359,82.22773205917926,83.1397705078125,287,0.0,0.0
2023-10-04,83.1301432212012,83.1301432212012,81.41167221375878,81.99729919433594,214,0.0,0.0
2023-10-05,81.55569086764417,82.18932308156056,80.74925785853294,80.7684555053711,1155,0.0,0.0
2023-10-06,80.73003924912177,83.01494703804003,80.73003924912177,82.89013671875,240,0.0,0.0
2023-10-09,82.50613344283092,83.5429747645473,82.24691761898934,83.07255554199219,1721,0.0,0.0
2023-10-10,83.5429769848202,83.80219281555081,82.97655487060547,82.97655487060547,392,0.0,0.0
2023-10-11,83.3701629195601,83.3701629195601,81.99730792898887,82.62133026123047,1202,0.0,0.0
2023-10-13,84.28220448899442,84.28220448899442,81.31566680216694,81.91089630126953,767,0.0,0.0
2023-10-16,82.04532330532946,82.83255874638797,81.69970703125,81.69970703125,110,0.0,0.0
2023-10-17,83.34136940601664,83.34136940601664,81.57489297686622,82.74614715576172,996,0.0,0.0
2023-10-18,82.74614059183428,82.74614059183428,78.53155077393905,78.72355651855469,694,0.0,0.0
2023-10-19,79.66440660594483,82.56373452579274,76.86107423910872,81.60369110107422,729,0.0,0.0
2023-10-20,81.30939586981306,83.60496089759148,75.47402131061017,76.01415252685547,1719,0.394875,0.0
2023-10-23,75.93698952887641,75.93698952887641,74.99175262451172,74.99175262451172,1249,0.0,0.0
2023-10-24,75.39685837161203,75.70550583527803,74.78921074716409,75.2232437133789,2054,0.0,0.0
2023-10-25,75.22322563437623,75.3775530084865,73.9211196899414,73.9211196899414,226,0.0,0.0
2023-10-26,73.92112760132595,78.15538787841797,72.48398873010242,78.15538787841797,556,0.0,0.0
2023-10-27,72.33932527212374,72.69620192594476,71.56770285905974,72.10784149169922,975,0.0,0.0
2023-10-30,72.10782489894645,74.12367676713441,72.06924305129766,73.61248016357422,2123,0.0,0.0
2023-10-31,73.6896447064676,73.6896447064676,68.06646728515625,68.06646728515625,4087,0.0,0.0
2023-11-01,67.96036785656807,69.6675796508789,67.91214606634523,69.6675796508789,3281,0.0,0.0
2023-11-03,70.94074612609248,71.63519725395297,70.29450942628446,71.18187713623047,1453,0.0,0.0
2023-11-06,72.60937724258748,72.60937724258748,69.83155032412384,69.9472885131836,1304,0.0,0.0
2023-11-07,69.9472858378676,69.9472858378676,68.64517974960067,68.76092529296875,3909,0.0,0.0
2023-11-08,69.53253188104532,69.89905571197004,69.34927732431711,69.59040832519531,836,0.0,0.0
2023-11-09,70.41025984161804,70.41025984161804,69.72544860839844,69.72544860839844,1106,0.0,0.0
2023-11-10,70.06302952648066,70.84429168701172,69.72544756567927,70.84429168701172,370,0.0,0.0
2023-11-13,70.84428745114757,72.04994249530415,70.84428745114757,71.3940658569336,4779,0.0,0.0
2023-11-14,70.07267906889396,73.19773516969737,70.07267906889396,72.82157135009766,714,0.0,0.0
2023-11-16,73.91148096089489,73.91148096089489,72.4357602288137,72.82157135009766,864,0.0,0.0
2023-11-17,73.46779876990094,75.2328796351292,73.46779876990094,75.11713409423828,4213,0.0,0.0
2023-11-20,75.57047077918148,75.57047077918148,73.0819965381979,73.53532409667969,1148,0.0,0.0
2023-11-21,73.52568040435308,73.86326239067078,72.92767277235072,73.58354949951172,811,0.0,0.0
2023-11-22,75.05925917214793,75.05925917214793,71.47122862935119,72.93730926513672,494,0.0,0.0
2023-11-23,72.86979251375,73.30382537841797,69.45537660649663,73.30382537841797,175,0.0,0.0
2023-11-24,72.76370185482035,73.5256767914876,72.41647258345972,73.14950561523438,1134,0.0,0.0
2023-11-27,73.14951308600193,73.5739060962827,72.37789812763376,73.4002914428711,2007,0.0,0.0
2023-11-28,72.80227272742259,73.36169103918274,72.43574890805492,72.7926254272461,4561,0.0,0.0
2023-11-29,73.36170196788157,74.05616050936447,73.2556037263364,73.59319305419922,652,0.0,0.0
2023-11-30,73.88254520748862,74.83742201404601,73.69929063089242,74.22977447509766,562,0.0,0.0
2023-12-01,74.22978093399647,75.69586182674271,74.1719118372713,75.54153442382812,7273,0.0,0.0
2023-12-04,75.61868261199172,76.12987915148622,75.00138784444356,75.77300262451172,1428,0.0,0.0
2023-12-05,76.19740910605078,76.64108933931624,73.58354949951172,73.58354949951172,1554,0.0,0.0
2023-12-06,77.81780796513456,77.81780796513456,75.6476286485844,75.66691589355469,1336,0.0,0.0
2023-12-07,77.18121808186498,77.18121808186498,75.39684990300641,76.14917755126953,196,0.0,0.0
2023-12-08,76.14917303987419,77.40305728518415,76.14917303987419,77.08476257324219,932,0.0,0.0
2023-12-11,77.78886801219168,78.26148274783795,77.4802206029708,77.68276977539062,727,0.0,0.0
2023-12-12,78.79198846405521,78.79198846405521,77.67313680006191,78.60872650146484,973,0.0,0.0
2023-12-13,78.6087183184077,79.55395522437442,77.84674335595405,79.11026763916016,2026,0.0,0.0
2023-12-14,79.57323826278353,84.3572769165039,79.57323826278353,84.3572769165039,2617,0.0,0.0
2023-12-15,84.35727652258235,85.37002976650977,84.29940743163844,84.72379302978516,427,0.0,0.0
2023-12-18,85.37003788857913,85.94875092928123,84.20296450485482,84.3187026977539,42329,0.0,0.0
2023-12-19,83.77856656978712,85.7365493774414,83.77856656978712,85.7365493774414,320,0.0,0.0
2023-12-20,85.73655283740183,88.0031831639598,85.52435634271603,86.11271667480469,5885,0.0,0.0
2023-12-21,87.83921669589765,87.83921669589765,84.47302937129953,85.2639389038086,759,0.0,0.0
2023-12-22,85.21570628129454,85.77513204848623,84.7237969095408,84.92635345458984,6358,0.0,0.0
2023-12-26,86.63354903410593,86.63354903410593,85.06137749704033,86.18022155761719,318,0.0,0.0
2023-12-27,86.22847324069754,86.9036373021053,85.88124390662031,86.72038269042969,411,0.0,0.0
2023-12-28,87.4051827387931,87.4051827387931,86.4020767211914,86.4020767211914,7241,0.0,0.0
2024-01-02,86.51780726854018,87.06758570129068,86.32490539550781,86.32490539550781,1546,0.0,0.0
2024-01-03,86.3249107965473,86.61427098293484,83.99076413663656,84.46337890625,10908,0.0,0.0
2024-01-04,86.16095077323625,86.16095077323625,84.2222550208127,84.9842300415039,147,0.0,0.0
2024-01-05,83.9232511781561,85.32180829925998,83.78821838130754,84.76238250732422,378,0.0,0.0
2024-01-08,84.76238917804184,85.84265899658203,84.16438884743204,85.84265899658203,259,0.0,0.0
2024-01-09,86.10306161865931,86.41170903075195,84.83953742520733,86.32490539550781,772,0.0,0.0
2024-01-10,86.32490914274378,87.05794953780955,86.03554896189976,86.39242553710938,217,0.0,0.0
2024-01-11,86.5756995092771,86.81683057391845,85.41826598375695,85.72691345214844,161,0.0,0.0
2024-01-12,85.72690289850254,86.24774681705628,84.62734596780085,84.88777160644531,1046,0.0,0.0
2024-01-15,84.88775941262755,89.03520820286806,84.52123558255333,85.88121795654297,3136,0.0,0.0
2024-01-16,84.87812776660621,86.15129938875589,84.83954591639132,85.148193359375,2601,0.0,0.0
2024-01-17,84.40551488203803,84.57912953255118,82.52468827502308,83.0455322265625,1516,0.0,0.0
2024-01-18,85.83300611230969,85.83300611230969,82.46681872986413,83.68212127685547,1241,0.0,0.0
2024-01-19,83.7214204785395,85.64003219061635,83.19816072264564,85.55282592773438,6599,0.400563,0.0
2024-01-22,85.55281770368832,87.28732467421224,85.44622735294514,87.01600646972656,614,0.0,0.0
2024-01-23,87.01602378434846,88.33386166224777,86.60903900377068,86.9288101196289,408,0.0,0.0
2024-01-24,86.90944291208929,87.28735158382274,86.18269432908363,86.55091094970703,1200,0.0,0.0
2024-01-25,87.08384377056996,89.78734879362695,87.04508296749881,88.95401000976562,334,0.0,0.0
2024-01-26,89.07029538809059,90.12650706426835,88.94432830810547,88.94432830810547,1969,0.0,0.0
2024-01-29,88.944319621181,90.84355464991785,88.74083094590927,89.90362548828125,492,0.0,0.0
2024-01-30,90.27184943707663,91.67689345865794,90.1943278294793,91.3377456665039,4206,0.0,0.0
2024-01-31,92.05480158097596,92.05480158097596,90.03928415102011,90.43657684326172,3303,0.0,0.0
2024-02-01,90.43658364392752,91.29899125847665,90.01991421498721,91.07611846923828,756,0.0,0.0
2024-02-02,90.8920136743857,95.14591422420015,90.8920136743857,95.05870056152344,5446,0.0,0.0
2024-02-05,98.82810618490285,101.58006441142722,95.99863373520529,97.14205169677734,847,0.0,0.0
2024-02-06,97.14204502105713,98.64399480895372,96.23118457733653,96.89979553222656,791,0.0,0.0
2024-02-07,96.89978654347415,98.2563850336562,96.89978654347415,97.67498779296875,387,0.0,0.0
2024-02-08,98.25638161918356,98.54707653299194,97.28738378742212,97.6071548461914,1829,0.0,0.0
2024-02-09,97.28737652994448,97.28737652994448,94.6032485961914,94.6032485961914,2957,0.0,0.0
2024-02-14,95.15558724986153,95.73699188232422,94.58388205890475,95.73699188232422,1018,0.0,0.0
2024-02-15,96.89011100751522,97.1614292732182,95.03932861340228,97.00639343261719,285,0.0,0.0
2024-02-16,96.87073015866201,99.03159153447112,96.87073015866201,96.9676284790039,1830,0.0,0.0
2024-02-19,99.08973239903554,99.08973239903554,95.97924986787149,97.53933715820312,2467,0.0,0.0
2024-02-20,96.51218774305062,96.51218774305062,93.41139747219349,93.60519409179688,4514,0.0,0.0
2024-02-21,93.70209960622641,95.1555965436107,93.70209960622641,94.64202880859375,210,0.0,0.0
2024-02-22,94.65172057159361,96.89979553222656,94.65172057159361,96.89979553222656,1007,0.0,0.0
2024-02-23,94.64203035741416,98.3532943725586,94.64203035741416,98.3532943725586,1485,0.0,0.0
2024-02-26,98.06258307493242,98.83778434063328,96.9676181255321,98.1982421875,365,0.0,0.0
2024-02-27,98.40173619204481,98.54707995756641,96.8319569886084,97.67498779296875,5330,0.0,0.0
2024-02-28,98.11104373363125,99.70989185082695,97.6653055578868,98.80872344970703,2055,0.0,0.0
2024-02-29,99.3804302870903,100.58199310302734,99.3804302870903,100.58199310302734,1610,0.0,0.0
2024-03-01,100.78547488966407,101.16338348388672,99.92306733947729,101.16338348388672,2180,0.0,0.0
2024-03-04,101.53160076910363,101.93857812079202,100.48508124230429,101.74478149414062,41429,0.0,0.0
2024-03-05,101.93857960306843,101.93857960306843,99.51608477036369,99.74864959716797,603,0.0,0.0
2024-03-06,102.39400450165817,102.39400450165817,100.00057854827244,100.669189453125,427,0.0,0.0
2024-03-07,101.73508681607868,102.42307443364095,100.96957759271207,101.64788055419922,610,0.0,0.0
2024-03-08,102.22928167342373,103.68277856925441,102.22928167342373,102.61688232421875,2018,0.0,0.0
2024-03-11,99.88431675346702,102.56843799121744,99.87462470335343,101.15370178222656,1418,0.0,0.0
2024-03-12,101.15368720314349,102.20020667853456,100.77577862473012,101.8416748046875,1209,0.0,0.0
2024-03-13,102.34556755878006,103.5761917194728,102.0936260182856,102.578125,1184,0.0,0.0
2024-03-14,103.5180573198119,103.91534265247145,102.43277690670868,102.96572875976562,881,0.0,0.0
2024-03-15,102.72346366686952,104.78742641626026,102.72346366686952,104.71959686279297,318,0.0,0.0
2024-03-18,104.72929320302268,107.442482845767,104.72929320302268,106.69635772705078,3884,0.0,0.0
2024-03-19,106.69635670945878,107.85915120342115,106.40565438953465,107.6556625366211,12529,0.0,0.0
2024-03-20,105.49480631587102,107.73318914756092,105.49480631587102,107.55876922607422,1452,0.0,0.0
2024-03-21,105.4076000990031,110.00064849853516,105.4076000990031,110.00064849853516,1615,0.0,0.0
2024-03-22,110.22351746695415,110.475459005453,108.93474841151382,109.03164672851562,473,0.0,0.0
2024-03-25,107.67505957477256,113.53749299295482,107.23900604248047,107.23900604248047,619,0.0,0.0
2024-03-26,107.33589094718086,108.6149678415362,107.33589094718086,108.29520416259766,896,0.0,0.0
2024-03-27,108.33397134172522,109.46769714355469,108.28551848816292,109.46769714355469,2167,0.0,0.0
2024-03-28,110.10723123258414,111.43476104736328,109.89405789971958,111.43476104736328,1068,0.0,0.0
2024-04-01,111.44444631185576,112.34561462030779,111.08591444105501,111.2990951538086,2875,0.0,0.0
2024-04-02,111.29910022888754,111.7060775756836,110.5335909949422,111.7060775756836,896,0.0,0.0
2024-04-03,113.53748865082162,116.27975463867188,112.23903493926628,116.27975463867188,1310,0.0,0.0
2024-04-04,116.27005867693178,116.27005867693178,113.02391711439992,113.37275695800781,1338,0.0,0.0
2024-04-05,113.6053097583604,117.04525520092768,113.07236535831134,116.62858581542969,2515,0.0,0.0
2024-04-08,116.04719972194651,116.86115447353387,113.95416054437698,114.04137420654297,1894,0.0,0.0
2024-04-09,114.04135951814844,114.4095760403167,111.27970972685237,112.68476104736328,4290,0.0,0.0
2024-04-10,116.33788525264134,116.33788525264134,112.12274587547715,114.20609283447266,783,0.0,0.0
2024-04-11,114.2061068175409,115.16541278388475,113.04331215487369,114.76812744140625,1400,0.0,0.0
2024-04-12,115.58208713939095,115.58208713939095,112.79137539465258,112.8398208618164,268,0.0,0.0
2024-04-15,113.08206466321967,117.3165886228613,113.08206466321967,114.18672180175781,9067,0.0,0.0
2024-04-16,115.23323645818391,115.46580129312233,114.0801339046357,115.00067901611328,788,0.0,0.0
2024-04-17,115.00067965823814,115.12664673321564,112.69446714539684,113.75067138671875,1050,0.0,0.0
2024-04-18,114.33206378706139,115.95998060654817,113.13050842285156,113.13050842285156,253,0.0,0.0
2024-04-19,113.68131158370207,114.75102302635311,111.15290069580078,111.15290069580078,1478,0.416406,0.0
2024-04-22,111.38629351788383,113.67158789288628,111.38629351788383,112.7282943725586,670,0.0,0.0
2024-04-23,112.80610414359064,114.36204892377418,112.80610414359064,113.42848205566406,2399,0.0,0.0
2024-04-24,114.04111515872432,115.06220770046787,112.62131530803659,113.93415069580078,443,0.0,0.0
2024-04-25,107.0685516427931,107.63258394853186,104.83188332244454,106.54341888427734,3962,0.0,0.0
2024-04-26,105.99881701990203,107.45751633668968,105.14304942501151,106.75733947753906,2086,0.0,0.0
2024-04-29,107.29220926548443,109.09127044677734,106.87404845735004,109.09127044677734,3871,0.0,0.0
2024-04-30,106.90321959914176,109.09126875251508,105.26947593451652,105.57093811035156,1117,0.0,0.0
2024-05-02,105.01663428750862,105.01663428750862,102.27427960188456,104.50122833251953,15974,0.0,0.0
2024-05-03,104.71518333755539,104.93885387638613,103.22731091717792,103.2370376586914,3098,0.0,0.0
2024-05-06,104.51096560201601,105.7751674753404,104.51096560201601,105.30838775634766,1339,0.0,0.0
2024-05-07,103.19813153536347,107.27276048891768,103.19813153536347,106.53369140625,1140,0.0,0.0
2024-05-08,106.339201825854,107.07827838443136,104.93885522247534,106.54341888427734,1934,0.0,0.0
2024-05-09,108.91622587366354,110.49162395458035,108.57586415167415,110.28740692138672,2019,0.0,0.0
2024-05-10,110.06375035748125,111.5418960600398,110.06375035748125,111.36685180664062,298,0.0,0.0
2024-05-13,111.36684365024082,112.07674735351426,110.56942153634259,111.35712432861328,1129,0.0,0.0
2024-05-14,111.541884551453,112.24206149280734,111.46409288411417,111.74610900878906,845,0.0,0.0
2024-05-15,114.44957396110097,114.44957396110097,111.9989544574868,112.21289825439453,1159,0.0,0.0
2024-05-16,112.1156503499594,112.1253770912159,109.15935165100677,109.65531158447266,3816,0.0,0.0
2024-05-17,108.29385567599569,110.31658750846215,108.29385567599569,110.1804428100586,188,0.0,0.0
2024-05-20,107.07827589986341,112.87417475366925,107.07827589986341,111.97950744628906,2797,0.0,0.0
2024-05-21,112.21290417672574,112.21290417672574,111.3182368145567,111.63915252685547,281,0.0,0.0
2024-05-22,112.50463171175903,112.50463171175903,110.4332736874869,111.09455108642578,554,0.0,0.0
2024-05-23,110.59859956715172,111.40574098667999,110.0151138305664,110.0151138305664,1132,0.0,0.0
2024-05-24,110.35547635791615,110.59859292712089,108.64393363330275,109.8108901977539,1942,0.0,0.0
2024-05-27,108.9745755914343,110.46244790324754,108.46889635957905,108.92595672607422,34,0.0,0.0
2024-05-28,108.9065103952508,109.15935373744477,108.06046937300653,108.37165832519531,1079,0.0,0.0
2024-05-29,108.40083053932663,108.61477433391461,107.29221943948873,107.3797378540039,2170,0.0,0.0
2024-05-31,107.82706510115925,108.1771535770826,106.72818080799,107.94376373291016,1475,0.0,0.0
2024-06-03,108.42999228549046,108.6536627986559,103.71353222151207,105.47369384765625,12220,0.0,0.0
2024-06-04,105.47369576538149,105.70708560385874,104.54985573271748,105.17223358154297,481,0.0,0.0
2024-06-05,105.66819896308074,106.17387820924144,105.17223903866937,106.01828002929688,804,0.0,0.0
2024-06-06,106.16414992682957,106.16414992682957,104.54013289871648,104.89994812011719,1068,0.0,0.0
2024-06-07,105.02637047993095,106.82543182373047,104.05390408659825,106.82543182373047,480,0.0,0.0
2024-06-10,106.5823068764923,108.23550406725595,106.5823068764923,107.36028289794922,829,0.0,0.0
2024-06-11,107.58394186395806,108.91622333825042,105.5320374200215,106.42671203613281,1025,0.0,0.0
2024-06-12,107.38945681647155,109.88869498076534,107.02964160442555,107.48670196533203,8797,0.0,0.0
2024-06-13,107.4964445605513,107.59368972375437,105.93077294919165,106.3975601196289,938,0.0,0.0
2024-06-14,106.42671051171196,106.42671051171196,103.27591446835528,104.65682220458984,5706,0.0,0.0
2024-06-17,104.65682138749659,108.91622092782274,104.65682138749659,106.50450134277344,636,0.0,0.0
2024-06-18,106.32945909636823,107.515869140625,106.32945909636823,107.515869140625,388,0.0,0.0
2024-06-19,107.51586844498793,107.51586844498793,107.06853485107422,107.06853485107422,509,0.0,0.0
2024-06-20,106.92267305570384,109.645581824851,106.92267305570384,109.2857666015625,3217,0.0,0.0
2024-06-21,109.2079734592003,109.32466467217388,108.11880848236065,108.4980697631836,5148,0.0,0.0
2024-06-24,108.49807644412056,109.48998891212158,107.6131358741519,108.26468658447266,1402,0.0,0.0
2024-06-25,108.78008879208416,108.78008879208416,107.26304362836763,108.43000030517578,437,0.0,0.0
2024-06-26,108.66338012091069,109.96648879501466,108.36191794809864,109.48997497558594,1096,0.0,0.0
2024-06-27,109.9178725459216,110.22906148735565,109.03293200782115,109.41219329833984,772,0.0,0.0
2024-06-28,111.25988553744874,113.40903541338504,111.21125924921324,113.31178283691406,949,0.0,0.0
2024-07-01,113.3117765525683,113.42847518626336,110.46244983231396,112.89361572265625,3731,0.0,0.0
2024-07-02,113.04921953842884,113.69105092676408,112.82554900085843,112.86444854736328,1313,0.0,0.0
2024-07-03,111.9114375702656,112.3976707810304,110.74447341283208,111.6877670288086,545,0.0,0.0
2024-07-04,111.68775606529591,112.8158205648154,109.79144969719074,112.07674407958984,409,0.0,0.0
2024-07-05,112.31014053948569,112.31014053948569,109.12045198908234,109.21769714355469,871,0.0,0.0
2024-07-08,110.60832016197394,110.89033629274908,108.63421466587731,109.26631927490234,5031,0.0,0.0
2024-07-09,108.91623091264204,108.91623091264204,106.97129821777344,106.97129821777344,660,0.0,0.0
2024-07-10,107.18524969627006,107.5061653946014,105.65847771796243,107.30194091796875,484,0.0,0.0
2024-07-11,109.12045033339253,110.26796094514637,108.86760700013704,109.84980010986328,1853,0.0,0.0
2024-07-12,109.84979676079,112.08647230817431,109.84979676079,111.5516128540039,1302,0.0,0.0
2024-07-15,111.83362808630399,115.16918789904257,111.83362808630399,114.81909942626953,6516,0.0,0.0
2024-07-16,115.14000579215649,119.42857810808835,113.91469623646364,119.27298736572266,9743,0.0,0.0
2024-07-17,119.27300268822968,120.15794323373285,118.51448010084707,119.6036376953125,1107,0.0,0.0
2024-07-18,119.49665210524515,123.6199144153512,119.49665210524515,121.91809844970703,3023,0.0,0.0
2024-07-19,122.17092915667563,125.4481430053711,117.22107963347781,125.4481430053711,505,0.0,0.0
2024-07-22,125.61376599758299,125.61376599758299,115.84304533458305,118.06854248046875,3503,0.479664,0.0
2024-07-23,118.59562808250925,118.59562808250925,116.53606555050001,117.51216125488281,8746,0.0,0.0
2024-07-24,118.30280767042848,118.35161543910824,115.90161290237845,116.76058197021484,3774,0.0,0.0
2024-07-25,116.49703189021463,119.16177669288882,115.38428327732298,118.82014465332031,795,0.0,0.0
2024-07-26,119.66934789805165,121.6801103824019,119.66934789805165,121.0749282836914,1123,0.0,0.0
2024-07-29,122.28527536397115,122.28527536397115,118.3516106509713,118.53707122802734,496,0.0,0.0
2024-07-30,116.27252107272868,118.94702117353997,116.27252107272868,116.9460220336914,561,0.0,0.0
2024-07-31,116.94604177501273,120.72353540737726,116.94604177501273,119.40580749511719,839,0.0,0.0
2024-08-01,119.66933953776127,120.10858710109727,114.82790542736824,115.56974029541016,1390,0.0,0.0
2024-08-02,114.69126028931461,114.69126028931461,111.22611710602085,111.50918579101562,1678,0.0,0.0
2024-08-05,109.27391858242528,112.1045978076718,108.22949640535725,110.98208618164062,996,0.0,0.0
2024-08-06,113.48089993687762,114.30081683534638,107.66336985515271,112.40719604492188,10251,0.0,0.0
2024-08-07,113.70539244527374,114.28129281332836,111.85080902087253,112.44622802734375,523,0.0,0.0
2024-08-08,112.54385903148184,114.74007478272657,112.54385903148184,114.24226379394531,702,0.0,0.0
2024-08-09,112.2510259201106,113.66636196377335,112.1826995065618,113.41258239746094,7016,0.0,0.0
2024-08-12,115.39404151188616,115.39404151188616,112.08507749348742,112.38766479492188,1571,0.0,0.0
2024-08-13,113.50042367331919,113.50042367331919,112.04604294932926,112.3974380493164,396,0.0,0.0
2024-08-14,113.1685463432355,113.47113364992231,111.65559491576198,112.92452239990234,480,0.0,0.0
2024-08-15,110.65998185887725,116.02850867795395,110.65998185887725,115.84304809570312,822,0.0,0.0
2024-08-16,115.84305671733283,115.84305671733283,114.08608119424582,115.02313232421875,256,0.0,0.0
2024-08-19,114.10559395350232,114.59364182546169,113.03189012459563,113.61754608154297,1616,0.0,0.0
2024-08-20,112.27054285641047,115.12074843536571,112.27054285641047,114.7010269165039,471,0.0,0.0
2024-08-21,115.85282040127565,115.85282040127565,114.33010579051232,114.67174530029297,309,0.0,0.0
2024-08-22,116.07731224669882,117.43408483044645,115.59902738369212,117.26815032958984,3097,0.0,0.0
2024-08-23,117.38527563047738,117.38527563047738,115.66734504506455,116.23348236083984,4926,0.0,0.0
2024-08-26,116.54584149599842,118.42970671190876,116.54584149599842,117.35600280761719,1558,0.0,0.0
2024-08-27,117.42433117613332,117.90261604704988,116.6629701742198,117.71715545654297,747,0.0,0.0
2024-08-28,118.77133021761874,119.22033336542182,116.93627290307316,117.97093200683594,557,0.0,0.0
2024-08-29,119.23987109907777,122.5195462622457,119.23987109907777,120.78209686279297,3861,0.0,0.0
2024-08-30,120.78208411165446,122.49025164716791,120.42093345595264,120.90898132324219,8468,0.0,0.0
2024-09-02,119.08368431807375,121.9436452311345,117.13149277187581,121.10420227050781,2000,0.0,0.0
2024-09-03,120.32332821457521,120.36237294093971,116.48727135175024,116.74105834960938,2346,0.0,0.0
2024-09-04,117.20958953188011,117.20958953188011,115.27691650390625,115.27691650390625,2496,0.0,0.0
2024-09-05,115.5990146558218,115.5990146558218,113.1294937133789,113.1294937133789,1383,0.0,0.0
2024-09-06,111.8117694319482,114.7010119141356,111.8117694319482,112.3193359375,2737,0.0,0.0
2024-09-09,114.6717357907726,115.05241255013948,113.73467728630969,114.10559844970703,396,0.0,0.0
2024-09-10,114.33984294114013,115.10119635059702,113.3930289766037,115.07191467285156,318,0.0,0.0
2024-09-11,114.49603443148588,115.3452329677278,113.0026016787806,115.06216430664062,464,0.0,0.0
2024-09-12,115.08169400900009,117.00460388808564,115.08169400900009,116.34085845947266,1333,0.0,0.0
2024-09-13,116.78986827793229,117.48289542791589,116.42871013765058,117.01436614990234,54882,0.0,0.0
2024-09-16,117.01435339939391,117.22909565145815,116.15539183815639,117.14125061035156,734,0.0,0.0
2024-09-17,118.3223298038,118.95679354034121,116.7800967080893,117.83428192138672,610,0.0,0.0
2024-09-18,117.83427844904865,119.54244598715891,117.61953619559168,118.64443969726562,605,0.0,0.0
2024-09-19,119.83527928164564,123.80798892929242,119.44484691537689,123.50540161132812,1216,0.0,0.0
2024-09-20,123.01733747474997,124.94024715768424,122.50000795538573,124.50100708007812,1099,0.0,0.0
2024-09-23,124.50101075056412,125.76016766269532,124.50101075056412,125.54542541503906,1007,0.0,0.0
2024-09-24,125.91635878742133,129.33269410335913,125.91635878742133,128.180908203125,2612,0.0,0.0
2024-09-25,129.0886796806933,129.44007479203188,126.6484399891868,126.77533721923828,2353,0.0,0.0
2024-09-26,129.8207543318897,131.5484482403224,128.385892171435,130.25999450683594,2214,0.0,0.0
2024-09-27,130.25997027343385,131.0701315047002,129.30340064243686,129.4302978515625,8884,0.0,0.0
2024-09-30,130.0745091122053,130.3283035293011,128.69822547888742,129.86953735351562,8999,0.0,0.0
2024-10-01,129.86955136987632,131.83149859927363,129.30341400899647,130.8944549560547,14725,0.0,0.0
2024-10-02,128.26873873398398,131.77291870117188,128.26873873398398,131.77291870117188,900,0.0,0.0
2024-10-03,130.44544035756158,132.06576293828584,130.01595582830555,130.02572631835938,486,0.0,0.0
2024-10-04,131.76317288512396,132.74902424746045,130.8261143958822,132.22193908691406,534,0.0,0.0
2024-10-07,133.52990206196412,134.30101115387703,131.30440493543463,133.5103759765625,890,0.0,0.0
2024-10-08,130.9139452159377,131.46055640275398,130.77729241923362,131.2848663330078,2346,0.0,0.0
2024-10-09,131.28488203756194,135.26735459594894,131.28488203756194,134.8769073486328,4378,0.0,0.0
2024-10-10,134.87689730316313,135.189255077752,133.510369274433,135.0428466796875,1350,0.0,0.0
2024-10-11,136.39960587200048,138.85935608493023,135.6382524878979,137.75637817382812,2905,0.0,0.0
2024-10-14,135.63828104829986,135.69684441417178,132.55381469736324,135.01358032226562,1983,0.0,0.0
2024-10-15,134.0570068548769,135.1111922104144,133.52992162412883,134.20343017578125,764,0.0,0.0
2024-10-16,135.42354811956898,136.51677074203454,134.4669634308704,135.63829040527344,3361,0.0,0.0
2024-10-17,136.43866518572943,137.72711874793154,136.13607788085938,136.13607788085938,578,0.0,0.0
2024-10-18,137.88327562032833,137.88327562032833,135.08188567865585,137.81495666503906,592,0.0,0.0
2024-10-21,137.53359360976822,137.70013295860915,135.68204856305042,136.5833282470703,1325,0.512799,0.0
2024-10-22,135.8975780311911,136.25025400153436,134.68280192260195,135.91717529296875,1065,0.0,0.0
2024-10-23,135.9171682052491,136.8772247056571,133.72273839884363,134.4084930419922,1170,0.0,0.0
2024-10-24,135.76044083361492,135.76044083361492,133.85990985379368,134.6828155517578,746,0.0,0.0
2024-10-25,134.71218462782392,135.9073634239467,134.54564528060422,135.46652221679688,5129,0.0,0.0
2024-10-28,135.30977041421806,136.87722238483508,135.30977041421806,136.60292053222656,618,0.0,0.0
2024-10-29,137.5042001834159,137.5042001834159,135.24120242523085,136.60292053222656,5557,0.0,0.0
2024-10-30,133.42884378649484,137.2886821275528,131.35198252616135,134.0068359375,19282,0.0,0.0
2024-10-31,135.34897715832446,135.34897715832446,132.2042817770487,134.04603576660156,2710,0.0,0.0
2024-11-01,134.0460333563343,136.88702344169062,133.99704767589765,136.32862854003906,2033,0.0,0.0
2024-11-04,136.32865082414355,136.32865082414355,132.7333225277013,133.23294067382812,3729,0.0,0.0
2024-11-05,133.99706573682337,136.87725073406995,133.438670759908,134.54566955566406,1391,0.0,0.0
2024-11-06,144.25400766385656,146.0663729924455,142.7747359547802,144.00909423828125,10460,0.0,0.0
2024-11-07,145.7822939281584,145.7822939281584,141.96164971162017,142.0988006591797,7191,0.0,0.0
2024-11-08,143.02946477322692,143.30376666048713,138.33692932128906,138.33692932128906,2203,0.0,0.0
2024-11-11,145.17491598159586,145.17491598159586,139.62028008017663,139.75743103027344,1760,0.0,0.0
2024-11-12,139.75742486739472,140.9917833638345,138.3369297436747,138.77777099609375,724,0.0,0.0
2024-11-13,136.85762118713757,138.79733136001673,135.78001106812889,137.65113830566406,8024,0.0,0.0
2024-11-14,139.032478657171,139.032478657171,136.54416434699726,137.05357360839844,4757,0.0,0.0
2024-11-18,137.05356691878066,137.05356691878066,134.96691439406072,135.39796447753906,1260,0.0,0.0
2024-11-19,135.93676173812958,136.13270446519982,133.45823871367028,135.10406494140625,390,0.0,0.0
2024-11-21,135.20202018696827,139.35575782262356,135.20202018696827,138.5916290283203,3796,0.0,0.0
2024-11-22,137.7295265091219,141.6775301947533,137.7295265091219,140.9917755126953,1600,0.0,0.0
2024-11-25,142.4024636349313,144.92016589210476,141.61873767863366,144.62628173828125,4448,0.0,0.0
2024-11-26,144.62630317773602,145.60595703125,143.04905987564524,145.60595703125,2551,0.0,0.0
2024-11-27,145.60594843815878,146.9382781982422,144.77323673248264,146.9382781982422,1291,0.0,0.0
2024-11-28,145.87045918368898,151.74838256164824,145.08674802529347,151.718994140625,1097,0.0,0.0
2024-11-29,153.13948620723255,153.60971583653742,149.1228997261646,149.5441436767578,3632,0.0,0.0
2024-12-02,150.71975547154128,151.88553103256177,148.7114620271526,149.22088623046875,5077,0.0,0.0
2024-12-03,149.2208800613564,150.8764824941069,147.3399315343103,148.3293914794922,6074,0.0,0.0
2024-12-04,148.32938613578185,149.00534965266004,146.56600629791063,148.17263793945312,3615,0.0,0.0
2024-12-05,148.17266557510146,148.17266557510146,145.03777580549328,145.23370361328125,3430,0.0,0.0
2024-12-06,146.6933742215128,148.1138693273331,145.23368459026858,146.31130981445312,1628,0.0,0.0
2024-12-09,148.7310439817776,153.44317626953125,148.0158859599308,153.44317626953125,3260,0.0,0.0
2024-12-10,146.9089088400788,146.9089088400788,143.24499778741395,145.71372985839844,5381,0.0,0.0
2024-12-11,143.6760281876135,144.74384722932015,141.8048858642578,141.8048858642578,4357,0.0,0.0
2024-12-12,141.80491534283078,145.85089111328125,139.24801782576245,145.85089111328125,6583,0.0,0.0
2024-12-13,147.3007475640652,147.3007475640652,139.60066801459035,140.1688690185547,4320,0.0,0.0
2024-12-16,141.0701566041915,142.73556518554688,140.58032967153807,142.73556518554688,4020,0.0,0.0
2024-12-17,142.7355659784657,143.55847164229527,139.5125113209674,143.41152954101562,5438,0.0,0.0
2024-12-18,142.20655697645287,144.55772024576484,140.18847242976597,141.03097534179688,3547,0.0,0.0
2024-12-19,139.11084852820062,141.82449391389625,135.2608160223024,137.7785186767578,2136,0.0,0.0
2024-12-20,134.26156404172409,141.50120544433594,133.14475924309153,141.50120544433594,3858,0.0,0.0
2024-12-23,141.5403594970703,141.5403594970703,136.71067402999773,141.5403594970703,3085,0.0,0.0
2024-12-26,138.13116836547852,141.07012939453125,137.30826286494266,141.07012939453125,1426,0.0,0.0
2024-12-27,141.07015709043307,141.07015709043307,137.5042176063582,138.5426483154297,2289,0.0,0.0
2024-12-30,136.66172934886305,138.79736783660584,135.9269888684928,138.01365661621094,9976,0.0,0.0
2025-01-02,138.01363346232137,140.07089749322063,135.31958548626477,135.6820526123047,2965,0.0,0.0
2025-01-03,135.68204104308205,138.67977905273438,135.19221418011062,138.67977905273438,3273,0.0,0.0
2025-01-06,137.64137106060008,138.7091902093424,135.7800346554835,136.05433654785156,3333,0.0,0.0
2025-01-07,137.41604442984485,137.41604442984485,134.13419817947488,135.91717529296875,4507,0.0,0.0
2025-01-08,135.91717448388647,137.01438196360922,134.2125714793194,135.32937622070312,742,0.0,0.0
2025-01-09,136.37760348508982,136.37760348508982,134.21256214619632,135.9563446044922,327,0.0,0.0
2025-01-10,136.17187372741097,136.17187372741097,130.86215209960938,130.86215209960938,7226,0.0,0.0
2025-01-13,130.8621624719065,135.6918487548828,130.37233554917066,135.6918487548828,1942,0.0,0.0
2025-01-14,132.9684241950538,137.63158648497793,132.9684241950538,137.5336151123047,1041,0.0,0.0
2025-01-15,137.15152118351148,140.48233786149353,137.15152118351148,138.3271026611328,1071,0.0,0.0
2025-01-16,141.36405948257442,141.53059885027002,137.70014854827483,141.51100158691406,5961,0.0,0.0
2025-01-17,141.53061058092118,150.57281256015597,141.5208194225977,142.91192626953125,5527,0.0,0.0
2025-01-20,144.34220271331503,146.94808568709936,138.13120054587338,143.27438354492188,7036,0.0,0.0
2025-01-21,147.94661151807674,149.16557903287688,137.89017827067602,147.1306915283203,3017,0.502859,0.0
2025-01-22,148.60522258120875,148.60522258120875,144.01445638582675,148.42828369140625,767,0.0,0.0
2025-01-23,148.4184350819385,148.59538896130852,145.00730668424947,147.72048950195312,1632,0.0,0.0
2025-01-24,145.96086166381366,148.43811116266093,145.96086166381366,147.94659423828125,1320,0.0,0.0
2025-01-27,147.4550769982643,147.4550769982643,141.75347768768353,142.90362548828125,20865,0.0,0.0
2025-01-28,144.33884149226637,144.34866642940455,139.37451825496348,141.14398193359375,2141,0.0,0.0
2025-01-29,140.73112066888123,144.84019470214844,140.09213970683427,144.84019470214844,1505,0.0,0.0
2025-01-30,138.60776142437103,138.60776142437103,134.5969818469964,136.15017700195312,14122,0.0,0.0
2025-01-31,137.51658974607798,137.51658974607798,133.14209258850633,133.24038696289062,5255,0.0,0.0
2025-02-03,132.21806479136438,132.6014474275661,128.46286794454622,129.24929809570312,7523,0.0,0.0
2025-02-04,130.5468943974858,131.72653198242188,126.97847682814141,131.72653198242188,4179,0.0,0.0
2025-02-05,129.0920079877313,130.1438463714761,126.97847628223113,128.33506774902344,4585,0.0,0.0
2025-02-06,128.33506897857794,130.73367391389627,127.93202150995845,129.00352478027344,2554,0.0,0.0
2025-02-07,130.4682626948792,130.74351099171128,128.88557748814114,129.56387329101562,5028,0.0,0.0
2025-02-10,126.81137158395583,131.05808518114122,126.81137158395583,129.9570770263672,841,0.0,0.0
2025-02-11,131.2251991421545,131.2251991421545,127.51915718348673,129.9570770263672,1256,0.0,0.0
2025-02-12,128.71845287114775,128.71845287114775,124.48157193850284,125.82833099365234,5982,0.0,0.0
2025-02-13,124.8649461975852,126.51644323160872,124.39309418783704,126.31983947753906,2052,0.0,0.0
2025-02-14,125.51376127196502,126.33951359938774,123.5673509644317,125.3368148803711,3473,0.0,0.0
2025-02-17,125.33682138049603,129.76047389980766,123.15448493764309,125.66122436523438,23040,0.0,0.0
2025-02-18,125.15003495645858,125.15003495645858,123.08566540587552,125.04190063476562,5350,0.0,0.0
2025-02-19,125.36629666765921,129.05267333984375,122.56465189678947,129.05267333984375,4022,0.0,0.0
2025-02-20,124.03921514524806,125.04190640179226,121.79789910124654,123.83277893066406,2962,0.0,0.0
2025-02-21,123.76396318736218,123.76396318736218,118.88811619244501,121.7880630493164,1170,0.0,0.0
2025-02-24,120.64773987371858,120.91315569599894,118.4752286063769,120.58875274658203,3172,0.0,0.0
2025-02-25,120.58877423148925,125.54326629638672,119.35015684023033,125.54326629638672,4179,0.0,0.0
2025-02-26,122.15178449418298,125.4449462890625,121.31620724771398,125.4449462890625,2006,0.0,0.0
2025-02-27,125.58257255012559,125.58257255012559,121.15892028808594,121.15892028808594,2808,0.0,0.0
2025-02-28,120.14639265049794,124.64868927001953,120.14639265049794,124.64868927001953,1591,0.0,0.0
2025-03-05,124.64868899722497,124.64868899722497,118.05252559094556,120.59858703613281,4477,0.0,0.0
2025-03-06,120.53961325968125,124.63886260986328,117.9542294369417,124.63886260986328,20496,0.0,0.0
2025-03-07,122.19110761632784,124.96326270666034,120.59859011764422,124.54055786132812,4399,0.0,0.0
2025-03-10,125.57273904774009,125.57273904774009,122.48601342882398,125.32698059082031,897,0.0,0.0
2025-03-11,125.07138968957827,125.07138968957827,120.69688491896531,121.03112030029297,2265,0.0,0.0
2025-03-12,123.98022381375587,123.98022381375587,120.42163880777977,123.85242462158203,751,0.0,0.0
2025-03-13,125.09106746389847,125.09106746389847,118.32779673243486,118.94710540771484,2866,0.0,0.0
2025-03-14,119.61556099766989,120.33317901912612,118.43592335960706,119.35997009277344,3560,0.0,0.0
2025-03-17,118.06236166272973,122.64330291748047,118.06236166272973,122.64330291748047,2662,0.0,0.0
2025-03-18,120.9131732656936,120.9131732656936,116.71562168888858,118.94710540771484,2236,0.0,0.0
2025-03-19,117.84609628100321,118.48506978914901,117.47254611468026,117.8264389038086,5850,0.0,0.0
2025-03-20,117.82644732866325,118.94710540771484,116.5878224781496,118.94710540771484,1212,0.0,0.0
2025-03-21,117.18747275966217,117.82644630796072,115.90953316301868,117.45289611816406,3331,0.0,0.0
2025-03-24,118.94709317138984,121.08027477786327,118.9372607331244,120.45113372802734,2902,0.0,0.0
2025-03-25,123.00701604938723,123.00701604938723,119.47792832585904,121.09010314941406,2794,0.0,0.0
2025-03-26,121.42434050745679,122.19111322718597,119.4877700805664,119.4877700805664,2377,0.0,0.0
2025-03-27,122.95787220530478,122.96769714355469,119.14369617753972,122.96769714355469,174,0.0,0.0
2025-03-28,124.20632167422843,124.20632167422843,116.27323904572675,116.68611145019531,4584,0.0,0.0
2025-03-31,115.99800252811106,116.420707413593,114.3071829861833,115.84071350097656,2155,0.0,0.0
2025-04-01,115.84071577927493,116.0668168852392,114.07125918893273,115.60478973388672,1641,0.0,0.0
2025-04-02,115.01496478000591,117.43322724205265,113.94346144314414,117.26611328125,2719,0.0,0.0
2025-04-03,110.88620892133802,111.87906759921435,105.57782522298474,105.81375122070312,5881,0.0,0.0
2025-04-04,105.46970066992235,105.46970066992235,101.05588086696409,103.34634399414062,4561,0.0,0.0
2025-04-07,99.28642256392804,102.44196044047037,97.32035479038491,100.31861114501953,9896,0.0,0.0
2025-04-08,105.15513071940971,105.77443933659251,99.28641751389307,99.8369140625,3387,0.0,0.0
2025-04-09,101.64570674825586,108.1042391705121,100.52504870238151,107.22933959960938,5275,0.0,0.0
2025-04-10,107.2293333136368,107.8191521190018,103.0710968609005,103.43482208251953,3957,0.0,0.0
2025-04-11,105.94155120461863,106.56086730957031,102.84500067967151,106.56086730957031,6686,0.0,0.0
2025-04-14,107.40627987942099,108.41880353859761,106.39375622024436,106.65917205810547,2762,0.0,0.0
2025-04-15,107.59305445464572,108.52694113444313,106.01036931831369,106.71815490722656,1191,0.0,0.0
2025-04-16,106.59037150706612,108.67440618121704,103.86737076532694,108.45813751220703,1539,0.0,0.0
2025-04-17,104.86022442659203,107.6422121665942,104.79141235351562,104.79141235351562,749,0.0,0.0
2025-04-22,104.59311959605597,105.11657781050383,101.97582098857436,102.5289077758789,4517,0.499228,0.0
2025-04-23,103.55607350781267,106.61781575418404,103.55607350781267,103.93138885498047,1041,0.0,0.0
2025-04-24,101.84742140191246,108.1388058059904,101.84742140191246,107.43756866455078,2430,0.0,0.0
2025-04-25,107.7931388692978,107.7931388692978,106.87461538931865,107.75363159179688,4427,0.0,0.0
2025-04-28,106.87461053949572,108.83017924321578,106.32152375006645,106.81535339355469,6994,0.0,0.0
2025-04-29,106.81535819919678,107.84252480809381,105.67954846102506,106.96350860595703,2153,0.0,0.0
2025-04-30,108.84005202931431,110.61784178640713,106.17337492891755,108.40548706054688,4484,0.0,0.0
2025-05-02,110.76599046730128,113.24501738582036,110.76599046730128,112.00056457519531,5992,0.0,0.0
2025-05-05,112.48450733187502,115.54624938964844,111.58574136504339,115.54624938964844,1685,0.0,0.0
2025-05-06,114.77588943458544,114.77588943458544,112.7511923362958,113.27465057373047,620,0.0,0.0
2025-05-07,113.27462883633443,115.70426940917969,112.99808548360684,115.70426940917969,539,0.0,0.0
2025-05-08,114.94377635798766,115.24995583761378,113.13636572715555,114.92402648925781,1550,0.0,0.0
2025-05-09,114.60797850612079,115.90180969238281,112.72154575080744,115.90180969238281,304,0.0,0.0
2025-05-12,120.70183437339605,121.52159334804698,118.60799407958984,118.60799407958984,2323,0.0,0.0
2025-05-13,119.75368149456267,122.93394541700543,119.75368149456267,122.65740203857422,1415,0.0,0.0
2025-05-14,121.95617266841656,122.0154298146477,121.1067850746391,121.9265365600586,1336,0.0,0.0
2025-05-15,119.48701577681071,124.79074096679688,119.48701577681071,124.79074096679688,879,0.0,0.0
2025-05-16,124.79075052849203,124.79075052849203,122.469752690202,123.73395538330078,621,0.0,0.0
2025-05-19,121.98579517976698,123.0623401374293,121.97591647747188,122.7265396118164,512,0.0,0.0
2025-05-20,122.66727700842414,123.28950716442668,121.63023930715681,121.89690399169922,529,0.0,0.0
2025-05-21,121.06727056172832,122.00554381876555,119.11170196533203,119.11170196533203,741,0.0,0.0
2025-05-22,119.11169933622713,120.9487460714552,118.6079910287635,120.61294555664062,1531,0.0,0.0
2025-05-23,118.49935422598624,120.99813079833984,118.49935422598624,120.99813079833984,1879,0.0,0.0
2025-05-26,118.48948164376388,124.4253158569336,118.48948164376388,124.4253158569336,4084,0.0,0.0
2025-05-27,124.44506643408421,124.44506643408421,121.32405956374176,123.19074249267578,8737,0.0,0.0
2025-05-28,123.49691380749441,123.60555692806298,122.88456235840272,122.9043197631836,636,0.0,0.0
2025-05-29,123.10185105366159,123.13147962618149,121.86727696371774,123.09197235107422,520,0.0,0.0
2025-05-30,123.35864366574363,124.65247489119864,123.141357421875,123.141357421875,466,0.0,0.0
2025-06-02,123.14135693854625,123.14135693854625,119.30924171931099,120.7709732055664,1028,0.0,0.0
2025-06-03,120.10923690764798,122.42035583783579,120.10923690764798,120.94874572753906,2409,0.0,0.0
2025-06-04,120.50431698588719,122.40062109138647,120.50431698588719,121.67962646484375,769,0.0,0.0
2025-06-05,120.10923820966855,121.27467638934549,119.7339304191848,120.00059509277344,3756,0.0,0.0
2025-06-06,121.84752036367318,123.27962321481054,121.1857829612295,121.68949127197266,4612,0.0,0.0
2025-06-09,121.43269723001214,123.9512312373783,121.43269723001214,123.31912994384766,5663,0.0,0.0
2025-06-10,123.3388879886373,123.6351887862896,122.04505674505629,123.21049499511719,5516,0.0,0.0
2025-06-11,123.97098659633359,124.44506635509765,123.21049228411454,124.14876556396484,724,0.0,0.0
2025-06-12,123.62531335338062,124.12902170861513,122.5882756046537,123.51667022705078,10413,0.0,0.0
2025-06-13,123.80308767969457,123.80308767969457,121.82776914460493,122.24258422851562,1870,0.0,0.0
2025-06-16,122.2425811575032,123.97098483228518,122.19320271651178,122.7265396118164,1784,0.0,0.0
2025-06-17,122.66727599615365,122.66727599615365,121.30430894206025,121.55122375488281,26160,0.0,0.0
2025-06-18,120.96851067614953,123.56605184294054,120.96851067614953,122.4697494506836,1004,0.0,0.0
2025-06-20,121.98579789065599,123.29937898589806,121.97591918814136,123.141357421875,334,0.0,0.0
2025-06-23,122.54876606258726,124.88951374875464,121.89690731665961,124.51420593261719,1140,0.0,0.0
2025-06-24,126.05495387391048,127.30927787067347,125.01791612900622,126.7265625,2287,0.0,0.0
2025-06-25,127.79323498690162,131.33892822265625,126.64754659307766,131.33892822265625,3096,0.0,0.0
2025-06-26,129.8673241062265,129.8673241062265,127.40804707452973,129.1858367919922,2519,0.0,0.0
2025-06-27,129.87718677186945,131.02287507817996,129.60064339730948,130.5883026123047,2147,0.0,0.0
2025-06-30,131.55621009030222,131.55621009030222,130.02533522701754,130.29200744628906,1318,0.0,0.0
2025-07-01,129.3932342529297,132.75128477988736,129.3833630857021,129.3932342529297,2238,0.0,0.0
2025-07-02,132.11916148025347,133.23520601070953,132.11916148025347,132.94879150390625,6631,0.0,0.0
2025-07-03,132.94881054834875,134.32165628550626,132.1883087158203,132.1883087158203,4621,0.0,0.0
2025-07-04,132.15869013747266,133.58092195813822,132.14881896972656,132.14881896972656,333,0.0,0.0
2025-07-07,133.15623749369146,133.64018091806113,131.52659056437486,132.61302185058594,1508,0.0,0.0
2025-07-08,133.94635014427442,133.94635014427442,131.85251723987432,132.59326171875,1315,0.0,0.0
2025-07-09,134.34140977148135,137.11672973632812,134.34140977148135,137.11672973632812,1853,0.0,0.0
2025-07-10,138.32167659822474,141.2352682794024,137.8772329638898,139.6056365966797,1863,0.0,0.0
2025-07-11,137.2846396232415,139.47724442574065,137.2846396232415,138.76612854003906,3646,0.0,0.0
2025-07-14,138.77600762501933,142.88467407226562,137.92661999477596,142.88467407226562,4458,0.0,0.0
2025-07-15,142.88464634065403,143.22044683219676,137.83770751953125,137.83770751953125,822,0.0,0.0
2025-07-16,139.25993246151594,141.7389513657766,138.93400315155247,141.7290802001953,562,0.0,0.0
2025-07-17,141.7290931827284,144.74145671394925,141.7290931827284,142.72662353515625,1421,0.0,0.0
2025-07-18,142.22292418188985,145.04763008443283,141.51180835534174,142.1735382080078,9346,0.0,0.0
2025-07-21,144.91508691786768,144.91508691786768,141.54497459697836,142.516357421875,318,0.515854,0.0
2025-07-22,142.13968442136297,144.18159226117868,141.41610445791997,142.24871826171875,1477,0.0,0.0
2025-07-23,144.81599170114927,146.78849270886607,144.5285319251044,146.18385314941406,1379,0.0,0.0
2025-07-24,145.80720472589368,147.1255025938663,145.80720472589368,146.7984161376953,1454,0.0,0.0
2025-07-25,148.22574040060667,149.62335205078125,146.95699106737564,149.62335205078125,1713,0.0,0.0
2025-07-28,151.12008639518572,151.23902691517668,149.40527990033104,150.08921813964844,1191,0.0,0.0
2025-07-29,150.10905393891784,150.66412989225546,146.28297740377184,147.5120849609375,3751,0.0,0.0
2025-07-30,150.1883478350482,151.48683228228566,149.10791596988017,150.00001525878906,1137,0.0,0.0
2025-07-31,151.50665882206673,152.71593786247706,150.51544748564416,151.65533447265625,1081,0.0,0.0
2025-08-01,152.64654451349733,152.64654451349733,144.52852131714818,147.24444580078125,10065,0.0,0.0
2025-08-04,147.22461657303882,149.13766229097658,146.788481171035,147.4525909423828,1144,0.0,0.0
2025-08-05,146.69926894111742,149.17729713269034,145.95586048364555,148.25547790527344,1499,0.0,0.0
2025-08-06,148.1861001162783,148.1861001162783,144.17169103467955,144.87545776367188,1038,0.0,0.0
2025-08-07,146.33252401371016,146.33252401371016,139.26518284847592,143.59677124023438,10384,0.0,0.0
2025-08-08,140.7222652329075,141.55487906990783,139.51298627335203,140.087890625,1254,0.0,0.0
2025-08-11,140.08788452363063,140.90066986491664,137.4512590299477,137.91712951660156,353,0.0,0.0
2025-08-12,137.91714366768468,139.96895837790294,137.58013544585745,137.5900421142578,852,0.0,0.0
2025-08-13,139.11651978602688,139.11651978602688,137.28277272858693,137.58013916015625,351,0.0,0.0
2025-08-14,137.2827674452581,140.50420422646448,136.66822126843462,140.27622985839844,7467,0.0,0.0
2025-08-15,141.44584543724463,141.44584543724463,135.7959442138672,135.7959442138672,2546,0.0,0.0
2025-08-18,141.43594719371904,141.43594719371904,136.68803644997067,138.62091064453125,2346,0.0,0.0
2025-08-19,138.62090177224354,143.03178888648844,138.62090177224354,141.326904296875,3757,0.0,0.0
2025-08-20,141.24760269386758,143.00205083592377,139.8499912057095,142.65512084960938,2190,0.0,0.0
2025-08-21,141.9018152435246,142.13969627892126,140.83130521018663,141.76304626464844,433,0.0,0.0
2025-08-22,141.76305052973885,147.07594393391707,141.76305052973885,146.12437438964844,2132,0.0,0.0
2025-08-25,146.124365608998,146.61006458283373,144.99438535071502,145.28184509277344,1406,0.0,0.0
2025-08-26,144.5186191977287,144.8952692294426,144.22125276502874,144.75650024414062,232,0.0,0.0
2025-08-27,144.7564901804723,146.09463147225017,144.7366768444388,145.6089324951172,1091,0.0,0.0
2025-08-28,147.67066485139452,147.67066485139452,145.25210670201417,145.82701110839844,857,0.0,0.0
2025-08-29,142.70469919812302,142.83356151345774,139.56256103515625,139.56256103515625,8777,0.0,0.0
2025-09-01,140.2563995191431,140.7420985030003,139.61211822140234,140.1572723388672,454,0.0,0.0
2025-09-02,140.70241634905256,140.77180838773853,139.25525657452036,140.7618865966797,3463,0.0,0.0
2025-09-03,142.17935628077572,142.17935628077572,138.7695868691834,139.939208984375,1027,0.0,0.0
2025-09-04,141.24761973617365,141.5945497643471,140.4050840247154,140.99981689453125,3267,0.0,0.0
2025-09-05,140.65286711338817,142.51634906073517,140.22665354546857,141.96127319335938,792,0.0,0.0
2025-09-08,142.6551292471038,142.6551292471038,139.6616668701172,139.6616668701172,864,0.0,0.0
2025-09-09,141.7630590568053,141.7630590568053,140.15728629955734,140.5736083984375,280,0.0,0.0
2025-09-10,141.346749219411,142.57584165413007,140.75201633993152,141.40621948242188,880,0.0,0.0
2025-09-11,141.2674367936293,145.21245347917593,141.2674367936293,144.04283142089844,858,0.0,0.0
2025-09-12,143.77520165912958,143.92387730381043,142.4271536901815,142.8831024169922,2953,0.0,0.0
2025-09-15,143.4778405239343,144.71685469080765,142.3280317471515,143.4877471923828,870,0.0,0.0
2025-09-16,143.00206951074782,144.66729736328125,143.00206951074782,144.66729736328125,555,0.0,0.0
2025-09-17,145.95587991937302,148.08697839803284,145.10343750297193,147.7896270751953,909,0.0,0.0
2025-09-18,147.09574968515827,153.92519488215453,146.6497076286883,153.73687744140625,2513,0.0,0.0
2025-09-19,154.03423778027096,155.62018199055825,152.87452231543088,153.83599853515625,800,0.0,0.0
2025-09-22,155.3822962178799,156.04640605202485,152.34919170310098,155.2930908203125,1562,0.0,0.0
2025-09-23,155.29308317953033,159.0695960709295,153.73688919690792,154.52984619140625,838,0.0,0.0
2025-09-24,156.06622915036436,156.5618348416165,154.48030001316872,154.93624877929688,997,0.0,0.0
2025-09-25,156.49244344337848,156.49244344337848,152.3888293041398,154.23248291015625,1517,0.0,0.0
2025-09-26,154.6289702056169,155.0651056184541,153.3701275594158,153.54855346679688,1853,0.0,0.0
2025-09-29,152.54742324603674,155.70938992494646,152.54742324603674,153.74679565429688,851,0.0,0.0
2025-09-30,155.64991349856584,156.65103149414062,155.41201733515396,156.65103149414062,361,0.0,0.0
2025-10-01,156.06621606328437,159.62466099815356,155.89771195735096,158.89117431640625,335,0.0,0.0
2025-10-02,160.10044601160322,163.49038668596938,160.10044601160322,162.2117156982422,1954,0.0,0.0
2025-10-03,163.83731744789407,166.71183943877972,162.93532661381735,164.02565002441406,2124,0.0,0.0
2025-10-06,160.74473965490358,166.3054358240887,160.74473965490358,163.2921600341797,588,0.0,0.0
2025-10-07,163.30206188034592,164.20406779440435,159.86255745504616,161.44850158691406,3572,0.0,0.0
2025-10-08,163.678709527945,168.38696270585464,163.58948902560482,164.3428192138672,6021,0.0,0.0
2025-10-09,166.82086052232145,167.33629461996992,165.30430848231995,166.98936462402344,5488,0.0,0.0
2025-10-10,168.01032015436306,172.77804422374973,167.3363037109375,167.3363037109375,1443,0.0,0.0
2025-10-13,170.19097939282344,170.9740447998047,167.21734545424871,170.9740447998047,1160,0.0,0.0
2025-10-14,170.97403889471562,179.9544106590984,170.4982465912038,178.95327758789062,2203,0.0,0.0
2025-10-15,180.40044853975567,180.69781494140625,178.78476935304485,180.69781494140625,1525,0.0,0.0
2025-10-16,181.47096925328788,183.84987035794757,180.450022809442,182.93795776367188,340,0.0,0.0
2025-10-17,183.3740848832777,183.3740848832777,176.2571952271154,176.81227111816406,2211,0.0,0.0
2025-10-20,175.94379096999918,178.8066100496271,175.94379096999918,177.13662719726562,1856,0.506303,0.0
2025-10-21,177.13661661979077,178.04118997881554,175.24796063670874,177.88214111328125,6286,0.0,0.0
2025-10-22,177.38512973662668,177.38512973662668,171.37122895435704,172.72311401367188,2412,0.0,0.0
2025-10-23,172.7231054522441,174.5322521311278,171.73902284949105,174.23403930664062,2662,0.0,0.0
2025-10-24,175.97360638307734,175.97360638307734,174.23404917077508,174.83047485351562,518,0.0,0.0
2025-10-27,176.57996197946454,176.6793713130447,174.0948803173083,175.64556884765625,686,0.0,0.0
2025-10-28,175.52628393968013,176.2320386143121,174.37320244656016,174.46266174316406,588,0.0,0.0
2025-10-29,183.8960363698453,197.60373965031343,183.4586595862363,194.631591796875,9712,0.0,0.0
2025-10-30,194.36319874007236,198.40891882072137,193.57791963694473,194.631591796875,8543,0.0,0.0
2025-10-31,194.8304100101159,195.61568917257765,190.92386876338526,193.85626220703125,1098,0.0,0.0
2025-11-03,192.83241401300108,192.83241401300108,188.2996120406998,190.03916931152344,3105,0.0,0.0
2025-11-04,189.0550906648881,189.4526976967748,183.0113697402467,183.22012329101562,6248,0.0,0.0
2025-11-05,183.2201081831767,190.95368110725101,183.2201081831767,190.9039764404297,3267,0.0,0.0
2025-11-06,190.94372019092063,191.8482935052169,188.37911423999742,188.86619567871094,710,0.0,0.0
2025-11-07,188.37912416723915,188.37912416723915,184.05509119157708,186.23202514648438,2984,0.0,0.0
2025-11-10,188.6872878433582,190.9039764404297,185.77476424625763,190.9039764404297,332,0.0,0.0
2025-11-11,187.73301415787782,187.73301415787782,183.87616247280084,185.52626037597656,4853,0.0,0.0
2025-11-12,187.8920461510378,190.74491485711692,187.28568565880585,189.214111328125,1128,0.0,0.0
2025-11-13,187.1863008688606,188.13062892835637,180.735038161634,181.90798950195312,4532,0.0,0.0
2025-11-14,183.4487361307448,183.4487361307448,178.76683548301665,181.29168701171875,3836,0.0,0.0
2025-11-17,181.2916902538215,184.8204942352737,181.2916902538215,182.6038055419922,3004,0.0,0.0
2025-11-18,182.6037984380082,182.6037984380082,178.8761759256602,181.43084716796875,1109,0.0,0.0
2025-11-19,182.13660035770803,185.65548447408418,181.6197142943891,183.55807495117188,2039,0.0,0.0
2025-11-21,183.56801503041564,185.47655597496518,181.07299843906006,183.96563720703125,2849,0.0,0.0
2025-11-24,185.46663484126591,189.3632414542111,184.9000288855352,188.98550415039062,3304,0.0,0.0
2025-11-25,189.86024502948257,189.86024502948257,184.81055711118802,189.41293334960938,754,0.0,0.0
2025-11-26,189.4029822002528,191.20219411120408,188.54811347959523,189.53221130371094,836,0.0,0.0
2025-11-27,181.87816029972765,192.9019790580457,181.87816029972765,189.66143798828125,291,0.0,0.0
2025-11-28,192.90198981253226,192.90198981253226,190.1087602585773,190.5858917236328,585,0.0,0.0
2025-12-01,189.6614433910552,191.44075526148612,188.86621419248712,189.0650177001953,703,0.0,0.0
2025-12-02,189.065016749222,193.69721277742644,189.065016749222,193.6375732421875,1005,0.0,0.0
2025-12-03,189.76082037630394,195.60573701356802,186.38111554812488,194.76080322265625,634,0.0,0.0
2025-12-04,196.70912285568318,198.82641727919452,194.42284469977784,197.70315551757812,2113,0.0,0.0
2025-12-05,198.99541121255407,204.95960748966232,197.79262495620029,203.9755096435547,885,0.0,0.0
2025-12-08,203.98545794048485,204.14449164570746,199.61170494055315,199.9794921875,3132,0.0,0.0
2025-12-09,201.78864423321613,203.56795614649346,200.2081358324342,200.38705444335938,3201,0.0,0.0
2025-12-10,202.54409804767968,209.24388392445798,202.54409804767968,209.2239990234375,1229,0.0,0.0
2025-12-11,205.03913010802341,210.54606461456726,203.55801591862829,209.88999938964844,6071,0.0,0.0
2025-12-12,205.685241562819,210.7448642941999,200.6951932322344,201.78863525390625,1893,0.0,0.0
2025-12-15,200.078887836688,206.08285345434064,197.4844620490328,198.40892028808594,6275,0.0,0.0
2025-12-16,200.49639213351463,202.3154737908056,199.30355592957795,199.98944091796875,1360,0.0,0.0
2025-12-17,202.4844670269563,202.4844670269563,191.56999173899686,192.57395935058594,1891,0.0,0.0
2025-12-18,194.50238231730611,196.29164426355007,193.5779391595926,194.7111358642578,2161,0.0,0.0
2025-12-19,194.7210605783639,198.90594482421875,194.0848802715073,198.90594482421875,582,0.0,0.0
2025-12-22,200.9039500166659,202.97153985704406,198.28963915661691,200.87413024902344,1835,0.0,0.0
2025-12-23,202.38507697622248,202.5739304606321,196.4407501220703,196.4407501220703,2240,0.0,0.0
2025-12-26,198.4188616172583,203.15045166015625,198.34927204993264,203.15045166015625,1423,0.0,0.0
2025-12-29,203.77670476991923,203.77670476991923,199.30355759204295,200.6455078125,901,0.0,0.0
2025-12-30,200.63555904956766,200.63555904956766,196.22205137925584,196.73895263671875,580,0.0,0.0
2026-01-02,198.70713672065148,202.1564315082248,194.08489059183273,199.8303985595703,1769,0.0,0.0
2026-01-05,201.98742858819887,209.13452566740028,201.98742858819887,207.5440673828125,1706,0.0,0.0
2026-01-06,209.62161980599166,209.62161980599166,205.7647680914714,208.12062072753906,2072,0.0,0.0
2026-01-07,208.74685487157743,209.184231661003,199.4029541015625,199.4029541015625,1993,0.0,0.0
2026-01-08,199.4029781148011,203.56796264648438,198.806552390535,203.56796264648438,2326,0.0,0.0
2026-01-09,203.5679520990428,205.98345947265625,203.5679520990428,205.98345947265625,4055,0.0,0.0
2026-01-12,208.0510461431252,210.2379150390625,205.1484724932106,210.2379150390625,4022,0.0,0.0
2026-01-13,211.84823160757142,215.41682031643037,211.24187108981963,213.329345703125,1125,0.0,0.0
2026-01-14,213.32934738188584,214.26374049866635,208.74685626386028,213.4287567138672,689,0.0,0.0
2026-01-15,207.7627782624529,217.15639982289315,207.7627782624529,216.61961364746094,860,0.0,0.0
2026-01-16,216.6195878215225,218.68717750166635,212.0172119140625,212.0172119140625,3245,0.0,0.0
2026-01-19,213.71702426060833,220.4664994227563,213.71702426060833,216.9575653076172,1601,0.0,0.0
2026-01-20,217.4828753006168,217.4828753006168,209.73199815584823,210.0009765625,3460,0.487258,0.0
2026-01-21,212.10307575754305,214.21515060147738,208.31731191613272,212.8104248046875,1720,0.0,0.0
2026-01-22,216.62609153460033,216.6958216091139,212.4617300036829,212.90008544921875,713,0.0,0.0
2026-01-23,214.98224216922526,214.98224216922526,205.62739168699022,206.85279846191406,2731,0.0,0.0
2026-01-26,204.38206969777278,210.08065962193814,204.23263726337075,209.3135528564453,2267,0.0,0.0
2026-01-27,211.41565186356453,211.41565186356453,206.27496337890625,206.27496337890625,1585,0.0,0.0
2026-01-28,205.94621771650293,209.9611316149999,204.01347699083973,208.10809326171875,3062,0.0,0.0
2026-01-29,212.42188259539503,218.5488560217255,208.1080886955344,213.37828063964844,4705,0.0,0.0
2026-01-30,215.55012871342728,220.1329162198898,213.64727451648986,215.81912231445312,1222,0.0,0.0
2026-02-02,213.4380665926769,229.13906860351562,213.4380665926769,229.13906860351562,1686,0.0,0.0
2026-02-03,231.43046449927309,235.8040313720703,225.3433346638531,235.8040313720703,989,0.0,0.0
2026-02-04,230.57367911186438,241.49264526367188,221.16901236981715,241.49264526367188,13581,0.0,0.0
2026-02-05,226.26984201580913,230.1253662109375,217.98099325440344,230.1253662109375,7115,0.0,0.0
2026-02-06,227.51516332482066,236.4615604430792,223.56999486166652,235.11660766601562,1759,0.0,0.0
2026-02-09,235.4752666268107,244.49139404296875,234.46905269393432,244.49139404296875,2130,0.0,0.0
2026-02-10,244.49140155461834,244.49140155461834,239.231166509211,241.0941619873047,1954,0.0,0.0
2026-02-11,241.10410791927302,250.70802307128906,241.10410791927302,250.70802307128906,3230,0.0,0.0
2026-02-12,251.05672759686743,253.48759675666037,245.24854830485023,252.5012969970703,3043,0.0,0.0
2026-02-13,252.49134033810185,255.24101899323057,244.85005206706214,253.5573272705078,1057,0.0,0.0
2026-02-18,240.8849361942006,251.04676818847656,240.8849361942006,251.04676818847656,1354,0.0,0.0
2026-02-19,246.01566340032983,250.05050659179688,242.87744527288982,250.05050659179688,1013,0.0,0.0
2026-02-20,247.3207583273664,247.93843269813004,243.6744546770388,243.8737030029297,1259,0.0,0.0
2026-02-23,243.8238979279302,251.0567169189453,241.85129849264854,251.0567169189453,873,0.0,0.0
2026-02-24,251.04676582315875,251.04676582315875,244.04308147532413,247.04180908203125,505,0.0,0.0
2026-02-25,247.04179880082827,248.80517758536408,242.92725337080222,246.01565551757812,964,0.0,0.0
2026-02-26,246.0754317175796,246.5735601218662,235.11660682327442,241.29339599609375,2734,0.0,0.0
2026-02-27,236.46155712464486,240.1775907253244,234.09046108048187,237.28843688964844,2011,0.0,0.0
2026-03-02,237.2884513131295,242.99701405879992,236.0531025373876,242.7180633544922,3585,0.0,0.0
2026-03-03,244.07297715293242,244.07297715293242,234.92733114028056,236.6110076904297,1440,0.0,0.0
2026-03-04,238.98210385227162,241.62217848828348,237.19879553448183,237.88621520996094,1319,0.0,0.0
2026-03-05,233.1240937479743,238.99204575604233,227.9136748834943,230.76296997070312,1452,0.0,0.0
2026-03-06,229.35824774528484,229.806560276743,222.3744928661828,222.74310302734375,1224,0.0,0.0
2026-03-09,219.1765010752236,227.505208724149,216.92496612768937,226.2598876953125,9180,0.0,0.0
2026-03-10,223.2810722726996,233.94103234305254,223.2810722726996,230.4342041015625,1434,0.0,0.0
2026-03-11,232.74551270152506,232.74551270152506,226.75801470450978,228.192626953125,492,0.0,0.0
2026-03-12,225.4329852344679,229.36819651479757,221.16900738922385,229.1291046142578,1296,0.0,0.0
2026-03-13,230.71315573011796,230.71315573011796,226.05066591714,229.35824584960938,1068,0.0,0.0
2026-03-16,231.40057359032323,232.78536994860607,225.66212463378906,225.66212463378906,1065,0.0,0.0
2026-03-17,228.6309809679482,229.24865532606808,226.48901970386657,228.21255493164062,593,0.0,0.0
2026-03-18,227.73434639172163,230.12537191806373,225.58242797851562,225.58242797851562,202,0.0,0.0
2026-03-19,226.4491798736433,226.4491798736433,220.65095784226114,223.90872192382812,2308,0.0,0.0
2026-03-20,226.1502894422743,228.21254827716285,222.33462414422382,224.15777587890625,818,0.0,0.0
2026-03-23,230.4840172870389,231.37068523299695,227.18639450210316,228.45164489746094,1011,0.0,0.0
2026-03-24,228.45165547620923,236.90988159179688,226.55877354490295,236.90988159179688,459,0.0,0.0
2026-03-25,238.28468802261662,238.28468802261662,233.45285178740613,234.07052612304688,622,0.0,0.0
2026-03-26,232.62596336037728,233.13404885699916,228.2025807254541,229.7268524169922,1456,0.0,0.0
2026-03-27,228.67083171912665,230.62350181810592,226.5089561962725,226.8377227783203,1916,0.0,0.0
2026-03-30,226.83771052951496,228.23246395227685,217.93117241105395,218.92742919921875,952,0.0,0.0
2026-03-31,217.49282438895733,229.02948021246996,217.49282438895733,227.64468383789062,1370,0.0,0.0
2026-04-01,223.48033763816096,237.37811726661184,223.48033763816096,235.29592895507812,2715,0.0,0.0
2026-04-02,235.29592679236376,235.29592679236376,227.7941142067725,231.81900024414062,2467,0.0,0.0
2026-04-06,231.8190028365451,231.8190028365451,226.66835688005,230.613525390625,1920,0.0,0.0
2026-04-07,230.61352253739304,232.10790775508264,228.74057006835938,228.74057006835938,320,0.0,0.0
2026-04-08,237.089198500838,246.075439453125,237.089198500838,246.075439453125,2042,0.0,0.0
2026-04-09,246.06548445352794,251.29583290751336,242.9372385576874,249.55238342285156,991,0.0,0.0
2026-04-10,253.03928094627247,253.03928094627247,245.57731172195636,247.02188110351562,3594,0.0,0.0
2026-04-13,246.92226241615455,248.35685948787543,245.15888356330203,247.37057495117188,524,0.0,0.0
2026-04-14,247.74913813521388,247.74913813521388,245.08913425608708,246.6831512451172,546,0.0,0.0
2026-04-15,244.08291248079394,244.08291248079394,235.8737510945522,239.35069274902344,1660,0.0,0.0
2026-04-16,237.1091251373291,240.48643517722667,235.91361998369393,239.1016387939453,1335,0.0,0.0
2026-04-17,242.46899836662112,252.5012969970703,240.59603061366462,252.5012969970703,1465,0.0,0.0
2026-04-20,249.47122574630495,249.47122574630495,244.54048856054268,246.4768524169922,614,0.474234,0.0
2026-04-22,248.95218451585743,253.79309391866965,248.95218451585743,252.0164337158203,758,0.0,0.0
2026-04-23,249.65087777364485,261.4287643340251,249.65087777364485,260.7101135253906,1558,0.0,0.0
2026-04-24,262.0974819191792,262.0974819191792,257.8055591934935,258.4643249511719,2001,0.0,0.0
2026-04-27,258.46432581811035,258.733808440653,253.29403350134163,256.1586608886719,1497,0.0,0.0
2026-04-28,251.02829617541232,255.6196746826172,251.02829617541232,255.6196746826172,379,0.0,0.0
2026-04-29,255.6196772408514,256.65773519573173,252.95467156197478,253.62342834472656,1131,0.0,0.0
2026-04-30,263.5048350944605,282.5290832519531,263.5048350944605,282.5290832519531,4559,0.0,0.0
2026-05-04,275.33262721774605,275.33262721774605,269.17418614673375,271.58966064453125,2571,0.0,0.0
2026-05-05,271.1504854501382,278.6164671286113,271.1504854501382,278.4767150878906,2515,0.0,0.0
2026-05-06,278.1174003554611,285.3238293571579,278.1174003554611,285.21405029296875,3829,0.0,0.0
2026-05-07,284.4654488755781,303.3499755859375,272.49794728247184,303.3499755859375,1967,0.0,0.0
2026-05-08,278.47671891426137,279.3650642873169,273.08685302734375,273.08685302734375,4948,0.0,0.0
2026-05-11,273.0968064816768,283.8765684365054,273.0968064816768,282.77862548828125,3736,0.0,0.0
2026-05-12,282.77862479872226,282.77862479872226,273.6158500047163,281.1217346191406,1927,0.0,0.0
2026-05-13,279.7243757166296,284.06622314453125,275.7019354216159,284.06622314453125,1699,0.0,0.0
2026-05-14,281.94020880864787,287.7991943359375,280.97202689365577,287.7991943359375,1695,0.0,0.0
2026-05-15,290.3344477530762,290.3344477530762,277.58837890625,277.58837890625,1664,0.0,0.0
2026-05-18,279.94395480657033,279.94395480657033,266.82858542342814,269.62335205078125,1712,0.0,0.0
2026-05-19,267.49733761975364,273.486083984375,266.49921322565007,273.486083984375,2297,0.0,0.0
2026-05-20,274.15484679521796,274.15484679521796,270.6314688245096,272.9371337890625,289,0.0,0.0
2026-05-21,270.72129911100404,271.40001641040624,269.27400650873335,269.8529052734375,686,0.0,0.0
2026-05-22,272.6077359916948,279.24525727497314,269.852902852513,274.7237548828125,4631,0.0,0.0
2026-05-25,269.9926531429421,279.3350830078125,269.9926531429421,279.3350830078125,795,0.0,0.0
2026-05-26,279.33508162958174,285.0643364327939,275.6819731088855,284.7748718261719,1627,0.0,0.0
2026-05-27,286.4617087578631,287.8790588378906,281.08180350900835,287.8790588378906,1482,0.0,0.0
2026-05-28,282.1198586304754,284.7648822271205,278.37689208984375,278.37689208984375,1015,0.0,0.0
2026-05-29,279.0256813414728,281.0918062895795,273.02697403415465,273.49609375,1241,0.0,0.0
2026-06-01,271.63954474400236,273.9053065880511,267.8866177769166,270.8210754394531,1749,0.0,0.0
2026-06-02,270.82109707482755,284.8647155761719,270.82109707482755,284.8647155761719,1357,0.0,0.0
2026-06-03,283.3875020811282,294.6064109473274,283.3875020811282,294.2470703125,3053,0.0,0.0
2026-06-05,288.3581274687805,297.3512378854667,288.3581274687805,291.7218017578125,1867,0.0,0.0
2026-06-08,296.55272859191814,296.5727105747192,292.16098728357315,294.09735107421875,2896,0.0,0.0
2026-06-09,297.9101859527743,301.4335638080107,285.6931532464071,294.3369140625,2487,0.0,0.0
2026-06-10,295.23523745147446,295.23523745147446,276.1311209961752,276.6601257324219,2725,0.0,0.0
2026-06-11,279.4349185388041,286.01255515137325,279.4249580071204,285.7430725097656,4468,0.0,0.0
2026-06-12,288.7673794286549,289.73556135430135,281.71063232421875,281.71063232421875,656,0.0,0.0
2026-06-15,289.90523535872717,296.592650359404,289.90523535872717,296.0237121582031,1396,0.0,0.0
2026-06-16,297.44107168860666,304.427942500084,295.49471692127366,301.8428039550781,2262,0.0,0.0
2026-06-17,304.86713951450827,308.160938070145,301.5034649357278,304.338134765625,1125,0.0,0.0
2026-06-18,309.41857655403027,321.95501708984375,309.4085855623163,321.95501708984375,3077,0.0,0.0
2026-06-19,321.20640453498686,334.9206237792969,314.40917993885023,334.9206237792969,213,0.0,0.0
2026-06-22,329.29122749029864,334.8607482910156,321.4459537947081,334.8607482910156,531,0.0,0.0
2026-06-23,320.39792938471965,321.7154608908017,306.7535555625782,317.9026184082031,1451,0.0,0.0
2026-06-24,322.3542595028173,325.98744707286244,317.29379175931217,325.3486328125,3611,0.0,0.0
2026-06-25,330.45901297186356,353.6654052734375,329.08162688645524,353.6654052734375,2808,0.0,0.0
2026-06-26,335.3697900936167,335.3697900936167,320.1583843616789,325.857666015625,5520,0.0,0.0
2026-06-29,327.37481020739926,334.77091562142647,321.6156434203281,333.10406494140625,1283,0.0,0.0
2026-06-30,326.43659331918246,346.199475955472,326.43659331918246,343.7540588378906,2233,0.0,0.0
2026-07-01,334.800875770336,336.36793846178216,320.4977658549116,323.0928955078125,4617,0.0,0.0
2026-07-02,323.0928746823937,324.63995529057297,309.0692088371434,310.1871032714844,4388,0.0,0.0
2026-07-03,313.29129486216704,317.25384999052835,305.49594565247236,307.51214599609375,557,0.0,0.0
2026-07-06,318.611284653068,319.10038632740714,308.66997405006765,309.4285583496094,680,0.0,0.0
2026-07-07,308.9195146470958,308.9195146470958,292.45046136219406,294.99566650390625,11339,0.0,0.0
2026-07-08,297.1815624306262,305.94509383706065,297.1815624306262,304.18841552734375,2533,0.0,0.0
2026-07-09,315.347445565314,315.347445565314,298.5989182792774,298.97821044921875,3012,0.0,0.0
2026-07-10,298.4391981538747,306.8134765625,296.44294933679197,306.8134765625,3081,0.0,0.0
2026-07-13,299.43733151477966,302.30194377928325,297.3512550938009,299.2177429199219,3916,0.0,0.0
2026-07-14,319.38983133265805,319.38983133265805,293.44858676055605,298.439208984375,3510,0.0,0.0
2026-07-15,298.3393741212706,298.3393741212706,282.66883947225017,296.4329528808594,5535,0.0,0.0
2026-07-16,282.07994122738586,287.2203066048908,277.368822981241,278.59649658203125,2121,0.0,0.0
2026-07-17,273.0169624922933,284.53532645284673,269.2939475612258,281.1017761230469,8834,0.0,0.0
2026-07-20,283.9200134277344,285.25,274.0,274.2799987792969,2998,0.528222,0.0
2026-07-21,280.0,284.5799865722656,278.6499938964844,281.0,4551,0.0,0.0
2026-07-22,282.19000244140625,294.1000061035156,275.6499938964844,294.1000061035156,1215,0.0,0.0
2026-07-23,280.7799987792969,288.3900146484375,280.7799987792969,284.6099853515625,3744,0.0,0.0
2026-07-24,280.80999755859375,286.2200012207031,279.8900146484375,281.8699951171875,849,0.0,0.0
2026-07-27,284.54998779296875,284.5899963378906,269.45001220703125,278.6099853515625,1948,0.0,0.0
2026-07-28,277.489990234375,277.489990234375,264.04998779296875,265.5799865722656,7456,0.0,0.0
2026-07-29,258.0,262.3699951171875,248.5500030517578,250.2899932861328,7554,0.0,0.0
2026-07-30,254.39999389648438,260.739990234375,254.39999389648438,255.3800048828125,6878,0.0,0.0
2026-07-31,260.260009765625,260.6499938964844,257.6199951171875,259.04998779296875,3130,0.0,0.0
2026-08-03,259.04998779296875,265.1300048828125,254.7100067138672,262.55999755859375,3249,0.0,0.0
2026-08-04,293.04998779296875,298.5,277.4700012207031,278.010009765625,11449,0.0,0.0
2026-08-05,280.79998779296875,288.6300048828125,278.45001220703125,285.7300109863281,1574,0.0,0.0
2026-08-06,280.0,285.7200012207031,275.0,285.7200012207031,6849,0.0,0.0
2026-08-07,280.0,280.0,267.0,269.92999267578125,3130,0.0,0.0
2026-08-10,272.6300048828125,272.6300048828125,267.0,268.489990234375,869,0.0,0.0
2026-08-11,270.5299987792969,276.3299865722656,268.95001220703125,272.989990234375,1988,0.0,0.0
2026-08-12,276.79998779296875,280.6300048828125,276.79998779296875,279.239990234375,3473,0.0,0.0
2026-08-13,277.69000244140625,280.30999755859375,275.7900085449219,277.5,920,0.0,0.0
2026-08-14,277.5,283.0,277.5,280.0,1195,0.0,0.0
2026-08-17,279.989990234375,288.6000061035156,279.989990234375,286.5899963378906,3064,0.0,0.0
2026-08-18,286.5899963378906,286.5899963378906,272.3800048828125,274.8699951171875,4372,0.0,0.0
2026-08-19,275.54998779296875,275.54998779296875,261.1000061035156,264.30999755859375,2643,0.0,0.0
2026-08-20,264.25,266.3999938964844,260.3699951171875,263.8699951171875,5682,0.0,0.0
2026-08-21,266.95001220703125,268.0,263.6099853515625,266.2699890136719,2263,0.0,0.0
2026-08-24,266.2699890136719,266.2699890136719,259.04998779296875,260.8299865722656,4036,0.0,0.0
2026-08-25,267.0400085449219,268.239990234375,259.7099914550781,261.9800109863281,3398,0.0,0.0
2026-08-26,261.7900085449219,265.6600036621094,261.7900085449219,265.19000244140625,2094,0.0,0.0
2026-08-27,267.7300109863281,267.7300109863281,260.8399963378906,263.8599853515625,1442,0.0,0.0
2026-08-28,266.5,266.6700134277344,260.5,266.6700134277344,2247,0.0,0.0
2026-08-31,267.4700012207031,267.4700012207031,255.6300048828125,258.0,5280,0.0,0.0
2026-09-01,255.24000549316406,255.24000549316406,249.25,251.8300018310547,8028,0.0,0.0
2026-09-02,251.69000244140625,253.8000030517578,247.77999877929688,253.8000030517578,9303,0.0,0.0
2026-09-03,255.0,256.1700134277344,249.69000244140625,253.60000610351562,12041,0.0,0.0
2026-09-04,257.0,262.989990234375,257.0,259.5,7300,0.0,0.0
2026-09-08,262.2099914550781,264.0199890136719,260.29998779296875,262.8999938964844,13590,0.0,0.0
2026-09-09,261.989990234375,263.44000244140625,259.9100036621094,260.95001220703125,7505,0.0,0.0
2026-09-10,260.94000244140625,260.95001220703125,255.0,257.0400085449219,11720,0.0,0.0
2026-09-11,260.239990234375,263.6400146484375,259.4700012207031,262.6700134277344,8533,0.0,0.0
2026-09-14,258.0,258.0,250.3800048828125,251.8699951171875,7919,0.0,0.0
2026-09-15,256.57000732421875,256.57000732421875,250.74000549316406,253.27999877929688,1477,0.0,0.0
2026-09-16,255.42999267578125,257.0,251.0,251.5,4145,0.0,0.0
2026-09-17,262.0,262.20001220703125,255.50999450683594,256.7699890136719,2508,0.0,0.0
2026-09-18,257.1400146484375,260.5899963378906,257.1400146484375,259.6600036621094,3023,0.0,0.0
2026-09-21,264.8500061035156,265.42999267578125,258.0799865722656,261.2699890136719,3475,0.0,0.0
2026-09-22,263.8900146484375,263.8900146484375,256.92999267578125,257.94000244140625,2785,0.0,0.0
2026-09-23,257.4100036621094,263.4200134277344,256.6000061035156,262.8599853515625,2294,0.0,0.0
2026-09-24,263.989990234375,263.989990234375,257.5799865722656,261.6000061035156,1564,0.0,0.0
2026-09-25,259.30999755859375,267.239990234375,259.30999755859375,266.9100036621094,3238,0.0,0.0
2026-09-28,266.9200134277344,269.2900085449219,264.4800109863281,268.1000061035156,2188,0.0,0.0
