Date,Open,High,Low,Close,Volume,Dividends,Stock splits
2021-02-22,4.670147140871978,4.869099655760812,4.539257367863918,4.863863945007324,10507000,0.0,0.0
2021-02-23,4.97381196700245,5.026168082166548,4.764388504955893,4.774859428405762,9243700,0.0,0.0
2021-02-24,4.795800724116037,4.8586277489680825,4.748680330650801,4.790565013885498,6550600,0.0,0.0
2021-02-25,4.806272464032739,4.863863782482132,4.712031670838421,4.7382097244262695,6054200,0.0,0.0
2021-02-26,4.790564271863526,4.801035690702662,4.659674532202723,4.675381660461426,4849000,0.0,0.0
2021-03-01,4.738209104784366,4.759151445054931,4.617790273750039,4.685853004455566,6578700,0.0,0.0
2021-03-02,4.696325884167134,4.738210577728752,4.455488646535359,4.607320785522461,6141500,0.0,0.0
2021-03-03,4.659675023054841,4.659675023054841,4.282712892621784,4.445015907287598,10191700,0.0,0.0
2021-03-04,4.455486977354306,4.476429316289384,4.235592168883618,4.424073219299316,17915200,0.0,0.0
2021-03-05,4.39789591186446,4.471194360140638,4.345540305357043,4.4554877281188965,9965700,0.0,0.0
2021-03-08,4.39789591186446,4.460723438561087,4.371718358263166,4.4554877281188965,4979600,0.0,0.0
2021-03-09,4.424074571484509,4.445016916820458,4.324598555964978,4.434545993804932,3953300,0.0,0.0
2021-03-10,4.450252416779985,4.450252416779985,4.293184584562069,4.392661094665527,9782800,0.0,0.0
2021-03-11,4.424074002989554,4.5706704015035085,4.350776053384995,4.450252056121826,7448100,0.0,0.0
2021-03-12,4.429309276679083,4.455487327229798,4.376953175577656,4.445015907287598,2243400,0.0,0.0
2021-03-15,4.424073566707984,4.465958247867213,4.376953175577656,4.445015907287598,2556300,0.0,0.0
2021-03-16,4.445016345634405,4.528785716213807,4.434545423964397,4.450252056121826,2252700,0.0,0.0
2021-03-17,4.4554887894187765,4.570671450754564,4.424075018587685,4.51308012008667,2550800,0.0,0.0
2021-03-18,4.502607718360125,4.534020979577154,4.408366936099469,4.445015907287598,4666500,0.0,0.0
2021-03-19,4.465959072113037,4.465959072113037,4.39266111620877,4.465959072113037,2795400,0.0,0.0
2021-03-22,4.418838634089185,4.43978097835293,4.350776389710668,4.3978962898254395,2194800,0.0,0.0
2021-03-23,4.397895114344159,4.418837453010379,4.314125759679278,4.356010437011719,2289600,0.0,0.0
2021-03-24,4.387425022799141,4.4031316549372805,4.350776048041868,4.376953601837158,1764200,0.0,0.0
2021-03-25,4.450252241105867,4.476430295326284,4.345540523529053,4.345540523529053,4809400,0.0,0.0
2021-03-26,4.4240739975564125,4.450252050656535,4.350776048041868,4.376953601837158,4067400,0.0,0.0
2021-03-29,4.376953322751769,4.816742989016285,4.376953322751769,4.801036357879639,10506900,0.0,0.0
2021-03-30,4.790565426918178,4.9423975415608075,4.712031763908314,4.722503185272217,8874400,0.0,0.0
2021-03-31,4.738209750588891,4.842921466213621,4.738209750588891,4.811507701873779,5409900,0.0,0.0
2021-04-01,4.86909949306067,4.9319265220886015,4.722503091995497,4.7382097244262695,6402600,0.0,0.0
2021-04-05,4.806271976244151,4.869098998895767,4.801036266196985,4.816742897033691,3784100,0.0,0.0
2021-04-06,4.8272151004706805,4.905748766703156,4.821979389573882,4.842921733856201,4143800,0.0,0.0
2021-04-07,4.890041222089636,4.910983562469482,4.848156541329942,4.910983562469482,4412700,0.0,0.0
2021-04-08,4.916220014801011,4.973811334716401,4.8690996170043945,4.8690996170043945,4841100,0.0,0.0
2021-04-09,4.8690989193505585,4.937161650937417,4.795800477802068,4.905747890472412,3099000,0.0,0.0
2021-04-12,4.910984344820657,4.973811375968945,4.879570579594084,4.937162399291992,4062100,0.0,0.0
2021-04-13,4.937161612770486,4.9476325333080196,4.874334591630945,4.910983562469482,3709000,0.0,0.0
2021-04-14,4.905748974702192,4.963340299094166,4.869099995480472,4.958105087280273,10782400,0.0,0.0
2021-04-15,4.989518579424724,5.115173155393335,4.989518579424724,5.0732879638671875,10601300,0.0,0.0
2021-04-16,5.073288373822507,5.146586840785123,4.958105710559055,5.010461330413818,7175300,0.0,0.0
2021-04-19,5.068051684483935,5.120407289081899,5.036637922281307,5.088994026184082,5841400,0.0,0.0
2021-04-20,5.1256432091769915,5.272239607079685,5.052344760573229,5.057580471038818,7337800,0.0,0.0
2021-04-22,5.141349841268929,5.151821262200109,4.9947534433662355,5.057580471038818,5257900,0.0,0.0
2021-04-23,5.104701519012451,5.162292843579753,5.06805253967916,5.104701519012451,4640400,0.0,0.0
2021-04-26,5.188469372346482,5.251296389550823,5.146584694210254,5.193705081939697,7569500,0.0,0.0
2021-04-27,5.225120093563264,5.4450149771906675,5.209413458819854,5.366481304168701,10525600,0.0,0.0
2021-04-28,5.366480885807787,5.60731809675282,5.366480885807787,5.581140041351318,7548900,0.0,0.0
2021-04-29,5.706794107125051,5.863861940201999,5.507842084439778,5.654438495635986,16410300,0.0,0.0
2021-04-30,5.628260050263819,5.628260050263819,5.4921345710754395,5.4921345710754395,7332800,0.0,0.0
2021-05-03,5.545580080198758,5.566625904910683,5.350906076170438,5.361428737640381,8011400,0.051581,0.0
2021-05-04,5.382475647067761,5.414044641383681,5.161494693944883,5.324599742889404,9051100,0.0,0.0
2021-05-05,5.3614291566182795,5.40878239136362,5.214108372122172,5.3140764236450195,15848800,0.0,0.0
2021-05-06,5.4193055702306605,5.524534702301025,5.366690753309437,5.524534702301025,10379600,0.0,0.0
2021-05-07,5.608718060191617,5.708686112918533,5.524534753751321,5.587672233581543,9213900,0.0,0.0
2021-05-10,5.787607837263289,5.824437908387897,5.477181518435633,5.587672233581543,13198600,0.0,0.0
2021-05-11,5.550841663284929,5.734992504119873,5.429827794830385,5.734992504119873,8752700,0.0,0.0
2021-05-12,5.392999106737719,5.508751423183419,5.282508373260499,5.282508373260498,142911300,0.0,0.0
2021-05-13,5.261462329622506,5.340384063857984,5.108879942134339,5.193063259124756,13571300,0.0,0.0
2021-05-14,5.103618728815401,5.166756221128551,4.998389574960151,5.019435405731201,11768300,0.0,0.0
2021-05-17,5.05100412826598,5.17727910602959,5.040480962566266,5.077311038970947,7634200,0.0,0.0
2021-05-18,5.145709650859009,5.250938789591605,5.061526339872932,5.140448570251465,13950600,0.0,0.0
2021-05-19,5.051003555291241,5.051003555291241,4.903682262840008,4.951035499572754,9867200,0.0,0.0
2021-05-20,4.972081452072137,4.993127279842212,4.898421305762934,4.914205551147461,7367800,0.0,0.0
2021-05-21,4.882636373391089,4.893159537763004,4.787930402904335,4.856328964233398,8097000,0.0,0.0
2021-05-24,4.8089765423125606,4.866852444801969,4.751100138051024,4.86159086227417,9010300,0.0,0.0
2021-05-25,4.887898711740938,4.9457746194236565,4.766885313375573,4.7984538078308105,6475700,0.0,0.0
2021-05-26,4.756361163112577,4.824760222640916,4.687962103584237,4.7668843269348145,15932800,0.0,0.0
2021-05-27,4.8037147824095054,4.908943920219308,4.798453200075988,4.851068019866943,10164300,0.0,0.0
2021-05-28,4.919467935306629,4.966820679177748,4.840545691977037,4.903683185577393,7474900,0.0,0.0
2021-05-31,4.961558962508434,4.998389036950461,4.89315989442172,4.9405131340026855,5398300,0.0,0.0
2021-06-01,5.0457423503064796,5.061526596473543,4.972081698573285,5.051003932952881,6978600,0.0,0.0
2021-06-02,5.051004441499206,5.098357184767976,4.9878664469298,5.082572937011719,7619300,0.0,0.0
2021-06-04,5.051003247325255,5.0930948992386265,4.951035197701946,4.97734260559082,7392300,0.0,0.0
2021-06-07,4.95629706312237,4.95629706312237,4.814237353460216,4.935251235961914,5470300,0.0,0.0
2021-06-08,4.929988818367824,4.977342046898117,4.856328184901589,4.898420333862305,3924200,0.0,0.0
2021-06-09,4.9405134657354175,4.966820376804892,4.893160222974899,4.961559295654297,3996300,0.0,0.0
2021-06-10,4.972081984453656,5.008912563323975,4.919467660280892,5.008912563323975,3959300,0.0,0.0
2021-06-11,5.056264274132898,5.108879089355469,5.029957368293679,5.108879089355469,4887200,0.0,0.0
2021-06-14,5.124663494549039,5.203585719867539,5.0720491794421205,5.1036176681518555,5471800,0.0,0.0
2021-06-15,5.098356066813742,5.103617648836145,5.014172761543616,5.087833404541016,3631100,0.0,0.0
2021-06-16,5.05626561604006,5.066788782586195,4.951036459439701,4.982605457305908,6982100,0.0,0.0
2021-06-17,4.982604780443764,4.987865861229941,4.872114055579955,4.908944129943848,6984000,0.0,0.0
2021-06-18,4.919467340471998,4.972081661224365,4.8826367639959924,4.972081661224365,4857800,0.0,0.0
2021-06-21,4.856329510546464,4.966820240020752,4.7458392828443285,4.966820240020752,5364100,0.0,0.0
2021-06-22,4.951035797369494,4.961558962508434,4.903682557788528,4.9405131340026855,3472300,0.0,0.0
2021-06-23,4.961558327525615,4.977342571441818,4.90894351210885,4.929989337921143,5450700,0.0,0.0
2021-06-24,4.951035480889231,4.987865552977005,4.89842116387414,4.935251235961914,11729500,0.0,0.0
2021-06-25,4.945774222091463,4.961558969823144,4.908944147595139,4.9247283935546875,5822100,0.0,0.0
2021-06-28,4.929990420989855,4.935252004041861,4.814238102706606,4.893160343170166,6553500,0.0,0.0
2021-06-29,4.882635593414307,4.935250403324734,4.851067108885662,4.882635593414307,5205200,0.0,0.0
2021-06-30,4.866851771627065,4.88789759705511,4.793191131742876,4.819498538970947,7203500,0.0,0.0
2021-07-01,4.835283223791153,4.861590633419627,4.761623078957952,4.787930488586426,6259100,0.0,0.0
2021-07-02,4.803714275360107,4.851067507819241,4.79845269358197,4.803714275360107,3312800,0.0,0.0
2021-07-05,4.866852090626723,4.872113672771621,4.808976192349115,4.824760437011719,2446600,0.0,0.0
2021-07-06,4.819499654459487,4.8668528980756625,4.787931159896819,4.81423807144165,2984800,0.0,0.0
2021-07-07,4.845806725214936,4.845806725214936,4.782669238780764,4.808976650238037,5528200,0.0,0.0
2021-07-08,4.777406988984984,4.808975978679628,4.609040382005729,4.7668843269348145,6475700,0.0,0.0
2021-07-12,4.819498538970947,4.856328608027013,4.7721453063148305,4.819498538970947,5345900,0.0,0.0
2021-07-13,4.819498518922467,4.856328587825324,4.78266845001961,4.803714275360107,3092900,0.0,0.0
2021-07-14,4.81423773111178,4.851068307860817,4.79319190230039,4.808976650238037,4232200,0.0,0.0
2021-07-15,4.803714733654668,4.840544806071269,4.787930488586426,4.787930488586426,2324600,0.0,0.0
2021-07-16,4.830022143283141,4.830022143283141,4.772145741746079,4.787930488586426,3552400,0.0,0.0
2021-07-19,4.766883853816362,4.766883853816362,4.687961638298901,4.751099109649658,5242700,0.0,0.0
2021-07-20,4.7511013449645985,4.787931930243071,4.71427126145838,4.772147178649902,3512900,0.0,0.0
2021-07-21,4.756361944307633,4.808976768516256,4.740577697753907,4.740577697753906,3668100,0.0,0.0
2021-07-22,4.730055511279295,4.772147178649902,4.6932254277730765,4.772147178649902,3074900,0.0,0.0
2021-07-23,4.766885604845201,4.772146686394646,4.724793440044219,4.756362438201904,2337200,0.0,0.0
2021-07-26,4.7563618616073615,4.866852589106614,4.740577615328081,4.840545177459717,5387000,0.0,0.0
2021-07-27,4.85106784596412,4.856328926336927,4.719531302974207,4.824760437011719,4846700,0.0,0.0
2021-07-28,4.893160459911652,4.893160459911652,4.751100724751276,4.793192386627197,9089300,0.0,0.0
2021-07-29,4.8510678252202935,4.998388612242845,4.830021998502786,4.987865447998047,11595000,0.0,0.0
2021-07-30,4.919467412400407,4.966820151238251,4.819499348496628,4.840545177459717,8118200,0.0,0.0
2021-08-02,4.906322510573992,4.966355712407725,4.846289829211214,4.88449239730835,4999900,0.330526,0.0
2021-08-03,4.895407907742941,4.900865045921913,4.677106245983831,4.753511905670166,8180500,0.0,0.0
2021-08-04,4.797172101591526,4.81900221557319,4.720766442420218,4.775341987609863,5443700,0.0,0.0
2021-08-05,4.748054675182924,4.769884791280299,4.627988776411846,4.638904094696045,9572300,0.0,0.0
2021-08-06,4.6661918699355205,4.688021986032896,4.622531637740769,4.638904094696045,3334600,0.0,0.0
2021-08-09,4.584328901947819,4.600701880651757,4.491550771176424,4.557041645050049,7047000,0.0,0.0
2021-08-10,4.557040243686619,4.622530576949846,4.529752474709215,4.535210132598877,4218300,0.0,0.0
2021-08-11,4.562498158385538,4.573413476024426,4.502465472784634,4.518837928771973,3600800,0.0,0.0
2021-08-12,4.518838220947217,4.529753539291858,4.431517756074193,4.491550445556641,3931200,0.0,0.0
2021-08-13,4.51338050278936,4.518837640790032,4.322366620049929,4.387856960296631,5751400,0.0,0.0
2021-08-16,4.387856694535197,4.387856694535197,4.054947094758077,4.235045909881592,15754800,0.0,0.0
2021-08-17,4.207758346359324,4.229588459525132,3.8912214452196356,3.9457967281341553,15353900,0.0,0.0
2021-08-18,3.8857642034088236,3.9785423244281204,3.8257315158843994,3.8257315158843994,10851000,0.0,0.0
2021-08-19,3.705665426263422,3.8693915442198685,3.65654753882939,3.8148159980773926,9604400,0.0,0.0
2021-08-20,3.8148161478378166,3.940339440469368,3.716580629348755,3.716580629348755,8400300,0.0,0.0
2021-08-23,3.738410622181387,3.7820708511916323,3.629260049655774,3.64563250541687,9417400,0.0,0.0
2021-08-24,3.732952861898869,4.05494714976154,3.732952861898869,4.038574695587158,9553500,0.0,0.0
2021-08-25,4.038575033676766,4.114980433436255,3.9676270323537817,3.9785420894622803,5837300,0.0,0.0
2021-08-26,3.994914263674974,4.022201772629264,3.84756088256836,3.8475608825683594,6015900,0.0,0.0
2021-08-27,3.90213617528052,4.060404612606816,3.90213617528052,4.005829334259033,7532800,0.0,0.0
2021-08-30,4.005829655350047,4.13135293572911,3.9949145988055847,4.114980220794678,6011800,0.0,0.0
2021-08-31,4.076777758805299,4.076777758805299,3.8857641220092773,3.8857641220092773,9548900,0.0,0.0
2021-09-01,3.8366465736375224,3.9075943189150695,3.7493258513770344,3.8257315158843994,6161700,0.0,0.0
2021-09-02,3.8475608366675007,3.8693909476646837,3.7111225128173833,3.711122512817383,8316900,0.0,0.0
2021-09-03,3.8148162680474926,3.951254622588284,3.7384108623705914,3.7875287532806396,7334800,0.0,0.0
2021-09-06,3.711123032506424,3.8584764324898426,3.711123032506424,3.836646318435669,3919200,0.0,0.0
2021-09-08,3.782071026259473,3.8039011417750874,3.683835506439209,3.683835506439209,8648700,0.0,0.0
2021-09-09,3.683835349637435,3.716580521517064,3.5746847767053382,3.6292600631713867,9799700,0.0,0.0
2021-09-10,3.7711552853632013,3.798443054932337,3.6238019022078714,3.6565470695495605,6050400,0.0,0.0
2021-09-13,3.6838354897008454,3.716580662825481,3.6401752588679974,3.6947505474090576,4668100,0.0,0.0
2021-09-14,3.7056655146801303,3.7111231735187933,3.5965149402618413,3.596514940261841,5775300,0.0,0.0
2021-09-15,3.596514422159446,3.596514422159446,3.4600760936737065,3.460076093673706,10826200,0.0,0.0
2021-09-16,3.432789284800224,3.432789284800224,3.2908935187775565,3.3127236366271973,11857700,0.0,0.0
2021-09-17,3.2745206706506567,3.3181809046216486,3.181742543344538,3.252690553665161,32433300,0.0,0.0
2021-09-20,3.056218783088207,3.1544545550539795,2.963440669669637,3.1107940673828125,17339000,0.0,0.0
2021-09-21,3.1708266406738232,3.230859576518963,3.1162513627398107,3.187199354171753,9964200,0.0,0.0
2021-09-22,3.36184063241028,3.383670746108881,3.2254022916762852,3.2690625190734863,9641300,0.0,0.0
2021-09-23,3.269063011286522,3.3563837394640275,3.203572660330034,3.252690553665161,9241200,0.0,0.0
2021-09-24,3.2636046988339213,3.2799774121088796,3.1817416529300298,3.219944477081299,9333400,0.0,0.0
2021-09-27,3.2854350000699717,3.4764486114228434,3.247232173705212,3.4218733310699463,12914800,0.0,0.0
2021-09-28,3.3563835483011464,3.3563835483011464,3.2090301369238037,3.225402593612671,13251100,0.0,0.0
2021-09-29,3.285435107001638,3.372755558408308,3.214487110115982,3.3509254455566406,9742000,0.0,0.0
2021-09-30,3.438246206418207,3.6019720551494934,3.4000433782631685,3.4764487743377686,20567800,0.0,0.0
2021-10-01,3.4873648737959324,3.569227952759989,3.4273321747597714,3.5583128929138184,8398900,0.0,0.0
2021-10-04,3.5746843921190883,3.5801417900608064,3.4109582901000977,3.4109582901000977,6117000,0.0,0.0
2021-10-05,3.4164157715300694,3.487363502514739,3.3563828358641628,3.372755289077759,4876000,0.0,0.0
2021-10-06,3.3072652198533055,3.394585671259976,3.2799777089064572,3.3509254455566406,8152500,0.0,0.0
2021-10-07,3.3945859458888266,3.4109586619698993,3.318180544726639,3.3290956020355225,10518500,0.0,0.0
2021-10-08,3.410958783665717,3.4819067888224846,3.3782136105707865,3.4000437259674072,8694300,0.0,0.0
2021-10-11,3.5201094320040394,3.5910574385989755,3.4218739107279412,3.5091943740844727,12155300,0.0,0.0
2021-10-13,3.465533864842645,3.476448921887996,3.3290955216580094,3.3836708068847656,18778100,0.0,0.0
2021-10-14,3.40004382830945,3.4218739443631616,3.312723364094604,3.3345534801483154,8133700,0.0,0.0
2021-10-15,3.3454683133124408,3.6401751204645962,3.3400106545480894,3.6292600631713867,18195400,0.0,0.0
2021-10-18,3.5855995526060664,3.705665173408803,3.5201089537509187,3.6620049476623535,8724400,0.0,0.0
2021-10-19,3.601972479174644,3.634717652775672,3.5037369583715607,3.5201094150543213,7304700,0.0,0.0
2021-10-20,3.5364821503803268,3.552854867383816,3.350925905439824,3.3618409633636475,11595900,0.0,0.0
2021-10-21,3.2581481352739723,3.307266031360062,3.192657780649544,3.2799785137176514,8809200,0.0,0.0
2021-10-22,3.2472316336343687,3.3400097249214227,3.2199441281140366,3.301807165145874,11676800,0.0,0.0
2021-10-25,3.3345526156318592,3.3454676708288766,3.236316858623259,3.274519681930542,12136000,0.0,0.0
2021-10-26,3.2745203421697817,3.296350456965407,3.1162518797837486,3.159912109375,7470800,0.0,0.0
2021-10-27,3.203572443615807,3.2254025591245465,3.088964207077173,3.099879264831543,5890100,0.0,0.0
2021-10-28,3.083505983814637,3.127166203157747,3.001642942428589,3.001642942428589,9447500,0.0,0.0
2021-10-29,3.001643120230554,3.0453033421598716,2.8542897411013812,2.87611985206604,9449100,0.0,0.0
2021-11-01,2.881577420884225,2.952525149209358,2.859747050358674,2.936152696609497,8884800,0.0,0.0
2021-11-03,2.903407665346249,2.9252377766451683,2.810629562208115,2.843374729156494,12588900,0.0,0.0
2021-11-04,2.7342241760869648,2.93069517802335,2.7123938045252456,2.848832130432129,18334800,0.0,0.0
2021-11-05,2.8379175024144483,3.0289313956563095,2.8215450465703134,3.0180163383483887,11491500,0.0,0.0
2021-11-08,3.0835059922046835,3.192656540859451,3.0453031700577973,3.1653690338134766,12563600,0.0,0.0
2021-11-09,3.1326236366763673,3.2745196114174675,3.0998784717904453,3.1435389518737793,13874400,0.0,0.0
2021-11-10,3.1107941647674484,3.192657223889853,3.0398464230811557,3.0453038215637207,12203100,0.0,0.0
2021-11-11,3.2254021665418158,3.4327884988681303,3.1981146555949675,3.3509254455566406,16427900,0.0,0.0
2021-11-12,3.329095821017132,3.531024524631719,3.3018083060677483,3.3345534801483154,9141700,0.0,0.0
2021-11-16,3.323637633861502,3.350925142339167,3.209029421643143,3.219944477081299,3804500,0.0,0.0
2021-11-17,3.258147589488665,3.323638193378037,3.1708271312834926,3.1762847900390625,4305000,0.0,0.0
2021-11-18,3.181742067083541,3.1871997256307427,3.1053366690710935,3.1107940673828125,6569300,0.0,0.0
2021-11-19,3.127166826064249,3.2963503398365135,3.127166826064249,3.2363173961639404,9259400,0.0,0.0
2021-11-22,3.329095721697893,3.4164164435431497,3.258147716522217,3.258147716522217,15084600,0.0,0.0
2021-11-23,3.4055010199667195,3.541939367117351,3.2963504463404125,3.318180561065674,11534500,0.0,0.0
2021-11-24,3.3563830427591177,3.4382460945796756,3.318180215846733,3.394585609436035,5090500,0.0,0.0
2021-11-25,3.410958579615888,3.4491614093923615,3.350925635748712,3.3836708068847656,3674300,0.0,0.0
2021-11-26,3.236316858623259,3.3290949579156286,3.1544540747633505,3.274519681930542,7717300,0.0,0.0
2021-11-29,3.394586067905208,3.4109587845747886,3.258147716522217,3.258147716522217,7192300,0.0,0.0
2021-11-30,3.2526903177893587,3.329095721697893,3.2090300869844817,3.258147716522217,5746600,0.0,0.0
2021-12-01,3.312722855359529,3.3782131934633077,3.1981146335601807,3.1981146335601807,8589000,0.0,0.0
2021-12-02,3.2199452572734257,3.350925954267891,3.2199452572734257,3.323638439178467,5224100,0.0,0.0
2021-12-03,3.301808154562898,3.449161561281833,3.274520380630114,3.285435438156128,6788300,0.0,0.0
2021-12-06,3.3290956857296448,3.4491615793813417,3.279978056722587,3.4164164066314697,8325700,0.0,0.0
2021-12-07,3.541939444507378,3.678377794639135,3.5091942717040165,3.5692272186279297,13716800,0.0,0.0
2021-12-08,3.569227012209397,3.6620051265710503,3.4819065564504226,3.5473968982696533,11147000,0.0,0.0
2021-12-09,3.5255670228140197,3.7111232640891267,3.50919430613395,3.6947505474090576,8407100,0.0,0.0
2021-12-10,3.6892932163267176,3.792986136338494,3.591057434915865,3.651090383529663,7627000,0.0,0.0
2021-12-13,3.7602405706102044,3.9294240806704233,3.7384104570692394,3.7493255138397217,12049600,0.0,0.0
2021-12-14,3.7547835291448406,3.8257315350126238,3.6401752920462696,3.6729204654693604,5833300,0.0,0.0
2021-12-15,3.672919470155021,3.732952401946948,3.547396209263956,3.70566463470459,7633800,0.0,0.0
2021-12-16,3.831188518597577,3.847561233652499,3.640174897546033,3.776613235473633,13812300,0.0,0.0
2021-12-17,3.760240748746306,3.956712040158022,3.7220381783575647,3.9348819255828857,10064600,0.0,0.0
2021-12-20,3.8311889337987197,3.847561650628018,3.6729204654693604,3.6729204654693604,9790800,0.0,0.0
2021-12-21,3.7547831222240546,3.825731120402921,3.678377465615055,3.776613235473633,9094600,0.0,0.0
2021-12-22,3.7711555765083173,3.7711555765083173,3.6183447837829594,3.618344783782959,5805100,0.0,0.0
2021-12-23,3.6401748970294387,3.651089953652679,3.531024070561563,3.618344783782959,4269100,0.0,0.0
2021-12-27,3.585600036079433,3.6947506151631493,3.5746849781710615,3.651090383529663,4210100,0.0,0.0
2021-12-28,3.6347183118370125,3.6347183118370125,3.509194993488274,3.5583128929138184,7015700,0.0,0.0
2021-12-29,3.5419398820148515,3.640175672794718,3.5091947051667405,3.591057777404785,6493200,0.0,0.0
2021-12-30,3.655376317820521,3.854458646543844,3.638785991913102,3.727267026901245,48470300,0.086308,0.0
2022-01-03,3.7770369083589506,3.959529134642473,3.644315385132471,3.898698568344116,13281500,0.0,0.0
2022-01-04,3.9318792921852563,4.197322625490891,3.9208191642847816,4.175202369689941,17917900,0.0,0.0
2022-01-05,4.1199025001906895,4.136492828051095,3.8102185775824213,3.8489291667938232,11435200,0.0,0.0
2022-01-06,3.9318804905593145,3.9705908181621368,3.7438579952507625,3.7715084552764893,7867700,0.0,0.0
2022-01-07,3.810217506687047,3.942939301184706,3.743856741285338,3.859988212585449,7379300,0.0,0.0
2022-01-10,3.81021839604081,3.8876395707748053,3.699617094555535,3.8655190467834473,6413000,0.0,0.0
2022-01-11,3.865518968915694,3.981650464983009,3.8489289058742475,3.871049165725708,5508500,0.0,0.0
2022-01-12,3.965060510818302,4.114372400762768,3.887639599212288,4.042481422424316,12597400,0.0,0.0
2022-01-13,4.003770392742383,4.0701314304867555,3.948469747700635,3.9595298767089844,4670900,0.0,0.0
2022-01-14,3.953999577628389,3.998240089561947,3.9152889978394003,3.9705896377563477,3739200,0.0,0.0
2022-01-17,3.942940360768,3.981650685807805,3.887639708072341,3.893169641494751,3172900,0.0,0.0
2022-01-18,3.8876393826128317,4.0203609379714305,3.8544587300788917,3.9816503524780273,6224500,0.0,0.0
2022-01-19,4.097781159065414,4.147551865837624,4.0203602647375,4.036950588226318,7777600,0.0,0.0
2022-01-20,4.053540952629951,4.13649204891903,3.992710113525391,3.9927101135253906,4111100,0.0,0.0
2022-01-21,3.9705896377563477,4.070131053301105,3.9650597056117785,3.9705896377563477,4145600,0.0,0.0
2022-01-24,3.9152896854286285,3.9208198822386424,3.8212784492127736,3.871049165725708,5142300,0.0,0.0
2022-01-25,3.871048624265445,4.03695081364024,3.8378682391293384,3.9982402324676514,7937200,0.0,0.0
2022-01-26,4.03695081364024,4.164142421842446,3.99271003643117,3.9982402324676514,11452900,0.0,0.0
2022-01-27,4.042480752555591,4.0867212661423356,3.9097592117953566,3.9374094009399414,9175200,0.0,0.0
2022-01-28,4.025890724781126,4.025890724781126,3.9263493047014104,3.9539997577667236,8390700,0.0,0.0
2022-01-31,3.942939301184706,3.9484692331210614,3.8433978893879015,3.859988212585449,9465000,0.0,0.0
2022-02-01,3.8544587300788917,4.014831005011968,3.8544587300788917,3.9816503524780273,7327700,0.0,0.0
2022-02-02,3.9871802532360947,4.075661283575494,3.9539998668588203,3.965059995651245,6626100,0.0,0.0
2022-02-03,3.965060073060297,3.992710263734033,3.9097594280185497,3.9595298767089844,3745000,0.0,0.0
2022-02-04,3.959529657733314,3.98718011057216,3.8655184345143505,3.9374094009399414,7753900,0.0,0.0
2022-02-07,3.959529657733314,4.014830563411006,3.926349272543255,3.9374094009399414,9622400,0.0,0.0
2022-02-08,3.9429406306284203,3.987181155812831,3.893169907948793,3.9097602367401123,6874000,0.0,0.0
2022-02-09,3.9152893550187313,3.926349484011101,3.8046880650950343,3.8378684520721436,11310300,0.0,0.0
2022-02-10,3.8931688415902093,3.9539996789040663,3.782567558923431,3.7991576194763184,15482500,0.0,0.0
2022-02-11,3.7991582017138885,3.8157485285035744,3.649846315383911,3.649846315383911,11664400,0.0,0.0
2022-02-14,3.62219589552753,3.716206862468374,3.611135766258355,3.688556671142578,5742400,0.0,0.0
2022-02-15,3.61666582670191,3.699616930995756,3.60560569704235,3.6774966716766357,4196000,0.0,0.0
2022-02-16,3.688556879422074,3.7493877256845747,3.6498462929469744,3.671966552734375,5999500,0.0,0.0
2022-02-17,3.6332555208209896,3.644315648555993,3.5226539797767082,3.528184175491333,5496100,0.0,0.0
2022-02-18,3.5890155203456326,3.5890155203456326,3.478414219138642,3.4839444160461426,4431600,0.0,0.0
2022-02-21,3.539244423224667,3.566894611652535,3.3844023659904403,3.4175827503204346,4924200,0.0,0.0
2022-02-22,3.445233614281787,3.489474132010239,3.423113355417561,3.4618239402770996,4462200,0.0,0.0
2022-02-23,3.4562929163157805,3.5115935502379885,3.389932155609131,3.389932155609131,5547900,0.0,0.0
2022-02-24,3.235090435347907,3.384402293481064,3.196380119639393,3.3622820377349854,10722700,0.0,0.0
2022-02-25,3.3180421650191945,3.4507637250466985,3.3180421650191945,3.4286434650421143,7375600,0.0,0.0
2022-03-02,3.5503052128204216,3.6056058636739183,3.489474365034424,3.5834856033325195,6050000,0.0,0.0
2022-03-03,3.616665719946068,3.754917468456833,3.616665719946068,3.6664364337921143,9975400,0.0,0.0
2022-03-04,3.6609062506601373,3.7383274199690475,3.6056056037925477,3.727267026901245,5557300,0.0,0.0
2022-03-07,3.7659770857298716,3.871048431954812,3.7106764465836526,3.74938702583313,8828500,0.0,0.0
2022-03-08,3.7880975372035497,3.8157479900530964,3.6111354827880855,3.611135482788086,6496300,0.0,0.0
2022-03-09,3.6000758477450456,3.754917666578251,3.561365261189595,3.710677146911621,8543300,0.0,0.0
2022-03-10,3.59454607963562,3.6885573269864134,3.4950048985141304,3.59454607963562,8186800,0.0,0.0
2022-03-11,3.616666259313281,3.721737635494471,3.5613656044006348,3.5613656044006348,6140800,0.0,0.0
2022-03-14,3.5115941658631953,3.5668948094802793,3.32357197756511,3.3401620388031006,7304600,0.0,0.0
2022-03-15,3.312511280630788,3.312511280630788,3.1355492373241054,3.1631994247436523,7914400,0.0,0.0
2022-03-16,3.3180425591034184,3.3291026904193233,3.096839669090991,3.1355502605438232,11554600,0.0,0.0
2022-03-17,3.174259585811856,3.2129701650391644,3.146609398101705,3.1797897815704346,5197300,0.0,0.0
2022-03-18,3.1963797570043453,3.395462036132812,3.1797894352298637,3.3954620361328125,11521000,0.0,0.0
2022-03-21,3.3899330869875244,3.4452337361034924,3.3622826305823925,3.412053346633911,4823900,0.0,0.0
2022-03-22,3.3954626346297405,3.500533987870477,3.3899327021929992,3.4452333450317383,5612300,0.0,0.0
2022-03-23,3.4452338917547616,3.4839444797319814,3.3788731098175044,3.378873109817505,4708200,0.0,0.0
2022-03-24,3.3899321046707973,3.4175822893693084,3.3401614030415714,3.3954620361328125,7669000,0.0,0.0
2022-03-25,3.400992631912231,3.483943723167505,3.3899325039911448,3.4009926319122314,5572500,0.0,0.0
2022-03-28,3.428643454918834,3.4397035848884703,3.3567527419633474,3.3678128719329834,6540000,0.0,0.0
2022-03-29,3.400993174817786,3.4231134341910487,3.3235722670113668,3.334632396697998,6202500,0.0,0.0
2022-03-30,3.373342912808913,3.467354152400514,3.3512226521631607,3.378873109817505,8251900,0.0,0.0
2022-03-31,3.389933045131155,3.4175832375005872,3.334632396697998,3.334632396697998,5356700,0.0,0.0
2022-04-01,3.367812926962801,3.439703641092976,3.3622827300404703,3.3844029903411865,4228800,0.0,0.0
2022-04-04,3.3899331418812424,3.483944378747874,3.3788730118789503,3.4286434650421143,4189500,0.0,0.0
2022-04-05,3.417583475981894,3.417583475981894,3.290391843862969,3.295922040939331,6674400,0.0,0.0
2022-04-06,3.301452077054342,3.301452077054342,3.2240311614362924,3.2682716846466064,6033600,0.0,0.0
2022-04-07,3.2295613050009435,3.2738018274758636,3.2074410437634833,3.2516815662384033,4255800,0.0,0.0
2022-04-08,3.235091101678189,3.2461512318292787,3.1632001238489553,3.2240309715270996,7194200,0.0,0.0
2022-04-11,3.179790194895616,3.2738014254575285,3.1631998691576335,3.2461509704589844,4406500,0.0,0.0
2022-04-12,3.3069815311353783,3.3069815311353783,3.1742597276362656,3.2074403762817383,9284100,0.0,0.0
2022-04-13,3.1963803370158974,3.29039129848302,3.1963803370158974,3.2406208515167236,6046300,0.0,0.0
2022-04-14,3.2129706559812456,3.235090915007042,3.1908503969554496,3.218500852584839,2949100,0.0,0.0
2022-04-18,3.1963804336318598,3.2350907531430337,3.163199783059033,3.212970495223999,3062500,0.0,0.0
2022-04-19,3.1853203046723424,3.2240306241835164,3.1576698504264114,3.212970495223999,3119300,0.0,0.0
2022-04-20,3.1908503651476767,3.2019104945503227,3.07471887457275,3.080249071121216,5588600,0.0,0.0
2022-04-22,3.0470690929430977,3.080249485615966,2.975178110304723,2.9862382411956787,5098100,0.0,0.0
2022-04-25,2.9143474123706987,2.96411813585396,2.8811670179466358,2.9530580043792725,5416100,0.0,0.0
2022-04-26,2.9530573835596674,2.96411751270919,2.8037455081939697,2.8037455081939697,5987900,0.0,0.0
2022-04-27,2.881166719858793,2.914347110849986,2.8479863288676004,2.859046459197998,5434300,0.0,0.0
2022-04-28,2.8977565984356586,2.919877121377985,2.825865887726686,2.875636339187622,4946400,0.0,0.0
2022-04-29,2.9088169917539672,2.991767832086958,2.853516079939586,2.875636339187622,8330100,0.0,0.0
2022-05-02,2.917757800197087,2.9541539131157957,2.8449655743596707,2.9359560012817383,7669300,0.459438,0.0
2022-05-03,2.9602197210527432,3.105804155243587,2.9298894859710383,3.0572760105133057,8960800,0.0,0.0
2022-05-04,3.039077991700686,3.2149926546543592,3.002681595209779,3.178596258163452,9106200,0.0,0.0
2022-05-05,3.124002722190002,3.1543326715944024,2.9480880321924636,2.9662859439849854,10706000,0.0,0.0
2022-05-06,2.954153380376333,2.972351578179198,2.8752950053148187,2.88742733001709,5976900,0.0,0.0
2022-05-09,2.844965653821043,2.844965653821043,2.766107262335989,2.7964375019073486,6420500,0.0,0.0
2022-05-10,2.778238948502665,2.8207012206753994,2.5962584018707275,2.5962584018707275,12910700,0.0,0.0
2022-05-11,2.6265885829925533,2.7175790090622782,2.602324507940706,2.6265885829925537,11468400,0.0,0.0
2022-05-12,2.584126396213751,2.584126396213751,2.511333887443221,2.5416641235351562,9168800,0.0,0.0
2022-05-13,2.578060121582484,2.6569185006039637,2.5537960494605754,2.6326544284820557,6604800,0.0,0.0
2022-05-16,2.6569183670188243,2.6629842401190422,2.59019202741318,2.6205222606658936,6602300,0.0,0.0
2022-05-17,2.6751165756456885,2.6993806492694143,2.5901923179626465,2.5901923179626465,9178300,0.0,0.0
2022-05-18,2.571994213911701,2.571994213911701,2.474937915802002,2.474937915802002,8863800,0.0,0.0
2022-05-19,2.4931357912085916,2.7175785959443783,2.4870696287424936,2.699380397796631,14710900,0.0,0.0
2022-05-20,2.766107262335989,2.851031528184954,2.7600413879720778,2.7964375019073486,9851500,0.0,0.0
2022-05-23,2.8570975522705333,2.911691865132578,2.802503239408489,2.8146352767944336,7900600,0.0,0.0
2022-05-24,2.7357770510863415,2.8328333456568386,2.7115126881931433,2.8025031089782715,4746100,0.0,0.0
2022-05-25,2.8025027379586986,2.826766808389035,2.7843048297612136,2.7903707027435303,5769700,0.0,0.0
2022-05-26,2.778239214673375,2.8510314403000487,2.778239214673375,2.8328335285186768,4030100,0.0,0.0
2022-05-27,2.8631629160557126,2.935955416648644,2.844965007845382,2.8692290782928467,8569900,0.0,0.0
2022-05-30,2.881361167665954,2.9056252385694137,2.857097096762495,2.88742733001709,3221400,0.0,0.0
2022-05-31,2.8995594951756867,2.9784175845142418,2.8995594951756867,2.929889440536499,6305700,0.0,0.0
2022-06-01,2.9298900466854523,2.9844843645804104,2.917758008181085,2.9420220851898193,4247400,0.0,0.0
2022-06-02,3.002681917778054,3.2392570741306996,3.002681917778054,3.2149930000305176,14614500,0.0,0.0
2022-06-03,3.214992875645685,3.2271249122263996,3.117936293749398,3.124002456665039,6212000,0.0,0.0
2022-06-06,3.172530781644777,3.1846628189086914,3.1118705953252044,3.1846628189086914,5984500,0.0,0.0
2022-06-07,3.154332270465366,3.184662505263334,3.105804126189061,3.111870288848877,6373800,0.0,0.0
2022-06-08,3.0572756389868245,3.1725301133405592,3.020879534862044,3.0451436042785645,12623700,0.0,0.0
2022-06-09,3.026945407590912,3.136134009215778,2.9966154654455233,3.0451436042785645,8675800,0.0,0.0
2022-06-10,3.008747858760567,3.190728690324935,2.9420215152868914,3.166464328765869,10563800,0.0,0.0
2022-06-13,3.06940857531342,3.12400289216257,2.9905501819203386,3.075474739074707,11004200,0.0,0.0
2022-06-14,3.0876060874957663,3.099738123057122,2.887427356108123,2.911691427230835,8980700,0.0,0.0
2022-06-15,2.9420212896352425,2.9420212896352425,2.8207009373979166,2.8692290782928467,11305900,0.0,0.0
2022-06-17,2.790371618782121,2.814635697178003,2.7115132193701887,2.7418434619903564,10302300,0.0,0.0
2022-06-20,2.650852337948209,2.6933146087868263,2.620522392421101,2.6326544284820557,8062800,0.0,0.0
2022-06-21,2.6811827920059135,2.7054468661122546,2.602324406535015,2.6083905696868896,6499600,0.0,0.0
2022-06-22,2.541664147348248,2.596258457125003,2.5113339109721466,2.5659282207489014,7512900,0.0,0.0
2022-06-23,2.6083904190835066,2.638720365339951,2.4810038927549756,2.493135929107666,10209200,0.0,0.0
2022-06-24,2.5234659792655463,2.5416641791691577,2.4688719580558613,2.51133394241333,8465400,0.0,0.0
2022-06-27,2.5841264204246763,2.6144563675502073,2.5598620577734525,2.5659282207489014,5054400,0.0,0.0
2022-06-28,2.608390469387072,2.620522505973732,2.523465924029882,2.5416641235351562,6903100,0.0,0.0
2022-06-29,2.5537960821965595,2.559861955679515,2.4870697383806983,2.499201774597168,7000300,0.0,0.0
2022-06-30,2.4688719370311434,2.4749378107803075,2.3414852619171143,2.3414852619171143,16174500,0.0,0.0
2022-07-01,2.329353375511776,2.3414854130437153,2.2262310564902923,2.311155319213867,9434300,0.0,0.0
2022-07-04,2.2626267538571483,2.3050888774264426,2.2080325949823414,2.2504947185516357,9487000,0.0,0.0
2022-07-05,2.2262308351946642,2.238362871520634,2.13524041812461,2.2019667625427246,11904100,0.0,0.0
2022-07-06,2.1898341738875566,2.2444284718153207,2.1655701057531083,2.2080323696136475,9962600,0.0,0.0
2022-07-07,2.286890824468174,2.3111548950791994,2.2504947185516357,2.2504947185516357,5855000,0.0,0.0
2022-07-08,2.2565610833303005,2.292957194845638,2.2201649718149628,2.238363027572632,6943700,0.0,0.0
2022-07-11,2.1716366661173345,2.201966903499095,2.1291745362582764,2.1352405548095703,5531600,0.0,0.0
2022-07-12,2.1291747093200684,2.159504804541804,2.0927785950539857,2.1291747093200684,6257100,0.0,0.0
2022-07-13,2.1109762850958385,2.1534384110222575,2.0927782311273733,2.117042303085327,8191600,0.0,0.0
2022-07-14,2.0806462400598824,2.0867122581803077,2.0199859142303467,2.0199859142303467,8387800,0.0,0.0
2022-07-15,2.0078539431862445,2.0563822343506843,1.9896558882340614,2.0260519981384277,6239700,0.0,0.0
2022-07-18,2.0806462400598824,2.1170423487824355,2.0139198961099214,2.0199859142303467,9220000,0.0,0.0
2022-07-19,2.0260520315815587,2.0927783787996037,2.0199860131640355,2.08671236038208,5055200,0.0,0.0
2022-07-20,2.086712213137885,2.117042303085327,2.0624481411799316,2.117042303085327,5226300,0.0,0.0
2022-07-21,2.10491026710635,2.1352403570537923,2.086712213137885,2.117042303085327,5380100,0.0,0.0
2022-07-22,2.1473730165158296,2.232297437651485,2.0442505361279593,2.062448740005493,15583800,0.0,0.0
2022-07-25,2.1291744107827744,2.1352404289765885,2.044250011444092,2.044250011444092,10578400,0.0,0.0
2022-07-26,2.0745802518536043,2.0806462700614983,1.9835898341099163,1.98965585231781,10646400,0.0,0.0
2022-07-27,2.001787957911465,2.08671236038208,1.9957219394939416,2.08671236038208,7940200,0.0,0.0
2022-07-28,2.129174429466025,2.165570538948282,2.092778319983767,2.1473724842071533,8491700,0.0,0.0
2022-07-29,2.1473724597047164,2.1534384778825437,2.086712277926446,2.123108386993408,8184300,0.0,0.0
2022-08-01,2.1231084945661802,2.1352405315365353,2.086712383655115,2.110976457595825,6983300,0.0,0.0
2022-08-02,2.1231087110157914,2.1655708447410222,2.0806465772905605,2.1534388065338135,8329600,0.0,0.0
2022-08-03,2.159504804541804,2.171636842630498,2.10491063314268,2.1291747093200684,6072600,0.0,0.0
2022-08-04,2.135240607815374,2.2504951077763606,2.117042551709738,2.2201650142669678,13517500,0.0,0.0
2022-08-05,2.244429111480713,2.2686931865304563,2.208032998906097,2.244429111480713,5664300,0.0,0.0
2022-08-08,2.280825224055328,2.2929572615802,2.232297073955841,2.244429111480713,9045900,0.0,0.0
2022-08-09,2.2322964577313997,2.2747585773468018,2.208032389379741,2.2747585773468018,7163500,0.0,0.0
2022-08-10,2.2929568694391596,2.359683209039724,2.2929568694391596,2.3536171913146973,6236500,0.0,0.0
2022-08-11,2.3657492267647506,2.4142773685649646,2.3475510289644,2.3536171913146973,9068800,0.0,0.0
2022-08-12,2.3536173475780036,2.414277528855672,2.3536173475780036,2.3900134563446045,8182300,0.0,0.0
2022-08-15,2.34148555007174,2.365749771180901,2.3293535118298117,2.3596837520599365,6177700,0.0,0.0
2022-08-16,2.3414856742889616,2.3657498966853536,2.317221596517881,2.3354196548461914,12697500,0.0,0.0
2022-08-17,2.3354191958854966,2.462805723774757,2.2808250316295067,2.4385416507720947,17663500,0.0,0.0
2022-08-18,2.44460769666567,2.4567397325864437,2.365749318555362,2.3839473724365234,11064200,0.0,0.0
2022-08-19,2.3657493371292864,2.371815355137299,2.2565608683597853,2.262626886367798,8159800,0.0,0.0
2022-08-22,2.2504952838360612,2.2504952838360612,2.177702909093565,2.214099168777466,7518500,0.0,0.0
2022-08-23,2.2322968790586923,2.377881461271765,2.220164842593043,2.3718154430389404,8039000,0.0,0.0
2022-08-24,2.3778813544761364,2.4142774622384584,2.335419084128151,2.3839473724365234,8432700,0.0,0.0
2022-08-25,2.396079582148112,2.4142776373492016,2.353617453345568,2.3778815269470215,6266000,0.0,0.0
2022-08-26,2.390013663684932,2.4446079761963215,2.3293533325195312,2.3293533325195312,6740000,0.0,0.0
2022-08-29,2.305088930772266,2.335419019737966,2.286890877392846,2.299022912979126,5030900,0.0,0.0
2022-08-30,2.2868910989732156,2.3111551724967585,2.1898346602537577,2.1959006786346436,8338600,0.0,0.0
2022-08-31,2.214098878402587,2.2262309151643582,2.1716366051111007,2.1959006786346436,8855000,0.0,0.0
2022-09-01,2.159504438751097,2.1837685108184814,2.110976294616328,2.1837685108184814,11720000,0.0,0.0
2022-09-02,2.195900763718864,2.232297020039705,2.141306596175541,2.1595046520233154,14130000,0.0,0.0
2022-09-05,2.2019663525800355,2.2686925399497695,2.1898341738875566,2.2080323696136475,4539700,0.0,0.0
2022-09-06,2.2080331230915564,2.2080331230915564,2.1534388065338135,2.1534388065338135,4969900,0.0,0.0
2022-09-08,2.171636863844627,2.177702882948231,2.098844634601374,2.1534388065338135,11018400,0.0,0.0
2022-09-09,2.183768571071578,2.2747589884600945,2.183768571071578,2.268692970275879,11106600,0.0,0.0
2022-09-12,2.2990230197311576,2.3172210739555794,2.2747589474319283,2.286890983581543,5269800,0.0,0.0
2022-09-13,2.2626272114523607,2.2808252680910166,2.220165079295497,2.226231098175049,7739500,0.0,0.0
2022-09-14,2.2262307815616817,2.2262307815616817,2.1655704567679432,2.1837685108184814,8573400,0.0,0.0
2022-09-15,2.171636557195325,2.195900630183497,2.129174429466025,2.1473724842071533,5100900,0.0,0.0
2022-09-16,2.123108386993408,2.1413064415268894,2.104910332459927,2.123108386993408,9448400,0.0,0.0
2022-09-19,2.117042521711842,2.1595046520233154,2.0927784472481425,2.1595046520233154,11326400,0.0,0.0
2022-09-20,2.1473724842071533,2.159504520701239,2.092778319983767,2.1473724842071533,10687900,0.0,0.0
2022-09-21,2.135240507722268,2.135240507722268,2.080646341964557,2.08671236038208,15507000,0.0,0.0
2022-09-22,2.1231084988521705,2.1777026653289795,2.1109764618573243,2.1777026653289795,10715500,0.0,0.0
2022-09-23,2.1473724346357494,2.1595044708497713,2.0685141992446088,2.098844289779663,11125300,0.0,0.0
2022-09-26,2.0806464415345873,2.1049105163658464,2.03818416595459,2.03818416595459,8884400,0.0,0.0
2022-09-27,2.068514095062146,2.0988441840695997,2.019985808024948,2.0321178436279297,9712600,0.0,0.0
2022-09-28,2.0503161915086565,2.0503161915086565,1.9835898461901733,2.0017879009246826,13200000,0.0,0.0
2022-09-29,1.977524085932474,1.9896561240048884,1.9289959336428164,1.9593260288238525,7571400,0.0,0.0
2022-09-30,1.9593256046308454,2.026051799582937,1.9289955160162582,2.0078537464141846,16498500,0.0,0.0
2022-10-03,2.0442500060563753,2.1291744051712356,2.026051951522894,2.123108386993408,9103100,0.0,0.0
2022-10-04,2.1534386227448863,2.2626271019161903,2.1534386227448863,2.238363027572632,13169900,0.0,0.0
2022-10-05,2.2444290461585212,2.2626271019161903,2.2140989532290734,2.238363027572632,7458100,0.0,0.0
2022-10-06,2.2444287008988795,2.2504947185516357,2.183768379746047,2.2504947185516357,10335500,0.0,0.0
2022-10-07,2.22623064794061,2.286890824468174,2.2140986126350977,2.2504947185516357,7286400,0.0,0.0
2022-10-10,2.256561017298086,2.280825090931621,2.220164906847783,2.232296943664551,4584800,0.0,0.0
2022-10-11,2.2140987455279895,2.2262307815616817,2.1655704567679432,2.1837685108184814,5152000,0.0,0.0
2022-10-13,2.1473730165158296,2.1473730165158296,2.0381845163772208,2.062448740005493,18071200,0.0,0.0
2022-10-14,2.0685144702824516,2.0806465080861365,1.9714580232276742,1.9775240421295166,12366500,0.0,0.0
2022-10-17,2.0017879427336083,2.0017879427336083,1.9653918325044286,1.9835898876190186,8005200,0.0,0.0
2022-10-18,2.0199861098311453,2.068514404118958,2.013920091123331,2.03818416595459,6196900,0.0,0.0
2022-10-19,2.032118046671432,2.0503162465194893,1.9775238810031206,1.9957219362258911,7459900,0.0,0.0
2022-10-20,2.001788053707701,2.0806464415345873,1.9896560162920716,2.03818416595459,8777400,0.0,0.0
2022-10-21,2.019985744110134,2.1231081880978286,2.0017876912814705,2.104910135269165,6210900,0.0,0.0
2022-10-24,2.0806467992577082,2.092778838759185,2.0442505361279593,2.062448740005493,5146800,0.0,0.0
2022-10-25,2.050316567935885,2.068514626011461,2.013920307159424,2.013920307159424,5946700,0.0,0.0
2022-10-26,2.0199861744424137,2.026052193344256,1.9593259854239893,1.9775240421295166,11801900,0.0,0.0
2022-10-27,1.9896558236282191,2.044249986712049,1.9411276786648146,2.0199859142303467,10957100,0.0,0.0
2022-10-28,1.983590061031359,1.995722098835044,1.9471939476203044,1.9775240421295166,10587800,0.0,0.0
2022-10-31,1.9350617002314823,2.0199859556591915,1.9168636454969732,2.0017879009246826,10038400,0.0,0.0
2022-11-01,2.019986241629213,2.171636863844627,2.0139202225256088,2.1534388065338135,18555600,0.0,0.0
2022-11-03,2.153438785497457,2.153438785497457,2.056382480787903,2.1291747093200684,9269000,0.0,0.0
2022-11-04,2.1959007528461134,2.2686931205020797,2.1959007528461134,2.238363027572632,12681200,0.0,0.0
2022-11-07,2.232297051670725,2.274759182583875,2.201966958161332,2.2201650142669678,7614900,0.0,0.0
2022-11-08,2.3657494317641077,2.4567398501493747,2.341485214136162,2.4385416507720947,29678200,0.0,0.0
2022-11-09,2.462806119515998,2.5113342733191724,2.4021459272620302,2.4082119464874268,18450000,0.0,0.0
2022-11-10,2.408211710851584,2.4810040790591503,2.34755137990773,2.474937915802002,23144200,0.0,0.0
2022-11-11,2.608200382256369,2.6150102985666512,2.485621888671284,2.574150800704956,25289000,0.445689,0.0
2022-11-14,2.5945805496358036,2.6354400474974984,2.5196714702226966,2.574150800704956,11623100,0.0,0.0
2022-11-16,2.5741510636566107,2.669490064100735,2.546911395632926,2.6286303997039795,11441200,0.0,0.0
2022-11-17,2.5537212226079404,2.5741509729054575,2.499241888481229,2.5605311393737793,10665500,0.0,0.0
2022-11-18,2.6218201866311146,2.6218201866311146,2.4720020294189453,2.4720020294189453,8321300,0.0,0.0
2022-11-21,2.4788118709085425,2.492431702971677,2.397092716168531,2.4243323802948,6842700,0.0,0.0
2022-11-22,2.4243324140433113,2.512861486047281,2.417522497916945,2.4311423301696777,8326200,0.0,0.0
2022-11-23,2.417522767803308,2.46519218600957,2.349423598937219,2.4379525184631348,11672400,0.0,0.0
2022-11-24,2.465191984273954,2.526481393599124,2.4447622352859675,2.4788119792938232,3625800,0.0,0.0
2022-11-25,2.5060521608499164,2.567341420439267,2.4379528211671695,2.4515726566314697,6504300,0.0,0.0
2022-11-28,2.437952418662006,2.437952418662006,2.390283002407161,2.417522668838501,3009800,0.0,0.0
2022-11-29,2.4379524379613944,2.6286302668514434,2.4379524379613944,2.6013906002044678,12048600,0.0,0.0
2022-11-30,2.6286304324880034,2.689919848666918,2.594580847033735,2.6354403495788574,11176200,0.0,0.0
2022-12-01,2.628630233202442,2.628630233202442,2.5741509006058787,2.59458065032959,4497000,0.0,0.0
2022-12-02,2.628630233202442,2.642250228712801,2.5469112343075975,2.59458065032959,6128200,0.0,0.0
2022-12-05,2.6150103664024646,2.7035394430938755,2.574150867480836,2.587770700454712,9366600,0.0,0.0
2022-12-06,2.6013905669041604,2.6218203166278715,2.540101317733027,2.59458065032959,8302100,0.0,0.0
2022-12-07,2.5605311393737793,2.587770806437135,2.5401013890762627,2.5605311393737793,4323600,0.0,0.0
2022-12-08,2.580960930402881,2.621820431642741,2.5060518447964704,2.519671678543091,8929800,0.0,0.0
2022-12-09,2.5537212100790954,2.7784486246104647,2.5537212100790954,2.771638870239258,24405200,0.0,0.0
2022-12-12,2.7239693316711087,2.7375891653405664,2.587770832615308,2.6150104999542236,11857900,0.0,0.0
2022-12-13,2.6286301993763406,2.6899196101199996,2.5401012850461457,2.587770700454712,10883300,0.0,0.0
2022-12-14,2.5877708353891338,2.683109833538755,2.546911334336964,2.6490602493286133,13978400,0.0,0.0
2022-12-15,2.683109898112577,2.7512090681717885,2.6218204826980585,2.6286303997039795,10268500,0.0,0.0
2022-12-16,2.628630333623681,2.6899197474974645,2.5945807494500372,2.6150104999542236,8843500,0.0,0.0
2022-12-19,2.5809609157805795,2.642250329654363,2.533291497937478,2.6150104999542236,8039400,0.0,0.0
2022-12-20,2.615010726980219,2.7443994827955893,2.615010726980219,2.696729898452759,7973700,0.0,0.0
2022-12-21,2.7512089268454623,2.758019005862786,2.6694899269722163,2.683109760284424,6502300,0.0,0.0
2022-12-22,2.683109721765078,2.7375890542317904,2.6422502224150435,2.7239692211151123,7429200,0.0,0.0
2022-12-23,2.723968922524378,2.7648284173955555,2.696729259276926,2.744398832321167,9097300,0.0,0.0
2022-12-26,2.744398832321167,2.7784482490192817,2.730779000697441,2.744398832321167,2944300,0.0,0.0
2022-12-27,2.7784485816955566,2.8056882482045373,2.7375890819320854,2.7784485816955566,6818500,0.0,0.0
2022-12-28,2.785258361112019,2.8329276100143894,2.7784482828560213,2.7988781929016113,5580200,0.0,0.0
2022-12-29,2.837158629918326,2.8508316702026386,2.7756297856434218,2.7893028259277344,5939200,0.015993,0.0
2023-01-02,2.802975569839142,2.802975569839142,2.7141008173882906,2.7619564533233643,4162100,0.0,0.0
2023-01-03,2.755119905151283,2.7961390188122506,2.7072641095513523,2.727773666381836,8068500,0.0,0.0
2023-01-04,2.7482833288699746,2.755120011071774,2.6730816176004075,2.7209372520446777,7613500,0.0,0.0
2023-01-05,2.7346103463533025,2.7893025011218153,2.666245152892661,2.7687931060791016,11753600,0.0,0.0
2023-01-06,2.802975609232491,2.973888760112411,2.802975609232491,2.939706325531006,19131500,0.0,0.0
2023-01-09,2.885014023999617,2.9670525893101773,2.8645046271652155,2.912360429763794,9457400,0.0,0.0
2023-01-10,2.9260333791962956,3.124292614418531,2.9260333791962956,3.103782892227173,12877300,0.0,0.0
2023-01-11,3.144801739862551,3.158474778149264,3.0901095867156982,3.0901095867156982,11297100,0.0,0.0
2023-01-12,3.1106192776284223,3.144801710025417,3.0901095573974704,3.0969462394714355,7379300,0.0,0.0
2023-01-13,3.1037822379935665,3.1448013477390564,3.0695994835435383,3.1311283111572266,6488400,0.0,0.0
2023-01-16,3.0695999923061876,3.0695999923061876,3.008071480485527,3.0149078369140625,4760000,0.0,0.0
2023-01-17,3.055927091107988,3.1174559316910866,3.0354176949076046,3.103782892227173,5806100,0.0,0.0
2023-01-18,3.2063304168665097,3.3088783619500135,3.2063304168665097,3.2405128479003906,12981000,0.0,0.0
2023-01-19,3.2405132392062344,3.2610229610959443,3.172148042892152,3.220003843307495,8825100,0.0,0.0
2023-01-20,3.226839751885636,3.3225513394264388,3.226839751885636,3.2336764335632324,8345300,0.0,0.0
2023-01-23,3.2610225365999863,3.3704068364636735,3.2610225365999863,3.356733798980713,7061600,0.0,0.0
2023-01-24,3.377243577832948,3.4456087664548836,3.3498975023841737,3.4250993728637695,6837800,0.0,0.0
2023-01-25,3.4250993977500834,3.5413200562563505,3.4250993977500834,3.527647018432617,7117400,0.0,0.0
2023-01-26,3.5481565884181654,3.596012381777007,3.5344835511714856,3.5686659812927246,5739100,0.0,0.0
2023-01-27,3.568666344308476,3.5960127475745187,3.4592820352081257,3.513974189758301,7454700,0.0,0.0
2023-01-30,3.5549930940800842,3.623358609189688,3.50030094278515,3.527647018432617,6153700,0.0,0.0
2023-01-31,3.5344838705918264,3.691723976134299,3.5344838705918264,3.650704860687256,11767200,0.0,0.0
2023-02-01,3.6438681784506066,3.684887293897649,3.582339342284567,3.650704860687256,7430400,0.0,0.0
2023-02-02,3.589176046546997,3.623358805958112,3.377243785774565,3.3909168243408203,12985300,0.0,0.0
2023-02-03,3.3635705395786215,3.4866278790787173,3.3635705395786215,3.384079933166504,8418600,0.0,0.0
2023-02-06,3.3840798739466345,3.4182626306495005,3.329387724014791,3.356733798980713,10292100,0.0,0.0
2023-02-07,3.343060790867444,3.3840799036766906,3.31571471566128,3.3704068660736084,5573500,0.0,0.0
2023-02-08,3.377243104561359,3.4182622119862884,3.3362239971364303,3.4045891761779785,5043500,0.0,0.0
2023-02-09,3.4456086750972075,3.4866277871827784,3.3362243762023516,3.3430607318878174,7848100,0.0,0.0
2023-02-10,3.336224822290627,3.397753335650529,3.308878743910455,3.349897861480713,5061100,0.0,0.0
2023-02-13,3.336224286085908,3.343060641586714,3.213166627162243,3.302041530609131,5089200,0.0,0.0
2023-02-14,3.315714960620492,3.356734076460159,3.2610228061676025,3.2610228061676025,6176000,0.0,0.0
2023-02-15,3.288369182543205,3.4456093038951705,3.2678597857530702,3.431936264038086,14520300,0.0,0.0
2023-02-16,3.438772779211755,3.5003012925716566,3.3498978614807124,3.349897861480713,7190200,0.0,0.0
2023-02-17,3.356733798980713,3.377243518200618,3.3088783307858134,3.356733798980713,5210400,0.0,0.0
2023-02-22,3.329387724014791,3.377243518200618,3.3088783307858134,3.356733798980713,4252000,0.0,0.0
2023-02-23,3.3567337692496744,3.4045895630116365,3.261022507716676,3.3430607318878174,8713800,0.0,0.0
2023-02-24,3.3020419937329986,3.3635708318244832,3.1516385657205452,3.158474922180176,9630300,0.0,0.0
2023-02-27,3.1311285791417003,3.1858207301499673,3.0969461477570004,3.165311336517334,5881700,0.0,0.0
2023-02-28,3.1584749780616987,3.206330778089652,3.151638621481115,3.185821056365967,8043700,0.0,0.0
2023-03-01,3.247349738193468,3.363570728350523,3.247349738193468,3.26785945892334,12292300,0.0,0.0
2023-03-02,3.281532902426127,3.3362250631347306,3.261023179164905,3.329388380050659,8244100,0.0,0.0
2023-03-03,3.3362247547434607,3.4387727095883425,3.329388072291353,3.411426305770874,5243600,0.0,0.0
2023-03-06,3.384080227944367,3.431936027136235,3.3362247547434607,3.411426305770874,7202700,0.0,0.0
2023-03-07,3.425099342476868,3.4319356982829436,3.3362244350613683,3.3704068660736084,6358900,0.0,0.0
2023-03-08,3.39091722424417,3.4866285054955397,3.3498981037078686,3.4729554653167725,8147200,0.0,0.0
2023-03-09,3.5481565224655447,3.55499287796635,3.302041530609131,3.302041530609131,20504000,0.0,0.0
2023-03-10,3.3020416506138934,3.3840798755505412,3.206330388187804,3.247349500656128,8098700,0.0,0.0
2023-03-13,3.2268397513165707,3.3635704509260655,3.1994936765928568,3.3430607318878174,8110400,0.0,0.0
2023-03-14,3.33622500565508,3.3840804824551123,3.288369202864061,3.322551965713501,6052400,0.0,0.0
2023-03-15,3.254186818191641,3.302042295759112,3.137965813828941,3.2063310146331787,12072900,0.0,0.0
2023-03-16,3.2268399615455974,3.2473496819200562,3.1584747702823117,3.199493885040283,11542600,0.0,0.0
2023-03-17,3.199494038910845,3.254186520542699,3.144801883269953,3.158474922180176,7401700,0.0,0.0
2023-03-20,3.124292773668093,3.213167371718107,3.1174560905921735,3.2063310146331787,5709000,0.0,0.0
2023-03-21,3.1858205779966133,3.2200033337396943,3.062763244105175,3.0764362812042236,6921700,0.0,0.0
2023-03-22,3.0559268280034417,3.144801739862551,3.0490904718555587,3.0901095867156982,8119000,0.0,0.0
2023-03-23,3.0832729325545074,3.165311154345394,3.0149074217378535,3.062763214111328,5803900,0.0,0.0
2023-03-24,3.076436813299346,3.1174559316910866,3.0490907343715183,3.103782892227173,8238100,0.0,0.0
2023-03-27,3.1516386673842973,3.158475024064451,3.0490907092542106,3.0696001052856445,5618200,0.0,0.0
2023-03-28,3.0832725210281953,3.172147086444054,3.062762805322461,3.1106185913085938,6613700,0.0,0.0
2023-03-29,3.144802035960259,3.185821154682539,3.1106196000205144,3.137965679168701,5268800,0.0,0.0
2023-03-30,3.1994939404844005,3.2815324974129374,3.165311507255882,3.26785945892334,5906500,0.0,0.0
2023-03-31,3.2815323460654797,3.3635705732193824,3.2610226262815356,3.3088784217834473,8021600,0.0,0.0
2023-04-03,3.3088790651595943,3.3088790651595943,3.1448022529578705,3.2268404960632324,8021100,0.0,0.0
2023-04-04,3.2131670188136146,3.2131670188136146,3.1037827095405928,3.1516385078430176,8194100,0.0,0.0
2023-04-05,3.1584747481824036,3.1653114302563687,3.0627634810834974,3.0969462394714355,5411800,0.0,0.0
2023-04-06,3.0695999230181172,3.1311287594408883,3.0627635667438944,3.1174557209014893,3047700,0.0,0.0
2023-04-10,3.117456067454189,3.192657950776193,3.1106197104200013,3.1721482276916504,4340600,0.0,0.0
2023-04-11,3.24734979456926,3.3498977480170073,3.24734979456926,3.295205593109131,7313900,0.0,0.0
2023-04-12,3.308878331401814,3.411425949547648,3.2746955746925845,3.3772435188293457,7840100,0.0,0.0
2023-04-13,3.3567344604049607,3.363571143489032,3.302042299696357,3.329388380050659,7478900,0.0,0.0
2023-04-14,3.302042381905314,3.302042381905314,3.1858213745105517,3.2268404960632324,8155300,0.0,0.0
2023-04-17,3.233676192810904,3.2610222655034824,3.1994934389497316,3.2131664752960205,5318500,0.0,0.0
2023-04-18,3.2746960003587606,3.281532682985654,3.192657764781862,3.220003843307495,6863000,0.0,0.0
2023-04-19,3.178984585161273,3.199493980154487,3.124292430524762,3.1516385078430176,3892200,0.0,0.0
2023-04-20,3.1379655823289814,3.192657738937518,3.117455860605296,3.185821056365967,6165600,0.0,0.0
2023-04-24,3.090109713573715,3.0969463959932106,2.994398441637496,3.0149078369140625,11811500,0.0,0.0
2023-04-25,2.994398238830104,2.994398238830104,2.9055233293418232,2.919196367263794,6898300,0.0,0.0
2023-04-26,2.9191965649778435,3.0354175581815896,2.9191965649778435,3.0149078369140625,7979600,0.0,0.0
2023-04-27,3.001234355117816,3.069599539268045,3.001234355117816,3.0490901470184326,4606800,0.0,0.0
2023-04-28,3.049090867157363,3.199494307810381,3.0422541841321857,3.1721482276916504,10061900,0.0,0.0
2023-05-02,3.168782949447632,3.224867550170328,3.112698348724936,3.168782949447632,10213800,0.1152,0.0
2023-05-03,3.1617720884892617,3.1828036436016127,3.1126979027428736,3.1337294578552246,6873300,0.0,0.0
2023-05-04,3.231878270803045,3.2879628711508535,2.986507977136089,3.04960298538208,19265700,0.0,0.0
2023-05-05,3.0846560215575454,3.2178571142617094,3.070634871498717,3.203835964202881,33812000,0.0,0.0
2023-05-08,3.2879626676550857,3.4001318614084233,3.2458992199975842,3.351058006286621,23043600,0.0,0.0
2023-05-09,3.3310960220727517,3.489360791220232,3.30095038598412,3.4290695190429688,11327100,0.333513,0.0
2023-05-10,3.436605983823997,3.474288211198551,3.376314707516193,3.413996934890747,6964600,0.0,0.0
2023-05-11,3.3612417400206396,3.3838507879555664,3.2708048295522554,3.2934138774871826,11074400,0.0,0.0
2023-05-12,3.2708053070073655,3.3310965894539617,3.255732486395716,3.3235599994659424,5801500,0.0,0.0
2023-05-15,3.361241760771132,3.4064602162844784,3.3310961237622343,3.3687779903411865,7176000,0.0,0.0
2023-05-16,3.353705406188965,3.391387634765438,3.3160235369768567,3.353705406188965,7684900,0.0,0.0
2023-05-17,3.391387782171435,3.557188804512822,3.383851192382818,3.5345797538757324,10284400,0.0,0.0
2023-05-18,3.5496525787845403,3.5948710394829213,3.5119703485203657,3.564725399017334,8218100,0.0,0.0
2023-05-19,3.5797985265732097,3.760672384894623,3.549652883519641,3.692844867706299,12159300,0.0,0.0
2023-05-22,3.6928443724769893,3.7531356504987583,3.587334635938894,3.602407455444336,8267800,0.0,0.0
2023-05-23,3.579798212115952,3.58733480189952,3.5044341111021766,3.5195069313049316,7858700,0.0,0.0
2023-05-24,3.4742881495109073,3.4742881495109073,3.376314647568116,3.4064602851867676,8419300,0.0,0.0
2023-05-25,3.429069753967698,3.4516788029009478,3.383850937372492,3.413996934890747,5088700,0.0,0.0
2023-05-26,3.5119702709166725,3.5119702709166725,3.4215333515182866,3.451678991317749,9003500,0.0,0.0
2023-05-29,3.4893610373549437,3.5044338564624753,3.4441425800323486,3.4441425800323486,4461200,0.0,0.0
2023-05-30,3.46675203885644,3.46675203885644,3.331096650851258,3.3461694717407227,6367300,0.0,0.0
2023-05-31,3.331096407971002,3.3612420475519222,3.2934141788126667,3.316023588180542,6406600,0.0,0.0
2023-06-01,3.3537051718367374,3.398923986714424,3.3160233052577857,3.3687779903411865,8694100,0.0,0.0
2023-06-02,3.496897521318609,3.564725391913197,3.481824701115854,3.5195069313049316,11128700,0.0,0.0
2023-06-05,3.5345797585517467,3.5797982192501276,3.4968975282875716,3.564725399017334,6181300,0.0,0.0
2023-06-06,3.564725876492664,3.632553756307596,3.549653054240949,3.5948715209960938,7798300,0.0,0.0
2023-06-07,3.6024066258937983,3.6174794419283214,3.466750922218811,3.474287509918213,14839500,0.0,0.0
2023-06-09,3.519506857813221,3.5270430880750427,3.4215333488589326,3.4366061687469482,12585300,0.0,0.0
2023-06-12,3.4139973488257143,3.4139973488257143,3.346169475073371,3.376315116882324,10513600,0.0,0.0
2023-06-13,3.4215335131238565,3.429070103111876,3.2934143582426443,3.3235599994659424,11759900,0.0,0.0
2023-06-14,3.3537054121614487,3.3838510513305664,3.323559772992331,3.3838510513305664,20282600,0.0,0.0
2023-06-15,3.3913876408050285,3.4139970498640495,3.3537054121614487,3.3838510513305664,10265400,0.0,0.0
2023-06-16,3.3913873977800293,3.421533034788927,3.3687779903411865,3.3687779903411865,11212800,0.0,0.0
2023-06-19,3.368778118295541,3.429069753967698,3.338632480141639,3.413996934890747,7482700,0.0,0.0
2023-06-20,3.406460454323154,3.4139970437841947,3.3386325866312485,3.353705406188965,8449600,0.0,0.0
2023-06-21,3.353705212920827,3.361241801947547,3.285877708502066,3.300950527191162,12196900,0.0,0.0
2023-06-22,3.2934139263845474,3.3235595636549147,3.2406592408435757,3.2557320594787598,7112400,0.0,0.0
2023-06-23,3.2406594242960174,3.293414112823411,3.218050015381161,3.278341293334961,7607500,0.0,0.0
2023-06-26,3.2858776479636527,3.3160232847864473,3.2708048295522554,3.2934138774871826,6359100,0.0,0.0
2023-06-27,3.323559751800311,3.3461691607151676,3.2708050632729173,3.278341293334961,7210600,0.0,0.0
2023-06-28,3.2858778669507207,3.331096325198493,3.195440591090814,3.202977180480957,11138200,0.0,0.0
2023-06-29,3.2105140686035156,3.225586889421938,3.180368067602276,3.2105140686035156,11965900,0.0,0.0
2023-06-30,3.22558651783921,3.2331227476980615,3.1502220630645756,3.150222063064575,12922400,0.0,0.0
2023-07-03,3.1577587191081413,3.210513766693848,3.1577587191081413,3.1879043579101562,5222600,0.0,0.0
2023-07-04,3.1803680043350298,3.1954408248536077,3.165295183816452,3.1728317737579346,4111800,0.0,0.0
2023-07-05,3.1577584743499756,3.187904110815399,3.142685656117264,3.1577584743499756,6127400,0.0,0.0
2023-07-06,3.1577583991743317,3.1652946284291086,3.1050033569335938,3.1050033569335938,7519300,0.0,0.0
2023-07-07,3.1125404916836232,3.2029774147950905,3.1050039017421405,3.1728317737579346,6141800,0.0,0.0
2023-07-10,3.1577583991743317,3.1652946284291086,3.0899305390597154,3.1050033569335938,7123500,0.0,0.0
2023-07-11,3.1125399455526956,3.1200761748074726,3.0748577211858366,3.1050033569335938,9019500,0.0,0.0
2023-07-12,3.142685581300453,3.180367446302987,3.1050033569335938,3.1050033569335938,6275800,0.0,0.0
2023-07-13,3.127613312202201,3.2029774147950905,3.1200767222607184,3.1728317737579346,6399900,0.0,0.0
2023-07-14,3.1879045942765125,3.2029774147950905,3.150222363297874,3.1728317737579346,5056800,0.0,0.0
2023-07-17,3.172831538509149,3.1879043579101562,3.1426858997071334,3.1879043579101562,5064500,0.0,0.0
2023-07-18,3.1652946950034555,3.18790410197197,3.127612829208374,3.127612829208374,8879300,0.0,0.0
2023-07-19,3.127612763426574,3.135148992681351,3.0748577211858366,3.1050033569335938,6131900,0.0,0.0
2023-07-20,3.1276134813988725,3.1426863027328555,3.0748584270477295,3.0748584270477295,5390800,0.0,0.0
2023-07-21,3.082394374635677,3.127612829208374,3.074857785858061,3.127612829208374,5431800,0.0,0.0
2023-07-24,3.1200763323977636,3.2708048781139434,3.0974672841271595,3.2557320594787598,10184400,0.0,0.0
2023-07-25,3.3009507711452613,3.4215333295695873,3.2934141815615554,3.3310964107513428,9682500,0.0,0.0
2023-07-26,3.3386324096541076,3.3687780471715536,3.293413953377938,3.3612418174743652,4973700,0.0,0.0
2023-07-27,3.3612422839910643,3.391387925692513,3.2708053588867188,3.2708053588867188,5498400,0.0,0.0
2023-07-28,3.2708050539180906,3.2858778733634306,3.202977186731878,3.2331228256225586,4886100,0.0,0.0
2023-07-31,3.255732258745992,3.353705406188965,3.2331228497272346,3.353705406188965,8154800,0.0,0.0
2023-08-01,3.353705457974507,3.353705457974507,3.2934141788126667,3.316023588180542,3768600,0.0,0.0
2023-08-02,3.3160233340194942,3.3160233340194942,3.225586422208392,3.2557320594787598,7021000,0.0,0.0
2023-08-03,3.25573223447275,3.2708050539180906,3.202977186731878,3.2331228256225586,7080400,0.0,0.0
2023-08-04,3.2105140047365732,3.233123055832246,3.1728317737579346,3.1728317737579346,7445400,0.0,0.0
2023-08-07,3.172831074622778,3.2180495262145996,3.1502216691447127,3.2180495262145996,4781100,0.0,0.0
2023-08-08,3.18036794428795,3.18036794428795,3.1351494835859657,3.165295124053955,5409600,0.0,0.0
2023-08-09,3.165295116941937,3.172831706724191,3.097467605723551,3.1200766563415527,6024100,0.0,0.0
2023-08-10,3.1276130643804096,3.1426858837046665,3.0974674257318955,3.1125402450561523,5284100,0.0,0.0
2023-08-11,3.112540425923679,3.142686066323935,3.0899310159412967,3.1200766563415527,3917800,0.0,0.0
2023-08-14,3.1050033569335938,3.127612763426574,3.0823943098049384,3.1050033569335938,6289700,0.0,0.0
2023-08-15,3.105004069715695,3.1276134813988725,3.0673221960629418,3.0748584270477295,4648100,0.0,0.0
2023-08-16,3.09746717060263,3.09746717060263,3.05224871635437,3.05224871635437,7245500,0.0,0.0
2023-08-17,3.09746717060263,3.1200762180445953,3.05224871635437,3.05224871635437,5299600,0.0,0.0
2023-08-18,3.05224866000112,3.082394295610052,3.029639253612259,3.0597848892211914,5508100,0.0,0.0
2023-08-21,3.05224866000112,3.0597848892211914,3.029639253612259,3.0597848892211914,6183500,0.0,0.0
2023-08-22,3.0899305953104705,3.135149049755287,3.0748577771621983,3.0974671840667725,6253900,0.0,0.0
2023-08-23,3.1276128378845516,3.1577584743499756,3.089930612620605,3.1577584743499756,7776500,0.0,0.0
2023-08-24,3.1577588816786393,3.1652951120849493,3.0899310111999516,3.089931011199951,7717500,0.0,0.0
2023-08-25,3.097467419207057,3.112540238499563,3.0597851912936123,3.082394599914551,3727700,0.0,0.0
2023-08-28,3.097467605723551,3.1200766563415527,3.074858195741169,3.1200766563415527,5944700,0.0,0.0
2023-08-29,3.127613080306126,3.218049996712171,3.127613080306126,3.1879043579101562,6442300,0.0,0.0
2023-08-30,3.2105137853191175,3.3009507022498172,3.2029771958927107,3.278341293334961,8035300,0.0,0.0
2023-08-31,3.3009507513182705,3.3084869814923397,3.2255866527557373,3.2255866527557373,6188300,0.0,0.0
2023-09-01,3.263268533709327,3.308486993004184,3.2331228941794223,3.2858779430389404,7140400,0.0,0.0
2023-09-04,3.2934143582426443,3.376315051288909,3.2934143582426443,3.3235599994659424,5775800,0.0,0.0
2023-09-05,3.323559748661012,3.3310963380802994,3.2557322407092353,3.26326847076416,8290700,0.0,0.0
2023-09-06,3.25573223447275,3.2783412839585795,3.2105137761367297,3.2331228256225586,6245300,0.0,0.0
2023-09-08,3.2029774147950905,3.2029774147950905,3.135149542779296,3.1728317737579346,7267800,0.0,0.0
2023-09-11,3.202977026029865,3.3160233458802586,3.1879042073407686,3.300950527191162,9374400,0.0,0.0
2023-09-12,3.300950754229742,3.308486984410458,3.240659475326538,3.240659475326538,6962800,0.0,0.0
2023-09-13,3.2331228256225586,3.2632684645132395,3.202977186731878,3.2331228256225586,5248900,0.0,0.0
2023-09-14,3.3160232971801555,3.353705163667317,3.2783410713286556,3.338632345199585,8870800,0.0,0.0
2023-09-15,3.346169182051352,3.4139970498640495,3.323559772992331,3.3838510513305664,10676400,0.0,0.0
2023-09-18,3.3763145792755807,3.398923986714424,3.3160233052577857,3.3687779903411865,6625300,0.0,0.0
2023-09-19,3.3537052284128306,3.3687780471715536,3.3160233611981957,3.3612418174743652,6752200,0.0,0.0
2023-09-20,3.353705069457061,3.48182420251591,3.353705069457061,3.4290695190429688,9541900,0.0,0.0
2023-09-21,3.4516794693223383,3.5044345259593483,3.4139975940368363,3.481825113296509,17582700,0.0,0.0
2023-09-22,3.504434053918733,3.549652513789148,3.4742884140051227,3.527043104171753,10446100,0.0,0.0
2023-09-25,3.4968979352835943,3.5044345259593483,3.4516794693223383,3.481825113296509,6203500,0.0,0.0
2023-09-26,3.451678988634964,3.4818246284109953,3.406460528970917,3.4366061687469482,8225900,0.0,0.0
2023-09-27,3.4592153457147736,3.5270428509689418,3.429069707965288,3.4667515754699707,8036000,0.0,0.0
2023-09-28,3.4742884140051227,3.527043104171753,3.4742884140051227,3.527043104171753,10169400,0.0,0.0
2023-09-29,3.5345797721170085,3.67023515473278,3.5195069518263673,3.6551623344421387,10681700,0.0,0.0
2023-10-02,3.655161844705915,3.7079168883369755,3.609943389892578,3.609943389892578,9268000,0.0,0.0
2023-10-03,3.572261333465576,3.609943560607524,3.5496522846718883,3.572261333465576,8507000,0.0,0.0
2023-10-04,3.557188982926054,3.6024078051969752,3.4742886472796277,3.5119705200195312,8219900,0.0,0.0
2023-10-05,3.496897521318609,3.549652571710442,3.4893612908994216,3.5195069313049316,7794500,0.0,0.0
2023-10-06,3.489361468248469,3.542116161957213,3.4516792361441673,3.5119705200195312,7512000,0.0,0.0
2023-10-09,3.4742886472796277,3.5345799311549917,3.4366064151753264,3.5119705200195312,7485200,0.0,0.0
2023-10-10,3.5270431687531594,3.602407629281509,3.519506938318953,3.564725399017334,8015200,0.0,0.0
2023-10-11,3.57226146309805,3.655162150200077,3.5647252330147916,3.6325531005859375,7194700,0.0,0.0
2023-10-13,3.6099438713089387,3.6928445625377275,3.5797982307465395,3.640089511871338,9904000,0.0,0.0
2023-10-16,3.6853075674039597,3.7606716605213975,3.677771337774387,3.7079169750213623,7588600,0.0,0.0
2023-10-17,3.707917156308729,3.745599025027617,3.662698698227447,3.7154533863067627,8144400,0.0,0.0
2023-10-18,3.6853084545063832,3.7079178675661706,3.5797986987443786,3.5948715209960938,11775400,0.0,0.0
2023-10-19,3.602407455444336,3.655162144031202,3.5647252269985485,3.602407455444336,10799300,0.0,0.0
2023-10-20,3.5647250964362236,3.594870734342988,3.519506639576077,3.5421156883239746,8984800,0.0,0.0
2023-10-23,3.534579358027961,3.6250162691767898,3.519506539503156,3.6174800395965576,8607800,0.0,0.0
2023-10-24,3.662698698227447,3.745599025027617,3.6400892895046257,3.7154533863067627,12680100,0.0,0.0
2023-10-25,3.738062351757838,3.753135169330881,3.64762544631958,3.64762544631958,10759900,0.0,0.0
2023-10-26,3.6476258788670197,3.7229899756691562,3.609943650783771,3.7154533863067627,6949200,0.0,0.0
2023-10-27,3.7305262088775635,3.7682084369932403,3.692844340126247,3.7305262088775635,11995900,0.0,0.0
2023-10-30,3.7682083366368646,3.8661818396368672,3.7682083366368646,3.8209633827209473,13835200,0.0,0.0
2023-10-31,3.8209633446050635,3.941545895177984,3.8134267555120824,3.9038636684417725,9369600,0.0,0.0
2023-11-01,3.941545980403728,4.016910076141357,3.918936572000262,4.016910076141357,15009300,0.0,0.0
2023-11-03,4.054592465017744,4.273148531035023,4.054592465017744,4.243002891540527,14276800,0.0,0.0
2023-11-06,4.2354663103511685,4.363585458138038,4.2279300801448425,4.28822135925293,13889700,0.0,0.0
2023-11-07,4.243002910825835,4.386194878757711,4.212857271194321,4.348512649536133,11213600,0.0,0.0
2023-11-08,4.3485124913262565,4.446485996246338,4.3485124913262565,4.446485996246338,9993300,0.0,0.0
2023-11-09,4.454022404832824,4.499240864448485,4.348512665729617,4.4389495849609375,9429200,0.0,0.0
2023-11-10,4.4464858414472905,4.544459342956543,4.378657977423294,4.544459342956543,9230200,0.0,0.0
2023-11-13,4.536922956901233,4.657505512237549,4.431413220981956,4.657505512237549,9523400,0.0,0.0
2023-11-14,4.717797145576381,4.989107894870676,4.717797145576381,4.9363532066345215,17001800,0.0,0.0
2023-11-16,4.936353547355933,5.275492187064312,4.928816957450935,5.245346546173096,17281700,0.0,0.0
2023-11-17,5.245346535392236,5.275492176221494,5.0041810493937895,5.169982433319092,17955500,0.0,0.0
2023-11-20,5.215200458362979,5.373465239161489,5.215200458362979,5.365928649902344,10128800,0.0,0.0
2023-11-21,5.318168197933602,5.54463935615497,5.2713121347545835,5.5055928230285645,14912300,0.248842,0.0
2023-11-22,5.505593191463901,5.544639727203307,5.372834150716311,5.497783660888672,11202600,0.0,0.0
2023-11-23,5.46654595501662,5.46654595501662,5.083887916907325,5.130743980407715,16087700,0.0,0.0
2023-11-24,5.122935180749327,5.169791250930635,5.068269579348328,5.0995073318481445,13370300,0.0,0.0
2023-11-27,5.091696852717605,5.4431174998436225,5.021412574340851,5.419689655303955,15230200,0.0,0.0
2023-11-28,5.310358805047116,5.5446391105651855,5.271311901271335,5.5446391105651855,8994800,0.0,0.0
2023-11-29,5.529020811173074,5.614923782075168,5.450927370525213,5.466546058654785,10201900,0.0,0.0
2023-11-30,5.536830764313954,5.614924210926358,5.4274995666776595,5.591495990753174,9904900,0.0,0.0
2023-12-01,5.591495171668799,5.716445040323975,5.529020423530647,5.5446391105651855,8451800,0.0,0.0
2023-12-04,5.505592879634476,5.583686319069094,5.3650243162732725,5.396261692047119,12737000,0.0,0.0
2023-12-05,5.396261687654886,5.45092728140407,5.271312184661199,5.388452529907227,9313300,0.0,0.0
2023-12-06,5.450926571282641,5.5446386863195265,5.349404927136593,5.365023612976074,9050900,0.0,0.0
2023-12-07,5.4431174998436225,5.521211307986182,5.404070968151218,5.419689655303955,6730000,0.0,0.0
2023-12-08,5.482164586757145,5.583686242825343,5.427498993709912,5.575876712799072,6119100,0.0,0.0
2023-12-11,5.372833573283823,5.529020444213462,5.333786669361976,5.48216438293457,7140300,0.0,0.0
2023-12-12,5.505593522677296,5.54464006076572,5.474356143254983,5.536830902099609,3434100,0.0,0.0
2023-12-13,5.513402479677315,5.700827121734619,5.4899746321569785,5.700827121734619,11450400,0.0,0.0
2023-12-14,5.708636343111046,5.755492411047707,5.5446399191432665,5.583686828613281,8174500,0.0,0.0
2023-12-15,5.575877301430692,5.669589809744505,5.513402544140768,5.591495990753174,6326400,0.0,0.0
2023-12-18,5.591494670212419,5.661778941754042,5.568066827951103,5.59930419921875,4611800,0.0,0.0
2023-12-19,5.607114232434832,5.7867293314933566,5.599305074586495,5.7789201736450195,5701200,0.0,0.0
2023-12-20,5.794538916613138,5.833585450982512,5.622732973775407,5.661779880523682,6489300,0.0,0.0
2023-12-21,5.724254690861318,5.8101576631422285,5.677398625720522,5.794538974761963,4446300,0.0,0.0
2023-12-22,5.786729444382378,5.896060635423139,5.677398625720522,5.794538974761963,5260600,0.0,0.0
2023-12-26,5.81796663118527,6.013200415753619,5.802347943314958,5.958535194396973,6301000,0.0,0.0
2023-12-27,5.958535833279547,6.21624439696102,5.950726302317595,6.114722728729248,8052400,0.0,0.0
2023-12-28,6.091294880601259,6.2084348659990685,6.021010591459428,6.114722728729248,5803100,0.0,0.0
2024-01-02,6.1536531492413085,6.279881808322007,6.114206505183051,6.224656581878662,7861400,0.079347,0.0
2024-01-03,6.21676821803574,6.350886372352903,6.15365388099028,6.3035502433776855,6495600,0.0,0.0
2024-01-04,6.287771266288659,6.287771266288659,6.011645870870108,6.200989246368408,9880300,0.0,0.0
2024-01-05,6.153653496541608,6.240435516461859,6.074760203972509,6.200989246368408,5359000,0.0,0.0
2024-01-08,6.14576491576554,6.216768738987207,6.051093402264087,6.114207744598389,6873500,0.0,0.0
2024-01-09,6.066871508402886,6.090539196812293,5.901196184772539,5.940642833709717,5697400,0.0,0.0
2024-01-10,5.861749779329267,5.861749779329267,5.632960108848537,5.814414024353027,12212000,0.0,0.0
2024-01-11,5.79863530742789,5.814413892060969,5.5935137071978644,5.688185214996338,8973000,0.0,0.0
2024-01-12,5.648738175162114,5.69607392579189,5.514620026948862,5.656627655029297,11809400,0.0,0.0
2024-01-15,5.522509702502399,5.538288286604761,5.372612965434399,5.4751739501953125,9595800,0.0,0.0
2024-01-16,5.443617252719332,5.459395838186125,5.348945739918581,5.372613430023193,8415700,0.0,0.0
2024-01-17,5.348945736488435,5.356834841121196,5.246384742924482,5.270052433013916,6304300,0.0,0.0
2024-01-18,5.317388189383937,5.333167151031762,5.238495262100569,5.270052433013916,4174400,0.0,0.0
2024-01-19,5.317387268673043,5.325276748130884,5.20693718960087,5.254272937774658,4201400,0.0,0.0
2024-01-22,5.230605801340469,5.246384385722854,5.096487645994643,5.120155334472656,7356700,0.0,0.0
2024-01-23,5.159602387882731,5.270052487215404,5.159602387882731,5.183270454406738,6282700,0.0,0.0
2024-01-24,5.254273552830077,5.419948878927523,5.254273552830077,5.3094987869262695,7325400,0.0,0.0
2024-01-25,5.333166227588726,5.380501975762514,5.167490920884922,5.254272937774658,5859200,0.0,0.0
2024-01-26,5.254273645807965,5.412059870507305,5.254273645807965,5.380502700805664,4822300,0.0,0.0
2024-01-29,5.388391494750977,5.412059558759437,5.285830511032839,5.388391494750977,5945600,0.0,0.0
2024-01-30,5.380502058360991,5.467284076582956,5.270051601402157,5.4436163902282715,7715700,0.0,0.0
2024-01-31,5.419949018568613,5.546178074584806,5.364724159240723,5.364724159240723,6458000,0.0,0.0
2024-02-01,5.3489455311040235,5.4041703899863265,5.277941711179763,5.380502700805664,4747500,0.0,0.0
2024-02-02,5.348945656349196,5.396281412010021,5.2306060791015625,5.2306060791015625,5674100,0.0,0.0
2024-02-05,5.206937610117459,5.21482709021246,5.0175946021308055,5.096487522125244,7004200,0.0,0.0
2024-02-06,5.096487660844875,5.254273505128473,5.096487660844875,5.151712894439697,7918000,0.0,0.0
2024-02-07,5.151713060848721,5.254273674850377,5.104376929843477,5.159602165222168,13948500,0.0,0.0
2024-02-08,5.191159515133477,5.32527767985371,5.15960234416297,5.19904899597168,5756400,0.0,0.0
2024-02-09,5.1990481905061365,5.270051626093955,5.104376316070557,5.104376316070557,3250300,0.0,0.0
2024-02-14,5.112266224335961,5.112266224335961,4.938701796334835,4.946590900421143,5150000,0.0,0.0
2024-02-15,4.954480858946657,5.12804530370168,4.954480858946657,5.049152374267578,6543800,0.0,0.0
2024-02-16,5.088598223003492,5.262163029355112,5.057041053883403,5.135934352874756,6091000,0.0,0.0
2024-02-19,5.128044676855062,5.128044676855062,4.993926525115967,4.993926525115967,3546700,0.0,0.0
2024-02-20,4.946590319092532,4.954479798442785,4.804583076507728,4.87558650970459,11787900,0.0,0.0
2024-02-21,4.851919189080432,4.9623692749563375,4.812472541743483,4.954480171203613,7868600,0.0,0.0
2024-02-22,4.970258780980148,5.033373116097554,4.89136548589228,4.907144069671631,4969700,0.0,0.0
2024-02-23,4.930812092435075,4.970258739650999,4.851919174194336,4.851919174194336,4296200,0.0,0.0
2024-02-26,4.836140241526573,4.891365092214013,4.780915014648054,4.87558650970459,7280300,0.0,0.0
2024-02-27,4.915033689303123,5.017594674878433,4.915033689303123,4.962369441986084,4864300,0.0,0.0
2024-02-28,4.930812135342096,4.962369302912997,4.828251152641114,4.8361406326293945,3923800,0.0,0.0
2024-02-29,4.828251761110929,4.875587518432664,4.765137418015281,4.7888054847717285,5307400,0.0,0.0
2024-03-01,4.788805305072345,4.804583890254167,4.7256905881539115,4.749358654022217,4174800,0.0,0.0
2024-03-04,4.7493580523313295,4.844029551428436,4.733579469148479,4.796693801879883,5485200,0.0,0.0
2024-03-05,4.788805349198091,4.796694453766122,4.725690631698096,4.733580112457275,5539400,0.0,0.0
2024-03-06,4.780916126003107,4.828251884534881,4.686244608939561,4.709912300109863,6962400,0.0,0.0
2024-03-07,4.859808006657725,5.009704731043738,4.741468823997635,4.773025989532471,16520800,0.0,0.0
2024-03-08,4.733579450770128,4.780915200134897,4.670465118283768,4.6941328048706055,5263700,0.0,0.0
2024-03-11,4.631018640091522,4.631018640091522,4.504789970547569,4.5600152015686035,6965800,0.0,0.0
2024-03-12,4.591572367486521,4.678354389674688,4.583682887546993,4.63101863861084,6313400,0.0,0.0
2024-03-13,4.591572284698486,4.670465201715759,4.5836828049012075,4.591572284698486,7023400,0.0,0.0
2024-03-14,4.575793726916549,4.5915723104083535,4.441675579140659,4.473232746124268,5336900,0.0,0.0
2024-03-15,4.441675779313364,4.465343467522149,4.291779041290283,4.291779041290283,23978000,0.0,0.0
2024-03-18,4.354893347447535,4.4969006042740105,4.34700424349718,4.410118579864502,9939000,0.0,0.0
2024-03-19,4.489012452395805,4.567905389587317,4.481122970581055,4.481122970581055,8631000,0.0,0.0
2024-03-20,4.504790649964169,4.536347822109637,4.441676305673229,4.449565410614014,7300700,0.0,0.0
2024-03-21,4.496901168832218,4.560015889314323,4.449565410614014,4.449565410614014,7978300,0.0,0.0
2024-03-22,4.449564795553536,4.465343379445207,4.323336124420166,4.323336124420166,7480600,0.0,0.0
2024-03-25,4.3312251710757,4.362782714633433,4.212885981546417,4.23655366897583,7717800,0.0,0.0
2024-03-26,4.212886238588821,4.212886238588821,4.133992939167607,4.141882419586182,6524800,0.0,0.0
2024-03-27,4.133992341077004,4.204996149807077,4.078767490901239,4.189217567443848,8595400,0.0,0.0
2024-03-28,4.189217877167882,4.276000274677321,4.110324959518893,4.181328773498535,14167000,0.0,0.0
2024-04-01,4.220774732170307,4.275999958537151,4.189217567443848,4.189217567443848,9838900,0.0,0.0
2024-04-02,4.204996984412563,4.244443636245526,4.078768300452925,4.165550708770752,10009900,0.0,0.0
2024-04-03,4.126104132444959,4.14977219921609,4.047211203526454,4.102436065673828,8160700,0.0,0.0
2024-04-04,4.0945464428161875,4.197107425529323,4.0866569628269716,4.118214130401611,8328100,0.0,0.0
2024-04-05,4.118214389696684,4.126103870182645,4.015653776717137,4.023542881011963,9949500,0.0,0.0
2024-04-08,4.102435862264918,4.244443503468295,4.078768172858449,4.212886333465576,12286000,0.0,0.0
2024-04-09,4.299668355482033,4.323336421038934,4.157661090714049,4.2838897705078125,14914900,0.0,0.0
2024-04-10,4.252332548428938,4.252332548428938,4.023542881011963,4.023542881011963,20479400,0.0,0.0
2024-04-11,4.039321509348877,4.0708786792507325,3.9998752350671274,4.0077643394470215,8202600,0.0,0.0
2024-04-12,4.047210821548075,4.0945465744315985,3.9683179000755353,3.999875068664551,8935700,0.0,0.0
2024-04-15,4.0156536238291345,4.047210792189231,3.9367603267377707,3.991985559463501,10306900,0.0,0.0
2024-04-16,3.9209817307190393,3.9209817307190393,3.865756874351171,3.8894245624542236,10924200,0.0,0.0
2024-04-17,4.007764550971623,4.118214651457529,3.9919859651879217,4.102436065673828,16995700,0.0,0.0
2024-04-18,4.1497719000047555,4.173439588878214,4.070878600583542,4.141882419586182,16186600,0.0,0.0
2024-04-19,4.110324959518893,4.181328773498535,4.094546375989095,4.181328773498535,10260100,0.0,0.0
2024-04-22,4.165550784999791,4.165550784999791,4.070878894106427,4.102436065673828,9536200,0.0,0.0
2024-04-23,4.023543281721671,4.062989935697747,3.9604289363128875,3.9840970039367676,9075800,0.0,0.0
2024-04-24,4.031432762993355,4.031432762993355,3.9762075226650833,3.9840970039367676,8935200,0.0,0.0
2024-04-25,3.984096156777238,3.984096156777238,3.9052028656005855,3.905202865600586,7495000,0.0,0.0
2024-04-26,3.944649020564033,3.9683170802114778,3.905202379881975,3.928870439529419,5143000,0.0,0.0
2024-04-29,3.920981869635966,3.976207104151536,3.8894247002531075,3.9446499347686768,7962900,0.0,0.0
2024-04-30,3.94465006571955,3.9604286509347824,3.865757139643388,3.8973143100738525,9109300,0.0,0.0
2024-05-02,3.9367595050435935,4.078767109214829,3.9367595050435935,4.039320468902588,9645800,0.0,0.0
2024-05-03,4.08665657043457,4.118213734979156,4.031431720577084,4.08665657043457,8017100,0.0,0.0
2024-05-06,4.094546971936866,4.173439901068459,4.031432628631592,4.031432628631592,7448800,0.0,0.0
2024-05-07,4.0629897558502925,4.118214617542875,4.007764517966556,4.047211170196533,9343700,0.0,0.0
2024-05-08,4.007763307129212,4.055099049789276,3.968317043008012,4.039320468902588,8624500,0.0,0.0
2024-05-09,4.015653820018055,4.039321509348877,3.9683180651652723,4.0077643394470215,9375700,0.0,0.0
2024-05-10,4.118214262777799,4.173439495904137,3.9525393157810274,3.999875068664551,15698800,0.0,0.0
2024-05-13,4.062989262478823,4.3627827296872965,4.062989262478823,4.339114665985107,23189800,0.0,0.0
2024-05-14,4.362783034259997,4.3943402039385635,4.165550535673383,4.228664875030518,22602000,0.0,0.0
2024-05-15,4.226105265582496,4.2424538194428045,4.087142362879741,4.217930793762207,12258100,0.186869,0.0
2024-05-16,4.258802128053127,4.307847786809679,4.193407916377726,4.242453575134277,11541200,0.0,0.0
2024-05-17,4.291499614715576,4.3487197498993515,4.275151060345966,4.291499614715576,9756800,0.0,0.0
2024-05-20,4.299674305242736,4.454985384754732,4.258802722352021,4.397765636444092,11080700,0.0,0.0
2024-05-21,4.4222875520678615,4.561250443463306,4.4222875520678615,4.504030704498291,10831800,0.0,0.0
2024-05-22,4.536727666530075,4.553076218544697,4.4141133315303005,4.430461883544922,8847100,0.0,0.0
2024-05-23,4.414113574575013,4.430462127489799,4.275150679909205,4.3241963386535645,7654000,0.0,0.0
2024-05-24,4.316022257086295,4.3814164687454396,4.291499232823992,4.3241963386535645,4529700,0.0,0.0
2024-05-27,4.31602229960427,4.365067958831787,4.266976250596501,4.365067958831787,2937500,0.0,0.0
2024-05-28,4.389590651908146,4.405939205201313,4.177059459096969,4.193408012390137,9366700,0.0,0.0
2024-05-29,4.16888508527038,4.185233638946723,4.070793763212316,4.144362449645996,14049800,0.0,0.0
2024-05-31,4.119839678174714,4.136188232858729,4.021748350070624,4.038096904754639,11183800,0.0,0.0
2024-06-03,4.021748171108201,4.038096725064727,3.89095973945599,3.9481794834136963,15225600,0.0,0.0
2024-06-04,3.8991333500858887,3.9400049249254114,3.833739142166832,3.8419132232666016,13082800,0.0,0.0
2024-06-05,3.825565239464062,3.8582623482798013,3.768345493926659,3.8173911571502686,14727400,0.0,0.0
2024-06-06,3.850088243135562,4.02992234055574,3.8092166624681085,4.005399703979492,11352900,0.0,0.0
2024-06-07,3.9645283672904013,4.021748505790126,3.93183125665636,3.980876922607422,12529900,0.0,0.0
2024-06-10,3.9890509642724155,4.0626192603622595,3.9154822784023087,3.997225046157837,8076900,0.0,0.0
2024-06-11,3.923656423931962,4.046270370483398,3.874610377575111,4.046270370483398,14935400,0.0,0.0
2024-06-12,4.078967915065907,4.111665412759232,3.9236568473690427,3.9481794834136963,7635800,0.0,0.0
2024-06-13,3.964528166667723,4.078968048095703,3.9318310576883,4.078968048095703,5950600,0.0,0.0
2024-06-14,4.087142428324439,4.087142428324439,3.972702549469832,3.989051103591919,4757200,0.0,0.0
2024-06-17,3.940005395340958,4.005399611067734,3.9236568414092643,3.9727025032043457,4200500,0.0,0.0
2024-06-18,3.972703084545593,4.152537204110059,3.964528611493407,4.12801456451416,9469700,0.0,0.0
2024-06-19,4.111665342293308,4.16888508527038,4.013573630454979,4.144362449645996,7862600,0.0,0.0
2024-06-20,4.1688847980936075,4.283324665944739,4.136187692993284,4.209756374359131,10763500,0.0,0.0
2024-06-21,4.177059363458876,4.250627656703579,4.152536339190476,4.242453575134277,16597800,0.0,0.0
2024-06-24,4.2015815763373485,4.234278678894043,4.1198388199456115,4.234278678894043,9309300,0.0,0.0
2024-06-25,4.2342791048787,4.2342791048787,4.144362258691916,4.16071081161499,7017200,0.0,0.0
2024-06-26,4.209756659507749,4.226105213165283,4.144362444877614,4.226105213165283,12623700,0.0,0.0
2024-06-27,4.234279008294254,4.258802032009616,4.1688847980936075,4.209756374359131,10216500,0.0,0.0
2024-06-28,4.209756469296576,4.266976209622429,4.201581997947028,4.242453575134277,10690800,0.0,0.0
2024-07-01,4.324196707286299,4.495856722415494,4.299674070713716,4.45498514175415,15961700,0.0,0.0
2024-07-02,4.471333068691363,4.51220464361803,4.348719123471814,4.430461883544922,13354400,0.0,0.0
2024-07-03,4.487681908324211,4.610296251182412,4.487681908324211,4.528553485870361,14759900,0.0,0.0
2024-07-04,4.553077054683849,4.569425609700763,4.438636779785156,4.438636779785156,6552000,0.0,0.0
2024-07-05,4.405939669751329,4.471333889818983,4.381417032116108,4.438636779785156,6465500,0.0,0.0
2024-07-08,4.397765163294176,4.405939245124699,4.258802264152945,4.3160223960876465,9787800,0.0,0.0
2024-07-09,4.316021970652429,4.324196051677223,4.275150396187791,4.307847499847412,5370400,0.0,0.0
2024-07-10,4.32419647791817,4.373242138242087,4.258802264152945,4.3160223960876465,8413100,0.0,0.0
2024-07-11,4.324196381252063,4.381416511907626,4.291499275100386,4.365067958831787,6611600,0.0,0.0
2024-07-12,4.373242131042544,4.495856476540612,4.3487194958110855,4.479507923126221,6638800,0.0,0.0
2024-07-15,4.479507826683132,4.528553485870361,4.42228769607457,4.528553485870361,5790600,0.0,0.0
2024-07-16,4.51220464361803,4.520379114515453,4.405938860632877,4.430461883544922,7678700,0.0,0.0
2024-07-17,4.430462126429284,4.454984760905471,4.3977650206075385,4.405939102172852,4537400,0.0,0.0
2024-07-18,4.405938906775815,4.4141133777588495,4.250627466120237,4.2588019371032715,6310000,0.0,0.0
2024-07-19,4.291498896662121,4.291498896662121,4.168884564515731,4.185233116149902,9599900,0.0,0.0
2024-07-22,4.1852332573768845,4.2588019371032715,4.1770591761740805,4.2588019371032715,6800000,0.0,0.0
2024-07-23,4.201581811199479,4.2097562821856975,4.021747737085203,4.046270370483398,14815700,0.0,0.0
2024-07-24,4.038097084655499,4.136188417129647,4.021748529243141,4.103491306304932,7726200,0.0,0.0
2024-07-25,4.070794195480215,4.152536972542006,4.029922612059167,4.103491306304932,6438800,0.0,0.0
2024-07-26,4.136188130335131,4.152536684613915,4.087142467498779,4.087142467498779,7563900,0.0,0.0
2024-07-29,4.095317223488906,4.119839861717289,4.062619722883883,4.103491306304932,4785100,0.0,0.0
2024-07-30,4.062619686126709,4.087142713913524,4.013574020333383,4.062619686126709,5282100,0.0,0.0
2024-07-31,4.078967335637683,4.226104690125438,4.054444703076536,4.185233116149902,11867700,0.0,0.0
2024-08-01,4.2015822518860855,4.258802385450508,4.046270794880027,4.054445266723633,11315900,0.0,0.0
2024-08-02,4.070793826794509,4.128013960445574,3.972702503204346,3.9727025032043457,9606700,0.0,0.0
2024-08-05,3.9154824213572863,3.989051109913399,3.866436758913303,3.9645280838012695,8385900,0.0,0.0
2024-08-06,3.9727024565565,4.005399564035955,3.9073082415975895,3.9563539028167725,5792800,0.0,0.0
2024-08-07,3.9890512044541464,4.021748313525059,3.9400055408477783,3.9400055408477783,6534900,0.0,0.0
2024-08-08,3.9236569863123223,3.9727026499186904,3.915482514154451,3.9400055408477783,5957600,0.0,0.0
2024-08-09,3.948179431577868,4.01357364654541,3.931830877835983,4.01357364654541,4733000,0.0,0.0
2024-08-12,4.029922008514404,4.070793585814286,4.013573455550501,4.029922008514404,7479000,0.0,0.0
2024-08-13,4.201581486984821,4.389590017577655,4.177058855478912,4.283324241638184,22598200,0.0,0.0
2024-08-14,4.242453928037366,4.2506280102866185,4.087142467498779,4.087142467498779,16667600,0.0,0.0
2024-08-15,4.078967335637683,4.2179302194182435,4.046270232369341,4.185233116149902,13477700,0.0,0.0
2024-08-16,4.185234083366722,4.193408555963054,4.103491306304932,4.103491306304932,9050300,0.0,0.0
2024-08-19,4.144361981549307,4.332370522482239,4.136187510744291,4.307847499847412,13727400,0.0,0.0
2024-08-20,4.3078485940568525,4.365068734885427,4.242454370127236,4.2996745109558105,10225800,0.0,0.0
2024-08-21,4.438636535093604,4.536728249567818,4.348719682347632,4.463159561157227,17479500,0.0,0.0
2024-08-22,4.4958567708358625,4.504031242968282,4.39776544392853,4.414113998413086,8680500,0.0,0.0
2024-08-23,4.414113563821136,4.585773563898309,4.381416458071222,4.5367279052734375,8148800,0.0,0.0
2024-08-26,4.602121923810867,4.692038765962884,4.5449017962575775,4.553076267242432,16861900,0.0,0.0
2024-08-27,4.6184707631559565,4.724736553884808,4.569425103538083,4.651167869567871,12477000,0.0,0.0
2024-08-28,4.634819567063105,4.6429936492181,4.471333636380186,4.544902324676514,16083900,0.0,0.0
2024-08-29,4.528553900660585,4.626645228019663,4.528553900660585,4.618471145629883,12610000,0.0,0.0
2024-08-30,4.577599706728451,4.7656082849049195,4.577599706728451,4.642993927001953,16393500,0.0,0.0
2024-09-02,4.553077294075761,4.6920398241357555,4.536728738199272,4.667517185211182,9141200,0.0,0.0
2024-09-03,4.63481980256964,4.64299388513998,4.553077027964768,4.569425582885742,10663800,0.0,0.0
2024-09-04,4.59394816147788,4.741085543660491,4.577599606766511,4.692039489746094,11746000,0.0,0.0
2024-09-05,4.642993026916048,4.871873143283138,4.593947371218862,4.847350120544434,16172600,0.0,0.0
2024-09-06,4.8718731949638725,5.0762302907600745,4.814653067820054,5.0517072677612305,23120400,0.0,0.0
2024-09-09,5.0190108030905645,5.035359357246028,4.7983051271016715,4.831002235412598,20393200,0.0,0.0
2024-09-10,4.822828383748033,4.904571158432516,4.765608246578747,4.855525493621826,14603900,0.0,0.0
2024-09-11,4.871873886451344,5.03535943038047,4.871873886451344,4.99448823928833,17737400,0.0,0.0
2024-09-12,5.068056054045576,5.207018947973771,5.043533419693687,5.157973289489746,23195300,0.0,0.0
2024-09-13,5.166147981817634,5.427724838256836,5.1497994282901844,5.427724838256836,20756300,0.0,0.0
2024-09-16,5.435899284384838,5.803741931915283,5.345982045515965,5.803741931915283,14959700,0.0,0.0
2024-09-17,5.721999172238347,5.942704839004902,5.574862190987399,5.640256404876709,20723000,0.0,0.0
2024-09-18,5.509467674683259,5.558513725658242,5.174322128295898,5.174322128295898,16474400,0.0,0.0
2024-09-19,5.247890046731121,5.411375560113937,5.2233670248335935,5.239715576171875,17124300,0.0,0.0
2024-09-20,5.231542689748046,5.2478912448186845,5.100753859402644,5.182497024536133,11495700,0.0,0.0
2024-09-23,5.108927913369611,5.313285029904395,4.912745268590745,5.174322128295898,11193600,0.0,0.0
2024-09-24,5.378679223192737,5.501293570576395,5.329633562195328,5.3868536949157715,15532200,0.0,0.0
2024-09-25,5.4277247828066955,5.599384787981357,5.4277247828066955,5.517642021179199,14421700,0.0,0.0
2024-09-26,5.656604947270257,5.88548469543457,5.6239078403896405,5.88548469543457,24346000,0.0,0.0
2024-09-27,5.926356639698799,5.959053748597473,5.648430824279785,5.648430824279785,11620700,0.0,0.0
2024-09-30,5.844613518170936,5.869136153489297,5.5585136375150705,5.640256404876709,9993900,0.0,0.0
2024-10-01,5.74652200066675,5.910007529794863,5.681127399235257,5.820090293884277,14758600,0.0,0.0
2024-10-02,5.885485337064731,6.048971279071158,5.885485337064731,5.99992561340332,13376300,0.0,0.0
2024-10-03,5.991750487686703,6.040796148007628,5.836439035113647,5.88548469543457,13497500,0.0,0.0
2024-10-04,5.834381783360029,5.834381783360029,5.586486777955318,5.613047122955322,11918900,0.552278,0.0
2024-10-07,5.639606695584484,5.666167038935143,5.524512578002187,5.559926509857178,8774900,0.0,0.0
2024-10-08,5.356298446655273,5.400565121273503,5.3208849380957615,5.356298446655273,11401000,0.0,0.0
2024-10-09,5.312031158964009,5.320884746866856,5.214643802844223,5.22349739074707,9106300,0.0,0.0
2024-10-10,5.267764910015106,5.303178422990889,5.179231127575647,5.205791473388672,5534900,0.0,0.0
2024-10-11,5.188084585492065,5.258911609649658,5.143817484312388,5.258911609649658,5598700,0.0,0.0
2024-10-14,5.2589108908026905,5.2943243980407715,5.188083876326529,5.2943243980407715,5313300,0.0,0.0
2024-10-15,5.285470845228255,5.303177598964809,5.223497418231466,5.267764091491699,4341000,0.0,0.0
2024-10-16,5.3120319169467445,5.409419286962898,5.232351303100586,5.232351303100586,9568600,0.0,0.0
2024-10-17,5.179230996391184,5.285471532627573,5.117257561334472,5.258911609649658,8813700,0.0,0.0
2024-10-18,5.31203106823347,5.3828580815972815,5.214643713777079,5.250057220458984,6843200,0.0,0.0
2024-10-21,5.276618234710895,5.347445257110394,5.250057890229907,5.3120317459106445,6040800,0.0,0.0
2024-10-22,5.25005766052631,5.285471170176627,5.205790984544581,5.276618003845215,4998900,0.0,0.0
2024-10-23,5.205791033571486,5.241204543555318,5.179230690002441,5.179230690002441,4519500,0.0,0.0
2024-10-24,5.179230420440093,5.205790762626757,5.117256992275074,5.170377254486084,4724200,0.0,0.0
2024-10-25,5.188083910758356,5.294324433177686,5.188083910758356,5.267764091491699,6927000,0.0,0.0
2024-10-28,5.3562987156682755,5.4005653925097405,5.303178027998769,5.365151882171631,5755300,0.0,0.0
2024-10-29,5.356298691606022,5.400565368248626,5.28547124908564,5.320885181427002,7276400,0.0,0.0
2024-10-30,5.320885525818436,5.409419306996287,5.320885525818436,5.3740057945251465,5903000,0.0,0.0
2024-10-31,5.3562988920624335,5.506806104874743,5.338592136310258,5.497952938079834,7697400,0.0,0.0
2024-11-01,5.533366005938552,5.551072760271063,5.3474448743660306,5.4713921546936035,11157200,0.0,0.0
2024-11-04,5.559927100998111,5.630754127913871,5.4359793817331505,5.577633857727051,9173800,0.0,0.0
2024-11-05,5.595340305797976,5.613047061550151,5.497952938079834,5.497952938079834,4359300,0.0,0.0
2024-11-06,5.374005420990334,5.50680587244527,5.276618057382686,5.462539196014404,11368600,0.0,0.0
2024-11-07,5.506805989035498,5.577633432716654,5.444832556287715,5.480246067047119,9985400,0.0,0.0
2024-11-08,5.356298662083944,5.37400541707586,5.170377523587653,5.179230690002441,13064900,0.0,0.0
2024-11-11,5.143817672923219,5.143817672923219,5.046430300054397,5.108404159545898,9266100,0.0,0.0
2024-11-12,5.1172569356603885,5.126110101516452,4.904775467004818,4.913629055023193,10128300,0.0,0.0
2024-11-13,4.825095834501164,4.949043558728047,4.612614745247763,4.630321502685547,15301900,0.0,0.0
2024-11-14,4.603760757636842,4.798535494784378,4.603760757636842,4.674588203430176,9467200,0.0,0.0
2024-11-18,4.736561638026096,4.75426839393384,4.630321102579638,4.674588203430176,8254600,0.0,0.0
2024-11-19,4.70114853243668,4.710002122236771,4.621467912885456,4.630321502685547,6860400,0.0,0.0
2024-11-21,4.612614536508832,4.621467703745884,4.515227163926985,4.524080753326416,6186800,0.0,0.0
2024-11-22,4.541787019608641,4.594907283782959,4.515226676440316,4.594907283782959,5502300,0.0,0.0
2024-11-25,4.5949071930135545,4.63917386786986,4.577200438638568,4.621467113494873,5009600,0.0,0.0
2024-11-26,4.630321157945807,4.6568815032061925,4.524080621228998,4.577200889587402,6705300,0.0,0.0
2024-11-27,4.612614786014815,4.648028301203372,4.5506409233536385,4.603761196136475,14436600,0.0,0.0
2024-11-28,4.603760579722908,4.7011479445331075,4.515226803605611,4.541787147521973,8341500,0.0,0.0
2024-11-29,4.515226978098126,4.692294959337919,4.515226978098126,4.674588203430176,8429800,0.0,0.0
2024-12-02,4.6480278968811035,4.665734652935108,4.5683472835569,4.6480278968811035,7269000,0.0,0.0
2024-12-03,4.674587560962527,4.6834407266184535,4.577200205773517,4.586053371429443,7157900,0.0,0.0
2024-12-04,4.586053336886189,4.656880772411627,4.586053336886189,4.612613677978516,6530000,0.0,0.0
2024-12-05,4.612613991102,4.727708106711318,4.594907236559207,4.692294597625732,5532100,0.0,0.0
2024-12-06,4.674587435853237,4.68344060127222,4.612613589271189,4.63917350769043,4830900,0.0,0.0
2024-12-09,4.789682043994082,4.966750030344595,4.7542685311564545,4.949043273925781,12261800,0.0,0.0
2024-12-10,4.966749097361238,5.090696369009952,4.940188756641081,5.064136028289795,8194700,0.0,0.0
2024-12-11,5.037576109731932,5.161523381380645,4.9756022628264285,5.064136028289795,9535100,0.0,0.0
2024-12-12,5.037576359720124,5.099550209701062,4.913629081920566,4.957895755767822,8300000,0.0,0.0
2024-12-13,4.931336054059112,4.9667495635685714,4.86936220133639,4.878215789794922,5580700,0.0,0.0
2024-12-16,4.913629402738938,5.072990198886138,4.8693623038391,4.966749668121338,6998300,0.0,0.0
2024-12-17,4.98445660052639,5.143817402341429,4.957896255809372,5.099550724029541,9613800,0.0,0.0
2024-12-18,5.0110167108075485,5.072990569360732,4.67458833881671,4.7365617752075195,12373400,0.0,0.0
2024-12-19,4.745415266259313,4.833949046529337,4.577200872665085,4.6480278968811035,9465800,0.0,0.0
2024-12-20,4.630321157945807,4.674588259325661,4.559494133467934,4.577200889587402,8276000,0.0,0.0
2024-12-23,4.577200889587402,4.630321157945807,4.51522703208808,4.577200889587402,5892100,0.0,0.0
2024-12-26,4.6037601249036,4.665733973144297,4.532933111006975,4.586053371429443,5839100,0.0,0.0
2024-12-27,4.559493678634735,4.621467107789519,4.435546398162842,4.435546398162842,8599400,0.0,0.0
2024-12-30,4.453253018789065,4.630320557003172,4.453253018789065,4.559493541717529,6741600,0.0,0.0
2025-01-02,4.603760259819251,4.603760259819251,4.4266927198886314,4.462106227874756,10663200,0.0,0.0
2025-01-03,4.45325357134404,4.479813494290528,4.320452690124512,4.320452690124512,25308500,0.0,0.0
2025-01-06,4.382425712941135,4.4443995642582435,4.338159038139478,4.435546398162842,10352600,0.0,0.0
2025-01-07,4.505997529428297,4.541688563582642,4.22939137652609,4.265082836151123,12436900,0.038956,0.0
2025-01-08,4.274005000499644,4.300773486461661,4.104472390661937,4.140163421630859,8859400,0.0,0.0
2025-01-09,4.149086344631631,4.21154543537722,4.131240829351371,4.202622890472412,5593200,0.0,0.0
2025-01-10,4.229390807855578,4.354309836070256,4.1580087491446935,4.327541351318359,9590100,0.0,0.0
2025-01-13,4.398923512616067,4.505997028650074,4.345386967334384,4.416769027709961,10042100,0.0,0.0
2025-01-14,4.443537376223792,4.479228405312286,4.3186187744140625,4.3186187744140625,7544700,0.0,0.0
2025-01-15,4.327542164604684,4.532765834702014,4.327542164604684,4.523843288421631,7511700,0.0,0.0
2025-01-16,4.505997043820533,4.55061061897015,4.309695951656161,4.345386981964111,6754400,0.0,0.0
2025-01-17,4.390001019886996,4.595224658636856,4.390001019886996,4.568456172943115,11027000,0.0,0.0
2025-01-20,4.55061049703826,4.613070011138916,4.479228438335014,4.613070011138916,6989700,0.0,0.0
2025-01-21,4.577379980854921,4.693376064300537,4.541688943713305,4.693376064300537,6174900,0.0,0.0
2025-01-22,4.684452187152794,4.746911702817596,4.577379096416542,4.630915641784668,7979900,0.0,0.0
2025-01-23,4.630915788537698,4.6666068199141595,4.604147302270025,4.657683849334717,4768400,0.0,0.0
2025-01-24,4.684452437716503,4.720143469870976,4.586301886556372,4.595224857330322,4373700,0.0,0.0
2025-01-27,4.586301692982818,4.782602787017822,4.568456177658786,4.782602787017822,5639200,0.0,0.0
2025-01-28,4.737989647992196,4.755835166563004,4.684453092279771,4.693376064300537,3537900,0.0,0.0
2025-01-29,4.7112208218700635,4.737988882667081,4.657683849334717,4.657683849334717,4673300,0.0,0.0
2025-01-30,4.67552945766137,5.041363174724511,4.67552945766137,4.961058139801025,9407800,0.0,0.0
2025-01-31,4.952135496747481,5.0145945889253865,4.818293916340938,4.871830463409424,6693100,0.0,0.0
2025-02-03,4.818293701048419,4.916444245690378,4.746911641479954,4.76475715637207,4976300,0.0,0.0
2025-02-04,4.764757202999465,4.782602718066215,4.666606657397016,4.702297687530518,4263300,0.0,0.0
2025-02-05,4.684452533721924,4.729066537564687,4.648761500835982,4.684452533721924,3917900,0.0,0.0
2025-02-06,4.720143367313386,4.89859852420834,4.720143367313386,4.871830463409424,5961500,0.0,0.0
2025-02-07,4.871830245724769,4.978903335077467,4.737988671298577,4.76475715637207,6371000,0.0,0.0
2025-02-10,4.764757499774526,4.827216593663126,4.755834528950059,4.818294048309326,4290900,0.0,0.0
2025-02-11,4.737988555762529,4.791525099133388,4.675529042427882,4.746911525726318,6695600,0.0,0.0
2025-02-12,4.71122108443756,4.720143630043623,4.461383425407634,4.470306396484375,13149000,0.0,0.0
2025-02-13,4.461382923659202,4.613070011138916,4.434614438910169,4.613070011138916,6079500,0.0,0.0
2025-02-14,4.675529019322234,4.907521131586781,4.648760960504401,4.889675617218018,10630100,0.0,0.0
2025-02-17,4.8807528777458264,5.023517424907265,4.8807528777458264,4.9253668785095215,6400900,0.0,0.0
2025-02-18,4.952135632381659,4.9789036939137254,4.809371077484859,4.818294048309326,4601100,0.0,0.0
2025-02-19,4.75583433303586,4.871830396151527,4.73798881759273,4.791525363922119,3269800,0.0,0.0
2025-02-20,4.853984848313952,4.925366909610083,4.773679816620483,4.782602787017822,5857400,0.0,0.0
2025-02-21,4.809370485081164,4.836138968786637,4.720142915180612,4.800447940826416,4542700,0.0,0.0
2025-02-24,4.800448804054804,4.845062384292295,4.693375700919996,4.711221218109131,3163000,0.0,0.0
2025-02-25,4.71122111406625,4.800448698041416,4.684452626138359,4.773680210113525,5162300,0.0,0.0
2025-02-26,4.782602787017822,4.845061877916613,4.746911756369758,4.782602787017822,4626500,0.0,0.0
2025-02-27,4.755834070219482,4.818293583554129,4.720143041305576,4.746911525726318,4764400,0.0,0.0
2025-02-28,4.729066611837661,4.729066611837661,4.541688473508239,4.5506110191345215,6362200,0.0,0.0
2025-03-05,4.604147719785784,4.746912283708536,4.550611167866263,4.720143795013428,6698300,0.0,0.0
2025-03-06,4.729065987899148,4.961057674693071,4.729065987899148,4.889675617218018,10224100,0.0,0.0
2025-03-07,4.809371557990543,4.952136127150992,4.702298450223239,4.898599147796631,6848200,0.0,0.0
2025-03-10,4.862907377661781,4.934289864199875,4.755834286060606,4.853984832763672,7884800,0.0,0.0
2025-03-11,4.871830293399968,4.880752838198024,4.621992656994819,4.702297687530518,7329800,0.0,0.0
2025-03-12,4.666607212400949,4.711221218109131,4.604147689503632,4.711221218109131,6439800,0.0,0.0
2025-03-13,5.0056719156057685,5.291200159324463,4.978903430021819,5.1395134925842285,24666300,0.0,0.0
2025-03-14,5.18412696595498,5.523192174171952,5.157358906368219,5.48750114440918,11473800,0.0,0.0
2025-03-17,5.487501470499398,5.612420082092285,5.451810438615715,5.612420082092285,7366300,0.0,0.0
2025-03-18,5.594574814371554,5.612420331105168,5.442887709400493,5.5767292976379395,6469400,0.0,0.0
2025-03-19,5.505346699999415,5.74626136541487,5.505346699999415,5.710570335388184,8192500,0.0,0.0
2025-03-20,5.657034293760105,5.773029938933815,5.62134326055732,5.719493389129639,6560300,0.0,0.0
2025-03-21,5.773029791499662,5.808721249261619,5.567806143089404,5.69272518157959,14511100,0.0,0.0
2025-03-24,5.683802210771434,5.73733875920837,5.6570341492882985,5.69272518157959,6533700,0.0,0.0
2025-03-25,5.710570382342214,5.710570382342214,5.621342806541841,5.648110866546631,5096000,0.0,0.0
2025-03-26,5.665956335119506,5.710570335388184,5.603497245308124,5.710570335388184,5131300,0.0,0.0
2025-03-27,5.701647295077017,5.710570265209352,5.5856516616511085,5.630265235900879,5375000,0.0,0.0
2025-03-28,5.576729132584795,5.62134313583374,5.487501551557572,5.62134313583374,5193300,0.0,0.0
2025-03-31,5.532114950780086,5.585651923139117,5.4875013744417656,5.523192405700684,7334900,0.0,0.0
2025-04-01,5.532114967799122,5.585651940322853,5.3804282972173985,5.451810359954834,7064700,0.0,0.0
2025-04-02,5.451810916229106,5.460733462246368,5.246587252183701,5.31796932220459,8452400,0.0,0.0
2025-04-03,5.237664077652028,5.300123599234343,5.184127527211763,5.210896015167236,6898500,0.0,0.0
2025-04-04,5.04136323928833,5.059208755558687,4.92536717079568,5.04136323928833,8461500,0.0,0.0
2025-04-07,4.907521765471473,5.16628196997686,4.853985215450084,5.059208869934082,8738400,0.0,0.0
2025-04-08,5.112745432071338,5.157359436596892,4.800448676804501,4.845062255859375,8753700,0.0,0.0
2025-04-09,4.800448568308861,5.210895868972929,4.800448568308861,5.121667861938477,13203000,0.0,0.0
2025-04-10,5.139513572648885,5.139513572648885,4.9699809625645655,5.085976600646973,7746900,0.0,0.0
2025-04-11,5.094899750093844,5.2555093953289775,5.0770542339566065,5.184127330780029,5390700,0.0,0.0
2025-04-14,5.237663554989678,5.46073270563289,5.237663554989678,5.425041675567627,6847500,0.0,0.0
2025-04-15,5.3982737952262685,5.460732887181688,5.219818213496339,5.309045791625977,5347000,0.0,0.0
2025-04-16,5.273354845201471,5.282277815893297,5.068131199466743,5.103822231292725,9797300,0.0,0.0
2025-04-17,5.085976817228886,5.112745304369755,5.014594752147461,5.04136323928833,6838700,0.0,0.0
2025-04-22,5.041363251266408,5.13059083283019,4.880753178980929,5.121667861938477,11443500,0.0,0.0
2025-04-23,5.264432472532878,5.4875016414921465,5.237663985050669,5.416119575500488,10333500,0.0,0.0
2025-04-24,5.460732825161708,5.701647496110882,5.451810280185408,5.657033920288086,8072400,0.0,0.0
2025-04-25,5.603497354231032,5.648110929896286,5.4696557762939735,5.5142693519592285,5928000,0.0,0.0
2025-04-28,5.532115711152334,5.532115711152334,5.389351566494171,5.496424674987793,4680200,0.0,0.0
2025-04-29,5.505346775054932,5.5321148352045615,5.442887258921386,5.505346775054932,5591100,0.0,0.0
2025-04-30,5.442887535180082,5.523192570646216,5.407196502855282,5.478578567504883,6583600,0.0,0.0
2025-05-02,5.487501190917157,5.505346705949789,5.371505130469733,5.425041675567627,6526400,0.0,0.0
2025-05-05,5.425042121014108,5.532115220001596,5.326891567540241,5.416119575500488,4659800,0.0,0.0
2025-05-06,5.416119084883635,5.594574233697497,5.3982735700022495,5.48750114440918,5166100,0.0,0.0
2025-05-07,5.558883602971017,5.567806148316884,5.4607330513424825,5.478578567504883,6263100,0.0,0.0
2025-05-08,5.541038086808617,5.576729119133417,5.416119473671815,5.478578567504883,6112500,0.0,0.0
2025-05-09,5.487501270054865,5.505346785344854,5.068131022534141,5.219818115234375,15413000,0.0,0.0
2025-05-12,5.398274015662482,5.451810564726407,5.1752048484941255,5.264432430267334,11113500,0.0,0.0
2025-05-13,5.2644321836841454,5.326891275264505,5.148436120076833,5.30012321472168,10758500,0.0,0.0
2025-05-14,5.392465862420905,5.420357678043138,5.225113195357844,5.234410762786865,8174400,0.239321,0.0
2025-05-15,5.253005750897278,5.327384521199213,5.206518797792347,5.262302875518799,5983700,0.0,0.0
2025-05-16,5.20651884634455,5.327384570878522,5.150734768097896,5.280897617340088,6129700,0.0,0.0
2025-05-19,5.280897468551161,5.308789728554848,5.197221575204966,5.225113391876221,5435600,0.0,0.0
2025-05-20,5.197221575204966,5.271600344104888,5.150734622976299,5.225113391876221,6801900,0.0,0.0
2025-05-21,5.2065185969235825,5.2065185969235825,5.07635575391691,5.104247570037842,5577500,0.0,0.0
2025-05-22,5.07635575391691,5.187923905065486,5.067058186321649,5.104247570037842,8752900,0.0,0.0
2025-05-23,5.0763559832661524,5.0949506759643555,5.020571905171545,5.0949506759643555,5966200,0.0,0.0
2025-05-26,5.048463350134332,5.132139682769775,5.0298686588078345,5.132139682769775,2452300,0.0,0.0
2025-05-27,5.00197695962288,5.048463467352266,4.834624290466309,4.834624290466309,19783700,0.0,0.0
2025-05-28,4.816029396109165,4.816029396109165,4.713758817407343,4.760245323181152,8304900,0.0,0.0
2025-05-29,4.788137862998891,4.843921939208697,4.760245603227773,4.769543170928955,5700200,0.0,0.0
2025-05-30,4.769542968770983,4.769542968770983,4.639379686466,4.695164203643799,9314800,0.0,0.0
2025-06-02,4.704461419910378,4.704461419910378,4.54640631924819,4.565001010894775,11650600,0.0,0.0
2025-06-03,4.546406418381241,4.639379878641429,4.5092170342771665,4.6021904945373535,8478600,0.0,0.0
2025-06-04,4.620784655710317,4.667271602165768,4.537108772755833,4.583595275878906,6636100,0.0,0.0
2025-06-05,4.546406174325864,4.611487814680566,4.546406174325864,4.592893123626709,4118700,0.0,0.0
2025-06-06,4.611488244214271,4.639380061726817,4.546406597797586,4.574298858642578,5690900,0.0,0.0
2025-06-09,4.574298858642578,4.602190676155124,4.51851478028504,4.574298858642578,4506700,0.0,0.0
2025-06-10,4.59289332346027,4.685866782774764,4.59289332346027,4.667272090911865,6706400,0.0,0.0
2025-06-11,4.704461373115795,4.704461373115795,4.620785039872267,4.630082607269287,7901300,0.0,0.0
2025-06-12,4.611487821373353,4.704461276777573,4.611487821373353,4.67656946182251,5675400,0.0,0.0
2025-06-13,4.620785470053032,4.657975299770958,4.5278120040893555,4.5278120040893555,8238600,0.0,0.0
2025-06-16,4.574298439211665,4.67656946182251,4.546406180924197,4.67656946182251,5833800,0.0,0.0
2025-06-17,4.676569557589562,4.713758940512816,4.630082607269287,4.630082607269287,12356100,0.0,0.0
2025-06-18,4.676569557589562,4.732353631974443,4.61148791580766,4.630082607269287,5548900,0.0,0.0
2025-06-20,4.620785236358643,4.648677496403334,4.58359585185401,4.620785236358643,9457500,0.0,0.0
2025-06-23,4.611488244214271,4.639380061726817,4.555704165856732,4.574298858642578,5567200,0.0,0.0
2025-06-24,4.583595454277077,4.620784835555936,4.555703639984131,4.555703639984131,2325700,0.0,0.0
2025-06-25,4.55570386551465,4.57429855707461,4.462730407714844,4.462730407714844,6405300,0.0,0.0
2025-06-26,4.509216413254088,4.592892737630312,4.499919290174712,4.546405792236328,5101200,0.0,0.0
2025-06-27,4.555704067383917,4.59289345215175,4.537109375,4.537109375,3438500,0.0,0.0
2025-06-30,4.527812001303111,4.611488342285156,4.509217308121818,4.611488342285156,3357900,0.0,0.0
2025-07-01,4.611488062229586,4.639379878641429,4.555703986073474,4.6021904945373535,4449900,0.0,0.0
2025-07-02,4.639379880914074,4.825327244857966,4.630082756549715,4.685866832733154,9180500,0.0,0.0
2025-07-03,4.741650589255381,4.825326919555664,4.676569393095072,4.825326919555664,4694500,0.0,0.0
2025-07-04,4.834624389828088,4.936895418266499,4.79743500554729,4.871813774108887,4247900,0.0,0.0
2025-07-07,4.871813806268177,4.9090036341269,4.788137912750244,4.788137912750244,4500800,0.0,0.0
2025-07-08,4.797434705133162,4.843921654239374,4.732353508383348,4.760245323181152,4171800,0.0,0.0
2025-07-09,4.769542865270945,4.816029370800464,4.648677152895877,4.657974720001221,4364200,0.0,0.0
2025-07-10,4.639380169638619,4.853219363315962,4.602190783201904,4.797435283660889,6993000,0.0,0.0
2025-07-11,4.778840344952455,4.8160297294787435,4.723056268163022,4.788137912750244,4411500,0.0,0.0
2025-07-14,4.797434937129489,4.816029629004703,4.695164353482023,4.750948429107666,2829000,0.0,0.0
2025-07-15,4.741651008828691,4.760245701281649,4.667272239016858,4.723056316375732,4921300,0.0,0.0
2025-07-16,4.760245652689311,4.788137912750244,4.704461575899877,4.788137912750244,4031900,0.0,0.0
2025-07-17,4.797434937129489,4.825327196608522,4.732353737232452,4.750948429107666,4086800,0.0,0.0
2025-07-18,4.723056216855447,4.7323537845522345,4.630082756549715,4.685866832733154,4828700,0.0,0.0
2025-07-21,4.750948625451114,4.946193119875985,4.750948625451114,4.909003734588623,7705500,0.0,0.0
2025-07-22,4.974084804452208,5.029868880894769,4.946192987897143,4.9554901123046875,6694500,0.0,0.0
2025-07-23,4.890409008767074,5.029868980982324,4.86251674832456,4.992679595947266,4479400,0.0,0.0
2025-07-24,4.964787579758109,4.9926793957497715,4.909003504442363,4.918300628662109,3278400,0.0,0.0
2025-07-25,4.8811114243909675,4.918300809300685,4.7974350866778845,4.806732654571533,3144000,0.0,0.0
2025-07-28,4.788137762323265,4.8253271456811895,4.695164303928452,4.732353687286377,3427700,0.0,0.0
2025-07-29,4.741650581359863,4.806732220744202,4.732353457637757,4.741650581359863,3358400,0.0,0.0
2025-07-30,4.741650581359863,4.769542839190979,4.695164076084534,4.741650581359863,5715900,0.0,0.0
2025-07-31,4.713759092491088,4.769543168674527,4.602190496791781,4.685866832733154,6746400,0.0,0.0
2025-08-01,4.630082707186068,4.825327193412718,4.620785139588406,4.667272090911865,5350000,0.0,0.0
2025-08-04,4.732353528196838,4.769542910304552,4.592893123626709,4.592893123626709,4743200,0.0,0.0
2025-08-05,4.611487961677449,4.657974912460123,4.565001010894775,4.565001010894775,4059500,0.0,0.0
2025-08-06,4.602190776860296,4.667272424701097,4.5278120040893555,4.5278120040893555,5029400,0.0,0.0
2025-08-07,4.565000865379721,4.620784938541291,4.555703741518995,4.592893123626709,3780300,0.0,0.0
2025-08-08,4.574298727394069,4.676569756448024,4.574298727394069,4.620785236358643,5180700,0.0,0.0
2025-08-11,4.620785236358643,4.69516444870034,4.6114881118987014,4.620785236358643,3654700,0.0,0.0
2025-08-12,4.667271894615885,4.732353535065042,4.6486772035350405,4.67656946182251,4040800,0.0,0.0
2025-08-13,4.676569350806619,4.6951640414460485,4.546406072998219,4.555703639984131,7451100,0.0,0.0
2025-08-14,4.537109224841675,4.546406349059722,4.434838198448636,4.481325149536133,5346200,0.0,0.0
2025-08-15,4.472027581985665,4.509216965522693,4.444135765999104,4.481325149536133,4475400,0.0,0.0
2025-08-18,4.48132529784825,4.60219057667749,4.48132529784825,4.537109375,3318100,0.0,0.0
2025-08-19,4.509216863951169,4.518514431292206,4.416243407202854,4.444135665893555,6755900,0.0,0.0
2025-08-20,4.462730126828036,4.490621940746243,4.425540746048835,4.453432559967041,3349300,0.0,0.0
2025-08-21,4.472027481251843,4.509216863951169,4.425540974543892,4.444135665893555,3356500,0.0,0.0
2025-08-22,4.45343322857794,4.639380160390868,4.444136103653522,4.611488342285156,5594200,0.0,0.0
2025-08-25,4.6486772035350405,4.74165065893926,4.630082512454197,4.67656946182251,5146600,0.0,0.0
2025-08-26,4.639379880914074,4.704461524794301,4.639379880914074,4.685866832733154,4900600,0.0,0.0
2025-08-27,4.66727209400299,4.760245553379061,4.6393798345239565,4.750948429107666,3373500,0.0,0.0
2025-08-28,4.797434857080074,4.871813623339856,4.769543041398864,4.8160295486450195,8036800,0.0,0.0
2025-08-29,4.834624290466309,4.909003500831686,4.797434906949831,4.834624290466309,6488600,0.0,0.0
2025-09-01,4.788137962116674,4.85321916404246,4.760245701768167,4.806732654571533,2454600,0.0,0.0
2025-09-02,4.750948528223955,4.853219114005033,4.732353835960811,4.788137912750244,2842000,0.0,0.0
2025-09-03,4.778840194817573,4.806732454002227,4.704461428101723,4.732353687286377,3196900,0.0,0.0
2025-09-04,4.750948249907877,4.806732323429414,4.713758867560185,4.778840065002441,3165200,0.0,0.0
2025-09-05,4.797434661678103,4.843921610363238,4.760245280062955,4.825326919555664,4548600,0.0,0.0
2025-09-08,4.816029779132743,4.8625167319361084,4.769543269661816,4.806732654571533,4801900,0.0,0.0
2025-09-09,4.834624371507515,4.909003583119686,4.769543170928955,4.769543170928955,4475300,0.0,0.0
2025-09-10,4.797434784027471,4.816029475309268,4.685866636336695,4.695164203643799,5754900,0.0,0.0
2025-09-11,4.676570035577895,4.723056547317103,4.667272467230577,4.713759422302246,4853100,0.0,0.0
2025-09-12,4.676569385307923,4.778839962913086,4.667271818253418,4.741650581359863,3849200,0.0,0.0
2025-09-15,4.732353687286377,4.788137762323265,4.713758995607415,4.732353687286377,3275400,0.0,0.0
2025-09-16,4.760245701768167,4.806732654571533,4.741651009313309,4.806732654571533,4111300,0.0,0.0
2025-09-17,4.79743518446321,4.862516831047983,4.769543366878628,4.843922138214111,5076500,0.0,0.0
2025-09-18,4.806732654571533,4.890408992284615,4.769543269661816,4.806732654571533,4137600,0.0,0.0
2025-09-19,4.8160298772970815,4.871813955798695,4.8067327525463694,4.843922138214111,4330200,0.0,0.0
2025-09-22,4.825327542235365,4.899706315063797,4.788138155821149,4.8811116218566895,3581000,0.0,0.0
2025-09-23,4.862516507980598,4.992679349169628,4.862516507980598,4.983382225036621,7108400,0.0,0.0
2025-09-24,4.9647876800446635,5.020571756487224,4.946192987897143,4.9554901123046875,3282100,0.0,0.0
2025-09-25,4.9554901123046875,4.992679496599728,4.909003603602102,4.9554901123046875,3898000,0.0,0.0
2025-09-26,4.974084273975101,4.983381840723507,4.909003080065786,4.93689489364624,2496300,0.0,0.0
2025-09-29,4.9647874608313,5.150734374096273,4.9647874608313,5.132139682769775,6580900,0.0,0.0
2025-09-30,5.160032222858246,5.253005684561583,5.0949505779996915,5.141437530517578,6395900,0.0,0.0
2025-10-01,5.160031946926615,5.24370783631885,5.057760922855648,5.215816020965576,5800800,0.0,0.0
2025-10-02,5.206518981118886,5.253005935860666,5.104247946686442,5.150734901428223,3735300,0.0,0.0
2025-10-03,5.12284317921213,5.2437084658064315,5.12284317921213,5.187924385070801,3330500,0.0,0.0
2025-10-06,5.206518845528908,5.38316864828186,5.197221720822145,5.364573955535889,6445500,0.0,0.0
2025-10-07,5.3180868046684955,5.364573756474673,5.26230272850054,5.290194988250732,3094300,0.0,0.0
2025-10-08,5.299492310088972,5.3366816955867415,5.2344111071340995,5.280897617340088,3823300,0.0,0.0
2025-10-09,5.318086624145508,5.355276450327494,5.253005425824962,5.318086624145508,2835400,0.0,0.0
2025-10-10,5.327383906591992,5.336681030140927,5.094950054547546,5.122842311859131,7264900,0.0,0.0
2025-10-13,5.187924056494949,5.253005701564155,5.150734671693242,5.24370813369751,5035500,0.0,0.0
2025-10-14,5.197221478907657,5.29019493830989,5.141437403266318,5.271600246429443,3945200,0.0,0.0
2025-10-15,5.206518553682782,5.262302628793777,5.113545095164458,5.253005504608154,9409800,0.0,0.0
2025-10-16,5.187923711895218,5.215815970310017,5.122842514481366,5.197221279144287,3814400,0.0,0.0
2025-10-17,5.1600325663692175,5.2437084658064315,5.141437872790674,5.187924385070801,2338100,0.0,0.0
2025-10-20,5.169329365480735,5.457547319437496,5.1507346730748935,5.411060810089111,6299800,0.0,0.0
2025-10-21,5.169329268220614,5.457547216754599,5.150734576164629,5.290194988250732,2971600,0.0,0.0
2025-10-22,5.308789253234863,5.373870891861456,5.262302305168384,5.308789253234863,3555600,0.0,0.0
2025-10-23,5.336680797963475,5.429654689402247,5.318086108342196,5.383167743682861,4941100,0.0,0.0
2025-10-24,5.4668446040559315,5.522628678383145,5.364573579456499,5.401762962341309,4482000,0.0,0.0
2025-10-27,5.4482496632042015,5.476141477424774,5.327383952695341,5.392465591430664,4970200,0.0,0.0
2025-10-28,5.420357806552626,5.55981821796746,5.3831684226196606,5.541223526000977,5681200,0.0,0.0
2025-10-29,5.559817842097004,5.662088862664859,5.531925584366718,5.5784125328063965,5724600,0.0,0.0
2025-10-30,5.559818171184234,5.624899814185506,5.522628787564199,5.606305122375488,4157700,0.0,0.0
2025-10-31,5.634197514333637,5.67138690175505,5.5970081269122245,5.643495082855225,4998700,0.0,0.0
2025-11-03,5.643494426258113,5.7178731924472785,5.60630504316353,5.671386241912842,4619700,0.0,0.0
2025-11-04,5.643494804207024,5.671386621729687,5.5412237721815485,5.550520896911621,4338100,0.0,0.0
2025-11-05,5.550520650318005,5.6992786293822935,5.271600270820763,5.541223526000977,15417500,0.0,0.0
2025-11-06,5.559818450190577,5.569115574895928,5.327384569235005,5.4482502937316895,6843600,0.0,0.0
2025-11-07,5.392465591430664,5.466844353795381,5.336681076324734,5.392465591430664,8628900,0.0,0.0
2025-11-10,5.503760561772289,5.503760561772289,5.312325594364387,5.34104061126709,6912900,0.166274,0.0
2025-11-11,5.360184055173452,5.484617010970556,5.341040558621356,5.436758041381836,7009200,0.0,0.0
2025-11-12,5.446330099376863,5.666480541229248,5.4367581227490795,5.666480541229248,9089000,0.0,0.0
2025-11-13,5.666480370975323,5.666480370975323,5.561190913318045,5.628193378448486,5705100,0.0,0.0
2025-11-14,5.589906248256825,5.647336735632717,5.532475760880932,5.599477767944336,4101900,0.0,0.0
2025-11-17,5.58990652423222,5.628193517706389,5.417614597181497,5.4463300704956055,8216200,0.0,0.0
2025-11-18,5.39847101623902,5.465473481982193,5.360184023362052,5.427186489105225,5115000,0.0,0.0
2025-11-19,5.388899495612223,5.398471015621892,5.235751067704901,5.321897029876709,6440900,0.0,0.0
2025-11-21,5.2548942310131945,5.37932717816931,5.2548942310131945,5.350612163543701,4619300,0.0,0.0
2025-11-24,5.321897083806493,5.34104058043678,5.015600681304932,5.015600681304932,12360200,0.0,0.0
2025-11-25,5.063459702551748,5.14003368985116,4.919883248156868,5.130462169647217,14733600,0.0,0.0
2025-11-26,5.140033468769086,5.293181893197687,5.101746476766173,5.187892436981201,7104100,0.0,0.0
2025-11-27,5.16874885559082,5.207035846961224,5.120889888169346,5.16874885559082,2829900,0.0,0.0
2025-11-28,5.16874885559082,5.216607366595356,5.140033383854548,5.16874885559082,6758400,0.0,0.0
2025-12-01,5.178320114739001,5.178320114739001,5.101746135850108,5.111318111419678,9157000,0.0,0.0
2025-12-02,5.140033500894499,5.1974639892578125,5.092174988800213,5.1974639892578125,11257500,0.0,0.0
2025-12-03,5.207036102716395,5.350612555615956,5.178320629569698,5.3314690589904785,13641500,0.0,0.0
2025-12-04,5.331469227311518,5.398471239407544,5.274038735621936,5.36975622177124,11543300,0.0,0.0
2025-12-05,5.331468972630071,5.427186454207002,5.159177049374639,5.207036018371582,11567200,0.0,0.0
2025-12-08,5.254894563516231,5.283610036375738,5.1783205777801555,5.216607570648193,16682500,0.0,0.0
2025-12-09,5.168748808157943,5.312325252687846,5.10174634566614,5.264466285705566,6339000,0.0,0.0
2025-12-10,5.331468923163766,5.455901419850793,5.274038434750457,5.408042907714844,8270600,0.0,0.0
2025-12-11,5.388899612006491,5.475045119621991,5.293182127757622,5.455901622772217,6106800,0.0,0.0
2025-12-12,5.388899777847483,5.522904259919829,5.29318229065295,5.4941887855529785,5073900,0.0,0.0
2025-12-15,5.532475860818821,5.542047380679231,5.3218969468864055,5.408042907714844,5165800,0.0,0.0
2025-12-16,5.379327742177683,5.436758233867266,5.302753753258239,5.36975622177124,6508800,0.0,0.0
2025-12-17,5.350612330676823,5.350612330676823,5.235750899335759,5.283609867095947,9474600,0.0,0.0
2025-12-18,5.283609694707368,5.312325165709969,5.226179209119095,5.2453227043151855,6215800,0.0,0.0
2025-12-19,5.245322710083906,5.245322710083906,5.025172286878276,5.0347442626953125,8494000,0.0,0.0
2025-12-22,5.053887961975991,5.149605441926552,5.0060289937922375,5.0826029777526855,5954100,0.0,0.0
2025-12-23,5.101746424643927,5.235750895285061,5.101746424643927,5.178320407867432,4535700,0.0,0.0
2025-12-26,5.1783205777801555,5.216607570648193,5.130462064903587,5.216607570648193,3032500,0.0,0.0
2025-12-29,5.245322838331628,5.2548943579657585,5.1304618642204165,5.16874885559082,4655700,0.0,0.0
2025-12-30,5.207036050639663,5.283610036375738,5.1783205777801555,5.216607570648193,5084700,0.0,0.0
2026-01-02,5.216607416273915,5.264466384151157,5.04431595346634,5.073031425476074,8175600,0.0,0.0
2026-01-05,5.109949346477787,5.255669958517309,5.0613755003082606,5.245955467224121,6678300,0.078002,0.0
2026-01-06,5.265384799211031,5.411105871334692,5.20709646300847,5.391676425933838,8062400,0.0,0.0
2026-01-07,5.401391266385638,5.459679606358361,5.3236734797553416,5.420820713043213,7946900,0.0,0.0
2026-01-08,5.430535189003753,5.440249679858425,5.33338750104998,5.34310245513916,5941400,0.0,0.0
2026-01-09,5.323673010195307,5.430535189003753,5.313958056106127,5.34310245513916,3951300,0.0,0.0
2026-01-12,5.362532262360741,5.449965002132045,5.304243923591384,5.411106109619141,5184200,0.0,0.0
2026-01-13,5.372246980267604,5.459679252949867,5.313958180833404,5.430535316467285,6631500,0.0,0.0
2026-01-14,5.44996476032944,5.673403613982434,5.352817533357382,5.663688659667969,9173700,0.0,0.0
2026-01-15,5.683118351104117,5.712262752074754,5.498538380248845,5.527682781219482,5972000,0.0,0.0
2026-01-16,5.50825309833896,5.50825309833896,5.362532026215298,5.391676425933838,5676900,0.0,0.0
2026-01-19,5.362532375842149,5.391676777460848,5.313958527555834,5.381961822509766,3504200,0.0,0.0
2026-01-20,5.352817408576686,5.362531899430176,5.275099165576228,5.304243564605713,3822400,0.0,0.0
2026-01-21,5.333387960824668,5.585971230103678,5.333387960824668,5.576256275177002,6825200,0.0,0.0
2026-01-22,5.547111877080718,5.780265217180916,5.537396922959289,5.6539740562438965,14952100,0.0,0.0
2026-01-23,5.702547784002919,5.896842709138844,5.615115507764563,5.799695014953613,8392100,0.0,0.0
2026-01-26,5.799694776660147,5.955130803029357,5.741406440484638,5.7802653312683105,8043400,0.0,0.0
2026-01-27,5.867698421916149,6.023133994448641,5.857983930250141,6.00370454788208,8392500,0.0,0.0
2026-01-28,6.023133532024653,6.236857891082764,6.023133532024653,6.236857891082764,10333400,0.0,0.0
2026-01-29,6.2951465942241285,6.372864379065797,5.9551310539245605,5.9551310539245605,8710100,0.0,0.0
2026-01-30,5.945416096834818,5.945416096834818,5.692833296199966,5.721977233886719,10419700,0.0,0.0
2026-02-02,5.741406440237753,5.828839176114517,5.712262503768511,5.819124221801758,7267600,0.0,0.0
2026-02-03,5.867698312512795,6.003704435942889,5.857983821027914,5.993989944458008,6396200,0.0,0.0
2026-02-04,5.935701370574175,6.052278043179268,5.819124234734562,5.8968424797058105,5448200,0.0,0.0
2026-02-05,5.877413021462011,5.955130803029357,5.760835885876474,5.7802653312683105,6173500,0.0,0.0
2026-02-06,5.780265572494762,5.867698312024094,5.663688895278676,5.721977233886719,6813200,0.0,0.0
2026-02-09,5.7511213945505135,5.838554130427277,5.702547549455752,5.819124221801758,5897000,0.0,0.0
2026-02-10,5.828839177670686,5.848268623066874,5.585970878601074,5.585970878601074,6729400,0.0,0.0
2026-02-11,5.6442593384686175,5.770550967928446,5.585971001002818,5.7122626304626465,9965200,0.0,0.0
2026-02-12,5.683118225147053,5.683118225147053,5.391676538072695,5.40139102935791,9763800,0.0,0.0
2026-02-13,5.294528610517716,5.352817408576686,5.24595522978125,5.304243564605713,10188400,0.0,0.0
2026-02-18,5.42082059932327,5.440250045573246,5.16823779807358,5.177952289581299,8951400,0.0,0.0
2026-02-19,5.177952289581299,5.216811182081251,5.090519549839137,5.177952289581299,7097400,0.0,0.0
2026-02-20,5.139093397081346,5.197381735831275,5.080805058331418,5.177952289581299,8871600,0.0,0.0
2026-02-23,5.11966395083137,5.245955583073485,5.061375612081442,5.177952289581299,14775000,0.0,0.0
2026-02-24,5.177952285706448,5.343102810324926,5.158522839471011,5.255670070648193,11895500,0.0,0.0
2026-02-25,5.294528847954529,5.391676540253131,5.284814356665386,5.323673248291016,9376400,0.0,0.0
2026-02-26,5.333387626764045,5.401390917287699,5.265384799474909,5.352817535400391,10183300,0.0,0.0
2026-02-27,5.304243803574398,5.3625321410248885,5.284814357757568,5.284814357757568,6731300,0.0,0.0
2026-03-02,5.226525784839763,5.352817408576686,5.197381385810277,5.304243564605713,7126700,0.0,0.0
2026-03-03,5.148808001796719,5.177951937573147,5.041945823069298,5.109949111938477,12377300,0.0,0.0
2026-03-04,5.20709645072421,5.245955341434244,5.148808114659159,5.197381496429443,5776100,0.0,0.0
2026-03-05,5.216811059640095,5.216811059640095,5.003087155906565,5.012801647186279,13585700,0.0,0.0
2026-03-06,4.993372440338135,5.041946288764676,4.857366313272188,4.993372440338135,14384500,0.0,0.0
2026-03-09,4.973942754560119,5.080804938021843,4.876795525610611,5.051660537719727,12030800,0.0,0.0
2026-03-10,5.119663956798826,5.119663956798826,4.983657832890465,5.061375617980957,9462800,0.0,0.0
2026-03-11,5.003087043580177,5.129378670022738,4.954513198568571,5.041945934295654,8707900,0.0,0.0
2026-03-12,4.993372076210021,5.10994921128574,4.84765100479126,4.84765100479126,19174300,0.0,0.0
2026-03-13,4.857366089549227,4.886510489909715,4.692215568387029,4.701930522918701,13391000,0.0,0.0
2026-03-16,4.740789175451496,4.818506954846684,4.682500840905106,4.760218620300293,10434700,0.0,0.0
2026-03-17,4.76021885816592,4.837936641444624,4.76021885816592,4.779648303985596,7599900,0.0,0.0
2026-03-18,4.760218975775309,4.808792359907324,4.672786235809326,4.672786235809326,11551600,0.0,0.0
2026-03-19,4.633927230900581,4.79907775206278,4.5173505559276865,4.701930522918701,12552800,0.0,0.0
2026-03-20,4.682500951788969,4.731074333443949,4.60478270731887,4.614497661590576,19700700,0.0,0.0
2026-03-23,4.711645124310592,4.837936756766155,4.701930632786454,4.750504016876221,11095700,0.0,0.0
2026-03-24,4.7505037914029105,4.905939817522499,4.711644900681643,4.886510372161865,12565500,0.0,0.0
2026-03-25,4.915654294982553,4.93508374028942,4.818507068448217,4.84765100479126,13350800,0.0,0.0
2026-03-26,4.808792114339408,4.828221559646929,4.740789287380341,4.769933223724365,6395300,0.0,0.0
2026-03-27,4.740789527396835,4.808792357798746,4.6825011885232515,4.711645126342773,6622000,0.0,0.0
2026-03-30,4.769933110262986,4.828221444799057,4.711644775726914,4.721359729766846,9597400,0.0,0.0
2026-03-31,4.789362668950621,4.828221559565004,4.711644887721855,4.8087921142578125,9209100,0.0,0.0
2026-04-01,4.8087921142578125,4.8962248497574326,4.76993322364343,4.8087921142578125,9433000,0.0,0.0
2026-04-02,4.711645011999465,4.818507195624948,4.682501074887215,4.779648303985596,5689900,0.0,0.0
2026-04-06,4.779648305100565,4.808792242219614,4.740789413452148,4.740789413452148,5237900,0.0,0.0
2026-04-07,4.740789525352083,4.760218971634897,4.692215678027778,4.750504016876221,7672700,0.0,0.0
2026-04-08,4.925369500084278,4.973942884207852,4.876795652726163,4.944798946380615,11532100,0.0,0.0
2026-04-09,4.935083866119385,4.993372203526166,4.867081037428738,4.935083866119385,6994900,0.0,0.0
2026-04-10,4.973943002530468,4.983657957527011,4.876795768737793,4.876795768737793,6437600,0.0,0.0
2026-04-13,4.876795530863319,4.896224976674148,4.818507193430833,4.85736608505249,5801200,0.0,0.0
2026-04-14,4.876795417678321,4.935083753758001,4.857365972318428,4.9253692626953125,6225800,0.0,0.0
2026-04-15,4.8962251031656185,4.935083995791175,4.867081165313721,4.867081165313721,6683800,0.0,0.0
2026-04-16,4.905939932304783,4.964228269750433,4.808792239994171,4.818507194519043,8389100,0.0,0.0
2026-04-17,4.929999828338623,5.03000020980835,4.929999828338623,4.980000019073486,7435900,0.141493,0.0
2026-04-20,4.96999979019165,5.039999961853027,4.96999979019165,5.039999961853027,5805600,0.0,0.0
2026-04-22,5.010000228881836,5.050000190734863,4.940000057220459,4.940000057220459,5060800,0.0,0.0
2026-04-23,4.949999809265137,4.960000038146973,4.800000190734863,4.800000190734863,7513300,0.0,0.0
2026-04-24,4.800000190734863,4.809999942779541,4.710000038146973,4.739999771118164,7033300,0.0,0.0
2026-04-27,4.75,4.829999923706055,4.730000019073486,4.760000228881836,5125500,0.0,0.0
2026-04-28,4.730000019073486,4.730000019073486,4.670000076293945,4.670000076293945,6076100,0.0,0.0
2026-04-29,4.670000076293945,4.679999828338623,4.550000190734863,4.590000152587891,11931500,0.0,0.0
2026-04-30,4.619999885559082,4.710000038146973,4.619999885559082,4.670000076293945,6392400,0.0,0.0
2026-05-04,4.690000057220459,4.71999979019165,4.550000190734863,4.590000152587891,7433000,0.0,0.0
2026-05-05,4.579999923706055,4.659999847412109,4.579999923706055,4.599999904632568,4548700,0.0,0.0
2026-05-06,4.690000057220459,4.840000152587891,4.670000076293945,4.809999942779541,10852300,0.0,0.0
2026-05-07,4.789999961853027,4.860000133514404,4.699999809265137,4.75,5016200,0.0,0.0
2026-05-08,4.800000190734863,4.860000133514404,4.769999980926514,4.809999942779541,12849000,0.0,0.0
2026-05-11,4.800000190734863,4.900000095367432,4.78000020980835,4.889999866485596,6360500,0.0,0.0
2026-05-12,4.880000114440918,4.980000019073486,4.840000152587891,4.96999979019165,8636300,0.0,0.0
2026-05-13,4.949999809265137,5.03000020980835,4.800000190734863,4.820000171661377,9548900,0.0,0.0
2026-05-14,4.829999923706055,4.880000114440918,4.619999885559082,4.769999980926514,9365700,0.0,0.0
2026-05-15,4.699999809265137,4.75,4.590000152587891,4.71999979019165,8047100,0.0,0.0
2026-05-18,4.71999979019165,4.75,4.260000228881836,4.28000020980835,16050700,0.0,0.0
2026-05-19,4.28000020980835,4.309999942779541,4.079999923706055,4.079999923706055,12721000,0.0,0.0
2026-05-20,4.159999847412109,4.510000228881836,4.130000114440918,4.5,22104100,0.0,0.0
2026-05-21,4.480000019073486,4.5,4.389999866485596,4.429999828338623,5788700,0.0,0.0
2026-05-22,4.400000095367432,4.510000228881836,4.340000152587891,4.480000019073486,4745800,0.0,0.0
2026-05-25,4.5,4.539999961853027,4.409999847412109,4.489999771118164,4619500,0.0,0.0
2026-05-26,4.489999771118164,4.579999923706055,4.480000019073486,4.510000228881836,4575700,0.0,0.0
2026-05-27,4.480000019073486,4.659999847412109,4.460000038146973,4.630000114440918,10305700,0.0,0.0
2026-05-28,4.650000095367432,4.75,4.570000171661377,4.699999809265137,6136100,0.0,0.0
2026-05-29,4.699999809265137,4.75,4.639999866485596,4.659999847412109,14191000,0.0,0.0
2026-06-01,4.650000095367432,4.690000057220459,4.420000076293945,4.539999961853027,5980300,0.0,0.0
2026-06-02,4.539999961853027,4.849999904632568,4.53000020980835,4.78000020980835,10651000,0.0,0.0
2026-06-03,4.710000038146973,4.75,4.429999828338623,4.5,10635600,0.0,0.0
2026-06-05,4.480000019073486,4.489999771118164,4.349999904632568,4.369999885559082,10165800,0.0,0.0
2026-06-08,4.360000133514404,4.389999866485596,4.289999961853027,4.309999942779541,5397900,0.0,0.0
2026-06-09,4.340000152587891,4.400000095367432,4.28000020980835,4.349999904632568,9176900,0.0,0.0
2026-06-10,4.320000171661377,4.380000114440918,4.269999980926514,4.320000171661377,9674100,0.0,0.0
2026-06-11,4.320000171661377,4.420000076293945,4.260000228881836,4.340000152587891,10124500,0.0,0.0
2026-06-12,4.329999923706055,4.449999809265137,4.230000019073486,4.300000190734863,16671700,0.0,0.0
2026-06-15,4.389999866485596,4.599999904632568,4.380000114440918,4.389999866485596,16714100,0.0,0.0
2026-06-16,4.349999904632568,4.449999809265137,4.349999904632568,4.349999904632568,8643700,0.0,0.0
2026-06-17,4.349999904632568,4.420000076293945,4.269999980926514,4.269999980926514,10882800,0.0,0.0
2026-06-18,4.28000020980835,4.300000190734863,4.199999809265137,4.210000038146973,8779900,0.0,0.0
2026-06-19,4.210000038146973,4.389999866485596,4.210000038146973,4.320000171661377,9284500,0.0,0.0
2026-06-22,4.329999923706055,4.380000114440918,4.300000190734863,4.300000190734863,7723900,0.0,0.0
2026-06-23,4.289999961853027,4.349999904632568,4.239999771118164,4.28000020980835,8023200,0.0,0.0
2026-06-24,4.28000020980835,4.349999904632568,4.25,4.269999980926514,9440800,0.0,0.0
2026-06-25,4.300000190734863,4.329999923706055,4.170000076293945,4.239999771118164,9753200,0.0,0.0
2026-06-26,4.21999979019165,4.389999866485596,4.21999979019165,4.25,8440400,0.0,0.0
2026-06-29,4.269999980926514,4.289999961853027,4.150000095367432,4.159999847412109,5729700,0.0,0.0
2026-06-30,4.159999847412109,4.230000019073486,4.079999923706055,4.179999828338623,8556400,0.0,0.0
2026-07-01,4.130000114440918,4.210000038146973,4.099999904632568,4.139999866485596,6400900,0.0,0.0
2026-07-02,4.179999828338623,4.269999980926514,4.179999828338623,4.25,8492100,0.0,0.0
2026-07-03,4.230000019073486,4.320000171661377,4.230000019073486,4.309999942779541,5653800,0.0,0.0
2026-07-06,4.269999980926514,4.360000133514404,4.260000228881836,4.329999923706055,6298800,0.0,0.0
2026-07-07,4.320000171661377,4.559999942779541,4.28000020980835,4.550000190734863,9911300,0.0,0.0
2026-07-08,4.409999847412109,4.849999904632568,4.409999847412109,4.659999847412109,15268200,0.0,0.0
2026-07-09,4.650000095367432,4.909999847412109,4.599999904632568,4.829999923706055,10620700,0.0,0.0
2026-07-10,4.949999809265137,5.230000019073486,4.920000076293945,5.230000019073486,14425800,0.0,0.0
2026-07-13,5.210000038146973,5.559999942779541,5.179999828338623,5.449999809265137,24044300,0.0,0.0
2026-07-14,5.460000038146973,5.5,5.019999980926514,5.099999904632568,16629400,0.0,0.0
2026-07-15,5.099999904632568,5.260000228881836,4.989999771118164,5.239999771118164,8831400,0.0,0.0
2026-07-16,5.199999809265137,5.550000190734863,5.159999847412109,5.449999809265137,13610300,0.0,0.0
2026-07-17,5.400000095367432,5.46999979019165,5.260000228881836,5.329999923706055,7706900,0.0,0.0
2026-07-20,5.309999942779541,5.440000057220459,5.239999771118164,5.389999866485596,9649000,0.0,0.0
2026-07-21,5.349999904632568,5.590000152587891,5.329999923706055,5.579999923706055,12317400,0.0,0.0
2026-07-22,5.579999923706055,5.920000076293945,5.579999923706055,5.840000152587891,13578100,0.0,0.0
2026-07-23,5.800000190734863,5.929999828338623,5.630000114440918,5.829999923706055,13430900,0.0,0.0
2026-07-24,5.739999771118164,5.869999885559082,5.679999828338623,5.690000057220459,9831800,0.0,0.0
2026-07-27,5.670000076293945,5.809999942779541,5.659999847412109,5.800000190734863,5635100,0.0,0.0
2026-07-28,5.929999828338623,5.980000019073486,5.840000152587891,5.960000038146973,7894600,0.0,0.0
2026-07-29,5.900000095367432,5.989999771118164,5.739999771118164,5.980000019073486,7806100,0.0,0.0
2026-07-30,5.989999771118164,6.170000076293945,5.71999979019165,5.71999979019165,11271100,0.0,0.0
2026-07-31,5.639999866485596,5.809999942779541,5.619999885559082,5.710000038146973,4371600,0.0,0.0
2026-08-03,5.710000038146973,5.769999980926514,5.599999904632568,5.730000019073486,5102800,0.0,0.0
2026-08-04,5.800000190734863,5.929999828338623,5.670000076293945,5.909999847412109,6977600,0.0,0.0
2026-08-05,5.900000095367432,5.980000019073486,5.75,5.900000095367432,3674100,0.0,0.0
2026-08-06,5.860000133514404,5.940000057220459,5.75,5.75,3475500,0.0,0.0
2026-08-07,5.739999771118164,5.760000228881836,5.429999828338623,5.449999809265137,7088100,0.0,0.0
2026-08-10,5.429999828338623,5.5,5.309999942779541,5.460000038146973,4174100,0.0,0.0
2026-08-11,5.420000076293945,5.570000171661377,5.360000133514404,5.570000171661377,3810700,0.0,0.0
2026-08-12,5.559999942779541,5.789999961853027,5.5,5.789999961853027,9236400,0.0,0.0
2026-08-13,5.809999942779541,5.880000114440918,5.429999828338623,5.489999771118164,10466600,0.0,0.0
2026-08-14,5.230000019073486,5.619999885559082,5.199999809265137,5.539999961853027,10641800,0.0,0.0
2026-08-17,5.559999942779541,5.869999885559082,5.289999961853027,5.78000020980835,11116400,0.0,0.0
2026-08-18,5.739999771118164,5.869999885559082,5.71999979019165,5.78000020980835,6246400,0.0,0.0
2026-08-19,5.869999885559082,6.059999942779541,5.829999923706055,5.909999847412109,7587900,0.0,0.0
2026-08-20,5.820000171661377,5.929999828338623,5.579999923706055,5.630000114440918,5160200,0.0,0.0
2026-08-21,5.650000095367432,5.980000019073486,5.579999923706055,5.900000095367432,8746100,0.0,0.0
2026-08-24,5.829999923706055,6.119999885559082,5.789999961853027,5.96999979019165,7316100,0.0,0.0
2026-08-25,5.960000038146973,6.019999980926514,5.809999942779541,5.880000114440918,5010700,0.0,0.0
2026-08-26,5.889999866485596,6.010000228881836,5.889999866485596,5.989999771118164,5069000,0.0,0.0
2026-08-27,5.929999828338623,6.079999923706055,5.869999885559082,6.010000228881836,5357700,0.0,0.0
2026-08-28,6.010000228881836,6.019999980926514,5.869999885559082,6.0,2662900,0.0,0.0
2026-08-31,6.010000228881836,6.099999904632568,5.920000076293945,5.920000076293945,5543900,0.0,0.0
2026-09-01,5.960000038146973,6.170000076293945,5.900000095367432,6.079999923706055,7641400,0.0,0.0
2026-09-02,6.110000133514404,6.429999828338623,6.059999942779541,6.400000095367432,10598000,0.0,0.0
2026-09-03,6.460000038146973,6.800000190734863,6.460000038146973,6.659999847412109,10307000,0.0,0.0
2026-09-04,6.579999923706055,6.860000133514404,6.550000190734863,6.590000152587891,9952900,0.0,0.0
2026-09-08,6.679999828338623,6.800000190734863,6.579999923706055,6.71999979019165,6275800,0.0,0.0
2026-09-09,6.639999866485596,7.03000020980835,6.639999866485596,6.960000038146973,9244700,0.0,0.0
2026-09-10,6.849999904632568,6.989999771118164,6.650000095367432,6.989999771118164,7396700,0.0,0.0
2026-09-11,6.920000076293945,7.070000171661377,6.590000152587891,6.71999979019165,8930100,0.0,0.0
2026-09-14,6.519999980926514,6.679999828338623,6.230000019073486,6.260000228881836,12000200,0.0,0.0
2026-09-15,6.28000020980835,6.409999847412109,6.179999828338623,6.199999809265137,7878500,0.0,0.0
2026-09-16,6.199999809265137,6.199999809265137,5.849999904632568,6.079999923706055,14351200,0.0,0.0
2026-09-17,6.110000133514404,6.130000114440918,5.630000114440918,5.739999771118164,13757800,0.0,0.0
2026-09-18,5.699999809265137,5.710000038146973,5.460000038146973,5.460000038146973,12952100,0.0,0.0
2026-09-21,5.460000038146973,5.599999904632568,5.380000114440918,5.380000114440918,7260500,0.0,0.0
2026-09-22,5.389999866485596,5.389999866485596,5.260000228881836,5.269999980926514,7993200,0.0,0.0
2026-09-23,5.230000019073486,5.25,5.099999904632568,5.099999904632568,6600300,0.0,0.0
2026-09-24,5.119999885559082,5.159999847412109,4.980000019073486,4.980000019073486,7617400,0.0,0.0
2026-09-25,4.989999771118164,5.03000020980835,4.929999828338623,4.949999809265137,5418100,0.0,0.0
2026-09-28,4.949999809265137,5.050000190734863,4.840000152587891,5.050000190734863,7643300,0.0,0.0
