Date,Open,High,Low,Close,Volume,Dividends,Stock splits
2020-09-17,4.089458936876209,4.157336466416524,4.070065224899293,4.13341760635376,4494000,0.0,0.0
2020-09-18,4.134709430706164,4.136648955567154,3.968571186065674,3.968571186065674,4811000,0.0,0.0
2020-09-21,3.920735007034321,4.024167323101982,3.880654768781271,4.011884689331055,4408000,0.0,0.0
2020-09-22,4.008005761353702,4.061661442372111,3.971804575704733,4.011238098144531,2397000,0.0,0.0
2020-09-23,4.009298580552369,4.027399172020339,3.929138422012329,3.929138422012329,2309000,0.0,0.0
2020-09-24,3.9537035818661406,4.04226731988283,3.8994015006478078,3.983440399169922,15155000,0.0,0.0
2020-09-25,3.9692192777606765,3.973098020877859,3.8386360564085846,3.8638477325439453,3267000,0.0,0.0
2020-09-28,3.896169591401427,3.9103914418443813,3.7358492609881377,3.751364231109619,2195000,0.0,0.0
2020-09-29,3.7662328665875267,3.7772223804204454,3.6796080261114392,3.7145164012908936,3253000,0.0,0.0
2020-09-30,3.720981001571801,3.769464820780039,3.663446577632225,3.7364959716796875,3206000,0.0,0.0
2020-10-01,3.7714051021589188,3.7714051021589188,3.6311248621137784,3.7022347450256348,2645000,0.0,0.0
2020-10-02,3.6537498665129498,3.7242133292860475,3.6537498665129498,3.6666789054870605,1494000,0.0,0.0
2020-10-05,3.671850262670373,3.7558891656251787,3.635649078783741,3.71710205078125,2294000,0.0,0.0
2020-10-06,3.717102042163101,3.8050196872237203,3.717102042163101,3.746192455291748,1594000,0.0,0.0
2020-10-07,3.764293788141951,3.764293788141951,3.702234515621081,3.709991693496704,1983000,0.0,0.0
2020-10-08,3.7287381703635805,3.8076052091332895,3.7086980537160796,3.7933833599090576,2481000,0.0,0.0
2020-10-09,3.8140706512175604,3.850918247148878,3.7688188552856445,3.7688188552856445,986000,0.0,0.0
2020-10-13,3.777869198240661,3.8004952506049596,3.7332641158130233,3.7752835750579834,750000,0.0,0.0
2020-10-14,3.784333775737861,3.861908017778137,3.7714047353978146,3.839282274246216,1419000,0.0,0.0
2020-10-15,3.814070758512393,3.947239910397489,3.7920914198423463,3.936896800994873,6474000,0.0,0.0
2020-10-16,3.9317241318803267,3.9394816164680195,3.8069588975614597,3.8121304512023926,3779000,0.0,0.0
2020-10-19,3.8205352086291136,3.821181614449375,3.693830728530884,3.693830728530884,2759000,0.0,0.0
2020-10-20,3.7203340800388234,3.752010113322536,3.677021820787547,3.7229197025299072,2318000,0.0,0.0
2020-10-21,3.731323944469635,3.777222138798597,3.7106374213247824,3.7455461025238037,1433000,0.0,0.0
2020-10-22,3.750717503983785,3.8418671750050213,3.7436064252453796,3.7933833599090576,2428000,0.0,0.0
2020-10-23,3.8056666034021895,3.848332466180178,3.7946767807006836,3.7946767807006836,1758000,0.0,0.0
2020-10-26,3.7966162007517203,3.9252601912728116,3.7856263783555573,3.841867685317993,2384000,0.0,0.0
2020-10-27,3.85996850184207,3.8664328673857056,3.7856262944482784,3.816009521484375,1203000,0.0,0.0
2020-10-28,3.7946764802465665,3.7946764802465665,3.6886582374572754,3.6886582374572754,1096000,0.0,0.0
2020-10-29,3.687365242941153,3.6938299162274433,3.5684179670961935,3.666032314300537,1005000,0.0,0.0
2020-10-30,3.6531032402246826,3.6712038320449882,3.549024220752754,3.549670934677124,970000,0.0,0.0
2020-11-03,3.6104377889353025,3.694476700759398,3.6052662347275013,3.69124436378479,2322000,0.0,0.0
2020-11-04,3.7171021212016786,3.7985550947423126,3.6944763808438896,3.74813175201416,2558000,0.0,0.0
2020-11-05,3.7856255948465702,3.8399276733398438,3.7436061476941895,3.8399276733398438,2117000,0.0,0.0
2020-11-06,3.821180602347751,3.987319184256638,3.773343193539715,3.9808545112609863,2677000,0.0,0.0
2020-11-09,4.061013987443223,4.081700506006232,3.9653388776208676,4.038388252258301,2583000,0.0,0.0
2020-11-10,4.068772359049904,4.075236724120608,3.949825082524077,4.066186428070068,1913000,0.0,0.0
2020-11-11,4.046146933334002,4.046146933334002,3.8709583282470708,3.8709583282470703,1989000,0.0,0.0
2020-11-12,3.8619074024531463,3.920088228839611,3.817302328275421,3.8599681854248047,1545000,0.0,0.0
2020-11-13,3.8787152216984673,4.20194149017334,3.8780688160159116,4.20194149017334,6123000,0.0,0.0
2020-11-16,4.22715359985001,4.272405393102023,4.1980631833489035,4.219396114349365,2312000,0.0,0.0
2020-11-17,4.219395799487787,4.26335446970764,4.140528755372602,4.16444730758667,4309000,0.0,0.0
2020-11-18,4.163801470267799,4.205174523329789,4.079116146774966,4.1224284172058105,3804000,0.0,0.0
2020-11-19,4.123720837856156,4.16315435861065,4.10820586852533,4.117256164550781,611000,0.0,0.0
2020-11-23,4.101741240797648,4.120488546989477,4.04614634441455,4.092690944671631,1600000,0.0,0.0
2020-11-24,4.092690645277626,4.158628952590131,4.039035278133796,4.144406795501709,1194000,0.0,0.0
2020-11-25,4.1353570238333415,4.240728862800509,4.1353570238333415,4.196770191192627,1710000,0.0,0.0
2020-11-26,4.205173932781938,4.205173932781938,4.150871846795497,4.200648784637451,735000,0.0,0.0
2020-11-27,4.200648239380945,4.224566788396364,4.17479016526816,4.1844868659973145,1201000,0.0,0.0
2020-11-30,4.184487149406887,4.294384125955673,4.183840743748171,4.212931156158447,1318000,0.0,0.0
2020-12-01,4.273697843555356,4.31571729625682,4.1612149298039105,4.302788257598877,1163000,0.0,0.0
2020-12-02,4.31830277385467,4.36678689838136,4.269818957580567,4.321535110473633,1128000,0.0,0.0
2020-12-03,4.355150949461458,4.355150949461458,4.258183002471924,4.258183002471924,861000,0.0,0.0
2020-12-04,4.2581836143695275,4.3215360072863085,4.254304871272365,4.283395290374756,706000,0.0,0.0
2020-12-07,4.2665862602411595,4.3926446034497895,4.2665862602411595,4.313130855560303,2105000,0.0,0.0
2020-12-08,4.3131311213485315,4.35450416601565,4.223274261518677,4.234910488128662,914000,0.0,0.0
2020-12-09,4.2543045126423475,4.276930563510567,4.207113501899749,4.238143444061279,1136000,0.0,0.0
2020-12-10,4.30084873519797,4.346746930353419,4.214870612651309,4.280808925628662,1675000,0.0,0.0
2020-12-11,4.318302966109217,4.4185032479899755,4.265940405211649,4.413978099822998,1390000,0.0,0.0
2020-12-14,4.415917068510152,4.501895495351176,4.371311995051705,4.412038326263428,1412000,0.0,0.0
2020-12-15,4.412038365062013,4.412685078985973,4.331878513265038,4.3945841789245605,1036000,0.0,0.0
2020-12-16,4.40751276511753,4.480562147038141,4.366786437724169,4.457289695739746,1498000,0.0,0.0
2020-12-17,4.4676335158267015,4.499309861557999,4.382948511229856,4.4113922119140625,1888000,0.0,0.0
2020-12-18,4.438543207446654,4.478623133815515,4.3978165671462435,4.44694709777832,1709000,0.0,0.0
2020-12-21,4.408159467504087,4.423028030432299,4.298909206575495,4.405573844909668,1422000,0.0,0.0
2020-12-22,4.427553396572156,4.472805184984434,4.395877360460374,4.454704284667969,1092000,0.0,0.0
2020-12-23,4.483794663218509,4.583994940976925,4.482501851867589,4.571065902709961,1627000,0.0,0.0
2020-12-28,4.589166397509378,4.71845677744276,4.572358617292781,4.708113670349121,2050000,0.0,0.0
2020-12-29,4.745659329487629,4.754401517980254,4.57350558711798,4.622596263885498,3420000,0.281832,0.0
2020-12-30,4.62259692679228,4.707328796386719,4.580230831664397,4.707328796386719,3000000,0.0,0.0
2021-01-04,4.708000564673952,4.726829795136529,4.549968744542785,4.606456756591797,2108000,0.0,0.0
2021-01-05,4.599732940049505,4.599732940049505,4.467255236569771,4.506931304931641,2143000,0.0,0.0
2021-01-06,4.53450269110377,4.568799023957108,4.40538744345387,4.481377124786377,2348000,0.0,0.0
2021-01-07,4.480704887912354,4.527777973567959,4.376471031303868,4.41345739364624,1803000,0.0,0.0
2021-01-08,4.436993716152381,4.564091682434082,4.408749866161483,4.564091682434082,3960000,0.0,0.0
2021-01-11,4.562073774550981,4.581575754038172,4.348899098350746,4.387902736663818,3958000,0.0,0.0
2021-01-12,4.4100939036810045,4.4100939036810045,4.289720869098036,4.310567378997803,2267000,0.0,0.0
2021-01-13,4.312585290724889,4.332759375393906,4.223146121859977,4.23054313659668,1975000,0.0,0.0
2021-01-14,4.245338434641099,4.346882261707291,4.220456717834326,4.274927139282227,1584000,0.0,0.0
2021-01-15,4.282324074089119,4.293083543738223,4.202971943277712,4.2534074783325195,1458000,0.0,0.0
2021-01-18,4.265512603317445,4.303171392659703,4.215077062573699,4.238613605499268,739000,0.0,0.0
2021-01-19,4.262150604962522,4.262150604962522,4.156572203580949,4.219112396240234,1462000,0.0,0.0
2021-01-20,4.209695675019649,4.221127568242112,4.108151885876083,4.118238925933838,2222000,0.0,0.0
2021-01-21,4.237267785059885,4.261476749308349,4.1303442450283905,4.202971458435059,4594000,0.0,0.0
2021-01-22,4.13370698161242,4.16127872467041,4.058389729784129,4.16127872467041,2486000,0.0,0.0
2021-01-26,4.1424485559722015,4.219110970657642,4.090668173485441,4.115549564361572,1215000,0.0,0.0
2021-01-27,4.103444579138382,4.187503994495856,4.076545271215667,4.118238925933838,4777000,0.0,0.0
2021-01-28,4.133035217811478,4.262150481562903,4.109498673046247,4.24466609954834,2111000,0.0,0.0
2021-01-29,4.220456652136209,4.268202483844738,4.179435729980469,4.179435729980469,1455000,0.0,0.0
2021-02-01,4.241975063355305,4.25609698579142,4.142448538291748,4.198264122009277,1349000,0.0,0.0
2021-02-02,4.23256127725067,4.303171223919903,4.215749324108217,4.275599479675293,992000,0.0,0.0
2021-02-03,4.297791602757,4.297791602757,4.207007559663145,4.272237777709961,1938000,0.0,0.0
2021-02-04,4.326707827692816,4.344864634734254,4.233906191335836,4.255425453186035,3296000,0.0,0.0
2021-02-05,4.262822892102721,4.3616766929626465,4.231216265066477,4.3616766929626465,1101000,0.0,0.0
2021-02-08,4.366384139404057,4.369746594399809,4.305861232125959,4.33477783203125,1283000,0.0,0.0
2021-02-09,4.33074208889858,4.344864012278631,4.264167032397232,4.297118186950684,2151000,0.0,0.0
2021-02-10,4.30720585620525,4.30720585620525,4.250045411226082,4.2836689949035645,1407000,0.0,0.0
2021-02-11,4.279634319066224,4.376470834724324,4.271564876645826,4.337467193603516,1034000,0.0,0.0
2021-02-12,4.330069546202386,4.339484161536956,4.276943987770687,4.293083190917969,780000,0.0,0.0
2021-02-17,4.293083575106431,4.296446029644336,4.21642147147781,4.2285261154174805,1072000,0.0,0.0
2021-02-18,4.186832450068594,4.218438753147821,4.088651086291937,4.126309871673584,2193000,0.0,0.0
2021-02-19,4.125636869274951,4.16195047537762,4.073183740166087,4.12092924118042,1209000,0.0,0.0
2021-02-22,4.061751505150933,4.061751505150933,3.790743993380293,3.9750020503997803,2880000,0.0,0.0
2021-02-23,4.020059416427032,4.073857415387115,3.958191653490663,4.006609916687012,2745000,0.0,0.0
2021-02-24,4.027456026641644,4.085288901756799,3.996522148293476,4.014678955078125,1980000,0.0,0.0
2021-02-25,3.9971941281672896,4.041577820597525,3.9138074399103124,3.9460861682891846,2629000,0.0,0.0
2021-02-26,3.9373444519598078,3.949449096803026,3.843870389325631,3.866734504699707,3239000,0.0,0.0
2021-03-01,3.872114117931074,3.9339818731870184,3.816298845236657,3.8559749126434326,1647000,0.0,0.0
2021-03-02,3.832438476540113,3.9474318100559156,3.7308946425897282,3.9178431034088135,2010000,0.0,0.0
2021-03-03,3.963570185019242,3.963570185019242,3.7934337283054,3.8983399868011475,2535000,0.0,0.0
2021-03-04,3.8969957279299385,4.098738193511963,3.8969957279299385,4.098738193511963,1950000,0.0,0.0
2021-03-05,4.073184530256206,4.073184530256206,3.950793871928305,3.997194528579712,1729000,0.0,0.0
2021-03-08,3.915151862627844,4.058389004669117,3.905064821243286,3.905064821243286,3175000,0.0,0.0
2021-03-09,3.933981789047654,4.014006348953973,3.8996854574702833,3.965588092803955,2878000,0.0,0.0
2021-03-10,3.988452754586288,4.111515522003174,3.9494491125985944,4.111515522003174,2703000,0.0,0.0
2021-03-11,4.1249641370840004,4.170020252198252,4.055026952009888,4.089995384216309,2811000,0.0,0.0
2021-03-12,4.169348369652922,4.344192170257225,4.0819267900121075,4.2298712730407715,3087900,0.0,10.0
2021-03-15,4.2567696138695075,4.45178747177124,4.182797223425693,4.45178747177124,2457600,0.0,0.0
2021-03-16,4.478687286376953,4.525760692690294,4.357641796707238,4.478687286376953,3263400,0.0,0.0
2021-03-17,4.458513123566372,4.519035707054321,4.371091222164363,4.485412120819092,4461900,0.0,0.0
2021-03-18,4.7073290875255385,4.7073290875255385,4.424889290968191,4.478687286376953,3655300,0.0,0.0
2021-03-19,4.498860968458079,4.5997323538903085,4.471961975097656,4.471961975097656,3083700,0.0,0.0
2021-03-22,4.512310977152155,4.606457464596475,4.5055860677183235,4.599732875823975,1539400,0.0,0.0
2021-03-23,4.599732473390143,4.660255049692806,4.579558067515053,4.593007564544678,1073200,0.0,0.0
2021-03-24,4.613182595560205,4.6535310921167765,4.451788288672573,4.478687286376953,1643800,0.0,0.0
2021-03-25,4.498861312866211,4.545934715181279,4.445063322026888,4.498861312866211,2639800,0.0,0.0
2021-03-26,4.505586072309804,4.5526594764106,4.458512988870339,4.512310981750488,1704800,0.0,0.0
2021-03-29,4.525760211348018,4.640081099763585,4.519035302306485,4.566108703613281,1581500,0.0,0.0
2021-03-30,4.579558408222531,4.687154392464401,4.5661089101922965,4.619906902313232,1848700,0.0,0.0
2021-03-31,4.6400813062848885,4.761126788468183,4.6400813062848885,4.707328796386719,1935400,0.0,0.0
2021-04-01,4.4143041364104825,4.4143041364104825,4.27124795827623,4.298496723175049,2446500,0.089853,0.0
2021-04-05,4.291683830493858,4.325744617345845,4.216749579690149,4.257622718811035,1581800,0.0,0.0
2021-04-06,4.271248508485709,4.284872892690172,4.1418166961278455,4.237187385559082,2303900,0.0,0.0
2021-04-07,4.243999100124444,4.298496628724615,4.203125953674316,4.203125953674316,1600500,0.0,0.0
2021-04-08,4.209937982333892,4.264435835764955,4.169064835883764,4.203125953674316,973900,0.0,0.0
2021-04-09,4.175877161297115,4.2235623360862,4.141816043735577,4.182689189910889,1581300,0.0,0.0
2021-04-12,4.18950163994051,4.196313668711328,4.087318609731055,4.141816139221191,3423400,0.0,0.0
2021-04-13,4.12137909629564,4.182688645158216,4.10775471601164,4.175876617431641,3096200,0.0,0.0
2021-04-14,4.175877944788748,4.257624252476877,4.162253560174061,4.2167510986328125,1482600,0.0,0.0
2021-04-15,4.24399871716331,4.2644354509596925,4.203125574401407,4.230374336242676,1990100,0.0,0.0
2021-04-16,4.243999409100118,4.34618244508011,4.189501876532367,4.305309295654297,2365600,0.0,0.0
2021-04-19,4.305309197846733,4.346182346343994,4.278060432181891,4.346182346343994,745300,0.0,0.0
2021-04-20,4.346182412881041,4.407491974150086,4.3121212928630825,4.352994441986084,1144700,0.0,0.0
2021-04-22,4.387055205532978,4.393867234084508,4.264435768127441,4.264435768127441,824900,0.0,0.0
2021-04-23,4.291684978683839,4.3189337453878505,4.230375091184351,4.312121391296387,716100,0.0,0.0
2021-04-26,4.339369870523279,4.346182224163433,4.250811222186664,4.298496723175049,579800,0.0,0.0
2021-04-27,4.298497014694779,4.305309368796941,4.23037509782777,4.243999481201172,580000,0.0,0.0
2021-04-28,4.243998518851641,4.264435251693066,4.169064264874216,4.175876617431641,918100,0.0,0.0
2021-04-29,4.175877645439381,4.216750796353438,4.053257867866283,4.114567756652832,1362500,0.0,0.0
2021-04-30,4.109272414412854,4.129956487290242,3.7921137809753414,3.792113780975342,7104000,0.072319,0.0
2021-05-03,3.888639431695907,3.9231133178460253,3.792113010749858,3.847270965576172,5472400,0.0,0.0
2021-05-04,3.847270671569225,3.8748496468748073,3.6955863073885227,3.730059862136841,6034900,0.0,0.0
2021-05-05,3.7438493407117552,3.764533736524447,3.668007323188961,3.723165273666382,2239300,0.0,0.0
2021-05-06,3.764534631903043,3.7990085235345585,3.702481758473273,3.7438502311706543,1811500,0.0,0.0
2021-05-07,3.7507445165312503,3.8265868682329276,3.7369550279279764,3.7714285850524902,1708500,0.0,0.0
2021-05-10,3.8196925954995513,3.8403769962319396,3.7162712493724,3.7438502311706543,1851500,0.0,0.0
2021-05-11,3.730060038491245,3.799007808782317,3.7024810618817496,3.7783234119415283,1395200,0.0,0.0
2021-05-12,3.7714292626009707,3.7852187536815673,3.5921658785532102,3.6128499507904053,3033200,0.0,0.0
2021-05-13,3.6335333965608725,3.7024808338379898,3.61284900099408,3.640428304672241,1579400,0.0,0.0
2021-05-14,3.681796489341293,3.709375462172013,3.654217516510573,3.7024805545806885,1173400,0.0,0.0
2021-05-17,3.7231656118965217,3.771428658565051,3.6955866341524053,3.757639169692993,1251000,0.0,0.0
2021-05-18,3.757639096449217,3.8127973796296537,3.7231655393247025,3.7714285850524902,1641000,0.0,0.0
2021-05-19,3.7714285034054877,3.8265867853918123,3.743849526795992,3.7783234119415283,1414200,0.0,0.0
2021-05-20,3.771428349935513,3.7990076541900635,3.764533770447366,3.7990076541900635,1009300,0.0,0.0
2021-05-21,3.812797297087065,3.8265867853918123,3.764533923636781,3.7783234119415283,985000,0.0,0.0
2021-05-24,3.7990074715943027,3.9093233682409902,3.7921125636702326,3.888638973236084,2024700,0.0,0.0
2021-05-25,3.8955341929556355,3.930007749033309,3.867955216586564,3.874849796295166,2035400,0.0,0.0
2021-05-26,3.8817451155866887,3.930008164956707,3.867955625942774,3.9231135845184326,1848700,0.0,0.0
2021-05-27,3.9300071121979734,3.964480991456682,3.85416510385646,3.895533561706543,1596700,0.0,0.0
2021-05-28,3.930007809791147,4.0334291371577216,3.902428832995705,4.026534557342529,3132200,0.0,0.0
2021-05-31,4.033428885509497,4.054113281199234,3.9575865396702166,3.992060422897339,940800,0.0,0.0
2021-06-01,3.9782719538919107,4.0334299181632005,3.971377372741699,3.971377372741699,1749700,0.0,0.0
2021-06-02,3.998955163944657,4.005849743041587,3.9575863742938684,3.9782707691192627,1347400,0.0,0.0
2021-06-04,3.992061444959733,3.9989563548773446,3.9300085707708314,3.971377372741699,1286400,0.0,0.0
2021-06-07,3.998955957644324,4.012745447342379,3.9437976700847366,3.964482069015503,1460600,0.0,0.0
2021-06-08,3.9782714762627283,3.9851663853525405,3.9162186095238614,3.9437975883483887,1264200,0.0,0.0
2021-06-09,3.94379713565011,4.040323879223261,3.9231130682896653,4.012744903564453,1628600,0.0,0.0
2021-06-10,4.026533963894601,4.116165460885842,4.005849569962907,4.0954813957214355,2294500,0.0,0.0
2021-06-11,4.102376626251073,4.143745420686581,4.040324092132491,4.116166114807129,1278400,0.0,0.0
2021-06-14,4.116166000370996,4.254061210865184,4.1092714206683185,4.219587326049805,2105900,0.0,0.0
2021-06-15,4.247166013021469,4.309218869954351,4.1989029720890585,4.274744987487793,2006800,0.0,0.0
2021-06-16,4.281640031310114,4.336797981992479,4.219587172408793,4.24027156829834,2357800,0.0,0.0
2021-06-17,4.25406134997845,4.323008793096549,4.164429509541251,4.185113906860352,3825400,0.0,0.0
2021-06-18,4.157535237232348,4.267851154383665,3.9231135845184326,3.9231135845184326,9697400,0.0,0.0
2021-06-21,4.026533938666427,4.067902397503334,3.9851654798295195,4.054112911224365,3555000,0.0,0.0
2021-06-22,4.054113700082764,4.067903189044922,4.0196398132936935,4.0403242111206055,1104400,0.0,0.0
2021-06-23,4.054113376068751,4.067902863928823,3.985165936768397,4.019639492034912,1683600,0.0,0.0
2021-06-24,4.040323879223261,4.040323879223261,3.9782710196072815,4.012744903564453,840700,0.0,0.0
2021-06-25,4.01964008840646,4.026534997743116,3.895534679252995,3.9093241691589355,1856100,0.0,0.0
2021-06-28,3.9300078143571215,3.9369027229476607,3.8265868156377265,3.85416579246521,1568700,0.0,0.0
2021-06-29,3.8610603722884123,3.874849860702154,3.7783234418059615,3.85416579246521,1256600,0.0,0.0
2021-06-30,3.8196920528924116,3.8472710307729288,3.7714286772178327,3.826586961746216,1529700,0.0,0.0
2021-07-01,3.8472711959066777,3.867955594588562,3.7921132377781372,3.840376615524292,1727800,0.0,0.0
2021-07-02,3.8541657284020285,3.8748497962951665,3.8127972638484215,3.874849796295166,973000,0.0,0.0
2021-07-05,3.881744888029589,3.9506923322072995,3.8403764215229628,3.9300079345703125,804000,0.0,0.0
2021-07-06,3.930007749033309,3.930007749033309,3.8610603081106305,3.874849796295166,1022400,0.0,0.0
2021-07-07,3.9024291201115977,3.9437975883483887,3.8472711624625426,3.9437975883483887,1307600,0.0,0.0
2021-07-08,3.8886394975937035,3.902428986533962,3.799007983865699,3.826586961746216,1980300,0.0,0.0
2021-07-12,3.847271300198517,3.923113659064876,3.8403767196292327,3.9093241691589355,1050300,0.0,0.0
2021-07-13,3.9093234313160963,3.9300074978874253,3.8610600613708113,3.867954969406128,1188500,0.0,0.0
2021-07-14,3.8886386543478904,3.9024281402979177,3.8679545898064878,3.895533561706543,820600,0.0,0.0
2021-07-15,3.9162183259433796,3.9369027229476607,3.833481395460929,3.85416579246521,1396500,0.0,0.0
2021-07-16,3.8541654199176465,3.888638973236084,3.8334810249127402,3.888638973236084,1092700,0.0,0.0
2021-07-19,3.8541660390898675,3.888639597946486,3.8127975712015107,3.861060619354248,1259700,0.0,0.0
2021-07-20,3.8541657284020285,3.888639284479702,3.8334813317415595,3.874849796295166,739800,0.0,0.0
2021-07-21,3.888639284479702,3.8955341929556355,3.8610603081106305,3.874849796295166,889500,0.0,0.0
2021-07-22,3.8748501412870704,3.9644819868504646,3.8679555609646186,3.9437975883483887,791000,0.0,0.0
2021-07-23,3.943797257301754,3.9644816540675594,3.909323701048523,3.9162182807922363,441500,0.0,0.0
2021-07-26,3.9300077690469952,3.9300077690469952,3.888639304282718,3.9162182807922363,826200,0.0,0.0
2021-07-27,3.9162186095238614,3.9575870777606523,3.8679555609646186,3.9437975883483887,1352700,0.0,0.0
2021-07-28,3.943797279085348,3.9920606526272544,3.9300077907544226,3.985166072845459,1290400,0.0,0.0
2021-07-29,3.985166092149367,4.026534557342529,3.950692206771396,4.026534557342529,812700,0.0,0.0
2021-07-30,3.9989560408487383,4.026535020818671,3.9231136815477363,3.957587242126465,1179300,0.0,0.0
2021-08-02,3.9989554246284675,4.019639492034912,3.9369025648744866,4.019639492034912,2846800,0.0,0.0
2021-08-03,4.012745530833705,4.012745530833705,3.9024292821865996,3.957587242126465,1817400,0.0,0.0
2021-08-04,3.998955163944657,4.026534137866982,3.9575863742938684,3.9782707691192627,2267300,0.0,0.0
2021-08-05,3.9920606526272544,4.040324026169161,3.9782711642963293,3.985166072845459,2336800,0.0,0.0
2021-08-06,3.9989553032643985,4.102376294692551,3.985165815822824,4.088586807250977,1713700,0.0,0.0
2021-08-09,4.08858665472513,4.150639510280974,4.047218193943668,4.109271049499512,1697100,0.0,0.0
2021-08-10,4.129954968116991,4.143744783319316,3.998955011367798,3.998955011367798,1026300,0.0,0.0
2021-08-11,4.026535056159913,4.095482506689903,3.9782716764052317,4.074798107147217,1275700,0.0,0.0
2021-08-12,4.067902407234446,4.0816918935464015,3.964481095511133,4.061007499694824,1528400,0.0,0.0
2021-08-13,4.061007489980207,4.0816918837823035,4.019639031143299,4.054112911224365,855500,0.0,0.0
2021-08-16,4.05411295710794,4.081691929978011,3.998955011367798,3.998955011367798,1246400,0.0,0.0
2021-08-17,4.033429601427467,4.033429601427467,3.8817452115928375,3.957587242126465,1726500,0.0,0.0
2021-08-18,3.9851665508637724,4.033429601427467,3.90932419156277,3.957587242126465,1568600,0.0,0.0
2021-08-19,3.943797015906017,4.088586798102221,3.9093234617628765,4.081692218780518,1804300,0.0,0.0
2021-08-20,4.074797966178873,4.157535232719928,4.033429497292029,4.136850833892822,1669700,0.0,0.0
2021-08-23,4.12995539491548,4.12995539491548,4.012744912488539,4.019639492034912,2543800,0.0,0.0
2021-08-24,4.033428857484678,4.088586807250977,4.0196393700431035,4.088586807250977,2488200,0.0,0.0
2021-08-25,4.054113553376442,4.0679030418396,4.026534576450126,4.0679030418396,1518700,0.0,0.0
2021-08-26,4.0679030418396,4.074797621687509,4.026534576450126,4.0679030418396,1790900,0.0,0.0
2021-08-27,4.067903022535692,4.067903022535692,4.00585016036228,4.026534557342529,2046400,0.0,0.0
2021-08-30,4.040323888208681,4.061007955615125,3.9989554246284675,4.019639492034912,1415200,0.0,0.0
2021-08-31,4.0196400002452055,4.102376937866211,3.9989559302236373,4.102376937866211,3132300,0.0,0.0
2021-09-01,4.109271869987558,4.240272186335678,4.081692890626624,4.178219318389893,2930500,0.0,0.0
2021-09-02,4.178219136434565,4.192008625514521,4.116166271191092,4.123061180114746,2483700,0.0,0.0
2021-09-03,4.171324253082275,4.178218832737438,4.088586995849016,4.171324253082275,4052700,0.0,0.0
2021-09-06,4.123061052072213,4.233376961285969,4.123061052072213,4.1920084953308105,2186200,0.0,0.0
2021-09-08,4.1851134023039975,4.1851134023039975,3.9644812821581006,3.9782707691192627,3890300,0.0,0.0
2021-09-09,3.9989549661084887,4.061007489980207,3.909323140911546,4.054112911224365,5013700,0.0,0.0
2021-09-10,4.095481379858358,4.136849838794226,4.026533948298578,4.061007499694824,3069500,0.0,0.0
2021-09-13,4.081692567883148,4.15064001083374,4.081692567883148,4.15064001083374,3025300,0.0,0.0
2021-09-14,4.164429178684576,4.198903061888405,4.150639691156506,4.157534599304199,2399400,0.0,0.0
2021-09-15,4.157534232645803,4.164428811418137,4.040323434610534,4.061007499694824,2266700,0.0,0.0
2021-09-16,4.081692510933412,4.081692510933412,3.9989555805470873,4.026534557342529,1953800,0.0,0.0
2021-09-17,4.026534217290885,4.274744987487793,3.867954949725872,4.274744987487793,13226700,0.0,0.0
2021-09-20,4.164429614520086,4.49537767859699,4.143745545446913,4.433324813842773,8912800,0.0,0.0
2021-09-21,4.481587886810303,4.536745838968272,4.426429934652333,4.481587886810303,3953300,0.0,0.0
2021-09-22,4.522956410966313,4.6677462016865805,4.502272343016179,4.605693340301514,2753100,0.0,0.0
2021-09-23,4.633272639595225,4.65395703775399,4.57122010265364,4.626378059387207,2373400,0.0,0.0
2021-09-24,4.612588248796447,4.653956713464047,4.58500927235138,4.605693340301514,2106500,0.0,0.0
2021-09-27,4.612588115747997,4.750482993995804,4.605693207451945,4.667746067047119,2907700,0.0,0.0
2021-09-28,4.6746412876087495,4.688430776354667,4.605693515111819,4.653956890106201,2287500,0.0,0.0
2021-09-29,4.67464110129447,4.7229041455979175,4.585009263634737,4.598798751831055,3217700,0.0,0.0
2021-09-30,4.6608519379145115,4.6608519379145115,4.550535695888659,4.591904163360596,3417700,0.0,0.0
2021-10-01,4.543175284565336,4.550623283484393,4.45380142837746,4.4686970710754395,3967000,0.494573,0.0
2021-10-04,4.505936083670019,4.513383726999827,4.386770594132058,4.43145751953125,1372100,0.0,0.0
2021-10-05,4.438905372740445,4.468696655365003,4.356979167952858,4.371874809265137,1641500,0.0,0.0
2021-10-06,4.356979632597821,4.3644276316182955,4.245262133271694,4.289949417114258,3633100,0.0,0.0
2021-10-07,4.319740437055394,4.3495317210234905,4.215470588026938,4.230366230010986,2381500,0.0,0.0
2021-10-08,4.289949016665946,4.3495315827073995,4.237814093809621,4.297396659851074,1786700,0.0,0.0
2021-10-11,4.312292784349904,4.312292784349904,4.163336352562747,4.170783996582031,4240500,0.0,0.0
2021-10-13,4.170783657183817,4.304844790023159,4.170783657183817,4.252709865570068,1834800,0.0,0.0
2021-10-14,4.267606258392334,4.356980125916528,4.267606258392334,4.267606258392334,2020800,0.0,0.0
2021-10-15,4.275053156631512,4.3793230056762695,4.267605513208382,4.3793230056762695,2070500,0.0,0.0
2021-10-18,4.334636025403056,4.468696801600634,4.3271880269331335,4.43145751953125,1694800,0.0,0.0
2021-10-19,4.431457016739231,4.4612482969585825,4.349531173706055,4.349531173706055,1963400,0.0,0.0
2021-10-20,4.349531448639933,4.446352937902872,4.327187809493042,4.364427089691162,1935800,0.0,0.0
2021-10-21,4.312292024977306,4.312292024977306,4.16333561942061,4.282500743865967,3346800,0.0,0.0
2021-10-22,4.275052935556552,4.275052935556552,4.051618317315326,4.140992164611816,5434100,0.0,0.0
2021-10-25,4.178231445222071,4.230366011908306,4.118648880357744,4.140992164611816,2587500,0.0,0.0
2021-10-26,4.140992164611816,4.200574729476143,4.111200882179653,4.140992164611816,1894600,0.0,0.0
2021-10-27,4.155887932495051,4.237814139250576,4.1112010074847944,4.118649005889893,2070900,0.0,0.0
2021-10-28,4.118649687715099,4.1558886204850065,4.081410399805022,4.103754043579102,1606400,0.0,0.0
2021-10-29,4.163336207256661,4.163336207256661,3.999483782869313,4.006931781768799,2066100,0.0,0.0
2021-11-01,4.029274534376694,4.140992017087378,4.006931250918609,4.081409454345703,1254200,0.0,0.0
2021-11-03,4.073962064417546,4.193127562824847,4.0367231347166275,4.163336277008057,2348700,0.0,0.0
2021-11-04,4.126096376401959,4.148440015000131,4.059065815747531,4.081409454345703,1495100,0.0,0.0
2021-11-05,4.103753642545814,4.155888214356945,4.081410000955233,4.111201286315918,1298000,0.0,0.0
2021-11-08,4.096305098098093,4.185678942277521,4.051618176008379,4.059065818786621,1620000,0.0,0.0
2021-11-09,4.088857644725337,4.1856794997176285,4.066514358274891,4.111201286315918,2227000,0.0,0.0
2021-11-10,4.126097067045884,4.22291892527761,4.1186494230266,4.170783996582031,2278000,0.0,0.0
2021-11-11,4.222918848641637,4.237814491550032,4.148440634099662,4.163336277008057,2147300,0.0,0.0
2021-11-12,4.178232198100526,4.28250170540149,4.170784198580375,4.260158061981201,2535700,0.0,0.0
2021-11-16,4.27505342125095,4.27505342125095,4.148440634099662,4.163336277008057,1363000,0.0,0.0
2021-11-17,4.185679288272564,4.208022928734427,4.096305436705348,4.148440361022949,1338500,0.0,0.0
2021-11-18,4.140992571676602,4.2005751423979705,4.103753642545814,4.111201286315918,744000,0.0,0.0
2021-11-19,4.118649152664696,4.17823172146836,4.111201153994176,4.155888080596924,966000,0.0,0.0
2021-11-22,4.170784264621003,4.193127908395083,4.103754043579102,4.103754043579102,1111400,0.0,0.0
2021-11-23,4.1186497543352205,4.148441043089096,4.036723532691977,4.133545398712158,1197700,0.0,0.0
2021-11-24,4.133544927906499,4.2005751423979705,4.081410000955233,4.111201286315918,1990600,0.0,0.0
2021-11-25,4.118648749984487,4.230365877998714,4.118648749984487,4.208022594451904,1074900,0.0,0.0
2021-11-26,4.140992295390333,4.185679220449856,4.059066088544486,4.0963053703308105,1624100,0.0,0.0
2021-11-29,4.185679288272564,4.185679288272564,4.111201078633218,4.148440361022949,1496700,0.0,0.0
2021-11-30,4.148440162789908,4.200574729476143,4.088857242785481,4.140992164611816,5779800,0.0,0.0
2021-12-01,4.148440702677211,4.260157848766893,4.126097060375188,4.193127632141113,2396200,0.0,0.0
2021-12-02,4.208023216202528,4.327188359766164,4.208023216202528,4.245262145996094,1454400,0.0,0.0
2021-12-03,4.275053903115927,4.342084481329162,4.222919324630237,4.267606258392334,1102800,0.0,0.0
2021-12-06,4.267606258392334,4.319741192018204,4.222919324630237,4.267606258392334,1088400,0.0,0.0
2021-12-07,4.27505274601809,4.297396384421636,4.222918181643289,4.282500743865967,797700,0.0,0.0
2021-12-08,4.289949100003864,4.43145751953125,4.275053103064018,4.43145751953125,1164900,0.0,0.0
2021-12-09,4.438905721678181,4.505936290422691,4.37187515293367,4.416562080383301,1049800,0.0,0.0
2021-12-10,4.416561873060334,4.4835924386582855,4.416561873060334,4.453801155090332,881400,0.0,0.0
2021-12-13,4.468696590582806,4.53572715308638,4.446352951368249,4.491040229797363,684500,0.0,0.0
2021-12-14,4.498488426208496,4.565518996958602,4.468697140350702,4.498488426208496,870800,0.0,0.0
2021-12-15,4.498488356471398,4.498488356471398,4.3942188575855425,4.4686970710754395,864300,0.0,0.0
2021-12-16,4.4910405138815745,4.505936155920149,4.431457590587159,4.461248874664307,827500,0.0,0.0
2021-12-17,4.461249141316184,4.505936425243015,4.409114568635116,4.498488426208496,1078300,0.0,0.0
2021-12-20,4.4984889774017836,4.4984889774017836,4.334636885107362,4.424010753631592,911100,0.0,0.0
2021-12-21,4.43145778716528,4.44635342986462,4.327188288269898,4.342083930969238,710300,0.0,0.0
2021-12-22,4.356980174668328,4.424010753631592,4.312293240406213,4.424010753631592,659200,0.0,0.0
2021-12-23,4.43145757505853,4.446353217044907,4.349531721703515,4.3793230056762695,395700,0.0,0.0
2021-12-27,4.386771335090648,4.461249556669233,4.3793236905028765,4.446353912353516,601500,0.0,0.0
2021-12-28,4.453801912081461,4.461249556669233,4.416562623722082,4.446353912353516,546600,0.0,0.0
2021-12-29,4.468696792195168,4.483592433963547,4.42400986689003,4.476144790649414,446600,0.0,0.0
2021-12-30,4.476144807178886,4.558070659637451,4.438905525050364,4.558070659637451,1906500,0.0,0.0
2022-01-03,4.594009461551558,4.60914621591875,4.4502101146188835,4.518325328826904,1839200,0.097485,0.0
2022-01-04,4.541031069011509,4.556167824805998,4.450210534244573,4.4653472900390625,1070400,0.0,0.0
2022-01-05,4.465346292442994,4.480483044855804,4.336683716489778,4.351820468902588,1489700,0.0,0.0
2022-01-06,4.359389702015081,4.397231408474816,4.291274125143376,4.344252586364746,1939000,0.0,0.0
2022-01-07,4.3442516320213125,4.3442516320213125,4.24586292812903,4.26099967956543,1970400,0.0,0.0
2022-01-10,4.261000088127046,4.306410346790359,4.20802127257552,4.291273593902588,1312900,0.0,0.0
2022-01-11,4.291273862056021,4.321547369723295,4.253431797027588,4.253431797027588,772100,0.0,0.0
2022-01-12,4.268568687679571,4.344252459273614,4.2458637366457035,4.321547508239746,755600,0.0,0.0
2022-01-13,4.313978950635997,4.359389574481112,4.291273999602129,4.321547508239746,838200,0.0,0.0
2022-01-14,4.298842022452448,4.397231101989746,4.298842022452448,4.397231101989746,501300,0.0,0.0
2022-01-17,4.397230964062478,4.510756793745438,4.3896627678909015,4.457777976989746,744200,0.0,0.0
2022-01-18,4.457778417848116,4.510757239843224,4.4123681536617525,4.472915172576904,854700,0.0,0.0
2022-01-19,4.488052132712367,4.533462398977043,4.450210424602828,4.5107574462890625,1066200,0.0,0.0
2022-01-20,4.510757096648843,4.556167359393654,4.4804835881523015,4.533462047576904,902100,0.0,0.0
2022-01-21,4.533462155149234,4.586440976719633,4.435073430645201,4.488051891326904,1670200,0.0,0.0
2022-01-24,4.488051927305692,4.5410307493008,4.4275049083905405,4.472915172576904,1117400,0.0,0.0
2022-01-25,4.465346639013774,4.541030406951904,4.450209885426148,4.541030406951904,1211100,0.0,0.0
2022-01-26,4.5410306854617195,4.609146261228028,4.5183253732433855,4.5485992431640625,1258800,0.0,0.0
2022-01-27,4.578873157501221,4.616714866696462,4.541031087417253,4.578873157501221,670000,0.0,0.0
2022-01-28,4.586440232452552,4.654555797576904,4.556166728150315,4.654555797576904,785900,0.0,0.0
2022-01-31,4.684829905928729,4.821060692854032,4.646987840227357,4.805923938751221,852200,0.0,0.0
2022-02-01,4.805923833685531,4.866470848773117,4.760513572369843,4.851334095001221,1376200,0.0,0.0
2022-02-02,4.85133350191287,4.957291126251221,4.798355050632327,4.957291126251221,1945900,0.0,0.0
2022-02-03,4.957292043952012,5.025407259763527,4.911881418892736,4.972428798675537,1190100,0.0,0.0
2022-02-04,4.972429108326406,4.979997305715117,4.896744969106958,4.919450283050537,700500,0.0,0.0
2022-02-07,4.957292127710867,4.957292127710867,4.813492774963379,4.813492774963379,792700,0.0,0.0
2022-02-08,4.813492474549117,4.813492474549117,4.737808704376221,4.737808704376221,921300,0.0,0.0
2022-02-09,4.752945790932683,4.8059242533158075,4.737809035839118,4.798356056213379,1224200,0.0,0.0
2022-02-10,4.7983560199841016,4.828629529942656,4.7529457550462695,4.813492774963379,950800,0.0,0.0
2022-02-11,4.805923845958258,4.836197353579359,4.768082141876221,4.768082141876221,862200,0.0,0.0
2022-02-14,4.768082376026395,4.783219130580278,4.669693290981803,4.745377063751221,1393100,0.0,0.0
2022-02-15,4.745377593276934,4.881608399463568,4.730240837033975,4.843766689300537,992600,0.0,0.0
2022-02-16,4.858903203505104,4.911881667272057,4.821061134338379,4.821061134338379,595800,0.0,0.0
2022-02-17,4.85133475727981,4.85133475727981,4.760514222250093,4.775650978088379,545200,0.0,0.0
2022-02-18,4.775650779414735,4.836197800249041,4.745377268997582,4.783219337463379,593100,0.0,0.0
2022-02-21,4.8059241183435,4.828629430790533,4.730240345001221,4.730240345001221,429400,0.0,0.0
2022-02-22,4.71510339288001,4.783218966479959,4.699966638845431,4.737808704376221,596900,0.0,0.0
2022-02-23,4.7453774664118065,4.813493048128458,4.73024071057352,4.775650978088379,1003300,0.0,0.0
2022-02-24,4.699966357736273,4.699966357736273,4.518324959296772,4.601577281951904,4902200,0.0,0.0
2022-02-25,4.563735856025585,4.646987822835119,4.541030544512004,4.6091461181640625,2983600,0.0,0.0
2022-03-02,4.609146104722317,4.722671579293094,4.601577547276968,4.6923980712890625,1573100,0.0,0.0
2022-03-03,4.72267185940659,4.752945730094924,4.669693397701591,4.699966907501221,919700,0.0,0.0
2022-03-04,4.745376830716056,4.768082141876221,4.6696930616633034,4.768082141876221,928800,0.0,0.0
2022-03-07,4.7378086718380805,4.760513622289676,4.6242828369140625,4.6242828369140625,1221200,0.0,0.0
2022-03-08,4.654556437117944,4.692398142250911,4.601577616865364,4.6621246337890625,1208100,0.0,0.0
2022-03-09,4.662125021260084,4.858903203505104,4.662125021260084,4.821061134338379,1155600,0.0,0.0
2022-03-10,4.82106137449173,4.866471643220608,4.745377593276934,4.843766689300537,1156500,0.0,0.0
2022-03-11,4.843765898559611,4.904312913647196,4.805923833685531,4.851334095001221,786600,0.0,0.0
2022-03-14,4.881607818021541,4.927018442230353,4.730240273621141,4.760513782501221,1452100,0.0,0.0
2022-03-15,4.7605140242061585,4.828629603089108,4.707535200531786,4.783219337463379,1194000,0.0,0.0
2022-03-16,4.821060692854032,4.851334201059656,4.730240168237163,4.805923938751221,1428300,0.0,0.0
2022-03-17,4.813492993387521,4.919450283050537,4.775650923777797,4.919450283050537,822100,0.0,0.0
2022-03-18,4.91944939597323,5.101090431213379,4.889175890099872,5.101090431213379,2349300,0.0,0.0
2022-03-21,5.093522038236996,5.146500851911157,5.032975028831465,5.108658790588379,1457500,0.0,0.0
2022-03-22,5.138932739494952,5.267595326047482,5.138932739494952,5.252458572387695,1395600,0.0,0.0
2022-03-23,5.191911904731831,5.22218541407463,5.048112554909186,5.055680751800537,1942900,0.0,0.0
2022-03-24,5.093522685210192,5.22975347367651,5.070817373354794,5.161638259887695,1476400,0.0,0.0
2022-03-25,5.176775076934722,5.191911831392304,5.063249238058511,5.085954189300537,939700,0.0,0.0
2022-03-28,5.108660364761413,5.138933878792602,4.904313964606506,4.934587478637695,1805700,0.0,0.0
2022-03-29,4.979996978443539,5.055680751800537,4.904313205086541,5.055680751800537,1440500,0.0,0.0
2022-03-30,5.070817951585834,5.184343802030924,5.017839486029861,5.1162285804748535,1185400,0.0,0.0
2022-03-31,5.138933459640001,5.161638773755832,5.0935231922970665,5.1465020179748535,651700,0.0,0.0
2022-04-01,5.1465009289882175,5.207047939300537,5.116227423832059,5.207047939300537,1330400,0.0,0.0
2022-04-04,5.222184815595468,5.2524583214688265,5.0859536782767,5.101090431213379,1334200,0.0,0.0
2022-04-05,5.1237963282661845,5.131364886046233,5.055680751800537,5.055680751800537,923800,0.0,0.0
2022-04-06,5.078386028276971,5.108659537405314,5.002702255456113,5.070817470550537,656100,0.0,0.0
2022-04-07,5.070817506471936,5.1237963282661845,5.032975800237787,5.055680751800537,501300,0.0,0.0
2022-04-08,5.070817343257483,5.0935226549781145,5.017838884057151,5.048112392425537,558900,0.0,0.0
2022-04-11,5.02540670848864,5.05568021461476,5.002701759338379,5.002701759338379,411900,0.0,0.0
2022-04-12,5.055681534762454,5.070818291778049,4.934587478637695,4.934587478637695,663500,0.0,0.0
2022-04-13,4.987565553399063,5.017839062846114,4.934586731422374,4.972428798675537,1033900,0.0,0.0
2022-04-14,4.964860223772139,5.055680751800537,4.94972346910074,5.055680751800537,885000,0.0,0.0
2022-04-18,5.070817272494716,5.108659337871458,5.032975568006655,5.078385829925537,657100,0.0,0.0
2022-04-19,5.085955096961808,5.085955096961808,4.987566355872997,5.0329766273498535,920600,0.0,0.0
2022-04-20,5.048111976379331,5.101090431213379,5.010269913593304,5.101090431213379,1251100,0.0,0.0
2022-04-22,5.0632489718860425,5.070817168272631,4.979996646301529,4.995133399963379,1258800,0.0,0.0
2022-04-25,4.995132967508686,5.108658790588379,4.979996215157303,5.108658790588379,1891500,0.0,0.0
2022-04-26,5.101091015814736,5.169206592280383,5.010270487786338,5.055680751800537,2060100,0.0,0.0
2022-04-27,5.116227347208392,5.146500851911157,5.085953481616984,5.108658790588379,885200,0.0,0.0
2022-04-28,5.123796193758262,5.184343210854403,5.085954127628829,5.161638259887695,928600,0.0,0.0
2022-04-29,5.1843441498393865,5.199480906854981,4.934587478637695,4.934587478637695,3596400,0.0,0.0
2022-05-02,4.976330697954594,4.976330697954594,4.7968566444152065,4.837646007537842,2100400,0.47117,0.0
2022-05-03,4.813172475330618,4.886593484671319,4.764225006103516,4.764225006103516,1233900,0.0,0.0
2022-05-04,4.756067598842974,4.805015075261603,4.69896240418789,4.7968573570251465,1319400,0.0,0.0
2022-05-05,4.7886977050764195,4.805013525286227,4.698960888422402,4.7805399894714355,1006700,0.0,0.0
2022-05-06,4.780540612461654,4.796856434797705,4.690803395113428,4.739750862121582,973000,0.0,0.0
2022-05-09,4.723435401916504,4.764225155383799,4.666329824862275,4.723435401916504,971900,0.0,0.0
2022-05-10,4.739751076990011,4.805014369292814,4.731593359952114,4.764225006103516,645500,0.0,0.0
2022-05-11,4.764225006103516,4.813172475330618,4.70711943083861,4.764225006103516,1159400,0.0,0.0
2022-05-12,4.739750784167218,4.919225215911865,4.731593067633306,4.919225215911865,912500,0.0,0.0
2022-05-13,4.927383213078187,5.172120947032363,4.9192254960796635,5.1639628410339355,2480800,0.0,0.0
2022-05-16,5.172120213519128,5.294488674141943,5.1476462879946565,5.261857032775879,1251500,0.0,0.0
2022-05-17,5.3026468550691845,5.384225959654893,5.278172929193544,5.327120780944824,922600,0.0,0.0
2022-05-18,5.343437343088226,5.408700635809929,5.294489484547039,5.302647590637207,551600,0.0,0.0
2022-05-19,5.310805061937478,5.433173526664259,5.229225566786473,5.408699989318848,718400,0.0,0.0
2022-05-20,5.449490422205519,5.490280177822302,5.367911299971892,5.4250168800354,780500,0.0,0.0
2022-05-23,5.433173374427951,5.588173866271973,5.433173374427951,5.588173866271973,873000,0.0,0.0
2022-05-24,5.56370135552811,5.686069839390227,5.56370135552811,5.661596298217773,1031200,0.0,0.0
2022-05-25,5.645280961871875,5.751334020109342,5.637122854776705,5.669754505157471,1586300,0.0,0.0
2022-05-26,5.653438078402713,5.686069725311249,5.588174784585641,5.645280361175537,955900,0.0,0.0
2022-05-27,5.628963961007302,5.686069142746587,5.604490033833412,5.637121677398682,1137500,0.0,0.0
2022-05-30,5.694227669512609,5.72685931549263,5.498437404632568,5.498437404632568,657300,0.0,0.0
2022-05-31,5.514753021815263,5.620805665311817,5.408699989318848,5.408699989318848,4600300,0.0,0.0
2022-06-01,5.425015940153551,5.4821211213236705,5.400542013223592,5.433173656463623,1350900,0.0,0.0
2022-06-02,5.457648028627911,5.522911320432147,5.400542453799253,5.490279674530029,587200,0.0,0.0
2022-06-03,5.473964507329181,5.514754264093164,5.384227275848389,5.384227275848389,975600,0.0,0.0
2022-06-06,5.4331741412071555,5.4331741412071555,5.327121485715053,5.359753131866455,1040500,0.0,0.0
2022-06-07,5.327122099369253,5.3515956423020645,5.2863323424813,5.3108062744140625,582500,0.0,0.0
2022-06-08,5.286331552413576,5.351594842480428,5.278173446655273,5.278173446655273,604300,0.0,0.0
2022-06-09,5.286332282671574,5.343437863868624,5.2292267014745235,5.245542526245117,722600,0.0,0.0
2022-06-10,5.22106780352771,5.2536994456935195,5.163962235237614,5.212909698486328,588200,0.0,0.0
2022-06-13,5.13948894352869,5.163962481821752,5.049751728787746,5.1068572998046875,1145500,0.0,0.0
2022-06-14,5.1231728759724655,5.196593876330448,5.1231728759724655,5.139488697052002,1106800,0.0,0.0
2022-06-15,5.1884361602906095,5.245541339569056,5.139488697052002,5.139488697052002,879400,0.0,0.0
2022-06-17,5.0986995360872545,5.196594473820152,5.0986995360872545,5.1558051109313965,1135900,0.0,0.0
2022-06-20,5.163963167487146,5.229226463600738,5.131331519430349,5.2047529220581055,576000,0.0,0.0
2022-06-21,5.237384006215482,5.261857545123093,5.131330966949463,5.131330966949463,531100,0.0,0.0
2022-06-22,5.0986995360872545,5.180278650864669,5.09054143010956,5.1558051109313965,845600,0.0,0.0
2022-06-23,5.172121106154405,5.196594646902817,5.049752235412598,5.049752235412598,771400,0.0,0.0
2022-06-24,5.0905412167702595,5.139489072585258,5.0497518555909435,5.131330966949463,776300,0.0,0.0
2022-06-27,5.082384047345155,5.2210687460865035,5.057910116802593,5.2047529220581055,568900,0.0,0.0
2022-06-28,5.22106780352771,5.286331087859329,5.180278056320518,5.212909698486328,668800,0.0,0.0
2022-06-29,5.1884361602906095,5.237383623529218,5.131330592012304,5.139488697052002,599400,0.0,0.0
2022-06-30,5.123173232809381,5.204752343889172,5.066067660553585,5.19659423828125,1201800,0.0,0.0
2022-07-01,5.196594487027839,5.204752593026266,5.115015372043081,5.1639628410339355,1110600,0.0,0.0
2022-07-04,5.155804894856963,5.18843653940037,5.082383500134351,5.131330966949463,668900,0.0,0.0
2022-07-05,5.123173397241604,5.123173397241604,5.000804532194451,5.090541362762451,789700,0.0,0.0
2022-07-06,5.090541865673908,5.106858079025366,4.984489201888987,5.025278568267822,676700,0.0,0.0
2022-07-07,5.0415941419747625,5.1150155424064065,5.0415941419747625,5.057909965515137,584700,0.0,0.0
2022-07-08,5.123173383902727,5.131331100751352,5.07422552681139,5.082383632659912,559500,0.0,0.0
2022-07-11,5.0579092026544625,5.147646413091841,5.041593381574927,5.139488697052002,561800,0.0,0.0
2022-07-12,5.1394898597362335,5.2537006331303875,5.090541996424506,5.245542526245117,598200,0.0,0.0
2022-07-13,5.245541942686602,5.253700048664295,5.1558051109313965,5.1558051109313965,436800,0.0,0.0
2022-07-14,5.163962593849334,5.19659423828125,5.131330949417418,5.19659423828125,311100,0.0,0.0
2022-07-15,5.196594566687812,5.245542036428995,5.139489379823054,5.23738431930542,257600,0.0,0.0
2022-07-18,5.278173335633142,5.294489157806665,5.155804863831666,5.188436508178711,401600,0.0,0.0
2022-07-19,5.19659437189813,5.204752477715817,5.1313310813562225,5.147646903991699,524100,0.0,0.0
2022-07-20,5.172120832444863,5.204752477715817,5.1313310813562225,5.147646903991699,579700,0.0,0.0
2022-07-21,5.180278664030887,5.180278664030887,5.106857655044558,5.1639628410339355,404700,0.0,0.0
2022-07-22,5.163962954720023,5.196594601432321,5.1476471313638745,5.180278778076172,382200,0.0,0.0
2022-07-25,5.19659422476553,5.237383974699279,5.155804863831666,5.188436508178711,763000,0.0,0.0
2022-07-26,5.212910194533607,5.2292260171690845,5.098699436085268,5.147646903991699,850700,0.0,0.0
2022-07-27,5.1476470180369835,5.188436770029315,5.106857655044558,5.1639628410339355,556500,0.0,0.0
2022-07-28,5.196594815543942,5.229226463600738,5.163963167487146,5.2047529220581055,390800,0.0,0.0
2022-07-29,5.196594334071709,5.278173446655273,5.172120794796586,5.278173446655273,589900,0.0,0.0
2022-08-01,5.286332017341567,5.441332539382437,5.2373845454865435,5.270016193389893,2416300,0.0,0.0
2022-08-02,5.28633214286509,5.35159544022146,5.270016318525998,5.294489860534668,399100,0.0,0.0
2022-08-03,5.2944894040957315,5.2944894040957315,5.221068395399423,5.229226112365723,471100,0.0,0.0
2022-08-04,5.2618578172188695,5.408700614257476,5.2618578172188695,5.367910861968994,685500,0.0,0.0
2022-08-05,5.376068231396797,5.433173409976219,5.3352784846973345,5.392384052276611,863900,0.0,0.0
2022-08-08,5.425015694036239,5.441331514916054,5.3597524105169825,5.392384052276611,561600,0.0,0.0
2022-08-09,5.416857936016252,5.46580540179051,5.392384397629063,5.44133186340332,495700,0.0,0.0
2022-08-10,5.343436525190888,5.416857523764606,5.229225391409815,5.261857032775879,1400800,0.0,0.0
2022-08-11,5.310805616028136,5.310805616028136,5.204752572466921,5.229226112365723,1380900,0.0,0.0
2022-08-12,5.278173910865767,5.286332017341567,5.22106872153487,5.270016193389893,497500,0.0,0.0
2022-08-15,5.27817285345891,5.2863309583003515,5.221067675568224,5.261857032775879,725600,0.0,0.0
2022-08-16,5.270016318525998,5.310806073873697,5.237384669847813,5.294489860534668,664300,0.0,0.0
2022-08-17,5.302647083503496,5.465805299703655,5.278173156573536,5.433173656463623,829000,0.0,0.0
2022-08-18,5.441332009624243,5.473963654350634,5.367910614489918,5.400542259216309,451000,0.0,0.0
2022-08-19,5.400542874429448,5.400542874429448,5.3189637533202285,5.351595401763916,453600,0.0,0.0
2022-08-22,5.359753732989959,5.441332857517975,5.28633232641477,5.384227275848389,554100,0.0,0.0
2022-08-23,5.4250168800354,5.465806246652245,5.408701055588675,5.4250168800354,503800,0.0,0.0
2022-08-24,5.449489841675772,5.457647947530028,5.3842265508413165,5.416858196258545,312200,0.0,0.0
2022-08-25,5.416858318131454,5.449489964282856,5.359753131866455,5.359753131866455,491800,0.0,0.0
2022-08-26,5.343436601861966,5.416857601489177,5.327120780944824,5.327120780944824,332100,0.0,0.0
2022-08-29,5.36791088335891,5.36791088335891,5.294489484547039,5.302647590637207,354900,0.0,0.0
2022-08-30,5.367910788286247,5.367910788286247,5.221068382263184,5.221068382263184,638900,0.0,0.0
2022-08-31,5.261858174043808,5.351595401763916,5.245542349821965,5.351595401763916,886100,0.0,0.0
2022-09-01,5.327121333988828,5.4984372769043395,5.302647405572386,5.473963737487793,1000100,0.0,0.0
2022-09-02,5.490279226633614,5.498436942943687,5.433173656463623,5.433173656463623,821900,0.0,0.0
2022-09-05,5.457647800445557,5.482121339348963,5.400542228004463,5.457647800445557,384600,0.0,0.0
2022-09-06,5.457648083603708,5.457648083603708,5.318963392622762,5.367910861968994,563600,0.0,0.0
2022-09-08,5.392385399190018,5.416858942122829,5.2863323424813,5.3108062744140625,352900,0.0,0.0
2022-09-09,5.351595174738833,5.351595174738833,5.270016057090358,5.318963527679443,345700,0.0,0.0
2022-09-12,5.392384928063028,5.400542645327917,5.310805810414554,5.318963527679443,703100,0.0,0.0
2022-09-13,5.34343724844902,5.34343724844902,5.221068382263184,5.221068382263184,524500,0.0,0.0
2022-09-14,5.278173567883313,5.278173567883313,5.2129102763175075,5.221068382263184,616200,0.0,0.0
2022-09-15,5.237384376943994,5.261857917583967,5.115015506744385,5.115015506744385,1321000,0.0,0.0
2022-09-16,5.115015359042737,5.1558051109313965,5.0986995360872545,5.1558051109313965,1223600,0.0,0.0
2022-09-19,5.1150156073104185,5.155805361178891,5.09054167718935,5.123173713684082,873500,0.0,0.0
2022-09-20,5.16396261149287,5.180278433764574,5.106857428041851,5.131330966949463,593500,0.0,0.0
2022-09-21,5.147646789221167,5.180278433764574,5.131330966949463,5.131330966949463,342700,0.0,0.0
2022-09-22,5.139489379823054,5.253700142552481,5.123173556575993,5.23738431930542,756200,0.0,0.0
2022-09-23,5.204752559371732,5.253700028046087,5.163962807643153,5.221068382263184,448500,0.0,0.0
2022-09-26,5.237384413459175,5.237384413459175,5.057909965515137,5.057909965515137,1058200,0.0,0.0
2022-09-27,5.098699729092505,5.098699729092505,4.976330857794301,4.9844889640808105,898600,0.0,0.0
2022-09-28,5.000804925887684,5.025278467423879,4.93554162979126,4.93554162979126,730800,0.0,0.0
2022-09-29,4.927383122537069,5.082383632659912,4.87843565444563,5.082383632659912,1035200,0.0,0.0
2022-09-30,5.1150155424064065,5.1150155424064065,5.025278318434387,5.057909965515137,956800,0.0,0.0
2022-10-03,5.106857634871909,5.27001586419693,5.098699528905706,5.229226112365723,1754000,0.0,0.0
2022-10-04,5.237383623529218,5.302646907847362,5.1231728759724655,5.139488697052002,981400,0.0,0.0
2022-10-05,5.1476470388913,5.1476470388913,5.098699569702148,5.098699569702148,588100,0.0,0.0
2022-10-06,5.106857675733627,5.13133121582825,5.07422564060762,5.098699569702148,882700,0.0,0.0
2022-10-07,5.123173397241604,5.1639627595907225,5.0660678231529594,5.090541362762451,824100,0.0,0.0
2022-10-10,5.123173498796677,5.123173498796677,5.07422564060762,5.098699569702148,514900,0.0,0.0
2022-10-11,5.098699340275448,5.13133098493322,5.066067695617676,5.066067695617676,490100,0.0,0.0
2022-10-13,5.066067727397702,5.090541266544612,5.0008044376727545,5.008962154388428,946700,0.0,0.0
2022-10-14,5.025278078208387,5.057909723729228,4.9844887158072835,5.017120361328125,816300,0.0,0.0
2022-10-17,5.017120241917827,5.106857459464295,5.000804419545732,5.074225425720215,532500,0.0,0.0
2022-10-18,5.082383500134351,5.131330966949463,5.057909572226851,5.131330966949463,711000,0.0,0.0
2022-10-19,5.115015359042737,5.212910296775635,5.115015359042737,5.1558051109313965,1341800,0.0,0.0
2022-10-20,5.204752439830012,5.278173446655273,5.196594334071709,5.278173446655273,1527500,0.0,0.0
2022-10-21,5.302647569507351,5.400542508199816,5.270015923276529,5.367910861968994,889700,0.0,0.0
2022-10-24,5.359753033028877,5.726859239962404,5.3352791043666885,5.686069488525391,2432200,0.0,0.0
2022-10-25,5.677911739030138,5.800280603638526,5.620806165146251,5.743175029754639,1858700,0.0,0.0
2022-10-26,5.6942272481378415,5.759490535268381,5.612648139224667,5.637121677398682,1191200,0.0,0.0
2022-10-27,5.637121316864638,5.735016630299221,5.620805496125516,5.65343713760376,933000,0.0,0.0
2022-10-28,5.645279767149397,5.718701159467774,5.604490018305882,5.702384948730469,712400,0.0,0.0
2022-10-31,5.645280438398511,5.735017663124477,5.5555432136725456,5.7187018394470215,1080800,0.0,0.0
2022-11-01,5.775806780225955,6.436598194336561,5.775806780225955,6.346861362457275,5068400,0.0,0.0
2022-11-03,6.281597384617464,6.297913206824267,6.167386629169843,6.248965740203857,1500500,0.0,0.0
2022-11-04,6.257123910796987,6.485545424064735,6.224492266044451,6.387650489807129,1215400,0.0,0.0
2022-11-07,6.330545240237758,6.379492706858168,6.216334095790252,6.248965740203857,689400,0.0,0.0
2022-11-08,6.248966182009115,6.363177334531412,6.175545171387539,6.306071758270264,413400,0.0,0.0
2022-11-09,6.297913953193205,6.355019532184569,6.134755711789209,6.142913818359375,789300,0.0,0.0
2022-11-10,6.126597358642201,6.167386720261721,5.849227988029936,5.922649383544922,2107800,0.0,0.0
2022-11-11,5.955280318306432,6.012385495564264,5.824753365288861,5.963438034057617,1404600,0.0,0.0
2022-11-14,6.028701883647173,6.077649349762049,5.963438595494005,6.03685998916626,558900,0.0,0.0
2022-11-16,6.020544760947055,6.036860584594612,5.759491193586235,5.792122840881348,472300,0.0,0.0
2022-11-17,5.775806948809681,5.775806948809681,5.555543137677105,5.645280361175537,982400,0.0,0.0
2022-11-18,5.61264808328367,5.628963904903686,5.376068475293503,5.433173656463623,2173400,0.0,0.0
2022-11-21,6.363177269617475,6.820020319046526,6.265281941454197,6.501861572265625,8152300,0.0,0.0
2022-11-22,6.539266759013136,6.624413788316531,6.309370673118448,6.479664325714111,3868200,0.33393,0.0
2022-11-23,6.428575686391746,6.445605009287693,6.0624446351122625,6.334914207458496,2887200,0.0,0.0
2022-11-24,6.403032161745506,6.573325408330044,6.334914863111691,6.479664325714111,1324300,0.0,0.0
2022-11-25,6.47966387173006,6.522236977387837,6.1561063198776935,6.224223613739014,1235100,0.0,0.0
2022-11-28,6.173135243677234,6.292340500216867,6.096503090039078,6.190164566040039,782000,0.0,0.0
2022-11-29,6.198679320187051,6.283825930489539,6.139076489969779,6.241252422332764,677100,0.0,0.0
2022-11-30,6.241253100513029,6.394517421722412,6.0965036442646605,6.394517421722412,1530200,0.0,0.0
2022-12-01,6.343428741337286,6.420060898285902,6.283826313498219,6.30085563659668,707800,0.0,0.0
2022-12-02,6.309370364261003,6.4200611721279595,6.181650638580322,6.181650638580322,806700,0.0,0.0
2022-12-05,6.17313548966422,6.198679677231847,6.028386040806871,6.062444686889648,624400,0.0,0.0
2022-12-06,6.087989551659617,6.122048201530935,5.95175454616321,5.977298736572266,1184700,0.0,0.0
2022-12-07,5.977298427576881,6.190165181274079,5.977298427576881,6.113533020019531,1110400,0.0,0.0
2022-12-08,6.1050179199014,6.156105886702579,5.960268477625858,5.985812664031982,759100,0.0,0.0
2022-12-09,5.985813262740319,5.985813262740319,5.866607588936735,5.900666236877441,651600,0.0,0.0
2022-12-12,5.9006659485773385,5.934724594853977,5.653740560066164,5.815519332885742,1507800,0.0,0.0
2022-12-13,5.815519507678584,5.875122343459685,5.71334356577764,5.721858024597168,1425500,0.0,0.0
2022-12-14,5.721858117754949,5.738887441682361,5.534535554553414,5.696314334869385,1434400,0.0,0.0
2022-12-15,5.696314490719073,5.730373139505733,5.594138544359091,5.628197193145752,1083600,0.0,0.0
2022-12-16,5.63671116879011,5.687799137587506,5.398300647735596,5.398300647735596,1508400,0.0,0.0
2022-12-19,5.449388195670911,5.670769376695454,5.449388195670911,5.611166954040527,2090600,0.0,0.0
2022-12-20,5.611167953147911,5.84106403892121,5.594138628498449,5.798490524291992,1093800,0.0,0.0
2022-12-21,5.79848971802028,5.849577684864957,5.687798920184611,5.730372428894043,788800,0.0,0.0
2022-12-22,5.789976183500012,5.832549292989623,5.65374117750431,5.747402667999268,1059700,0.0,0.0
2022-12-23,5.7474020403324655,5.841063520598766,5.721857852619442,5.815519332885742,463000,0.0,0.0
2022-12-26,5.815519952153419,5.815519952153419,5.65374116210677,5.738887786865234,356800,0.0,0.0
2022-12-27,5.73888699874145,5.764431185666562,5.594137959536074,5.679284572601318,614100,0.0,0.0
2022-12-28,5.679285077970061,5.917695615767603,5.662255753841666,5.892151832580566,1350900,0.0,0.0
2022-12-29,5.892152374665233,5.9262110260554595,5.807005746189668,5.849578857421875,2409300,0.0,0.0
2023-01-02,5.832548458816881,5.858092645666218,5.619681723779688,5.670769691467285,427900,0.0,0.0
2023-01-03,5.670769803874838,5.747401959930795,5.6196818351745605,5.6196818351745605,793900,0.0,0.0
2023-01-04,5.619682158219293,5.892151746294637,5.619682158219293,5.687799453735352,1576800,0.0,0.0
2023-01-05,5.704829152498523,5.764431992997339,5.636711852506239,5.747402667999268,1013300,0.0,0.0
2023-01-06,5.747401900794784,5.755916765162761,5.645225964445536,5.66225528717041,729100,0.0,0.0
2023-01-09,5.662254918892345,5.662254918892345,5.543049667571437,5.611166954040527,1092700,0.0,0.0
2023-01-10,5.594137942941427,5.696313878316622,5.551564433529558,5.670769691467285,1067900,0.0,0.0
2023-01-11,5.670770325608145,5.84957843551571,5.6196823522075725,5.841063976287842,709700,0.0,0.0
2023-01-12,5.84957807208332,5.900666042309814,5.781460778447995,5.789975643157959,504300,0.0,0.0
2023-01-13,5.781460778447995,5.866607395492151,5.7559169963402965,5.789975643157959,398700,0.0,0.0
2023-01-16,5.789976159491667,5.832549268804747,5.755917509636751,5.772946834564209,454400,0.0,0.0
2023-01-17,5.789975910147757,5.917695638597909,5.772946585953663,5.866607666015625,584400,0.0,0.0
2023-01-18,5.909180753783276,5.960268722684959,5.824034138947137,5.858092784881592,847200,0.0,0.0
2023-01-19,5.858093222909096,5.926210519871345,5.824034574427971,5.875122547149658,733400,0.0,0.0
2023-01-20,5.875122016264032,5.892151338965797,5.79848986110055,5.883636474609375,1540300,0.0,0.0
2023-01-23,5.883636796542235,5.943239632265219,5.755917072296143,5.755917072296143,1186100,0.0,0.0
2023-01-24,5.807005389622286,5.832549173590916,5.738887685013312,5.798490524291992,783200,0.0,0.0
2023-01-25,5.832549033542694,5.875122547149658,5.789975925946846,5.875122547149658,688100,0.0,0.0
2023-01-26,5.892151855312324,5.9262105037005135,5.832549017627437,5.866607666015625,848400,0.0,0.0
2023-01-27,5.86660782288984,5.909181337519057,5.7559174156739,5.798490524291992,732100,0.0,0.0
2023-01-30,5.798490101856826,5.80700496656679,5.7388872669203685,5.789975643157959,595700,0.0,0.0
2023-01-31,5.781460628523524,5.866607243359663,5.764431305556296,5.858092784881592,779900,0.0,0.0
2023-02-01,5.866607643382416,5.977298453222546,5.7984903468688325,5.892151832580566,1261900,0.0,0.0
2023-02-02,5.917694973991193,5.943239160419066,5.70482824246617,5.730372428894043,1351800,0.0,0.0
2023-02-03,5.738887559087983,5.738887559087983,5.6196822891574065,5.64522647857666,940600,0.0,0.0
2023-02-06,5.645226308996957,5.70482873916626,5.619682120345038,5.70482873916626,692700,0.0,0.0
2023-02-07,5.704828543104644,5.730372730878669,5.568593957672752,5.594138145446777,849200,0.0,0.0
2023-02-08,5.59413850574927,5.696314451404049,5.560079857197676,5.64522647857666,678000,0.0,0.0
2023-02-09,5.645226060284147,5.6792847063121075,5.560079445214245,5.602652549743652,978800,0.0,0.0
2023-02-10,5.611167318995786,5.730372578069909,5.577108673546037,5.66225528717041,1685900,0.0,0.0
2023-02-13,5.670769745527307,5.687799068252183,5.602652454627809,5.66225528717041,1471800,0.0,0.0
2023-02-14,5.670769973745809,5.687799297156024,5.53453538646409,5.560079574584961,922200,0.0,0.0
2023-02-15,5.56007940802978,5.679284668330426,5.508991033318418,5.6196818351745605,1245200,0.0,0.0
2023-02-16,5.6622558028524566,5.6622558028524566,5.4408741812559835,5.64522647857666,1750500,0.0,0.0
2023-02-17,5.6452260982682585,5.653740556826995,5.534535294927056,5.585623264312744,1390200,0.0,0.0
2023-02-22,5.568594232891756,5.611167745948896,5.372756803648909,5.440874099731445,1644300,0.0,0.0
2023-02-23,5.440873752061217,5.440873752061217,5.372756460331355,5.398300647735596,1328900,0.0,0.0
2023-02-24,5.398300761315151,5.406815219954984,5.287609956919664,5.347212791442871,1295500,0.0,0.0
2023-02-27,5.347212297335793,5.372756076906024,5.287609468320163,5.33869743347168,1031500,0.0,0.0
2023-02-28,5.389786298416343,5.423844947536579,5.313154134890251,5.381271839141846,4418300,0.0,0.0
2023-03-01,5.381270940770138,5.381270940770138,5.253550824885819,5.33869743347168,1526700,0.0,0.0
2023-03-02,5.338697964712274,5.406815258359146,5.304639317888838,5.330183506011963,1044900,0.0,0.0
2023-03-03,5.330182975618621,5.389785398623196,5.304638790037335,5.33869743347168,1402400,0.0,0.0
2023-03-06,5.330183302609592,5.432359239180817,5.287609792699375,5.406815052032471,1191400,0.0,0.0
2023-03-07,5.39830072321492,5.41533004638549,5.313153701350979,5.364242076873779,1031200,0.0,0.0
2023-03-08,5.372756896213048,5.415330410003662,5.347213112747572,5.415330410003662,1237500,0.0,0.0
2023-03-09,5.4153303024757315,5.432359626451616,5.236522197723389,5.236522197723389,2234600,0.0,0.0
2023-03-10,5.236522197723389,5.29612462863343,5.210978008754006,5.236522197723389,1000300,0.0,0.0
2023-03-13,5.279094844284536,5.304639031026291,5.1769189093396655,5.210977554321289,1978200,0.0,0.0
2023-03-14,5.2620654276494445,5.321668258306461,5.219492325189633,5.270580291748047,2276000,0.0,0.0
2023-03-15,5.236521950088958,5.364242076873779,5.176919115986418,5.364242076873779,1967500,0.0,0.0
2023-03-16,5.33869800831544,5.381271520197997,5.27909517288208,5.27909517288208,1591800,0.0,0.0
2023-03-17,5.338698573545896,5.338698573545896,5.040685176849365,5.040685176849365,3842000,0.0,0.0
2023-03-20,5.066228368261733,5.134346067706565,5.049199044903299,5.091772556304932,2298700,0.0,0.0
2023-03-21,5.117316450798946,5.159889553747325,4.964052143353782,5.006625652313232,2233900,0.0,0.0
2023-03-22,5.117316766042976,5.125831224752743,5.006625960738334,5.06622838973999,1993900,0.0,0.0
2023-03-23,5.074743408790221,5.125831380635761,4.964052600119332,4.998111248016357,2498900,0.0,0.0
2023-03-24,5.023654738189057,5.134345531463623,4.9810812312339,5.134345531463623,1610700,0.0,0.0
2023-03-27,5.134346291784266,5.2194929122924805,5.108802102626244,5.2194929122924805,1451800,0.0,0.0
2023-03-28,5.219492781271303,5.372756694338816,5.210977916428667,5.262065887451172,4032200,0.0,0.0
2023-03-29,5.26206598068166,5.279095304657545,5.134346253868081,5.236522197723389,1787400,0.0,0.0
2023-03-30,5.253550824885819,5.347212297335793,5.228006639304533,5.33869743347168,1757800,0.0,0.0
2023-03-31,5.34721279636788,5.355727255015555,5.262065773824562,5.3131537437438965,1104600,0.0,0.0
2023-04-03,5.355726902678737,5.355726902678737,5.193948138904893,5.270580291748047,1569900,0.0,0.0
2023-04-04,5.313153627062184,5.398300647735596,5.2535511998040985,5.398300647735596,2185800,0.0,0.0
2023-04-05,5.372756460331355,5.406815106196286,5.287609845669029,5.398300647735596,1698900,0.0,0.0
2023-04-06,5.381271308167195,5.3983006310470145,5.313153610636831,5.3897857666015625,1406700,0.0,0.0
2023-04-10,5.3897857292706,5.406815052032471,5.330183302609592,5.406815052032471,1366900,0.0,0.0
2023-04-11,5.46641792907373,5.730372637030703,5.46641792907373,5.6196818351745605,6403700,0.0,0.0
2023-04-12,5.619682412467078,5.858093363570672,5.5856237631681545,5.798490524291992,4257800,0.0,0.0
2023-04-13,5.798490196280325,5.960268974304199,5.764431548908046,5.960268974304199,2094000,0.0,0.0
2023-04-14,5.951754147765615,6.002842525163979,5.875122393690279,5.943239688873291,1818400,0.0,0.0
2023-04-17,5.943239399717731,5.968783587174116,5.7899754930126806,5.858092784881592,1111900,0.0,0.0
2023-04-18,5.883637163551595,5.900666488247402,5.772946756034411,5.807005405426025,1278300,0.0,0.0
2023-04-19,5.7474020403324655,5.909180813152044,5.7474020403324655,5.815519332885742,976800,0.0,0.0
2023-04-20,5.832549033542694,5.883637006264381,5.781461060821007,5.875122547149658,535500,0.0,0.0
2023-04-24,5.875122469977723,5.968783955076095,5.841063821943971,5.909181118011475,824100,0.0,0.0
2023-04-25,5.909181003245782,5.960268974304199,5.824034384815085,5.960268974304199,1259800,0.0,0.0
2023-04-26,5.9602694355148325,6.122048226057285,5.883637269991794,5.951754570007324,922300,0.0,0.0
2023-04-27,5.968783288163195,6.036900576619717,5.900665593695607,5.994327068328857,991100,0.0,0.0
2023-04-28,5.994327920551121,6.053930759429932,5.917695757137095,6.053930759429932,873100,0.0,0.0
2023-05-02,6.02838659286499,6.0454159174658635,5.968784159767495,6.02838659286499,2420200,0.0,0.0
2023-05-03,6.011356945362618,6.019871810211239,5.900666138397161,5.960268974304199,1667900,0.0,0.0
2023-05-04,5.9602684241005965,6.002841932391456,5.8836362715814765,5.994327068328857,823200,0.0,0.0
2023-05-05,5.9602694355148325,6.0028429510301065,5.900666594995676,5.951754570007324,961400,0.0,0.0
2023-05-08,5.934724556485999,5.951753879514223,5.83254861831665,5.83254861831665,875500,0.0,0.0
2023-05-09,5.849578167338742,5.9858131628389595,5.798490196280325,5.960268974304199,594100,0.0,0.0
2023-05-10,5.917695274848192,6.079474047753408,5.917695274848192,6.04541540145874,1007900,0.0,0.0
2023-05-11,5.951754109455578,6.019871810211239,5.841063708501224,5.960268974304199,1507900,0.0,0.0
2023-05-12,5.960269090062102,5.968783955076095,5.875122469977723,5.909181118011475,733700,0.0,0.0
2023-05-15,5.909181118011475,5.92621044202835,5.815519632913102,5.909181118011475,721900,0.0,0.0
2023-05-16,5.909181274155272,5.934725057849998,5.807005327354127,5.841063976287842,852600,0.0,0.0
2023-05-17,5.849578593732205,5.909181433983875,5.73888777869816,5.772946834564209,1116500,0.0,0.0
2023-05-18,5.7729463959296945,5.789975719563247,5.653740724483726,5.755917072296143,1799600,0.0,0.0
2023-05-19,5.764431531107368,5.807005043196799,5.730372883840263,5.755917072296143,1021300,0.0,0.0
2023-05-22,5.7388878024946655,5.807005508498083,5.713344018003125,5.747402667999268,955500,0.0,0.0
2023-05-23,5.747402565985137,5.8240347301218325,5.73037324128933,5.807005405426025,1558900,0.0,0.0
2023-05-24,5.807005048859056,5.84106369615937,5.721858024597168,5.721858024597168,791200,0.0,0.0
2023-05-25,5.747402903251197,5.87512304897012,5.696314926165858,5.849578857421875,1106400,0.0,0.0
2023-05-26,5.849578857421875,5.900666834507215,5.7729470947994415,5.849578857421875,1093400,0.0,0.0
2023-05-29,5.858093222909096,5.909181195630783,5.815519709302132,5.875122547149658,506800,0.0,0.0
2023-05-30,5.909180929114865,5.943239576059877,5.73888728837871,5.764431476593018,1498600,0.0,0.0
2023-05-31,5.7559167480937035,5.764431206425352,5.64522594770473,5.653740406036377,901400,0.0,0.0
2023-06-01,5.662255632761201,5.713343604053935,5.55156482528806,5.70482873916626,1875200,0.0,0.0
2023-06-02,5.730372428894043,5.747401751175603,5.670769597903052,5.730372428894043,2266400,0.0,0.0
2023-06-05,5.730372889427797,5.755917077908585,5.662255594827168,5.721858024597168,845200,0.0,0.0
2023-06-06,5.713343839780849,5.841063976287842,5.70482897454186,5.841063976287842,1884400,0.0,0.0
2023-06-07,5.824033938431618,5.943239195098098,5.798489751854693,5.9347243309021,1468000,0.0,0.0
2023-06-09,6.045415387569114,6.607383862162159,6.019871605912347,6.530751705169678,4324200,0.0,0.0
2023-06-12,6.52223723948893,6.598869401167986,6.496693456269987,6.564810752868652,1706400,0.0,0.0
2023-06-13,6.5477816640923034,6.624413828526058,6.420061525373089,6.462635040283203,1568500,0.0,0.0
2023-06-14,6.522236878336579,6.522236878336579,6.4115464804985045,6.5137224197387695,1067500,0.0,0.0
2023-06-15,6.5137228806533125,6.5137228806533125,6.403032068971606,6.5052080154418945,1221400,0.0,0.0
2023-06-16,6.488178785037775,6.530752299689472,6.420061486403959,6.479664325714111,1157500,0.0,0.0
2023-06-19,6.539266163718238,6.564810351386094,6.394517120304013,6.530751705169678,942000,0.0,0.0
2023-06-20,6.5307520279311575,6.615898647680297,6.479664056081674,6.598869323730469,794800,0.0,0.0
2023-06-21,6.624413496423719,6.6329279553722085,6.547781335831772,6.5903544425964355,1306100,0.0,0.0
2023-06-22,6.5477816640923034,6.590354772991289,6.377488010462975,6.462635040283203,1641300,0.0,0.0
2023-06-23,6.420061796403114,6.803221822725154,6.41154733666832,6.752133846282959,1809800,0.0,0.0
2023-06-26,6.752132730451704,6.752132730451704,6.581839503786383,6.624413013458252,1043800,0.0,0.0
2023-06-27,6.718074165162604,6.726589029602861,6.4541194576808705,6.556295394897461,1164900,0.0,0.0
2023-06-28,6.556295926557369,6.590354575058099,6.513722818937014,6.547781467437744,558800,0.0,0.0
2023-06-29,6.5477813659425435,6.879853386682875,6.5477813659425435,6.803221225738525,1842100,0.0,0.0
2023-06-30,6.820250505437848,7.050146161070114,6.820250505437848,7.007572650909424,1178100,0.0,0.0
2023-07-03,7.007572895462416,7.007572895462416,6.837279660898858,6.913911819458008,917500,0.0,0.0
2023-07-04,6.888368496580423,6.93094201106557,6.845794982095276,6.905397415161133,611500,0.0,0.0
2023-07-05,6.8968829782518934,6.913911895885392,6.803221089189939,6.879853248596191,994900,0.0,0.0
2023-07-06,6.862824423811459,6.862824423811459,6.76916253348233,6.854309558868408,1152400,0.0,0.0
2023-07-07,6.854309526405789,6.905397091777709,6.803221149011659,6.837279796600342,647100,0.0,0.0
2023-07-10,6.828765648255373,6.828765648255373,6.649957141897826,6.666986465454102,1717300,0.0,0.0
2023-07-11,6.709559993784107,6.718074452577549,6.539266351793146,6.675501346588135,1398900,0.0,0.0
2023-07-12,6.6755019025962214,6.726589877645339,6.607384602530732,6.641443252563477,1183500,0.0,0.0
2023-07-13,6.632927834587619,6.726589317382093,6.607384052196191,6.675501346588135,1718600,0.0,0.0
2023-07-14,6.666986465454102,6.6840157890103775,6.607384036012685,6.666986465454102,979800,0.0,0.0
2023-07-17,6.666986720874443,6.666986720874443,6.522237262095021,6.539266586303711,1016700,0.0,0.0
2023-07-18,6.581839811283501,6.607383999482238,6.38600238846351,6.454119682312012,951400,0.0,0.0
2023-07-19,6.454119682312012,6.505207652698388,6.38600238846351,6.454119682312012,648700,0.0,0.0
2023-07-20,6.454120174896729,6.488178824420369,6.4030322006112685,6.462635040283203,842200,0.0,0.0
2023-07-21,6.462634754120584,6.573325157165527,6.445605430112814,6.573325157165527,1092600,0.0,0.0
2023-07-24,6.590354268854183,6.726589262538412,6.44560522245703,6.68401575088501,2250400,0.0,0.0
2023-07-25,6.709560102925404,6.896883071561447,6.7010452379823535,6.854309558868408,1525400,0.0,0.0
2023-07-26,6.896883102496724,7.118263907853521,6.871338507552994,7.067176342010498,3322600,0.0,0.0
2023-07-27,7.058661462021345,7.118263892718886,6.820250927208962,6.862824440002441,1578800,0.0,0.0
2023-07-28,6.862824330962693,6.939455678346742,6.81173595401779,6.879853248596191,2086100,0.0,0.0
2023-07-31,6.879853129823749,6.990543934608257,6.820250701102163,6.965000152587891,1574800,0.0,0.0
2023-08-01,6.922426961246663,7.143808581050699,6.8883683129708295,7.033117771148682,2504000,0.0,0.0
2023-08-02,7.024602962424439,7.1863813400268555,6.956485665326344,7.1863813400268555,1919400,0.0,0.0
2023-08-03,7.203410464621569,7.245983974733689,7.016087507341539,7.075690746307373,3134500,0.0,0.0
2023-08-04,7.050146227940718,7.17786675963422,6.999058664881057,7.041632175445557,4098400,0.0,0.0
2023-08-07,7.067175517322858,7.084204433275977,6.982028501490895,6.990543365478516,3774500,0.0,0.0
2023-08-08,6.990544181223745,7.126778772834765,6.939455803358504,7.067176342010498,7936600,0.0,0.0
2023-08-09,7.15232246177941,7.186381109234657,6.9564854419172955,7.092720031738281,23251500,0.0,0.0
2023-08-10,7.092720445761536,7.135293960571289,6.999059362797883,7.135293960571289,21783800,0.0,0.0
2023-08-11,7.152322946091586,7.314102141475374,7.152322946091586,7.297072410583496,29453100,0.0,0.0
2023-08-14,7.331130152680834,7.373703662617257,7.2289542160467155,7.322616100311279,9268200,0.0,0.0
2023-08-15,7.280042227295567,7.339644651020696,7.143807651911202,7.237468719482422,9123500,0.0,0.0
2023-08-16,7.245985080332132,7.245985080332132,7.1267793962341255,7.194896697998047,5870200,0.0,0.0
2023-08-17,7.194896068640275,7.211925798602761,6.999059046204988,7.067176342010498,12879300,0.0,0.0
2023-08-18,7.067175881880516,7.135293173251043,7.016087507341539,7.075690746307373,8579800,0.0,0.0
2023-08-21,7.041632234370467,7.101234662446221,6.913911701608189,6.999058723449707,6736200,0.0,0.0
2023-08-22,7.016087581893552,7.041632175445557,6.930941372786725,7.041632175445557,6727300,0.0,0.0
2023-08-23,7.041632175445557,7.067175956975388,6.965000018833891,7.041632175445557,5838400,0.0,0.0
2023-08-24,7.067175982619609,7.084204899693897,6.939455450462655,6.982028961181641,8814300,0.0,0.0
2023-08-25,7.007572717376217,7.084204873987884,6.930941372786725,7.041632175445557,14618600,0.0,0.0
2023-08-28,7.041631737382119,7.058660653335237,6.982028501490895,6.990543365478516,2291100,0.0,0.0
2023-08-29,7.033116873394497,7.067175517322858,6.930940941609416,6.990543365478516,4571700,0.0,0.0
2023-08-30,7.024602471900625,7.024602471900625,6.947970315010888,6.982028961181641,6749700,0.0,0.0
2023-08-31,6.990543605034188,6.990543605034188,6.854309024652186,6.8968825340271,5339600,0.0,0.0
2023-09-01,6.930941430785365,6.999058723449707,6.862824138121023,6.999058723449707,12005600,0.0,0.0
2023-09-04,6.965000152587891,7.0586612280106955,6.913911776524968,6.965000152587891,18255500,0.0,0.0
2023-09-05,6.956485364025944,6.956485364025944,6.871338340330111,6.930941581726074,6908200,0.0,0.0
2023-09-06,6.939455788604045,6.939455788604045,6.8117360622458225,6.862824440002441,6919900,0.0,0.0
2023-09-08,6.828765792172101,6.871338492943364,6.794706738330652,6.862824440002441,3243500,0.0,0.0
2023-09-11,6.862824212484234,6.965000152587891,6.794706513070701,6.965000152587891,3306800,0.0,0.0
2023-09-12,6.990543800363722,7.041632175445557,6.930941372786725,7.041632175445557,4531400,0.0,0.0
2023-09-13,7.050146062154677,7.186380643139748,6.990543635979247,7.101234436035156,10843200,0.0,0.0
2023-09-14,7.101235217564076,7.2204400830340685,7.101235217564076,7.160837650299072,6443800,0.0,0.0
2023-09-15,7.186380746826133,7.2715277671813965,7.1608369655284205,7.2715277671813965,7600500,0.0,0.0
2023-09-18,7.25449952794424,7.280043311627919,7.084205471327066,7.152322769165039,7342900,0.0,0.0
2023-09-19,7.23747021460607,7.305587516369991,7.135294261960189,7.194896697998047,6611800,0.0,0.0
2023-09-20,7.1948956526070305,7.280042673451538,7.177866735651432,7.220439434051514,2879100,0.0,0.0
2023-09-21,7.1778677939215445,7.280043746785979,7.126779411478182,7.20341157913208,4817200,0.0,0.0
2023-09-22,7.203410075636331,7.237468719482422,7.135292787944149,7.237468719482422,4243100,0.0,0.0
2023-09-25,7.2374690472660115,7.3226160667485924,7.16935175648881,7.305586338043213,5243800,0.0,0.0
2023-09-26,7.305587629178244,7.331131414728573,7.143809237996424,7.177867889404297,6801600,0.0,0.0
2023-09-27,7.220439008989419,7.220439008989419,6.837279061789832,6.990543365478516,9654000,0.0,0.0
2023-09-28,6.990544121356478,7.109749794006348,6.939455743928758,7.109749794006348,6171400,0.0,0.0
2023-09-29,7.15232278504486,7.211926029802101,7.04163278482908,7.160837650299072,4575100,0.0,0.0
2023-10-02,7.243899271379681,7.243899271379681,7.067218965732011,7.155559539794922,2934300,0.304025,0.0
2023-10-03,7.102554402114462,7.14672468526066,6.943542141018421,7.031882286071777,4214600,0.0,0.0
2023-10-04,7.031882367717739,7.058384200921934,6.9347079964112535,6.961210250854492,3911000,0.0,0.0
2023-10-05,6.943542345685829,7.005380238426389,6.802197688195154,6.8552021980285645,5414800,0.0,0.0
2023-10-06,6.784529617847198,6.899372019730263,6.669687637203182,6.890538215637207,5689500,0.0,0.0
2023-10-09,6.855202410841487,6.978878621401062,6.784529869282665,6.952376365661621,3514800,0.0,0.0
2023-10-10,6.970044187730867,7.129056453704834,6.899372069520215,7.129056453704834,7088800,0.0,0.0
2023-10-11,7.129056428235317,7.1643924872144,7.049550506151904,7.120223045349121,5016500,0.0,0.0
2023-10-13,7.084886959146681,7.1113887926596355,6.917040047782404,6.970044136047363,3155700,0.0,0.0
2023-10-16,7.040716516061318,7.040716516061318,6.917040305501742,6.952376365661621,2579800,0.0,0.0
2023-10-17,6.908206492274389,6.925874522331805,6.837533950805664,6.837533950805664,3186200,0.0,0.0
2023-10-18,6.81103225123565,6.81103225123565,6.590181660524349,6.65201997756958,5565000,0.0,0.0
2023-10-19,6.722691536797605,6.961210137962456,6.722691536797605,6.802197456359863,10265100,0.0,0.0
2023-10-20,6.758027988088423,6.890538423391933,6.7226919281726945,6.79336404800415,7581500,0.0,0.0
2023-10-23,6.7580277829875275,7.0053801948906695,6.749193557657176,6.970044136047363,7303800,0.0,0.0
2023-10-24,7.005380630493164,7.06721894793365,6.925874703771481,7.005380630493164,4274900,0.0,0.0
2023-10-25,7.0053801132745,7.023048142490311,6.917039967195442,6.961210250854492,2408000,0.0,0.0
2023-10-26,6.96121026495552,7.155559007962176,6.96121026495552,7.076052665710449,4787400,0.0,0.0
2023-10-27,7.076052569217975,7.155558910385515,7.005380031936251,7.031882286071777,5703700,0.0,0.0
2023-10-30,7.049550828898962,7.049550828898962,6.846368269847474,6.881704330444336,2879200,0.0,0.0
2023-10-31,6.8728703609711035,6.94354248046875,6.811032045791133,6.94354248046875,2982000,0.0,0.0
2023-11-01,6.943542528164253,7.120223249361057,6.908206468172704,7.102554798126221,2950800,0.0,0.0
2023-11-03,7.208562688613608,7.29690325628389,7.120222963421417,7.190895080566406,5557100,0.0,0.0
2023-11-06,7.23506452043029,7.367575371908366,7.129056344734685,7.349906921386719,11778900,0.0,0.0
2023-11-07,7.3587415382805625,7.473583945348917,7.341073929296734,7.420579433441162,7773300,0.0,0.0
2023-11-08,7.42057931402342,7.49125143377769,7.3234053599808275,7.367575645446777,8915400,0.0,0.0
2023-11-09,7.447081990789862,7.482418050666998,7.243899014637742,7.367575645446777,4258500,0.0,0.0
2023-11-10,7.349907874074798,7.508920579468328,7.332240263741184,7.464750289916992,5616000,0.0,0.0
2023-11-13,7.438247638995122,7.517753982989211,7.402911579717539,7.473583698272705,3676400,0.0,0.0
2023-11-14,7.50008575345983,7.694434506461364,7.50008575345983,7.685600280761719,7335500,0.0,0.0
2023-11-16,7.773941200712959,7.853447550611689,7.685600624719221,7.791608810424805,10807000,0.0,0.0
2023-11-17,7.81810978665027,7.853445840859214,7.694433175679972,7.729769229888916,6485100,0.0,0.0
2023-11-20,7.729769229888916,7.809275562478538,7.579590788881407,7.729769229888916,5999000,0.0,0.0
2023-11-21,7.6414301733707894,7.729770747476063,7.579592276983989,7.6590986251831055,3714000,0.0,0.0
2023-11-22,7.65909793075308,7.80044216252369,7.632596097915609,7.720935821533203,7461500,0.0,0.0
2023-11-23,7.747439068972049,7.765106678009033,7.667932722110276,7.765106678009033,4495900,0.0,0.0
2023-11-24,7.756273357825279,7.844613940758705,7.6590993905810985,7.800443649291992,2939300,0.0,0.0
2023-11-27,7.800443649291992,7.835779713969715,7.738605746725535,7.800443649291992,2183600,0.0,0.0
2023-11-28,7.782773935404941,7.879947876394198,7.694433376339791,7.712100982666016,6575600,0.0,0.0
2023-11-29,7.729769229888916,7.826943168344016,7.667931345642761,7.729769229888916,5300000,0.0,0.0
2023-11-30,7.738604843214488,7.835778799113245,7.68560033114726,7.765106678009033,4564800,0.0,0.0
2023-12-01,7.765106541581353,7.826944435841554,7.685600196116453,7.756272315979004,2958200,0.0,0.0
2023-12-04,7.747439199288378,7.747439199288378,7.500085928784874,7.6590986251831055,10453200,0.0,0.0
2023-12-05,7.6237615958933675,7.844612160632533,7.6237615958933675,7.809276103973389,10214800,0.0,0.0
2023-12-06,7.800441840358469,7.844612121582031,7.729769727391986,7.844612121582031,7070500,0.0,0.0
2023-12-07,7.844612298343501,7.853446523282882,7.756271733905812,7.818110466003418,5437500,0.0,0.0
2023-12-08,7.844612258717304,7.950620430020207,7.773940144515369,7.8534464836120605,11042300,0.0,0.0
2023-12-11,7.8534464836120605,7.906450148024484,7.791607751826826,7.8534464836120605,2502400,0.0,0.0
2023-12-12,7.835778670861217,7.8887831820608945,7.773940776526697,7.871114730834961,3400200,0.0,0.0
2023-12-13,7.87111492329259,8.074297904968262,7.844613088283814,8.074297904968262,7299200,0.0,0.0
2023-12-14,8.1007989466435,8.233308951188459,8.03896105685293,8.091964721679688,10034100,0.0,0.0
2023-12-15,8.118466554093066,8.197972893811265,7.924118659757538,8.091964721679688,4061000,0.0,0.0
2023-12-18,8.083130234764331,8.109632908796895,7.968288683868694,8.030126571655273,6572600,0.0,0.0
2023-12-19,8.03012700794914,8.171471240556874,8.03012700794914,8.065463066101074,5508800,0.0,0.0
2023-12-20,8.136135361965339,8.189139871602062,7.9947911262382085,8.038961410522461,8552900,0.0,0.0
2023-12-21,8.074296873860732,8.180305042836478,8.056628424459088,8.14496898651123,3451500,0.0,0.0
2023-12-22,8.144969947810809,8.295148415537247,8.144969947810809,8.259812355041504,4218400,0.0,0.0
2023-12-26,8.250978204020745,8.427658508099512,8.224476369028467,8.348152160644531,6642800,0.0,0.0
2023-12-27,8.348150966918324,8.41882307844422,8.295147304512913,8.401155471801758,3649700,0.0,0.0
2023-12-28,8.356984917408132,8.4629930812204,8.303980414262998,8.3834867477417,11054700,0.0,0.0
2024-01-02,8.383487605089725,8.383487605089725,8.180305480957031,8.180305480957031,4623200,0.0,0.0
2024-01-03,8.171471337620643,8.22447584671719,8.091964995214866,8.109633445739746,6155100,0.0,0.0
2024-01-04,8.127301662780022,8.189140401772699,7.985957417902168,8.003625869750977,2953000,0.0,0.0
2024-01-05,8.003625783292762,8.136135800814788,7.985957331634815,8.074297904968262,9003500,0.0,0.0
2024-01-08,8.074297726125106,8.153803229390412,8.003625606014971,8.100799560546875,7289600,0.0,0.0
2024-01-09,8.030127357012306,8.197973429910604,7.994791297324342,8.17147159576416,7821500,0.0,0.0
2024-01-10,8.17147184330933,8.206807904067759,8.012459148657332,8.118467330932617,5724800,0.0,0.0
2024-01-11,8.100800242916028,8.180306595356662,8.030128116852842,8.083131790161133,4857300,0.0,0.0
2024-01-12,8.083131790161133,8.127302079570173,7.9859578274438014,8.083131790161133,10507100,0.0,0.0
2024-01-15,8.074297904968262,8.144970026643762,7.994791557463788,8.074297904968262,4482700,0.0,0.0
2024-01-16,8.056628922657339,8.074297373151547,7.950620747126358,7.994791030883789,10983700,0.0,0.0
2024-01-17,7.994792053821249,8.118467853192726,7.959455990789656,8.083131790161133,9915600,0.0,0.0
2024-01-18,8.083130839365463,8.083130839365463,7.879948711453088,7.924118995666504,6168400,0.0,0.0
2024-01-19,7.941786629388912,7.941786629388912,7.86228028604486,7.932952404022217,7440300,0.0,0.0
2024-01-22,7.932952487526199,7.959455163905257,7.782774867102089,7.862280368804932,3193200,0.0,0.0
2024-01-23,7.862280782394968,8.003625869750977,7.826944721175504,8.003625869750977,5800700,0.0,0.0
2024-01-24,8.003626119642629,8.09196585421038,7.924119768796926,7.950621604919434,4556200,0.0,0.0
2024-01-25,7.950620396048082,8.047794342041016,7.915284339098101,8.047794342041016,2331500,0.0,0.0
2024-01-26,8.056629609544306,8.091965671067292,7.906451137452074,7.977123260498047,6919600,0.0,0.0
2024-01-29,7.977122868012408,7.99479131914367,7.897616522877973,7.9064507484436035,4492200,0.0,0.0
2024-01-30,7.90645069580136,7.9241191468149825,7.77394068311165,7.826944351196289,3106300,0.0,0.0
2024-01-31,7.818110819041165,8.04779478049035,7.809276593702862,7.924118995666504,10605700,0.0,0.0
2024-02-01,7.950620841953955,8.038961410522461,7.87111449873792,8.038961410522461,3314600,0.0,0.0
2024-02-02,8.038962181965365,8.065464018087873,7.888783706474189,7.950621604919434,5213500,0.0,0.0
2024-02-05,7.95062156040319,8.021293684652964,7.853447600179294,7.985957622528076,2231600,0.0,0.0
2024-02-06,7.9771224994822,8.127300957247437,7.9771224994822,8.065463066101074,5907200,0.0,0.0
2024-02-07,8.047794711380758,8.136135279048975,8.003625270024742,8.109633445739746,4829500,0.0,0.0
2024-02-08,8.100800080410611,8.100800080410611,7.941787378719204,7.950621604919434,3317100,0.0,0.0
2024-02-09,7.95945462090509,8.083130398990996,7.915284339098101,8.047794342041016,6078900,0.0,0.0
2024-02-14,8.047794342041016,8.083130398990996,7.985956452998063,8.047794342041016,3737500,0.0,0.0
2024-02-15,8.06546264915991,8.1891392675373,8.06546264915991,8.14496898651123,6024800,0.0,0.0
2024-02-16,8.189140046847202,8.206807655452124,8.109633701929754,8.17147159576416,7895100,0.0,0.0
2024-02-19,8.127300987115893,8.295147895812988,8.118466761925923,8.295147895812988,2738600,0.0,0.0
2024-02-20,8.286314264836498,8.427658508099512,8.233309752373797,8.348152160644531,4535200,0.0,0.0
2024-02-21,8.348152242287826,8.356986468197697,8.162637710571289,8.162637710571289,3053600,0.0,0.0
2024-02-22,8.162636242860843,8.268644407283686,8.144968636696037,8.197972297668457,4918000,0.0,0.0
2024-02-23,8.215641099161727,8.242142930786155,8.10079870548516,8.14496898651123,3780300,0.0,0.0
2024-02-26,8.162636836434073,8.197972893811265,8.065462889266309,8.091964721679688,6148900,0.0,0.0
2024-02-27,8.118466813199136,8.189139772687156,8.100799205185698,8.153802871704102,7319100,0.0,0.0
2024-02-28,8.136135875319829,8.189140388300903,8.083131362338753,8.162637710571289,8572700,0.0,0.0
2024-02-29,8.162637112358203,8.162637112358203,8.056628936643198,8.109633445739746,7141700,0.0,0.0
2024-03-01,8.14496965522711,8.162637263601257,7.9506209082428585,8.012458801269531,8268600,0.0,0.0
2024-03-04,8.01245881756945,8.021293043013548,7.924119090562794,7.968289375305176,9674800,0.0,0.0
2024-03-05,8.00362507883765,8.083130576866143,7.959454796058662,8.021292686462402,4623000,0.0,0.0
2024-03-06,8.083130398990996,8.109633073562021,7.994790677855071,8.047794342041016,6048100,0.0,0.0
2024-03-07,8.047794793396832,8.047794793396832,7.924119008374643,8.038961410522461,3588100,0.0,0.0
2024-03-08,7.985956724639704,8.109633349410512,7.968289116802777,8.065463066101074,3256400,0.0,0.0
2024-03-11,8.038961493901745,8.056629102311833,7.9329524735287835,7.968289375305176,8750200,0.0,0.0
2024-03-12,7.994791071967057,8.003625297259559,7.897616278705733,7.9594550132751465,2420700,0.0,0.0
2024-03-13,7.959455259359267,8.038961604493702,7.862280463093571,7.9064507484436035,2681800,0.0,0.0
2024-03-14,7.932952337397644,7.985956846674556,7.862280220013823,7.9594550132751465,5014100,0.0,0.0
2024-03-15,8.003625338755032,8.030127172291843,7.818110819041165,7.924118995666504,5703900,0.0,0.0
2024-03-18,7.924120134724324,7.924120134724324,7.747439814951732,7.78277587890625,2275700,0.0,0.0
2024-03-19,7.8004427459281285,7.87994909286499,7.756272459576746,7.87994909286499,1879200,0.0,0.0
2024-03-20,7.862280983851884,7.985957622528076,7.862280983851884,7.985957622528076,1763400,0.0,0.0
2024-03-21,7.968289808531513,8.04779531441669,7.888783460168181,8.003625869750977,1735900,0.0,0.0
2024-03-22,7.994790796666792,8.056628686628727,7.879948399253153,7.941786289215088,4453900,0.0,0.0
2024-03-25,7.91528590811614,7.93295351885429,7.738605588343547,7.78277587890625,4404600,0.0,0.0
2024-03-26,7.809277095675178,7.809277095675178,7.6590986251831055,7.6590986251831055,7368800,0.0,0.0
2024-03-27,7.703269570470674,7.765107472141446,7.6590992796437405,7.747439861297607,3401700,0.0,0.0
2024-03-28,7.747438923263762,7.765106531968466,7.561924398234694,7.641429901123047,10217800,0.0,0.0
2024-04-01,7.65909789819392,7.667932123261548,7.491250991821289,7.491250991821289,6213300,0.0,0.0
2024-04-02,7.491251022361822,7.5795915884421,7.411745523863262,7.561923980712891,16705700,0.0,0.0
2024-04-03,7.553090441743668,7.667932851089263,7.473584093544553,7.6590986251831055,5399700,0.0,0.0
2024-04-04,7.632596327185559,7.83577845583953,7.632596327185559,7.773940563201904,8378800,0.0,0.0
2024-04-05,7.773940990540988,7.773940990540988,7.579592234095973,7.694434642791748,9817700,0.0,0.0
2024-04-08,7.685600280761719,7.782775078501552,7.65026422044127,7.685600280761719,11110900,0.0,0.0
2024-04-09,7.729769229888916,7.738603454060649,7.650262897299295,7.729769229888916,13990200,0.0,0.0
2024-04-10,7.703268253733392,7.703268253733392,7.464749229525488,7.526587963104248,8726500,0.0,0.0
2024-04-11,7.500085911834519,7.517754363606904,7.261567710254382,7.314571380615234,19277200,0.0,0.0
2024-04-12,7.323405606501427,7.367575893454237,7.182061362234953,7.314571380615234,6996800,0.0,0.0
2024-04-15,7.3057380848651166,7.332239920363525,7.182061448408942,7.243899345397949,9338500,0.0,0.0
2024-04-16,7.217397374193897,7.305737947498444,7.129056800889352,7.23506498336792,7422500,0.0,0.0
2024-04-17,7.235065075790079,7.332239876162038,7.199729014512499,7.279235363006592,5675400,0.0,0.0
2024-04-18,7.2792349809101475,7.341073716758533,7.226231313015087,7.3234052658081055,2876500,0.0,0.0
2024-04-19,7.32340492792673,7.508919441956544,7.32340492792673,7.491250991821289,9581000,0.0,0.0
2024-04-22,7.464748976485096,7.6237616539001465,7.411745312332113,7.6237616539001465,6384200,0.0,0.0
2024-04-23,7.598500200980352,7.598500200980352,7.403211416951415,7.483102321624756,10107000,0.041541,0.0
2024-04-24,7.4564715610600585,7.4564715610600585,7.296690596008686,7.358827590942383,7917200,0.0,0.0
2024-04-25,7.349950333558975,7.349950333558975,7.22567634879698,7.278936386108398,16046900,0.0,0.0
2024-04-26,7.278936755997706,7.42984161363688,7.261183691509429,7.40321159362793,11283700,0.0,0.0
2024-04-29,7.403211177537351,7.429841196049586,7.341074185491126,7.420964241027832,3183800,0.0,0.0
2024-04-30,7.403211217423423,7.403211217423423,7.24342941238311,7.278936386108398,9505700,0.0,0.0
2024-05-02,7.305566509633015,7.509732246398926,7.305566509633015,7.509732246398926,4223300,0.0,0.0
2024-05-03,7.607376332213543,7.900309085845947,7.580746312761431,7.900309085845947,17831900,0.0,0.0
2024-05-06,7.882555739145534,7.900308802626157,7.687266961540527,7.749403953552246,7758100,0.0,0.0
2024-05-07,7.731651160953462,7.784912046367402,7.62513023667864,7.64288330078125,5846400,0.0,0.0
2024-05-08,7.6606372462410395,7.713897285343897,7.580746341033695,7.5985002517700195,7994000,0.0,0.0
2024-05-09,7.5718695401263245,7.5718695401263245,7.243429803781904,7.332197666168213,18276100,0.0,0.0
2024-05-10,7.349950911961744,7.376581779266193,7.172416029364233,7.252306938171387,10312800,0.0,0.0
2024-05-13,7.25230675933115,7.3854577063575375,7.234552848232658,7.332197666168213,5420900,0.0,0.0
2024-05-14,7.376581304656015,7.527485310239894,7.376581304656015,7.509732246398926,4614900,0.0,0.0
2024-05-15,7.527485189657025,7.767157896818595,7.509732126100443,7.705020904541016,7633300,0.0,0.0
2024-05-16,7.71389691942105,7.758280847603371,7.669513837791747,7.7316508293151855,2558400,0.0,0.0
2024-05-17,7.7138971679169215,7.7405280336160125,7.607376244779693,7.696144104003906,3871400,0.0,0.0
2024-05-20,7.678390046026701,7.722773974786139,7.589623035060855,7.6073760986328125,3022800,0.0,0.0
2024-05-21,7.589623532572453,7.793788433074951,7.554116556547971,7.793788433074951,6836000,0.0,0.0
2024-05-22,7.731650772981953,7.7671577459584995,7.571868971310986,7.616252899169922,13899000,0.0,0.0
2024-05-23,7.580746604690995,7.634007492199316,7.420964788719116,7.465348720550537,9984100,0.0,0.0
2024-05-24,7.465348169583574,7.509732098139317,7.367704204003362,7.420964241027832,4491700,0.0,0.0
2024-05-27,7.429841290237773,7.483102174490457,7.385457361119375,7.394334316253662,2165300,0.0,0.0
2024-05-28,7.420964502947045,7.491978452521424,7.37658141937785,7.412088394165039,19742100,0.0,0.0
2024-05-29,7.403212157872749,7.403212157872749,7.234553376337692,7.349951267242432,4907900,0.0,0.0
2024-05-31,7.367704921361753,7.367704921361753,7.128032191756767,7.225677013397217,6783000,0.0,0.0
2024-06-03,7.225677087096116,7.456472016615947,7.172416197789622,7.429841995239258,5336300,0.0,0.0
2024-06-04,7.4032110057107365,7.5541158513659825,7.385457096079294,7.500854969024658,3705400,0.0,0.0
2024-06-05,7.483102321624756,7.545239315680441,7.420964481016017,7.483102321624756,2656200,0.0,0.0
2024-06-06,7.465348316966941,7.571869239671878,7.447595253125972,7.509732246398926,4598000,0.0,0.0
2024-06-07,7.491978633289262,7.491978633289262,7.3055667995204745,7.332197666168213,5122200,0.0,0.0
2024-06-10,7.314443204736548,7.385457150681329,7.207922285819376,7.287813186645508,6278300,0.0,0.0
2024-06-11,7.2523065721271935,7.447595356404234,7.2523065721271935,7.385457515716553,1778200,0.0,0.0
2024-06-12,7.412088573005275,7.429841637550692,7.225676739236487,7.332197666168213,4532600,0.0,0.0
2024-06-13,7.287813015690258,7.41208784145493,7.287813015690258,7.367703914642334,6328400,0.0,0.0
2024-06-14,7.358827342269551,7.429841290237773,7.234552510048645,7.394334316253662,19421100,0.0,0.0
2024-06-17,7.385457150681329,7.385457150681329,7.287813186645508,7.287813186645508,2988800,0.0,0.0
2024-06-18,7.261183261871338,7.314443298737888,7.1901693150139225,7.261183261871338,3159000,0.0,0.0
2024-06-19,7.23455239688504,7.2700593703137475,7.101401458165643,7.261183261871338,4213400,0.0,0.0
2024-06-20,7.234552981203293,7.296690824637028,7.101402031729599,7.136909008026123,4867600,0.0,0.0
2024-06-21,7.181292420002112,7.278936386108398,7.101401517481955,7.278936386108398,9992500,0.0,0.0
2024-06-24,7.278936779425813,7.412088573005275,7.25230675933115,7.332197666168213,5007200,0.0,0.0
2024-06-25,7.332197208728752,7.332197208728752,7.243429351880472,7.261183261871338,5585300,0.0,0.0
2024-06-26,7.2611839639948625,7.32332096186521,7.119156056546579,7.296690940856934,5678000,0.0,0.0
2024-06-27,7.27893657006313,7.474225353764109,7.2523065507344215,7.4564714431762695,9545900,0.0,0.0
2024-06-28,7.4564715610600585,7.4742254719285794,7.332197571192665,7.358827590942383,4372900,0.0,0.0
2024-07-01,7.385458255346884,7.429842189839266,7.287814276706155,7.376582145690918,2864700,0.0,0.0
2024-07-02,7.367704464042788,7.465348433069296,7.314443578585476,7.412088394165039,3636800,0.0,0.0
2024-07-03,7.4120881131599345,7.554116006924169,7.4120881131599345,7.491978168487549,2688000,0.0,0.0
2024-07-04,7.518609312403816,7.687267230867356,7.518609312403816,7.64288330078125,3321700,0.0,0.0
2024-07-05,7.642883052487766,7.758280928341503,7.589623015357135,7.678390026092529,12383500,0.0,0.0
2024-07-08,7.713896980037974,7.829294855597614,7.642883033009431,7.749403953552246,3024500,0.0,0.0
2024-07-09,7.749404231362218,7.926939951851114,7.722774211910105,7.900309085845947,2454600,0.0,0.0
2024-07-10,7.900308454919765,7.980199353448994,7.855925374895071,7.909185409545898,2365500,0.0,0.0
2024-07-11,7.909187250941222,8.077846041892492,7.909187250941222,8.051215171813965,3857400,0.0,0.0
2024-07-12,8.042338595266301,8.113352551584285,7.989077704751247,8.077845573425293,4676600,0.0,0.0
2024-07-15,8.077843833366446,8.077843833366446,7.95356901330361,7.997952938079834,2459000,0.0,0.0
2024-07-16,7.997953001512858,8.139980884680858,7.962446030720859,8.113350868225098,3870300,0.0,0.0
2024-07-17,8.166610901136618,8.166610901136618,8.033459972304858,8.113350868225098,3624100,0.0,0.0
2024-07-18,8.095597786748803,8.113351697235352,7.935815978582055,7.9535698890686035,4786500,0.0,0.0
2024-07-19,7.918062747598268,8.0334606236671,7.873678818871328,7.935815811157227,20701900,0.0,0.0
2024-07-22,7.98907807897614,8.131105998264985,7.926941075925564,8.104475975036621,6527200,0.0,0.0
2024-07-23,8.12222794102313,8.12222794102313,7.989076996371496,8.015707015991211,5150000,0.0,0.0
2024-07-24,8.068967597338046,8.068967597338046,7.838171845200382,7.935815811157227,7969900,0.0,0.0
2024-07-25,7.935816060633115,7.944693015968172,7.864802111058778,7.900309085845947,4340700,0.0,0.0
2024-07-26,7.90030883099403,8.068967590707198,7.838171838759194,8.03346061706543,6742300,0.0,0.0
2024-07-29,8.02458381652832,8.06896774607339,7.918062893551981,8.02458381652832,4935300,0.0,0.0
2024-07-30,7.962445967569445,8.042336862856057,7.962445967569445,7.997952938079834,4514200,0.0,0.0
2024-07-31,7.971322536468506,8.033460373371426,7.944692518683255,7.971322536468506,4129600,0.0,0.0
2024-08-01,7.971323792395183,8.12222866120918,7.935816814236192,8.077845573425293,10080000,0.0,0.0
2024-08-02,8.077844701293012,8.193241732935931,7.997953797422497,8.02458381652832,3532400,0.0,0.0
2024-08-05,7.802664792848898,8.006830524312843,7.793787837882418,7.989076614379883,9519100,0.0,0.0
2024-08-06,7.953569977367034,8.157734870910645,7.953569977367034,8.157734870910645,8155100,0.0,0.0
2024-08-07,8.122227668762207,8.184365507862733,8.06896763130808,8.122227668762207,3810100,0.0,0.0
2024-08-08,8.166611597676003,8.166611597676003,8.006830638760587,8.122227668762207,3572600,0.0,0.0
2024-08-09,8.122227099666894,8.2642558315502,8.051213157001728,8.246501922607422,6146100,0.0,0.0
2024-08-12,8.27313232421875,8.28200927910297,8.16661140526714,8.27313232421875,3587000,0.0,0.0
2024-08-13,8.264256443827957,8.406284339680775,8.255379488698898,8.308639526367188,4677400,0.0,0.0
2024-08-14,8.308639334329714,8.50392810989015,8.308639334329714,8.45954418182373,4821500,0.0,0.0
2024-08-15,8.450667767254705,8.468420829906206,8.308639033277773,8.379652976989746,5432500,0.0,0.0
2024-08-16,8.432914661890155,8.441791617338565,8.308639825271618,8.388530731201172,4235700,0.0,0.0
2024-08-19,8.388530720408628,8.4950516459933,8.344146789776751,8.486175537109375,5443200,0.0,0.0
2024-08-20,8.468421626235397,8.521682512304265,8.388530720408628,8.486175537109375,4854100,0.0,0.0
2024-08-21,8.503929713486885,8.54831364992284,8.424038797212802,8.477299690246582,4046100,0.0,0.0
2024-08-22,8.45066807345286,8.583819011099102,8.41516025375731,8.45954418182373,10823900,0.0,0.0
2024-08-23,8.468421662762028,8.610449564154194,8.424037731938709,8.574942588806152,3840300,0.0,0.0
2024-08-26,8.530558933261101,8.566065909754942,8.397407983047477,8.468421936035156,2986400,0.0,0.0
2024-08-27,8.459543875303963,8.459543875303963,8.353022959736002,8.379652976989746,1837600,0.0,0.0
2024-08-28,8.38853095715263,8.441791844724644,8.299763939936723,8.42403793334961,3759100,0.0,0.0
2024-08-29,8.424037706441744,8.450668572786974,8.219872810446718,8.388530731201172,6463100,0.0,0.0
2024-08-30,8.28200919999725,8.415160135776715,8.273132245197818,8.326393127441406,10715800,0.0,0.0
2024-09-02,8.35302398095565,8.42403793334961,8.202119120480212,8.42403793334961,3330200,0.0,0.0
2024-09-03,8.388530461673026,8.521682249461733,8.379653506509838,8.495051383972168,5572400,0.0,0.0
2024-09-04,8.450667808331461,8.690339657886115,8.450667808331461,8.66370964050293,6226100,0.0,0.0
2024-09-05,8.654831965994699,8.708092842884104,8.503927135786455,8.69921588897705,8450700,0.0,0.0
2024-09-06,8.690339660001495,8.743600541333821,8.566064834594727,8.566064834594727,5627300,0.0,0.0
2024-09-09,8.58381954428143,8.601572608678916,8.486175573712583,8.574942588806152,4818400,0.0,0.0
2024-09-10,8.583819461632837,8.654833411645168,8.503928556230699,8.628203392028809,3293300,0.0,0.0
2024-09-11,8.663709642611826,8.663709642611826,8.53943481720506,8.566064834594727,2968100,0.0,0.0
2024-09-12,8.592695311919314,8.592695311919314,8.406283505473034,8.539434432983398,7711400,0.0,0.0
2024-09-13,8.53943519268256,8.699216997152128,8.512805174121974,8.690340042114258,4796100,0.0,0.0
2024-09-16,8.672587790818275,8.71697087705825,8.53943599243903,8.60157299041748,5127800,0.0,0.0
2024-09-17,8.592696881101348,8.610449946286717,8.512805971384422,8.60157299041748,2366800,0.0,0.0
2024-09-18,8.654832764356806,8.654832764356806,8.512804874954302,8.610448837280273,3084200,0.0,0.0
2024-09-19,8.63707954677286,8.63707954677286,8.477298581672386,8.486175537109375,3089500,0.0,0.0
2024-09-20,8.495052554545886,8.503929510932272,8.317517659583938,8.344147682189941,4264400,0.0,0.0
2024-09-23,8.326394519838859,8.326394519838859,8.175489649225169,8.210996627807617,3352300,0.0,0.0
2024-09-24,8.228749429756203,8.290886422250683,8.157734635622898,8.21987247467041,2818400,0.0,0.0
2024-09-25,8.219873061235363,8.228750016954608,8.086721265105949,8.095598220825195,3379000,0.0,0.0
2024-09-26,8.139980932310532,8.202117919921875,8.095597006922587,8.202117919921875,4543200,0.0,0.0
2024-09-27,8.20211779309149,8.228748655844239,8.042336849339753,8.06896686553955,10567900,0.0,0.0
2024-09-30,8.0778448124934,8.157734870910645,7.989076952181273,8.157734870910645,5160300,0.0,0.0
2024-10-01,8.170331239271494,8.20644316534991,8.080050993587342,8.179359436035156,15077400,0.153952,0.0
2024-10-02,8.179359104729054,8.287694878576144,8.161302711933107,8.206442832946777,2503000,0.0,0.0
2024-10-03,8.116162725413849,8.134219118509012,7.953659492438444,8.052967071533203,8986600,0.0,0.0
2024-10-04,7.989771233672704,8.125190734863281,7.971714840993324,8.125190734863281,4894900,0.0,0.0
2024-10-07,8.143248223268888,8.197415686643222,8.125191828159904,8.170331954956055,3251100,0.0,0.0
2024-10-08,8.2335275607169,8.28769588470459,8.2335275607169,8.28769588470459,4016900,0.0,0.0
2024-10-09,8.224498748779297,8.25158333923783,8.179359486634212,8.224498748779297,5322600,0.0,0.0
2024-10-10,8.27866658882028,8.305750316732583,8.188386347811026,8.242554664611816,6674900,0.0,0.0
2024-10-11,8.26061023605386,8.26061023605386,8.071022417801336,8.125190734863281,4186200,0.0,0.0
2024-10-14,8.125190551062014,8.206442594328822,8.08005043136088,8.19741439819336,2217100,0.0,0.0
2024-10-15,8.197415063627645,8.278667113490178,8.107134816896776,8.143247604370117,7934900,0.0,0.0
2024-10-16,8.152275085449219,8.179359676536583,8.080051231168758,8.152275085449219,5074600,0.0,0.0
2024-10-17,8.080051280143639,8.107135010418908,7.98977189223399,8.034911155700684,3560800,0.0,0.0
2024-10-18,8.043939352784527,8.043939352784527,7.935603570707191,8.034911155700684,4043700,0.0,0.0
2024-10-21,8.025883486233296,8.116162870393138,7.99879889610674,8.09810733795166,2584700,0.0,0.0
2024-10-22,8.016855001499238,8.05296692606101,7.926574759606709,8.007826805114746,5255600,0.0,0.0
2024-10-23,7.980744220185709,7.998799754564968,7.8633802333034115,7.953660488128662,5599900,0.0,0.0
2024-10-24,7.899491549179589,7.935603476108217,7.773099374441265,7.890463352203369,12061600,0.0,0.0
2024-10-25,7.908519842076393,7.908519842076393,7.791155862890808,7.85435152053833,3253000,0.0,0.0
2024-10-28,7.8814342945478435,7.935602609513548,7.8362950365486075,7.872406959533691,4407800,0.0,0.0
2024-10-29,7.872407580254719,7.9897715544541565,7.872407580254719,7.917547702789307,4578300,0.0,0.0
2024-10-30,7.917547464466297,7.96268672466594,7.854350950429637,7.908519268035889,3396300,0.0,0.0
2024-10-31,7.86337947845459,7.953659724613345,7.845323084832344,7.86337947845459,9202900,0.0,0.0
2024-11-01,7.8633792303259815,7.8633792303259815,7.60156755789853,7.691847801208496,9383500,0.0,0.0
2024-11-04,7.673791275632617,7.81823897365304,7.6647630792622925,7.809210777282715,7442000,0.0,0.0
2024-11-05,7.836295649076653,7.836295649076653,7.646707823341694,7.718931674957275,5369200,0.0,0.0
2024-11-06,7.673791647430302,7.69184804104579,7.538372139219085,7.664763450622559,10905500,0.0,0.0
2024-11-07,7.755043792904399,7.84532317917253,7.547399568632829,7.6286516189575195,5853200,0.0,0.0
2024-11-08,7.547399519821105,7.601567840012654,7.457120134136843,7.565455913543701,5602100,0.0,0.0
2024-11-11,7.484203535795608,7.592539310455322,7.475175339329914,7.592539310455322,5545500,0.0,0.0
2024-11-12,7.556427572907099,7.574483966286139,7.493231918032908,7.520315647125244,5484000,0.0,0.0
2024-11-13,7.493231917327794,7.592539497974496,7.42100806577088,7.538372039794922,5234300,0.0,0.0
2024-11-14,7.5022598884644855,7.727959633038341,7.5022598884644855,7.709903240203857,7485900,0.0,0.0
2024-11-18,7.6737910233545366,7.727959338819494,7.5564270573272685,7.637679100036621,6196600,0.0,0.0
2024-11-19,7.664762936106584,7.90851906769553,7.583510892243601,7.800183296203613,9965800,0.0,0.0
2024-11-21,7.782127323555453,7.782127323555453,7.538372039794922,7.538372039794922,12719800,0.0,0.0
2024-11-22,7.547399044036865,7.619622892421816,7.45711966404377,7.547399044036865,6062100,0.0,0.0
2024-11-25,7.5473993816381,7.755043600765067,7.5473993816381,7.718931674957275,8025800,0.0,0.0
2024-11-26,7.9807430373330135,8.206442779968105,7.926574720271068,8.125190734863281,10960700,0.0,0.0
2024-11-27,8.17935888734828,8.17935888734828,7.881434440966404,7.899490833282471,11239200,0.0,0.0
2024-11-28,7.899491113383242,7.899491113383242,7.709903292222996,7.773098945617676,7783400,0.0,0.0
2024-11-29,7.746014942153067,7.917547225243305,7.655734702529134,7.881434440612793,16149900,0.0,0.0
2024-12-02,7.836295699922363,7.899491355251985,7.764071847838157,7.782127380371094,5716500,0.0,0.0
2024-12-03,7.746015596459876,7.854351376574027,7.746015596459876,7.827267646789551,3615900,0.0,0.0
2024-12-04,7.827267597466704,7.836295794330054,7.746015547649032,7.764071941375732,4330100,0.0,0.0
2024-12-05,7.80921096418832,7.908519404686354,7.727959777839311,7.7550435066223145,4638700,0.0,0.0
2024-12-06,7.755043744512382,7.764071941375732,7.6376797682175495,7.764071941375732,4393900,0.0,0.0
2024-12-09,7.809211299548972,7.809211299548972,7.664763591868141,7.727960109710693,10452300,0.0,0.0
2024-12-10,7.773099089784352,7.854351137642315,7.746015360823771,7.818239212036133,4450500,0.0,0.0
2024-12-11,7.809210737739893,8.016854948324967,7.691847629424727,7.92657470703125,12602100,0.0,0.0
2024-12-12,7.862359382240204,7.862359382240204,7.631656361119007,7.6870245933532715,9287100,0.190412,0.0
2024-12-13,7.622427940368652,7.714708619706091,7.5855154926212425,7.622427940368652,12676800,0.0,0.0
2024-12-16,7.687024140253589,7.687024140253589,7.474777795762468,7.502461910247803,8006300,0.0,0.0
2024-12-17,7.493233826788626,7.6962527265468115,7.465549711386833,7.6685686111450195,8527000,0.0,0.0
2024-12-18,7.58551513376594,7.696252471769411,7.456321132730824,7.502461910247803,7771700,0.0,0.0
2024-12-19,7.539374793887844,7.733165366658434,7.465549897600208,7.723937034606934,11216700,0.0,0.0
2024-12-20,7.705480770289857,7.779305661976049,7.5855151012842645,7.7608489990234375,7210700,0.0,0.0
2024-12-23,7.696252855823371,7.723936971690183,7.484005620678679,7.511690616607666,5959700,0.0,0.0
2024-12-26,7.567058558058953,7.640883450913214,7.465549550399879,7.603971004486084,4389000,0.0,0.0
2024-12-27,7.668568720068459,7.742393615563278,7.60397127646386,7.622427940368652,7819200,0.0,0.0
2024-12-30,7.594742672863766,7.650111782535532,7.567058558058953,7.603971004486084,8651400,0.0,0.0
2025-01-02,7.631655999353038,7.631655999353038,7.4563212187775605,7.603971004486084,11360600,0.0,0.0
2025-01-03,7.585515518981048,7.62242796685673,7.465549843369539,7.474778175354004,8349900,0.0,0.0
2025-01-06,7.567058465969367,7.613199243457292,7.484005242503529,7.539374351501465,5792300,0.0,0.0
2025-01-07,7.576287357357483,7.659340586960851,7.539374908651785,7.640883922576904,5115600,0.0,0.0
2025-01-08,7.58551513376594,7.59474258521963,7.456321132730824,7.502461910247803,5189700,0.0,0.0
2025-01-09,7.474778005272177,7.474778005272177,7.400953111200633,7.4470930099487305,2176300,0.0,0.0
2025-01-10,7.447092787915666,7.447092787915666,7.262530558239478,7.317899227142334,5783800,0.0,0.0
2025-01-13,7.3178998435395,7.42863763070388,7.2809873944950745,7.308671951293945,5288800,0.0,0.0
2025-01-14,7.2902152405082745,7.400953020286352,7.262530685555987,7.382496356964111,26622400,0.0,0.0
2025-01-15,7.465549917869794,7.622428042922503,7.410180805472644,7.613199710845947,4198400,0.0,0.0
2025-01-16,7.613199455758858,7.613199455758858,7.419408888955237,7.484005451202393,4927500,0.0,0.0
2025-01-17,7.502462452664232,7.723937144683453,7.456321671811345,7.677796363830566,7256300,0.0,0.0
2025-01-20,7.631656163921909,7.687024394725493,7.594742836636638,7.6685686111450195,6286500,0.0,0.0
2025-01-21,7.6777958818942,7.723936659850823,7.594742657584706,7.71470832824707,2455100,0.0,0.0
2025-01-22,7.742393678282934,7.880815138441504,7.714708682201475,7.83467435836792,4450300,0.0,0.0
2025-01-23,7.843902830489338,7.843902830489338,7.548603240843759,7.640883922576904,5758300,0.0,0.0
2025-01-24,7.640883915160696,7.714708812500437,7.603971466490826,7.677796363830566,4961900,0.0,0.0
2025-01-27,7.668568482256284,7.890043161872529,7.6316560356535765,7.862359046936035,6634200,0.0,0.0
2025-01-28,7.862359232992171,7.963868243536206,7.8069901217467725,7.954639911651611,4425700,0.0,0.0
2025-01-29,8.00078021546128,8.00078021546128,7.890042879614666,7.917726993560791,4284000,0.0,0.0
2025-01-30,7.917726674005372,8.203798773443316,7.899270892140192,8.166886329650879,5835900,0.0,0.0
2025-01-31,8.157659188275215,8.157659188275215,7.982324394646441,8.000781059265137,9514300,0.0,0.0
2025-02-03,7.97309588778179,8.120745664952587,7.908498450222998,8.046920776367188,8959700,0.0,0.0
2025-02-04,8.037692633021111,8.176114082336426,7.9823235252577165,8.176114082336426,5326200,0.0,0.0
2025-02-05,8.203799076249178,8.222254858795568,8.083833409480253,8.176114082336426,5740700,0.0,0.0
2025-02-06,8.194571216818105,8.222255332262899,8.074605543141121,8.213027000427246,7431600,0.0,0.0
2025-02-07,8.22225552936534,8.22225552936534,8.056149072590385,8.093062400817871,3776500,0.0,0.0
2025-02-10,8.166887113467876,8.166887113467876,7.982323996730168,8.139202117919922,4755700,0.0,0.0
2025-02-11,8.17611470836372,8.452958508253788,8.148430592393366,8.314537048339844,5284900,0.0,0.0
2025-02-12,8.259167092820814,8.342220312311753,8.139201429118579,8.26839542388916,3014900,0.0,0.0
2025-02-13,8.213026786155346,8.342220788297405,8.203799334622595,8.30530834197998,3947700,0.0,0.0
2025-02-14,8.305309132658357,8.655977846089176,8.296080800184914,8.572924613952637,6494300,0.0,0.0
2025-02-17,8.536011321063961,8.600607881873751,8.452958097130153,8.526782989501953,4725600,0.0,0.0
2025-02-18,8.517555045119124,8.53601170908212,8.406817701527682,8.462186813354492,3823100,0.0,0.0
2025-02-19,8.443730149391497,8.47141514533599,8.36990525366387,8.462186813354492,5449000,0.0,0.0
2025-02-20,8.443730522546376,8.480642972041467,8.369905623556194,8.471415519714355,3034100,0.0,0.0
2025-02-21,8.471415519714355,8.545240418704537,8.406818073051285,8.471415519714355,3075400,0.0,0.0
2025-02-24,8.489870942617094,8.591380834449197,8.35144948292518,8.388361930847168,3468000,0.0,0.0
2025-02-25,8.388362106416507,8.554468565573172,8.369905442038123,8.517555236816406,4005200,0.0,0.0
2025-02-26,8.517554569741797,8.582152009944826,8.379133117993545,8.425273895263672,5098800,0.0,0.0
2025-02-27,8.425274269746907,8.526783280203315,8.379133490425934,8.434502601623535,3625000,0.0,0.0
2025-02-28,8.360678050440542,8.48987118177577,8.148430808863493,8.22225570678711,10814300,0.0,0.0
2025-03-05,8.194571023374408,8.194571023374408,7.991552128093414,8.157658576965332,5351800,0.0,0.0
2025-03-06,8.120745764042555,8.20379898473007,8.037692543355037,8.074604988098145,2749000,0.0,0.0
2025-03-07,8.046921427696327,8.277624443214647,7.97309653313544,8.213027000427246,5080500,0.0,0.0
2025-03-10,8.213027000427246,8.24993944770769,8.157658769537662,8.213027000427246,4939600,0.0,0.0
2025-03-11,8.176113873329875,8.26839542388916,8.083833202832679,8.26839542388916,3543900,0.0,0.0
2025-03-12,8.222255488355762,8.332992832299354,8.222255488355762,8.314537048339844,3705700,0.0,0.0
2025-03-13,8.314537223681484,8.489871135274166,8.222255661751316,8.443730354309082,4246300,0.0,0.0
2025-03-14,8.489871256137073,8.720574284184615,8.4345030222405,8.692890167236328,5736600,0.0,0.0
2025-03-17,8.655976492872787,8.757485494024762,8.55446749172081,8.711344718933105,6073800,0.0,0.0
2025-03-18,8.711344718933105,8.785170487117007,8.63751983081129,8.711344718933105,3048500,0.0,0.0
2025-03-19,8.748257425622988,8.905135537606963,8.692889197900474,8.84053897857666,4557500,0.0,0.0
2025-03-20,8.831311141533364,8.858996137006187,8.70211801624217,8.729802131652832,2500400,0.0,0.0
2025-03-21,8.76671468820626,8.803627135901484,8.674433128937116,8.683661460876465,5399400,0.0,0.0
2025-03-24,8.70211840438673,8.803627418794916,8.619065174388123,8.665205955505371,4051100,0.0,0.0
2025-03-25,8.674432648215436,8.803626648020103,8.655976865421698,8.720573425292969,3393600,0.0,0.0
2025-03-26,8.739030185555269,8.775942631616301,8.683661076432653,8.748257637023926,1654600,0.0,0.0
2025-03-27,8.775942631616301,8.877451638268607,8.711345190962893,8.748257637023926,4391000,0.0,0.0
2025-03-28,8.720573049963853,8.739029712025351,8.619064048811879,8.711344718933105,4182600,0.0,0.0
2025-03-31,8.692889319910092,8.74825754840973,8.609836097098512,8.646748542785645,3778700,0.0,0.0
2025-04-01,8.739030355649712,8.812855249208686,8.628293015311248,8.7759428024292,5168000,0.0,0.0
2025-04-02,8.748258479439647,8.868224160705662,8.71134602982412,8.79439926147461,4996300,0.0,0.0
2025-04-03,8.785171301664674,9.07124254964528,8.785171301664674,8.978960990905762,6699300,0.0,0.0
2025-04-04,8.932820812191979,8.95127659532531,8.720573585754751,8.822083473205566,7562000,0.0,0.0
2025-04-07,8.812855260400974,8.886680154053709,8.591380579442776,8.702117919921875,7309000,0.0,0.0
2025-04-08,8.729802823462231,8.877452624102755,8.600608807870655,8.674433708190918,6531900,0.0,0.0
2025-04-09,8.591381228620325,8.905136610321188,8.545240446585362,8.79439926147461,10103000,0.0,0.0
2025-04-10,8.766714675309563,8.82208378680203,8.674433116176173,8.757486343383789,6730400,0.0,0.0
2025-04-11,8.794399041268095,8.905136387341875,8.67443336300595,8.886680603027344,9894700,0.0,0.0
2025-04-14,8.914364309228015,9.13583899118174,8.868223530472115,9.098926544189453,5567600,0.0,0.0
2025-04-15,9.108155624387258,9.191208856960085,9.071243174361806,9.11738395690918,4513600,0.0,0.0
2025-04-16,9.1081547790581,9.163523888988578,9.006645770924727,9.071242332458496,3703200,0.0,0.0
2025-04-17,9.043558101242255,9.200436217288967,8.988188992023712,9.191207885742188,3720200,0.0,0.0
2025-04-22,9.200435628393127,9.394226178160796,9.135838191762517,9.348085403442383,4433500,0.0,0.0
2025-04-23,9.403454479621734,9.514192700987316,9.348086249001101,9.394227027893066,5602100,0.0,0.0
2025-04-24,9.440366776525703,9.763351343568589,9.421910993299845,9.73566722869873,6767600,0.0,0.0
2025-04-25,9.384998312852986,9.514192312462246,9.311173421665444,9.458823204040527,7115300,0.0,0.0
2025-04-28,9.468052474044988,9.606473938728147,9.4219116924632,9.532649040222168,6241000,0.0,0.0
2025-04-29,9.52341986174483,9.634157199664871,9.42191085533366,9.486507415771484,11297600,0.0,0.0
2025-04-30,9.486508336240705,9.63415813446045,9.421911769535122,9.63415813446045,9232400,0.0,0.0
2025-05-02,9.65261454943064,9.874089241027832,9.541877203632044,9.874089241027832,13095000,0.0,0.0
2025-05-05,9.837176419283985,9.911001313682718,9.735667409501264,9.864860534667969,8547100,0.0,0.0
2025-05-06,9.864859753146064,9.94791297278047,9.781807413573748,9.892544746398926,6738500,0.0,0.0
2025-05-07,9.947913554959579,9.947913554959579,9.763351322783194,9.883316993713379,4667300,0.0,0.0
2025-05-08,10.012511431221494,10.27089856749303,9.92945820311867,10.141704559326172,15779800,0.0,0.0
2025-05-09,10.317039569707514,10.55697004709484,10.243214672040308,10.418548583984375,10551500,0.0,0.0
2025-05-12,10.390863259788716,10.437004035483968,10.058650378832581,10.21552848815918,11749200,0.0,0.0
2025-05-13,10.298582689151099,10.566198157594552,10.206302009034633,10.51082992553711,7608300,0.0,0.0
2025-05-14,10.538514327171994,10.649251674350172,10.492373545832201,10.59388256072998,8830700,0.0,0.0
2025-05-15,10.59388256072998,10.741533237029756,10.492373545832201,10.59388256072998,7223300,0.0,0.0
2025-05-16,10.603110002760394,10.667707443237305,10.473916881930833,10.667707443237305,3715800,0.0,0.0
2025-05-19,10.667707068058462,10.74153195738243,10.612337961034436,10.658478736877441,5642100,0.0,0.0
2025-05-20,10.741533014757163,10.741533014757163,10.529285777010996,10.686163902282715,12486500,0.0,0.0
2025-05-21,10.695392471561616,10.695392471561616,10.464689444582504,10.520057678222656,4530000,0.0,0.0
2025-05-22,10.47391730831275,10.649251213745721,10.455460644550243,10.483144760131836,4404200,0.0,0.0
2025-05-23,10.42777651670226,10.55696964263916,10.243214279605137,10.55696964263916,3001600,0.0,0.0
2025-05-26,10.547741604444761,10.695391385914087,10.510829159077431,10.640022277832031,4190600,0.0,0.0
2025-05-27,10.695391369600168,10.796900374189965,10.65847892428914,10.78767204284668,6266700,0.0,0.0
2025-05-28,10.77844568608915,10.77844568608915,10.59388256072998,10.59388256072998,3429100,0.0,0.0
2025-05-29,10.593882586959356,10.833813946470558,10.547742685567533,10.81535816192627,6398200,0.0,0.0
2025-05-30,10.815356938610249,10.82458438980758,10.667707158707655,10.759987831115723,4133900,0.0,0.0
2025-06-02,10.750760481051934,10.833813709842735,10.492373342640033,10.61233901977539,5107500,0.0,0.0
2025-06-03,10.529285777010996,10.704620566461594,10.529285777010996,10.686163902282715,3977000,0.0,0.0
2025-06-04,10.658478940546756,10.815357053373443,10.593881501107338,10.640022277832031,4837400,0.0,0.0
2025-06-05,10.732304600090659,10.732304600090659,10.501601580002887,10.584654808044434,3884100,0.0,0.0
2025-06-06,10.575426944063208,10.64002351092674,10.529286161991163,10.621567726135254,7228000,0.0,0.0
2025-06-09,10.584653959926614,10.603109742422493,10.40009173465727,10.53851318359375,6190800,0.0,0.0
2025-06-10,10.640022074515398,10.713846963839366,10.529284740529448,10.658478736877441,12372900,0.0,0.0
2025-06-11,10.676935207498843,10.69539187105075,10.46468885702485,10.603110313415527,4736500,0.0,0.0
2025-06-12,10.566197556800216,10.676934894680752,10.501600996385434,10.667707443237305,4144400,0.0,0.0
2025-06-13,10.676934894680752,10.676934894680752,10.483144333374279,10.667707443237305,7133200,0.0,0.0
2025-06-16,10.667707415572558,10.889182090759277,10.658479084090912,10.889182090759277,3168600,0.0,0.0
2025-06-17,10.852270113930475,10.926095008850098,10.741532771551041,10.926095008850098,2961200,0.0,0.0
2025-06-18,10.935323083977408,10.953778867242901,10.77844496594105,10.796900749206543,6954300,0.0,0.0
2025-06-20,10.741532048658952,10.796900276091371,10.630794713732007,10.759987831115723,5027400,0.0,0.0
2025-06-23,10.778445352972858,10.833813584819646,10.667708009217103,10.732304573059082,4448100,0.0,0.0
2025-06-24,10.796901591799434,11.027604621026184,10.741533357619854,10.843042373657227,7403300,0.0,0.0
2025-06-25,10.852269979227247,10.852269979227247,10.612338633685525,10.676935195922852,6229800,0.0,0.0
2025-06-26,10.695391751742335,10.750759981656104,10.621566858482545,10.723075866699219,7002100,0.0,0.0
2025-06-27,10.66770756066023,10.676935012205245,10.483144448765657,10.547741889953613,7091500,0.0,0.0
2025-06-30,10.529284830002393,10.759987831115723,10.464688271310536,10.759987831115723,6524400,0.0,0.0
2025-07-01,10.73230477835711,10.796901343434756,10.658479881107747,10.713848114013672,4064300,0.0,0.0
2025-07-02,10.71384846208527,10.741533459499857,10.3354956313748,10.400093078613281,7090100,0.0,0.0
2025-07-03,10.400092461103982,10.65847959452941,10.335495017700998,10.6307954788208,3666600,0.0,0.0
2025-07-04,10.603109629853416,10.695391181539424,10.54774140289149,10.658478736877441,1553700,0.0,0.0
2025-07-07,10.658479533089201,10.704620312379024,10.49237307967071,10.55696964263916,3052000,0.0,0.0
2025-07-08,10.55696982556425,10.566198157594552,10.409320033328163,10.51082992553711,3660300,0.0,0.0
2025-07-09,10.501602095613434,10.501602095613434,10.307811514022434,10.400093078613281,3503800,0.0,0.0
2025-07-10,10.252441876399395,10.335495104283147,10.187845312517444,10.28935432434082,5552800,0.0,0.0
2025-07-11,10.233985623156709,10.32626629874744,10.150932399081555,10.25244140625,3859800,0.0,0.0
2025-07-14,10.215529249281493,10.261670028414528,10.067879460105512,10.160161018371582,3908700,0.0,0.0
2025-07-15,10.261669908193424,10.289354023324046,10.104791789016316,10.280126571655273,2973700,0.0,0.0
2025-07-16,10.27089878864996,10.45546103281798,10.252442124202059,10.418548583984375,7999300,0.0,0.0
2025-07-17,10.427775871478119,10.437004202777509,10.197072869366046,10.317038536071777,5073300,0.0,0.0
2025-07-18,10.243213954734424,10.36317874499616,10.17861651375256,10.25244140625,4637400,0.0,0.0
2025-07-21,10.252441104808725,10.280126098727877,10.16016043193122,10.243213653564453,3711600,0.0,0.0
2025-07-22,10.280126913374612,10.280126913374612,10.040195560767986,10.067879676818848,3809500,0.0,0.0
2025-07-23,10.021738102521796,10.270897767421493,10.012510651277525,10.243213653564453,1707400,0.0,0.0
2025-07-24,10.169389665488755,10.243214562365514,10.030967323798189,10.095563888549805,2417900,0.0,0.0
2025-07-25,10.077108288266219,10.086336620559775,9.94791427634304,10.049424171447754,1932000,0.0,0.0
2025-07-28,10.003283236383778,10.067879801322011,9.837176777900105,9.947914123535156,19787800,0.0,0.0
2025-07-29,9.975598519140446,10.132475755961098,9.929457741222777,10.104791641235352,5783100,0.0,0.0
2025-07-30,10.058650843428685,10.38163540815159,10.058650843428685,10.25244140625,5079500,0.0,0.0
2025-07-31,10.206301893955034,10.381635800242893,10.040195439531253,10.187845230102539,4259200,0.0,0.0
2025-08-01,10.058650540061535,10.409319208879339,10.058650540061535,10.317038536071777,5003000,0.0,0.0
2025-08-04,10.37240677160538,10.37240677160538,10.132475438012069,10.243213653564453,6546800,0.0,0.0
2025-08-05,10.261669649808027,10.280126312805143,10.077107420147513,10.150932312011719,2940000,0.0,0.0
2025-08-06,10.21552930819784,10.464688988915919,10.132476081291815,10.409319877624512,3963300,0.0,0.0
2025-08-07,10.418548244889,10.723076157870224,10.280126786283777,10.6307954788208,5541000,0.0,0.0
2025-08-08,10.630795308743389,10.704620202826705,10.51082963584246,10.603110313415527,6554100,0.0,0.0
2025-08-11,10.630795430045383,10.69539199308982,10.446232312668991,10.483144760131836,4004700,0.0,0.0
2025-08-12,10.5477425352337,10.769217226981793,10.5016017544373,10.713848114013672,2862800,0.0,0.0
2025-08-13,10.73230395703645,10.73230395703645,10.34472283610696,10.446231842041016,6241600,0.0,0.0
2025-08-14,10.427776806316137,10.815357955015587,10.298582796728924,10.464689254760742,9253900,0.0,0.0
2025-08-15,10.464689365041929,10.501601813875533,10.326267021869267,10.418548583984375,3705300,0.0,0.0
2025-08-18,10.409319781251867,10.473917223837473,10.363179002279907,10.381635665893555,3310300,0.0,0.0
2025-08-19,10.353951586680598,10.353951586680598,10.123248571077585,10.160161018371582,2870000,0.0,0.0
2025-08-20,10.206301498611646,10.326266288757324,10.114019943048055,10.326266288757324,3060800,0.0,0.0
2025-08-21,10.280125926157371,10.363178266334307,10.197072705918337,10.21552848815918,2225200,0.0,0.0
2025-08-22,10.270898312783904,10.464688880197267,10.132475976024555,10.455460548400879,2510200,0.0,0.0
2025-08-25,10.483145149427632,10.547742594933087,10.372407802926821,10.418548583984375,2502100,0.0,0.0
2025-08-26,10.418547540178729,10.492372430449624,10.289353542173608,10.317038536071777,3700600,0.0,0.0
2025-08-27,10.363179470702871,10.418548583984375,10.252442124202059,10.418548583984375,2226400,0.0,0.0
2025-08-28,10.446231842041016,10.60310995670591,10.400091944837799,10.446231842041016,5124200,0.0,0.0
2025-08-29,10.390864106475593,10.501601449130236,10.335494995117188,10.335494995117188,13534800,0.0,0.0
2025-09-01,10.372407929267109,10.409320378550323,10.206302347523756,10.298583030700684,2094600,0.0,0.0
2025-09-02,10.24321441123998,10.473917430591673,10.187845299368217,10.363179206848145,32642700,0.0,0.0
2025-09-03,10.363179220223671,10.437004996168701,10.28935432434082,10.28935432434082,1696900,0.0,0.0
2025-09-04,10.353951646395274,10.409319877624512,10.233985971982365,10.409319877624512,3890600,0.0,0.0
2025-09-05,10.437005327762428,10.547742675104939,10.409320330880147,10.520057678222656,2611600,0.0,0.0
2025-09-08,10.510829768315062,10.510829768315062,10.307810866996128,10.409319877624512,5699200,0.0,0.0
2025-09-09,10.390863772880511,10.5846543363201,10.353951326514025,10.547741889953613,5152500,0.0,0.0
2025-09-10,10.556969703494222,10.704620374085208,10.556969703494222,10.6307954788208,3711300,0.0,0.0
2025-09-11,10.630794997277127,10.815357227078021,10.575425888305793,10.667707443237305,5259900,0.0,0.0
2025-09-12,10.6215671342391,10.732304477003742,10.566198022825695,10.704620361328125,1758000,0.0,0.0
2025-09-15,10.732305025235853,10.879954823131019,10.704620908146063,10.843042373657227,1773300,0.0,0.0
2025-09-16,10.86149797637647,10.990691096870991,10.824584650449887,10.889182090759277,4723800,0.0,0.0
2025-09-17,10.889182536979433,11.073744773864746,10.889182536979433,11.073744773864746,2189200,0.0,0.0
2025-09-18,11.07374467740991,11.138341239741578,10.999919783298816,11.046060562133789,3127700,0.0,0.0
2025-09-19,11.05528788474036,11.239850997924805,10.999919654834745,11.239850997924805,5158700,0.0,0.0
2025-09-22,11.230622308342657,11.230622308342657,11.009147635654111,11.082972526550293,2995700,0.0,0.0
2025-09-23,11.101429235362078,11.230623245239258,11.055288454687215,11.230623245239258,1776900,0.0,0.0
2025-09-24,11.24907828829836,11.24907828829836,11.082972720900198,11.138340950012207,2281500,0.0,0.0
2025-09-25,11.119886264195479,11.147570381483076,10.898411565770251,10.944551467895508,3551900,0.0,0.0
2025-09-26,10.944550417119908,11.009147858005328,10.85226974166695,10.916866302490234,2602000,0.0,0.0
2025-09-29,10.963006955191075,11.119885069739917,10.889182063645986,11.11065673828125,4555800,0.0,0.0
2025-09-30,11.138341324522402,11.202938767407918,11.092201425398388,11.14756965637207,3966200,0.0,0.0
2025-10-01,11.239851968717014,11.313676868342231,11.09220216946658,11.166027069091797,6576500,0.0,0.0
2025-10-02,11.13834136172847,11.202938804829765,10.89841089327078,10.926095008850098,5504100,0.0,0.0
2025-10-03,10.916867050816926,10.944551167344283,10.778445588117943,10.935323715209961,2917400,0.0,0.0
2025-10-06,10.926095509378623,10.926095509378623,10.787673165016527,10.81535816192627,3332000,0.0,0.0
2025-10-07,10.787672059301356,10.787672059301356,10.5385132730874,10.640022277832031,10889400,0.0,0.0
2025-10-08,10.640023136018263,10.75998881315362,10.538514123086276,10.61233901977539,6619400,0.0,0.0
2025-10-09,10.630795669870453,10.750760466784417,10.612339005691574,10.686163902282715,2317100,0.0,0.0
2025-10-10,10.630794997277127,10.815357227078021,10.538513442345613,10.667707443237305,3225500,0.0,0.0
2025-10-13,10.686163038256883,10.852269482187564,10.686163038256883,10.78767204284668,2190700,0.0,0.0
2025-10-14,10.769216260222224,10.953778486777363,10.72307548356791,10.78767204284668,3894400,0.0,0.0
2025-10-15,10.787673165016527,10.889183060227838,10.686164149867421,10.81535816192627,7256600,0.0,0.0
2025-10-16,10.806129510426855,11.119885758971757,10.75998873033575,11.055288314819336,4108200,0.0,0.0
2025-10-17,10.999920114726637,11.332132148236113,10.944551002443964,11.276763916015625,2722400,0.0,0.0
2025-10-20,11.350588508483613,11.45209751821179,11.332131844862765,11.442869186401367,5694600,0.0,0.0
2025-10-21,11.387500943944355,11.525922400709618,11.378272612143428,11.516694068908691,2542900,0.0,0.0
2025-10-22,11.489010759979474,11.802767022736196,11.489010759979474,11.710485458374023,6225100,0.0,0.0
2025-10-23,11.830450916687907,11.830450916687907,11.6274328870232,11.802766799926758,2956100,0.0,0.0
2025-10-24,11.867362299857904,11.978099637018849,11.811994071308494,11.848906517028809,4434400,0.0,0.0
2025-10-27,11.867362867477732,12.024240989308135,11.839678751878887,11.913503646850586,4823400,0.0,0.0
2025-10-28,11.959644341509858,11.959644341509858,11.682800547295866,11.811994552612305,7548400,0.0,0.0
2025-10-29,11.839678644371718,11.99655676477763,11.775082081873576,11.959644317626953,5349500,0.0,0.0
2025-10-30,11.941187279753121,11.996556388774804,11.839678273285855,11.95041561126709,2504300,0.0,0.0
2025-10-31,11.99655636997356,12.125750370780258,11.931959809601276,12.098065376281738,5768700,0.0,0.0
2025-11-03,12.208802961690298,12.31954118180594,12.116522285010124,12.301084518432617,3538300,0.0,0.0
2025-11-04,12.282629204412272,12.430278996791623,12.254944208294507,12.337997436523438,3859200,0.0,0.0
2025-11-05,12.33799739620021,12.642525312002904,12.310313280235105,12.55947208404541,4456900,0.0,0.0
2025-11-06,12.531788009036882,12.550244673115392,12.23648842427818,12.337997436523438,5795900,0.0,0.0
2025-11-07,12.337996847452708,12.467190849647436,12.254943623189106,12.421050071716309,2844200,0.0,0.0
2025-11-10,12.421050041777269,12.65175305081469,12.421050041777269,12.642524719238281,4223400,0.0,0.0
2025-11-11,12.734806774652206,12.956281460804933,12.439506313053064,12.531787872314453,11195600,0.0,0.0
2025-11-12,12.52255916595459,12.596384059131488,12.393366042926093,12.52255916595459,7797600,0.0,0.0
2025-11-13,12.485646296960036,12.771718408388919,12.476418845671711,12.707121849060059,11551100,0.0,0.0
2025-11-14,12.790174191027686,12.790174191027686,12.50410295966092,12.707121849060059,8744600,0.0,0.0
2025-11-17,12.753262545439433,12.790174993093848,12.374909736966146,12.605612754821777,17295200,0.0,0.0
2025-11-18,12.605613239478888,12.70712313447798,12.439506778616522,12.568700790405273,8722400,0.0,0.0
2025-11-19,12.64252538170114,12.64252538170114,12.190347671508789,12.190347671508789,14875400,0.0,0.0
2025-11-21,12.190347602600598,12.22726005056964,11.858135570879202,12.015013694763184,7652400,0.0,0.0
2025-11-24,12.024240952256239,12.236488184692474,11.987328504884132,12.134978294372559,7241900,0.0,0.0
2025-11-25,12.144206864009995,12.337997436523438,12.042697851764736,12.337997436523438,5906100,0.0,0.0
2025-11-26,12.347225149290265,12.670208833905374,12.337996817713856,12.642524719238281,13186800,0.0,0.0
2025-11-27,12.642524621961403,12.707122062437094,12.577928061547842,12.614840507507324,4658500,0.0,0.0
2025-11-28,12.651754020836457,12.70712313447798,12.476420107752341,12.568700790405273,13899200,0.0,0.0
2025-12-01,12.550244331359863,12.651753340840932,12.365681215849328,12.550244331359863,12393300,0.0,0.0
2025-12-02,12.550244510700175,12.836315759717516,12.522559514940687,12.679437637329102,11796000,0.0,0.0
2025-12-03,12.679437155531073,12.790174494174671,12.52255903910377,12.716349601745605,5110100,0.0,0.0
2025-12-04,12.716350227585414,12.965509911842602,12.716350227585414,12.854772567749023,5550300,0.0,0.0
2025-12-05,12.854773211976049,12.937826444224056,12.162664116658956,12.254944801330566,7381500,0.0,0.0
2025-12-08,12.365681469720313,12.41182224954523,12.107294334787824,12.236488342285156,5967700,0.0,0.0
2025-12-09,12.134977601880895,12.319540708271358,11.885818816353153,12.264171600341797,6849300,0.0,0.0
2025-12-10,12.264171600341797,12.4395054953382,12.171890047146565,12.264171600341797,8136900,0.0,0.0
2025-12-11,12.264172167974406,12.411821955870879,12.171890610508033,12.328768730163574,5324000,0.0,0.0
2025-12-12,12.264172419207641,12.504103769485516,12.171890859850867,12.457962989807129,8074900,0.0,0.0
2025-12-15,12.550244415437042,12.688665872935106,12.476419520763121,12.651753425598145,12436900,0.0,0.0
2025-12-16,12.559471556819393,12.587156551684505,12.125750531344984,12.199575424194336,26561500,0.0,0.0
2025-12-17,12.171890668727798,12.171890668727798,11.719712971116483,11.959644317626953,17836500,0.0,0.0
2025-12-18,11.876591557753132,12.107294581516935,11.68280098258905,11.996557235717773,14329600,0.0,0.0
2025-12-19,11.996556398350728,12.125750399463026,11.802765836713347,11.876590728759766,26998900,0.0,0.0
2025-12-22,11.876590748078119,11.941187308708274,11.62743195703171,11.728940963745117,13945500,0.0,0.0
2025-12-23,11.76585459542673,12.061154193848902,11.75662626296048,11.931961059570312,13482700,0.0,0.0
2025-12-26,11.858135773484369,12.005785567883253,11.76585421195397,11.996557235717773,9095200,0.0,0.0
2025-12-29,11.987328066829393,12.033468844373937,11.821222499756018,11.876590728759766,43870900,0.0,0.0
2025-12-30,11.987327941848944,12.116521941614259,11.904274719147107,12.070381164550781,18404700,0.0,0.0
2026-01-02,12.222942909779498,12.321435977361245,11.91761609101519,11.957013130187988,18163600,0.824896,0.0
2026-01-05,11.966861282960405,12.203244449345146,11.838821614430492,12.065354347229004,19884100,0.0,0.0
2026-01-06,12.065354348666867,12.311586070068232,12.065354348666867,12.252490043640137,13695300,0.0,0.0
2026-01-07,12.252490344053893,12.252490344053893,11.84867046134248,11.9373140335083,18721900,0.0,0.0
2026-01-08,11.927463957418512,12.282038228793438,11.868368871722327,12.193394660949707,13090600,0.0,0.0
2026-01-09,12.232792011076086,12.725255454551615,12.153997935263959,12.626762390136719,21896600,0.0,0.0
2026-01-12,12.626762698549195,12.794200348564546,12.528270571028074,12.685858726501465,16923400,0.0,0.0
2026-01-13,12.57751689083887,12.59721494028877,12.203244558295951,12.272189140319824,16862600,0.0,0.0
2026-01-14,12.32143561866857,12.43962673274627,12.124450428539069,12.26233959197998,27016300,0.0,0.0
2026-01-15,12.370681964947078,12.538118669563975,12.173695838481148,12.410079002380371,22657000,0.0,0.0
2026-01-16,12.449476488969665,12.508571577601924,12.016108122268781,12.12445068359375,42861600,0.0,0.0
2026-01-19,12.09490199898407,12.222942607958839,12.03580691133386,12.085053443908691,11423100,0.0,0.0
2026-01-20,12.094901998773315,12.301736684144414,11.937313845976186,12.272189140319824,18771400,0.0,0.0
2026-01-21,12.419928009665494,12.685858726501465,12.41007945442303,12.685858726501465,21096700,0.0,0.0
2026-01-22,12.685857952094645,13.207868920059026,12.646460915631286,13.089677810668945,20397600,0.0,0.0
2026-01-23,13.148774057808229,13.454100860747904,12.91239089572332,13.316211700439453,18818500,0.0,0.0
2026-01-26,13.365457642738157,13.434403163999166,13.099527869958356,13.385156631469727,17825500,0.0,0.0
2026-01-27,13.552593928106825,13.680634533653265,13.326060260047907,13.503347396850586,31378200,0.0,0.0
2026-01-28,13.542744263284812,13.611688842594802,12.991184810906546,13.286663055419922,35654700,0.0,0.0
2026-01-29,13.335909458809306,13.335909458809306,12.71540543304166,12.892692565917969,27454800,0.0,0.0
2026-01-30,12.843446492124484,13.099527706645397,12.843446492124484,12.98133659362793,19201400,0.0,0.0
2026-02-02,13.001034682566564,13.10937724097178,12.89269306346082,12.991185188293457,18400600,0.0,0.0
2026-02-03,13.040431593228577,13.414703918262562,13.040431593228577,13.335909843444824,23983200,0.0,0.0
2026-02-04,13.345759371265583,13.345759371265583,12.813898895255342,12.971487045288086,13696900,0.0,0.0
2026-02-05,13.020733486986341,13.21771867316552,12.981336449750506,13.138924598693848,15402000,0.0,0.0
2026-02-06,13.178321931973583,13.266965502570407,13.060130817610977,13.198019981384277,12070900,0.0,0.0
2026-02-09,13.247266238919226,13.542744488342965,13.247266238919226,13.51319694519043,26396300,0.0,0.0
2026-02-10,13.47380030763807,13.838223148329517,13.414704280280233,13.77912712097168,21666000,0.0,0.0
2026-02-11,13.887469586721316,14.084454777740874,13.779127027185947,13.946564674377441,21711700,0.0,0.0
2026-02-12,13.887469532451043,14.005660646600901,13.690483402901796,13.749579429626465,23311200,0.0,0.0
2026-02-13,13.601840825147999,13.78897652179487,13.385156645373081,13.759428977966309,18142800,0.0,0.0
2026-02-18,13.848072146127485,14.094303862571934,13.759428577919572,13.867770195007324,17775700,0.0,0.0
2026-02-19,13.897317796724318,14.153399008340934,13.749579141952902,14.0647554397583,27085200,0.0,0.0
2026-02-20,13.976112034644192,14.301138769681936,13.828373378144784,14.281439781188965,19174300,0.0,0.0
2026-02-23,14.261741236639146,14.30113921485148,14.035208497715221,14.182947158813477,15014100,0.0,0.0
2026-02-24,14.182946683169764,14.852697261526489,14.153399139800928,14.645862579345703,34355700,0.0,0.0
2026-02-25,14.773903186343281,14.773903186343281,14.527671466570894,14.645862579345703,13864600,0.0,0.0
2026-02-26,14.655712475862876,14.793602580868258,14.586767893009931,14.72465705871582,14844400,0.0,0.0
2026-02-27,14.7936020611552,14.813300110149962,14.399630748965897,14.439027786254883,123326700,0.0,0.0
2026-03-02,14.36023405870608,14.567068744296476,14.064755802248447,14.507972717285156,25231800,0.0,0.0
2026-03-03,13.985961872217205,14.251892587603555,13.769277689972716,14.163249015808105,22550500,0.0,0.0
2026-03-04,14.301139127805525,14.76405409738886,14.28144013881926,14.72465705871582,23212900,0.0,0.0
2026-03-05,14.714806688267828,14.714806688267828,14.242042252334464,14.37008285522461,16698500,0.0,0.0
2026-03-06,14.271590030141631,14.320836561188456,14.025358314206962,14.232192993164062,10467800,0.0,0.0
2026-03-09,14.23219339634689,14.330686461230743,13.907167597249448,14.31098747253418,26101600,0.0,0.0
2026-03-10,14.370083263070686,14.93149128150008,14.350384274697989,14.63601303100586,26877200,0.0,0.0
2026-03-11,14.4981239603441,14.704958643054765,14.389781402215032,14.468575477600098,25336400,0.0,0.0
2026-03-12,14.281440023981174,14.340536051165284,13.867770651590863,13.956414222717285,14285500,0.0,0.0
2026-03-13,14.084454423541036,14.261740621350453,13.808675163049031,13.877619743347168,15308100,0.0,0.0
2026-03-16,14.222344197726311,14.291289720298396,14.104153080987807,14.182947158813477,14371500,0.0,0.0
2026-03-17,14.133701564647058,14.45872737050282,14.094304525734223,14.182947158813477,50355600,0.0,0.0
2026-03-18,14.064755348224539,15.069381199890303,14.05490679345681,14.970888137817383,37966000,0.0,0.0
2026-03-19,14.675410300660914,15.32546283775377,14.675410300660914,15.23681926727295,29624700,0.0,0.0
2026-03-20,15.21711988353128,15.335310994670811,14.507972277394641,14.606465339660645,37272200,0.0,0.0
2026-03-23,14.872395874650092,15.286065228572243,14.803450356130105,15.1284761428833,17227100,0.0,0.0
2026-03-24,15.16787369130946,15.207270729236258,14.803450855661707,15.039834022521973,12262200,0.0,0.0
2026-03-25,15.217119710052254,15.335310819844377,15.039833515013793,15.1284761428833,27849500,0.0,0.0
2026-03-26,15.039833562259426,15.039833562259426,14.803450402633171,14.951189994812012,12400100,0.0,0.0
2026-03-27,14.892093893854616,15.059531533887261,14.645862180783013,14.754203796386719,13806200,0.0,0.0
2026-03-30,14.951190138141348,14.96103869294146,14.665561384350084,14.793601989746094,12903200,0.0,0.0
2026-03-31,14.892094282126733,15.246667620046606,14.84284775036855,15.19742202758789,23324600,0.0,0.0
2026-04-01,15.325462746529794,15.66033709847588,15.226969682293051,15.591392517089844,25239700,0.0,0.0
2026-04-02,15.197421658088075,15.788378146219216,15.197421658088075,15.680035591125488,13410200,0.0,0.0
2026-04-06,15.71943307034317,15.896719270334994,15.57169441380007,15.58154296875,11244100,0.0,0.0
2026-04-07,15.571694319934656,15.581542874825217,15.335311155871345,15.561844825744629,14750000,0.0,0.0
2026-04-08,16.162650147730908,16.162650147730908,15.798228249699589,15.985363006591797,22324500,0.0,0.0
2026-04-09,16.01491117508848,16.31038848545069,15.975513198454092,16.290691375732422,18126300,0.0,0.0
2026-04-10,16.33008806359745,16.556620801630586,16.231594997052916,16.40888214111328,18736400,0.0,0.0
2026-04-13,16.349787397950625,16.517225051033094,16.251294329325813,16.477827072143555,27622300,0.0,0.0
2026-04-14,16.44827958620167,16.733907403466812,16.418731103616064,16.67481231689453,16045200,0.0,0.0
2026-04-15,16.645263319479792,16.684661295042044,16.339936523267838,16.576318740844727,17391100,0.0,0.0
2026-04-16,16.655112648952965,16.655112648952965,16.41873043370962,16.546770095825195,32594100,0.0,0.0
2026-04-17,16.743757440205307,16.87179711169391,16.261143480595972,16.40888214111328,48828300,0.0,0.0
2026-04-20,16.38918246109552,16.72405774606877,16.320237881000836,16.645263671875,35395800,0.0,0.0
2026-04-22,16.645264616771794,16.655114111430002,16.34978729142161,16.458127975463867,34600300,0.0,0.0
2026-04-23,16.536922535112343,16.635413716172412,16.44827896927919,16.55661964416504,24383700,0.0,0.0
2026-04-24,16.566469943291164,16.57631943759573,16.300539232864747,16.339937210083008,21410300,0.0,0.0
2026-04-27,16.497525800109386,16.497525800109386,16.02476133252225,16.05430793762207,17752400,0.0,0.0
2026-04-28,15.886869430541992,15.886869430541992,15.630789160723733,15.886869430541992,34031600,0.0,0.0
2026-04-29,15.837623936983732,15.837623936983732,15.433804072037045,15.532297134399414,24501900,0.0,0.0
2026-04-30,15.529999732971191,15.989999771118164,15.529999732971191,15.899999618530273,43747800,0.237703,0.0
2026-05-04,16.0,16.010000228881836,15.729999542236328,15.869999885559082,26087700,0.0,0.0
2026-05-05,15.699999809265137,16.0,15.6899995803833,15.899999618530273,40237700,0.0,0.0
2026-05-06,16.049999237060547,16.049999237060547,15.470000267028809,15.75,38530400,0.0,0.0
2026-05-07,15.720000267028809,15.789999961853027,15.25,15.289999961853027,24626400,0.0,0.0
2026-05-08,15.460000038146973,15.539999961853027,15.329999923706055,15.470000267028809,21096600,0.0,0.0
2026-05-11,15.289999961853027,15.390000343322754,14.960000038146973,15.069999694824219,20915000,0.0,0.0
2026-05-12,14.960000038146973,15.140000343322754,14.829999923706055,15.0,29321300,0.0,0.0
2026-05-13,15.0,15.0,14.460000038146973,14.5600004196167,18641200,0.0,0.0
2026-05-14,14.699999809265137,14.970000267028809,14.6899995803833,14.930000305175781,32868600,0.0,0.0
2026-05-15,14.600000381469727,14.899999618530273,14.59000015258789,14.850000381469727,24523600,0.0,0.0
2026-05-18,14.8100004196167,14.920000076293945,14.770000457763672,14.850000381469727,17221200,0.0,0.0
2026-05-19,14.65999984741211,14.739999771118164,14.489999771118164,14.699999809265137,31755900,0.0,0.0
2026-05-20,14.800000190734863,15.229999542236328,14.789999961853027,15.119999885559082,28699800,0.0,0.0
2026-05-21,15.119999885559082,15.119999885559082,14.649999618530273,14.899999618530273,24517000,0.0,0.0
2026-05-22,14.819999694824219,14.859999656677246,14.640000343322754,14.729999542236328,13486000,0.0,0.0
2026-05-25,14.880000114440918,14.970000267028809,14.710000038146973,14.869999885559082,15372300,0.0,0.0
2026-05-26,14.8100004196167,14.829999923706055,14.550000190734863,14.779999732971191,26397000,0.0,0.0
2026-05-27,14.989999771118164,15.050000190734863,14.609999656677246,14.640000343322754,20838000,0.0,0.0
2026-05-28,14.760000228881836,14.770000457763672,14.4399995803833,14.449999809265137,19403200,0.0,0.0
2026-05-29,14.489999771118164,14.5600004196167,14.140000343322754,14.5600004196167,49360000,0.0,0.0
2026-06-01,14.619999885559082,14.699999809265137,14.3100004196167,14.40999984741211,22999300,0.0,0.0
2026-06-02,14.510000228881836,14.710000038146973,14.420000076293945,14.649999618530273,14022000,0.0,0.0
2026-06-03,14.319999694824219,14.479999542236328,14.220000267028809,14.40999984741211,20531700,0.0,0.0
2026-06-05,14.350000381469727,14.489999771118164,14.300000190734863,14.4399995803833,29648600,0.0,0.0
2026-06-08,14.399999618530273,14.430000305175781,14.289999961853027,14.399999618530273,14688800,0.0,0.0
2026-06-09,14.59000015258789,14.680000305175781,14.479999542236328,14.579999923706055,14570600,0.0,0.0
2026-06-10,14.529999732971191,14.529999732971191,14.199999809265137,14.279999732971191,20901800,0.0,0.0
2026-06-11,14.229999542236328,14.640000343322754,14.229999542236328,14.5,16687100,0.0,0.0
2026-06-12,14.34000015258789,14.739999771118164,14.300000190734863,14.609999656677246,13651200,0.0,0.0
2026-06-15,14.899999618530273,15.0,14.670000076293945,14.75,18294900,0.0,0.0
2026-06-16,14.75,14.800000190734863,14.5,14.5,15483700,0.0,0.0
2026-06-17,14.670000076293945,14.760000228881836,14.270000457763672,14.300000190734863,21897500,0.0,0.0
2026-06-18,14.300000190734863,14.779999732971191,14.300000190734863,14.779999732971191,55235100,0.0,0.0
2026-06-19,14.680000305175781,14.850000381469727,14.539999961853027,14.5600004196167,26534500,0.0,0.0
2026-06-22,14.609999656677246,14.970000267028809,14.539999961853027,14.859999656677246,26578900,0.0,0.0
2026-06-23,14.760000228881836,15.069999694824219,14.710000038146973,14.989999771118164,18370100,0.0,0.0
2026-06-24,14.890000343322754,15.0600004196167,14.880000114440918,15.020000457763672,18396300,0.0,0.0
2026-06-25,15.140000343322754,15.279999732971191,15.0600004196167,15.069999694824219,12939800,0.0,0.0
2026-06-26,15.050000190734863,15.279999732971191,14.979999542236328,15.260000228881836,21774700,0.0,0.0
2026-06-29,15.289999961853027,15.350000381469727,15.109999656677246,15.210000038146973,9138100,0.0,0.0
2026-06-30,15.050000190734863,15.140000343322754,14.890000343322754,15.020000457763672,23205300,0.0,0.0
2026-07-01,14.859999656677246,15.020000457763672,14.699999809265137,15.0,17939700,0.0,0.0
2026-07-02,15.109999656677246,15.220000267028809,14.979999542236328,15.069999694824219,9879900,0.0,0.0
2026-07-03,15.180000305175781,15.210000038146973,15.050000190734863,15.0600004196167,12415000,0.0,0.0
2026-07-06,14.979999542236328,15.039999961853027,14.779999732971191,14.930000305175781,12113600,0.0,0.0
2026-07-07,14.979999542236328,15.119999885559082,14.84000015258789,14.90999984741211,11168600,0.0,0.0
2026-07-08,14.84000015258789,14.920000076293945,14.640000343322754,14.8100004196167,14478000,0.0,0.0
2026-07-09,14.8100004196167,15.0600004196167,14.779999732971191,15.050000190734863,12478500,0.0,0.0
2026-07-10,15.25,15.529999732971191,15.199999809265137,15.529999732971191,18247600,0.0,0.0
2026-07-13,15.430000305175781,15.510000228881836,15.079999923706055,15.170000076293945,10228900,0.0,0.0
2026-07-14,15.25,15.289999961853027,15.09000015258789,15.210000038146973,10744400,0.0,0.0
2026-07-15,15.210000038146973,15.25,14.989999771118164,15.020000457763672,15651800,0.0,0.0
2026-07-16,14.399999618530273,14.729999542236328,14.1899995803833,14.600000381469727,42664400,0.0,0.0
2026-07-17,14.59000015258789,14.899999618530273,14.569999694824219,14.800000190734863,18015900,0.0,0.0
2026-07-20,14.800000190734863,14.90999984741211,14.6899995803833,14.90999984741211,11084300,0.0,0.0
2026-07-21,14.850000381469727,14.960000038146973,14.510000228881836,14.510000228881836,9994100,0.0,0.0
2026-07-22,14.600000381469727,14.960000038146973,14.40999984741211,14.949999809265137,13605100,0.0,0.0
2026-07-23,14.800000190734863,14.979999542236328,14.710000038146973,14.880000114440918,14743200,0.0,0.0
2026-07-24,14.75,14.770000457763672,14.449999809265137,14.539999961853027,15706700,0.0,0.0
2026-07-27,14.670000076293945,14.779999732971191,14.529999732971191,14.779999732971191,12816400,0.0,0.0
2026-07-28,15.140000343322754,15.1899995803833,14.880000114440918,14.930000305175781,14491600,0.0,0.0
2026-07-29,14.890000343322754,14.90999984741211,14.529999732971191,14.529999732971191,16080500,0.0,0.0
2026-07-30,14.699999809265137,14.890000343322754,14.640000343322754,14.890000343322754,11175700,0.0,0.0
2026-07-31,14.970000267028809,14.970000267028809,14.779999732971191,14.829999923706055,7714400,0.0,0.0
2026-08-03,14.930000305175781,15.0,14.640000343322754,14.869999885559082,16125200,0.0,0.0
2026-08-04,15.020000457763672,15.119999885559082,14.84000015258789,14.930000305175781,12225800,0.0,0.0
2026-08-05,14.989999771118164,15.09000015258789,14.859999656677246,14.859999656677246,8178100,0.0,0.0
2026-08-06,14.869999885559082,14.979999542236328,14.729999542236328,14.899999618530273,11549700,0.0,0.0
2026-08-07,14.859999656677246,14.920000076293945,14.59000015258789,14.670000076293945,6403000,0.0,0.0
2026-08-10,14.6899995803833,14.75,14.1899995803833,14.300000190734863,19195400,0.0,0.0
2026-08-11,14.289999961853027,14.369999885559082,13.9399995803833,13.9399995803833,16520300,0.0,0.0
2026-08-12,14.0,14.0,13.729999542236328,13.800000190734863,34117800,0.0,0.0
2026-08-13,13.8100004196167,13.979999542236328,13.630000114440918,13.800000190734863,23827400,0.0,0.0
2026-08-14,13.640000343322754,13.75,13.40999984741211,13.6899995803833,25292300,0.0,0.0
2026-08-17,13.6899995803833,13.800000190734863,13.600000381469727,13.789999961853027,24245400,0.0,0.0
2026-08-18,13.800000190734863,13.979999542236328,13.699999809265137,13.720000267028809,24186400,0.0,0.0
2026-08-19,13.920000076293945,14.0,13.720000267028809,13.819999694824219,15342600,0.0,0.0
2026-08-20,13.6899995803833,14.079999923706055,13.649999618530273,14.029999732971191,23397400,0.0,0.0
2026-08-21,14.109999656677246,14.359999656677246,14.050000190734863,14.149999618530273,13743100,0.0,0.0
2026-08-24,13.970000267028809,14.449999809265137,13.970000267028809,14.350000381469727,14417200,0.0,0.0
2026-08-25,14.399999618530273,14.729999542236328,14.329999923706055,14.649999618530273,16842400,0.0,0.0
2026-08-26,14.649999618530273,14.800000190734863,14.520000457763672,14.649999618530273,13285500,0.0,0.0
2026-08-27,14.5,14.640000343322754,14.5,14.569999694824219,11731100,0.0,0.0
2026-08-28,14.670000076293945,14.739999771118164,14.449999809265137,14.680000305175781,15537600,0.0,0.0
2026-08-31,14.800000190734863,14.949999809265137,14.720000267028809,14.949999809265137,22699100,0.0,0.0
2026-09-01,15.029999732971191,15.369999885559082,14.880000114440918,15.199999809265137,30261600,0.0,0.0
2026-09-02,15.300000190734863,15.729999542236328,15.289999961853027,15.600000381469727,31849200,0.0,0.0
2026-09-03,15.720000267028809,15.90999984741211,15.720000267028809,15.779999732971191,18497400,0.0,0.0
2026-09-04,15.699999809265137,15.850000381469727,15.59000015258789,15.850000381469727,31323600,0.0,0.0
2026-09-08,16.010000228881836,16.110000610351562,15.850000381469727,16.0,25260500,0.0,0.0
2026-09-09,15.829999923706055,15.979999542236328,15.710000038146973,15.979999542236328,13105600,0.0,0.0
2026-09-10,15.850000381469727,16.260000228881836,15.829999923706055,16.139999389648438,19273300,0.0,0.0
2026-09-11,16.260000228881836,16.260000228881836,15.859999656677246,15.960000038146973,10719500,0.0,0.0
2026-09-14,15.609999656677246,16.0,15.520000457763672,15.920000076293945,19836900,0.0,0.0
2026-09-15,16.0,16.079999923706055,15.880000114440918,15.9399995803833,10205600,0.0,0.0
2026-09-16,15.869999885559082,16.200000762939453,15.850000381469727,16.079999923706055,18369900,0.0,0.0
2026-09-17,16.15999984741211,16.18000030517578,15.8100004196167,16.110000610351562,12719400,0.0,0.0
2026-09-18,16.0,16.049999237060547,15.920000076293945,15.989999771118164,24477500,0.0,0.0
2026-09-21,16.100000381469727,16.219999313354492,16.020000457763672,16.100000381469727,10866000,0.0,0.0
2026-09-22,16.010000228881836,16.18000030517578,15.989999771118164,16.139999389648438,15004700,0.0,0.0
2026-09-23,15.989999771118164,16.1299991607666,15.729999542236328,15.789999961853027,18279800,0.0,0.0
2026-09-24,15.869999885559082,15.869999885559082,15.59000015258789,15.649999618530273,12834500,0.0,0.0
2026-09-25,15.569999694824219,15.829999923706055,15.529999732971191,15.779999732971191,15746600,0.0,0.0
