Date,Open,High,Low,Close,Volume,Dividends,Stock splits
2020-09-17,16.954574612023006,17.147808485596318,16.625358868603062,16.911632537841797,8926000,0.0,0.0
2020-09-18,16.954574125434128,16.9688867846899,16.231732278188737,16.475065231323242,7362800,0.0,0.0
2020-09-21,16.131536114396233,16.346241009266034,15.788006371519948,16.324769973754883,5506600,0.0,0.0
2020-09-22,16.39633979506458,16.9116323953527,16.081438079024913,16.840065002441406,8106500,0.0,0.0
2020-09-23,16.76849587047993,16.947417078888705,16.238889257397222,16.374868392944336,5216200,0.0,0.0
2020-09-24,16.324770993708682,17.212220041043366,16.18163484320597,16.76133918762207,9121500,0.0,0.0
2020-09-25,16.625359415708065,17.14065340235554,16.417811510577724,16.89016342163086,6249700,0.0,0.0
2020-09-28,17.08340000863907,17.1334977357074,16.08144000702968,16.160165786743164,10726000,0.0,0.0
2020-09-29,16.07428035223595,16.210260849832146,15.752223003268698,16.031339645385742,10138900,0.0,0.0
2020-09-30,16.231733700413365,16.85437879706157,15.931145988736796,16.632516860961914,12035200,0.0,0.0
2020-10-01,16.675457017508144,17.462710651888738,16.50369281156229,17.391141891479492,9926200,0.0,0.0
2020-10-02,17.248005747037467,17.60584818425791,16.725556116310155,16.775653839111328,9895400,0.0,0.0
2020-10-05,16.861536026000977,17.104869003575693,16.589576361978978,16.861536026000977,6779200,0.0,0.0
2020-10-06,17.12633925254401,17.89212184928366,17.076241529775707,17.391141891479492,11636800,0.0,0.0
2020-10-07,17.541435881954385,17.663102361366477,17.126338722500286,17.534278869628906,5840000,0.0,0.0
2020-10-08,17.605844897258677,17.963687267670196,17.491335447931817,17.949373245239258,5975300,0.0,0.0
2020-10-09,17.89212121749781,18.915550769548368,17.856337521087024,18.77241325378418,12639900,0.0,0.0
2020-10-13,18.70084459738496,18.965648593467556,18.55055143357144,18.90839385986328,4864900,0.0,0.0
2020-10-14,18.90839421739701,19.080158421457675,18.500454062120365,18.61496353149414,4373200,0.0,0.0
2020-10-15,18.521925135099103,19.022905125289054,18.364474944068867,18.815357208251953,4023400,0.0,0.0
2020-10-16,18.822511856940892,18.9012376308069,18.31437624577814,18.378787994384766,6066300,0.0,0.0
2020-10-19,18.50761097513492,18.836825356550296,18.178395228659,18.47898292541504,5523400,0.0,0.0
2020-10-20,18.614964026935418,19.14457067814986,18.3501600187979,19.13025665283203,6737200,0.0,0.0
2020-10-21,19.516727961050435,19.738589902499207,19.05868868717667,19.294864654541016,12472400,0.0,0.0
2020-10-22,19.24476722720196,19.387904758455097,18.951336516687633,18.98712158203125,8922200,0.0,0.0
2020-10-23,18.979963105858324,18.99427713089235,18.550551910261515,18.7080020904541,5666500,0.0,0.0
2020-10-26,18.679374886261904,18.679374886261904,17.82770953125694,18.19270896911621,5724000,0.0,0.0
2020-10-27,18.23564980207977,18.292904535953625,17.670259475708008,17.670259475708008,4274500,0.0,0.0
2020-10-28,17.305259728673484,17.305259728673484,16.603888909883597,16.62535858154297,6098300,0.0,0.0
2020-10-29,16.560949633112667,17.047615627129723,16.095754679441328,17.004674911499023,8142000,0.0,0.0
2020-10-30,16.89016153477128,16.94741626410703,16.081436947210836,16.310457229614258,5291700,0.0,0.0
2020-11-03,16.625357633453206,16.847220905058272,16.04565332568025,16.346240997314453,5017600,0.0,0.0
2020-11-04,16.467908604222004,17.59869061549769,16.39633984602774,17.534278869628906,7567600,0.0,0.0
2020-11-05,17.748983479802078,18.59349180911801,17.720356796043497,18.543394088745117,9463600,0.0,0.0
2020-11-06,18.292906179033064,18.822512856200944,17.992318457931223,18.815357208251953,5133600,0.0,0.0
2020-11-09,19.094473062302672,19.480942192639912,18.450356935033543,18.529081344604492,8000800,0.0,0.0
2020-11-10,18.63643291816986,19.25192092027167,18.536236117547364,18.822509765625,9495700,0.0,0.0
2020-11-11,18.801041803464194,18.85113952579716,18.321532887467814,18.693689346313477,3766600,0.0,0.0
2020-11-12,18.69369043418935,18.75094517233903,17.65594676953317,17.73467254638672,6107800,0.0,0.0
2020-11-13,18.178395776269213,18.579178928997035,17.99231754266615,18.4575138092041,9823600,0.0,0.0
2020-11-16,18.693690095310707,18.908395018214687,18.049572596477546,18.801042556762695,6345800,0.0,0.0
2020-11-17,18.77957073355227,19.645550131867182,18.622120554340718,19.35211944580078,9385500,0.0,0.0
2020-11-18,19.302019636664298,19.609764336166936,18.529080064335574,18.543394088745117,6306500,0.0,0.0
2020-11-19,18.600649267594026,19.022903442382812,18.228492814380086,19.022903442382812,6884600,0.0,0.0
2020-11-23,19.065842506729144,19.166039306295183,18.521921898586427,18.672216415405273,4372000,0.0,0.0
2020-11-24,18.679375433454748,19.187511037379483,18.428885455225974,18.808198928833008,5147800,0.0,0.0
2020-11-25,18.8726091883856,19.40937280009661,18.843981140531994,19.208980560302734,4542000,0.0,0.0
2020-11-26,19.216137927376387,19.309176354499026,18.58633451356298,18.894079208374023,5289200,0.0,0.0
2020-11-27,18.96564919538571,19.838784251826947,18.958492182825466,19.559667587280273,7220200,0.0,0.0
2020-11-30,19.674176902291528,20.354078074463217,19.223296035051955,19.366432189941406,12006500,0.0,0.0
2020-12-01,19.838784508325112,20.783489702583,19.466629405804767,20.604568481445312,15760400,0.0,0.0
2020-12-02,20.647508618224375,21.262996673583984,20.375547605222682,21.262996673583984,8016400,0.0,0.0
2020-12-03,21.298780333131315,22.243484073844886,21.012506679136365,21.842700958251953,12037300,0.0,0.0
2020-12-04,22.0216233613582,22.043093033413715,20.719077140982915,21.055448532104492,8323000,0.0,0.0
2020-12-07,20.933783470609505,21.463390136486026,20.89799977138485,21.234371185302734,3426600,0.0,0.0
2020-12-08,21.241529012896837,21.556430765382505,20.983882000403046,21.499176025390625,3029900,0.0,0.0
2020-12-09,21.570743160569638,22.243487370973273,20.876529276096736,21.09123420715332,10500600,0.0,0.0
2020-12-10,21.177115559977217,21.799760636779258,20.640351903739322,21.64946746826172,7229700,0.0,0.0
2020-12-11,21.66378250715675,22.207703201405124,21.477704267145942,22.043094635009766,7204900,0.0,0.0
2020-12-14,22.32221219411713,22.830347812900516,22.18623168223485,22.222015380859375,8648600,0.0,0.0
2020-12-15,22.22201455252634,22.82318994942144,22.22201455252634,22.694366455078125,6624400,0.0,0.0
2020-12-16,22.762452326389223,22.769979764712595,21.926925336752078,22.453834533691406,7175500,1.560452,0.0
2020-12-17,22.265653605619892,22.566743969769536,21.972090680038,22.017253875732422,3730500,0.0,0.0
2020-12-18,21.964563589189,22.333399470575337,21.618308588151304,21.738744735717773,4546000,0.0,0.0
2020-12-21,21.211836523523495,21.949508271498132,20.918273599183244,21.610780715942383,5255800,0.0,0.0
2020-12-22,21.670997914780273,21.81401492458526,21.204306825272788,21.603252410888672,3824000,0.0,0.0
2020-12-23,21.670999921963773,21.93445308848573,21.452708514603206,21.678525924682617,2575700,0.0,0.0
2020-12-28,21.68605327931808,21.904344685835166,21.24194446359415,21.851654052734375,2100100,0.0,0.0
2020-12-29,21.85918123803056,22.054888891363973,21.550562009976968,21.957035064697266,2678000,0.0,0.0
2020-12-30,21.934451049079225,22.235542815473174,21.65594303159035,22.190378189086914,5146700,0.0,0.0
2021-01-04,22.197904450645805,22.25059507625931,21.113977881911282,21.45270538330078,4928200,0.0,0.0
2021-01-05,21.26452705261757,21.400018074171193,20.624709137343295,21.03870964050293,4541200,0.0,0.0
2021-01-06,21.204309506852645,21.204309506852645,20.391364793057203,20.496746063232422,5227600,0.0,0.0
2021-01-07,20.33867270460369,20.820417260365367,19.954781973339095,20.62470817565918,7641900,0.0,0.0
2021-01-08,20.669872434634293,21.7537991767006,20.556963728019742,21.610780715942383,5161900,0.0,0.0
2021-01-11,21.50539754058174,21.54303472992334,20.707507790795535,20.775253295898438,4726100,0.0,0.0
2021-01-12,21.008601122153493,21.88929137833878,20.60212946929761,21.79896354675293,5691500,0.0,0.0
2021-01-13,21.904345423393586,22.017254131798847,21.36238132590893,21.66347312927246,6222700,0.0,0.0
2021-01-14,21.72369019901329,22.747397401725493,21.640889813343076,22.41619873046875,5902600,0.0,0.0
2021-01-15,22.416198593077006,22.416198593077006,21.392489960927186,21.51292610168457,5315100,0.0,0.0
2021-01-18,21.625836026156744,21.87423575996878,21.257000144782033,21.490345001220703,2340400,0.0,0.0
2021-01-19,22.205435518354385,22.205435518354385,20.910746235496518,21.27205467224121,5906100,0.0,0.0
2021-01-20,21.36990807172913,21.663472426919693,21.04623539860564,21.39249038696289,2834500,0.0,0.0
2021-01-21,21.37743427502217,21.437652343120916,20.142963161141914,20.24834442138672,7027100,0.0,0.0
2021-01-22,19.954781141905187,20.255871476711036,19.307435845288637,19.570890426635742,10653000,0.0,0.0
2021-01-26,19.578420911571975,20.03758464093316,19.15689437723919,19.224639892578125,5629700,0.0,0.0
2021-01-27,19.27732819282534,19.698854676054506,18.938600657196183,19.345073699951172,5635300,0.0,0.0
2021-01-28,19.435400480621364,20.112854129935258,19.217110514333484,20.060163497924805,4191900,0.0,0.0
2021-01-29,19.789182141853832,20.158017987515482,19.141836834600497,19.292381286621094,5672000,0.0,0.0
2021-02-01,19.570890163647192,20.02252637764298,19.29990814810733,19.887035369873047,4343400,0.0,0.0
2021-02-02,20.24834365919003,20.609652054181975,19.992416520476088,20.398889541625977,5275600,0.0,0.0
2021-02-03,20.421470564474973,21.264524927840675,20.270926116678492,21.181724548339844,9120700,0.0,0.0
2021-02-04,21.181726969915335,21.437654139711064,20.7376181420764,20.970964431762695,4468000,0.0,0.0
2021-02-05,21.001073055207254,21.083873445375584,20.489218708188734,20.65481948852539,4643200,0.0,0.0
2021-02-08,20.692454416894876,21.64089012145996,20.489217886835483,21.64089012145996,6452500,0.0,0.0
2021-02-09,21.50539819999746,21.603253459574155,20.850526878205187,21.13656234741211,5231700,0.0,0.0
2021-02-10,21.151618563833246,21.294637025354746,20.519328080562744,20.812891006469727,3490100,0.0,0.0
2021-02-11,20.81289152141802,21.309690994034824,20.81289152141802,21.098928451538086,2679000,0.0,0.0
2021-02-12,20.993546766960918,21.415074743907045,20.89569292970941,21.339801788330078,2901400,0.0,0.0
2021-02-17,21.30216247137173,21.35485454002697,21.016126991517922,21.234416961669922,2512200,0.0,0.0
2021-02-18,21.226892877291437,21.56561902069933,20.790311461821208,20.986019134521484,8253900,0.0,0.0
2021-02-19,21.016125739947046,21.038708053740166,20.541908635987443,20.76019859313965,4326100,0.0,0.0
2021-02-22,20.36125575667496,20.36125575667496,18.998820892166524,19.52573013305664,15910900,0.0,0.0
2021-02-23,19.668747386667395,19.728965463240836,19.194530213115552,19.548311233520508,8197200,0.0,0.0
2021-02-24,19.646162510153953,19.67627082446194,19.05150786866821,19.352598190307617,5222200,0.0,0.0
2021-02-25,19.322492328116066,19.60100180829664,18.750419926546527,18.931074142456055,7137100,0.0,0.0
2021-02-26,18.870854310183592,19.292380774651843,18.389109779362737,18.667617797851562,7497400,0.0,0.0
2021-03-01,18.82569091092781,19.134308677032205,18.28372831975442,18.43427276611328,7905100,0.0,0.0
2021-03-02,18.20092843158196,18.818163980426018,17.177219851618954,18.599872589111328,10437100,0.0,0.0
2021-03-03,18.441801282285496,18.45685615851539,17.335293722204693,17.83962059020996,10989900,0.0,0.0
2021-03-04,17.960054397583008,18.720308319974748,17.658962654912028,17.960054397583008,10640600,0.0,0.0
2021-03-05,17.96005659128942,18.735364046944106,17.643911371439234,18.72783660888672,6745800,0.0,0.0
2021-03-08,18.434276389785783,18.434276389785783,17.04925917104105,17.297658920288086,8271900,0.0,0.0
2021-03-09,17.380454925805974,17.478308738675842,16.46965511811635,16.67289161682129,17575400,0.0,0.0
2021-03-10,16.808384529753315,17.26754820450498,16.432021238504284,17.132057189941406,11241500,0.0,0.0
2021-03-11,17.312711713502537,18.17081957378742,17.177220696465547,18.020275115966797,17662200,0.0,0.0
2021-03-12,17.85467344112929,18.351472854614258,17.621328610119555,18.351472854614258,6553500,0.0,0.0
2021-03-15,18.29125452421978,18.99881788064688,17.982636754698678,18.667617797851562,5745100,0.0,0.0
2021-03-16,18.74289232122711,18.818165269447316,17.70413023006693,17.99016571044922,4361600,0.0,0.0
2021-03-17,17.862201560354972,19.1568922085184,17.666492475499755,19.081619262695312,5687100,0.0,0.0
2021-03-18,18.885910658790426,18.91601897645919,18.050383666729402,18.291255950927734,5882700,0.0,0.0
2021-03-19,18.374055294845277,19.013873160776978,18.291254913456473,18.757946014404297,6757300,0.0,0.0
2021-03-22,18.486966639472058,19.31496626479115,18.471913197191927,18.855802536010742,7771700,0.0,0.0
2021-03-23,18.70525540818782,19.134309320083396,18.35147300414538,18.547182083129883,5229400,0.0,0.0
2021-03-24,18.675147118585436,18.705256872653617,17.62133013330469,17.674020767211914,4841200,0.0,0.0
2021-03-25,17.57616745004301,18.39663960805037,17.237439885466706,18.208457946777344,8489700,0.0,0.0
2021-03-26,18.215984058965613,18.336420198552823,17.56111129371214,17.824565887451172,4174700,0.0,0.0
2021-03-29,17.719182692038025,17.89983688171926,17.147110373524853,17.365400314331055,7857200,0.0,0.0
2021-03-30,17.350349408239513,18.547184944884506,17.312713648505905,18.464385986328125,5677300,0.0,0.0
2021-03-31,18.464384000253776,18.87085561736205,18.11060157967785,18.554710388183594,6816700,0.0,0.0
2021-04-01,18.622455609119275,18.70525599320171,18.163291931152344,18.163291931152344,3853300,0.0,0.0
2021-04-05,18.396640457854197,18.89343995170688,18.30631262455725,18.712785720825195,3973100,0.0,0.0
2021-04-06,18.73536311199201,19.307435454397133,18.63750929355321,18.893436431884766,4178700,0.0,0.0
2021-04-07,18.893437276173298,19.119254673868948,18.44180104507,18.652565002441406,3360400,0.0,0.0
2021-04-08,18.690201511231336,19.081619689700865,18.6149285637238,18.961183547973633,3676100,0.0,0.0
2021-04-09,18.69772867047945,19.51067333286064,18.629983162305013,19.277328491210938,5475700,0.0,0.0
2021-04-12,19.35259935457173,19.563363310254953,18.833219056889487,19.292381286621094,4599100,0.0,0.0
2021-04-13,19.307436237813473,19.593473138478203,19.028928210847916,19.202054977416992,5334100,0.0,0.0
2021-04-14,19.314964420682404,19.608527334943574,19.111727894326805,19.26227378845215,5378700,0.0,0.0
2021-04-15,19.457982862010184,19.555836688120202,19.013874053955078,19.013874053955078,5448500,0.0,0.0
2021-04-16,19.02892962848233,19.503146771307154,18.998819874290483,19.28485679626465,3590500,0.0,0.0
2021-04-19,19.38270839550264,19.744016789954735,18.893436431884766,18.893436431884766,8746600,0.0,0.0
2021-04-20,18.93107435783734,19.17194664845714,18.833220528165082,19.036457061767578,4403600,0.0,0.0
2021-04-22,19.14936519888644,19.54830937996587,18.803110214636607,18.961183547973633,5401500,0.0,0.0
2021-04-23,19.00634417908096,19.345071679329525,18.923543804417562,19.18699836730957,3090700,0.0,0.0
2021-04-26,19.326381978459644,19.71951424124335,19.114090196633107,19.302793502807617,4051200,1.087273,0.0
2021-04-27,19.232029047016418,19.41287102268443,19.027601595705665,19.137678146362305,2863300,0.0,0.0
2021-04-28,19.15340677782758,19.287071824294614,18.650196397179513,19.23989486694336,4561200,0.0,0.0
2021-04-29,19.25562071469413,19.467912525885666,18.823175765686866,18.933252334594727,4438700,0.0,0.0
2021-04-30,18.87035063519247,19.090505265821445,18.492943982411997,18.50080680847168,7323300,0.0,0.0
2021-05-03,18.579431630116545,18.94111412190095,18.40645395993834,18.48508071899414,4641400,0.0,0.0
2021-05-04,18.5243943472414,18.61088393683308,18.312104035932105,18.319965362548828,5647700,0.0,0.0
2021-05-05,18.430044609685538,18.77599999081552,18.146988843596578,18.327829360961914,7833200,0.0,0.0
2021-05-06,18.335691785863688,18.76027542569071,18.31210480566052,18.563709259033203,3919200,0.0,0.0
2021-05-07,18.610883661567662,19.011878798724368,18.610883661567662,18.95684051513672,3599600,0.0,0.0
2021-05-10,18.878213804941815,18.933252088680884,18.46935584047909,18.610883712768555,3817000,0.0,0.0
2021-05-11,18.39073047568381,18.650197761371732,18.202027131518125,18.327829360961914,5717400,0.0,0.0
2021-05-12,18.225611466739103,18.319962367522617,17.73812681375586,17.87179183959961,6033500,0.0,0.0
2021-05-13,17.989732713736462,18.43790477866706,17.871793328093947,18.335689544677734,4322800,0.0,0.0
2021-05-14,18.603016813534765,19.184852328027755,18.013318474560467,18.650192260742188,11104600,0.0,0.0
2021-05-17,18.64233340745954,19.255620350520438,18.587295124046527,19.184856414794922,4041500,0.0,0.0
2021-05-18,19.121954482589313,19.17699276363455,18.72882218977397,18.92538833618164,3667000,0.0,0.0
2021-05-19,18.720957263124944,19.184853436563937,18.131258890076786,18.162710189819336,8002200,0.0,0.0
2021-05-20,18.264925707299827,18.43790487350049,18.099810866487186,18.2413387298584,5227600,0.0,0.0
2021-05-21,18.296377721060143,18.304240547073025,17.172019095789974,17.258508682250977,17036400,0.0,0.0
2021-05-24,17.337133718508685,17.486524411457484,16.959727072861856,17.431486129760742,9012400,0.0,0.0
2021-05-25,17.6044668373791,17.981875047806255,17.517978736800362,17.80103302001953,7358500,0.0,0.0
2021-05-26,17.950419625521473,18.335689075253153,17.934693974590232,18.30423927307129,9892800,0.0,0.0
2021-05-27,18.264926612651067,18.37500467832981,18.005459350169524,18.288515090942383,5239700,0.0,0.0
2021-05-28,18.35141615325922,18.7366856329509,18.2570637400152,18.634471893310547,5145400,0.0,0.0
2021-05-31,18.579433339611963,18.925390211480593,18.4693567666141,18.791725158691406,3440800,0.0,0.0
2021-06-01,18.948979404096363,20.18341473234375,18.886078288634103,20.026161193847656,13557000,0.0,0.0
2021-06-02,19.978982630597585,20.600132361579753,19.80600496484996,20.3642520904541,12369800,0.0,0.0
2021-06-04,20.40356962761817,20.702349554677394,20.262041741233993,20.600135803222656,7323700,0.0,0.0
2021-06-07,20.600132976767018,20.702346714197443,20.34852704678308,20.435016632080078,6652400,0.0,0.0
2021-06-08,20.403565414754514,20.867461613371756,20.293487359361553,20.58440589904785,7496100,0.0,0.0
2021-06-09,20.5450936826624,20.560819334849477,19.900356939799686,20.104785919189453,8458500,0.0,0.0
2021-06-10,20.15196059749526,20.238450181501896,19.27920793036186,19.61730194091797,9679700,0.0,0.0
2021-06-11,19.50722435680404,19.570125464980343,18.996152665411504,19.287071228027344,6152100,0.0,0.0
2021-06-14,19.397150202787824,19.680205974595246,19.247759489924917,19.45218849182129,5913700,0.0,0.0
2021-06-15,19.522948431162394,19.522948431162394,19.216305741042124,19.397146224975586,2999300,0.0,0.0
2021-06-16,19.36569718886273,19.428598299313897,18.964703547037008,19.145544052124023,9085300,0.0,0.0
2021-06-17,19.035466245308765,19.232032405626356,18.71309786236238,18.988290786743164,6118500,0.0,0.0
2021-06-18,18.92538631143617,19.129815261790856,18.846759561348904,19.004013061523438,3653200,0.0,0.0
2021-06-21,19.121952999052105,19.121952999052105,18.68164528516988,18.941112518310547,3830700,0.0,0.0
2021-06-22,18.76027531975854,18.76027531975854,18.492945214639374,18.65806007385254,4155500,0.0,0.0
2021-06-23,18.634470921298135,18.634470921298135,18.162711879047425,18.335689544677734,6956200,0.0,0.0
2021-06-24,18.55584509120874,18.98829002672628,18.477218330292626,18.50080680847168,7564300,0.0,0.0
2021-06-25,18.642335438536318,18.65019826554922,17.90324769549425,17.981874465942383,5746100,0.0,0.0
2021-06-28,18.029047976430313,18.31210371952629,17.706679602206894,17.848207473754883,6118900,0.0,0.0
2021-06-29,17.785305874261862,18.162712521540662,17.439349031082607,18.060497283935547,7394700,0.0,0.0
2021-06-30,17.950420513652364,18.60302006278125,17.856068103077277,18.351415634155273,7354200,0.0,0.0
2021-07-01,18.4379088351182,18.485084299817963,17.856071605203546,17.8953857421875,7133600,0.0,0.0
2021-07-02,18.076224046704944,18.414318084716797,17.942558996785856,18.414318084716797,4565900,0.0,0.0
2021-07-05,18.3121035692337,18.422180135231706,18.123398742264637,18.288515090942383,2706700,0.0,0.0
2021-07-06,18.241338065295313,18.241338065295313,17.808891665229076,18.036909103393555,4555800,0.0,0.0
2021-07-07,18.24133802651978,18.492942440731543,17.958282310691253,18.264925003051758,5300600,0.0,0.0
2021-07-08,17.926831558075367,18.06835942032386,17.659501484868365,17.840343475341797,11091000,0.0,0.0
2021-07-12,18.02118435279989,18.626608443328216,17.918970616583227,18.44576644897461,6148800,0.0,0.0
2021-07-13,18.6737844710652,18.6737844710652,18.217751057653786,18.38286590576172,7063200,0.0,0.0
2021-07-14,18.61088310497631,18.799586428639355,18.43004260725931,18.540119171142578,5184000,0.0,0.0
2021-07-15,18.524393703284378,18.650195920309546,18.052634639599635,18.233476638793945,4993100,0.0,0.0
2021-07-16,18.367143407072458,18.492945635914253,17.82462035789168,17.926834106445312,4730500,0.0,0.0
2021-07-19,17.57301702799073,17.82462150182153,17.34499953628097,17.80103302001953,4686700,0.0,0.0
2021-07-20,17.79316703985515,17.79316703985515,17.447211699480555,17.64377784729004,3536800,0.0,0.0
2021-07-21,17.683088241372342,17.722402365772314,17.344994269935082,17.549423217773438,4475800,0.0,0.0
2021-07-22,17.58087659951746,17.75385426832277,17.470798537840736,17.604463577270508,3495500,0.0,0.0
2021-07-23,17.565153201252695,17.643779969771135,17.046218628584207,17.219196319580078,6364500,0.0,0.0
2021-07-26,17.18774452078232,17.26636978051116,16.82606202737073,16.95186424255371,4894000,0.0,0.0
2021-07-27,16.904691837073564,16.920417491729157,16.50369664144173,16.826065063476562,7181900,0.0,0.0
2021-07-28,16.928276580085342,17.156292523505385,16.692396311393537,17.09339141845703,4045600,0.0,0.0
2021-07-29,17.219196063934422,17.38431242533983,16.715987152376716,16.76316261291504,4914700,0.0,0.0
2021-07-30,16.62949641617674,16.739574482780252,16.28353956340137,16.393617630004883,4466700,0.0,0.0
2021-08-02,16.62949807466509,16.896828192150885,16.409344918863308,16.432931900024414,5394200,0.0,0.0
2021-08-03,16.4329306258953,16.4329306258953,15.607353356288039,16.142013549804688,8933800,0.0,0.0
2021-08-04,16.126287106897497,16.36216588674636,15.80391874125305,15.898269653320312,4707100,0.0,0.0
2021-08-05,15.976896864174927,16.102699083603017,15.387198398225474,15.43437385559082,7218300,0.0,0.0
2021-08-06,15.465822521924073,15.90613021480889,15.410784247773533,15.788190841674805,5471000,0.0,0.0
2021-08-09,15.764606072511064,16.204915368567292,15.685980805061808,16.000486373901367,6186100,0.0,0.0
2021-08-10,16.04766127407008,16.102699559235464,15.693841584177182,15.764605522155762,5141000,0.0,0.0
2021-08-11,15.772467498389819,15.819644454286454,15.387198023318245,15.489413261413574,5739000,0.0,0.0
2021-08-12,15.450099347436238,15.505137630404167,15.182769259008516,15.198494911193848,4570300,0.0,0.0
2021-08-13,15.37933547218155,15.772467780261616,14.915439228672614,14.970479011535645,8308000,0.0,0.0
2021-08-16,14.876126843963341,15.167045416617336,14.538032813469506,14.99406623840332,8186200,0.0,0.0
2021-08-17,14.907577305497616,14.907577305497616,14.192076581428655,14.40436840057373,7306900,0.0,0.0
2021-08-18,14.514444753679347,14.75818787552933,14.239253325269383,14.396505355834961,12136300,0.0,0.0
2021-08-19,14.129175843116306,14.553759492669343,14.074137555140364,14.467269897460938,6181200,0.0,0.0
2021-08-20,14.310015774301034,14.813224619218303,14.270701645991466,14.577345848083496,6843500,0.0,0.0
2021-08-23,14.6166596576151,14.78177451081322,14.199938861950058,14.286428451538086,5226700,0.0,0.0
2021-08-24,14.585209883199884,16.126289506528394,14.490858957092975,16.04766273498535,19107100,0.0,0.0
2021-08-25,15.874682475701258,16.8260619087771,15.81178136855311,16.66880989074707,20967600,0.0,0.0
2021-08-26,16.55086949878469,16.558732324874004,15.678116798400877,15.678116798400879,9548600,0.0,0.0
2021-08-27,15.709566730999333,16.755298614501953,15.709566730999333,16.755298614501953,7498500,0.0,0.0
2021-08-30,16.731712618857728,16.731712618857728,16.000486240119105,16.079113006591797,5997400,0.0,0.0
2021-08-31,16.118424280945106,16.582320514371155,15.733154807362249,15.898269653320312,8951200,0.0,0.0
2021-09-01,16.047662801532827,16.142015227711934,15.685981750488281,15.685981750488281,5242800,0.0,0.0
2021-09-02,15.693840247843804,15.748880028003336,15.088417662895615,15.159181594848633,6238400,0.0,0.0
2021-09-03,15.292847373332988,15.347885656476217,14.844675282707975,14.852538108825684,6051100,0.0,0.0
2021-09-06,14.852539367081858,15.261397361755371,14.797501079275976,15.261397361755371,2806000,0.0,0.0
2021-09-08,15.222083235338099,15.222083235338099,14.270702283289108,14.302153587341309,9077300,0.0,0.0
2021-09-09,14.310014622435334,14.78177212673145,13.924743694416689,14.56948184967041,10306700,0.0,0.0
2021-09-10,14.923300788750144,15.38719699290359,14.81322423172411,14.87612533569336,16294100,0.0,0.0
2021-09-13,15.222083721587161,15.81964502054079,15.088418674456998,15.607353210449219,7279100,0.0,0.0
2021-09-14,15.725292435202942,16.09483626754514,15.442236691471448,15.552314758300781,9152200,0.0,0.0
2021-09-15,15.536588576739518,15.654527966050173,15.09628082346208,15.450098991394043,6591000,0.0,0.0
2021-09-16,15.284983127359427,15.709565200510205,15.167043745910911,15.481549263000488,5691600,0.0,0.0
2021-09-17,15.340024753923348,15.568040741206072,15.119870094063367,15.465826988220215,5553800,0.0,0.0
2021-09-20,15.072692644168296,15.332159905661491,14.860400839397299,15.245670318603516,4528000,0.0,0.0
2021-09-21,15.355750508382814,15.874685103165557,15.15132150139553,15.685981750488281,6452800,0.0,0.0
2021-09-22,15.976897021197916,16.18918883094953,15.741018232372188,15.969034194946289,7504600,0.0,0.0
2021-09-23,16.173462715375344,16.173462715375344,15.159182152848198,15.277121543884277,11412600,0.0,0.0
2021-09-24,15.1670449788747,15.442236391398643,14.805362480059237,15.277121543884277,6288700,0.0,0.0
2021-09-27,15.332161106584572,15.332161106584572,14.742462602485165,15.072693824768066,4949800,0.0,0.0
2021-09-28,14.970478212499618,14.970478212499618,14.042685775001846,14.184213638305664,12325800,0.0,0.0
2021-09-29,14.341465011031442,14.498718518699656,13.97192121759591,13.995508193969727,6873600,0.0,0.0
2021-09-30,14.066272829491936,14.648108437621278,13.995508897452357,14.152762413024902,7900800,0.0,0.0
2021-10-01,14.160624995589751,14.891851280987522,14.07413541354208,14.671696662902832,7358000,0.0,0.0
2021-10-04,14.577348250441448,14.632386539464543,13.987649725741017,14.113451957702637,4088300,0.0,0.0
2021-10-05,14.247116118064927,14.254977444845933,13.743905722274725,13.767494201660156,5863900,0.0,0.0
2021-10-06,13.452989147476885,13.775357546129383,13.272147131416498,13.751769065856934,11861200,0.0,0.0
2021-10-07,13.838259047273587,14.074137857867203,13.468713677747775,13.500164985656738,7736400,0.0,0.0
2021-10-08,13.728179156229913,14.341466082331449,13.71245500403298,14.081998825073242,13468500,0.0,0.0
2021-10-11,14.074136476771548,14.262839806665156,13.846120515530387,13.932608604431152,5332300,0.0,0.0
2021-10-13,13.964059567183751,14.412230152162572,13.89329563274702,14.302153587341309,8337300,0.0,0.0
2021-10-14,14.498720464588493,14.608797034921382,13.79894391119583,13.979785919189453,8111600,0.0,0.0
2021-10-15,13.979786870679382,14.388643373892261,13.924747082086034,14.294292449951172,7931100,0.0,0.0
2021-10-18,14.081998049347842,14.459404675536982,13.775355353029243,14.317876815795898,5503400,0.0,0.0
2021-10-19,14.137036049105662,14.144898874456114,13.16993102620889,13.287870407104492,13890900,0.0,0.0
2021-10-20,13.42153595814959,13.523751191980878,13.036266499150035,13.091304779052734,7618900,0.0,0.0
2021-10-21,12.816112085402974,12.973365601658989,11.959084320977444,12.257864952087402,18703400,0.0,0.0
2021-10-22,12.029847988029896,12.171375099762734,11.24358342345069,11.93549633026123,18596300,0.0,0.0
2021-10-25,12.014123053221931,12.344354250024242,11.73106806303725,12.10061264038086,9323000,0.0,0.0
2021-10-26,11.943359081598993,11.990535288071987,11.290759516071486,11.487325668334961,10662300,0.0,0.0
2021-10-27,11.558090098366835,12.202827615308278,11.558090098366835,11.95122241973877,10273100,0.0,0.0
2021-10-28,11.731068277240073,12.045573827632417,11.25930920181118,11.322210311889648,8107400,0.0,0.0
2021-10-29,11.47946443650287,11.510914993184777,11.023430989694987,11.078469276428223,7421100,0.0,0.0
2021-11-01,11.243584616011203,11.652441843041217,11.1413701217936,11.42442512512207,4384200,0.0,0.0
2021-11-03,11.353659622873804,12.17923753949309,11.282896444169548,11.880456924438477,11096700,0.0,0.0
2021-11-04,11.77038241526979,12.014124045035,11.471601748266929,11.620991706848145,4777100,0.0,0.0
2021-11-05,11.723205020018643,12.367941749539506,11.723205020018643,12.273590087890625,7067500,0.0,0.0
2021-11-08,12.218551837623874,12.234277489526159,11.676029594281038,11.738930702209473,6010300,0.0,0.0
2021-11-09,11.778243301853736,12.501606791002175,11.731067845949472,12.273590087890625,6287500,0.0,0.0
2021-11-10,12.297179763469591,13.107032167218419,12.163514708987499,12.721762657165527,10225000,0.0,0.0
2021-11-11,12.847563737016602,13.390086733167047,12.768936976755842,13.028404235839844,7727800,0.0,0.0
2021-11-12,12.847563033108445,13.264283789882153,12.407254549485007,12.509469032287598,5653200,0.0,0.0
2021-11-16,12.603822795359292,12.65886108054344,11.76251911557653,11.778244018554688,8745000,0.0,0.0
2021-11-17,11.911910265284805,12.08488871447107,11.314349645093072,11.471602439880371,8638100,0.0,0.0
2021-11-18,11.44801360444641,11.919771943327197,11.219996886527264,11.42442512512207,8470400,0.0,0.0
2021-11-19,11.416562602405293,12.061299348602047,11.416562602405293,11.888320922851562,5985900,0.0,0.0
2021-11-22,11.872596149836818,12.061299480072224,11.306485409290222,11.322210311889648,5371700,0.0,0.0
2021-11-23,11.471601452896346,11.471601452896346,11.01556801232877,11.337936401367188,5162000,0.0,0.0
2021-11-24,11.267171899725358,11.581677446536247,11.023430288407013,11.400836944580078,6111700,0.0,0.0
2021-11-25,11.448012824379978,12.045573346244593,11.440149998474302,11.959084510803223,6364900,0.0,0.0
2021-11-26,11.636715904916413,11.676029283786333,11.157094032415998,11.463737487792969,6915900,0.0,0.0
2021-11-29,11.62885345920796,11.64457911120598,11.015567278252021,11.039155006408691,12546600,0.0,0.0
2021-11-30,10.92907794441119,11.04701808759974,10.378692859052421,10.693199157714844,14176200,0.0,0.0
2021-12-01,10.819001659062035,11.172820598163371,10.34724257369999,10.35510540008545,11687800,0.0,0.0
2021-12-02,10.606709722457525,10.991979212783855,10.567396340827406,10.929078102111816,7652100,0.0,0.0
2021-12-03,10.92121554929947,11.9040462979817,10.92121554929947,11.738930702209473,14801600,0.0,0.0
2021-12-06,11.849008402569954,12.383668621079796,11.707481271077674,12.108475685119629,10009900,0.0,0.0
2021-12-07,12.132061518202741,12.454429844377625,11.880456367414329,11.943357467651367,6386100,0.0,0.0
2021-12-08,11.919770079700745,12.745347231125281,11.84900615247229,12.572369575500488,10591200,0.0,0.0
2021-12-09,12.3207675913309,12.485883204067477,12.053437480248784,12.194965362548828,6251800,0.0,0.0
2021-12-10,12.43870616415413,13.099168571072116,12.43870616415413,12.910465240478516,13614800,0.0,0.0
2021-12-13,12.902601894561636,12.934053198234178,12.438705663156572,12.446568489074707,5936900,0.0,0.0
2021-12-14,12.540919721705617,12.643134205624861,11.888320189624556,12.07702350616455,8911500,0.0,0.0
2021-12-15,12.18710056844749,12.336490503550335,11.825418844164467,12.23427677154541,6450300,0.0,0.0
2021-12-16,12.470155375858667,12.65099661057602,12.07702310455346,12.187100410461426,5665400,0.0,0.0
2021-12-17,11.998399192616734,12.407256436158466,11.904047521030181,12.194965362548828,6362800,0.0,0.0
2021-12-20,11.95122179113554,12.18710132152013,11.801831846801502,12.053436279296875,3846600,0.0,0.0
2021-12-21,12.139924324141726,12.14778714960474,11.636715491953659,11.927633285522461,4068500,0.0,0.0
2021-12-22,11.95908433952555,12.147787659517036,11.770381019534064,11.904046058654785,2772000,0.0,0.0
2021-12-23,11.94335802762468,12.014121956169232,11.613127610817264,11.880456924438477,3064100,0.0,0.0
2021-12-27,11.974810184326818,12.462294924123015,11.935497551946181,12.084887504577637,5203300,0.0,0.0
2021-12-28,12.077023943773778,12.281452919019722,12.00626075988743,12.09274959564209,4443400,0.0,0.0
2021-12-29,12.100612873568753,12.305041106610325,11.78610657301797,12.116337776184082,7767300,0.0,0.0
2021-12-30,12.171376578406084,12.548784005170525,12.108475465585414,12.407256126403809,7768300,0.0,0.0
2022-01-03,12.517332194265617,12.517332194265617,11.4165620803833,11.4165620803833,10561400,0.0,0.0
2022-01-04,11.558088519538588,11.565951344853664,11.102055149028269,11.212132453918457,10199300,0.0,0.0
2022-01-05,11.180683279682492,11.392974340456515,10.756100408294063,10.921216011047363,7777700,0.0,0.0
2022-01-06,10.944802672265231,11.086330532200485,10.693198254460613,10.826863288879395,9104600,0.0,0.0
2022-01-07,10.78755112854657,11.219996832831354,10.528083855943779,10.9762544631958,8137900,0.0,0.0
2022-01-10,10.787550254153357,10.984116399273585,10.661748041250867,10.756099700927734,6054600,0.0,0.0
2022-01-11,10.732511114591102,10.96052781062041,10.685335660152115,10.842588424682617,4337200,0.0,0.0
2022-01-12,10.87403923770819,11.227858153825656,10.795412478641934,11.164957046508789,6324900,0.0,0.0
2022-01-13,11.10205572140751,11.259308486614916,10.881901850117142,11.15709400177002,5180300,0.0,0.0
2022-01-14,11.062742342645576,11.259308486614916,10.866176198676234,11.15709400177002,9855000,0.0,0.0
2022-01-17,11.18854386301253,11.385109994827987,10.73251049718789,11.117780685424805,6049800,0.0,0.0
2022-01-18,11.015566440953881,11.196406926143187,10.763961276992704,10.77968692779541,6472200,0.0,0.0
2022-01-19,10.897626825425426,11.668166504913874,10.88976474949213,11.597402572631836,10756000,0.0,0.0
2022-01-20,11.597402993848643,12.084886961914318,11.56595243945216,11.974809646606445,10382600,0.0,0.0
2022-01-21,11.904047274194953,12.407256178889,11.770382221425495,12.36008071899414,6627000,0.0,0.0
2022-01-24,12.281452806079985,12.485881779446009,11.93549671640239,12.179238319396973,8384500,0.0,0.0
2022-01-25,12.07702383635134,12.981228565047081,12.029848380846722,12.839700698852539,9756600,0.0,0.0
2022-01-26,12.95763933598182,13.814667809629608,12.95763933598182,13.374360084533691,15411800,0.0,0.0
2022-01-27,13.484437686884352,13.704592316350153,13.452987882492506,13.641691207885742,6882200,0.0,0.0
2022-01-28,13.555202097919443,13.712455624449305,13.32718613409999,13.492300987243652,9913500,0.0,0.0
2022-01-31,13.484438740959876,13.846121267663426,13.397950647361004,13.743906021118164,7326700,0.0,0.0
2022-02-01,13.73604277375632,13.885433475841635,13.476575501545403,13.54733943939209,5651400,0.0,0.0
2022-02-02,13.578789521238788,13.759630012913725,13.154205932422164,13.224969863891602,6140800,0.0,0.0
2022-02-03,13.303596621044383,13.633827801341537,13.083442000952726,13.224969863891602,4750300,0.0,0.0
2022-02-04,13.232832669710431,13.2957337754021,12.47015582589853,12.564507484436035,8133800,0.0,0.0
2022-02-07,12.556645738643086,12.611684769950186,12.305040559422904,12.485881805419922,4323300,0.0,0.0
2022-02-08,12.446568207560306,12.65886000350627,12.194963782593533,12.478018760681152,4993400,0.0,0.0
2022-02-09,12.493744177407828,12.855425906421834,12.360079141695675,12.46229362487793,4445400,0.0,0.0
2022-02-10,12.501606819638528,12.674585991151567,12.234277485941194,12.399393081665039,4836100,0.0,0.0
2022-02-11,12.501606268510901,12.894738550537538,12.281452400531274,12.470155715942383,6609300,0.0,0.0
2022-02-14,12.47801869836157,12.80038780354064,12.320765933542711,12.517332077026367,5603000,0.0,0.0
2022-02-15,12.690310854544116,13.107031655101707,12.63527256949856,13.051993370056152,7899800,0.0,0.0
2022-02-16,13.177794140910544,13.240695245414722,12.800387513885479,13.083441734313965,6408000,0.0,0.0
2022-02-17,13.075579381112044,13.217107246278925,12.674585762713455,12.75321102142334,4727000,0.0,0.0
2022-02-18,12.831838219834154,13.036267198787485,12.698173175890851,12.768937110900879,5215600,0.0,0.0
2022-02-21,12.76893698423642,12.839700918544489,12.257865291763157,12.367941856384277,5115200,0.0,0.0
2022-02-22,12.525195598378387,12.79252568833816,12.30504096556424,12.375804901123047,5804400,0.0,0.0
2022-02-23,12.478019018465828,12.729624198470871,12.0691618194482,12.139925003051758,5716700,0.0,0.0
2022-02-24,11.738931828058227,12.312904680413443,11.345799490881092,12.108475685119629,7400200,0.0,0.0
2022-02-25,12.029847988029896,12.218551303567228,11.691753985311935,11.93549633026123,5873800,0.0,0.0
2022-03-02,11.786105780958595,12.037710954458724,11.589539637514294,11.683891296386719,4574200,0.0,0.0
2022-03-03,11.691755744809981,12.194965411811458,11.68389291801923,11.715343475341797,6998400,0.0,0.0
2022-03-04,11.778242970643591,11.778242970643591,11.275034122666714,11.330072402954102,5955000,0.0,0.0
2022-03-07,11.243584080598056,11.369386298308969,10.64602279663086,10.64602279663086,10831300,0.0,0.0
2022-03-08,10.858314076055832,11.172819605116835,10.661747932932622,10.842588424682617,11868300,0.0,0.0
2022-03-09,10.936942187763083,11.550228462353783,10.92121728320459,11.471602439880371,9616800,0.0,0.0
2022-03-10,11.345798764441227,11.581677551772508,10.936940800031637,11.49518871307373,12470200,0.0,0.0
2022-03-11,11.550226995373448,11.691754867626969,10.87403968874956,11.007704734802246,10405600,0.0,0.0
2022-03-14,11.102056114720051,11.290759439654131,10.811138301319922,11.039155006408691,7841700,0.0,0.0
2022-03-15,10.952665857442499,11.51877581609266,10.921215304184157,11.4165620803833,11051300,0.0,0.0
2022-03-16,11.565952940143163,11.911909053480947,11.542365210784777,11.770381927490234,9209000,0.0,0.0
2022-03-17,11.77824410209951,11.80183258149466,11.306485761802568,11.558090209960938,9275000,0.0,0.0
2022-03-18,11.361522789042684,12.698172396605296,11.306484509563852,12.643134117126465,13751100,0.0,0.0
2022-03-21,12.391529696834299,12.82397460675138,12.273589562442105,12.643134117126465,7716300,0.0,0.0
2022-03-22,12.713899198810639,13.232833737563663,12.635272435430926,13.012679100036621,9472100,0.0,0.0
2022-03-23,13.012678040455897,13.66527757391111,12.918327131827555,13.39008617401123,13747700,0.0,0.0
2022-03-24,13.397951361520242,13.869708987186543,13.358637226260772,13.853984832763672,7973400,0.0,0.0
2022-03-25,13.924743668575475,14.915437125183773,13.924743668575475,14.797497749328613,14887500,0.0,0.0
2022-03-28,14.781773316570648,14.821087444880217,14.223526191700634,14.577345848083496,5721200,0.0,0.0
2022-03-29,14.852537407993319,15.072692029858747,14.152762413024902,14.152762413024902,8224900,0.0,0.0
2022-03-30,14.239253103095896,14.27070290884598,13.578790685855482,13.893296241760254,10074000,0.0,0.0
2022-03-31,13.869708467857455,14.121312925373468,13.649555317371377,13.751769065856934,8299400,0.0,0.0
2022-04-01,13.869707669190468,14.21566452819399,13.618103226162733,14.10558795928955,8917400,0.0,0.0
2022-04-04,14.152764762331056,14.176353243486739,13.72031977224331,13.853984832763672,5605100,0.0,0.0
2022-04-05,13.901157844843276,13.979784601820665,13.350772045682211,13.39008617401123,4661400,0.0,0.0
2022-04-06,13.311460380370205,13.311460380370205,12.761074541378296,12.910465240478516,8756000,0.0,0.0
2022-04-07,12.855426305549125,12.941914390391178,12.564507748314895,12.706035614013672,15026000,0.0,0.0
2022-04-08,12.61954787330829,12.65099918125028,12.202828540843274,12.43870735168457,9000500,0.0,0.0
2022-04-11,12.26572790419663,12.31290335968704,12.053436104968757,12.179238319396973,4667000,0.0,0.0
2022-04-12,12.580234789668364,12.753212478141197,11.998399110607904,12.108475685119629,8739100,0.0,0.0
2022-04-13,12.242139710801982,12.320766471565044,11.998398102149144,12.147788047790527,5311700,0.0,0.0
2022-04-14,12.218551416029076,12.29717817314682,11.966946992996819,12.029848098754883,5329400,0.0,0.0
2022-04-18,12.029849720590839,12.218553063305572,11.95122295287282,12.061300277709961,4024400,0.0,0.0
2022-04-19,12.006261258370305,12.132063479178523,11.833282829838815,12.069162368774414,3887200,0.0,0.0
2022-04-20,12.077023788048844,12.210688827844569,11.959084399918659,12.045573234558105,3052400,0.0,0.0
2022-04-22,11.856870092115198,11.89618347203056,11.628853388414536,11.738930702209473,5416000,0.0,0.0
2022-04-25,12.200454711914062,12.200454711914062,12.200454711914062,12.200454711914062,0,0.564779,0.0
2022-04-26,11.922614442360253,11.996160508695878,11.489510781998154,11.57122802734375,8111400,0.0,0.0
2022-04-27,11.726491928100586,11.987988355877441,11.63660194656167,11.726491928100586,7722400,0.0,0.0
2022-04-28,11.816381188992054,12.037018606194128,11.644773962581182,11.963473320007324,4477600,0.0,0.0
2022-04-29,12.102393548561208,12.257656859210035,11.563055992126465,11.563055992126465,7491700,0.0,0.0
2022-05-02,11.563055270803924,11.66928838380858,11.326073950815315,11.587571144104004,10505500,0.0,0.0
2022-05-03,11.554885545762325,11.783694936764492,11.47316751645825,11.734663963317871,5710600,0.0,0.0
2022-05-04,11.636601581726453,12.151423242261872,11.293387141369507,12.110564231872559,7174900,0.0,0.0
2022-05-05,11.930787784267661,12.012505039089755,11.448653097329862,11.669290542602539,5674400,0.0,0.0
2022-05-06,11.628431519825488,11.70197759465394,11.334247999832616,11.415966033935547,6957800,0.0,0.0
2022-05-09,11.268872715489323,11.571228163396855,11.129952539515479,11.391448974609375,4369500,0.0,0.0
2022-05-10,11.587572492712079,11.832725019678426,11.538541519726284,11.685633659362793,8171400,0.0,0.0
2022-05-11,11.636603587650853,11.808210837411083,11.358763204294203,11.464996337890625,3681100,0.0,0.0
2022-05-12,11.35876173155761,11.800037348109553,11.24435743276467,11.75917911529541,5078500,0.0,0.0
2022-05-13,11.824554236584683,12.118737746396466,11.759180123293177,11.783695220947266,6322000,0.0,0.0
2022-05-16,11.78369503894933,12.314859896069267,11.554885645962994,12.192283630371094,6617200,0.0,0.0
2022-05-17,12.339375076488675,12.576356414970178,12.257657051086426,12.257657051086426,7051700,0.0,0.0
2022-05-18,12.249485504507167,12.2576574631863,11.579400479235662,11.661118507385254,8982100,0.0,0.0
2022-05-19,11.66928950575559,11.955301820522301,11.489511093528206,11.873583793640137,5288900,0.0,0.0
2022-05-20,12.053362978698244,12.175939239634626,11.889927704342778,12.086050033569336,4726200,0.0,0.0
2022-05-23,12.241314028726414,12.241314028726414,11.979817575245542,12.037019729614258,5337900,0.0,0.0
2022-05-24,11.873582704661816,11.996159733742985,11.57939923764443,11.840895652770996,5280200,0.0,0.0
2022-05-25,11.767351715981611,11.800038773774634,11.579401328501957,11.669290542602539,6152000,0.0,0.0
2022-05-26,11.636601929415956,12.053362445061875,11.636601929415956,11.955301284790039,4117100,0.0,0.0
2022-05-27,12.00433233467833,12.037019390442401,11.612087665509454,11.693805694580078,2711700,0.0,0.0
2022-05-30,11.832723748265929,11.857239621785062,11.17898270750489,11.424135208129883,7971600,0.0,0.0
2022-05-31,11.505854000188261,11.546713012808588,11.154467582702637,11.154467582702637,5414700,0.0,0.0
2022-06-01,11.178983401486372,11.277044563688078,10.991032256109134,11.129952430725098,6652000,0.0,0.0
2022-06-02,11.309731001417132,11.399620200373194,11.187153970854359,11.203497886657715,3178200,0.0,0.0
2022-06-03,11.154466861101445,11.268871933173134,11.015546694771821,11.178982734680176,3756200,0.0,0.0
2022-06-06,11.187155177065916,11.317904179627872,10.737708354504953,10.803082466125488,5140300,0.0,0.0
2022-06-07,10.71319138982278,10.71319138982278,10.476210064442622,10.557928085327148,6927600,0.0,0.0
2022-06-08,10.492554747731685,10.631474925802966,10.288260459899902,10.288260459899902,5924300,0.0,0.0
2022-06-09,10.255573796966445,10.721364541641792,10.19019968470748,10.386322021484375,7921800,0.0,0.0
2022-06-10,10.304604021650189,10.36997813410043,9.953218362060367,9.961389541625977,6455200,0.0,0.0
2022-06-13,9.806125849709952,9.92870211110298,9.560972547603031,9.84698486328125,8599500,0.0,0.0
2022-06-14,9.887843932507648,10.010420194590614,9.765266891103813,9.871500015258789,6335200,0.0,0.0
2022-06-15,10.018592068723846,10.19837048101993,9.904186986909268,10.075794219970703,9765100,0.0,0.0
2022-06-17,9.92870284213321,10.018592834472656,9.716237358696617,10.018592834472656,9367200,0.0,0.0
2022-06-20,9.994076298807876,10.043107271338895,9.765266912078477,9.855156898498535,6293300,0.0,0.0
2022-06-21,9.896014901813107,10.002248023713767,9.699892574913822,9.83064079284668,7078100,0.0,0.0
2022-06-22,9.699891900302703,10.059450253932233,9.699891900302703,9.896014213562012,6172900,0.0,0.0
2022-06-23,9.928701265771895,10.092137306142117,9.797953056932357,9.896014213562012,4701500,0.0,0.0
2022-06-24,9.96956075590583,10.092137792085667,9.740751379419303,9.78978157043457,4177800,0.0,0.0
2022-06-27,9.822470174386957,9.87967232816749,9.67537803115599,9.732580184936523,4421500,0.0,0.0
2022-06-28,9.773438395618939,9.88784347308267,9.454739037961936,9.536457061767578,6821600,0.0,0.0
2022-06-29,9.593658851548302,9.83064017652451,9.569143757053054,9.691720008850098,10661600,0.0,0.0
2022-06-30,9.552800651082439,9.78978199615043,9.438396347524638,9.65903377532959,6526000,0.0,0.0
2022-07-01,9.601831486381428,9.985904964046526,9.51194228068145,9.838812828063965,4807300,0.0,0.0
2022-07-04,9.789782469891357,9.928702656066255,9.74892423339831,9.765267372131348,4582200,0.0,0.0
2022-07-05,9.66720523980301,10.018591649787867,9.610003090948108,9.994075775146484,6581400,0.0,0.0
2022-07-06,9.969561096711638,10.280088507933321,9.904186986909268,10.075794219970703,7936700,0.0,0.0
2022-07-07,10.271917343139648,10.435353409595946,10.108482056004274,10.271917343139648,5729100,0.0,0.0
2022-07-08,10.304603708622809,10.435352708872365,10.206542542926293,10.33729076385498,3320700,0.0,0.0
2022-07-11,10.157512566845849,10.288260790569156,9.961389451939999,10.16568374633789,4913100,0.0,0.0
2022-07-12,10.190197950104364,10.73770663156545,10.092136798408152,10.64781665802002,9582200,0.0,0.0
2022-07-13,10.541585100385365,11.040063669025868,10.533413921031931,10.574272155761719,10363000,0.0,0.0
2022-07-14,10.4680391011028,10.4680391011028,9.945045471191406,9.945045471191406,7715000,0.0,0.0
2022-07-15,10.018592342355163,10.075794495164347,9.814298048812786,9.928702354431152,4832500,0.0,0.0
2022-07-18,10.034935213217576,10.034935213217576,9.846984842240424,9.863327980041504,5958100,0.0,0.0
2022-07-19,9.896015320078073,10.043107461129958,9.863328264213308,9.912359237670898,3684300,0.0,0.0
2022-07-20,9.830640507474747,10.051278703322215,9.789781495726606,9.994075775146484,4160000,0.0,0.0
2022-07-21,9.94504607597162,10.271916627468448,9.887843924289891,10.083966255187988,4412400,0.0,0.0
2022-07-22,10.18202812147039,10.18202812147039,9.90418774391378,10.018592834472656,3870100,0.0,0.0
2022-07-25,10.08396687267594,10.15751294609651,9.969561782986064,10.010420799255371,3107000,0.0,0.0
2022-07-26,10.043107057954341,10.043107057954341,9.699892595492042,9.814297676086426,4399600,0.0,0.0
2022-07-27,9.87967110706233,10.141167525533993,9.781609950135456,10.092137336730957,3183600,0.0,0.0
2022-07-28,10.108482033821913,10.557929656948605,10.043107919111222,10.484383583068848,5072300,0.0,0.0
2022-07-29,10.500726840901306,10.508898020235478,10.288260591795428,10.320947647094727,2880900,0.0,0.0
2022-08-01,10.320946835418978,10.598787173273108,10.280087824677933,10.566100120544434,8546000,0.0,0.0
2022-08-02,10.566100600561452,10.598787654775094,10.198370266506906,10.247401237487793,4632200,0.0,0.0
2022-08-03,10.263744340268435,11.01554652755907,10.157511227668909,10.950172424316406,8764900,0.0,0.0
2022-08-04,11.293387605418664,12.486466237749958,11.138124294744415,12.200454711914062,15927000,0.0,0.0
2022-08-05,12.14325199499754,12.290344129279239,11.685633233953574,12.028847694396973,7492800,0.0,0.0
2022-08-08,12.167768757865696,12.257657969083448,11.971645638076472,12.020676612854004,6528100,0.0,0.0
2022-08-09,12.053362790336973,12.200454924618672,11.800037534554141,12.028847694396973,5774100,0.0,0.0
2022-08-10,12.363889539751808,12.747962992576944,12.306687392489632,12.347545623779297,6685300,0.0,0.0
2022-08-11,12.257657157714464,12.461951443676373,11.734663505096472,11.824553489685059,5595400,0.0,0.0
2022-08-12,11.930787964345681,12.069708156893064,11.726493655225521,11.922616004943848,5564200,0.0,0.0
2022-08-15,11.840897195881146,12.658074378967285,11.751007986297191,12.658074378967285,12415800,0.0,0.0
2022-08-16,12.6907601522697,12.821508363655429,12.28217160202889,12.568183898925781,4892400,0.0,0.0
2022-08-17,12.50281047821045,12.658073792907038,12.249485220281342,12.50281047821045,5951500,0.0,0.0
2022-08-18,12.535497559167817,12.625386764778698,12.004331946046639,12.274001121520996,4534200,0.0,0.0
2022-08-19,12.00433162916839,12.110564748988391,11.497681904941272,11.546712875366211,9037000,0.0,0.0
2022-08-22,11.473166522797136,11.603914734903185,11.2607002884644,11.497681617736816,4502900,0.0,0.0
2022-08-23,11.505853732673243,11.816381130318673,11.44047962572903,11.726491928100586,4264800,0.0,0.0
2022-08-24,11.685632843638386,12.118736494276131,11.677460885491058,11.9307861328125,5379600,0.0,0.0
2022-08-25,12.012503105150186,12.118736220704864,11.832723926571438,11.865411758422852,4860100,0.0,0.0
2022-08-26,11.930786752393608,12.02884791729153,11.579400327018735,11.644774436950684,3674000,0.0,0.0
2022-08-29,11.554884425513723,12.11873627921944,11.456823267448415,11.88992691040039,5536600,0.0,0.0
2022-08-30,11.881755485932157,12.298516010914382,11.74283531093808,11.808209419250488,4123000,0.0,0.0
2022-08-31,11.85724033435544,11.979816592034256,11.57122802734375,11.57122802734375,4948400,0.0,0.0
2022-09-01,11.620258725674285,12.445607014722324,11.620258725674285,12.372061729431152,8226100,0.0,0.0
2022-09-02,12.478295129052118,13.818465121325687,12.42109220010619,13.344502449035645,21638300,0.0,0.0
2022-09-05,13.442564157476623,13.68771666837899,13.230097920661802,13.319986343383789,9554200,0.0,0.0
2022-09-06,13.172895552540663,13.29547180594948,12.527324894670393,12.78065013885498,7276300,0.0,0.0
2022-09-08,12.862369156338458,13.385362074330395,12.854197197164604,13.21375560760498,8515600,0.0,0.0
2022-09-09,13.319986942864436,14.096305860063767,13.262784791655548,13.67137336730957,16739800,0.0,0.0
2022-09-12,13.810293005575751,13.932869261752485,13.516110302479923,13.540624618530273,4715600,0.0,0.0
2022-09-13,13.319987263412287,13.3853613747445,13.10752257056391,13.279129028320312,4685200,0.0,0.0
2022-09-14,13.238269838741928,13.29547198720309,12.976772632946282,13.066661834716797,5044100,0.0,0.0
2022-09-15,13.066661834716797,13.40170432596787,12.976772632946282,13.066661834716797,6626600,0.0,0.0
2022-09-16,12.829681527759998,13.074834836814446,12.55184116278635,12.8623685836792,15679600,0.0,0.0
2022-09-19,12.747964845188182,13.344503837102964,12.747964845188182,13.21375560760498,8099800,0.0,0.0
2022-09-20,13.197410015221823,13.409876250866068,13.017631612126683,13.238269805908203,7013800,0.0,0.0
2022-09-21,13.246440584073131,13.663201109138067,13.115692367422369,13.35267448425293,9827300,0.0,0.0
2022-09-22,13.589654998260361,14.006415521970363,13.507938532100571,13.810293197631836,17290400,0.0,0.0
2022-09-23,13.556970236561442,13.744920623532009,13.230099659516574,13.695890426635742,8420300,0.0,0.0
2022-09-26,13.646859265129992,13.720405334596816,13.066662668074125,13.230098724365234,10211600,0.0,0.0
2022-09-27,13.442565367083894,13.646859664099503,13.042147952649415,13.132037162780762,7210900,0.0,0.0
2022-09-28,13.483422363060209,14.341457708161926,13.352674149685502,14.202537536621094,26393300,0.0,0.0
2022-09-29,13.973729586312244,14.243397983651526,13.70406118897296,14.096305847167969,10791300,0.0,0.0
2022-09-30,14.022758967826508,15.1341203270711,13.892010755990867,14.995200157165527,21781900,0.0,0.0
2022-10-03,15.608084146315997,16.809334016453338,15.608084146315997,16.368059158325195,29880900,0.0,0.0
2022-10-04,16.531494218296867,16.85836478333313,15.75517682116596,16.073875427246094,17780600,0.0,0.0
2022-10-05,16.163765983262525,16.384402648238744,16.01667383418381,16.171937942504883,6730500,0.0,0.0
2022-10-06,16.31902889886916,16.36806065542276,15.992158315054619,16.033018112182617,8687500,0.0,0.0
2022-10-07,15.926783190799476,16.057531416054456,15.697973017282367,15.812378883361816,7157700,0.0,0.0
2022-10-10,15.845062704147074,16.00032678205992,15.411959859617657,15.681628227233887,5447400,0.0,0.0
2022-10-11,15.63259840055006,15.722488387004846,15.044231405875736,15.256697654724121,9328300,0.0,0.0
2022-10-13,15.117778884231848,15.493679665097075,14.856282417779187,15.16680908203125,13938400,0.0,0.0
2022-10-14,15.240354582193946,15.428304965524848,15.085090476613631,15.20766830444336,11203100,0.0,0.0
2022-10-17,15.436475836194552,15.567224055261477,15.191323315104496,15.232181549072266,7803500,0.0,0.0
2022-10-18,15.47733554617553,15.812378050576056,15.240353426230826,15.43647575378418,10222800,0.0,0.0
2022-10-19,15.403788588548753,15.559052673381983,14.88896614465391,15.01971435546875,6531800,0.0,0.0
2022-10-20,15.076919790902256,15.183152139884033,14.267913000556494,14.496723175048828,17586400,0.0,0.0
2022-10-21,14.349631667719413,14.987030465802496,14.292429511220009,14.856282234191895,8735600,0.0,0.0
2022-10-24,14.741877532139876,14.872625760299899,14.480379517178006,14.562097549438477,5780400,0.0,0.0
2022-10-25,14.56209590629332,14.766390184571604,14.178023224241143,14.415003776550293,6517700,0.0,0.0
2022-10-26,14.300599553080271,14.308771511290459,13.573312417431806,13.71223258972168,8535500,0.0,0.0
2022-10-27,13.712232811657211,14.668330116740606,13.712232811657211,14.447691917419434,6863500,0.0,0.0
2022-10-28,14.406832878664884,14.709189118571224,14.202538585351395,14.602956771850586,10852200,0.0,0.0
2022-10-31,14.300600138005901,15.411961561781995,14.202538194114359,15.199495315551758,10737200,0.0,0.0
2022-11-01,15.34658737461172,15.452819717869808,14.741876473150828,15.191323280334473,7776100,0.0,0.0
2022-11-03,14.668331269635633,15.19949613450985,14.660159310650885,14.970685958862305,5821500,0.0,0.0
2022-11-04,15.248526902613836,15.395619052581472,14.962514561970307,15.068748474121094,8003600,0.0,0.0
2022-11-07,15.027886405153778,15.085088552904034,14.047274818060185,14.14533519744873,15914600,0.0,0.0
2022-11-08,14.055447578430176,14.4722065525834,13.810293498681654,14.055447578430176,6750900,0.0,0.0
2022-11-09,13.916526264517806,14.325114805428164,13.916526264517806,14.071788787841797,5584700,0.0,0.0
2022-11-10,13.51611027513494,13.51611027513494,12.323030872779068,12.42109203338623,21172900,0.0,0.0
2022-11-11,12.429265288315845,12.870540946745718,11.677462199239628,11.832725524902344,18183100,0.0,0.0
2022-11-14,11.930786046702048,12.543668875553438,11.9226140886137,12.363889694213867,10174600,0.0,0.0
2022-11-16,12.314859313182152,12.331203230139462,11.4404800183084,11.61208724975586,10423400,0.0,0.0
2022-11-17,11.440480106109844,11.52219813288183,10.378149654678328,11.195326805114746,25384100,0.0,0.0
2022-11-18,11.383277605559153,11.996160449574397,11.048235108855485,11.121780395507812,12838300,0.0,0.0
2022-11-21,11.358761765794748,12.077877731847083,11.309731574541656,12.012503623962402,11414000,0.0,0.0
2022-11-22,12.028847780316955,12.143252081734692,11.407792963714638,11.61208724975586,6557400,0.0,0.0
2022-11-23,11.563055738664405,11.57122769676175,11.056406026441314,11.268872261047363,10773800,0.0,0.0
2022-11-24,11.391449433734044,11.947130160025761,11.334247281081971,11.710148811340332,4613700,0.0,0.0
2022-11-25,11.742834979476923,11.767350074571885,11.12995214685712,11.293387413024902,4604800,0.0,0.0
2022-11-28,11.3179029010098,11.44047915162027,11.121779808983934,11.178982734680176,3471400,0.0,0.0
2022-11-29,11.178984944040666,11.889929052594697,11.113610826885417,11.718321800231934,6974200,0.0,0.0
2022-11-30,11.701976907460418,11.816381992621945,11.260701263724366,11.734663963317871,10468100,0.0,0.0
2022-12-01,11.734664076175253,11.80003818851889,11.375106458285252,11.514026641845703,11080300,0.0,0.0
2022-12-02,11.595743768665399,12.274001540792145,11.505854559983968,11.94713020324707,8584900,0.0,0.0
2022-12-05,11.80820930549622,11.824553222077295,11.007376096723634,11.121780395507812,9161100,0.0,0.0
2022-12-06,11.162639881849728,11.33424711663703,11.048235578205439,11.22801399230957,6349200,0.0,0.0
2022-12-07,11.187155369480807,11.563056907424697,11.187155369480807,11.326075553894043,5321500,0.0,0.0
2022-12-08,11.285217123817604,11.285217123817604,10.696849339911896,10.803082466125488,7246900,0.0,0.0
2022-12-09,10.868456177574748,10.933830286788242,10.647817974488568,10.705020904541016,5962000,0.0,0.0
2022-12-12,10.63964674708346,10.91748632032055,10.116653096426106,10.255573272705078,9229000,0.0,0.0
2022-12-13,10.361806920122238,10.55792925682162,9.871500299052894,9.920531272888184,9172600,0.0,0.0
2022-12-14,9.863327637580223,10.402664414744358,9.462911033845739,10.214714050292969,14272600,0.0,0.0
2022-12-15,10.14116850752875,10.606959242865285,10.034935382407618,10.345462799072266,9190500,0.0,0.0
2022-12-16,10.043107405358564,10.19837072502377,9.724408027956242,9.88784408569336,18249000,0.0,0.0
2022-12-19,9.969561742450988,10.598788564205574,9.896015669329449,10.43535327911377,9218600,0.0,0.0
2022-12-20,10.410837158086277,11.228014343731747,10.247401876821362,10.623303413391113,10515200,0.0,0.0
2022-12-21,10.762222436916474,10.852111637090124,10.198369803195844,10.566100120544434,10116200,0.0,0.0
2022-12-22,10.615131399795398,10.754051582984912,10.410837104436807,10.598788261413574,5101000,0.0,0.0
2022-12-23,10.64781828050857,11.301560170753001,10.64781828050857,11.007376670837402,7013200,0.0,0.0
2022-12-26,10.991032820379104,11.048235752424146,10.6886773599043,10.819425582885742,1345200,0.0,0.0
2022-12-27,10.884800038812303,10.917487095592003,10.255574000972826,10.427181243896484,5889300,0.0,0.0
2022-12-28,10.492554487876365,11.097265377845353,10.468039392153525,10.917486190795898,6803200,0.0,0.0
2022-12-29,10.925659068380515,11.260701595624743,10.582444582100843,10.680505752563477,6274300,0.0,0.0
2023-01-02,10.533413754689265,10.590615905864338,10.173855371906601,10.500726699829102,5573000,0.0,0.0
2023-01-03,10.517069631802322,10.721363915510961,10.002247943338045,10.034934997558594,7862400,0.0,0.0
2023-01-04,10.214714985167973,10.459868300676186,10.010420685464615,10.427181243896484,8608300,0.0,0.0
2023-01-05,10.500726618418636,10.737707959147762,10.337290566064048,10.705020904541016,7611700,0.0,0.0
2023-01-06,10.721363280949896,11.309731001417132,10.623302124092158,11.203497886657715,11356700,0.0,0.0
2023-01-09,11.064580091585693,11.30156146629173,10.843942636186746,11.097267150878906,8026900,0.0,0.0
2023-01-10,11.048235387900577,11.514026111733964,10.827597184408432,11.383277893066406,7487500,0.0,0.0
2023-01-11,11.383277681934999,11.603915102014014,11.195326536595768,11.554884910583496,4208100,0.0,0.0
2023-01-12,11.47316760524298,11.775523069094405,11.268873309722755,11.530369758605957,5294000,0.0,0.0
2023-01-13,11.41596433163996,11.489510395501563,11.129952034249463,11.244357109069824,3939500,0.0,0.0
2023-01-16,11.154467526445314,11.350590630169568,10.991032256109134,11.129952430725098,2715200,0.0,0.0
2023-01-17,11.170811031936971,11.587571540443722,11.13812397907296,11.473166465759277,8380500,0.0,0.0
2023-01-18,11.849069180728836,12.298516788275833,11.677461940731654,11.767351150512695,14913900,0.0,0.0
2023-01-19,11.644775035372588,11.881756390884528,11.317904468915051,11.783695220947266,10520800,0.0,0.0
2023-01-20,11.775521886139002,11.914442055482665,11.595742705931764,11.70197582244873,5827800,0.0,0.0
2023-01-23,11.70197548740481,12.10239284721835,11.628429425820267,11.840895652770996,5692400,0.0,0.0
2023-01-24,11.873584187307324,12.094222399611882,11.71832086626851,11.97164535522461,5232800,0.0,0.0
2023-01-25,11.95530132343285,12.372061840425852,11.873583299948441,12.208625793457031,6379900,0.0,0.0
2023-01-26,12.2494853568919,12.478295521225077,12.135081054046177,12.323031425476074,9617600,0.0,0.0
2023-01-27,12.28217265192078,12.41292087448299,11.930786998615053,12.13508129119873,6078600,0.0,0.0
2023-01-30,12.175939162342846,12.331203256485582,12.00433193052874,12.07787799835205,4223200,0.0,0.0
2023-01-31,12.175939698263235,12.527326135853732,12.126909503770216,12.404749870300293,6699600,0.0,0.0
2023-02-01,12.388405211476307,12.429264223990105,11.971644686613084,12.233141899108887,5395800,0.0,0.0
2023-02-02,12.135081054046177,12.837853126244426,12.135081054046177,12.323031425476074,19225300,0.0,0.0
2023-02-03,12.17594001249457,12.241314126386335,11.751008272198092,11.832725524902344,7651800,0.0,0.0
2023-02-06,11.358761391074832,11.554884487579711,11.301559243393015,11.473166465759277,16369200,0.0,0.0
2023-02-07,11.51402731467395,11.644775547001565,11.350592024264431,11.464996337890625,11334800,0.0,0.0
2023-02-08,11.546712801677945,12.05336252267175,11.497681831565911,11.963473320007324,8677600,0.0,0.0
2023-02-09,11.947130518560433,12.298516962416034,11.800038373816992,12.037019729614258,12022000,0.0,0.0
2023-02-10,11.987990022137758,12.49463981103718,11.930787865441014,12.380234718322754,6537100,0.0,0.0
2023-02-13,12.421091496400475,12.960428246083797,12.363889350016121,12.731618881225586,5976800,0.0,0.0
2023-02-14,12.85419508081554,12.85419508081554,12.372061258751755,12.478294372558594,14280700,0.0,0.0
2023-02-15,12.453780104528406,12.862368696771366,12.224970711082198,12.641731262207031,11542900,0.0,0.0
2023-02-16,12.527324755578258,12.53549671353366,12.020675052155278,12.094221115112305,10806400,0.0,0.0
2023-02-17,11.99616149324855,12.224970890044313,11.93895855955893,12.037019729614258,3921200,0.0,0.0
2023-02-22,11.95530125150768,12.412919998168945,11.947129293344238,12.412919998168945,11869400,0.0,0.0
2023-02-23,12.306687811915372,12.609043253824181,12.306687811915372,12.429264068603516,4384700,0.0,0.0
2023-02-24,12.380233464824373,12.453779532742757,12.151424081883405,12.274001121520996,3696100,0.0,0.0
2023-02-27,12.331204520960098,12.519154909718507,12.1350821728676,12.380234718322754,3605600,0.0,0.0
2023-02-28,12.380235083493874,12.51915527898726,12.224971748171187,12.241314888000488,3464000,0.0,0.0
2023-03-01,12.314858641150094,12.339374515248204,11.816380890967366,12.143251419067383,4511300,0.0,0.0
2023-03-02,12.151424143311523,12.412920582280266,11.938957896988988,12.086050033569336,5315800,0.0,0.0
2023-03-03,12.086050704302373,12.159596776674094,11.93895855955893,12.037019729614258,1720800,0.0,0.0
2023-03-06,12.02884772593774,12.38023336640194,12.012503809054321,12.282172203063965,2369700,0.0,0.0
2023-03-07,12.30668799914102,12.658073637342495,12.257657028127339,12.486466407775879,9260500,0.0,0.0
2023-03-08,12.560012064036385,13.107521568393944,12.380232881957847,13.042146682739258,9278600,0.0,0.0
2023-03-09,12.935914141718088,13.695889135875197,12.919571004066558,13.409876823425293,8714600,0.0,0.0
2023-03-10,13.377190794666204,13.377190794666204,12.919571242176522,13.00946044921875,3484800,0.0,0.0
2023-03-13,12.919570899033767,13.369018480949356,12.731619751983605,13.148380279541016,3788200,0.0,0.0
2023-03-14,13.197410966642929,13.45073545259445,12.7724792440413,12.829681396484375,5274100,0.0,0.0
2023-03-15,12.698932153828805,12.91139838771911,12.42109181402161,12.821508407592773,7137500,0.0,0.0
2023-03-16,12.878712304076613,13.140208747425701,12.805166234554463,13.017632484436035,6079100,0.0,0.0
2023-03-17,12.993116165292575,12.993116165292575,11.922614552347632,12.045190811157227,14403400,0.0,0.0
2023-03-20,12.020675958719822,12.143252220012009,11.595743464841291,11.644774436950684,5106000,0.0,0.0
2023-03-21,11.701976455058489,11.759179385088212,11.489510989859468,11.61208724975586,2312800,0.0,0.0
2023-03-22,11.587571887500186,11.971644575325378,11.497681904941272,11.546712875366211,4044600,0.0,0.0
2023-03-23,11.57122778922597,11.644773854048132,10.639646379667447,10.835768699645996,8948600,0.0,0.0
2023-03-24,10.87662900517253,11.178984479275385,10.631475686372102,10.7131929397583,7808200,0.0,0.0
2023-03-27,10.745878886672296,11.162639407639663,10.745878886672296,11.121780395507812,4219100,0.0,0.0
2023-03-28,11.072749118980498,11.260699465313674,10.860282900178921,11.089092254638672,4772400,0.0,0.0
2023-03-29,11.170810270891819,11.211669279018393,10.925657001453136,11.089092254638672,4524500,0.0,0.0
2023-03-30,11.366933800193403,11.881755487721781,11.350590662773262,11.595743179321289,5998000,0.0,0.0
2023-03-31,11.59574381567426,11.669289886403076,11.293388353260918,11.505854606628418,6000100,0.0,0.0
2023-04-03,11.41596479588022,11.41596479588022,11.154467582702637,11.154467582702637,4156900,0.0,0.0
2023-04-04,11.154468516353292,11.481339865354824,11.080923222665836,11.366934776306152,4220900,0.0,0.0
2023-04-05,11.350591637482577,11.505854963250645,11.25253046657839,11.366934776306152,4261700,0.0,0.0
2023-04-06,11.317903554399486,11.481338824422266,11.228013571396326,11.35876178741455,1921100,0.0,0.0
2023-04-10,11.383277662408599,11.603915082109141,11.195326517391772,11.35876178741455,4009100,0.0,0.0
2023-04-11,11.636602094096931,12.633558406617396,11.620258956814084,12.453779220581055,10295400,0.0,0.0
2023-04-12,12.494638341788823,13.270956462858178,12.421092275072207,12.927742004394531,9785000,0.0,0.0
2023-04-13,12.960429212448593,13.16472427759864,12.796993939649408,12.944086074829102,5869000,0.0,0.0
2023-04-14,12.88688373693988,12.9604290241403,12.551840458418491,12.674417495727539,5393400,0.0,0.0
2023-04-17,12.72344711516725,12.870539241596727,12.551839894106461,12.78882122039795,2716000,0.0,0.0
2023-04-18,12.837853310265348,12.911399379903749,12.35571865758772,12.592700004577637,3670900,0.0,0.0
2023-04-19,12.429264088446947,12.453779183959547,11.938957502269929,12.200454711914062,6345800,0.0,0.0
2023-04-20,12.143253711061798,12.274002726301012,11.849070180245725,12.241314888000488,5347000,0.0,0.0
2023-04-24,12.241313419279457,12.437436528946815,12.053363047527618,12.30668830871582,2852400,0.0,0.0
2023-04-25,12.216797637815448,12.290343702401842,12.004331402192719,12.159595489501953,2716900,0.0,0.0
2023-04-26,12.167767983167588,12.290344243325869,11.947129779697656,12.07787799835205,5565500,0.0,0.0
2023-04-27,12.012503548950496,12.494638176079969,11.938957483209277,12.429264068603516,3420100,0.0,0.0
2023-04-28,12.519153119905528,12.772478367798815,12.380232948370633,12.625386238098145,8667500,0.0,0.0
2023-05-02,12.510982092609499,12.560012283556423,12.053362560953488,12.429264068603516,6386400,0.0,0.0
2023-05-03,12.472639595201725,12.658672411574504,12.303519219603546,12.599479675292969,3440500,0.511295,0.0
2023-05-04,12.658671805342074,13.2759613483204,12.658671805342074,13.140665054321289,6957200,0.0,0.0
2023-05-05,13.242138130574789,13.622659990074872,13.199857834360383,13.50427532196045,6537100,0.0,0.0
2023-05-08,13.61420363090274,13.918619502543567,13.445082447767398,13.512730598449707,3496900,0.0,0.0
2023-05-09,13.44508344191784,13.791780441407388,13.394347728369414,13.555012702941895,4148200,0.0,0.0
2023-05-10,13.50427508636391,13.952444282986846,13.50427508636391,13.87633991241455,4560500,0.0,0.0
2023-05-11,13.825604521301768,14.223037211217001,13.656483335500857,14.096197128295898,4330200,0.0,0.0
2023-05-12,13.952444066624649,14.273772371834365,13.30978584334612,13.943987846374512,8819900,0.0,0.0
2023-05-15,14.020090890884523,14.24840397748561,13.910163263738971,14.121563911437988,3871200,0.0,0.0
2023-05-16,14.104653586834296,14.425981909846229,13.969357281054618,14.045461654663086,5962000,0.0,0.0
2023-05-17,14.197670899991401,14.282229884425977,13.935532887094634,14.163846015930176,5095200,0.0,0.0
2023-05-18,14.104653244982089,14.544367034538356,14.037005093731828,14.459806442260742,5031800,0.0,0.0
2023-05-19,14.561277615461508,14.891063758458637,14.43443753562836,14.50208568572998,5281400,0.0,0.0
2023-05-22,14.485174485091113,14.950256968108015,14.459807434668239,14.705031394958496,4448700,0.0,0.0
2023-05-23,14.671206965579222,15.09400830975811,14.645838304299202,14.781134605407715,7990900,0.0,0.0
2023-05-24,14.671207748890764,15.10246533652163,14.569734711212059,14.899520874023438,4988900,0.0,0.0
2023-05-25,15.170113251245976,15.914242935327506,15.161657030501287,15.821226119995117,10166200,0.0,0.0
2023-05-26,16.04953903941329,16.11718719165972,15.804315092342165,15.905786514282227,7510100,0.0,0.0
2023-05-29,16.06645175920674,16.091820421561113,15.745123433680652,15.888875961303711,4258300,0.0,0.0
2023-05-30,15.964978122370056,16.19329123639733,15.592914098983913,15.685929298400879,5640600,0.0,0.0
2023-05-31,15.559088111829903,16.03262513431986,15.457616699154425,15.795857429504395,9728800,0.0,0.0
2023-06-01,15.905786354338447,16.151011911802833,15.82122576166593,16.024171829223633,7222600,0.0,0.0
2023-06-02,16.362412899946115,16.51462164709544,16.057995405647468,16.235572814941406,8609200,0.0,0.0
2023-06-05,16.23557179139441,16.328586987675624,15.981890024518789,16.17637825012207,3594300,0.0,0.0
2023-06-06,16.17637930023039,16.649917983994886,16.159468471628163,16.463884353637695,5129000,0.0,0.0
2023-06-07,16.5738124647065,16.759844469346092,16.353955579482033,16.556900024414062,5533000,0.0,0.0
2023-06-09,16.700655861374017,16.89514412482528,16.37087127440366,16.396238327026367,4701200,0.0,0.0
2023-06-12,16.396234457654582,16.55689940874021,16.142554314137495,16.167922973632812,8978500,0.0,0.0
2023-06-13,16.227116447097156,16.30322081998179,15.812771312980365,15.905786514282227,6741800,0.0,0.0
2023-06-14,15.93961059529881,16.24402645867037,15.888874886880066,16.227115631103516,6863200,0.0,0.0
2023-06-15,16.24402865864937,16.649919219547616,16.21020538607578,16.438518524169922,7005800,0.0,0.0
2023-06-16,16.353957802507864,16.523079002703074,16.108732223510742,16.108732223510742,7079100,0.0,0.0
2023-06-19,16.007259974344525,16.53998898583073,16.007259974344525,16.43006134033203,3753800,0.0,0.0
2023-06-20,16.404689302678236,16.446970398293693,16.142552961297923,16.311674118041992,5608200,0.0,0.0
2023-06-21,16.320131948271698,16.827493905871997,16.320131948271698,16.776758193969727,9122300,0.0,0.0
2023-06-22,16.641460723953973,16.742932140666884,15.855049986562994,16.210203170776367,13344700,0.0,0.0
2023-06-23,16.311675920955892,16.70065236645801,16.21020289312196,16.65837287902832,5492600,0.0,0.0
2023-06-26,16.827494331321986,16.86977543635887,16.320132360894043,16.624549865722656,6746500,0.0,0.0
2023-06-27,16.85286184083574,16.86977428169291,15.745122770437321,16.074907302856445,9041500,0.0,0.0
2023-06-28,16.032626200713526,16.413148055704152,15.948067222145946,16.074907302856445,4141500,0.0,0.0
2023-06-29,16.074908207891852,16.776758414387974,16.032627103368455,16.709110260009766,4732700,0.0,0.0
2023-06-30,16.827492067220536,17.292574482895034,16.81057962748131,17.02198028564453,10296800,0.0,0.0
2023-07-03,17.089628162352668,17.14036548077055,16.717564171108872,16.861316680908203,4260200,0.0,0.0
2023-07-04,16.83594935745655,16.869774239085455,16.480796164648673,16.683740615844727,3273300,0.0,0.0
2023-07-05,16.607636854945746,17.24183889304633,16.455428107744133,17.106542587280273,4925400,0.0,0.0
2023-07-06,16.954332801168093,17.148822640040837,16.633004497878538,16.835948944091797,5704100,0.0,0.0
2023-07-07,16.962789810174662,17.87604066703204,16.852862168186093,17.799936294555664,6994700,0.0,0.0
2023-07-10,17.732287095027612,18.011335906668076,17.31794198761353,17.529342651367188,8548000,0.0,0.0
2023-07-11,17.419414947586986,17.419414947586986,16.844404886373695,17.28411865234375,5443700,0.0,0.0
2023-07-12,17.503975583815595,17.791480615218642,17.503975583815595,17.51243019104004,6008100,0.0,0.0
2023-07-13,18.062072679645585,19.212091158856587,18.036704020134973,19.034515380859375,19694800,0.0,0.0
2023-07-14,18.94150198158203,18.975326867011916,18.36649183214844,18.510244369506836,9949700,0.0,0.0
2023-07-17,18.29884062536209,18.721641945636513,18.121264845019173,18.569433212280273,5827900,0.0,0.0
2023-07-18,18.60325754248067,18.84002685546875,18.42568176738385,18.84002685546875,5742500,0.0,0.0
2023-07-19,18.83157195072286,18.87385143930988,18.366489511970123,18.645538330078125,5848000,0.0,0.0
2023-07-20,18.831571018720044,18.89921916482673,18.442592968962334,18.67090606689453,4468900,0.0,0.0
2023-07-21,18.730098086908953,19.102163698788107,18.7216418669959,18.933042526245117,4616500,0.0,0.0
2023-07-24,18.80620372030268,19.2374612877694,18.77238045123072,19.15290069580078,3128000,0.0,0.0
2023-07-25,19.398126972609656,20.269096747556723,19.398126972609656,19.87166404724121,7969200,0.0,0.0
2023-07-26,19.74482374358362,20.057695845340692,19.35584565548933,19.939311981201172,3551700,0.0,0.0
2023-07-27,20.040786415752496,20.269097939264846,19.711000236707015,19.795560836791992,2687500,0.0,0.0
2023-07-28,19.89703369140625,20.01541756269072,19.524968022264563,19.89703369140625,2809500,0.0,0.0
2023-07-31,20.11688873465455,20.48049653592717,19.97313621308756,20.142255783081055,3900400,0.0,0.0
2023-08-01,19.96467896730891,20.040783334398093,19.62643661897518,19.888574600219727,12125300,0.0,0.0
2023-08-02,19.9054893288541,20.691898524428463,19.7109994723429,20.379026412963867,8068800,0.0,0.0
2023-08-03,20.962490061218208,21.55441093702567,20.590424450831875,20.94557762145996,12489900,0.0,0.0
2023-08-04,21.013227949746106,21.36838115725497,20.92866735503272,21.12315559387207,7534700,0.0,0.0
2023-08-07,21.14006634049728,21.207714488272508,20.937121897171593,21.055505752563477,2768000,0.0,0.0
2023-08-08,20.63270327506059,21.410657737518463,20.362110699050714,21.114696502685547,5228800,0.0,0.0
2023-08-09,21.097788074788614,21.173892447050537,20.861018737433845,21.030139923095703,2899900,0.0,0.0
2023-08-10,21.140066875128387,21.351467543879668,20.97940191527686,21.19925880432129,3536400,0.0,0.0
2023-08-11,21.52059079337237,21.901111065998773,21.33455715475304,21.740446090698242,6806400,0.0,0.0
2023-08-14,21.706619868545307,21.740443135513505,20.531232713152487,20.86101722717285,5740400,0.0,0.0
2023-08-15,20.84410571068788,21.114698309857324,20.39593732313566,20.835649490356445,4479700,0.0,0.0
2023-08-16,20.886386552700653,21.199258636778755,20.531233367490987,20.674985885620117,4323400,0.0,0.0
2023-08-17,20.717267990713715,20.886389190883666,19.592616364303627,19.795560836791992,7016700,0.0,0.0
2023-08-18,19.592614819698532,20.074608105467348,19.37275792195397,20.04078483581543,5164000,0.0,0.0
2023-08-21,19.91394282934106,20.150712164656372,19.474230653554265,19.829383850097656,5419200,0.0,0.0
2023-08-22,19.88011846996905,20.294463574403366,19.88011846996905,20.150711059570312,10893800,0.0,0.0
2023-08-23,20.235273681992492,20.598883115657657,20.015416777616828,20.463586807250977,7983200,0.0,0.0
2023-08-24,20.514321678349,20.556601168169898,19.930855364237466,20.10843276977539,3436400,0.0,0.0
2023-08-25,20.01541451902047,20.023870738949068,19.330476833394556,19.575700759887695,4035900,0.0,0.0
2023-08-28,19.482687303689055,19.84629511588787,19.372758047673802,19.694087982177734,4684700,0.0,0.0
2023-08-29,19.74482392371124,20.049239807541298,19.584158954585334,19.837839126586914,1993600,0.0,0.0
2023-08-30,19.913943656803085,20.040785356656993,19.44886280020279,19.508054733276367,2482700,0.0,0.0
2023-08-31,19.541878492044077,19.541878492044077,18.924587308571958,18.975324630737305,3757900,0.0,0.0
2023-09-01,19.152898642187367,19.465772315066545,19.04297101341623,19.271284103393555,4271600,0.0,0.0
2023-09-04,19.161356362767634,19.364300809914354,18.704731759902288,18.99223518371582,2604200,0.0,0.0
2023-09-05,18.941499064246074,18.941499064246074,18.451049591066045,18.51869773864746,4803400,0.0,0.0
2023-09-06,18.476416395720157,18.68781703728936,17.994423190999797,18.155086517333984,6323500,0.0,0.0
2023-09-08,18.070530211913383,18.3749460838548,17.909865249062076,18.248106002807617,4968600,0.0,0.0
2023-09-11,18.374947176711636,18.99223679061817,18.374947176711636,18.78083610534668,6650600,0.0,0.0
2023-09-12,18.772379987154086,19.20363593110048,18.63708368849265,19.059885025024414,2819800,0.0,0.0
2023-09-13,19.161356166663413,19.533421789054092,18.97532416189761,19.07679557800293,7246300,0.0,0.0
2023-09-14,19.119078240310262,19.119078240310262,18.341123664240843,18.62017250061035,8289500,0.0,0.0
2023-09-15,18.61171521753803,18.721642856499706,18.112809506312253,18.332666397094727,4763000,0.0,0.0
2023-09-18,18.41722844078693,18.772381659629406,18.315755401320832,18.451051712036133,4320700,0.0,0.0
2023-09-19,18.374947034818604,18.38340325570727,18.062074926233997,18.23965072631836,4437500,0.0,0.0
2023-09-20,18.349577076098736,19.13598613976671,18.349577076098736,18.628625869750977,5745600,0.0,0.0
2023-09-21,18.39185992417287,18.39185992417287,17.952146104416766,18.104354858398438,6160500,0.0,0.0
2023-09-22,18.315753198196827,18.315753198196827,17.47015055151051,17.630815505981445,7037800,0.0,0.0
2023-09-25,17.58853405789713,17.596990277739753,17.072717550369397,17.402502059936523,7135000,0.0,0.0
2023-09-26,17.21646963088219,17.284117775070257,16.742931008706748,16.928964614868164,6427000,0.0,0.0
2023-09-27,16.99661292884299,17.284117947729033,16.463882376788675,16.827491760253906,7631900,0.0,0.0
2023-09-28,16.75138890097226,17.15727941948801,16.67528452955425,16.996614456176758,9601100,0.0,0.0
2023-09-29,17.301028938121974,17.402501962808056,16.80212487306401,17.140365600585938,7910700,0.0,0.0
2023-10-02,17.081173555475356,17.081173555475356,16.70910795137256,16.861316680908203,3165600,0.0,0.0
2023-10-03,16.759846534534034,16.78521519809868,16.066452525693183,16.19329261779785,5178400,0.0,0.0
2023-10-04,16.294764404281977,16.78521390541232,16.20174759123443,16.649917602539062,6857800,0.0,0.0
2023-10-05,16.565357358525485,16.666828781385576,15.981891032072806,16.235572814941406,6340700,0.0,0.0
2023-10-06,15.812773002124361,16.134101356404894,15.508355478067498,15.990348815917969,8154000,0.0,0.0
2023-10-09,15.719753879014226,16.244026635038033,15.669018170044623,16.125642776489258,4554900,0.0,0.0
2023-10-10,16.21865978346116,16.81058069623487,16.21865978346116,16.683740615844727,6370300,0.0,0.0
2023-10-11,16.70065494832643,16.895143201144755,16.531533746743957,16.66683006286621,8008500,0.0,0.0
2023-10-13,16.252483313207257,16.45542776766212,15.922698776325504,16.007259368896484,6433500,0.0,0.0
2023-10-16,16.083364266956803,16.497709409961363,15.922699297103048,16.151012420654297,3493500,0.0,0.0
2023-10-17,15.939609941510511,16.227114965522745,15.677473577096661,15.795857429504395,5305300,0.0,0.0
2023-10-18,15.63519322937321,15.63519322937321,15.170112404392244,15.246216773986816,6071100,0.0,0.0
2023-10-19,15.313866164400917,15.795859468989656,15.313866164400917,15.440706253051758,4260200,0.0,0.0
2023-10-20,15.288495633256451,15.669017465568034,15.195478826944946,15.457616806030273,4201200,0.0,0.0
2023-10-23,15.30540837203634,15.905785482677237,15.30540837203634,15.652105331420898,4292600,0.0,0.0
2023-10-24,15.81276986923665,16.049537574052117,15.609823818167643,15.795857429504395,3923800,0.0,0.0
2023-10-25,15.804315232195387,16.049539181436515,15.415337143691938,15.567545890808105,3297800,0.0,0.0
2023-10-26,15.685928326759457,16.26939459995638,15.550632033389016,16.10027503967285,5951100,0.0,0.0
2023-10-27,16.16792337442932,16.320130496597315,15.34768777186332,15.389968872070312,5801100,0.0,0.0
2023-10-30,15.423792971178052,15.584457934911125,14.95871213383286,15.085552215576172,5112700,0.0,0.0
2023-10-31,15.187023192580606,15.263127561977248,14.747311029561118,15.21239185333252,3812100,0.0,0.0
2023-11-01,15.373056229820763,15.533721182776356,15.102463643490735,15.466073036193848,6225600,0.0,0.0
2023-11-03,16.066451269763775,16.86131825786844,16.066451269763775,16.633005142211914,8247300,0.0,0.0
2023-11-06,16.641461542781215,16.819037337195805,16.43851708651061,16.531532287597656,4103600,0.0,0.0
2023-11-07,16.531530863130374,17.29257452464249,16.404690790498034,17.055805206298828,6055000,0.0,0.0
2023-11-08,17.09808514226203,17.40250261486758,16.835948770217847,16.937421798706055,3734700,0.0,0.0
2023-11-09,16.93742152459278,17.360222846209442,16.75138791085166,16.95433235168457,7384600,0.0,0.0
2023-11-10,17.03043851494447,17.596992410184253,16.658374473935673,17.317943572998047,11197100,0.0,0.0
2023-11-13,17.292574076424433,17.444781191922665,17.165732394220758,17.1741886138916,3735400,0.0,0.0
2023-11-14,17.19956031078272,18.22273887878934,17.19110408961829,17.757658004760742,9556800,0.0,0.0
2023-11-16,17.74920046025267,18.315754333154036,17.72383179865082,18.14663314819336,8944200,0.0,0.0
2023-11-17,18.163543233110907,18.341120615570432,17.51242885219088,17.673093795776367,7421400,0.0,0.0
2023-11-20,17.715376093221888,17.774568020432483,17.419414844309866,17.630815505981445,4558500,0.0,0.0
2023-11-21,17.588534576926047,17.596990797018208,16.539987478384212,16.903596878051758,8190300,0.0,0.0
2023-11-22,17.038892766518774,17.512429790347067,16.97124462025759,17.055805206298828,4824600,0.0,0.0
2023-11-23,17.055805110684155,17.51242969217256,16.81903579366782,17.402502059936523,2825400,0.0,0.0
2023-11-24,17.410958279779145,17.605446497582374,17.182645182605434,17.402502059936523,3853900,0.0,0.0
2023-11-27,17.461694952780213,17.6561831813517,17.16573369333802,17.410959243774414,3329000,0.0,0.0
2023-11-28,17.326399268564693,17.89295314662773,17.258751116535933,17.83376121520996,6033400,0.0,0.0
2023-11-29,17.9944249228202,18.17200070465632,17.563167378970846,17.647727966308594,6727100,0.0,0.0
2023-11-30,17.740745291904563,18.560980990894304,17.52088838355985,18.46796417236328,9087500,0.0,0.0
2023-12-01,18.56943542007519,19.026061674434036,18.12972322048351,18.78083610534668,7888800,0.0,0.0
2023-12-04,18.68781997235203,18.68781997235203,18.07053038910612,18.14663314819336,4442200,0.0,0.0
2023-12-05,18.24810531285656,18.983780335689374,18.231192872593947,18.84848403930664,7922700,0.0,0.0
2023-12-06,18.941498825722295,19.26282873233192,18.417226091783075,18.569433212280273,6006100,0.0,0.0
2023-12-07,18.451050632989475,19.567245937543465,18.41722736371831,19.448862075805664,12760700,0.0,0.0
2023-12-08,19.44040532314746,19.61798272375264,18.831571977199218,19.30510902404785,7113900,0.0,0.0
2023-12-11,19.195182274591645,19.26283042727357,18.89076478109339,19.051429748535156,3617600,0.0,0.0
2023-12-12,19.243177245668747,19.432003551038935,19.088682251690827,19.251760482788086,4294900,0.333404,0.0
2023-12-13,19.24317728751636,20.599297650704322,19.24317728751636,20.30747413635254,7747700,0.0,0.0
2023-12-14,20.599296014943697,21.50909779721992,20.599296014943697,20.86536979675293,11053900,0.0,0.0
2023-12-15,20.856787570553486,21.002699323210383,20.092897496865355,20.2559757232666,4720800,0.0,0.0
2023-12-18,20.341807774627213,21.182945397650716,20.30747482491108,20.925453186035156,5163100,0.0,0.0
2023-12-19,21.105694188331416,21.251605924809198,20.73662322917674,20.848203659057617,2994800,0.0,0.0
2023-12-20,20.676543894528656,21.019865173812562,20.37613716124837,20.607879638671875,3894700,0.0,0.0
2023-12-21,20.856787825743066,20.856787825743066,20.221643023196275,20.410470962524414,6121000,0.0,0.0
2023-12-22,20.487718968218434,20.85678834491435,20.316057498571652,20.788124084472656,3629300,0.0,0.0
2023-12-26,20.813873166683482,21.045615652573773,20.582130680793192,20.73662567138672,2895700,0.0,0.0
2023-12-27,20.5992968632115,20.736625377999438,20.33322307044549,20.66796112060547,3004500,0.0,0.0
2023-12-28,20.556382316247152,20.83962258263291,20.461968348423557,20.66796112060547,3412900,0.0,0.0
2024-01-02,20.539217492298484,20.573548805210383,19.740994412803666,19.861156463623047,4831100,0.0,0.0
2024-01-03,19.663745462273564,19.81824045169662,19.24317667833583,19.517833709716797,8445100,0.0,0.0
2024-01-04,19.45775197929282,19.48350168895282,18.685278697427574,18.814023971557617,9310600,0.0,0.0
2024-01-05,18.728194115829183,19.397671864421554,18.56511588788648,19.020017623901367,6993000,0.0,0.0
2024-01-08,18.968520845355105,19.740994204188947,18.75394482139653,19.552167892456055,4880200,0.0,0.0
2024-01-09,19.406253340921285,19.646577405472446,19.15734440311055,19.50066566467285,3784800,0.0,0.0
2024-01-10,19.55216834821439,19.84399187856723,19.397673345429336,19.61224937438965,3126200,0.0,0.0
2024-01-11,19.63799566569768,19.82682360175917,19.43200289306381,19.689495086669922,5594100,0.0,0.0
2024-01-12,19.79249228267798,20.290308600100726,19.071516700605706,19.620832443237305,6672800,0.0,0.0
2024-01-15,19.466335382992686,19.955568411138614,19.36333818055328,19.629413604736328,2165600,0.0,0.0
2024-01-16,19.62941473061355,19.655162804886476,19.20026269715714,19.251760482788086,5254100,0.0,0.0
2024-01-17,19.174513153470375,19.50066798143186,19.037184632530263,19.24317741394043,5029400,0.0,0.0
2024-01-18,19.320424482549694,19.423420052424966,18.625198656093858,18.693862915039062,5299700,0.0,0.0
2024-01-19,18.745359459299642,19.294673494504483,18.281874514281842,19.148761749267578,9138100,0.0,0.0
2024-01-22,19.243178920436446,19.440588480106875,18.814026849630178,19.097267150878906,6595600,0.0,0.0
2024-01-23,19.157346967070286,19.58649901073077,19.09726594289144,19.31184196472168,3930500,0.0,0.0
2024-01-24,19.53500063444029,19.826824146290956,18.94277037367452,19.17451286315918,4291200,0.0,0.0
2024-01-25,19.183094905885532,20.058565386930802,19.183094905885532,19.878320693969727,4373000,0.0,0.0
2024-01-26,19.955568923512146,20.032816418053837,19.414838098805365,19.60366439819336,4548400,0.0,0.0
2024-01-29,19.552166574531316,19.680911852811285,19.303257617716348,19.354755401611328,2909500,0.0,0.0
2024-01-30,19.337590842833468,19.414838338328167,18.86552263291197,19.020017623901367,4923000,0.0,0.0
2024-01-31,19.04576724748702,19.843990272551135,19.020017536745094,19.191679000854492,12590800,0.0,0.0
2024-02-01,19.26892703345622,19.67232935715469,19.217427610535914,19.414838790893555,5141000,0.0,0.0
2024-02-02,19.414838837069876,19.535000883332852,18.87410635471628,19.329008102416992,5553100,0.0,0.0
2024-02-05,19.25176062153909,19.37192266790569,18.75394432462521,18.9942684173584,3701000,0.0,0.0
2024-02-06,19.06293247127214,19.663745970768538,19.045767634180738,19.492084503173828,3310600,0.0,0.0
2024-02-07,19.40625418337535,19.955568225721567,19.277507272251096,19.792490005493164,2777700,0.0,0.0
2024-02-08,19.826824818983376,20.341807600726803,18.779692780785215,19.47492027282715,8094000,0.0,0.0
2024-02-09,19.44058594605491,20.04998265845016,19.320423905759377,19.852571487426758,5209700,0.0,0.0
2024-02-14,19.680911341052838,19.698077814266465,19.36333813494067,19.380504608154297,3157400,0.0,0.0
2024-02-15,19.663745010148947,19.698077956824676,18.96851921081543,18.96851921081543,6921200,0.0,0.0
2024-02-16,19.028599765138768,19.243175765360412,18.796857291999004,18.908437728881836,3763900,0.0,0.0
2024-02-19,18.882689681017116,18.882689681017116,18.55653485229881,18.753944396972656,2068400,0.0,0.0
2024-02-20,18.668113411301817,19.612248210095018,18.556534603183888,19.33759117126465,5025900,0.0,0.0
2024-02-21,19.337590892363576,19.68949542292519,18.98568636180196,19.67232894897461,3807300,0.0,0.0
2024-02-22,19.732410050047566,19.929819590017722,19.52641727306761,19.835407257080078,3997800,0.0,0.0
2024-02-23,19.835407516673857,19.88690530232155,19.56933207714308,19.655162811279297,2336200,0.0,0.0
2024-02-26,19.56075064464538,19.981319444721443,19.5092512214715,19.64657974243164,1900300,0.0,0.0
2024-02-27,19.818241806222957,20.607881643955633,19.818241806222957,20.436220169067383,3992500,0.0,0.0
2024-02-28,20.324638739616763,20.384719756966863,19.95556776208335,20.221641540527344,2730900,0.0,0.0
2024-02-29,20.024233582431606,20.728042647171392,19.99848387137342,20.6422119140625,5093100,0.0,0.0
2024-03-01,20.61646306939154,21.191526831513116,20.46196808298798,21.00269889831543,6316100,0.0,0.0
2024-03-04,21.02845077068558,21.114281509411537,20.522051212996136,20.753793716430664,3686300,0.0,0.0
2024-03-05,20.813872196733357,21.311688455955334,20.556381649133534,20.702293395996094,3310200,0.0,0.0
2024-03-06,20.882536858705997,21.277357561413428,20.65079437910066,21.00269889831543,4804600,0.0,0.0
2024-03-07,21.028449519891733,21.28594008366862,20.667961748353044,20.719459533691406,3742200,0.0,0.0
2024-03-08,20.667961263641377,21.294522821333207,20.43621877942603,21.148611068725586,4406200,0.0,0.0
2024-03-11,20.959785871551894,21.174361893317542,20.788124399305325,21.105697631835938,2844900,0.0,0.0
2024-03-12,21.285938482036002,21.62926139068574,21.174359682684305,21.526264190673828,5710600,0.0,0.0
2024-03-13,21.500513899044368,21.963998830916754,21.40610157509937,21.8781681060791,5355300,0.0,0.0
2024-03-14,21.886751986871545,22.127077696077976,21.594928496079795,21.77517318725586,3873200,0.0,0.0
2024-03-15,21.594931683446838,21.81809095270102,20.9855365396677,21.140029907226562,9704800,0.0,0.0
2024-03-18,21.14002790184874,21.36318714993367,20.350388115196324,20.57354736328125,6231500,0.0,0.0
2024-03-19,20.65937826399471,20.873954276935386,20.17872845339141,20.564964294433594,5982300,0.0,0.0
2024-03-20,20.607880159261516,21.431851250357777,20.547799138504708,21.32027244567871,4917200,0.0,0.0
2024-03-21,21.311689906550157,21.311689906550157,20.856788161936624,21.131446838378906,3593100,0.0,0.0
2024-03-22,21.037033051751983,21.217276121504515,20.659378800780118,20.788124084472656,2935100,0.0,0.0
2024-03-25,20.779540050596413,20.942618276799948,20.599296987754382,20.745208740234375,2865800,0.0,0.0
2024-03-26,20.56496466229857,21.131446852713417,20.55638306226229,20.796707153320312,4750700,0.0,0.0
2024-03-27,20.934035501768452,21.68934399141676,20.934035501768452,21.543432235717773,6057100,0.0,0.0
2024-03-28,21.5606000438129,21.835257098102144,21.311691065185038,21.406105041503906,4666100,0.0,0.0
2024-04-01,21.457601240424058,21.64642754198917,20.942618483236867,20.98553466796875,5972800,0.0,0.0
2024-04-02,20.92545221104239,20.92545221104239,20.28172416762484,20.48771858215332,5906700,0.0,0.0
2024-04-03,20.41046985394403,20.547798363950104,19.895487122878755,20.453384399414062,4959200,0.0,0.0
2024-04-04,20.676544596358575,20.99411617656874,19.98990201448386,20.084314346313477,7348100,0.0,0.0
2024-04-05,20.127231935220983,20.22164427363815,19.69807988233427,20.110065460205078,8307500,0.0,0.0
2024-04-08,20.170146356367233,20.607881643955633,20.00706811893191,20.436220169067383,3891600,0.0,0.0
2024-04-09,20.487719536750486,21.07136494815843,20.487719536750486,20.925453186035156,5164200,0.0,0.0
2024-04-10,21.002698521347067,21.002698521347067,20.178727458097192,20.281723022460938,8153200,0.0,0.0
2024-04-11,20.281725454190955,20.625048408793642,20.032818112897697,20.504884719848633,5429800,0.0,0.0
2024-04-12,20.38471934564508,20.427633889433526,19.449167884709734,19.50066566467285,5183900,0.0,0.0
2024-04-15,19.509249768956224,19.560749188295834,18.05871716967511,18.324790954589844,13098300,0.0,0.0
2024-04-16,17.93855386455445,18.487869555899618,17.71539462074001,18.22179412841797,9802200,0.0,0.0
2024-04-17,18.625200926440552,18.745362984970726,17.904225301088964,18.02438735961914,7962000,0.0,0.0
2024-04-18,17.99863494479655,18.135963458820854,17.440737651937173,17.646730422973633,5681300,0.0,0.0
2024-04-19,17.569483916111917,18.1273828773946,17.4836548178393,17.92997169494629,12289300,0.0,0.0
2024-04-22,18.024385528165887,18.307625806696517,17.801226272795525,18.187463760375977,6752800,0.0,0.0
2024-04-23,17.990052102381796,18.316208558152738,17.76689449001438,18.281875610351562,5297000,0.0,0.0
2024-04-24,18.238962173461914,18.324792911107,17.861307910074622,18.238962173461914,6122000,0.0,0.0
2024-04-25,18.11021652511653,18.230378573177155,17.775476818671027,18.007219314575195,5469000,0.0,0.0
2024-04-26,18.24290417552283,18.808302846177085,18.24290417552283,18.472597122192383,7177500,0.596783,0.0
2024-04-29,18.49026674169009,18.764130704015912,18.41959211641194,18.61394691467285,2635600,0.0,0.0
2024-04-30,18.40192291122785,18.472597536015893,17.93370246887207,17.93370246887207,3285200,0.0,0.0
2024-05-02,18.357752314095002,18.516768959670394,18.05738473075925,18.189899444580078,8282700,0.0,0.0
2024-05-03,18.728791625705075,19.39136677729819,18.622778860043248,19.267684936523438,8068600,0.0,0.0
2024-05-06,19.258852082744056,19.523883177562084,19.02916082625735,19.073331832885742,2882600,0.0,0.0
2024-05-07,19.170510017732706,19.36486480539518,18.993822621664357,19.197011947631836,2328200,0.0,0.0
2024-05-08,19.11750181024565,19.232349117321625,18.85247241471245,19.16167449951172,5426800,0.0,0.0
2024-05-09,18.6316152064342,18.887810080381147,18.37541864747135,18.83480453491211,6792700,0.0,0.0
2024-05-10,18.790633769121907,19.22351604687824,18.08388585205807,18.472597122192383,5791700,0.0,0.0
2024-05-13,18.5079344710476,18.61394555873442,18.198732376098633,18.198732376098633,2947800,0.0,0.0
2024-05-14,18.234067615551115,18.490264149401273,18.154558462633187,18.22523307800293,2901700,0.0,0.0
2024-05-15,18.322412791447498,18.622780352374168,18.163394472719744,18.331247329711914,5901700,0.0,0.0
2024-05-16,18.56977374628919,18.666950291611062,18.083884279616687,18.481430053710938,4113200,0.0,0.0
2024-05-17,18.419591382787964,18.525602473974935,18.066218270471534,18.216402053833008,4230400,0.0,0.0
2024-05-20,18.13689111352942,18.534435194001496,17.854190966395997,18.101552963256836,3642400,0.0,0.0
2024-05-21,18.154559062352835,18.393086528986164,18.075049906808392,18.242902755737305,5464700,0.0,0.0
2024-05-22,18.04854779806472,18.110387877311553,17.465481786572052,17.500818252563477,5477900,0.0,0.0
2024-05-23,17.456646460764265,17.52732107457239,16.873580475593297,17.103273391723633,9265100,0.0,0.0
2024-05-24,17.235790225911288,17.75701619946133,17.20045207210373,17.297630310058594,7798400,0.0,0.0
2024-05-27,17.279960607787967,17.509653544176683,17.173949520233705,17.341800689697266,2303900,0.0,0.0
2024-05-28,17.677507121386952,17.68634165988031,17.05026836848595,17.112110137939453,6949700,0.0,0.0
2024-05-29,17.023765563964844,17.165114802569377,16.917752792503524,17.023765563964844,3994700,0.0,0.0
2024-05-31,17.05026693368552,17.156279701668787,16.732231999767286,16.882415771484375,4314600,0.0,0.0
2024-06-03,16.87358218801463,17.244624369416567,16.741067484303056,16.97959327697754,4539700,0.0,0.0
2024-06-04,16.935423735486477,17.191618626818304,16.81174355932739,17.085607528686523,3152900,0.0,0.0
2024-06-05,16.95309139088912,17.606832057896316,16.95309139088912,17.4124755859375,9267100,0.0,0.0
2024-06-06,17.55382588699478,18.075050146337183,17.359469421970193,17.81885528564453,7104900,0.0,0.0
2024-06-07,17.48315194372394,17.81885597398285,17.17394984334427,17.288795471191406,3920000,0.0,0.0
2024-06-10,17.226956782872914,17.40364419311392,16.970760206525064,17.085607528686523,2645300,0.0,0.0
2024-06-11,17.023765095406972,17.35063456880234,17.006096019813768,17.25345802307129,4638300,0.0,0.0
2024-06-12,17.447812125261365,17.712841508853984,16.60854960219187,16.741065979003906,8034200,0.0,0.0
2024-06-13,16.811743189702547,16.979594372223477,16.608552166887964,16.76757049560547,4958800,0.0,0.0
2024-06-14,16.75873394978151,17.085605106890263,16.635053791153446,16.820575714111328,6271300,0.0,0.0
2024-06-17,16.785237754567284,16.820575906016064,16.52020835876465,16.52020835876465,3272100,0.0,0.0
2024-06-18,16.520209013300146,16.802907496027768,16.40536170155713,16.608551025390625,7727900,0.0,0.0
2024-06-19,16.564379617415216,16.741067007340643,16.37002483650991,16.65272331237793,5072900,0.0,0.0
2024-06-20,16.873582194065097,17.17394975459417,16.423030853271484,16.423030853271484,6016000,0.0,0.0
2024-06-21,16.431866445547616,16.900085207864727,16.299351733288358,16.76757049560547,9368100,0.0,0.0
2024-06-24,16.811742516431647,17.39480857503474,16.811742516431647,17.235790252685547,6383000,0.0,0.0
2024-06-25,17.235789626616533,17.474317101476103,17.15628046833001,17.27996063232422,7122900,0.0,0.0
2024-06-26,17.0502679492588,17.22695534474977,16.714563919845023,16.855913162231445,6380000,0.0,0.0
2024-06-27,16.917753312977414,17.27996095867181,16.847078691500847,17.22695541381836,7702500,0.0,0.0
2024-06-28,17.041434559204372,17.288794883080975,16.590883231408778,16.65272331237793,5918000,0.0,0.0
2024-07-01,16.652722469830863,16.679224397467724,16.325851320511667,16.440698623657227,6157900,0.0,0.0
2024-07-02,16.440699455476913,16.785238012314085,16.299350217542905,16.65272331237793,5025200,0.0,0.0
2024-07-03,16.758733928001266,17.085605084685206,16.758733928001266,16.882415771484375,4694900,0.0,0.0
2024-07-04,17.13861279148358,17.624502319022444,17.129778252617495,17.509654998779297,7156700,0.0,0.0
2024-07-05,17.50965394115824,17.757015959419515,17.182784447936594,17.65983772277832,11831800,0.0,0.0
2024-07-08,17.71284375807258,17.748181912380637,17.279961477894506,17.430145263671875,5777100,0.0,0.0
2024-07-09,17.324133295232354,17.774684629793963,17.165114978914623,17.704010009765625,3713600,0.0,0.0
2024-07-10,17.85419252562587,18.357751100892123,17.85419252562587,18.154560089111328,5894200,0.0,0.0
2024-07-11,18.37541840436315,18.77296420266115,18.242903699935777,18.702289581298828,7928700,0.0,0.0
2024-07-12,18.534437231082116,18.64928454707489,17.916034698486328,17.916034698486328,6548700,0.0,0.0
2024-07-15,17.88069673205733,18.172229766845703,17.79235303075444,18.172229766845703,3202000,0.0,0.0
2024-07-16,18.216401277657972,18.437259674072266,18.11038850597214,18.437259674072266,4945400,0.0,0.0
2024-07-17,18.446093286176634,18.63161522300716,18.251738495940007,18.278242111206055,3825200,0.0,0.0
2024-07-18,18.13689273628967,18.189898281425357,17.39480836432646,17.536157608032227,7914000,0.0,0.0
2024-07-19,17.73934688275459,18.02204536932982,17.571494024469587,17.65983772277832,5689000,0.0,0.0
2024-07-22,17.72167769429278,18.331247355260093,17.677506687925014,18.269407272338867,7366200,0.0,0.0
2024-07-23,18.41958976387375,18.41958976387375,17.68633998838217,17.801185607910156,3402600,0.0,0.0
2024-07-24,17.80118540925299,17.80118540925299,17.332966713692066,17.483150482177734,3559900,0.0,0.0
2024-07-25,17.35947009256254,17.57149395667594,17.218120849820274,17.288795471191406,5512400,0.0,0.0
2024-07-26,17.332968736950455,17.49198537654205,17.138612257978604,17.368305206298828,2977100,0.0,0.0
2024-07-29,17.509653264163394,17.55382595411781,17.14744563161632,17.27112579345703,2439300,0.0,0.0
2024-07-30,17.129776753753763,17.288795069397175,16.944256508847015,16.97075843811035,2642900,0.0,0.0
2024-07-31,17.050267719993368,17.33296788598078,16.979593099750478,17.218120574951172,4052200,0.0,0.0
2024-08-01,17.341800310173348,17.730511554402398,17.226954687000305,17.324132919311523,7553600,0.0,0.0
2024-08-02,17.43897842784775,18.02204444785058,17.341800196175345,17.633333206176758,5551400,0.0,0.0
2024-08-05,16.838242898418706,17.465481591670894,16.55554443357887,17.182783126831055,7243200,0.0,0.0
2024-08-06,17.226956782872914,17.36830603705931,16.794074481300083,17.085607528686523,6438200,0.0,0.0
2024-08-07,17.3152974424223,17.84535789489746,17.226953752840487,17.84535789489746,3561600,0.0,0.0
2024-08-08,17.863026053695144,18.3400809869618,17.863026053695144,18.242902755737305,5840400,0.0,0.0
2024-08-09,18.86130909617525,19.47087879719887,18.86130909617525,19.232351303100586,10390000,0.0,0.0
2024-08-12,19.43553914756051,19.43553914756051,18.931982266521707,19.1263370513916,4537200,0.0,0.0
2024-08-13,19.15284056613168,19.28535526808051,18.737625699005264,18.817134857177734,3526600,0.0,0.0
2024-08-14,18.81713436301943,19.1881765297417,18.78179789643512,19.108667373657227,3222700,0.0,0.0
2024-08-15,19.10866802225201,19.70940313971808,18.923147775101775,19.559219360351562,6417000,0.0,0.0
2024-08-16,19.559217520978514,19.886088663571872,18.772962230302632,18.887807846069336,8568600,0.0,0.0
2024-08-19,18.967318981392964,19.391368394386937,18.861307891906385,19.258852005004883,5170800,0.0,0.0
2024-08-20,19.250017960319624,19.72707120351557,19.117501579139176,19.585721969604492,5979700,0.0,0.0
2024-08-21,19.629892349243164,19.85958526830017,19.444372117513886,19.629892349243164,6043600,0.0,0.0
2024-08-22,19.523883485057322,19.568054492381393,18.9231483493608,19.08216667175293,4775900,0.0,0.0
2024-08-23,19.258852161833204,20.248298553521863,19.108668379657672,19.939096450805664,6199700,0.0,0.0
2024-08-26,19.974433621112095,20.062775630383417,19.682900609475606,19.903759002685547,2786300,0.0,0.0
2024-08-27,19.815414069451595,20.080443450726396,19.700566768554328,19.99209976196289,3186300,0.0,0.0
2024-08-28,19.868421401694164,20.124617953726762,19.576888381976715,20.045108795166016,4995300,0.0,0.0
2024-08-29,19.912594122902004,20.1069489080044,19.453208247188122,19.62105941772461,6563600,0.0,0.0
2024-08-30,19.435540006944077,19.479711014771667,18.98498865003573,19.276521682739258,5942200,0.0,0.0
2024-09-02,19.09983574868893,19.3383615472612,18.949651964764797,19.08216667175293,3259900,0.0,0.0
2024-09-03,19.064496202743264,19.144005358133633,18.560939341948107,18.728792190551758,7026800,0.0,0.0
2024-09-04,18.790633346425892,19.391368472661018,18.649284103195967,19.073331832885742,6098700,0.0,0.0
2024-09-05,19.073331183591794,19.276520503190856,18.9496510212299,19.17934226989746,3320600,0.0,0.0
2024-09-06,19.17051077959119,19.38253465228975,18.90547967495602,19.037994384765625,4842700,0.0,0.0
2024-09-09,19.03799310306914,19.3030241898616,18.984987559716988,18.99382209777832,3047700,0.0,0.0
2024-09-10,18.90547970305468,19.091001645076634,18.79946860905582,18.976154327392578,3983400,0.0,0.0
2024-09-11,18.92314837611045,19.11750316763339,18.861308291762967,19.020326614379883,2651600,0.0,0.0
2024-09-12,18.905479299149476,19.091001237207855,18.817135599360533,19.020326614379883,3433000,0.0,0.0
2024-09-13,19.117502727814216,19.788912471741384,19.117502727814216,19.68290138244629,4635500,0.0,0.0
2024-09-16,19.771243617927315,19.877256393432617,19.52388328344144,19.877256393432617,2888200,0.0,0.0
2024-09-17,19.674067091875862,19.859587342986014,19.58572339300707,19.81541633605957,2579300,0.0,0.0
2024-09-18,19.806581220986253,20.1334523917789,19.62105929026182,19.73590660095215,4268700,0.0,0.0
2024-09-19,19.83308416476363,19.939095248722303,19.25001814794352,19.285354614257812,4519900,0.0,0.0
2024-09-20,19.3030239999039,19.3030239999039,18.1633938764445,18.31357765197754,7654500,0.0,0.0
2024-09-23,18.19873260676216,18.207567145017347,17.500819249745334,17.836524963378906,10908200,0.0,0.0
2024-09-24,18.06621742248535,18.322412285008603,17.836524489006944,18.06621742248535,7542600,0.0,0.0
2024-09-25,18.06621742248535,18.525601604426328,18.022044732384217,18.06621742248535,7181700,0.0,0.0
2024-09-26,18.27824135905144,18.543270760742256,18.216401277657972,18.437259674072266,4185400,0.0,0.0
2024-09-27,18.410755199733117,18.772962818128693,18.119222197487517,18.28707504272461,8409600,0.0,0.0
2024-09-30,18.348917805613503,18.348917805613503,18.004377527088522,18.12805938720703,4308000,0.0,0.0
2024-10-01,18.401920074570516,18.64928206570579,18.101552544269012,18.207565307617188,4572800,0.0,0.0
2024-10-02,18.393086309145467,19.152839704148946,18.393086309145467,19.029159545898438,8740000,0.0,0.0
2024-10-03,18.79946842124602,18.79946842124602,18.304744370807168,18.719959259033203,8147500,0.0,0.0
2024-10-04,18.6051113195704,18.86130787479297,18.44609300046893,18.764129638671875,4680300,0.0,0.0
2024-10-07,19.02032707783383,19.11750363345517,18.61394672290909,18.852474212646484,4833700,0.0,0.0
2024-10-08,19.091001427844258,19.28535622130796,19.01149226574185,19.276521682739258,5545700,0.0,0.0
2024-10-09,19.347195122399913,19.824250065822934,18.923147407145564,19.17934226989746,10844100,0.0,0.0
2024-10-10,19.214680620261348,19.36486439825713,19.020325836685103,19.24118423461914,4057200,0.0,0.0
2024-10-11,19.22351413917186,19.22351413917186,18.746459216119636,18.90547752380371,4644800,0.0,0.0
2024-10-14,18.905479245872787,19.31185958975036,18.755295462159584,19.144006729125977,4712900,0.0,0.0
2024-10-15,19.329526471949727,19.515048404593305,19.135171686099387,19.43553924560547,6040500,0.0,0.0
2024-10-16,19.523882419940307,20.071610294947778,19.338360492265252,19.788911819458008,10553500,0.0,0.0
2024-10-17,19.603391213429486,19.682900368814177,19.099834352670307,19.34719467163086,6740500,0.0,0.0
2024-10-18,19.49737953617195,19.665232394161137,19.117502813625002,19.13517189025879,7565900,0.0,0.0
2024-10-21,19.17051009561708,19.347195807387365,19.011491775512695,19.011491775512695,3154500,0.0,0.0
2024-10-22,18.967317602344014,19.020324828249215,18.649282671991628,18.90547752380371,5655500,0.0,0.0
2024-10-23,18.781798389665447,18.843638471573843,18.578609067676183,18.817134857177734,3535200,0.0,0.0
2024-10-24,18.746460334814017,19.1263370513916,18.454927315001246,19.1263370513916,5158700,0.0,0.0
2024-10-25,19.12633669412161,19.250018541288377,18.613945284475943,18.684619903564453,2992200,0.0,0.0
2024-10-28,18.887808895659028,19.0644962828278,18.65811765136175,18.737625122070312,3626400,0.0,0.0
2024-10-29,18.88780950192687,18.958484122059758,18.596276483251724,18.755294799804688,3813500,0.0,0.0
2024-10-30,18.746460769934796,19.320693969726562,18.719958839801325,19.320693969726562,11706600,0.0,0.0
2024-10-31,19.144004801204858,19.647561647350763,19.144004801204858,19.20584487915039,5558300,0.0,0.0
2024-11-01,19.400200893765266,19.400200893765266,18.755294775269338,18.817134857177734,8022200,0.0,0.0
2024-11-04,19.179341425311954,19.54155072845087,19.02032480285594,19.391366958618164,6418800,0.0,0.0
2024-11-05,19.47970920166329,19.718236665769155,19.02915957170659,19.585721969604492,3919600,0.0,0.0
2024-11-06,19.09100140060524,19.53271821831464,18.587444498019078,19.338361740112305,7886600,0.0,0.0
2024-11-07,19.09099926082522,19.815414491071316,18.905477341972876,19.20584487915039,4753800,0.0,0.0
2024-11-08,19.06449671725314,19.117502260605296,18.61394538622022,18.99382209777832,3644100,0.0,0.0
2024-11-11,18.82596816879469,19.444372317621234,18.82596816879469,19.267684936523438,3092900,0.0,0.0
2024-11-12,19.258851045865462,19.391367428647865,18.993821650332265,19.16167449951172,3062400,0.0,0.0
2024-11-13,19.108668418563383,19.497379682341343,19.046828334897413,19.320693969726562,8499800,0.0,0.0
2024-11-14,19.4355383662264,19.64756221892879,18.666950425791406,18.728792190551758,7562600,0.0,0.0
2024-11-18,18.772963207961674,18.825968749920904,18.26057180898029,18.30474281311035,6401800,0.0,0.0
2024-11-19,18.463761681782934,18.57860899201584,18.198732278964595,18.44609260559082,4299500,0.0,0.0
2024-11-21,18.322413000351414,18.357751153811996,18.022045436000088,18.030879974365234,3697300,0.0,0.0
2024-11-22,18.278241583460396,18.631614685058594,18.057383184334537,18.631614685058594,5054000,0.0,0.0
2024-11-25,18.631614685058594,18.923147704504093,18.552105526572017,18.631614685058594,5347400,0.0,0.0
2024-11-26,18.764129435636075,19.144006152708968,18.481430953632767,19.064496994018555,4628400,0.0,0.0
2024-11-27,19.06449716282022,19.161675398750248,17.77468490600586,17.77468490600586,11041100,0.0,0.0
2024-11-28,17.544990994725094,17.553825532503787,16.272846199861817,16.334686279296875,19575600,0.0,0.0
2024-11-29,16.35235477127118,16.458365850800586,15.725116091495243,16.255176544189453,14477700,0.0,0.0
2024-12-02,16.29934987999944,16.387691888116848,16.113827955918136,16.149166107177734,8996200,0.0,0.0
2024-12-03,16.131497308766583,16.467201326422853,16.00781714726414,16.21984100341797,9719200,0.0,0.0
2024-12-04,16.246342006726046,16.431863923426096,16.06965631250513,16.255176544189453,8634100,0.0,0.0
2024-12-05,16.502540533712573,17.041435589036894,16.46720237958563,16.626220703125,9716400,0.0,0.0
2024-12-06,16.643887953078472,16.873580874640876,16.184502109953666,16.37885856628418,10577900,0.0,0.0
2024-12-09,16.431865547709723,16.502540169387395,16.131497984325645,16.2463436126709,7068400,0.0,0.0
2024-12-10,16.48487000730799,16.732232009400843,16.343520773259442,16.45836639404297,5955900,0.0,0.0
2024-12-11,16.67039119018852,17.67750485933596,16.36118912255085,17.041433334350586,12331500,0.0,0.0
2024-12-12,16.714564088262954,16.78523871016829,15.910639632208797,16.122663497924805,26132900,0.0,0.0
2024-12-13,16.12266365633148,16.237509286175055,15.928308865436225,15.945976257324219,8814300,0.0,0.0
2024-12-16,16.034320398017485,16.043154936712522,15.733952822449979,15.74278736114502,9251500,0.0,0.0
2024-12-17,15.884135127482168,16.255177292958,15.680945811511446,16.096158981323242,8636100,0.0,0.0
2024-12-18,15.804626884229087,16.025485288692952,14.983033350020966,15.106715202331543,18639100,0.0,0.0
2024-12-19,15.18622440027899,15.610272133494007,15.089046162869582,15.539597511291504,10612100,0.0,0.0
2024-12-20,15.59260317060892,16.23750931354543,15.557266701757452,15.884136199951172,8705600,0.0,0.0
2024-12-23,15.769290644170015,15.93714350579866,15.301070213317871,15.301070213317871,3653100,0.0,0.0
2024-12-26,15.336406871200667,15.424748877635036,15.097879409790039,15.097879409790039,3128800,0.0,0.0
2024-12-27,15.221560476278729,15.31873871118172,15.000702076965284,15.124383926391602,4418400,0.0,0.0
2024-12-30,15.124383065428434,15.31873783915481,14.938861144357821,14.974199295043945,5644000,0.0,0.0
2025-01-02,14.930027512359333,15.000702133003017,14.373465085417298,14.638494491577148,7306700,0.0,0.0
2025-01-03,14.611992612432674,14.753341854208188,14.399967064753527,14.514814376831055,3959800,0.0,0.0
2025-01-06,14.691499934653551,14.85935278940757,14.426470530318454,14.788678169250488,10029000,0.0,0.0
2025-01-07,14.965365787921158,15.089045953807949,14.762174777515293,14.885856628417969,8100400,0.0,0.0
2025-01-08,14.611993022089306,14.6649985679872,14.23211629228657,14.373465538024902,9827300,0.0,0.0
2025-01-09,14.320457267206542,14.762174049316787,14.276286263001838,14.620824813842773,2767000,0.0,0.0
2025-01-10,14.576654734666553,14.603158349880763,14.276287168969121,14.585489273071289,4783900,0.0,0.0
2025-01-13,14.620825214382924,14.620825214382924,14.311624806447792,14.479475975036621,5134900,0.0,0.0
2025-01-14,14.585489491293268,14.806347899668364,14.364631082918171,14.779844284057617,5685500,0.0,0.0
2025-01-15,14.95653154198585,15.875301635847192,14.93886246508069,15.848799705505371,7966000,0.0,0.0
2025-01-16,15.954811263751688,15.98131487988494,15.55726713184874,15.680947303771973,7628100,0.0,0.0
2025-01-17,15.751621494262062,15.990148977838567,15.574934094942597,15.786959648132324,6218900,0.0,0.0
2025-01-20,15.733950796237036,16.184502101566444,15.627939715580554,15.857632637023926,3303000,0.0,0.0
2025-01-21,15.875300862886622,16.21984110569806,15.795791705700585,16.166833877563477,3374200,0.0,0.0
2025-01-22,16.228675745658876,16.714563544833734,15.990148272602488,16.476036071777344,8368000,0.0,0.0
2025-01-23,16.608549802830836,16.679224418310366,16.219840260201305,16.37885856628418,5382700,0.0,0.0
2025-01-24,16.387691975847527,16.749899603118504,16.237508202221818,16.52020835876465,4438700,0.0,0.0
2025-01-27,16.299350130519368,17.359469409364383,16.264011978716624,17.262292861938477,5616300,0.0,0.0
2025-01-28,17.138609856119842,17.33296630785397,17.050266167605756,17.103273391723633,2250600,0.0,0.0
2025-01-29,17.16511470759809,17.3771385643318,16.970758241830314,17.27112579345703,3929000,0.0,0.0
2025-01-30,17.377138430388186,18.11922276574408,17.350634816619827,18.004375457763672,7948200,0.0,0.0
2025-01-31,18.092720660380298,18.41075731205231,17.951371411862947,18.04854965209961,8548700,0.0,0.0
2025-02-03,17.90719992256092,18.428425894348514,17.774685216262498,18.278242111206055,7085200,0.0,0.0
2025-02-04,18.181063275305807,18.472596293575393,18.11922319340254,18.26057243347168,6493400,0.0,0.0
2025-02-05,18.234068471972183,18.428424937129353,17.93370092128912,18.375417709350586,4685300,0.0,0.0
2025-02-06,18.304744825930054,18.65811963789141,18.269408355743508,18.552106857299805,3759500,0.0,0.0
2025-02-07,18.552105915966017,18.772964319727517,17.99554347989403,18.09272003173828,7783700,0.0,0.0
2025-02-10,18.181062075277744,18.45492599920853,18.181062075277744,18.22523307800293,2784200,0.0,0.0
2025-02-11,18.234068574994257,18.79946721271818,18.198732107957916,18.684619903564453,3974300,0.0,0.0
2025-02-12,18.463760978192127,18.578608284048595,18.07504974185728,18.481430053710938,5431600,0.0,0.0
2025-02-13,18.50793419835109,18.684619903564453,18.27824126505947,18.684619903564453,3550500,0.0,0.0
2025-02-14,18.825968757061425,19.4355383873791,18.78179775291461,19.285354614257812,6563100,0.0,0.0
2025-02-17,19.400201405643596,20.221794938426452,19.400201405643596,19.939096450805664,9533100,0.0,0.0
2025-02-18,19.983268285119095,20.09811390890588,19.60339157679878,19.788911819458008,8229900,0.0,0.0
2025-02-19,19.585722949985932,19.771243196899693,19.470877323565396,19.62105941772461,4754200,0.0,0.0
2025-02-20,19.727071785746205,19.850751947814786,19.39136776655327,19.665231704711914,4350500,0.0,0.0
2025-02-21,19.71823687821309,19.93026073136405,19.594556718462314,19.841917037963867,4614000,0.0,0.0
2025-02-24,19.824250713833433,19.921427265287473,19.126337351941896,19.13517189025879,4601100,0.0,0.0
2025-02-25,19.06449721760223,19.515048560459906,19.06449721760223,19.258852005004883,2945400,0.0,0.0
2025-02-26,19.506213559926312,19.559219103413525,18.80830190146117,18.870141983032227,3312800,0.0,0.0
2025-02-27,18.755295374200596,19.091001093874965,18.73762629737228,18.83480453491211,3973400,0.0,0.0
2025-02-28,18.596276737580915,19.01149161092913,18.11038892814912,18.331247329711914,7151900,0.0,0.0
2025-03-05,17.889530185665965,18.63161453557634,17.889530185665965,18.44609260559082,4549800,0.0,0.0
2025-03-06,18.560940364156593,19.250019187150922,18.499100281006314,18.64044952392578,6269600,0.0,0.0
2025-03-07,18.46376269610733,19.44437457343457,18.322413448836947,19.21468162536621,7958000,0.0,0.0
2025-03-10,19.099834821462025,19.382533298650316,18.97615297393027,19.117502212524414,4412800,0.0,0.0
2025-03-11,19.126336472464292,19.223514704465725,18.71112330075822,19.04682731628418,4908600,0.0,0.0
2025-03-12,19.046826941015212,19.780076722994927,19.046826941015212,19.64756202697754,5899400,0.0,0.0
2025-03-13,19.74474066710444,20.11578283466805,19.391367575380958,19.965599060058594,5533300,0.0,0.0
2025-03-14,19.965601015097935,20.566336172359982,19.894926389832754,20.33664321899414,5257900,0.0,0.0
2025-03-17,20.33664181369564,20.690014915602838,20.195292572932757,20.60167121887207,5280900,0.0,0.0
2025-03-18,20.601670193165695,21.12289612440921,20.601670193165695,20.690013885498047,6398100,0.0,0.0
2025-03-19,20.672346030514152,21.414430393892967,20.654676954001353,21.220075607299805,9198100,0.0,0.0
2025-03-20,21.237743826012352,21.820809847257475,21.06989097595215,21.06989097595215,9421400,0.0,0.0
2025-03-21,21.29074873832176,21.511607124227552,20.619339042966253,21.11406135559082,8599500,0.0,0.0
2025-03-24,21.202405256779553,21.202405256779553,20.698848401533564,20.751853942871094,3622100,0.0,0.0
2025-03-25,20.70768376736857,21.281915262366965,20.681180153132026,20.963878631591797,3844000,0.0,0.0
2025-03-26,20.963878160853408,21.53810964295759,20.884369004944976,21.193571090698242,5119100,0.0,0.0
2025-03-27,21.343756022553332,21.51160888135685,21.114063080247444,21.352590560913086,4957600,0.0,0.0
2025-03-28,21.29075012754803,21.776637934238764,21.122897271502776,21.467435836791992,5201900,0.0,0.0
2025-03-31,21.26424512540739,21.599950815593026,21.034552201863473,21.11406135559082,3732900,0.0,0.0
2025-04-01,21.140566695326704,21.599952579938485,21.043388458385316,21.352590560913086,3360000,0.0,0.0
2025-04-02,21.370258432613902,21.714796984137067,21.184736507552024,21.317251205444336,3392700,0.0,0.0
2025-04-03,21.202406181959844,22.430378334126612,21.04338786599261,22.253692626953125,6459000,0.0,0.0
2025-04-04,21.741301033858203,21.93565581566468,21.317251633074143,21.573448181152344,5344300,0.0,0.0
2025-04-07,21.281914615924997,22.077004483696076,20.972712532620747,21.432098388671875,6010600,0.0,0.0
2025-04-08,21.723631608618533,22.147679317571075,21.644122452562954,21.68829345703125,7694000,0.0,0.0
2025-04-09,21.467435487019955,22.306698068556127,21.29074978065476,21.944490432739258,7801500,0.0,0.0
2025-04-10,21.891485619071748,22.041669401247173,21.57344897799064,21.847312927246094,4758900,0.0,0.0
2025-04-11,21.93565617036032,22.032834405342832,21.1759027368953,22.015165328979492,7901500,0.0,0.0
2025-04-14,22.342036624878062,22.465716790071948,22.068170994783205,22.262527465820312,4784300,0.0,0.0
2025-04-15,22.09467467877357,22.74841534473092,22.09467467877357,22.633569717407227,4243600,0.0,0.0
2025-04-16,22.527556821902564,22.677740601449216,22.262527415651235,22.386207580566406,3657000,0.0,0.0
2025-04-17,22.17418420898646,22.792586732255334,22.165349670580575,22.65123748779297,3817900,0.0,0.0
2025-04-22,22.58056191898418,23.198966101345444,22.527556375786762,23.11062240600586,4894400,0.0,0.0
2025-04-23,23.313811516255356,23.384486134888707,22.8190891858219,22.854427337646484,4603600,0.0,0.0
2025-04-24,22.863261148805883,23.89687854277333,22.836759218842545,23.808536529541016,4343100,0.0,0.0
2025-04-25,23.70252296628024,23.77319758552495,22.15651419591343,22.554059982299805,16986500,0.0,0.0
2025-04-28,22.820657088468025,23.43842848201758,22.562483365054984,23.106491088867188,6772000,1.069137,0.0
2025-04-29,23.15259463827863,23.161815316891264,22.313532229839563,22.4610595703125,9866000,0.0,0.0
2025-04-30,22.461059740589274,22.912862444045828,22.41495634717658,22.857540130615234,4420200,0.0,0.0
2025-05-02,22.922083871495712,22.949744149782234,22.32275204820555,22.599367141723633,4906900,0.0,0.0
2025-05-05,22.507161317187876,22.792995320949533,22.166005000138554,22.58092498779297,2848500,0.0,0.0
2025-05-06,22.71001223982062,23.06039101375856,22.65468992344374,22.958965301513672,5278000,0.0,0.0
2025-05-07,23.078832146399968,23.143375141319233,22.590146706966696,23.023508071899414,4961100,0.0,0.0
2025-05-08,23.53985564381219,24.508004088847184,23.364666257847812,23.973217010498047,5609400,0.0,0.0
2025-05-09,24.000878854973777,24.41579886008362,23.825689470417338,24.222169876098633,4730600,0.0,0.0
2025-05-12,23.97321548167158,24.11152214233292,23.300121776765693,23.567514419555664,5769200,0.0,0.0
2025-05-13,23.798027559920865,23.973216945409593,23.051170139816914,23.207918167114258,8876700,0.0,0.0
2025-05-14,23.300123075912662,23.715043081031403,22.691572328140072,22.995847702026367,8547200,0.0,0.0
2025-05-15,23.309342434501477,23.475309371948242,22.995846399327696,23.475309371948242,6041500,0.0,0.0
2025-05-16,22.922083274128717,24.20372772216797,22.359634181431364,24.20372772216797,12992000,0.0,0.0
2025-05-19,24.037759903094152,24.43424031026979,23.6873828913254,24.24983024597168,5325700,0.0,0.0
2025-05-20,24.34203433220764,24.867600708770013,24.09308128267873,24.664751052856445,4953000,0.0,0.0
2025-05-21,24.415798171573794,24.572546193616795,23.217138067949424,23.281681060791016,9761400,0.0,0.0
2025-05-22,23.30012188832168,23.484530183864834,22.728452127209284,22.737672805786133,9593500,0.0,0.0
2025-05-23,22.221328336953245,23.189476778071647,21.787965213355815,23.023508071899414,4807900,0.0,0.0
2025-05-26,23.032727991265006,23.355444713881468,22.968184998474644,23.189476013183594,1702800,0.0,0.0
2025-05-27,23.65049912222594,23.788805784960612,23.281680768711947,23.715042114257812,6781200,0.0,0.0
2025-05-28,23.539854605105464,23.622838954865564,23.290901555825155,23.5306339263916,2189800,0.0,0.0
2025-05-29,23.475309321481173,23.61361774038638,22.737672627754865,22.98662567138672,4139500,0.0,0.0
2025-05-30,22.968185756063576,23.097271745902106,22.700793097303087,23.023508071899414,4419000,0.0,0.0
2025-06-02,23.21713883082754,23.456871211162568,22.857541139657354,23.115713119506836,4314100,0.0,0.0
2025-06-03,23.12493274863542,23.834909178315257,23.069610435274477,23.715042114257812,3738200,0.0,0.0
2025-06-04,23.844129383732714,24.249828685213554,23.355443975860606,23.447649002075195,4890000,0.0,0.0
2025-06-05,23.604398712639806,23.97321708529603,23.1986976233856,23.51219367980957,5871700,0.0,0.0
2025-06-06,23.530635143786025,23.742705489182683,23.069611736229078,23.235580444335938,3453500,0.0,0.0
2025-06-09,23.060390680777342,23.23558006521666,22.590146601702145,22.903642654418945,2882400,0.0,0.0
2025-06-10,23.327782937111795,23.521413676302064,23.088052320841445,23.309343338012695,4877500,0.0,0.0
2025-06-11,23.217138690986005,23.42920903277494,22.645468901528112,22.811437606811523,5685100,0.0,0.0
2025-06-12,22.774556979558305,22.89442229140947,22.553264196862003,22.86676025390625,2154600,0.0,0.0
2025-06-13,22.553264287388966,22.636248641566993,22.1844459125226,22.497941970825195,4678000,0.0,0.0
2025-06-16,22.903642463991115,23.254019471291905,22.6546894079627,23.15259552001953,4740300,0.0,0.0
2025-06-17,23.10649115043883,23.807246894143283,23.023506801930104,23.383106231689453,5866500,0.0,0.0
2025-06-18,23.10649228041061,23.807248058383973,23.02350792784372,23.549076080322266,3275900,0.0,0.0
2025-06-20,23.2355788713465,23.45686988095323,23.12493248721083,23.29090118408203,7261500,0.0,0.0
2025-06-23,23.281681170808486,23.456870551252557,23.078831512538542,23.401546478271484,3117800,0.0,0.0
2025-06-24,23.337003555695603,23.862569939952454,23.337003555695603,23.770366668701172,3647100,0.0,0.0
2025-06-25,23.502972057020767,23.595177086148993,23.115712341613943,23.189476013183594,3531400,0.0,0.0
2025-06-26,23.29090224521526,24.03775965649786,23.06039054653973,23.8256893157959,3392700,0.0,0.0
2025-06-27,23.82568862987433,23.927114337144303,23.419987559459077,23.622838973999023,2128600,0.0,0.0
2025-06-30,23.585956840793436,24.231390297887067,23.383107179915427,24.10230255126953,3305900,0.0,0.0
2025-07-01,24.22216977597576,24.839941200228342,24.13918542356387,24.498783111572266,4235300,0.0,0.0
2025-07-02,24.342034119876054,24.70163355228041,23.558294021898142,23.779586791992188,6048600,0.0,0.0
2025-07-03,23.834908756381207,24.19450642485855,23.7795864439996,23.93633270263672,4359500,0.0,0.0
2025-07-04,23.890232103383504,24.148405836786132,23.650499727794923,23.982437133789062,2645400,0.0,0.0
2025-07-07,23.991656859975834,24.120742842218743,23.50297144929758,23.659719467163086,2298100,0.0,0.0
2025-07-08,23.742705171678836,24.00087890957755,23.512193470982925,23.668941497802734,4289600,0.0,0.0
2025-07-09,23.97321576749369,24.06542079525544,23.466090752801023,23.779586791992188,8922000,0.0,0.0
2025-07-10,23.521412986234335,23.64127829085292,22.774555605359463,23.4107666015625,4999900,0.0,0.0
2025-07-11,23.41998866164107,23.982437779459378,23.33700430790838,23.604398727416992,6469000,0.0,0.0
2025-07-14,23.641278553628645,23.733483582102608,23.281680877111295,23.5306339263916,5663900,0.0,0.0
2025-07-15,23.567515836898725,24.452681683961174,23.567515836898725,24.3420352935791,6016700,0.0,0.0
2025-07-16,24.2774918699597,24.71085322741937,24.02853881499439,24.563325881958008,6253500,0.0,0.0
2025-07-17,24.434238831572173,24.867600170182683,24.305152849574274,24.766176223754883,3567100,0.0,0.0
2025-07-18,24.47112227833021,24.91370430871498,24.47112227833021,24.50800323486328,6040500,0.0,0.0
2025-07-21,24.52644558485724,24.87682260008939,24.27749252319336,24.27749252319336,4605500,0.0,0.0
2025-07-22,24.27749177130504,24.489562109710892,23.650499676309764,23.705821990966797,5227000,0.0,0.0
2025-07-23,23.73348430087054,24.18528701954469,23.5951776333033,23.91789436340332,8451700,0.0,0.0
2025-07-24,23.650500086368357,23.696603481602466,22.903642670222855,22.995847702026367,5744800,0.0,0.0
2025-07-25,22.958965122615673,23.493752199864353,22.958965122615673,23.30012321472168,2944200,0.0,0.0
2025-07-28,23.18947675770368,23.47531077437996,22.22132831743563,22.53482437133789,4868600,0.0,0.0
2025-07-29,22.525603575619037,22.848320306925512,22.424177864980365,22.7192325592041,4222900,0.0,0.0
2025-07-30,22.50716192243606,23.00506803140829,22.304312262483307,22.84832000732422,4993300,0.0,0.0
2025-07-31,22.59014590750044,22.765335286556134,22.1660052366615,22.60858726501465,4105600,0.0,0.0
2025-08-01,22.719232451182847,23.2447988426031,22.516382789534678,22.599367141723633,5965700,0.0,0.0
2025-08-04,22.792996563620523,22.922084313215755,22.00925818021133,22.378076553344727,4058300,0.0,0.0
2025-08-05,22.239768206544888,22.405735142943737,22.036916797616414,22.31353187561035,5108900,0.0,0.0
2025-08-06,22.590146585988542,22.958964954026843,22.22132821795024,22.811437606811523,4494300,0.0,0.0
2025-08-07,22.811437069389687,23.392327524196244,22.728452718703036,22.91286277770996,6261300,0.0,0.0
2025-08-08,22.829878790945436,23.604398237257385,22.765335796863557,23.15259552001953,5526200,0.0,0.0
2025-08-11,23.152595132585812,23.20791744677814,22.802216372483546,22.82065773010254,5609000,0.0,0.0
2025-08-12,23.060390924257,23.42920929644596,22.94974453326795,23.327783584594727,7767000,0.0,0.0
2025-08-13,23.355445113022874,23.392327828770348,22.57170499003593,22.783775329589844,6052800,0.0,0.0
2025-08-14,22.59014565586025,23.429208068099033,22.50716130663535,23.22635841369629,7225800,0.0,0.0
2025-08-15,22.516383095534678,23.862570589490876,22.221328398703992,23.788806915283203,9223200,0.0,0.0
2025-08-18,23.7703660327475,24.09308099082239,23.4107666015625,23.4107666015625,4243600,0.0,0.0
2025-08-19,23.05117024309223,23.06039092222923,22.673131191798692,22.931304931640625,5531100,0.0,0.0
2025-08-20,22.80221704550254,22.958965072561178,22.56248466537376,22.627029418945312,4405200,0.0,0.0
2025-08-21,22.562484185616366,22.829878597304358,22.331972489470722,22.571704864501953,3680000,0.0,0.0
2025-08-22,22.710012209735634,24.240611535895972,22.580926218805676,24.093082427978516,13060700,0.0,0.0
2025-08-25,24.08386223413664,24.93214532682236,23.982436527388625,24.452680587768555,6837600,0.0,0.0
2025-08-26,24.452680125598814,24.766176159926843,24.3328130637686,24.489561080932617,3839700,0.0,0.0
2025-08-27,24.498783265343974,24.978248024807762,24.489562586277586,24.895263671875,4440400,0.0,0.0
2025-08-28,25.20875979180532,26.213790950044668,25.18109775453338,25.66056251525879,7894600,0.0,0.0
2025-08-29,25.632899187390674,26.130805281228202,25.53147523982959,25.927955627441406,5174400,0.0,0.0
2025-09-01,25.927956690181674,26.324435335379814,25.63290023803711,25.63290023803711,2995300,0.0,0.0
2025-09-02,25.383949399921544,25.64212138206608,25.13499633828383,25.596019744873047,2967200,0.0,0.0
2025-09-03,25.660561832061273,25.780427139718924,25.264081435043042,25.457712173461914,4770500,0.0,0.0
2025-09-04,25.448491745629042,26.112364801046176,25.273302363172487,25.881853103637695,2518400,0.0,0.0
2025-09-05,26.204570129286505,27.089734213226755,26.195349450245708,26.582609176635742,5730300,0.0,0.0
2025-09-08,26.4811835519484,26.71169525272371,26.121585861511623,26.213790893554688,2898300,0.0,0.0
2025-09-09,26.564167786626392,26.767019207950753,26.35209744493702,26.3981990814209,5214000,0.0,0.0
2025-09-10,26.305995106722513,27.163497129635267,26.305995106722513,26.840782165527344,4593700,0.0,0.0
2025-09-11,27.108174866525452,28.472803673120165,27.03441119478154,28.15930938720703,13645000,0.0,0.0
2025-09-12,27.938016576836056,28.269953978582627,27.753608277049356,27.974899291992188,6314000,0.0,0.0
2025-09-15,28.251512657888426,28.537348424727664,28.076325036662045,28.15930938720703,3364700,0.0,0.0
2025-09-16,28.435921932923108,29.763667987722567,28.23307228088379,28.23307228088379,7156200,0.0,0.0
2025-09-17,28.233072614707236,28.629551244926816,27.97489888833354,28.288394927978516,5065200,0.0,0.0
2025-09-18,28.242291200766143,28.389820298852914,28.03022087017986,28.23307228088379,9294400,0.0,0.0
2025-09-19,28.27917536041475,28.500466380859056,28.030222302915647,28.269954681396484,4360100,0.0,0.0
2025-09-22,27.938016428096642,28.0671041717912,27.27414338680255,27.670623779296875,3978900,0.0,0.0
2025-09-23,27.670624368759047,28.122427084653054,27.569198659123664,27.845813751220703,5352300,0.0,0.0
2025-09-24,27.928797988531848,28.279174993354637,27.753608606788116,28.030221939086914,4927500,0.0,0.0
2025-09-25,28.103984658328095,28.103984658328095,27.633740602439,27.707504272460938,3532300,0.0,0.0
2025-09-26,27.735167798930927,28.122427527026737,27.735167798930927,28.0210018157959,4423100,0.0,0.0
2025-09-29,28.23307292861346,28.44514326406511,27.984119878127796,28.25151252746582,4355200,0.0,0.0
2025-09-30,28.44514374831196,28.657214087373866,28.27917504516275,28.30683708190918,4159100,0.0,0.0
2025-10-01,28.518906954271024,28.694096333468806,28.131647239481776,28.343717575073242,4514300,0.0,0.0
2025-10-02,28.334496746627323,28.767859852950185,27.928797435116728,28.03944206237793,5590600,0.0,0.0
2025-10-03,28.122426986694336,28.2515129740245,27.37556958209676,28.122426986694336,5633900,0.0,0.0
2025-10-06,28.18697004408362,28.24229235896952,27.66140365600586,27.66140365600586,4766100,0.0,0.0
2025-10-07,27.569197501096394,27.633740492275205,26.610269794634014,26.94220542907715,6404800,0.0,0.0
2025-10-08,27.0712941671909,27.64296218897149,26.72091540407986,27.54153823852539,6846400,0.0,0.0
2025-10-09,27.38479048687077,27.596860827423672,26.739357027567067,26.92376708984375,8866300,0.0,0.0
2025-10-10,26.794678196890217,26.960646894108525,26.121584488095642,26.757797241210938,6329700,0.0,0.0
2025-10-13,26.813120426488446,27.01597008598621,26.601050088104692,26.711694717407227,2535100,0.0,0.0
2025-10-14,26.70247312867219,26.70247312867219,26.278332466356673,26.573387145996094,3462400,0.0,0.0
2025-10-15,26.287554513148933,26.84078294559971,26.22301151845154,26.767019271850586,5049400,0.0,0.0
2025-10-16,26.47196278681086,26.95142754494418,26.47196278681086,26.582609176635742,2545400,0.0,0.0
2025-10-17,26.342876468359037,26.527286529541016,25.955616746808634,26.527286529541016,7215900,0.0,0.0
2025-10-20,26.73935594914912,27.569197678596687,26.711693913323842,27.338685989379883,3775400,0.0,0.0
2025-10-21,27.264922339242723,27.541537421705236,26.896103987957332,27.430891036987305,2577800,0.0,0.0
2025-10-22,27.532317542198832,27.55997782018267,27.172718100426874,27.44933319091797,1964100,0.0,0.0
2025-10-23,27.642961409423467,27.781268071523947,27.476992711437042,27.61530113220215,1698300,0.0,0.0
2025-10-24,27.82737246829234,28.002561851225813,27.60608144921754,27.781269073486328,2357600,0.0,0.0
2025-10-27,28.002561067749962,28.343717386445903,27.624520275576508,27.855031967163086,3088200,0.0,0.0
2025-10-28,27.89191546235607,27.89191546235607,27.39400935043926,27.781269073486328,3079700,0.0,0.0
2025-10-29,27.744387115673977,27.95645744813902,27.421670398329777,27.61530113220215,4455600,0.0,0.0
2025-10-30,27.33868703533673,27.99334117226461,27.135837374184337,27.781269073486328,1952700,0.0,0.0
2025-10-31,27.92879776661095,28.15930946124987,27.772049743909893,28.094764709472656,4554300,0.0,0.0
2025-11-03,28.242291756384855,28.371379499917282,28.011780064169727,28.223852157592773,2009100,0.0,0.0
2025-11-04,28.24229135446443,28.5373477935791,27.984119388402945,28.5373477935791,2470500,0.0,0.0
2025-11-05,28.537348420468327,29.28420581659705,28.426702033536642,29.201221466064453,4792500,0.0,0.0
2025-11-06,29.265765171884393,29.653024897581584,29.02603279324664,29.588481903076172,4396000,0.0,0.0
2025-11-07,29.579262577887587,31.01765331269856,29.44095415308068,30.731821060180664,9101800,0.0,0.0
2025-11-10,31.165181163235435,31.607763205535097,30.63039584778854,30.750259399414062,8357100,0.0,0.0
2025-11-11,31.045312691086647,32.13332814822878,30.97155077936865,31.939699172973633,5983400,0.0,0.0
2025-11-12,31.948923079516472,32.25319669500599,31.62620458858767,31.76451301574707,4187100,0.0,0.0
2025-11-13,31.755289126759603,31.995023253902414,31.165179763529995,31.294265747070312,3672300,0.0,0.0
2025-11-14,31.42335467410591,32.50214767456055,31.082194846888825,32.50214767456055,4621000,0.0,0.0
2025-11-17,32.548250307846,32.56669166534269,31.487898631756078,31.626203536987305,3734800,0.0,0.0
2025-11-18,31.248164229935966,31.958140659403668,30.92544926987304,31.847496032714844,3766700,0.0,0.0
2025-11-19,31.75528997015329,31.782953765453264,31.441793922945212,31.49711799621582,3033900,0.0,0.0
2025-11-21,31.48789859412373,31.67230513421164,31.137519836763975,31.44179344177246,2139400,0.0,0.0
2025-11-24,31.478677421824578,31.94892326300371,31.220505441462343,31.819833755493164,2545800,0.0,0.0
2025-11-25,31.865938055626,32.207094380150906,31.56166092921481,31.958141326904297,2682500,0.0,0.0
2025-11-26,31.967360941410764,32.474489496443915,31.967360941410764,32.253196716308594,6147000,0.0,0.0
2025-11-27,32.234754117223886,32.34540226169656,31.7552893764968,32.059566497802734,3247100,0.0,0.0
2025-11-28,32.170213191597284,33.166025451847794,31.98580312295873,32.944732666015625,6492800,0.0,0.0
2025-12-01,32.93551266688786,33.29511035442657,32.400723837080996,33.1475830078125,3245100,0.0,0.0
2025-12-02,33.258225387071505,33.95898287404858,33.11069805044409,33.94976043701172,5292000,0.0,0.0
2025-12-03,34.051187254526624,34.22637487333809,33.69158957956509,33.93132019042969,4602500,0.0,0.0
2025-12-04,34.19871512971334,35.305171966552734,33.89443800471754,35.305171966552734,8102700,0.0,0.0
2025-12-05,36.01514817852306,36.01514817852306,31.68152764690213,31.81061363220215,16837500,0.0,0.0
2025-12-08,32.732659764335764,33.31355020416066,32.20709339598488,33.13835906982422,13868500,0.0,0.0
2025-12-09,32.824862488876335,33.073815530390334,31.902815750230044,32.290077209472656,10920300,0.0,0.0
2025-12-10,32.20000076293945,32.650001525878906,31.989999771118164,32.540000915527344,6751800,2.729921,0.0
2025-12-11,32.5,33.0,32.29999923706055,32.849998474121094,3466200,0.0,0.0
2025-12-12,33.0,33.79999923706055,33.0,33.13999938964844,4017300,0.0,0.0
2025-12-15,33.58000183105469,33.61000061035156,32.970001220703125,33.04999923706055,3313400,0.0,0.0
2025-12-16,32.79999923706055,32.86000061035156,31.350000381469727,31.469999313354492,7201900,0.0,0.0
2025-12-17,31.200000762939453,31.200000762939453,30.15999984741211,31.0,10984000,0.0,0.0
2025-12-18,30.950000762939453,30.950000762939453,30.100000381469727,30.5,6152500,0.0,0.0
2025-12-19,30.5,30.56999969482422,29.6200008392334,29.770000457763672,5732600,0.0,0.0
2025-12-22,29.68000030517578,29.799999237060547,28.950000762939453,29.040000915527344,4335000,0.0,0.0
2025-12-23,29.200000762939453,29.81999969482422,28.959999084472656,29.549999237060547,4242800,0.0,0.0
2025-12-26,29.350000381469727,29.6299991607666,29.170000076293945,29.6299991607666,2016000,0.0,0.0
2025-12-29,29.450000762939453,29.540000915527344,28.899999618530273,28.989999771118164,3501800,0.0,0.0
2025-12-30,29.09000015258789,29.959999084472656,29.06999969482422,29.6200008392334,5838000,0.0,0.0
2026-01-02,25.209999084472656,25.950000762939453,23.940000534057617,23.959999084472656,5777400,0.0,0.0
2026-01-05,23.979999542236328,25.350000381469727,23.790000915527344,25.270000457763672,6741700,0.0,0.0
2026-01-06,25.190000534057617,26.31999969482422,25.020000457763672,25.139999389648438,14231800,0.0,0.0
2026-01-07,25.06999969482422,25.06999969482422,24.09000015258789,24.219999313354492,7967500,0.0,0.0
2026-01-08,24.190000534057617,24.719999313354492,24.06999969482422,24.489999771118164,6051500,0.0,0.0
2026-01-09,24.549999237060547,25.100000381469727,24.43000030517578,24.770000457763672,5524000,0.0,0.0
2026-01-12,24.790000915527344,24.829999923706055,24.260000228881836,24.579999923706055,4898300,0.0,0.0
2026-01-13,24.420000076293945,24.780000686645508,24.010000228881836,24.780000686645508,4358200,0.0,0.0
2026-01-14,25.0,25.18000030517578,24.420000076293945,24.920000076293945,6160600,0.0,0.0
2026-01-15,25.030000686645508,25.31999969482422,24.760000228881836,24.950000762939453,5502400,0.0,0.0
2026-01-16,24.219999313354492,24.700000762939453,23.84000015258789,24.700000762939453,11174900,0.0,0.0
2026-01-19,24.59000015258789,24.850000381469727,24.530000686645508,24.6200008392334,3480700,0.0,0.0
2026-01-20,24.389999389648438,25.389999389648438,24.3799991607666,25.360000610351562,5548700,0.0,0.0
2026-01-21,25.510000228881836,26.489999771118164,25.469999313354492,26.489999771118164,5667900,0.0,0.0
2026-01-22,26.350000381469727,27.489999771118164,26.299999237060547,26.899999618530273,5858800,0.0,0.0
2026-01-23,26.84000015258789,28.170000076293945,26.610000610351562,28.020000457763672,7385300,0.0,0.0
2026-01-26,28.170000076293945,28.299999237060547,27.600000381469727,28.059999465942383,4259200,0.0,0.0
2026-01-27,28.350000381469727,30.020000457763672,28.34000015258789,29.790000915527344,8577300,0.0,0.0
2026-01-28,29.959999084472656,30.540000915527344,29.639999389648438,30.049999237060547,4985200,0.0,0.0
2026-01-29,30.059999465942383,30.549999237060547,29.149999618530273,29.700000762939453,7517000,0.0,0.0
2026-01-30,29.40999984741211,29.979999542236328,29.389999389648438,29.899999618530273,5430400,0.0,0.0
2026-02-02,30.040000915527344,30.639999389648438,29.920000076293945,30.6299991607666,4146100,0.0,0.0
2026-02-03,30.809999465942383,32.16999816894531,30.809999465942383,32.0,9186000,0.0,0.0
2026-02-04,31.84000015258789,31.950000762939453,30.149999618530273,30.510000228881836,6569800,0.0,0.0
2026-02-05,30.690000534057617,31.489999771118164,30.690000534057617,31.100000381469727,3829000,0.0,0.0
2026-02-06,31.18000030517578,31.540000915527344,30.770000457763672,31.1299991607666,4327900,0.0,0.0
2026-02-09,31.350000381469727,31.559999465942383,30.549999237060547,30.790000915527344,4558500,0.0,0.0
2026-02-10,30.780000686645508,31.510000228881836,30.770000457763672,31.1299991607666,5008500,0.0,0.0
2026-02-11,31.450000762939453,31.600000381469727,31.059999465942383,31.280000686645508,3769300,0.0,0.0
2026-02-12,31.219999313354492,31.43000030517578,30.40999984741211,30.829999923706055,4712200,0.0,0.0
2026-02-13,30.459999084472656,30.889999389648438,30.059999465942383,30.639999389648438,3766400,0.0,0.0
2026-02-18,30.639999389648438,31.81999969482422,30.639999389648438,31.520000457763672,5900800,0.0,0.0
2026-02-19,31.610000610351562,31.760000228881836,31.209999084472656,31.68000030517578,3314100,0.0,0.0
2026-02-20,31.549999237060547,32.16999816894531,30.8799991607666,31.950000762939453,5400300,0.0,0.0
2026-02-23,31.719999313354492,31.940000534057617,31.239999771118164,31.469999313354492,4713600,0.0,0.0
2026-02-24,31.639999389648438,31.809999465942383,31.34000015258789,31.729999542236328,4675500,0.0,0.0
2026-02-25,31.770000457763672,32.06999969482422,30.979999542236328,31.690000534057617,6224600,0.0,0.0
2026-02-26,31.81999969482422,32.099998474121094,31.200000762939453,31.600000381469727,5320500,0.0,0.0
2026-02-27,31.3799991607666,31.3799991607666,30.489999771118164,30.709999084472656,5211500,0.0,0.0
2026-03-02,30.270000457763672,30.690000534057617,29.639999389648438,30.649999618530273,4713800,0.0,0.0
2026-03-03,29.3799991607666,29.639999389648438,28.530000686645508,29.239999771118164,8309300,0.0,0.0
2026-03-04,29.6299991607666,30.420000076293945,29.479999542236328,29.709999084472656,5346400,0.0,0.0
2026-03-05,29.5,29.6299991607666,28.100000381469727,28.34000015258789,6795700,0.0,0.0
2026-03-06,28.0,28.459999084472656,27.43000030517578,28.010000228881836,5419400,0.0,0.0
2026-03-09,28.149999618530273,28.149999618530273,26.68000030517578,27.799999237060547,8537300,0.0,0.0
2026-03-10,28.25,29.170000076293945,27.56999969482422,28.520000457763672,7461700,0.0,0.0
2026-03-11,28.200000762939453,29.149999618530273,28.100000381469727,28.530000686645508,4148600,0.0,0.0
2026-03-12,27.899999618530273,28.010000228881836,27.229999542236328,27.520000457763672,6609000,0.0,0.0
2026-03-13,27.59000015258789,27.920000076293945,26.329999923706055,26.579999923706055,4222300,0.0,0.0
2026-03-16,27.190000534057617,27.40999984741211,26.6299991607666,26.989999771118164,3807100,0.0,0.0
2026-03-17,27.079999923706055,27.649999618530273,26.899999618530273,27.399999618530273,3505000,0.0,0.0
2026-03-18,27.219999313354492,27.809999465942383,27.049999237060547,27.299999237060547,3668100,0.0,0.0
2026-03-19,26.510000228881836,27.610000610351562,26.280000686645508,27.110000610351562,7111500,0.0,0.0
2026-03-20,27.049999237060547,27.049999237060547,24.829999923706055,25.049999237060547,18698000,0.0,0.0
2026-03-23,25.639999389648438,27.219999313354492,25.639999389648438,27.219999313354492,7374700,0.0,0.0
2026-03-24,26.799999237060547,27.3700008392334,26.100000381469727,27.209999084472656,7135000,0.0,0.0
2026-03-25,27.899999618530273,28.719999313354492,27.700000762939453,28.479999542236328,8015300,0.0,0.0
2026-03-26,27.899999618530273,27.979999542236328,27.360000610351562,27.450000762939453,8081000,0.0,0.0
2026-03-27,27.270000457763672,27.329999923706055,25.829999923706055,25.93000030517578,8870600,0.0,0.0
2026-03-30,26.559999465942383,26.6200008392334,25.84000015258789,26.559999465942383,6299900,0.0,0.0
2026-03-31,27.149999618530273,27.8799991607666,26.3799991607666,27.31999969482422,8965900,0.0,0.0
2026-04-01,27.56999969482422,28.719999313354492,27.40999984741211,28.520000457763672,9801400,0.0,0.0
2026-04-02,27.040000915527344,27.860000610351562,26.649999618530273,27.520000457763672,4427200,0.0,0.0
2026-04-06,27.600000381469727,27.760000228881836,26.6299991607666,26.889999389648438,3815000,0.0,0.0
2026-04-07,26.68000030517578,26.729999542236328,25.299999237060547,25.68000030517578,8283600,0.0,0.0
2026-04-08,27.360000610351562,28.389999389648438,27.299999237060547,27.350000381469727,9570100,0.0,0.0
2026-04-09,27.5,28.350000381469727,26.860000610351562,28.059999465942383,7140100,0.0,0.0
2026-04-10,28.100000381469727,28.59000015258789,27.34000015258789,27.809999465942383,7202600,0.0,0.0
2026-04-13,27.540000915527344,28.200000762939453,27.100000381469727,28.0,4695400,0.0,0.0
2026-04-14,27.760000228881836,28.549999237060547,27.760000228881836,28.0,6772200,0.0,0.0
2026-04-15,27.850000381469727,28.110000610351562,27.040000915527344,27.600000381469727,7090000,0.0,0.0
2026-04-16,27.670000076293945,27.959999084472656,27.049999237060547,27.25,2818300,0.0,0.0
2026-04-17,28.06999969482422,28.360000610351562,27.520000457763672,27.719999313354492,5172700,0.0,0.0
2026-04-20,27.549999237060547,27.93000030517578,27.3700008392334,27.770000457763672,2353700,0.0,0.0
2026-04-22,27.520000457763672,27.639999389648438,26.950000762939453,27.09000015258789,5372600,0.0,0.0
2026-04-23,27.09000015258789,27.299999237060547,26.56999969482422,27.049999237060547,4460300,0.0,0.0
2026-04-24,27.049999237060547,27.40999984741211,26.450000762939453,26.600000381469727,4888100,0.0,0.0
2026-04-27,26.799999237060547,26.959999084472656,25.030000686645508,25.059999465942383,7780000,0.0,0.0
2026-04-28,24.59000015258789,24.719999313354492,23.950000762939453,24.200000762939453,11858400,0.0,0.0
2026-04-29,24.09000015258789,24.09000015258789,23.110000610351562,23.399999618530273,8348400,0.0,0.0
2026-04-30,23.729999542236328,23.75,23.25,23.489999771118164,7738000,0.0,0.0
2026-05-04,23.600000381469727,23.610000610351562,22.190000534057617,22.31999969482422,12366000,0.0,0.0
2026-05-05,22.239999771118164,22.989999771118164,22.1200008392334,22.780000686645508,9682000,0.0,0.0
2026-05-06,23.40999984741211,23.969999313354492,23.010000228881836,23.200000762939453,11680100,0.0,0.0
2026-05-07,23.25,23.25,22.6200008392334,22.8700008392334,3998800,0.0,0.0
2026-05-08,23.190000534057617,23.309999465942383,22.15999984741211,22.329999923706055,7194700,0.0,0.0
2026-05-11,22.15999984741211,22.440000534057617,21.700000762939453,21.850000381469727,7593500,0.0,0.0
2026-05-12,21.610000610351562,22.440000534057617,21.610000610351562,22.219999313354492,5757300,0.0,0.0
2026-05-13,22.1200008392334,22.8799991607666,21.59000015258789,21.799999237060547,13164000,0.0,0.0
2026-05-14,22.280000686645508,22.549999237060547,21.700000762939453,21.8799991607666,6670600,0.0,0.0
2026-05-15,20.889999389648438,21.950000762939453,20.200000762939453,21.84000015258789,13209800,0.0,0.0
2026-05-18,21.799999237060547,22.020000457763672,21.440000534057617,21.739999771118164,5161000,0.0,0.0
2026-05-19,21.260000228881836,21.729999542236328,21.15999984741211,21.399999618530273,4833800,0.0,0.0
2026-05-20,21.59000015258789,22.549999237060547,21.440000534057617,22.139999389648438,6859100,0.0,0.0
2026-05-21,21.920000076293945,22.399999618530273,21.600000381469727,22.1200008392334,4208700,0.0,0.0
2026-05-22,21.8799991607666,21.969999313354492,21.049999237060547,21.25,6619000,0.0,0.0
2026-05-25,21.450000762939453,22.739999771118164,21.450000762939453,22.670000076293945,6318900,0.0,0.0
2026-05-26,22.489999771118164,22.700000762939453,22.1299991607666,22.280000686645508,5705900,0.0,0.0
2026-05-27,22.700000762939453,22.799999237060547,22.020000457763672,22.200000762939453,8701300,0.0,0.0
2026-05-28,22.290000915527344,22.799999237060547,21.920000076293945,22.5,15458700,0.0,0.0
2026-05-29,22.59000015258789,22.68000030517578,22.079999923706055,22.520000457763672,7475700,0.0,0.0
2026-06-01,22.450000762939453,22.68000030517578,21.920000076293945,22.3799991607666,7428200,0.0,0.0
2026-06-02,22.489999771118164,22.850000381469727,22.34000015258789,22.350000381469727,6295000,0.0,0.0
2026-06-03,22.0,22.0,20.649999618530273,20.860000610351562,9899400,0.0,0.0
2026-06-05,20.649999618530273,20.899999618530273,19.829999923706055,19.829999923706055,6516800,0.0,0.0
2026-06-08,19.829999923706055,20.579999923706055,19.760000228881836,20.149999618530273,6969300,0.0,0.0
2026-06-09,20.3700008392334,21.0,20.3700008392334,20.75,7430900,0.0,0.0
2026-06-10,20.68000030517578,20.68000030517578,19.979999542236328,20.3700008392334,5187500,0.0,0.0
2026-06-11,20.399999618530273,21.399999618530273,20.149999618530273,21.100000381469727,7549700,0.0,0.0
2026-06-12,20.729999542236328,21.850000381469727,20.729999542236328,21.360000610351562,8763700,0.0,0.0
2026-06-15,21.950000762939453,22.549999237060547,21.540000915527344,21.65999984741211,7979300,0.0,0.0
2026-06-16,21.600000381469727,21.75,21.25,21.579999923706055,4025100,0.0,0.0
2026-06-17,21.799999237060547,21.989999771118164,20.84000015258789,20.860000610351562,6554200,0.0,0.0
2026-06-18,20.8799991607666,21.420000076293945,20.65999984741211,21.149999618530273,7573400,0.0,0.0
2026-06-19,21.209999084472656,22.190000534057617,21.110000610351562,21.829999923706055,8839100,0.0,0.0
2026-06-22,21.920000076293945,22.110000610351562,21.559999465942383,21.65999984741211,7417900,0.0,0.0
2026-06-23,21.489999771118164,21.690000534057617,21.170000076293945,21.600000381469727,6464000,0.0,0.0
2026-06-24,21.389999389648438,22.709999084472656,21.290000915527344,22.5,11741800,0.0,0.0
2026-06-25,22.690000534057617,23.270000457763672,22.3799991607666,22.940000534057617,8177800,0.0,0.0
2026-06-26,22.93000030517578,23.59000015258789,22.649999618530273,23.329999923706055,8669600,0.0,0.0
2026-06-29,23.309999465942383,23.479999542236328,23.139999389648438,23.260000228881836,3270300,0.0,0.0
2026-06-30,23.049999237060547,23.1299991607666,22.549999237060547,23.020000457763672,4698200,0.0,0.0
2026-07-01,22.579999923706055,22.969999313354492,22.489999771118164,22.84000015258789,3617200,0.0,0.0
2026-07-02,23.020000457763672,23.469999313354492,22.799999237060547,23.149999618530273,4750000,0.0,0.0
2026-07-03,23.3700008392334,23.700000762939453,23.260000228881836,23.399999618530273,2918200,0.0,0.0
2026-07-06,23.219999313354492,23.309999465942383,22.549999237060547,22.59000015258789,5043900,0.0,0.0
2026-07-07,22.729999542236328,22.81999969482422,22.149999618530273,22.209999084472656,4967000,0.0,0.0
2026-07-08,22.0,22.0,21.06999969482422,21.299999237060547,7062300,0.0,0.0
2026-07-09,21.360000610351562,22.329999923706055,21.239999771118164,22.170000076293945,4508200,0.0,0.0
2026-07-10,22.959999084472656,23.459999084472656,22.8700008392334,23.059999465942383,7147200,0.0,0.0
2026-07-13,22.829999923706055,23.020000457763672,22.360000610351562,22.440000534057617,3985200,0.0,0.0
2026-07-14,22.75,23.040000915527344,22.200000762939453,22.959999084472656,7997200,0.0,0.0
2026-07-15,22.90999984741211,23.020000457763672,22.3799991607666,22.5,5566600,0.0,0.0
2026-07-16,22.3799991607666,22.530000686645508,21.790000915527344,21.790000915527344,5830700,0.0,0.0
2026-07-17,21.75,21.920000076293945,21.420000076293945,21.6299991607666,8461700,0.0,0.0
2026-07-20,21.56999969482422,21.809999465942383,21.100000381469727,21.1299991607666,6922800,0.0,0.0
2026-07-21,21.110000610351562,21.31999969482422,20.829999923706055,21.18000030517578,5525900,0.0,0.0
2026-07-22,21.209999084472656,21.690000534057617,21.1299991607666,21.280000686645508,9136600,0.0,0.0
2026-07-23,21.149999618530273,21.149999618530273,20.559999465942383,20.65999984741211,4811400,0.0,0.0
2026-07-24,20.450000762939453,21.030000686645508,20.399999618530273,20.700000762939453,3203400,0.0,0.0
2026-07-27,20.889999389648438,21.31999969482422,20.889999389648438,21.209999084472656,4507400,0.0,0.0
2026-07-28,22.010000228881836,22.25,21.280000686645508,21.31999969482422,6405400,0.0,0.0
2026-07-29,21.270000457763672,21.389999389648438,20.520000457763672,20.770000457763672,8858600,0.0,0.0
2026-07-30,20.950000762939453,21.760000228881836,20.950000762939453,21.530000686645508,8229300,0.0,0.0
2026-07-31,21.799999237060547,21.809999465942383,21.3700008392334,21.3700008392334,3489100,0.0,0.0
2026-08-03,21.920000076293945,22.110000610351562,21.260000228881836,21.5,5759100,0.0,0.0
2026-08-04,21.899999618530273,22.040000915527344,21.229999542236328,21.350000381469727,3687600,0.0,0.0
2026-08-05,21.540000915527344,22.329999923706055,21.479999542236328,21.6200008392334,5622500,0.0,0.0
2026-08-06,22.690000534057617,22.75,21.719999313354492,21.829999923706055,11460200,0.0,0.0
2026-08-07,21.920000076293945,22.110000610351562,21.299999237060547,21.670000076293945,5740000,0.0,0.0
2026-08-10,21.600000381469727,21.700000762939453,21.09000015258789,21.459999084472656,6034000,0.0,0.0
2026-08-11,21.440000534057617,21.639999389648438,20.329999923706055,20.540000915527344,4773300,0.0,0.0
2026-08-12,20.579999923706055,20.84000015258789,20.06999969482422,20.5,5679400,0.0,0.0
2026-08-13,20.5,21.139999389648438,20.479999542236328,21.0,7369200,0.0,0.0
2026-08-14,21.010000228881836,21.399999618530273,20.950000762939453,21.329999923706055,11468500,0.0,0.0
2026-08-17,21.299999237060547,21.770000457763672,21.299999237060547,21.469999313354492,6601100,0.0,0.0
2026-08-18,21.489999771118164,21.799999237060547,20.979999542236328,21.049999237060547,6738700,0.0,0.0
2026-08-19,21.5,21.93000030517578,21.209999084472656,21.700000762939453,7823500,0.0,0.0
2026-08-20,21.399999618530273,22.600000381469727,21.25,22.56999969482422,9152700,0.0,0.0
2026-08-21,22.739999771118164,23.489999771118164,22.420000076293945,23.110000610351562,9457500,0.0,0.0
2026-08-24,22.969999313354492,24.09000015258789,22.790000915527344,23.940000534057617,9813400,0.0,0.0
2026-08-25,24.0,25.030000686645508,23.889999389648438,24.729999542236328,9255700,0.0,0.0
2026-08-26,24.739999771118164,25.100000381469727,24.09000015258789,24.09000015258789,12940900,0.0,0.0
2026-08-27,23.739999771118164,24.280000686645508,23.479999542236328,23.799999237060547,10242800,0.0,0.0
2026-08-28,24.059999465942383,24.489999771118164,22.450000762939453,23.020000457763672,13043900,0.0,0.0
2026-08-31,23.100000381469727,24.290000915527344,23.100000381469727,24.290000915527344,7995500,0.0,0.0
2026-09-01,24.450000762939453,25.139999389648438,24.020000457763672,24.65999984741211,8143500,0.0,0.0
2026-09-02,24.889999389648438,26.450000762939453,24.700000762939453,25.479999542236328,11748800,0.0,0.0
2026-09-03,26.0,26.34000015258789,25.34000015258789,25.34000015258789,7042800,0.0,0.0
2026-09-04,25.1200008392334,25.809999465942383,24.65999984741211,25.600000381469727,7432300,0.0,0.0
2026-09-08,26.059999465942383,26.290000915527344,25.540000915527344,25.540000915527344,6142200,0.0,0.0
2026-09-09,25.299999237060547,25.489999771118164,25.06999969482422,25.110000610351562,10080500,0.0,0.0
2026-09-10,24.8799991607666,26.170000076293945,24.670000076293945,26.170000076293945,11775200,0.0,0.0
2026-09-11,26.059999465942383,26.270000457763672,25.6299991607666,25.969999313354492,6869000,0.0,0.0
2026-09-14,25.219999313354492,25.6200008392334,24.809999465942383,25.329999923706055,7448300,0.0,0.0
2026-09-15,25.6299991607666,25.920000076293945,25.270000457763672,25.899999618530273,5924400,0.0,0.0
2026-09-16,25.799999237060547,26.989999771118164,25.780000686645508,26.6200008392334,8535600,0.0,0.0
2026-09-17,26.850000381469727,27.100000381469727,25.649999618530273,25.68000030517578,10026500,0.0,0.0
2026-09-18,25.5,26.670000076293945,25.09000015258789,26.670000076293945,11551800,0.0,0.0
2026-09-21,26.81999969482422,27.950000762939453,26.739999771118164,27.649999618530273,8548600,0.0,0.0
2026-09-22,27.399999618530273,27.520000457763672,26.959999084472656,27.1299991607666,9753400,0.0,0.0
2026-09-23,26.899999618530273,27.790000915527344,26.649999618530273,26.68000030517578,8107600,0.0,0.0
2026-09-24,26.690000534057617,27.06999969482422,26.139999389648438,26.510000228881836,7448100,0.0,0.0
2026-09-25,26.5,27.040000915527344,26.31999969482422,27.0,5326800,0.0,0.0
