Date,Open,High,Low,Close,Volume,Dividends,Stock splits
2020-09-17,2.987723394444828,3.0162553273903874,2.9041651098781904,2.979571580886841,1816486,0.0,0.0
2020-09-18,3.004027670701118,3.004027670701118,2.8328346056690976,2.893975257873535,2675627,0.0,0.0
2020-09-21,2.8430247878949313,2.847100694725793,2.7533524956455104,2.8124544620513916,2204485,0.0,0.0
2020-09-22,2.8022646429695484,2.8532147974294917,2.7676184091284073,2.8348724842071533,1642368,0.0,0.0
2020-09-23,2.8348723484343927,2.84302474747282,2.753352456498359,2.7716941833496094,1459515,0.0,0.0
2020-09-24,2.7716943077613982,2.836910575533121,2.710553946945539,2.81449294090271,1749610,0.0,0.0
2020-09-25,2.7900362978956474,2.8165304246869534,2.749276057794205,2.8002262115478516,1195928,0.0,0.0
2020-09-28,2.810416820158954,2.8206067352694872,2.6922122825957255,2.7166686058044434,1719486,0.0,0.0
2020-09-29,2.712592126072264,2.7248198459775814,2.6514514773216256,2.688136100769043,1801424,0.0,0.0
2020-09-30,2.7105541137981515,2.771694478377606,2.6738697779519454,2.7594661712646484,2159600,0.0,0.0
2020-10-01,2.7615042881956433,2.949001270415416,2.735009869385514,2.932697057723999,2897642,0.0,0.0
2020-10-02,2.914355709830623,2.9612293759899466,2.879709472914557,2.9225075244903564,3551035,0.0,0.0
2020-10-05,2.9653055276808775,2.9979133680612584,2.8552525294789683,2.9245452880859375,4366194,0.0,0.0
2020-10-06,2.983647401146165,3.0162552399251576,2.9286210511207393,2.9775331020355225,4844566,0.0,0.0
2020-10-07,3.0244074956636124,3.0244074956636124,2.9347352113977756,2.9816088676452637,4478256,0.0,0.0
2020-10-08,2.9958750103578855,3.08554788104284,2.977532991943027,3.0692436695098877,4571942,0.0,0.0
2020-10-09,3.1242702328768863,3.1487262591159433,2.9958752168829257,3.0060651302337646,25841704,0.0,0.0
2020-10-13,3.0060654546608725,3.01684777550322,2.8896183100550332,2.9111826419830322,9655695,0.268887,0.0
2020-10-14,2.906869728876759,2.9650934526404926,2.831394416680557,2.9543111324310303,7545498,0.0,0.0
2020-10-15,2.9154951248746004,3.008222022689759,2.8809925685698934,2.960780620574951,5913672,0.0,0.0
2020-10-16,2.967249888601667,2.988813599096273,2.9068696406767582,2.960780620574951,3517296,0.0,0.0
2020-10-19,2.9672498388774535,2.9866576426323723,2.8378638609980014,2.868053674697876,4431263,0.0,0.0
2020-10-20,2.868053660176281,2.943528968435478,2.8594281761666545,2.932746648788452,6755040,0.0,0.0
2020-10-21,2.941372385777727,3.044881300362393,2.9305903749600306,3.010378122329712,36090243,0.0,0.0
2020-10-22,3.0103778722512367,3.044881047417666,2.967249832563189,3.0060651302337646,4087245,0.0,0.0
2020-10-23,3.0082219396411736,3.0082219396411736,2.8766797470538985,2.913339138031006,3617308,0.0,0.0
2020-10-26,2.911182667624822,2.911182667624822,2.7947355219933128,2.861584424972534,2901859,0.0,0.0
2020-10-27,2.8594283500022457,2.8594283500022457,2.796891883468981,2.8206124305725098,1667673,0.0,0.0
2020-10-28,2.7710142968912996,2.7710142968912996,2.59634358204261,2.6028130054473877,6977055,0.0,0.0
2020-10-29,2.600656032562256,2.609282136485227,2.4712706688512145,2.600656032562256,5398850,0.0,0.0
2020-10-30,2.5898737903270526,2.602812635296551,2.419515687259017,2.4302978515625,5852520,0.0,0.0
2020-11-03,2.4993037454088975,2.5079298491333084,2.378543868887187,2.41951584815979,6968921,0.0,0.0
2020-11-04,2.4281419248559724,2.5208680473895324,2.4152030791700505,2.479896068572998,4648458,0.0,0.0
2020-11-05,2.505773452717734,2.585561513900757,2.492835224932695,2.585561513900757,3416380,0.0,0.0
2020-11-06,2.5747793357335036,2.671818831482275,2.5143995457777524,2.654567241668701,4810225,0.0,0.0
2020-11-09,2.723573065513362,2.7494501412761023,2.635159516819524,2.6912267208099365,4962351,0.0,0.0
2020-11-10,2.7084781710914205,2.7602323199405143,2.6653495072127114,2.706321954727173,7598215,0.0,0.0
2020-11-11,2.7063215796003917,2.710634321487789,2.6480972409456234,2.678287982940674,3302812,0.0,0.0
2020-11-12,2.6782884890231764,2.702008728764305,2.5575276665208952,2.5920310020446777,4592126,0.0,0.0
2020-11-13,2.6028131535765935,2.6976959705352783,2.589874306030673,2.6976959705352783,4552061,0.0,0.0
2020-11-16,2.7257295782320834,2.7494498151924347,2.6092821315969483,2.7278854846954346,3447107,0.0,0.0
2020-11-17,2.710634400273527,2.710634400273527,2.6480973179136944,2.6675057411193848,6383910,0.0,0.0
2020-11-18,2.6524114117649074,2.7020087272047677,2.620064757367668,2.628690242767334,3154601,0.0,0.0
2020-11-19,2.6200644900644394,2.695539802786744,2.596343478365278,2.689070224761963,2824440,0.0,0.0
2020-11-23,2.691226715576829,2.691226715576829,2.6157520146678346,2.628690242767334,2273771,0.0,0.0
2020-11-24,2.6459415200155445,2.727885480157136,2.602812859093296,2.7127907276153564,6711661,0.0,0.0
2020-11-25,2.7127905651659834,2.7839528204506334,2.699852339372096,2.7710139751434326,3133514,0.0,0.0
2020-11-26,2.7710142208218036,2.7774837989273258,2.7171035479959254,2.7602322101593018,1271841,0.0,0.0
2020-11-27,2.758076052139914,2.8464895946127244,2.749449947817008,2.814142942428589,2985604,0.0,0.0
2020-11-30,2.8119871079679823,2.842176925088847,2.699852705001831,2.699852705001831,3120561,0.0,0.0
2020-12-01,2.7451369411788784,2.773170848259846,2.6847573142972867,2.732198715209961,3977292,0.0,0.0
2020-12-02,2.7365115602572563,2.8098300353822774,2.727885456439795,2.7882657051086426,2937105,0.0,0.0
2020-12-03,2.8249251323068374,2.928434042796509,2.775327512799577,2.8766798973083496,8365176,0.0,0.0
2020-12-04,2.8960872662688018,2.902556533481786,2.7925780615911706,2.8249247074127197,2775940,0.0,0.0
2020-12-07,2.822768694343367,2.8594280843555295,2.7321986370970355,2.8119866847991943,3272688,0.0,0.0
2020-12-08,2.801204164217322,2.8357067161821496,2.771013734295681,2.8249247074127197,2325584,0.0,0.0
2020-12-09,2.8464895344860546,2.876679969708439,2.7084780633685974,2.7602322101593018,3811609,0.0,0.0
2020-12-10,2.7602320263185867,2.7753273978027186,2.654566903982971,2.7408242225646973,3475423,0.0,0.0
2020-12-11,2.72357304073466,2.7580762211133587,2.6955400585079192,2.7559196949005127,2269553,0.0,0.0
2020-12-14,2.7559197678038276,2.8206127680901694,2.734355434375047,2.803361177444458,2612366,0.0,0.0
2020-12-15,2.8033606857581503,2.8680536746978764,2.779640139976582,2.868053674697876,2520186,0.0,0.0
2020-12-16,2.8788359943994957,2.8788359943994957,2.7688581300316257,2.868053674697876,4274316,0.0,0.0
2020-12-17,2.8680538040916788,2.874523382058527,2.809830080443464,2.8227689266204834,2800943,0.0,0.0
2020-12-18,2.820612486618649,2.855115664466968,2.783953092472325,2.8012046813964844,4763231,0.0,0.0
2020-12-21,2.73219922227252,2.7904229535998915,2.671818964671774,2.7300426959991455,3959518,0.0,0.0
2020-12-22,2.738668129627198,2.740824655859664,2.6782884926852786,2.6912267208099365,3267265,0.0,0.0
2020-12-23,2.6998525914098086,2.7063218597890026,2.633002762059206,2.648097515106201,4028804,0.0,0.0
2020-12-28,2.665349327891839,2.678288173990302,2.630846461061514,2.6696617603302,2147249,0.0,0.0
2020-12-29,2.682600949753912,2.7580759525299072,2.641628814239991,2.7580759525299072,2874748,0.0,0.0
2020-12-30,2.7623886769833192,2.8227689266204834,2.723572757965617,2.8227689266204834,6160389,0.0,0.0
2021-01-04,2.9564677125342023,2.97587520576837,2.807673317244648,2.8658976554870605,11150757,0.0,0.0
2021-01-05,2.8702107148883518,2.8960877884056755,2.7645455850170317,2.8551156520843506,5181957,0.0,0.0
2021-01-06,2.859428250080368,2.8723664764292494,2.7300422695115114,2.7796401977539062,5455785,0.0,0.0
2021-01-07,2.7774837307418276,2.790422576878547,2.6912264085326383,2.7171034812927246,3685991,0.0,0.0
2021-01-08,2.730042493563618,2.8680539696915384,2.702008583358645,2.8486461639404297,6343544,0.0,0.0
2021-01-11,2.911182800792361,3.029786787744728,2.896088046400347,2.9219651222229004,13079305,0.0,0.0
2021-01-12,2.945685653317601,3.1009484007082135,2.9176520543814704,3.085853338241577,7297576,0.0,0.0
2021-01-13,3.1807359717399186,3.2324907343035854,3.0944792731604545,3.128981828689575,11300172,0.0,0.0
2021-01-14,3.1677980384975637,3.2389606112818567,3.1527032852172847,3.152703285217285,8005795,0.0,0.0
2021-01-15,3.152703601245117,3.1634856132056353,3.0427250968048165,3.126826524734497,4545433,0.0,0.0
2021-01-18,3.1527035814725273,3.178580657820856,3.029786849304526,3.053507089614868,3519103,0.0,0.0
2021-01-19,3.083697419583826,3.0966356462455633,2.999596003594095,3.0233168601989746,3250396,0.0,0.0
2021-01-20,3.0297863928313022,3.0599762074369927,2.9435290716569344,2.988813638687134,3025368,0.0,0.0
2021-01-21,2.986657993064525,3.0017527468072362,2.827081873005064,2.850802421569824,5868185,0.0,0.0
2021-01-22,2.883148816749138,3.044881138725898,2.863741012453528,2.9154951572418213,15168415,0.0,0.0
2021-01-26,2.915494978939138,2.9909702850673487,2.8572712598564194,2.885305166244507,4723166,0.0,0.0
2021-01-27,2.876679950067127,2.934903674565815,2.8184556060550743,2.8831489086151123,2781363,0.0,0.0
2021-01-28,2.8853053285234584,3.0513507015878,2.868053740507681,3.038411855697632,3494401,0.0,0.0
2021-01-29,3.003909242065362,3.0405683238277073,2.9435289949148364,2.999595880508423,4564110,0.0,0.0
2021-02-01,3.0448810159725044,3.077227664917815,2.990970347405866,3.0513505935668945,4245999,0.0,0.0
2021-02-02,3.0793836937478813,3.1095744375425136,3.0491938792232656,3.1009483337402344,4479461,0.0,0.0
2021-02-03,3.1052618176005256,3.2044573688803304,3.088010228830404,3.1828930377960205,5864570,0.0,0.0
2021-02-04,3.2109266610707947,3.241116477007638,3.1332948207855225,3.1332948207855225,4044770,0.0,0.0
2021-02-05,3.1742677929082372,3.1764236995931325,3.085853626101285,3.109574794769287,2805161,0.0,0.0
2021-02-08,3.118200385882971,3.2195524742929162,3.085853730837275,3.169954538345337,3679665,0.0,0.0
2021-02-09,3.1699542886960317,3.1915186204426274,3.126826244716227,3.1656415462493896,3202197,0.0,0.0
2021-02-10,3.241116402840251,3.241116402840251,3.051350787842486,3.075071334838867,4984041,0.0,0.0
2021-02-11,3.075071390076425,3.1505463941822054,3.0578204207764643,3.113887310028076,2386134,0.0,0.0
2021-02-12,3.11388697056002,3.1160434963657586,3.0599759937131132,3.0729148387908936,2564168,0.0,0.0
2021-02-17,3.111730497981314,3.111730497981314,3.0427247617146644,3.064289093017578,2808776,0.0,0.0
2021-02-18,3.0642889909305753,3.0707585688869337,2.9780322881059424,3.0082221031188965,3461867,0.0,0.0
2021-02-19,3.0168477195458347,3.11173053046376,2.9866579032119622,3.094479560852051,2290640,0.0,0.0
2021-02-22,3.0017529355905,3.0039097716275327,2.8831492560374934,2.902557373046875,4659303,0.0,0.0
2021-02-23,2.909026190790759,2.962936867120982,2.870210887931312,2.9586241245269775,3089533,0.0,0.0
2021-02-24,2.962936799152908,2.9995961945094636,2.9241214971838616,2.9737191200256348,2564168,0.0,0.0
2021-02-25,2.973718562269658,3.019003743879286,2.857271129420122,2.872366189956665,2393665,0.0,0.0
2021-02-26,2.8831489088932543,2.911182508135078,2.751606707010085,2.7667014598846436,3024766,0.0,0.0
2021-03-01,2.8141432050284485,2.8141432050284485,2.7106348996018172,2.7343554496765137,2094231,0.0,0.0
2021-03-02,2.6955395974408,2.7947351399138585,2.6006558676290674,2.7710139751434326,5284981,0.0,0.0
2021-03-03,2.7688583106181124,2.7688583106181124,2.609282198874479,2.6869137287139893,4065555,0.0,0.0
2021-03-04,2.695539877858645,2.7559195102047256,2.6351593162424978,2.6631932258605957,3991751,0.0,0.0
2021-03-05,2.6567237346512522,2.734354949521293,2.615751601328732,2.725729465484619,3644721,0.0,0.0
2021-03-08,2.708478069085399,2.708478069085399,2.490678386651974,2.501460552215576,4910839,0.0,0.0
2021-03-09,2.512242871226135,2.529494461084293,2.404421209004403,2.4130473136901855,3642311,0.0,0.0
2021-03-10,2.4324550269957648,2.507930192471977,2.4044212702019157,2.492835283279419,3223284,0.0,0.0
2021-03-11,2.529494231668058,2.6696617603302,2.5187120664237894,2.6696617603302,4323117,0.0,0.0
2021-03-12,2.652411023824311,2.6804440021514893,2.5920306214392346,2.6804440021514893,3472411,0.0,0.0
2021-03-15,2.69553967612585,2.8292377774653477,2.6480973452001177,2.818455457687378,5138879,0.0,0.0
2021-03-16,2.8896181728358226,2.9154952460179198,2.654567058909504,2.693382978439331,5526276,0.0,0.0
2021-03-17,2.6955399554338695,2.857271671295166,2.663193302504912,2.857271671295166,5772089,0.0,0.0
2021-03-18,2.8551155685354392,2.8551155685354392,2.7020084189304487,2.7171034812927246,4835830,0.0,0.0
2021-03-19,2.747293953394971,2.771014190740969,2.6696618047816,2.7623887062072754,4045975,0.0,0.0
2021-03-22,2.7580760803469486,2.7796404121046825,2.704165405830962,2.7386679649353027,2844322,0.0,0.0
2021-03-23,2.7041649028768915,2.7321984979722407,2.6567235057362937,2.671818256378174,3544408,0.0,0.0
2021-03-24,2.6761314621314627,2.7063218979208914,2.579091970441247,2.5941874980926514,1582723,0.0,0.0
2021-03-25,2.596343729803633,2.7106348180811994,2.5575276518009358,2.6976959705352783,2886195,0.0,0.0
2021-03-26,2.7149475355480317,2.7149475355480317,2.604969655604272,2.673975706100464,1214605,0.0,0.0
2021-03-29,2.63515911438911,2.671818505958999,2.566153537933925,2.5704662799835205,2434935,0.0,0.0
2021-03-30,2.5575275450542017,2.695539951324463,2.548902060059214,2.695539951324463,3806186,0.0,0.0
2021-03-31,2.6955395700035707,2.738667608390853,2.6243770056866103,2.678287982940674,4684607,0.0,0.0
2021-04-01,2.6847574823024623,2.7127907716243587,2.622220396364329,2.6308465003967285,2027656,0.0,0.0
2021-04-05,2.663192903860171,2.693382716383032,2.6373152136825158,2.6847572326660156,1921619,0.0,0.0
2021-04-06,2.6761313461703624,2.7278854916905346,2.6653493357725524,2.7171034812927246,2229789,0.0,0.0
2021-04-07,2.717103127817088,2.7494494645591687,2.6437843515261887,2.671818256378174,2843418,0.0,0.0
2021-04-08,2.6761313452661697,2.7235727485625243,2.6028128692184724,2.6588797569274902,5089777,0.0,0.0
2021-04-09,2.652411319729292,2.809830294769841,2.6480976479090024,2.78179669380188,5130746,0.0,0.0
2021-04-12,2.7925785371043297,2.868053850368602,2.71710353359674,2.840019941329956,5422347,0.0,0.0
2021-04-13,2.8853057683765115,2.9327471780171415,2.7968922181482134,2.803361177444458,10236488,0.0,0.0
2021-04-14,2.833551265406613,2.883148885424565,2.7839530258753022,2.8162996768951416,5981753,0.0,0.0
2021-04-15,2.8162997442659523,2.8615843133609826,2.760232235140777,2.8012046813964844,3291967,0.0,0.0
2021-04-16,2.799047845058383,2.8702104091644287,2.7688580324227714,2.8702104091644287,7163523,0.0,0.0
2021-04-19,2.87883580243163,2.880992328179484,2.8206120852927112,2.8335509300231934,1755936,0.0,0.0
2021-04-20,2.8335510563221478,2.8443333757853724,2.751606481574273,2.7710139751434326,2388242,0.0,0.0
2021-04-22,2.790422427875324,2.8206122412311205,2.753763036918292,2.786109685897827,4336673,0.0,0.0
2021-04-23,2.7990481666403504,2.8206124980042526,2.764545608166133,2.8055174350738525,1750514,0.0,0.0
2021-04-26,2.803360974097815,2.878836290502173,2.79257865328718,2.8486461639404297,2658155,0.0,0.0
2021-04-27,2.8637412496863157,2.915495398761931,2.835707339261427,2.857271671295166,2456926,0.0,0.0
2021-04-28,2.8572718561380506,2.87452375654048,2.7602325105868966,2.803361177444458,2038501,0.0,0.0
2021-04-29,2.8055172031649107,2.83570701677348,2.7645453796439936,2.7947351932525635,1654719,0.0,0.0
2021-04-30,2.7861099030680223,2.796891913730524,2.7408244051127877,2.7602322101593018,2413246,0.0,0.0
2021-05-03,2.7753276077669318,2.827081755026037,2.7559194927880806,2.8012046813964844,2067721,0.0,0.0
2021-05-04,2.8033605155895285,2.8141425248799985,2.753762901145392,2.7839527130126953,1297447,0.0,0.0
2021-05-05,2.7947354675878135,2.7947354675878135,2.7321989985902073,2.7494499683380127,1965902,0.0,0.0
2021-05-06,2.753763587203686,2.7990484711650025,2.69122680261495,2.7753279209136963,2419270,0.0,0.0
2021-05-07,2.7796398369218327,2.8249247074127197,2.7645450865959567,2.8249247074127197,1974638,0.0,0.0
2021-05-10,2.8680535728448686,2.9629363721149025,2.8357069246453985,2.939216136932373,9807219,0.0,0.0
2021-05-11,2.9327469882916013,2.939216566682751,2.848646186287029,2.857271671295166,6189007,0.0,0.0
2021-05-12,2.8745236585795584,2.919808230650324,2.8249254146025757,2.835707426071167,4754495,0.0,0.0
2021-05-13,2.852958601362755,2.8874620862188976,2.809829942245067,2.863740921020508,4526756,0.0,0.0
2021-05-14,2.889618165483959,2.9176520743688146,2.8508022460528886,2.878836154937744,4341191,0.0,0.0
2021-05-17,2.913339371174046,3.116043836068914,2.8939309465631924,3.113887310028076,14972006,0.0,0.0
2021-05-18,3.1009488287104334,3.137608536695015,3.0103784414098196,3.126826524734497,8715520,0.0,0.0
2021-05-19,3.0815403225005453,3.1332944637850626,3.0729148387908936,3.0729148387908936,6841195,0.0,0.0
2021-05-20,3.0389224436042963,3.054785290155402,2.975469429806911,3.0275914669036865,4566821,0.229052,0.0
2021-05-21,3.043455229946077,3.047987426195219,2.8734928250640825,2.918816089630127,5206357,0.0,0.0
2021-05-24,2.925614281943455,2.925614281943455,2.821371173499781,2.855363130569458,4610200,0.0,0.0
2021-05-25,2.8870898121862045,2.8870898121862045,2.828169312991828,2.832702159881592,4712020,0.0,0.0
2021-05-26,2.8327024077844927,2.9278811331657235,2.828169560498038,2.918816089630127,3739913,0.0,0.0
2021-05-27,2.9301460599492035,2.9913324854017116,2.884822805948722,2.9822680950164795,4032419,0.0,0.0
2021-05-28,3.002663291625696,3.0139942684718446,2.936944993096144,3.0003976821899414,2947347,0.0,0.0
2021-05-31,2.9822681804041795,3.0933100582291138,2.9822681804041795,3.091043472290039,4497536,0.0,0.0
2021-06-01,3.1159722959063574,3.2383448487539734,3.1159722959063574,3.199820041656494,7829267,0.0,0.0
2021-06-02,3.2020863957557424,3.231546157259526,3.1680937873338015,3.2156829833984375,4625563,0.0,0.0
2021-06-04,3.2156831398325347,3.240611357705368,3.1884893121869813,3.2134175300598145,2830465,0.0,0.0
2021-06-07,3.213417445625267,3.2814016874341774,3.2020864673915845,3.2678050994873047,4317695,0.0,0.0
2021-06-08,3.272337500400772,3.340322397504532,3.2338126928234425,3.30859637260437,5605502,0.0,0.0
2021-06-09,3.3403219830734576,3.3403219830734576,3.2179494438842786,3.2610061168670654,2827754,0.0,0.0
2021-06-10,3.276869643239011,3.301797536092882,3.2202154004836046,3.2859346866607666,2736478,0.0,0.0
2021-06-11,3.3085959044989783,3.310861514033511,3.197553368224927,3.238344430923462,2609053,0.0,0.0
2021-06-14,3.2564744637041967,3.331257495628676,3.2315465693835894,3.313128709793091,2681049,0.0,0.0
2021-06-15,3.3108613881447155,3.319926430087056,3.215682679491927,3.28366756439209,5168401,0.0,0.0
2021-06-16,3.285934150396274,3.3176601696014707,3.2406108937961653,3.28366756439209,3116946,0.0,0.0
2021-06-17,3.28140163182484,3.3380555454772374,3.2406112176382162,3.245143413543701,3182918,0.0,0.0
2021-06-18,3.249675401837337,3.3969758283379012,3.2406110106054644,3.3652491569519043,6074234,0.0,0.0
2021-06-21,3.381113145920919,3.4309686022036043,3.3312570386009805,3.3969759941101074,4483076,0.0,0.0
2021-06-22,3.396976260278837,3.396976260278837,3.2564742720960176,3.2859346866607666,4803898,0.0,0.0
2021-06-23,3.3108619718818653,3.369782476265143,3.2972653831269407,3.3312573432922363,5830831,0.0,0.0
2021-06-24,3.333523262227731,3.4332341736848444,3.333523262227731,3.4037747383117676,5652797,0.0,0.0
2021-06-25,3.4219032882573277,3.4944203690147857,3.276869126742412,3.3335230350494385,4462592,0.0,0.0
2021-06-28,3.3085963521380237,3.3539189655561916,3.2700708937616905,3.2814018726348877,3052179,0.0,0.0
2021-06-29,3.2814016874341774,3.2995311224006145,3.125036531543545,3.2678050994873047,9760226,0.0,0.0
2021-06-30,3.251942133091412,3.251942133091412,3.134101774834722,3.172626256942749,13748965,0.0,0.0
2021-07-01,3.154497003256976,3.1862230300326475,3.0842464921452275,3.1159725189208984,8864032,0.0,0.0
2021-07-02,3.1295690984554785,3.1590285324629623,3.091043645701669,3.1386334896087646,2963011,0.0,0.0
2021-07-05,3.14543173641572,3.14543173641572,3.075180593781765,3.095576286315918,1904147,0.0,0.0
2021-07-06,3.0819790932006588,3.0865112885400325,2.9709372149593913,2.977735996246338,4196294,0.0,0.0
2021-07-07,2.9935993175373117,3.025325666501124,2.946009794091593,2.998131513595581,6524590,0.0,0.0
2021-07-08,2.9437432965642123,2.9935987457573097,2.848564593370633,2.9822680950164795,10775108,0.0,0.0
2021-07-12,3.0185270458180913,3.0638503109030184,2.964139388131106,3.047987461090088,5237385,0.0,0.0
2021-07-13,3.093310497363075,3.159028803700784,3.043455039664923,3.0978426933288574,9547248,0.0,0.0
2021-07-14,3.100108984114856,3.2224818570819207,3.097842723350684,3.1952877044677734,5090078,0.0,0.0
2021-07-15,3.1952879286799023,3.2270142795299805,3.1205045734010963,3.147698402404785,3148576,0.0,0.0
2021-07-16,3.147697775911817,3.215682660408525,3.1137051709041645,3.127302408218384,4253831,0.0,0.0
2021-07-19,3.0729149838265895,3.1227704391979945,3.0343905061187795,3.1137053966522217,2604835,0.0,0.0
2021-07-20,3.12277054042543,3.1363671281289727,3.077447279339096,3.088778257369995,2235814,0.0,0.0
2021-07-21,3.0887786819215504,3.122770969649213,3.0434554146055492,3.06611704826355,2496689,0.0,0.0
2021-07-22,3.0593180479614404,3.134101726689366,3.0593180479614404,3.1295695304870605,2728645,0.0,0.0
2021-07-23,3.1386334390733674,3.161295067628922,3.0389225338438104,3.045720338821411,3877581,0.0,0.0
2021-07-26,3.0366562186171437,3.0434550007568544,2.9482759570244834,2.9664053916931152,2719909,0.0,0.0
2021-07-27,2.946009429167759,2.9664051227001513,2.8802908041109236,2.9029524326324463,3928491,0.0,0.0
2021-07-28,2.9142835585249194,2.9528080360127396,2.8734924948949785,2.9233479499816895,6384212,0.0,0.0
2021-07-29,2.9165499210357666,2.946009682577351,2.907484878225079,2.9165499210357666,1777927,0.0,0.0
2021-07-30,2.9006861142960263,2.9120167655715967,2.8009752112040647,2.8802907466888428,5498260,0.0,0.0
2021-08-02,2.909751315673181,2.980001813159229,2.859895861393878,2.934678554534912,4217381,0.0,0.0
2021-08-03,2.9369453777739682,2.9414775737948915,2.8123062437342283,2.898420572280884,3071760,0.0,0.0
2021-08-04,2.891621882016009,2.9346785545349126,2.855363014701665,2.934678554534912,2974459,0.0,0.0
2021-08-05,2.9414771154569967,2.955074352438338,2.841766214384421,2.8576290607452393,4408368,0.0,0.0
2021-08-06,2.8666938059486116,3.07971319694151,2.8462987617504623,3.0593178272247314,9050501,0.0,0.0
2021-08-09,3.0525193843527667,3.1839569715498377,3.0457206022313636,3.10917329788208,7621109,0.0,0.0
2021-08-10,3.125036674658313,3.147698306644857,2.9754699686508506,2.9800021648406982,11695703,0.0,0.0
2021-08-11,2.9913326668008433,3.0253252721218598,2.9233477816774105,2.959606647491455,3724249,0.0,0.0
2021-08-12,2.9596066539357317,2.9686710448903795,2.8462985118166255,2.889355182647705,6367342,0.0,0.0
2021-08-13,2.8961540113364115,2.9550745066133772,2.8508307537501953,2.8780245780944824,3480544,0.0,0.0
2021-08-16,2.868960524918874,2.8712267857207032,2.6967323536680077,2.717127561569214,7531942,0.0,0.0
2021-08-17,2.7125952766937678,2.7125952766937678,2.5448993070170487,2.667271852493286,14974416,0.0,0.0
2021-08-18,2.6718042557373076,2.859896261038432,2.631013838105113,2.7919113636016846,11448082,0.0,0.0
2021-08-19,2.748854359547342,2.8145729960806003,2.70353109458951,2.7919113636016846,8497722,0.0,0.0
2021-08-20,2.769249139316079,2.832702159881592,2.737523117311264,2.832702159881592,4991271,0.0,0.0
2021-08-23,2.8327021724532093,2.848565020766703,2.7465875212057194,2.762450695037842,4386076,0.0,0.0
2021-08-24,2.7941763201128946,2.961872100830078,2.7737809533064635,2.961872100830078,4282751,0.0,0.0
2021-08-25,2.9618724479066993,2.970937490463257,2.884823166880793,2.970937490463257,3353119,0.0,0.0
2021-08-26,2.959607119109909,2.9800021647227446,2.905219462759277,2.943743944168091,4112248,0.0,0.0
2021-08-27,2.9573403250278423,3.036656194166172,2.918815846324801,3.023059606552124,5098814,0.0,0.0
2021-08-30,3.0139941363108185,3.0185263315393867,2.939211124687237,2.961872100830078,1767685,0.0,0.0
2021-08-31,2.961872311662237,3.029857523560167,2.8508307537501953,2.8780245780944824,5309081,0.0,0.0
2021-09-01,2.8825576076773545,2.9052192379090993,2.85083093473056,2.855363130569458,2143333,0.0,0.0
2021-09-02,2.8530974877766857,2.891622295670293,2.7919113728477734,2.841766834259033,3334141,0.0,0.0
2021-09-03,2.8304354535030845,2.8666936698209606,2.7148615345034934,2.719393730163574,6335410,0.0,0.0
2021-09-06,2.7193938156561988,2.7601840661572177,2.7012643814086914,2.7012643814086914,1989700,0.0,0.0
2021-09-08,2.6989978761886797,2.7035308859237768,2.5630287428469627,2.5788917541503906,2950058,0.0,0.0
2021-09-09,2.5856902879157353,2.6128841136831773,2.495043767999431,2.5970211029052734,2303895,0.0,0.0
2021-09-10,2.6491425742306602,2.6808694124956935,2.6106179299369434,2.63327956199646,3620320,0.0,0.0
2021-09-13,2.6355456576131004,2.762450553489513,2.6355456576131004,2.757918357849121,3325104,0.0,0.0
2021-09-14,2.7873790391135174,2.8825577609399486,2.742055450721593,2.87349271774292,9190879,0.0,0.0
2021-09-15,2.8666938805348927,2.884823315545033,2.7896445955383884,2.8508310317993164,6569174,0.0,0.0
2021-09-16,2.819105132638386,2.8327023722525677,2.735257061691084,2.7533864974975586,3778472,0.0,0.0
2021-09-17,2.753386356268661,2.7669829441481317,2.6854014637594967,2.748854160308838,3160325,0.0,0.0
2021-09-20,2.649142467974927,2.773781439303064,2.649142467974927,2.7420554161071777,5598875,0.0,0.0
2021-09-21,2.757918355239434,2.823636982315303,2.7397889216577953,2.778313398361206,2731658,0.0,0.0
2021-09-22,2.814572476027373,2.8485647557056075,2.7715148288915454,2.8191046714782715,3440479,0.0,0.0
2021-09-23,2.8055075675055523,2.8304357858784432,2.7012646136929344,2.7533864974975586,4448433,0.0,0.0
2021-09-24,2.71259535004602,2.78964463616461,2.6944657520125346,2.787379026412964,3789919,0.0,0.0
2021-09-27,2.753386244221174,2.7783134837451207,2.719393799349895,2.7601840496063232,2982291,0.0,0.0
2021-09-28,2.746587693654179,2.746587693654179,2.621948718626502,2.6899337768554688,4856314,0.0,0.0
2021-09-29,2.6989978497776614,2.712595251256727,2.5970211635285825,2.6038191318511963,4557483,0.0,0.0
2021-09-30,2.6060853851206027,2.633279209746887,2.55849635478391,2.587955951690674,3373001,0.0,0.0
2021-10-01,2.5720927742235906,2.821370840072632,2.556229765143496,2.821370840072632,5980849,0.0,0.0
2021-10-04,2.819104902203823,2.819104902203823,2.6446101547653873,2.7148616313934326,5590440,0.0,0.0
2021-10-05,2.7261925323932843,2.735256924322643,2.6423444656569504,2.6650054454803467,3215452,0.0,0.0
2021-10-06,2.6287474337133814,2.685401678085327,2.5358351304910856,2.685401678085327,5161472,0.0,0.0
2021-10-07,2.7057967835285854,2.7397892311956213,2.6559411610650674,2.6740705966949463,3852879,0.0,0.0
2021-10-08,2.703530911217864,2.8530972848117213,2.6876670859694305,2.7987096309661865,11512849,0.0,0.0
2021-10-11,2.7987096179414377,2.810040596118949,2.737523182131326,2.748854160308838,2487050,0.0,0.0
2021-10-13,2.76018396309402,2.893888128778692,2.744321115618038,2.8644280433654785,4768954,0.0,0.0
2021-10-14,2.918815466929405,2.918815466929405,2.7828453767205037,2.8077735900878906,3072663,0.0,0.0
2021-10-15,2.887089573186944,2.993598933812163,2.8372341208619773,2.889355182647705,8916749,0.0,0.0
2021-10-18,2.8644284227391843,2.8916222511780583,2.791911329889751,2.8689606189727783,4299018,0.0,0.0
2021-10-19,2.8666939785301775,2.8666939785301775,2.624215136990753,2.6740705966949463,8933016,0.0,0.0
2021-10-20,2.6876669869249494,2.721659594844368,2.6242149434558844,2.646876573562622,5165991,0.0,0.0
2021-10-21,2.5675610122468266,2.6128842750032475,2.4043972337718484,2.4429218769073486,7527423,0.0,0.0
2021-10-22,2.4179943797572623,2.4179943797572623,2.1891114884905836,2.3069519996643066,8414881,0.0,0.0
2021-10-25,2.331880132038831,2.399865025837304,2.3001541086811232,2.39306640625,5464521,0.0,0.0
2021-10-26,2.390799973272795,2.390799973272795,2.2299026197811314,2.254830837249756,4785824,0.0,0.0
2021-10-27,2.288823478847077,2.3681391947172132,2.2593632256021303,2.3182830810546875,4447228,0.0,0.0
2021-10-28,2.309218255470531,2.3386785031945085,2.1709825472944315,2.1845791339874268,8280828,0.0,0.0
2021-10-29,2.2004423285463512,2.223103959306,2.123393044378453,2.1619176864624023,6945425,0.0,0.0
2021-11-01,2.1845794675891885,2.288823399433028,2.143789050243984,2.2842905521392822,3892643,0.0,0.0
2021-11-03,2.272960226889178,2.3409444680208713,2.2140395638351884,2.334146499633789,8621231,0.0,0.0
2021-11-04,2.3069517928131846,2.350009277532811,2.2276365814381562,2.26389479637146,3612789,0.0,0.0
2021-11-05,2.279758264694014,2.3658725942709653,2.2661616764685717,2.354541778564453,4756604,0.0,0.0
2021-11-08,2.3613402866730167,2.3636060590849377,2.2548307542695545,2.309218406677246,3216958,0.0,0.0
2021-11-09,2.368139159483003,2.445188450481257,2.3409446793308417,2.359074115753174,6487236,0.0,0.0
2021-11-10,2.361340284837323,2.51317324056756,2.3477430462273423,2.4497203826904297,4268592,0.0,0.0
2021-11-11,2.4497202923727093,2.653675120538672,2.4383894776278954,2.522237539291382,8679973,0.0,0.0
2021-11-12,2.5245040149348137,2.5811574387948797,2.4021306597749623,2.4247922897338867,3521212,0.0,0.0
2021-11-16,2.454252672287865,2.454252672287865,2.2774924698303187,2.2910890579223633,2765397,0.0,0.0
2021-11-17,2.3318801340271778,2.3454773732133796,2.1959101835549717,2.236701250076294,2890713,0.0,0.0
2021-11-18,2.257096606637842,2.377203553336806,2.2412335938995493,2.3228158950805664,5981452,0.0,0.0
2021-11-19,2.322815659089591,2.485978617281451,2.3001540286122895,2.4474539756774902,6042905,0.0,0.0
2021-11-22,2.4519870532001846,2.4859788510756395,2.3182830301875366,2.3613405227661133,4843662,0.0,0.0
2021-11-23,2.3794690243553527,2.3794690243553527,2.279758113179811,2.300153970718384,5170208,0.0,0.0
2021-11-24,2.2933555200856457,2.3975986346963163,2.2616294962992005,2.3522753715515137,4771666,0.0,0.0
2021-11-25,2.377203406325453,2.447454072975533,2.3613403945681632,2.4429218769073486,3668218,0.0,0.0
2021-11-26,2.3726713558292545,2.3817357485217574,2.291089217447423,2.359074115753174,3097968,0.0,0.0
2021-11-29,2.3726710880093624,2.3885340989493375,2.3114848166481723,2.347743034362793,4808718,0.0,0.0
2021-11-30,2.3318800536338355,2.379469087070307,2.2253703577122144,2.3069519996643066,5539530,0.0,0.0
2021-12-01,2.329613669117632,2.458784834943772,2.3069520382345456,2.3318800926208496,10964288,0.0,0.0
2021-12-02,2.3500096101746966,2.408929461920321,2.3092185429432366,2.4021308422088623,4683101,0.0,0.0
2021-12-03,2.4021308476247785,2.576625444506069,2.3998650750740467,2.5720932483673096,6836978,0.0,0.0
2021-12-06,2.5788917129535074,2.730724668969759,2.5313020287661843,2.6944656372070312,8479347,0.0,0.0
2021-12-07,2.7193940284331064,2.7647171293202097,2.6718041784301128,2.6899337768554688,6502298,0.0,0.0
2021-12-08,2.7103288028810164,2.862161595682211,2.6604731836695983,2.832702159881592,5283776,0.0,0.0
2021-12-09,2.8576295464283734,3.011729096098507,2.674070559446328,2.717127561569214,12856085,0.0,0.0
2021-12-10,2.7307248639179265,2.959607119109909,2.7307248639179265,2.943743944168091,6522481,0.0,0.0
2021-12-13,2.966405559792208,2.9686714951152187,2.859896183013916,2.859896183013916,3642612,0.0,0.0
2021-12-14,2.8644280991758704,2.9142835541883954,2.7239259628222685,2.764716863632202,6905661,0.0,0.0
2021-12-15,2.7987095040495458,2.7987095040495458,2.6582073660297305,2.7601840496063232,3088328,0.0,0.0
2021-12-16,2.825903444737649,2.825903444737649,2.683134877501632,2.748854160308838,2724127,0.0,0.0
2021-12-17,2.7148615817100215,2.8417664803443827,2.701264343456119,2.816838264465332,5747086,0.0,0.0
2021-12-20,2.757918429215603,2.855363079395198,2.757918429215603,2.8304355144500732,5527481,0.0,0.0
2021-12-21,2.8462986760832703,2.873492501553836,2.778313461369618,2.816838264465332,5267810,0.0,0.0
2021-12-22,2.8372343080110896,2.884823177458541,2.8032417003738432,2.8440327644348145,1983374,0.0,0.0
2021-12-23,2.855363227792533,2.8893555115382497,2.7783136172773912,2.8508310317993164,2436441,0.0,0.0
2021-12-27,2.823636929405908,2.912016858524842,2.8077737566988716,2.8780245780944824,2342454,0.0,0.0
2021-12-28,2.89615434917956,2.9256144374953275,2.8485651510256664,2.87349271774292,18975506,0.0,0.0
2021-12-29,2.8802909579214773,2.898420391914267,2.7760478517781033,2.816838264465332,2814801,0.0,0.0
2021-12-30,2.8213709043298443,2.8825573326699905,2.8009752112040647,2.8802907466888428,4839746,0.0,0.0
2022-01-03,2.880291246068269,2.880291246068269,2.71712762588461,2.7533864974975586,3235334,0.0,0.0
2022-01-04,2.7556521706099626,2.760184366906355,2.6514090516436712,2.6559412479400635,7436448,0.0,0.0
2022-01-05,2.637811592729786,2.6423444396871862,2.476914405822754,2.476914405822754,7302095,0.0,0.0
2022-01-06,2.474647827786894,2.497309621259265,2.404397163198788,2.4225265979766846,7033387,0.0,0.0
2022-01-07,2.3930663204346216,2.472382189781227,2.3907998969743667,2.411195755004883,5536217,0.0,0.0
2022-01-10,2.3794691657940645,2.395332828501659,2.3182828916158438,2.3568081855773926,1774011,0.0,0.0
2022-01-11,2.3522751288369594,2.3885339960264234,2.3273477273017744,2.3681387901306152,3476327,0.0,0.0
2022-01-12,2.35454143363928,2.4293249365544165,2.3500092382280697,2.3975982666015625,3407343,0.0,0.0
2022-01-13,2.3998647988718327,2.440655861500588,2.343210726064456,2.406663417816162,3920056,0.0,0.0
2022-01-14,2.4089292502114183,2.465583324432373,2.3069519166137002,2.465583324432373,4830106,0.0,0.0
2022-01-17,2.445188230831908,2.5154390582408763,2.3975985458778966,2.458784818649292,3343479,0.0,0.0
2022-01-18,2.47464787694326,2.47464787694326,2.368138991720937,2.379469156265259,2424693,0.0,0.0
2022-01-19,2.397598532982352,2.551697914104063,2.3885341411528493,2.529036283493042,7787696,0.0,0.0
2022-01-20,2.574359784293811,2.7760482178461228,2.5426331078634306,2.735257148742676,13938446,0.0,0.0
2022-01-21,2.703530561246708,2.773781054690862,2.683134542657617,2.737522840499878,3978497,0.0,0.0
2022-01-24,2.7284582188589206,2.7375230987805175,2.655940969838586,2.7148616313934326,4170387,0.0,0.0
2022-01-25,2.6786028845592864,2.8598962705096693,2.6786028845592864,2.841766834259033,3818537,0.0,0.0
2022-01-26,2.8530970360912984,2.977736158165312,2.8168381693303144,2.92561411857605,6197442,0.0,0.0
2022-01-27,2.909751268217442,3.043454781322994,2.9052190726363722,3.0321238040924072,8565502,0.0,0.0
2022-01-28,3.020793439498355,3.075181093715018,2.984534243810421,3.057051658630371,3787208,0.0,0.0
2022-01-31,3.0434554212641123,3.138634152628479,3.027592245116938,3.1159725189208984,3864627,0.0,0.0
2022-02-01,3.1114397425053477,3.1544964153509643,3.050253310346377,3.1046409606933594,3729370,0.0,0.0
2022-02-02,3.106908116493902,3.1454326007139324,3.059318262677058,3.1023752689361572,3552842,0.0,0.0
2022-02-03,3.111439618540624,3.229279956955625,3.086511403927077,3.1499640941619873,7633460,0.0,0.0
2022-02-04,3.145432150264844,3.1499643461361932,2.9800019554218466,3.023059606552124,6652015,0.0,0.0
2022-02-07,3.0139945637721675,3.0321239982948227,2.9392115415424453,3.023059606552124,3501631,0.0,0.0
2022-02-08,2.998131225587569,3.0162609846349833,2.948275771661277,2.991332769393921,2952167,0.0,0.0
2022-02-09,3.0502530002136954,3.0819790178508386,2.930146083192935,2.961872100830078,2729248,0.0,0.0
2022-02-10,2.950541795748245,3.002663511818102,2.916549839272881,2.970937490463257,1802930,0.0,0.0
2022-02-11,2.98680089290888,3.063850179842435,2.921082259002542,2.9573404788970947,7418675,0.0,0.0
2022-02-14,2.934678337369105,3.0321236291671996,2.925613946729896,2.9641387462615967,5139180,0.0,0.0
2022-02-15,2.9777360222642333,3.0683818829552676,2.9618721991227477,3.063849687576294,5058146,0.0,0.0
2022-02-16,3.072914866396468,3.093310234789194,3.0094621751498423,3.0321238040924072,3535973,0.0,0.0
2022-02-17,3.013994434995669,3.0502533024917757,2.921081982213087,2.9278807640075684,3066638,0.0,0.0
2022-02-18,2.9664049470958123,2.9709371423243804,2.9052188466765183,2.961872100830078,3557662,0.0,0.0
2022-02-21,2.964138735589949,2.964138735589949,2.8123057984288806,2.821370840072632,3152492,0.0,0.0
2022-02-22,2.837234437908637,2.900686483756022,2.7647170235377927,2.834967851638794,4188161,0.0,0.0
2022-02-23,2.8213713654841373,2.8984206531001004,2.780580298083858,2.8100407123565674,3163337,0.0,0.0
2022-02-24,2.7012644365961296,2.819104947815874,2.658207436276916,2.8123061656951904,3411560,0.0,0.0
2022-02-25,2.8055072258697704,2.814572593706392,2.6876668840334483,2.757918357849121,2914813,0.0,0.0
2022-03-02,2.7692493752955074,2.7692493752955074,2.6967324451234456,2.7329905033111572,2058082,0.0,0.0
2022-03-03,2.730724800861544,2.8100406737391177,2.6967323536680077,2.717127561569214,3623032,0.0,0.0
2022-03-04,2.7148614092129417,2.7171271814198033,2.581157248909696,2.6060853004455566,3466687,0.0,0.0
2022-03-07,2.5811573218792385,2.601553178540771,2.4406558409834194,2.463317632675171,4217080,0.0,0.0
2022-03-08,2.492777063742766,2.5539633275853912,2.4157276281501185,2.483712673187256,4003198,0.0,0.0
2022-03-09,2.5086406587834453,2.766983174135732,2.4814466669675914,2.735257148742676,8893554,0.0,0.0
2022-03-10,2.719393896117396,2.719393896117396,2.6106177756918303,2.667271852493286,2943129,0.0,0.0
2022-03-11,2.6718037485481574,2.6718037485481574,2.4066633173619647,2.485978364944458,17018339,0.0,0.0
2022-03-14,2.5131731642172306,2.6038190317266707,2.4859785250641298,2.5199711322784424,5615443,0.0,0.0
2022-03-15,2.5018425261323403,2.556230180687467,2.4451882852792286,2.5131733417510986,8113037,0.0,0.0
2022-03-16,2.547165598088314,2.5743594233318747,2.365872398988958,2.4157278537750244,10709438,0.0,0.0
2022-03-17,2.4134614864328605,2.4270587248889086,2.2163059233215883,2.2978875637054443,10475373,0.0,0.0
2022-03-18,2.2888232402524147,2.3749369162476284,2.229902577145277,2.3704047203063965,7342461,0.0,0.0
2022-03-21,2.3794691670753925,2.4383896687823157,2.29108906555229,2.39306640625,5721781,0.0,0.0
2022-03-22,2.402130631097456,2.490511540263798,2.3794690014090745,2.465583324432373,7348486,0.0,0.0
2022-03-23,2.470115651115951,2.5109068796843452,2.3975985624760785,2.4882452487945557,5488018,0.0,0.0
2022-03-24,2.4814463545306245,2.637811502955143,2.4701155395972836,2.6355457305908203,9424944,0.0,0.0
2022-03-25,2.651408502354191,2.841766241183655,2.6310132977270206,2.796442985534668,10758841,0.0,0.0
2022-03-28,2.7987094588732733,2.8100404364067746,2.7329901798013054,2.751119613647461,3889630,0.0,0.0
2022-03-29,2.7919112342129484,2.850831085305149,2.7737814733439015,2.8372344970703125,5531999,0.0,0.0
2022-03-30,2.8394998941970098,2.8553630675610457,2.7216595497997336,2.816838264465332,8122677,0.0,0.0
2022-03-31,2.8009757801186383,2.8644284818094055,2.7375234039465335,2.7556521892547607,2526211,0.0,0.0
2022-04-01,2.7669825503021057,2.8757584930413014,2.7465871831079776,2.8576290607452393,3998379,0.0,0.0
2022-04-04,2.850831128719549,2.871226825179013,2.7669830586046658,2.8100407123565674,3780280,0.0,0.0
2022-04-05,2.807774143953232,2.850831146943072,2.6468767851938733,2.671804189682007,6732748,0.0,0.0
2022-04-06,2.6536752646832973,2.6763362443666123,2.547165730504014,2.667271852493286,5788958,0.0,0.0
2022-04-07,2.6604733040412736,2.6989979470865055,2.608352072823346,2.68766713142395,3731479,0.0,0.0
2022-04-08,2.68086905458909,2.69219986910614,2.581157333457415,2.640077829360962,3667917,0.0,0.0
2022-04-11,2.60155372401209,2.615150313600044,2.551698260114885,2.574359893798828,3883606,0.0,0.0
2022-04-12,2.6582072504995327,2.7148614855820195,2.6015531781763497,2.6264805793762207,5232866,0.0,0.0
2022-04-13,2.6536754753105267,2.6854016631819193,2.608352210271969,2.6559412479400635,2729850,0.0,0.0
2022-04-14,2.653675067196309,2.6582072627956856,2.603818962491515,2.640077829360962,5138578,0.0,0.0
2022-04-18,2.619683000071228,2.674070657153222,2.606085760282074,2.6446104049682617,2830164,0.0,0.0
2022-04-19,2.6378115355140177,2.7397890339321194,2.5856903070071042,2.7148616313934326,4296608,0.0,0.0
2022-04-20,2.721659860093463,2.751119949551497,2.676336432703519,2.7465877532958984,2939515,0.0,0.0
2022-04-22,2.7193937936494055,2.7193937936494055,2.6015532857907977,2.6355457305908203,2661167,0.0,0.0
2022-04-25,2.6083519049582504,2.6355457305908203,2.5562300260574338,2.6355457305908203,2932586,0.0,0.0
2022-04-26,2.6219484935047928,2.6514087425529604,2.533568397397534,2.5834238529205322,2853962,0.0,0.0
2022-04-27,2.617416409385672,2.642344463729128,2.560762332275337,2.6287472248077393,2543382,0.0,0.0
2022-04-28,2.6355455144624766,2.773781054690862,2.581157216620216,2.737522840499878,7230700,0.0,0.0
2022-04-29,2.766982633454327,2.800975238651328,2.6060853004455566,2.6060853004455566,3926081,0.0,0.0
2022-05-02,2.6060854960068416,2.6060854960068416,2.4995759652503144,2.5448992252349854,5169304,0.0,0.0
2022-05-03,2.5403670848026385,2.5902225416647573,2.5199712267427303,2.567560911178589,2582543,0.0,0.0
2022-05-04,2.553963740960148,2.680869298260065,2.499576086749765,2.6763362884521484,3152794,0.0,0.0
2022-05-05,2.6468764888333722,2.6468764888333722,2.5154389082142985,2.5607621669769287,3510066,0.0,0.0
2022-05-06,2.5607622564644354,2.5811574632054515,2.402130682492438,2.451986789703369,8241667,0.0,0.0
2022-05-09,2.4111956375209878,2.4134614098335847,2.225370244304549,2.2774922847747803,7425302,0.0,0.0
2022-05-10,2.2774924118969047,2.3364122608715605,2.2185717491256685,2.320549249649048,6464643,0.0,0.0
2022-05-11,2.318282770352268,2.3681388773329464,2.272960161252354,2.2978875637054443,2810583,0.0,0.0
2022-05-12,2.291088887804409,2.3341463744919806,2.2434996937006044,2.327347755432129,7449402,0.0,0.0
2022-05-13,2.3817354645519275,2.5086403650622997,2.3726710729401552,2.438389539718628,8457356,0.0,0.0
2022-05-16,2.445188158946082,2.479180766805414,2.4089292904244943,2.438389539718628,2151467,0.0,0.0
2022-05-17,2.4565188884735107,2.490511495149637,2.4179942489085606,2.4565188884735107,3919755,0.0,0.0
2022-05-18,2.465583215394055,2.465583215394055,2.3228154755008212,2.3454771041870117,3315163,0.0,0.0
2022-05-19,2.3432109464101067,2.3817355893343732,2.302419879945532,2.3568081855773926,5292211,0.0,0.0
2022-05-20,2.363605931860223,2.4179942323776373,2.3364121071201267,2.406663417816162,4202018,0.0,0.0
2022-05-23,2.4043972864443757,2.560762448723886,2.4043972864443757,2.5335686206817627,5974222,0.0,0.0
2022-05-24,2.4837130616347447,2.5131733121034325,2.399864994493217,2.4338574409484863,3067241,0.0,0.0
2022-05-25,2.433857468307827,2.454252675995344,2.3568081825580047,2.445188283920288,7740401,0.0,0.0
2022-05-26,2.4361229674702747,2.6355455928407636,2.4361229674702747,2.615149736404419,8079599,0.0,0.0
2022-05-27,2.608351808438301,2.6287470141487095,2.5426326936344603,2.587955951690674,4401138,0.0,0.0
2022-05-30,2.5947546111670037,2.6264806318873974,2.506374516990743,2.5086402893066406,1392037,0.0,0.0
2022-05-31,2.5177054009863604,2.547165650201804,2.467849945180281,2.4927773475646973,2563866,0.0,0.0
2022-06-01,2.5063749629416496,2.515439355892494,2.4247926594753366,2.4814467430114746,2439454,0.0,0.0
2022-06-02,2.5063746671178566,2.567560939907689,2.4769144169487465,2.490511655807495,4255036,0.0,0.0
2022-06-03,2.4814465530888645,2.4837131394311065,2.3794692105288617,2.4021308422088623,5036758,0.0,0.0
2022-06-06,2.4021309311476315,2.424792563666678,2.277492603330195,2.3114850521087646,3804981,0.0,0.0
2022-06-07,2.3001540733996264,2.3001540733996264,2.2389676373676597,2.2797582149505615,4186052,0.0,0.0
2022-06-08,2.2548305681567355,2.3046860205882798,2.2004421064416753,2.26389479637146,4055313,0.0,0.0
2022-06-09,2.266161787070672,2.3477432735168478,2.254830970811149,2.3114850521087646,4095077,0.0,0.0
2022-06-10,2.275225829874691,2.2842902210738405,2.1936441932113833,2.2344346046447754,4481570,0.0,0.0
2022-06-13,2.1936445386729586,2.1936445386729586,2.0508759603015108,2.0894007682800293,7818724,0.0,0.0
2022-06-14,2.089400872694453,2.1551200011524014,2.0780700558262573,2.1347241401672363,3881798,0.0,0.0
2022-06-15,2.1528531696780213,2.236701068416923,2.1392559315961535,2.2072408199310303,5127432,0.0,0.0
2022-06-17,2.16191743807166,2.216305736268304,2.0690051532545,2.20044207572937,6777934,0.0,0.0
2022-06-20,2.1868454859639233,2.2321687422034446,2.1528530437842823,2.216305732727051,3579352,0.0,0.0
2022-06-21,2.2389676216675687,2.2434998176120446,2.116594424943105,2.1619176864624023,3124176,0.0,0.0
2022-06-22,2.1324580286084442,2.29562114710142,2.1120621708637985,2.243499755859375,7311433,0.0,0.0
2022-06-23,2.2502984875838647,2.2933553234650366,2.2367010866319563,2.288823127746582,4530672,0.0,0.0
2022-06-24,2.3069520382345456,2.3432109080623933,2.2684272331814346,2.3318800926208496,6001334,0.0,0.0
2022-06-27,2.338678766782793,2.3704047903461127,2.295621276475674,2.354541778564453,7020434,0.0,0.0
2022-06-28,2.365872435044775,2.365872435044775,2.2480319270759965,2.2684271335601807,7019831,0.0,0.0
2022-06-29,2.268427179093535,2.309218406677246,2.2299025377183153,2.309218406677246,5888368,0.0,0.0
2022-06-30,2.282024772817723,2.3568082894594964,2.2570965541653667,2.3364124298095703,5202441,0.0,0.0
2022-07-01,2.2978874349536653,2.4701154232025146,2.2888230438490145,2.4701154232025146,7869935,0.0,0.0
2022-07-04,2.4247923289178837,2.497309578510164,2.4247923289178837,2.4497203826904297,2914813,0.0,0.0
2022-07-05,2.433857459117823,2.4995760917663574,2.4043972084292067,2.4995760917663574,4384570,0.0,0.0
2022-07-06,2.4973095691669847,2.5788916984471335,2.4905116009246835,2.556230068206787,5322034,0.0,0.0
2022-07-07,2.606085330921147,2.7103285944194355,2.5471654872957727,2.6695380210876465,10606112,0.0,0.0
2022-07-08,2.660473467799913,2.735257148742676,2.635546062430319,2.735257148742676,4713225,0.0,0.0
2022-07-11,2.7035311144088285,2.7397893360185086,2.6423446737153378,2.685401678085327,3695028,0.0,0.0
2022-07-12,2.694465740220986,2.730724773369958,2.6627397169080025,2.705796718597412,10471156,0.0,0.0
2022-07-13,2.694465696377776,2.737523185644534,2.674070489013761,2.69673228263855,8788722,0.0,0.0
2022-07-14,2.6718041076002788,2.687667119248539,2.6242150726555,2.6378116607666016,5141289,0.0,0.0
2022-07-15,2.649619457708011,2.6968497897701726,2.566967055030245,2.680319309234619,7405119,0.156021,0.0
2022-07-18,2.7039339502808066,2.7157415310038346,2.602388620376587,2.602388620376587,2854564,0.0,0.0
2022-07-19,2.618920024397007,2.6543427699240305,2.5834972788699835,2.623642921447754,2829260,0.0,0.0
2022-07-20,2.6189201094642285,2.635450588894256,2.5504355558878418,2.5764126777648926,4426142,0.0,0.0
2022-07-21,2.5716896220356316,2.6496191171778536,2.5716896220356316,2.630727529525757,3821249,0.0,0.0
2022-07-22,2.642535387768295,2.722826678991151,2.62600422919506,2.685042142868042,5963076,0.0,0.0
2022-07-25,2.70393422783679,2.7181035975312486,2.5811355113983154,2.5811355113983154,2155985,0.0,0.0
2022-07-26,2.5787734781514104,2.5787734781514104,2.489036400830179,2.543351411819458,2468373,0.0,0.0
2022-07-27,2.5504355067302393,2.6496192294374312,2.5433515002760307,2.6401734352111816,1960479,0.0,0.0
2022-07-28,2.630727740862441,2.7582493599130524,2.6283659530007326,2.751164674758911,2152370,0.0,0.0
2022-07-29,2.7582492882089817,2.8054797863752112,2.7251876511594606,2.7960331439971924,2308413,0.0,0.0
2022-08-01,2.798395208554783,2.798395208554783,2.7015725903224523,2.767695188522339,4719250,0.0,0.0
2022-08-02,2.7606106163164434,2.7606106163164434,2.6708735276897344,2.677957534790039,1990604,0.0,0.0
2022-08-03,2.6897647018178374,2.784225351808459,2.659065533315617,2.7747795581817627,3514283,0.0,0.0
2022-08-04,2.779502824903455,3.067607879638672,2.779502824903455,3.067607879638672,8513387,0.0,0.0
2022-08-05,3.0534381789216014,3.088861093162181,2.963701101929801,3.06052303314209,3707982,0.0,0.0
2022-08-08,3.1101146986437724,3.1101146986437724,3.006208239073403,3.046354055404663,3624839,0.0,0.0
2022-08-09,3.0864991695478983,3.136091453555057,2.8338177358605403,2.892855644226074,10230162,0.0,0.0
2022-08-10,2.9991232758067934,3.0841381325424204,2.9353623028628024,3.0652458667755127,10019293,0.0,0.0
2022-08-11,3.0652460287438648,3.1171992535248942,2.930639560884518,2.9330015182495117,6161293,0.0,0.0
2022-08-12,2.9353628717567446,3.034546438216836,2.9353628717567446,2.975508689880371,3441383,0.0,0.0
2022-08-15,2.937724603315244,3.1904069065871714,2.9211939536418003,3.1620688438415527,8408254,0.0,0.0
2022-08-16,3.16679191014864,3.1785993238506394,3.0014854045965116,3.0416312217712402,4749072,0.0,0.0
2022-08-17,3.0203769712171424,3.1384531160727054,2.966062134544229,3.103030204772949,3801969,0.0,0.0
2022-08-18,3.1030311231600423,3.107754021097282,3.010931390836248,3.0274627208709717,3589594,0.0,0.0
2022-08-19,2.9873156838193835,3.0038470108719233,2.7369951843839257,2.826733112335205,9752996,0.0,0.0
2022-08-22,2.7865875651784227,2.8125638408360714,2.7204649643962857,2.8054800033569336,3121766,0.0,0.0
2022-08-23,2.8267333269468216,2.9093865763299616,2.777141038101435,2.8692407608032227,3320284,0.0,0.0
2022-08-24,2.8597941611233137,3.0487154779766303,2.8479864092122376,3.0227386951446533,6082669,0.0,0.0
2022-08-25,3.032185498165459,3.043992912146542,2.95189420113373,2.975508689880371,1957768,0.0,0.0
2022-08-26,2.9825929279303343,2.9991235773344824,2.9141093904825657,2.9542548656463623,5260581,0.0,0.0
2022-08-29,2.933001640428994,3.105391631353486,2.90702451813314,3.034546136856079,4068267,0.0,0.0
2022-08-30,3.046353683292988,3.0912227308974773,2.9825927086267634,3.0180156230926514,1526993,0.0,0.0
2022-08-31,3.022738445897531,3.1006684487520704,2.9637010480721706,3.0581610202789307,5929638,0.0,0.0
2022-09-01,3.0510771489220003,3.188044548034668,3.0510771489220003,3.188044548034668,8019953,0.0,0.0
2022-09-02,3.216382646081872,3.469064920621304,3.1951294406548576,3.412388801574707,13304332,0.0,0.0
2022-09-05,3.4241970713136753,3.5115728811538185,3.395858329065905,3.4714267253875732,4395415,0.0,0.0
2022-09-06,3.4289194795575626,3.443088170228497,3.251805588331209,3.2895901203155518,6682441,0.0,0.0
2022-09-08,3.3132060117861535,3.412389582017286,3.3108440539983985,3.3533518314361572,6880356,0.0,0.0
2022-09-09,3.3911352007579367,3.4903187565832994,3.3627971388694013,3.48795747756958,8108819,0.0,0.0
2022-09-12,3.518656845528966,3.5281033185184354,3.426557804467531,3.48323392868042,4005307,0.0,0.0
2022-09-13,3.4005815000304596,3.506848887470635,3.35807407015273,3.466703414916992,6777934,0.0,0.0
2022-09-14,3.464342260037732,3.6225638946694683,3.4147503132743715,3.563526153564453,7471392,0.0,0.0
2022-09-15,3.56352630508743,3.648540493070067,3.5588034077157826,3.6107566356658936,4407465,0.0,0.0
2022-09-16,3.572971820831299,3.5895024707339056,3.466703744846546,3.572971820831299,6539050,0.0,0.0
2022-09-19,3.5635259713972487,3.6036714433357546,3.523380160243277,3.5706098079681396,4615924,0.0,0.0
2022-09-20,3.5706100415644104,3.603671679094982,3.5021261659227996,3.5328261852264404,2929875,0.0,0.0
2022-09-21,3.5281031003099748,3.672155359395615,3.5115724520317837,3.6083943843841553,5680813,0.0,0.0
2022-09-22,3.6603477451247652,3.7925922578697495,3.620202271192618,3.780784845352173,8623641,0.0,0.0
2022-09-23,3.7146628831088098,3.735916089696296,3.66270965807418,3.721747398376465,3513982,0.0,0.0
2022-09-26,3.702855088909058,3.702855088909058,3.5611641067554864,3.5776944160461426,1362816,0.0,0.0
2022-09-27,3.5706099133368325,3.5895021800428473,3.5162954097918604,3.542271852493286,3390473,0.0,0.0
2022-09-28,3.6367326626109433,3.6768784766608644,3.575333641237904,3.650902032852173,6712264,0.0,0.0
2022-09-29,3.6249256066618547,3.7288320705560447,3.5918646440858075,3.724109172821045,8644427,0.0,0.0
2022-09-30,3.731192800601401,4.007490563090299,3.7146624928571508,3.979151487350464,11045021,0.0,0.0
2022-10-03,4.01457519320013,4.243642338813183,4.002767440515494,4.236557483673096,14600575,0.0,0.0
2022-10-04,4.238919033525196,4.34754838032479,4.078335783439974,4.097228050231934,8964647,0.0,0.0
2022-10-05,4.094867266975029,4.153905353434807,4.024021766752605,4.1161208152771,5849809,0.0,0.0
2022-10-06,4.113758941111809,4.217666083938786,4.097228629351726,4.168074131011963,5172016,0.0,0.0
2022-10-07,4.179880619049072,4.250726444230423,4.158627414239388,4.179880619049072,5869691,0.0,0.0
2022-10-10,4.208219088463713,4.22002684021817,4.064167162940111,4.146820068359375,6074837,0.0,0.0
2022-10-11,4.201134983747627,4.222388871140067,3.929561076650738,3.9885988235473633,9486096,0.0,0.0
2022-10-13,3.9366448397252976,4.040551620741276,3.915390956398209,4.019298076629639,8074177,0.0,0.0
2022-10-14,4.012214309918208,4.066528480486406,3.9059458911176215,3.9697065353393555,5541037,0.0,0.0
2022-10-17,3.9838753916099114,4.03582895469525,3.853992162327506,3.920114755630493,8707386,0.0,0.0
2022-10-18,3.9035834139585197,3.979151800974218,3.849269250619025,3.9390063285827637,5542844,0.0,0.0
2022-10-19,3.9437300335673324,3.9602603431575494,3.8657996866766946,3.8846919536590576,3740215,0.0,0.0
2022-10-20,3.908307139194727,3.9153913153325797,3.8138464821962774,3.842184543609619,7422591,0.0,0.0
2022-10-21,3.7949540917248545,3.9531757209745377,3.783146340376213,3.913029909133911,5281969,0.0,0.0
2022-10-24,3.879968532153821,3.8917762842905237,3.7595314278093195,3.8705227375030518,5057845,0.0,0.0
2022-10-25,3.853992485542061,3.8917763431475474,3.77842375268459,3.8114850521087646,4823178,0.0,0.0
2022-10-26,3.7807850163174015,3.88233053248091,3.717024036035895,3.7477240562438965,5847399,0.0,0.0
2022-10-27,3.7075783404171014,3.887053533793572,3.674517379459586,3.863438367843628,5259376,0.0,0.0
2022-10-28,3.8351000072419645,3.8917761297580933,3.783146442648206,3.8846919536590576,4928914,0.0,0.0
2022-10-31,3.9767911595491507,4.075974717347549,3.9106685615398886,4.040552139282227,9305050,0.0,0.0
2022-11-01,4.13028941313321,4.163350369005948,3.9697058344696456,4.113758087158203,5854026,0.0,0.0
2022-11-03,4.061805734714966,4.151543506407502,4.038190567344881,4.087782859802246,4390896,0.0,0.0
2022-11-04,4.15390451019231,4.243641582845928,4.1066741862984495,4.186965465545654,8437173,0.0,0.0
2022-11-07,4.217665642064788,4.217665642064788,3.8846920565973306,3.9012227058410645,5454580,0.0,0.0
2022-11-08,3.9390057714386013,3.948452242498765,3.783145783254335,3.8610761165618896,8720340,0.0,0.0
2022-11-09,3.839822706084104,3.8728843412036147,3.700493346734719,3.754808187484741,6492357,0.0,0.0
2022-11-10,3.641455713516099,3.6532634660127177,3.34862860767563,3.4005818367004395,12564182,0.0,0.0
2022-11-11,3.46198051821417,3.46198051821417,3.2636130774600884,3.315566301345825,11730044,0.0,0.0
2022-11-14,3.3226514383026124,3.405304686987217,3.2305523948101955,3.2919514179229736,6248352,0.0,0.0
2022-11-16,3.29195144778586,3.2966743452326095,3.0345462438046864,3.10539174079895,11517066,0.0,0.0
2022-11-17,3.043992889126579,3.145537734085647,2.9306399518446757,3.143176794052124,11438744,0.0,0.0
2022-11-18,3.202214387204248,3.310843743092291,3.1691527479444868,3.195129871368408,10253057,0.0,0.0
2022-11-21,3.228190783022888,3.4147504886943585,3.228190783022888,3.362797260284424,16008879,0.0,0.0
2022-11-22,3.3675200079947105,3.388773893449138,3.145537394336366,3.2092983722686768,13789331,0.0,0.0
2022-11-23,3.1715143359915143,3.1974904387423955,3.034545915072036,3.1667914390563965,11100750,0.0,0.0
2022-11-24,3.1856832279274,3.485595852236983,3.164429681554312,3.433642625808716,8364272,0.0,0.0
2022-11-25,3.4265576385196055,3.4265576385196055,3.235275050133925,3.2990360260009766,5687139,0.0,0.0
2022-11-28,3.3037586591649712,3.3037586591649712,3.209298011975901,3.2352747917175293,2869024,0.0,0.0
2022-11-29,3.2518060686755357,3.504488382764912,3.2376373759116563,3.4525351524353027,10052129,0.0,0.0
2022-11-30,3.447812193755247,3.5328263841252263,3.3273744064179214,3.495041847229004,16783070,0.0,0.0
2022-12-01,3.495041292178075,3.495041292178075,3.2470825978798503,3.3557119369506836,10406690,0.0,0.0
2022-12-02,3.3958579140844463,3.6367324447379286,3.3934966351986118,3.6083943843841553,11238418,0.0,0.0
2022-12-05,3.5989493756342705,3.5989493756342705,3.374605105095726,3.3864128589630127,3722140,0.0,0.0
2022-12-06,3.412388956187045,3.47142635672521,3.343904404661539,3.4596192836761475,7370175,0.0,0.0
2022-12-07,3.4430886178199587,3.5706102425904347,3.440727338675575,3.495041847229004,5402465,0.0,0.0
2022-12-08,3.483233482468297,3.5115722193754504,3.3816889990720025,3.4218344688415527,13882114,0.0,0.0
2022-12-09,3.4855960717913037,3.5068492802876237,3.3273744251003903,3.376966714859009,8665213,0.0,0.0
2022-12-12,3.367520211959154,3.4005818512480213,3.1880450191236993,3.2329137325286865,7251185,0.0,0.0
2022-12-13,3.2706981569787046,3.3226513844414938,3.190406867120847,3.2234678268432617,8831197,0.0,0.0
2022-12-14,3.221105283190755,3.35098883703521,3.1290062579511515,3.2872278690338135,10517848,0.0,0.0
2022-12-15,3.268335709614207,3.516295075267405,3.2588899163753053,3.4454495906829834,12114730,0.0,0.0
2022-12-16,3.4454495570567434,3.4855953651843197,3.372242116053907,3.3887734413146973,6947232,0.0,0.0
2022-12-19,3.4011867196408607,3.5700046565372983,3.36146451650179,3.5278000831604004,7566886,0.232372,0.0
2022-12-20,3.5228356098972595,3.694136303976601,3.478148301758154,3.6295886039733887,9171901,0.0,0.0
2022-12-21,3.6568960270749766,3.776062275108582,3.5675221434248354,3.7115135192871094,10705220,0.0,0.0
2022-12-22,3.7239267248759513,3.75868382886845,3.6544139433354825,3.7338576316833496,8482058,0.0,0.0
2022-12-23,3.7512359312880608,3.942397699671835,3.7413060935661906,3.815783977508545,10453081,0.0,0.0
2022-12-26,3.81330207096062,3.833163175264274,3.73634038093676,3.8083369731903076,3444697,0.0,0.0
2022-12-27,3.8207498638233575,3.8356451556189004,3.6792404907372886,3.753718376159668,5190090,0.0,0.0
2022-12-28,3.7760630080598494,3.942398243732235,3.766131742522805,3.885298013687134,6090501,0.0,0.0
2022-12-29,3.897710412121679,4.046667963574023,3.8207498010260403,3.882814407348633,7922652,0.0,0.0
2023-01-02,3.825715276286986,3.8331631011039624,3.617175111578058,3.7909581661224365,5815166,0.0,0.0
2023-01-03,3.7760631508401246,3.8008893542598177,3.634553755686752,3.6593799591064453,6618276,0.0,0.0
2023-01-04,3.676757398921568,3.733857978704185,3.550144387749202,3.587383508682251,8729076,0.0,0.0
2023-01-05,3.6047617339616282,3.6891705234339214,3.512904764001546,3.651931047439575,9478264,0.0,0.0
2023-01-06,3.6544142062779534,3.8306799693470484,3.637035831336861,3.7288928031921387,9537307,0.0,0.0
2023-01-09,3.7164797847363573,3.7164797847363573,3.5526265748025665,3.637036085128784,4820467,0.0,0.0
2023-01-10,3.624622967063809,3.8008887329003005,3.5650396606636057,3.7586841583251953,5796489,0.0,0.0
2023-01-11,3.753718301934772,3.7735794038251007,3.6519311354275246,3.7562010288238525,3148576,0.0,0.0
2023-01-12,3.7413061679134647,3.857988271617798,3.646966110374531,3.753718376159668,7901867,0.0,0.0
2023-01-13,3.694135950215134,3.840610427215077,3.6395184513743093,3.676757574081421,7728653,0.0,0.0
2023-01-16,3.6469661304097216,3.704066710634408,3.5402135074269556,3.6221399307250977,7841317,0.0,0.0
2023-01-17,3.629587991202978,3.7139967820422943,3.629587991202978,3.681722402572632,6877043,0.0,0.0
2023-01-18,3.7189621143690132,3.885297692920075,3.7090319194854224,3.7611663341522217,5016575,0.0,0.0
2023-01-19,3.7214447539535596,3.7636493293562756,3.6891707298122776,3.736340045928955,3191955,0.0,0.0
2023-01-20,3.7338577034219225,3.7611659146112806,3.6717920309611394,3.7115135192871094,3107607,0.0,0.0
2023-01-23,3.71151368471701,3.9250196360274012,3.71151368471701,3.8133015632629395,3865832,0.0,0.0
2023-01-24,3.7835108861016655,3.9299853758062393,3.7835108861016655,3.9150893688201904,4419213,0.0,0.0
2023-01-25,3.9026751575423555,4.016876305193969,3.8381274735291626,3.982118844985962,6073029,0.0,0.0
2023-01-26,3.9945321198764647,4.026806496784674,3.890262235579057,3.942397356033325,3367579,0.0,0.0
2023-01-27,3.9299850925444697,3.96225840501176,3.867919411641215,3.912606716156006,2644599,0.0,0.0
2023-01-30,3.9225365513915973,3.9697062220546657,3.815783932379247,3.853023052215576,2523801,0.0,0.0
2023-01-31,3.850541372167456,3.999497864417518,3.843093190943767,3.9647414684295654,5078329,0.0,0.0
2023-02-01,3.969706466106103,3.9796373741545343,3.7984057911053775,3.8927454948425293,5291307,0.0,0.0
2023-02-02,3.865437055368427,4.0094291778527555,3.865437055368427,3.9001941680908203,5274438,0.0,0.0
2023-02-03,3.9175717178196927,3.9672241186823625,3.7437883148003483,3.7611663341522217,8385660,0.0,0.0
2023-02-06,3.736339866897787,3.7959235282225383,3.617174683915204,3.7661311626434326,7670814,0.0,0.0
2023-02-07,3.716479717297009,3.781027766633269,3.686687706415206,3.726409912109375,3244672,0.0,0.0
2023-02-08,3.753718388242115,3.9299848691964807,3.7115138132131476,3.8803324699401855,5881439,0.0,0.0
2023-02-09,3.880332457084261,3.9001935593654444,3.7313749031977195,3.793440580368042,6374572,0.0,0.0
2023-02-10,3.7512362409231113,3.9771544213425747,3.7512362409231113,3.9597764015197754,7588274,0.0,0.0
2023-02-13,3.962258870721586,3.9697070528588068,3.8778500625566057,3.925020456314087,2705450,0.0,0.0
2023-02-14,3.9523280902437024,3.9994977638066898,3.8157841669677786,3.8927454948425293,5207863,0.0,0.0
2023-02-15,3.862954294317899,4.076459550839483,3.823232087569635,3.9647414684295654,7939823,0.0,0.0
2023-02-16,3.9572936870747775,3.9572936870747775,3.7785451650904993,3.9001941680908203,9306556,0.0,0.0
2023-02-17,3.88529763879778,4.001980814860772,3.865436536084906,3.9374327659606934,3610982,0.0,0.0
2023-02-22,3.9175720100921425,3.9895678897309494,3.8555066826889797,3.890263080596924,2477109,0.0,0.0
2023-02-23,3.892745909615126,3.9870849101817574,3.8728848046244138,3.9026761054992676,2232199,0.0,0.0
2023-02-24,3.900193466708095,3.9473627811301744,3.783510295953323,3.848057985305786,5230758,0.0,0.0
2023-02-27,3.855506342543835,3.929984942823613,3.8083366693499947,3.8977105617523193,3466386,0.0,0.0
2023-02-28,3.8977106131577646,4.001980868891339,3.8207499980926514,3.8207499980926514,13459773,0.0,0.0
2023-03-01,3.8654360638066882,3.920053554677176,3.6320697401933546,3.6866872310638428,14063160,0.0,0.0
2023-03-02,3.691653103977223,3.7636489696725826,3.5997964942682135,3.7164793014526367,4152915,0.0,0.0
2023-03-03,3.7164797804505834,3.7437883515654042,3.634553353883755,3.676757574081421,5045795,0.0,0.0
2023-03-06,3.6767574668117327,3.7686144422909167,3.6047619505488524,3.743788242340088,5313900,0.0,0.0
2023-03-07,3.7437882112731184,3.8207498940765623,3.7065487333503127,3.788475513458252,6072125,0.0,0.0
2023-03-08,3.7785449683624095,3.9324672789121355,3.753718766234311,3.855506658554077,6655630,0.0,0.0
2023-03-09,3.8356451525421513,3.94488014517784,3.8182667772112087,3.8728842735290527,4989162,0.0,0.0
2023-03-10,3.8604714965994567,3.934950097972768,3.763649421797506,3.927501916885376,6914397,0.0,0.0
2023-03-13,3.9001938141351684,4.064046313907909,3.8704018021561444,4.006946086883545,9087553,0.0,0.0
2023-03-14,3.9945331069076584,4.0143942119724345,3.7959241959271943,3.9101243019104004,13913142,0.0,0.0
2023-03-15,3.86295396038227,4.133559419947832,3.80088864177296,4.111215591430664,13049783,0.0,0.0
2023-03-16,4.141007394626998,4.352030288295954,4.083907522742172,4.145973205566406,11533333,0.0,0.0
2023-03-17,4.138524147934418,4.1559025211816945,3.997015148539947,4.011910438537598,7907289,0.0,0.0
2023-03-20,4.011911155371028,4.036737356358544,3.8257151828814293,3.845576286315918,5745881,0.0,0.0
2023-03-21,3.8530230966278043,3.917571499440056,3.8058537820321887,3.8952276706695557,5351556,0.0,0.0
2023-03-22,3.8629543241971485,4.036737375314648,3.845576304374349,3.9597764015197754,6366137,0.0,0.0
2023-03-23,3.994532499774648,4.001980680500294,3.7090317432933553,3.810818910598755,7144244,0.0,0.0
2023-03-24,3.790958150233329,3.979637566843236,3.753718669693334,3.9498462677001953,5244916,0.0,0.0
2023-03-27,3.9721891277337993,4.034254805736622,3.937432733192283,4.001980781555176,4250216,0.0,0.0
2023-03-28,4.00198024520583,4.0466675416432745,3.9374322054937303,4.011910438537598,3232924,0.0,0.0
2023-03-29,4.001981288765362,4.036737687711896,3.870402091780848,3.9101243019104004,4520430,0.0,0.0
2023-03-30,3.9250199144125872,4.024324003308064,3.9175717333036877,3.9746716022491455,4446927,0.0,0.0
2023-03-31,3.9548111991761274,3.9970157755961675,3.9150889931729043,3.96722412109375,5062665,0.0,0.0
2023-04-03,3.9721895682406796,3.9771546661226083,3.862954561948563,3.9200544357299805,4623455,0.0,0.0
2023-04-04,3.939915145087935,4.078941437941991,3.895227842190351,4.0243239402771,4660507,0.0,0.0
2023-04-05,4.00942852916826,4.1161807943333395,3.964741227596528,4.083907127380371,5826613,0.0,0.0
2023-04-06,4.118663726693382,4.240312002857552,4.09135479900344,4.128593921661377,6798117,0.0,0.0
2023-04-10,4.086389495552044,4.230381594664486,4.056598198927274,4.123628616333008,4333359,0.0,0.0
2023-04-11,4.1608682821949285,4.312307855711973,4.1608682821949285,4.2204508781433105,13814033,0.0,0.0
2023-04-12,4.257690254565462,4.299894473474258,4.16086818187263,4.188177108764648,9633704,0.0,0.0
2023-04-13,4.198107050230542,4.235346526165456,4.121146441368861,4.200590133666992,8221484,0.0,0.0
2023-04-14,4.193142499812009,4.27506857300423,4.131077173977806,4.23783016204834,3301306,0.0,0.0
2023-04-17,4.245276809857633,4.252724990490759,4.185694217681885,4.185694217681885,2631344,0.0,0.0
2023-04-18,4.217968940105194,4.230381862280374,3.89026287344606,4.051633358001709,7505734,0.0,0.0
2023-04-19,4.014393753716549,4.016876837330214,3.8803325579720807,3.905158758163452,6615565,0.0,0.0
2023-04-20,3.8977104446307025,3.8977104446307025,3.731374873342936,3.838127851486206,10516041,0.0,0.0
2023-04-24,3.766131607917588,3.8157843677160903,3.7090320931356953,3.7909581661224365,6971331,0.0,0.0
2023-04-25,3.795923560581026,3.8281968702286684,3.604761793620492,3.642000913619995,7059294,0.0,0.0
2023-04-26,3.642000709026395,3.7462709523898154,3.5849004904940562,3.7164793014526367,9989772,0.0,0.0
2023-04-27,3.6991007915692036,3.8852974620455107,3.6866875137855764,3.848057985305786,10104243,0.0,0.0
2023-04-28,3.855506342543835,3.9175716644713967,3.813301766724177,3.8977105617523193,7322880,0.0,0.0
2023-05-02,3.862954005720421,3.90267549627876,3.6643444132617695,3.7562010288238525,7083694,0.0,0.0
2023-05-03,3.783510621042333,3.783510621042333,3.649448707227074,3.666827440261841,4787631,0.0,0.0
2023-05-04,3.6767571874033216,3.721444486563353,3.599796579643224,3.7015833854675293,7477116,0.0,0.0
2023-05-05,3.71896211277332,3.8331629199974033,3.701583736817724,3.8207499980926514,7868429,0.0,0.0
2023-05-08,3.87288436165906,3.9250198454494307,3.845576147795471,3.8977105617523193,7387346,0.0,0.0
2023-05-09,3.969706967090719,3.974672065130363,3.848058677312842,3.9001941680908203,12080388,0.0,0.0
2023-05-10,3.8852981522815266,3.9523285804211232,3.793441164164155,3.939915657043457,13109429,0.0,0.0
2023-05-11,3.885297647423043,4.051633224026307,3.8728843690471466,4.0243239402771,6789984,0.0,0.0
2023-05-12,4.016876696514973,4.05908091441074,3.9349499178054046,3.9572930335998535,3792028,0.0,0.0
2023-05-15,3.974671663505446,3.994532766879578,3.917571793679984,3.9647414684295654,4080919,0.0,0.0
2023-05-16,3.9597766488886252,4.006946326949764,3.927502264487034,3.9870848655700684,5466027,0.0,0.0
2023-05-17,4.031771736656381,4.0963201361533015,3.97467116083004,4.088871955871582,6599298,0.0,0.0
2023-05-18,4.081424631941166,4.188177259772056,4.016876937763141,4.163351058959961,6274560,0.0,0.0
2023-05-19,4.1931426760641815,4.312308235054818,4.103768061057189,4.227899074554443,11813789,0.0,0.0
2023-05-22,4.227898389479794,4.319755360244684,4.222933292388916,4.222933292388916,5218407,0.0,0.0
2023-05-23,4.195624381463388,4.369407772805083,4.195624381463388,4.2701029777526855,7794625,0.0,0.0
2023-05-24,4.270102585596193,4.284998588774962,4.163350332991021,4.215485095977783,4791548,0.0,0.0
2023-05-25,4.257690130905039,4.3644427517863695,4.208037375902043,4.307342529296875,6698407,0.0,0.0
2023-05-26,4.339616565448624,4.428990454885348,4.319755463388578,4.374372959136963,6242929,0.0,0.0
2023-05-29,4.391751813861355,4.401682722586985,4.252725510704153,4.2676215171813965,5507599,0.0,0.0
2023-05-30,4.28748169506886,4.329686628610092,4.245277118138811,4.302377700805664,4389089,0.0,0.0
2023-05-31,4.302377017357894,4.347064314247206,4.237829333604224,4.337133407592773,4714731,0.0,0.0
2023-06-01,4.349547607253801,4.448852423678445,4.307343381223436,4.428991317749023,6986393,0.0,0.0
2023-06-02,4.468713329946719,4.644978750919574,4.468713329946719,4.61767053604126,9462298,0.0,0.0
2023-06-05,4.6549097569077444,4.692148524295776,4.548157125961705,4.66980504989624,4825287,0.0,0.0
2023-06-06,4.667322720278814,4.813797192453401,4.657391812402499,4.771592617034912,7335834,0.0,0.0
2023-06-07,4.80386639981954,4.851036430307774,4.7244227010149045,4.831175327301025,5604900,0.0,0.0
2023-06-09,4.833657487401981,4.92054900690063,4.828692390171919,4.865931510925293,4936143,0.0,0.0
2023-06-12,4.85103607088191,4.92303193987745,4.7840056555757435,4.8907575607299805,5902225,0.0,0.0
2023-06-13,4.915583358512719,4.915583358512719,4.538226026226465,4.585395336151123,10092495,0.0,0.0
2023-06-14,4.630083096571851,4.716974258422852,4.612704364946028,4.716974258422852,8995072,0.0,0.0
2023-06-15,4.689666540413134,4.754214236888082,4.67725326125977,4.684701442718506,6246243,0.0,0.0
2023-06-16,4.672287642732205,4.731870234870688,4.607739240230254,4.721940040588379,5779620,0.0,0.0
2023-06-19,4.72193995155858,4.8137969215217,4.702078850146119,4.776557445526123,3099474,0.0,0.0
2023-06-20,4.756696737433652,4.774075113453744,4.620152456307546,4.672287940979004,5535915,0.0,0.0
2023-06-21,4.694116602809425,4.758932108144065,4.51462814204094,4.581936359405518,13050600,0.0,0.0
2023-06-22,4.489700084710276,4.527093265513627,4.335140510448741,4.469756603240967,8769000,0.0,0.0
2023-06-23,4.487206885539828,4.654230359798576,4.467263406234416,4.634286880493164,5878800,0.0,0.0
2023-06-26,4.646752088974189,4.646752088974189,4.487207099801999,4.537064552307129,2650800,0.0,0.0
2023-06-27,4.589415125634923,4.773889734680265,4.394969667875572,4.462277889251709,5627400,0.0,0.0
2023-06-28,4.484713546451681,4.629301901985302,4.422391465140334,4.524600505828857,5632500,0.0,0.0
2023-06-29,4.53706428387091,4.806296437169811,4.5221069420209705,4.748960494995117,11053500,0.0,0.0
2023-06-30,4.8062969323415565,5.04810820868956,4.8062969323415565,4.898534774780273,22548300,0.0,0.0
2023-07-03,4.9134917224683035,4.920970215255897,4.696610082460576,4.7364959716796875,10145400,0.0,0.0
2023-07-04,4.736495865147922,4.8736046538001165,4.6891311275953615,4.748960494995117,5491500,0.0,0.0
2023-07-05,4.746467662898197,4.861141344633235,4.6741743698396485,4.80131196975708,13156800,0.0,0.0
2023-07-06,4.771397102848899,4.796325651498437,4.6243160268938155,4.7065815925598145,9012000,0.0,0.0
2023-07-07,4.726525167955652,4.83621199668646,4.726525167955652,4.7863545417785645,7611600,0.0,0.0
2023-07-10,4.798817901543447,4.82873258497523,4.6741737438555075,4.731509685516357,4717200,0.0,0.0
2023-07-11,4.6966104382751,4.704088931629263,4.534572017396832,4.684145450592041,8137500,0.0,0.0
2023-07-12,4.768903823591754,5.065558340204839,4.768903823591754,4.985785484313965,27909000,0.0,0.0
2023-07-13,5.010713962783111,5.105443434241543,4.913491422806748,5.01569938659668,16009500,0.0,0.0
2023-07-14,5.003236317648118,5.003236317648118,4.836212110221299,4.891056060791016,7294800,0.0,0.0
2023-07-17,4.86363345400907,4.998249530792236,4.813775291181924,4.998249530792236,11221800,0.0,0.0
2023-07-18,4.985785038421476,5.170259283118881,4.965842271996296,5.167766571044922,6789300,0.0,0.0
2023-07-19,5.14782353257367,5.200174053098484,5.025671723663812,5.130373477935791,9341100,0.0,0.0
2023-07-20,5.130373666090101,5.132866378296428,5.010714564906704,5.048108100891113,6176100,0.0,0.0
2023-07-21,5.0481080157318,5.085501551085398,5.0156999047067545,5.033150672912598,5529600,0.0,0.0
2023-07-24,5.04810818554727,5.085501722158765,4.995757305613417,5.063065528869629,3799800,0.0,0.0
2023-07-25,5.075529161739403,5.140344669108209,5.048107902104858,5.065557956695557,4971000,0.0,0.0
2023-07-26,5.063065477774686,5.120401425014987,5.030657365986503,5.085501670837402,4009200,0.0,0.0
2023-07-27,5.10544339079897,5.132865717818281,5.075528708505229,5.0904860496521,6300000,0.0,0.0
2023-07-28,5.087994133540866,5.250032556225207,5.058079446568396,5.210145950317383,4886700,0.0,0.0
2023-07-31,5.262495801861749,5.307367826587472,5.227595694797339,5.260003089904785,5632200,0.0,0.0
2023-08-01,5.257510618903244,5.332297325134277,5.1902024049897415,5.332297325134277,3858600,0.0,0.0
2023-08-02,5.334790374494314,5.412069797515869,5.319833032301964,5.412069797515869,4891500,0.0,0.0
2023-08-03,5.481871113295536,5.59654407070888,5.389633634372396,5.417055606842041,5665800,0.0,0.0
2023-08-04,5.407084712476361,5.499321483474464,5.377170026215701,5.471899509429932,6663300,0.0,0.0
2023-08-07,5.451956949905271,5.5317290930331495,5.382155299411169,5.519265174865723,5214600,0.0,0.0
2023-08-08,5.501814405630994,5.544193724422982,5.334790912607894,5.519265174865723,11733900,0.0,0.0
2023-08-09,5.519264488718027,5.564136514242828,5.40459082137677,5.451956272125244,8856000,0.0,0.0
2023-08-10,5.444478248607779,5.471899509429932,5.382155094036765,5.471899509429932,7457700,0.0,0.0
2023-08-11,5.484363701936478,5.594051232735243,5.446970168794214,5.561643123626709,4819500,0.0,0.0
2023-08-14,5.5815869614518645,5.591558166771167,5.471899423605331,5.5092926025390625,3529500,0.0,0.0
2023-08-15,5.494334912068957,5.5741077590775605,5.434505544270874,5.54170036315918,8136900,0.0,0.0
2023-08-16,5.566629481564958,5.601529947462782,5.4993212618849965,5.51677131652832,6903600,0.0,0.0
2023-08-17,5.53422197260267,5.60402254637717,5.257510963125328,5.29988956451416,7227600,0.0,0.0
2023-08-18,5.272468306930901,5.374676277252365,5.205160088590394,5.352240085601807,5387100,0.0,0.0
2023-08-21,5.372182973320828,5.414562283275673,5.29241013360517,5.312353610992432,5422200,0.0,0.0
2023-08-22,5.327311566306106,5.4444779493026925,5.3198330734576595,5.429520606994629,2982600,0.0,0.0
2023-08-23,5.446970518779115,5.544193425906949,5.394619996949655,5.5092926025390625,3368400,0.0,0.0
2023-08-24,5.496828455566842,5.514278509911113,5.379662429469361,5.417055606842041,3357600,0.0,0.0
2023-08-25,5.417056130693679,5.446970818129164,5.2674826935162535,5.277453899383545,3249900,0.0,0.0
2023-08-28,5.269974767349147,5.322325285713144,5.08550124045799,5.1353583335876465,7301100,0.0,0.0
2023-08-29,5.137851971449649,5.197681341548034,5.097965368106218,5.1827239990234375,3827400,0.0,0.0
2023-08-30,5.192695345809162,5.245045864173159,5.110429787022818,5.1353583335876465,3025200,0.0,0.0
2023-08-31,5.135358733891566,5.150316076963093,4.945899411596757,5.048108100891113,6811500,0.0,0.0
2023-09-01,5.110429865020836,5.227595890041813,5.058078989246673,5.190202713012695,5159100,0.0,0.0
2023-09-04,5.192695916404954,5.210145972240054,5.0356436308330625,5.097965717315674,3784500,0.0,0.0
2023-09-05,5.058079490091769,5.06306562790795,4.940913453469149,4.985785484313965,5160900,0.0,0.0
2023-09-06,5.003236003997059,5.01569992147128,4.891055754172497,4.920970439910889,5211300,0.0,0.0
2023-09-08,4.908506251640046,4.98329297272689,4.888562769405672,4.9683356285095215,3236400,0.0,0.0
2023-09-11,4.9683351358617145,5.080515384674072,4.9384204503932425,5.080515384674072,6616800,0.0,0.0
2023-09-12,5.080515080118732,5.125387105631551,5.035643054605913,5.110429763793945,3261300,0.0,0.0
2023-09-13,5.090486092967399,5.162780444042481,5.003235470451612,5.01569938659668,10620600,0.0,0.0
2023-09-14,5.02567139565442,5.05309301018456,4.948391262746129,5.010714054107666,4488000,0.0,0.0
2023-09-15,5.005728427071872,5.035643111082589,4.920970155708171,4.923462867736816,8187900,0.0,0.0
2023-09-18,4.950884839718889,4.995756865734966,4.893548183726099,4.923462867736816,3828900,0.0,0.0
2023-09-19,4.920970057449672,4.940912823114118,4.793832474637135,4.823747158050537,5202900,0.0,0.0
2023-09-20,4.856154720190335,4.955870334992313,4.823747323685277,4.873604774475098,14585400,0.0,0.0
2023-09-21,4.798817719971204,4.798817719971204,4.639272747705045,4.64924430847168,5223600,0.0,0.0
2023-09-22,4.681653118184954,4.706581667229985,4.482221159712748,4.5196146965026855,8387100,0.0,0.0
2023-09-25,4.48720681248342,4.5046568662512,4.2902679441673435,4.434855937957764,12474300,0.0,0.0
2023-09-26,4.387490951834967,4.517121974180991,4.377519746205882,4.454799175262451,12266400,0.0,0.0
2023-09-27,4.474742781265832,4.549529500155586,4.3675486624961195,4.487207412719727,9384600,0.0,0.0
2023-09-28,4.472249822729371,4.798818298930336,4.457292479774873,4.716552734375,11869200,0.0,0.0
2023-09-29,4.803804448408068,4.898534643965386,4.724031595842246,4.781368255615234,12074100,0.0,0.0
2023-10-02,4.75394627006684,4.756439695476034,4.674174130920698,4.716552734375,4633800,0.0,0.0
2023-10-03,4.674173974183603,4.756439535980363,4.5021643576692,4.522107124328613,9150900,0.0,0.0
2023-10-04,4.522107053582694,4.616837244247155,4.5121354921034,4.571965217590332,4547700,0.0,0.0
2023-10-05,4.552021964560428,4.586922788086029,4.300240202983448,4.35009765625,9037200,0.0,0.0
2023-10-06,4.252875057678049,4.419899267820492,4.118258961227545,4.384998798370361,11311800,0.0,0.0
2023-10-09,4.362561929603834,4.532078825910943,4.312703767199751,4.494685649871826,7875900,0.0,0.0
2023-10-10,4.5270929814402825,4.664202134541826,4.4797282411799975,4.629302024841309,7808100,0.0,0.0
2023-10-11,4.711566829093773,4.711566829093773,4.4348554987064235,4.492191791534424,7435500,0.0,0.0
2023-10-13,4.469756399956569,4.512135716658238,4.330154888910091,4.35009765625,5682300,0.0,0.0
2023-10-16,4.382505750371878,4.509643343366276,4.285282843186611,4.462277889251709,5575800,0.0,0.0
2023-10-17,4.434855984574282,4.5570074320662,4.332647303050386,4.360069274902344,8438700,0.0,0.0
2023-10-18,4.3401261665102915,4.360069647404506,4.135709499220503,4.163130760192871,15005700,0.0,0.0
2023-10-19,4.168115957806311,4.292760823738472,4.160637465552621,4.175594806671143,5244300,0.0,0.0
2023-10-20,4.120752112529764,4.222960088485061,4.088344000995006,4.165624141693115,11157900,0.0,0.0
2023-10-23,4.125737067895464,4.287775481486433,4.125737067895464,4.250381946563721,4611300,0.0,0.0
2023-10-24,4.282789123791686,4.310211095539921,4.153158827517318,4.295253753662109,4567200,0.0,0.0
2023-10-25,4.35757616744979,4.422391677170123,4.2080027371979165,4.237917423248291,4151700,0.0,0.0
2023-10-26,4.250381658546082,4.452305948901188,4.250381658546082,4.417405128479004,4369800,0.0,0.0
2023-10-27,4.4223915001942276,4.49967092442619,4.340125938542219,4.43734884262085,5501100,0.0,0.0
2023-10-30,4.44981363967895,4.46477098266601,4.307719059607474,4.330154895782471,6871200,0.0,0.0
2023-10-31,4.3700408314811945,4.3700408314811945,4.240410880889126,4.327661514282227,6281400,0.0,0.0
2023-11-01,4.3276614625376615,4.442335138453343,4.262846666322194,4.4024481773376465,8596800,0.0,0.0
2023-11-03,4.524600281186217,4.753945828578539,4.517121432097919,4.681652545928955,7583400,0.0,0.0
2023-11-06,4.689131272564797,4.704088614877158,4.554515191753548,4.576951026916504,4889400,0.0,0.0
2023-11-07,4.574457517557684,4.883576989499849,4.557007463486163,4.811282634735107,8652600,0.0,0.0
2023-11-08,4.669188274978811,4.79632587606682,4.4872074363605785,4.714060306549072,12072900,0.0,0.0
2023-11-09,4.781368019581406,4.893548264785392,4.589414925749613,4.709074020385742,13677000,0.0,0.0
2023-11-10,4.716552942633868,4.993263977815833,4.716552942633868,4.985785484313965,9840900,0.0,0.0
2023-11-13,4.985785228348135,5.023178763771331,4.910998514112927,4.9932637214660645,6509100,0.0,0.0
2023-11-14,5.010714535740629,5.195188075937823,4.988278699569527,5.095472812652588,5067300,0.0,0.0
2023-11-16,5.075529603672519,5.165273666381836,5.075529603672519,5.165273666381836,6413400,0.0,0.0
2023-11-17,5.190202479407536,5.205159820868204,4.930941180867009,5.005728244781494,4647900,0.0,0.0
2023-11-20,5.005729029976992,5.028164867381689,4.8486767416992915,4.891056060791016,5924400,0.0,0.0
2023-11-21,4.891055648009035,4.891055648009035,4.649244741955583,4.7040886878967285,9119100,0.0,0.0
2023-11-22,4.701595622496642,4.798818534784833,4.621823479429824,4.651738166809082,5072400,0.0,0.0
2023-11-23,4.654230955037905,4.716553043122351,4.599387717225869,4.686638355255127,2081400,0.0,0.0
2023-11-24,4.674174494271613,4.674174494271613,4.581937003965265,4.611851692199707,2553900,0.0,0.0
2023-11-27,4.6143450922276195,4.724031925201416,4.589415472281332,4.724031925201416,5537700,0.0,0.0
2023-11-28,4.736495867107645,4.9857848980431045,4.709073895399165,4.94589900970459,6315000,0.0,0.0
2023-11-29,4.973321491734916,5.025672015297569,4.868620087998416,4.898534774780273,5824500,0.0,0.0
2023-11-30,4.9409128521932155,4.990771014786809,4.833718747636559,4.973320960998535,10643100,0.0,0.0
2023-12-01,4.97332103648816,5.135358373473889,4.933434077874455,5.10045862197876,7803900,0.0,0.0
2023-12-04,5.070544042499358,5.092979877689095,4.896041002091172,4.910998344421387,5771700,0.0,0.0
2023-12-05,4.9109980832432525,5.045614157055998,4.861140634738572,4.9583635330200195,8295000,0.0,0.0
2023-12-06,4.968576370832095,5.068151885811013,4.894533086006981,4.960916519165039,5829300,0.156667,0.0
2023-12-07,4.978790160443593,5.11155777143824,4.925172288767127,5.06815242767334,10497300,0.0,0.0
2023-12-08,5.07070595901707,5.1319833150397045,5.0247479420000944,5.093685150146484,2398200,0.0,0.0
2023-12-11,5.0936853910406645,5.116664218014957,5.022194408482885,5.06815242767334,2349900,0.0,0.0
2023-12-12,5.070705916171644,5.185601140364191,5.03496042688529,5.116663932800293,4042800,0.0,0.0
2023-12-13,5.290282889044388,5.405178116441569,5.195813812627065,5.387305736541748,15607800,0.0,0.0
2023-12-14,5.417944588429048,5.634968751457242,5.389858949520114,5.509860992431641,14327700,0.0,0.0
2023-12-15,5.553265500502797,5.553265500502797,5.313261800261584,5.430710792541504,5829900,0.0,0.0
2023-12-18,5.430711065128887,5.5022009497861415,5.36432689640928,5.466455459594727,4422600,0.0,0.0
2023-12-19,5.507307042494937,5.576244242804853,5.463902070958729,5.491987705230713,4747200,0.0,0.0
2023-12-20,5.456242967681464,5.5200733657450956,5.3285814410704795,5.428157329559326,4336500,0.0,0.0
2023-12-21,5.438370173546717,5.489434268963674,5.3745390498604815,5.44092321395874,4935300,0.0,0.0
2023-12-22,5.466455602062974,5.527733325958252,5.39496571554253,5.527733325958252,3888600,0.0,0.0
2023-12-26,5.527732885551429,5.545605629688979,5.43581648965263,5.494541168212891,2771400,0.0,0.0
2023-12-27,5.456243053658932,5.6247557893215365,5.45369001301225,5.596670150756836,3400800,0.0,0.0
2023-12-28,5.609436205844931,5.775396258887588,5.596669907440938,5.716671943664551,7620900,0.0,0.0
2024-01-02,5.706458976269096,5.706458976269096,5.517520099913419,5.583904266357422,6784200,0.0,0.0
2024-01-03,5.548158655028313,5.56603103387534,5.384752743991797,5.469008922576904,7293000,0.0,0.0
2024-01-04,5.469009344830056,5.474115426116149,5.305602325451641,5.36177396774292,5149500,0.0,0.0
2024-01-05,5.34900718477292,5.540499094864296,5.308155616245888,5.44092321395874,3560100,0.0,0.0
2024-01-08,5.3898589037462115,5.550712152832347,5.351560737208764,5.527733325958252,3565500,0.0,0.0
2024-01-09,5.558372000101367,5.558372000101367,5.392412669857418,5.517520427703857,4215300,0.0,0.0
2024-01-10,5.543052726195659,5.686033596524634,5.491988625334994,5.650288105010986,5615700,0.0,0.0
2024-01-11,5.619648961291389,5.7370975888704505,5.532839376085619,5.57113790512085,10438500,0.0,0.0
2024-01-12,5.5507116920675115,5.637522006770784,5.349007252531132,5.558371543884277,9272400,0.0,0.0
2024-01-15,5.560925423560799,5.594116776195796,5.504753784542431,5.553265571594238,3176700,0.0,0.0
2024-01-16,5.617096262576761,5.632415602074555,5.481774882483464,5.520073413848877,7026600,0.0,0.0
2024-01-17,5.489434278873731,5.566030970000195,5.458795602423146,5.550711631774902,2735100,0.0,0.0
2024-01-18,5.586457080927399,5.601776419046801,5.369433306856793,5.394965171813965,6685800,0.0,0.0
2024-01-19,5.402624659551065,5.5073073512548785,5.343900347458331,5.489434242248535,6189600,0.0,0.0
2024-01-22,5.466455024550219,5.545605485645026,5.374538996280726,5.44347620010376,3191700,0.0,0.0
2024-01-23,5.489434689716566,5.520073368460226,5.407731911642001,5.433263778686523,2142900,0.0,0.0
2024-01-24,5.489434812792965,5.512413639744978,5.417944560788238,5.453690052032471,1603200,0.0,0.0
2024-01-25,5.489434981229094,5.70901255579436,5.453690219371818,5.691140174865723,4233900,0.0,0.0
2024-01-26,5.714118860365177,5.714118860365177,5.576244810939876,5.640075206756592,2680800,0.0,0.0
2024-01-29,5.64007548631138,5.657947501296987,5.563478423147771,5.581350803375244,1889400,0.0,0.0
2024-01-30,5.594117188908993,5.594117188908993,5.4664556584881225,5.53028678894043,1942200,0.0,0.0
2024-01-31,5.5558180302517455,5.7422031155220425,5.522626315850928,5.563477516174316,4267800,0.0,0.0
2024-02-01,5.599223594077936,5.742203723451679,5.527732981528296,5.6630539894104,5796900,0.0,0.0
2024-02-02,5.691139539815831,5.706458878291764,5.425603974324484,5.51496696472168,6573600,0.0,0.0
2024-02-05,5.514966934395398,5.601776518614995,5.446030094253696,5.558371543884277,5340000,0.0,0.0
2024-02-06,5.589010390029288,5.790715566161536,5.576244822178802,5.660501003265381,5630400,0.0,0.0
2024-02-07,5.670713466651458,5.783055641667427,5.634967980117862,5.737097263336182,2918400,0.0,0.0
2024-02-08,5.752417767699804,5.752417767699804,5.596670232982387,5.650288105010986,3560700,0.0,0.0
2024-02-09,5.65028781363855,5.73965080733068,5.6145430544519215,5.683480262756348,3045600,0.0,0.0
2024-02-14,5.655394833774786,5.6885861883909845,5.558371984363541,5.596670150756836,7009800,0.0,0.0
2024-02-15,5.594116190348212,5.6400745668508625,5.4817740198021205,5.563477516174316,6099900,0.0,0.0
2024-02-16,5.617095850682215,5.652841338797757,5.530286266560361,5.642627716064453,3442200,0.0,0.0
2024-02-19,5.800928010919873,5.83922654013543,5.563478079412214,5.617095947265625,6156300,0.0,0.0
2024-02-20,5.599223521633934,5.994972917203722,5.563478033200674,5.974547863006592,11968500,0.0,0.0
2024-02-21,6.015398979187012,6.0843361840978725,5.880077609792148,6.015398979187012,6157200,0.0,0.0
2024-02-22,6.066464309674562,6.066464309674562,5.846886744071079,5.951569080352783,4465500,0.0,0.0
2024-02-23,5.94646226859088,5.977100947711106,5.872418611429402,5.951569080352783,3765600,0.0,0.0
2024-02-26,5.949015186838339,6.0536978862082265,5.913270427175333,5.931142807006836,2922300,0.0,0.0
2024-02-27,5.954121804873773,6.163486101079681,5.954121804873773,6.137954235076904,6469800,0.0,0.0
2024-02-28,6.086888992884295,6.099655656266142,5.971994135833475,6.051144599914551,4530900,0.0,0.0
2024-02-29,6.0128460108644575,6.089442703216253,5.9541216974404945,6.043484687805176,5506800,0.0,0.0
2024-03-01,6.043485125747103,6.196678886793739,6.0102926754599375,6.076676845550537,5611200,0.0,0.0
2024-03-04,6.102208177758593,6.183911310131901,6.035824747947093,6.163485527038574,4122900,0.0,0.0
2024-03-05,6.163486104245955,6.303913558784443,6.130294386231816,6.242636203765869,3757200,0.0,0.0
2024-03-06,6.270720695855997,6.426468574581324,6.217103196379236,6.344764709472656,7283100,0.0,0.0
2024-03-07,6.370296731019394,6.477532463103125,6.303913297740049,6.326892852783203,5079300,0.0,0.0
2024-03-08,6.247742086058411,6.446893848776355,6.199231396074418,6.429021835327148,4196100,0.0,0.0
2024-03-11,6.42902204300388,6.444341016524287,6.252849099375193,6.347318172454834,4470900,0.0,0.0
2024-03-12,6.40859532007564,6.40859532007564,6.257955708318694,6.334552764892578,6922500,0.0,0.0
2024-03-13,6.334553371032182,6.367744360680791,6.183912283893382,6.309020042419434,5237700,0.0,0.0
2024-03-14,6.3396580560759475,6.469872612745812,6.331998934876991,6.421361923217773,4322700,0.0,0.0
2024-03-15,6.421362498507348,6.459661029867941,6.314126756794431,6.3958306312561035,2677200,0.0,0.0
2024-03-18,6.452001456066318,6.500512152034892,6.173700292496633,6.206892013549805,5646600,0.0,0.0
2024-03-19,6.20689146797164,6.316679514919107,6.112422029351208,6.283487796783447,6238500,0.0,0.0
2024-03-20,6.303913632712933,6.4213622631177465,6.214550639641928,6.375403881072998,6156900,0.0,0.0
2024-03-21,6.3677443912657585,6.47242709446864,6.288595016798266,6.370297431945801,4201200,0.0,0.0
2024-03-22,6.3677443912657585,6.464767241944772,6.3217867370900365,6.370297431945801,4127100,0.0,0.0
2024-03-25,6.3702964584378305,6.4239146874272315,6.306466068288883,6.339657783508301,3057300,0.0,0.0
2024-03-26,6.3422121626696075,6.413702411029671,6.2911476995552755,6.375403881072998,3493500,0.0,0.0
2024-03-27,6.418809289338146,6.5260450282353375,6.385616840105855,6.497958660125732,4928700,0.0,0.0
2024-03-28,6.510725459666943,6.572002817319228,6.472426928513334,6.543917179107666,4232100,0.0,0.0
2024-04-01,6.56178912299026,6.572002746305668,6.459660925157052,6.515831470489502,2924400,0.0,0.0
2024-04-02,6.400935867582508,6.536257245239272,6.242636394197445,6.495405673980713,10486200,0.0,0.0
2024-04-03,6.497958148900681,6.503064960105298,6.321785945805281,6.352424621582031,9352200,0.0,0.0
2024-04-04,6.3958302104993905,6.406042372341088,6.24263609513506,6.247742176055908,5649000,0.0,0.0
2024-04-05,6.2758279020244165,6.349871920301547,6.21710358769555,6.306466579437256,4168500,0.0,0.0
2024-04-08,6.3243394774277695,6.406042619178972,6.255402268954265,6.383063793182373,3355200,0.0,0.0
2024-04-09,6.385616455012079,6.5796621356461,6.385616455012079,6.546469688415527,4119300,0.0,0.0
2024-04-10,6.497958653649075,6.515831398528078,6.339658451264266,6.383063793182373,4175400,0.0,0.0
2024-04-11,6.344764594571704,6.452000322066875,6.301359987709111,6.339657783508301,6666900,0.0,0.0
2024-04-12,6.413702714645666,6.42902241954703,5.959228971413943,6.028165817260742,11800200,0.0,0.0
2024-04-15,6.030718481238366,6.056250347167608,5.640075161699817,5.757523059844971,9798300,0.0,0.0
2024-04-16,5.7268840030712145,5.767736300722447,5.606883072379148,5.731990814208984,9279900,0.0,0.0
2024-04-17,5.744758048135397,5.864758998391171,5.680926916166941,5.691140174865723,4627200,0.0,0.0
2024-04-18,5.71922494689325,5.780502302252257,5.67071388985496,5.749863624572754,5046600,0.0,0.0
2024-04-19,5.731991265583945,5.85199293620938,5.686033248901367,5.686033248901367,6477600,0.0,0.0
2024-04-22,5.698799044661913,5.765182475440212,5.622202356946393,5.734543800354004,4077300,0.0,0.0
2024-04-23,5.719224511225252,5.813694308070158,5.629861890754916,5.811140537261963,4943100,0.0,0.0
2024-04-24,5.823907315315866,5.829014126870131,5.744757580094363,5.816247463226318,5600700,0.0,0.0
2024-04-25,5.81880019698128,5.951568524587918,5.716671641359284,5.913269996643066,5861700,0.0,0.0
2024-04-26,5.92603660935499,6.280935197956856,5.92603660935499,6.211997985839844,7820400,0.0,0.0
2024-04-29,6.229870230115727,6.278380921326191,6.076676478326846,6.171145915985107,3674400,0.0,0.0
2024-04-30,6.153273478956572,6.181359117180663,5.923483387657992,5.954122066497803,5025900,0.0,0.0
2024-05-02,6.017952118199247,6.140507191741997,5.969441062117724,6.089442729949951,4914600,0.0,0.0
2024-05-03,6.263061969056655,6.367743934262936,6.191571721760028,6.306466579437256,7712700,0.0,0.0
2024-05-06,6.288594662731022,6.362637951669567,6.2349771590502625,6.280934810638428,5677800,0.0,0.0
2024-05-07,6.3319998286319645,6.36519228044717,6.22731785263386,6.3192338943481445,4486800,0.0,0.0
2024-05-08,6.329446418175243,6.426469266226306,6.222210677196895,6.418809413909912,5720400,0.0,0.0
2024-05-09,6.3268931436873315,6.372850794919401,6.173699755440941,6.293700695037842,7237800,0.0,0.0
2024-05-10,6.536257162471191,6.633280008223536,6.252849207832776,6.44689416885376,13044900,0.0,0.0
2024-05-13,6.43157470792557,6.510725542336101,6.408595881135123,6.487746715545654,5232600,0.0,0.0
2024-05-14,6.408595774466477,6.523491367473784,6.3498721881442926,6.3881707191467285,4807800,0.0,0.0
2024-05-15,6.337105560912081,6.497958807668348,6.337105560912081,6.45966100692749,5324100,0.0,0.0
2024-05-16,6.510724649847558,6.725195374954178,6.477532204051666,6.674130916595459,5952000,0.0,0.0
2024-05-17,6.686897873138378,6.702217578235112,6.523491581353178,6.58732271194458,2881800,0.0,0.0
2024-05-20,6.612853907451392,6.67157822021201,6.5005113627874245,6.638385772705078,2532000,0.0,0.0
2024-05-21,6.607747192490822,6.658811654226691,6.500511457603658,6.61285400390625,2695800,0.0,0.0
2024-05-22,6.630726459086884,6.630726459086884,6.492852768463038,6.5413641929626465,4197900,0.0,0.0
2024-05-23,6.541363649288031,6.600087231450286,6.3422118865700865,6.429021835327148,4964700,0.0,0.0
2024-05-24,6.418808828606613,6.487746032200629,6.3600845170086115,6.423914909362793,5057400,0.0,0.0
2024-05-27,6.421362683443315,6.421362683443315,6.301361004648714,6.367744445800781,2825100,0.0,0.0
2024-05-28,6.441788163873336,6.467320030646472,6.334553154652223,6.3805108070373535,4746600,0.0,0.0
2024-05-29,6.354978182921465,6.469873043882405,6.265615919109461,6.434128284454346,4334100,0.0,0.0
2024-05-31,6.421361737241457,6.439233750005073,6.166039442579374,6.303913116455078,6941700,0.0,0.0
2024-06-03,6.296254923244901,6.380511110277812,6.209444234542586,6.367744445800781,5376900,0.0,0.0
2024-06-04,6.383063753995016,6.383063753995016,6.1992316861834045,6.311573505401611,4441800,0.0,0.0
2024-06-05,6.301360364902982,6.579662226701176,6.2937005130911805,6.510725021362305,8021100,0.0,0.0
2024-06-06,6.510725038196722,6.799239062511747,6.480086361353967,6.730301856994629,7992600,0.0,0.0
2024-06-07,6.638385808709841,6.827324680643291,6.638385808709841,6.699663162231445,8613600,0.0,0.0
2024-06-10,6.699663242927133,6.730301920056969,6.497958435868119,6.549023628234863,5890800,0.0,0.0
2024-06-11,6.549023023226944,6.676683800899275,6.549023023226944,6.607746601104736,6402900,0.0,0.0
2024-06-12,6.681791438079557,6.763494579647424,6.482639665266028,6.561789035797119,8125200,0.0,0.0
2024-06-13,6.56178912299026,6.64859980778522,6.28348797594757,6.515831470489502,8322300,0.0,0.0
2024-06-14,6.528597426074009,6.546470171211082,6.390723737619912,6.452001094818115,5423700,0.0,0.0
2024-06-17,6.462213219001617,6.485192775677896,6.3805108070373535,6.3805108070373535,4447800,0.0,0.0
2024-06-18,6.383063274868338,6.413701950537134,6.29114724786195,6.406042098999023,3615300,0.0,0.0
2024-06-19,6.34221221780842,6.477532863616943,6.2860409426524555,6.477532863616943,9413100,0.0,0.0
2024-06-20,6.485192720371376,6.6358330705960835,6.370297129420967,6.383063793182373,5580000,0.0,0.0
2024-06-21,6.39838317084841,6.472426456659408,6.32944596589433,6.4494476318359375,4222500,0.0,0.0
2024-06-24,6.449447767952089,6.612854046560881,6.446893996986062,6.589875221252441,5167500,0.0,0.0
2024-06-25,6.515831729439482,6.7022175788879395,6.515831729439482,6.7022175788879395,4362900,0.0,0.0
2024-06-26,6.623066116469782,6.822217880999087,6.5924274396563245,6.814558029174805,9458400,0.0,0.0
2024-06-27,6.865623886422122,6.909029230644069,6.778814658945722,6.847751140594482,6231000,0.0,0.0
2024-06-28,6.829877350335652,6.901368322713746,6.7481749472256185,6.789025783538818,6540900,0.0,0.0
2024-07-01,6.822218502968847,6.95498684508176,6.7073236370645395,6.8809428215026855,9751800,0.0,0.0
2024-07-02,7.018816942444658,7.0903071917789395,6.929453948155877,7.008604049682617,12495600,0.0,0.0
2024-07-03,7.021369035373629,7.174562406128457,7.021369035373629,7.103072166442871,9181200,0.0,0.0
2024-07-04,7.238394020396915,7.475844309176185,7.2358402495135605,7.353289604187012,9446700,0.0,0.0
2024-07-05,7.253263115306929,7.3749172746158305,7.193788418859937,7.24245023727417,6405300,0.533333,0.0
2024-07-08,7.228932173143976,7.261373125718953,7.050506547254941,7.109982013702393,4356600,0.0,0.0
2024-07-09,7.0937609152807415,7.228931933250803,7.074837606996634,7.226228713989258,2869200,0.0,0.0
2024-07-10,7.2884067325519535,7.426280971831897,7.266780204685005,7.410060882568359,6112500,0.0,0.0
2024-07-11,7.477647354535479,7.677699520411078,7.428985536094729,7.593893527984619,8809800,0.0,0.0
2024-07-12,7.677699016580838,7.677699016580838,7.43709548003586,7.507383823394775,10361700,0.0,0.0
2024-07-15,7.542527845013989,7.558747932474924,7.4073568400578385,7.520899772644043,3274200,0.0,0.0
2024-07-16,7.52090043745966,7.588485559185363,7.437095226839235,7.553341388702393,4200000,0.0,0.0
2024-07-17,7.477646318607176,7.661477595050695,7.477646318607176,7.658774375915527,4047900,0.0,0.0
2024-07-18,7.602003357610066,7.602003357610066,7.445205810126633,7.572265625,9566100,0.0,0.0
2024-07-19,7.588485566942341,7.72635980322821,7.553341396423446,7.680402755737305,3497700,0.0,0.0
2024-07-22,7.704733398313958,7.853421287388833,7.666885234497094,7.807462692260742,2768100,0.0,0.0
2024-07-23,7.785836464238857,7.793946122408969,7.650665439843692,7.68580961227417,3266700,0.0,0.0
2024-07-24,7.688512831664207,7.7209545581579775,7.585783533762813,7.68580961227417,4383000,0.0,0.0
2024-07-25,7.7020290053523475,7.81286949830403,7.54793468571276,7.656071186065674,5348100,0.0,0.0
2024-07-26,7.7263600652943705,7.7263600652943705,7.566859296201176,7.650665283203125,4640400,0.0,0.0
2024-07-29,7.607410813092452,7.683106369960968,7.504680742044231,7.583080291748047,3024300,0.0,0.0
2024-07-30,7.518198571684364,7.561452403224986,7.396544415048816,7.488460063934326,9328800,0.0,0.0
2024-07-31,7.542528382079001,7.569562120923234,7.412764579338822,7.515493869781494,6488100,0.0,0.0
2024-08-01,7.5533412707360394,7.593892652519455,7.410060598348353,7.45872163772583,7653600,0.0,0.0
2024-08-02,7.410061140804558,7.585783550245419,7.32625515190466,7.364103317260742,5711100,0.0,0.0
2024-08-05,7.169457088481777,7.350585150373702,7.031582854206875,7.20730447769165,3347400,0.0,0.0
2024-08-06,7.20730465930303,7.453315402452719,7.204601440031339,7.328958034515381,5834100,0.0,0.0
2024-08-07,7.453314993084854,7.683105634530019,7.412764385876813,7.645257472991943,5653500,0.0,0.0
2024-08-08,7.626334311391277,7.745285248588572,7.534418662497627,7.631741523742676,4561800,0.0,0.0
2024-08-09,7.572265626967495,7.84801410496284,7.572265626967495,7.804759502410889,5294700,0.0,0.0
2024-08-12,7.864233738718629,7.912895550497869,7.7020289885432565,7.7858357429504395,3287400,0.0,0.0
2024-08-13,7.880454964007106,7.9507440790523365,7.729063856859391,7.796648979187012,7162200,0.0,0.0
2024-08-14,7.834497898943989,7.864234860628464,7.672293125628524,7.837201118469238,4015500,0.0,0.0
2024-08-15,7.869641778076558,7.929116472668998,7.75880127371003,7.853421688079834,5662200,0.0,0.0
2024-08-16,7.831793644534869,7.926413285840433,7.799352690954676,7.866938591003418,4959600,0.0,0.0
2024-08-19,7.902082271729187,7.945336873808071,7.826386718091139,7.923710346221924,4417200,0.0,0.0
2024-08-20,7.9264121639654155,7.99940449255312,7.872343915651048,7.921005725860596,2520000,0.0,0.0
2024-08-21,7.880454925072132,7.923710300353919,7.815573022329388,7.872344493865967,2415600,0.0,0.0
2024-08-22,7.926413535696999,7.926413535696999,7.52360443595558,7.591190338134766,5439600,0.0,0.0
2024-08-23,7.691215938852357,7.921006599626545,7.647962108882768,7.839903831481934,3294900,0.0,0.0
2024-08-26,7.839904382565428,7.907490285254467,7.664182737171347,7.745285511016846,3117000,0.0,0.0
2024-08-27,7.812870091069275,7.8723447840491145,7.6966231510068805,7.839903831481934,3129000,0.0,0.0
2024-08-28,7.82368206984117,8.069693565368652,7.766910602732722,8.069693565368652,6408600,0.0,0.0
2024-08-29,8.088618075117989,8.156203195429347,7.812869608598673,7.912895679473877,4963500,0.0,0.0
2024-08-30,7.845310591681901,7.942633443776846,7.656071325881761,7.820980072021484,9392700,0.0,0.0
2024-09-02,7.820981115784155,8.004813194274902,7.777726509080449,8.004813194274902,4310700,0.0,0.0
2024-09-03,8.004812543870885,8.202161477558276,7.983185242276287,8.148093223571777,5562900,0.0,0.0
2024-09-04,8.123762865551372,8.475206910237965,8.088618693118711,8.34273910522461,6113400,0.0,0.0
2024-09-05,8.340035438537598,8.380586821029128,8.23189893419571,8.340035438537598,5348400,0.0,0.0
2024-09-06,8.34003619166639,8.450876698716002,8.21297559422742,8.380587577819824,8075400,0.0,0.0
2024-09-09,8.40491763989306,8.461689886780471,8.318408433344606,8.450876235961914,3452100,0.0,0.0
2024-09-10,8.450875660238776,8.534680868283301,8.369772897898137,8.51575756072998,2588700,0.0,0.0
2024-09-11,8.569825481048278,8.645521808990784,8.502240357903387,8.607673645019531,5823300,0.0,0.0
2024-09-12,8.645522288698793,8.750955581665039,8.57523316890351,8.750955581665039,6336600,0.0,0.0
2024-09-13,8.78339673868588,9.078068548468977,8.761769435702655,9.04562759399414,8268300,0.0,0.0
2024-09-16,9.072661600080068,9.0753655931217,8.942897778403603,9.015890121459961,5473800,0.0,0.0
2024-09-17,9.013185944971784,9.16187383488705,8.92938073245976,8.999669075012207,8031000,0.0,0.0
2024-09-18,8.966772376427247,9.101095461472017,8.936617974389485,8.99144458770752,9529500,0.153333,0.0
2024-09-19,8.999667979705332,9.029822382097795,8.813260158819112,8.892757415771484,3797700,0.0,0.0
2024-09-20,8.89549907879862,8.925654267405799,8.615887721772733,8.736504554748535,8575800,0.0,0.0
2024-09-23,8.733762763644803,8.810518923971433,8.39658372042305,8.555578231811523,7430700,0.0,0.0
2024-09-24,8.739245385745807,8.744728361042178,8.533648321507227,8.6049222946167,5412000,0.0,0.0
2024-09-25,8.632334588940868,8.692643394146277,8.522682928831523,8.648782730102539,8005800,0.0,0.0
2024-09-26,8.648783131509466,8.731021488263048,8.454151229709499,8.533648490905762,6214500,0.0,0.0
2024-09-27,8.533648224910687,8.558319652738692,8.360946661533552,8.402066230773926,4447800,0.0,0.0
2024-09-30,8.45689215980179,8.46511623060341,8.212916621290766,8.292414665222168,5929500,0.0,0.0
2024-10-01,8.292415330012433,8.429480311962354,8.259519828459327,8.349982261657715,5298600,0.0,0.0
2024-10-02,8.352722531645112,8.533648164446506,8.352722531645112,8.445927619934082,6129000,0.0,0.0
2024-10-03,8.35820469116524,8.429478656007312,8.122453250868922,8.251294136047363,5138100,0.0,0.0
2024-10-04,8.240330762256761,8.339017259588568,8.14712567167421,8.237588882446289,5757900,0.0,0.0
2024-10-07,8.352723338896501,8.369171481781965,8.130678899977076,8.215659141540527,3073800,0.0,0.0
2024-10-08,8.333534240722656,8.410290404913077,8.306121717085643,8.333534240722656,5633100,0.0,0.0
2024-10-09,8.330792888805508,8.330792888805508,8.116971760139494,8.212916374206543,3482100,0.0,0.0
2024-10-10,8.207433507940623,8.207433507940623,8.086816692137024,8.155348777770996,4424400,0.0,0.0
2024-10-11,8.16631545582763,8.171796862417567,7.878479258758029,7.963459491729736,10543200,0.0,0.0
2024-10-14,7.968941201440413,8.278706927618607,7.925080539882774,8.152607917785645,5411700,0.0,0.0
2024-10-15,8.152608641494641,8.300638779537586,8.114230167079596,8.1964693069458,4323900,0.0,0.0
2024-10-16,8.27870763636947,8.374653822103996,8.152608615741007,8.344498634338379,3929400,0.0,0.0
2024-10-17,8.303379401863115,8.314344567601022,8.133419725070807,8.273225784301758,4674300,0.0,0.0
2024-10-18,8.278707607460184,8.314344986120151,8.133420134482721,8.210175514221191,4370700,0.0,0.0
2024-10-21,8.215658133945109,8.262259892587497,8.196468897695706,8.229364395141602,5415000,0.0,0.0
2024-10-22,8.218399880289903,8.289673855880078,8.155349975785242,8.234848022460938,10551000,0.0,0.0
2024-10-23,8.196469383487152,8.27596664428711,8.103265860678354,8.27596664428711,3924000,0.0,0.0
2024-10-24,8.27596708015409,8.470599775524999,8.158092122663193,8.418514251708984,4032900,0.0,0.0
2024-10-25,8.418514251708984,8.519942635071772,8.347241058076843,8.418514251708984,3126300,0.0,0.0
2024-10-28,8.467857576022979,8.511719026829274,8.314345243217984,8.371912956237793,3734400,0.0,0.0
2024-10-29,8.371912808042993,8.582991281550242,8.36917092821636,8.53639030456543,6702000,0.0,0.0
2024-10-30,8.566544590635496,8.670714072017441,8.503495466947086,8.593957901000977,4170000,0.0,0.0
2024-10-31,8.506235971690048,8.67071346958328,8.506235971690048,8.57476806640625,5144100,0.0,0.0
2024-11-01,8.621369554335194,8.72828012064395,8.358205566061672,8.402066230773926,11651700,0.0,0.0
2024-11-04,8.410291437309846,8.615888526987545,8.410291437309846,8.495271682739258,4383600,0.0,0.0
2024-11-05,8.51171886549309,8.525424343156242,8.355464655774663,8.454151153564453,3723600,0.0,0.0
2024-11-06,8.451408951595544,8.451408951595544,8.155349469511188,8.336275100708008,8619900,0.0,0.0
2024-11-07,8.388359091071134,8.58024987124632,8.204692380741278,8.251294136047363,7890300,0.0,0.0
2024-11-08,8.248554363047845,8.4239970316546,7.894927930209998,8.355464935302734,9726600,0.0,0.0
2024-11-11,8.355464884472532,8.508977218569559,8.251295408475686,8.410290718078613,5186100,0.0,0.0
2024-11-12,8.451409147222343,8.478823239300521,8.3143449611559,8.429479598999023,5897700,0.0,0.0
2024-11-13,8.484304584964127,8.59395703103531,8.3801358984178,8.402066230773926,5039700,0.0,0.0
2024-11-14,8.377394221082612,8.467857432455457,8.223882675170898,8.223882675170898,4374900,0.0,0.0
2024-11-18,8.270484154245356,8.314344818520663,7.990872027345003,8.010061264038086,3160200,0.0,0.0
2024-11-19,7.977166438458514,8.201952753968497,7.9497531288297125,8.190987586975098,3351600,0.0,0.0
2024-11-21,8.193728934895464,8.325310942867016,8.078594285775042,8.322569847106934,3822300,0.0,0.0
2024-11-22,8.377394119097804,8.659748131931464,8.355464570769298,8.646041870117188,5543100,0.0,0.0
2024-11-25,8.646041492067138,8.821484145348387,8.533647954090942,8.541872024536133,4163100,0.0,0.0
2024-11-26,8.541872144439797,8.813260198616382,8.443185650583816,8.796812057495117,7133700,0.0,0.0
2024-11-27,8.796811292376557,8.848896806633487,8.158090625435193,8.251294136047363,11802600,0.0,0.0
2024-11-28,8.251295354328438,8.267743496447618,7.664658546447755,7.664658546447754,8485200,0.0,0.0
2024-11-29,7.6345032085402496,8.010060708572045,7.412458807117045,7.9360456466674805,10411200,0.0,0.0
2024-12-02,7.8812204368417556,7.957976600007083,7.746897347375069,7.771568775177002,10002600,0.0,0.0
2024-12-03,7.777051445050728,7.867513875422479,7.607091751148971,7.735931873321533,6301500,0.0,0.0
2024-12-04,7.752379562312032,7.963459599888034,7.719484063710771,7.864772319793701,7092000,0.0,0.0
2024-12-05,7.966199828603876,8.125195913299768,7.930564019184623,8.092300415039062,7002900,0.0,0.0
2024-12-06,8.086817350687431,8.297897383750893,8.051180757370554,8.171796798706055,7824900,0.0,0.0
2024-12-09,8.171797083197834,8.275966555646672,8.042956966829776,8.114230155944824,5770200,0.0,0.0
2024-12-10,8.528165748068467,8.66797180822455,8.306121336479144,8.459632873535156,12990000,0.0,0.0
2024-12-11,8.498011721347627,8.654265144975374,8.317086085338744,8.563802719116211,10157700,0.0,0.0
2024-12-12,8.498012118287779,8.57751016585607,7.930564539955762,7.966200351715088,10102800,0.0,0.0
2024-12-13,7.966199146136724,8.059404226326292,7.634503096497096,7.733189582824707,11242200,0.0,0.0
2024-12-16,7.741415066310694,7.744156162025466,7.505663580446623,7.522110939025879,8819700,0.0,0.0
2024-12-17,7.560488271334671,7.648210379539491,7.412458929374507,7.541299819946289,8972400,0.0,0.0
2024-12-18,7.4974392154386615,7.552265833331015,7.157519047107721,7.245241165161133,6866700,0.0,0.0
2024-12-19,7.267170744791277,7.371340221216832,7.116399505681411,7.349409103393555,15808500,0.0,0.0
2024-12-20,7.34940902491831,7.708519213044793,7.267170667194154,7.664658546447754,13345800,0.0,0.0
2024-12-23,7.6756238018316,7.681106777364908,7.461802657553851,7.467285633087158,5422200,0.0,0.0
2024-12-26,7.467285204205328,7.494697727425658,7.374080899817002,7.412459373474121,3923700,0.0,0.0
2024-12-27,7.4480966809291544,7.505663612639388,7.343927984705428,7.3685994148254395,6959700,0.0,0.0
2024-12-30,7.387787386571369,7.448096194358893,7.253464293259028,7.291841983795166,3749400,0.0,0.0
2025-01-02,7.294584038664113,7.330220634507881,7.119140586477329,7.297325134277344,6353100,0.0,0.0
2025-01-03,7.3055485401960665,7.365856559648702,7.267170067943057,7.280877113342285,7308600,0.0,0.0
2025-01-06,7.301029013778194,7.401792541800035,7.25208621100008,7.370123863220215,5975100,0.423333,0.0
2025-01-07,7.370124370889513,7.542861506393056,7.32693988109472,7.364366054534912,6498600,0.0,0.0
2025-01-08,7.352851052278197,7.352851052278197,6.938281104346855,6.998739719390869,12414600,0.0,0.0
2025-01-09,6.97570706807219,7.030408188806632,6.886459756868044,7.001617431640625,4923300,0.0,0.0
2025-01-10,7.001617453602549,7.021771148417091,6.895096840910527,6.952676296234131,7115700,0.0,0.0
2025-01-13,6.952676230029684,7.0102544492916055,6.874944316145126,6.9814653396606445,4884900,0.0,0.0
2025-01-14,6.961313071172124,7.142687256580502,6.9382806310534395,7.056318283081055,5958900,0.0,0.0
2025-01-15,7.067834522739989,7.516951070795755,7.067834522739989,7.4910407066345215,11499900,0.0,0.0
2025-01-16,7.485282706720388,7.511193071976794,7.275119390883917,7.355730056762695,5460600,0.0,0.0
2025-01-17,7.387398324650547,7.442097798532475,7.246329873185591,7.2866339683532715,5176200,0.0,0.0
2025-01-20,7.214660691034512,7.324060454859984,7.099502611388984,7.292391777038574,8998200,0.0,0.0
2025-01-21,7.292392410376013,7.381640135771266,7.217539240267714,7.344213962554932,5904300,0.0,0.0
2025-01-22,7.332698275214368,7.649382615158226,7.286634214915937,7.6004414558410645,6411600,0.0,0.0
2025-01-23,7.672414903114411,7.672414903114411,7.436340408324207,7.4910407066345215,5343000,0.0,0.0
2025-01-24,7.485282253448038,7.741509615089301,7.436340272332813,7.704083442687988,5826300,0.0,0.0
2025-01-27,7.6810515662308845,7.945915157718838,7.65514037974168,7.917125225067139,5770500,0.0,0.0
2025-01-28,7.905609879732929,7.971825987401754,7.850910404739722,7.8912153244018555,4162800,0.0,0.0
2025-01-29,7.920004857593046,8.069710367010305,7.862425815509485,8.003494262695312,5140500,0.0,0.0
2025-01-30,8.023646600376264,8.383515383575498,8.023646600376264,8.262598991394043,6821400,0.0,0.0
2025-01-31,8.32593787552319,8.343211176628888,8.236689329053933,8.285632133483887,5652600,0.0,0.0
2025-02-03,8.285632142107836,8.492916697645587,8.19350484930434,8.426700592041016,10282800,0.0,0.0
2025-02-04,8.429580688292342,8.570649147033691,8.348969199096535,8.570649147033691,5801100,0.0,0.0
2025-02-05,8.567769089421871,8.59655819657828,8.325937129870798,8.415184020996094,3471600,0.0,0.0
2025-02-06,8.348969360394621,8.70308071097546,8.348969360394621,8.648381233215332,7740600,0.0,0.0
2025-02-07,8.616712577754745,8.726113180966736,8.487159101791754,8.559133529663086,4770600,0.0,0.0
2025-02-10,8.55913295523847,8.737627580505562,8.521705958733953,8.593680381774902,5375700,0.0,0.0
2025-02-11,8.521705921439935,8.743385858501943,8.521705921439935,8.71459674835205,3351900,0.0,0.0
2025-02-12,8.682927558609565,8.772174453776454,8.57352696963967,8.737627029418945,3893700,0.0,0.0
2025-02-13,8.7145963501056,8.826875686645508,8.668532293354733,8.826875686645508,3041700,0.0,0.0
2025-02-14,8.895969996918108,9.051432987284082,8.821116835871136,8.97082233428955,4312200,0.0,0.0
2025-02-17,8.970823457393097,9.123407720888101,8.953549332036726,9.048555374145508,4846200,0.0,0.0
2025-02-18,9.02840286010454,9.137803461893656,8.988097115126763,9.114771842956543,6113100,0.0,0.0
2025-02-19,9.011128072624581,9.06294879485473,8.913243296436315,8.97082233428955,3702900,0.0,0.0
2025-02-20,8.95354968823146,9.025524115178825,8.861424036143136,8.973703384399414,2711100,0.0,0.0
2025-02-21,8.97370277892859,9.3335715946818,8.913244165530969,9.327814102172852,7629000,0.0,0.0
2025-02-24,9.319177111084768,9.373877408716636,8.821117763520537,8.887333869934082,3833100,0.0,0.0
2025-02-25,8.8671802500028,9.016885751525157,8.783690849303449,8.786569595336914,5093100,0.0,0.0
2025-02-26,8.847028048448228,8.904607915518637,8.452610983437141,8.478521347045898,4624800,0.0,0.0
2025-02-27,8.4497319838399,8.657016533846216,8.415184558838849,8.616711616516113,5013000,0.0,0.0
2025-02-28,8.533222053406266,8.728989967764518,8.363363677722738,8.449731826782227,4831800,0.0,0.0
2025-03-05,8.377758434306884,8.521705627441406,8.14168395031449,8.521705627441406,4427700,0.0,0.0
2025-03-06,8.524585336640577,8.809601805063544,8.397911442194324,8.662775039672852,11045700,0.0,0.0
2025-03-07,8.57928558483562,8.858543735548844,8.469884992049154,8.757781028747559,5393700,0.0,0.0
2025-03-10,8.682927719211479,8.757780885208371,8.570648382053934,8.674290657043457,4817100,0.0,0.0
2025-03-11,8.585042598186822,8.651258699405908,8.20502093820308,8.371999740600586,11706600,0.0,0.0
2025-03-12,8.305783923400721,8.67141186563381,8.305783923400721,8.654138565063477,5193300,0.0,0.0
2025-03-13,8.651259255341488,8.665653810195472,8.432458891593624,8.458369255065918,6810000,0.0,0.0
2025-03-14,8.481400834675151,8.71459657591804,8.481400834675151,8.63686466217041,4359600,0.0,0.0
2025-03-17,8.62534789867157,8.772174661588183,8.441094964399928,8.694442749023438,5874000,0.0,0.0
2025-03-18,8.714597276169746,9.117650608409319,8.66565446806962,9.08310317993164,10467600,0.0,0.0
2025-03-19,9.126285915936645,9.51494547622119,9.071586444188803,9.307660102844238,10089600,0.0,0.0
2025-03-20,9.227050464623044,9.327813995457346,9.06870789097994,9.123407363891602,4842300,0.0,0.0
2025-03-21,9.155077781125817,9.192503956769478,9.002492684690834,9.103256225585938,4537200,0.0,0.0
2025-03-24,9.14068220988381,9.221292876177301,8.942034702436626,8.973703384399414,2786400,0.0,0.0
2025-03-25,9.002491552016306,9.235686463416462,8.942033764556188,9.17234992980957,6072900,0.0,0.0
2025-03-26,9.178107751805163,9.402666432831747,9.16371319687863,9.30190372467041,4986300,0.0,0.0
2025-03-27,9.368119217320807,9.431456578301825,9.241445319034398,9.258719444274902,5283300,0.0,0.0
2025-03-28,9.261598005189493,9.284629622598699,9.103255429582303,9.15507698059082,2535900,0.0,0.0
2025-03-31,9.163713464269215,9.247202873689995,8.959307648380726,9.048555374145508,4826100,0.0,0.0
2025-04-01,9.016886466048662,9.258719272885376,9.016886466048662,9.180987358093262,4485300,0.0,0.0
2025-04-02,9.155077396668306,9.267355918884277,9.085982541300485,9.267355918884277,12881100,0.0,0.0
2025-04-03,9.22992850054379,9.64161969127818,9.183866089406548,9.46888256072998,8172600,0.0,0.0
2025-04-04,9.347966149629782,9.347966149629782,9.057191362362008,9.327814102172852,5191500,0.0,0.0
2025-04-07,9.13780271746024,9.44009330913974,9.02840212458371,9.385392189025879,5946300,0.0,0.0
2025-04-08,9.428576804612913,9.690562481821576,9.347966143808558,9.442972183227539,7991700,0.0,0.0
2025-04-09,9.414182453929755,9.6157095221509,9.192503337826995,9.457366943359375,6232200,0.0,0.0
2025-04-10,9.474641090469468,9.474641090469468,9.250082403857649,9.368119239807129,8259900,0.0,0.0
2025-04-11,9.356603627935897,9.408425181197765,8.967944861336642,9.29902458190918,8775000,0.0,0.0
2025-04-14,9.448729511271411,9.60707208387138,9.36811885187014,9.563887596130371,5278200,0.0,0.0
2025-04-15,9.572524610158448,9.684803948248831,9.489034381299883,9.658893585205078,3342600,0.0,0.0
2025-04-16,9.67904620358696,9.794205118339253,9.595556793475296,9.681925773620605,3756000,0.0,0.0
2025-04-17,9.716472261039344,9.880572319030762,9.647377413077109,9.880572319030762,4533000,0.0,0.0
2025-04-22,9.874815159488938,10.03315690697921,9.834509418315553,10.010126113891602,4569300,0.0,0.0
2025-04-23,10.053311373108254,10.131042467895336,9.883452156843868,10.105132102966309,4707300,0.0,0.0
2025-04-24,10.11664692574062,10.51394271850586,10.087857817221343,10.51394271850586,4625700,0.0,0.0
2025-04-25,10.539853712028926,10.548490774572118,10.13679957921983,10.326810836791992,5762400,0.0,0.0
2025-04-28,10.326810233488319,10.603189629319168,10.266352446569211,10.482274055480957,5030100,0.0,0.0
2025-04-29,10.378631768451369,10.536974336357638,10.05331039428711,10.05331039428711,6878700,0.0,0.0
2025-04-30,9.969820391258358,10.46500015258789,9.943910028270476,10.46500015258789,6029700,0.0,0.0
2025-05-02,10.536975107354804,10.5916754059627,10.346963847228924,10.410301208496094,13578900,0.0,0.0
2025-05-05,10.390147446061672,10.459242294060834,10.223167818225921,10.4563627243042,4523400,0.0,0.0
2025-05-06,10.456363067639227,10.784564018249512,10.456363067639227,10.784564018249512,5955900,0.0,0.0
2025-05-07,10.87381216047627,10.885327968428204,10.476516374296796,10.60894775390625,6158400,0.0,0.0
2025-05-08,10.715469149691593,11.06670171645833,10.626222252671255,10.931390762329102,7652400,0.0,0.0
2025-05-09,10.94866511632678,11.003365413094935,10.655011585192984,10.741379737854004,6404400,0.0,0.0
2025-05-12,10.7701704568124,10.7701704568124,10.338327224006337,10.548490524291992,6766500,0.0,0.0
2025-05-13,10.539854033510133,10.810475961163363,10.42181637162115,10.712591171264648,8781000,0.0,0.0
2025-05-14,10.718349807785508,10.986092997057582,10.660770760147804,10.842144966125488,5230500,0.0,0.0
2025-05-15,10.940028933044216,10.997607980670196,10.767291790166276,10.983213424682617,8781300,0.0,0.0
2025-05-16,10.997607917105372,11.161708819647682,10.85941820360174,11.135798454284668,6360300,0.0,0.0
2025-05-19,11.107008028644968,11.112765521282373,10.842144422784841,11.069581031799316,6311700,0.0,0.0
2025-05-20,11.069580616861714,11.155949592590332,10.893964742869278,11.155949592590332,6156900,0.0,0.0
2025-05-21,11.153071074125183,11.153071074125183,10.706832455315926,10.767291069030762,5672700,0.0,0.0
2025-05-22,10.761533336708121,11.095491783130948,10.683801423432184,10.873812675476074,7174800,0.0,0.0
2025-05-23,10.81047528652766,11.377629471184708,10.686680139610209,11.366113662719727,6279000,0.0,0.0
2025-05-26,11.328686882925279,11.533093516661042,11.31141358173706,11.463997840881348,3985500,0.0,0.0
2025-05-27,11.630977439340732,11.803714569017336,11.51294060664729,11.64249324798584,6250200,0.0,0.0
2025-05-28,11.645372137912597,11.763409795738033,11.515819494975585,11.668404579162598,4294200,0.0,0.0
2025-05-29,11.524456401433333,11.746136335341756,11.507182276648644,11.616582870483398,4764000,0.0,0.0
2025-05-30,11.616582851371327,11.777804171943693,11.515819320094698,11.705830574035645,8033400,0.0,0.0
2025-06-02,11.789319817122204,11.967814436300786,11.573398202715747,11.769166946411133,3741600,0.0,0.0
2025-06-03,11.757651476177282,12.034031710667259,11.723104049825487,11.982210159301758,4198200,0.0,0.0
2025-06-04,11.9793311748844,12.339199986309435,11.959178303994241,12.031152725219727,5885400,0.0,0.0
2025-06-05,12.028273387691605,12.310411114577509,12.013878832638667,12.097368240356445,7125000,0.0,0.0
2025-06-06,12.140551779840557,12.175099203471484,11.590671747796074,11.720224380493164,6092100,0.0,0.0
2025-06-09,11.720224966406185,11.780683578539394,11.49278754354706,11.769166946411133,4335300,0.0,0.0
2025-06-10,11.80371454692597,11.918873456837119,11.648250718670187,11.78931999206543,4496700,0.0,0.0
2025-06-11,11.809472434795483,11.878567284031027,11.556124654265151,11.849778175354004,3862500,0.0,0.0
2025-06-12,11.820987819787385,11.823867389693099,11.645371944616567,11.737499237060547,2848800,0.0,0.0
2025-06-13,11.665524714177675,11.665524714177675,11.317171713094158,11.360355377197266,3921000,0.0,0.0
2025-06-16,11.507182112245287,11.835383065384931,11.39778151997354,11.795077323913574,3840600,0.0,0.0
2025-06-17,12.062820642394806,12.1463100489247,11.91023638418315,12.019636154174805,5446800,0.0,0.0
2025-06-18,12.06570057971846,12.307532567968668,12.016757773863482,12.226921081542969,6679800,0.0,0.0
2025-06-20,12.275863639954013,12.310411066150529,11.976451789241926,12.134795188903809,4708500,0.0,0.0
2025-06-23,12.169342267024339,12.169342267024339,11.921751974526583,11.979331016540527,3548400,0.0,0.0
2025-06-24,12.048426033533772,12.408294845177425,12.022515670188168,12.2298002243042,6483600,0.0,0.0
2025-06-25,12.212526557614305,12.431326913740708,12.036909040870066,12.221162796020508,5899800,0.0,0.0
2025-06-26,12.264348034176686,12.474511341097783,12.172221562794768,12.206768989562988,6082200,0.0,0.0
2025-06-27,12.226920715642935,12.296015567360993,12.100247644502101,12.218283653259277,4274100,0.0,0.0
2025-06-30,12.194113683056884,12.333094596862793,12.009812549013946,12.333094596862793,4784400,0.666667,0.0
2025-07-01,12.330074472484212,12.51739759040008,12.254541347574857,12.472077369689941,4738500,0.0,0.0
2025-07-02,12.508333985683269,12.538546891361467,11.991684827354812,12.049090385437012,5977200,0.0,0.0
2025-07-03,12.079303355164202,12.447906511507627,12.006791343858415,12.327054023742676,9204300,0.0,0.0
2025-07-04,12.32705334919476,12.49322605103554,12.281733128505769,12.414670944213867,1949700,0.0,0.0
2025-07-07,12.387479671867112,12.441864111834091,12.191093193276345,12.206199645996094,3775500,0.0,0.0
2025-07-08,12.227348778980257,12.3874792469034,12.175986322848342,12.336116790771484,4066200,0.0,0.0
2025-07-09,12.336116712365795,12.363309363449261,12.1367091242216,12.215263366699219,3443400,0.0,0.0
2025-07-10,12.055133650110333,12.118581444431475,11.867810520462411,12.091389656066895,3527400,0.0,0.0
2025-07-11,12.118580819396128,12.239434166351462,11.822489687149897,11.961470603942871,4750500,0.0,0.0
2025-07-14,12.00074892553067,12.024919595597504,11.74091379010653,11.967514038085938,2901300,0.0,0.0
2025-07-15,11.93427888992267,12.357266471262948,11.885937550845076,12.317989349365234,5905800,0.0,0.0
2025-07-16,12.31798913740539,12.39050114477404,12.127644901959847,12.314967155456543,3509100,0.0,0.0
2025-07-17,12.314967441435059,12.5173978805542,12.230370097540442,12.5173978805542,3081300,0.0,0.0
2025-07-18,12.438842915986223,12.52948249614633,12.154837111701113,12.163901329040527,4285500,0.0,0.0
2025-07-21,12.163901117133223,12.311946251982063,12.145772682770211,12.160879135131836,5073300,0.0,0.0
2025-07-22,12.166922204967886,12.272669100063299,11.84363842010498,11.84363842010498,4533900,0.0,0.0
2025-07-23,11.864789412004326,12.049090559657984,11.783213182435492,11.934279441833496,3937200,0.0,0.0
2025-07-24,11.90406563398659,11.90406563398659,11.526398285277109,11.538483619689941,6321300,0.0,0.0
2025-07-25,11.538484281970984,11.68048718557521,11.538484281970984,11.5717191696167,2219400,0.0,0.0
2025-07-28,11.61703854126335,11.719765186403297,11.360225386058895,11.393460273742676,6441900,0.0,0.0
2025-07-29,11.48712169126051,11.768105513140064,11.375332558918739,11.746956825256348,4862100,0.0,0.0
2025-07-30,11.623081118649656,11.964492468763718,11.617038019155405,11.937300682067871,3039000,0.0,0.0
2025-07-31,11.677465556136806,11.837596887588708,11.472014003918844,11.780190467834473,4404900,0.0,0.0
2025-08-01,11.904066294328253,12.218285006492211,11.828533166160907,11.849681854248047,6160200,0.0,0.0
2025-08-04,11.910109357080156,12.13670960528967,11.626102686889434,11.789255142211914,2961600,0.0,0.0
2025-08-05,11.771126245449473,11.898022690654507,11.66840133379849,11.879894256591797,5131800,0.0,0.0
2025-08-06,11.879894518454302,12.466034554702672,11.8345751611212,12.459991455078125,5304900,0.0,0.0
2025-08-07,12.463013807575845,12.632207635922668,12.42071470218062,12.526461601257324,4168200,0.0,0.0
2025-08-08,12.532503680081154,12.834637920643265,12.360287871778057,12.384458541870117,5310000,0.0,0.0
2025-08-11,12.508333418171564,12.59897299550513,12.20922117058929,12.35424518585205,4667700,0.0,3.0
2025-08-12,12.680549241932036,13.043110145121808,12.463013218664965,12.870893478393555,8861300,0.0,0.0
2025-08-13,12.870893399516357,12.879957616533098,12.490204928926309,12.67148494720459,5543400,0.0,0.0
2025-08-14,12.535525875170032,12.925278585336178,12.508334086957225,12.825573921203613,3129800,0.0,0.0
2025-08-15,12.825573584572066,12.970598468193765,12.68961378266519,12.898085594177246,2445400,0.0,0.0
2025-08-18,12.91621370521352,12.979661495925754,12.753061255483411,12.77118968963623,2639800,0.0,0.0
2025-08-19,12.771189781168225,12.780253998309599,12.363309518330967,12.53552532196045,3837900,0.0,0.0
2025-08-20,12.508333941410568,12.671485533200348,12.363309920081273,12.662422180175781,2561000,0.0,0.0
2025-08-21,12.635229071581161,12.789317304781898,12.508333489706192,12.65335750579834,4128200,0.0,0.0
2025-08-22,12.707742412909381,13.260646710763739,12.535525739137277,13.079366683959961,4620900,0.0,0.0
2025-08-25,13.188133983234149,13.478182010355356,13.079365973063696,13.342222213745117,3595500,0.0,0.0
2025-08-26,13.28783867519749,13.478182921972833,13.224390881076165,13.460055351257324,7231700,0.0,0.0
2025-08-27,13.487247077946408,13.768230905838902,13.34222305523914,13.677591323852539,3784500,0.0,0.0
2025-08-28,13.849806905409514,14.130791593061229,13.741038890179885,13.93138313293457,3404900,0.0,0.0
2025-08-29,13.931382797501028,14.203303261233593,13.831679002043995,14.003894805908203,4694900,0.0,0.0
2025-09-01,13.922318340341594,14.031086351077311,13.550694087558394,13.74103832244873,3852300,0.0,0.0
2025-09-02,13.641335092322228,13.976703355383085,13.469118419900141,13.93138313293457,5445500,0.0,0.0
2025-09-03,13.976703234459183,14.003895021928496,13.777294776057772,13.849806785583496,4966500,0.0,0.0
2025-09-04,13.895126545439325,14.230494794443112,13.822614538325602,14.176111221313477,5462500,0.0,0.0
2025-09-05,14.457095642850618,14.729016113207486,14.085471374607813,14.448031425476074,3294700,0.0,0.0
2025-09-08,14.475223586055595,14.529608024044741,14.185174690799009,14.357391357421875,3902600,0.0,0.0
2025-09-09,14.003895143087655,14.094535587984685,13.686655314770743,13.93138313293457,6786200,0.0,0.0
2025-09-10,13.786359330124833,14.085471592828005,13.659462878149316,13.777295112609863,4188500,0.0,0.0
2025-09-11,13.886063129555438,14.003895364015984,13.668527095664288,13.777295112609863,4142300,0.0,0.0
2025-09-12,13.71384733565443,14.121727615803637,13.605079318575399,14.094535827636719,3919400,0.0,0.0
2025-09-15,14.13985539227353,14.167047179173954,13.741038483814474,13.804486274719238,3436200,0.0,0.0
2025-09-16,13.81355094909668,14.040151197727837,13.686655363086494,13.81355094909668,4028000,0.0,0.0
2025-09-17,13.904191513929701,14.07640732402994,13.777295062416494,13.895127296447754,5652500,0.0,0.0
2025-09-18,13.940447350306542,13.985767572755057,13.7863591126284,13.93138313293457,2578600,0.0,0.0
2025-09-19,13.931382917958874,14.157983162293426,13.867935126156826,14.085471153259277,2537900,0.0,0.0
2025-09-22,13.976702685800692,14.0945349127573,13.731974014949746,14.076406478881836,4238400,0.0,0.0
2025-09-23,14.139855584702916,14.466159625182645,14.003894919527863,14.185174942016602,2990200,0.0,0.0
2025-09-24,14.2395596702923,14.37551947381849,14.139855872000517,14.23049545288086,2024900,0.0,0.0
2025-09-25,14.21236794211746,14.221431295155588,13.985767692348555,14.012959480285645,3906100,0.0,0.0
2025-09-26,14.121727515746272,14.402712206184749,14.085471510310148,14.3302001953125,4072500,0.0,0.0
2025-09-29,14.448031416410027,14.63837565909926,14.293944043196214,14.547735214233398,3170800,0.0,0.0
2025-09-30,14.84684705023739,14.928423275416385,14.602120103523049,14.656503677368164,3683000,0.0,0.0
2025-10-01,14.638375243145578,14.919359058305092,14.602120103523049,14.656503677368164,4794400,0.0,0.0
2025-10-02,14.647439257524061,14.837784356581393,14.266750788232013,14.375518798828125,5202200,0.0,0.0
2025-10-03,14.402711899775595,14.51147991376999,14.212367659182565,14.48428726196289,2055300,0.0,0.0
2025-10-06,14.529608364517154,14.583991939369355,14.185175023200314,14.284879684448242,2243800,0.0,0.0
2025-10-07,14.17611170135353,14.194239271540154,13.40567051916696,13.750102996826172,6178600,0.0,0.0
2025-10-08,13.867934851627055,13.93138264217309,13.632270394725618,13.840743064880371,5750300,0.0,0.0
2025-10-09,13.822615063710298,13.876999503318345,13.269710772349969,13.532567024230957,7049900,0.0,0.0
2025-10-10,13.695718242734598,13.695718242734598,12.78025392685716,13.287837982177734,11981400,0.0,0.0
2025-10-13,13.32409381866455,13.586950060111812,13.19719823863496,13.32409381866455,5648200,0.0,0.0
2025-10-14,13.315029729911044,13.324093946975106,13.097493706841478,13.3059663772583,4408300,0.0,0.0
2025-10-15,13.188134583780176,13.550694634191526,13.043110563615636,13.51443862915039,6154700,0.0,0.0
2025-10-16,13.342223116166744,13.514438927815213,13.2334550986396,13.460055351257324,2847900,0.0,0.0
2025-10-17,13.333158399360759,13.623206435239343,13.27877396042786,13.568822860717773,4213700,0.0,0.0
2025-10-20,13.505374492893832,14.203303674641276,13.505374492893832,14.130791664123535,6254900,0.0,0.0
2025-10-21,14.130791367475645,14.284879602693906,13.795423109768645,14.185174942016602,3402200,0.0,0.0
2025-10-22,14.248623966978382,14.339263548363016,14.112663298284403,14.3302001953125,1987700,0.0,0.0
2025-10-23,14.339263165373902,14.620246983896193,14.339263165373902,14.520544052124023,3586900,0.0,0.0
2025-10-24,14.638375282287598,14.683696367965247,14.393647470507549,14.638375282287598,3382100,0.0,0.0
2025-10-27,14.756208796862023,14.883104382731391,14.502415896300592,14.665568351745605,4254300,0.0,0.0
2025-10-28,14.701823112822826,14.701823112822826,14.402711726250457,14.620246887207031,3639100,0.0,0.0
2025-10-29,14.6111848748851,15.000935852519394,14.6111848748851,14.946552276611328,4593200,0.0,0.0
2025-10-30,14.774334864911042,15.136896629722271,14.774334864911042,15.127832412719727,3011200,0.0,0.0
2025-10-31,15.145959267487095,15.499456818787001,15.082511476665292,15.390687942504883,6258900,0.0,0.0
2025-11-03,15.526648080739134,15.590097601770934,15.263792694612382,15.31817626953125,5090900,0.0,0.0
2025-11-04,15.227536062621384,15.49039318166483,15.17315248685549,15.481328964233398,3079800,0.0,0.0
2025-11-05,15.481328507019695,15.762312323804943,15.39975228136871,15.472264289855957,4855800,0.0,0.0
2025-11-06,15.526648105722678,15.635416984558105,15.363497380703558,15.635416984558105,3335300,0.0,0.0
2025-11-07,15.644480948761116,15.807633399963379,15.544776288843588,15.807633399963379,4307500,0.0,0.0
2025-11-10,15.86201687835158,15.961721537667321,15.75324800193235,15.907336235046387,4887100,0.0,0.0
2025-11-11,15.997977633088237,16.351475205954138,15.970786708975835,16.043298721313477,4828700,0.0,0.0
2025-11-12,16.09768201836103,16.333346486564945,16.016105789797262,16.278961181640625,6019100,0.0,0.0
2025-11-13,16.179257344384357,16.414921799442016,15.862016665313563,16.396793365478516,7490300,0.0,0.0
2025-11-14,16.43304808554598,17.03127428932863,16.278959858430653,16.904376983642578,4056000,0.0,0.0
2025-11-17,16.904377913397923,16.995018357066815,16.623394093964766,16.723098754882812,9482600,0.0,0.0
2025-11-18,16.596200780662684,16.93156989022236,16.559945641933925,16.868122100830078,5524500,0.0,0.0
2025-11-19,16.849994920048633,16.849994920048633,16.668714026456684,16.677778244018555,2037000,0.0,0.0
2025-11-21,16.587137978255658,16.70497107902328,16.251770568919873,16.541818618774414,3226300,0.0,0.0
2025-11-24,16.55088174813158,16.849993995978785,16.442112872176853,16.659648895263672,3826300,0.0,0.0
2025-11-25,16.695907019689695,16.849995263738982,16.523690340146903,16.605266571044922,4892800,0.0,0.0
2025-11-26,16.732162080587845,16.83186674649512,16.56901134840697,16.641523361206055,3953900,0.0,0.0
2025-11-27,16.6415229441748,16.741225878760794,16.578075150668425,16.614330291748047,1873600,0.0,0.0
2025-11-28,16.623394744826808,16.91344279286548,16.55088273281714,16.777482986450195,6407500,0.0,0.0
2025-12-01,16.859059137610505,16.859059137610505,16.405858632453356,16.677778244018555,5071400,0.0,0.0
2025-12-02,16.75029049065328,16.967826528721442,16.641523336030573,16.840930938720703,6169400,0.0,0.0
2025-12-03,16.940633849513155,16.985953204440634,16.315216724343017,16.369600296020508,3887200,0.0,0.0
2025-12-04,16.487434684115115,16.94969940185547,16.315218009939834,16.94969940185547,4254100,0.0,0.0
2025-12-05,16.949698754126654,17.25787522084333,15.363497063776611,15.50852108001709,14450000,0.0,0.0
2025-12-08,15.81669795317033,15.898274180504668,15.381624164446302,15.599160194396973,11764900,0.0,0.0
2025-12-09,15.436009192802894,15.735121444744575,15.04625649779529,15.590097427368164,7649800,0.0,0.0
2025-12-10,15.67167360023571,15.916400548216455,15.481328497558852,15.807633399963379,9882000,0.0,0.0
2025-12-11,16.115810333917302,16.133937039935045,15.744186063801756,15.81669807434082,14216300,0.0,0.0
2025-12-12,15.843888327631888,16.097681218195323,15.454135639161217,15.961721420288086,8513200,0.0,0.0
2025-12-15,16.242705615376263,16.278960755554152,15.862017134983747,15.871081352233887,6191100,0.0,0.0
2025-12-16,15.852952436851046,15.852952436851046,15.00999927520752,15.00999927520752,28393200,0.0,0.0
2025-12-17,14.829999923706055,14.829999923706055,14.079999923706055,14.369999885559082,14274900,1.55,0.0
2025-12-18,14.289999961853027,14.350000381469727,13.8100004196167,13.869999885559082,11530500,0.0,0.0
2025-12-19,13.869999885559082,14.149999618530273,13.699999809265137,13.829999923706055,9489700,0.0,0.0
2025-12-22,13.770000457763672,13.789999961853027,13.270000457763672,13.380000114440918,9747500,0.0,0.0
2025-12-23,13.510000228881836,14.010000228881836,13.4399995803833,14.010000228881836,8781900,0.0,0.0
2025-12-26,13.9399995803833,14.069999694824219,13.770000457763672,14.029999732971191,3659600,0.0,0.0
2025-12-29,14.0,14.010000228881836,13.670000076293945,13.829999923706055,7662300,0.0,0.0
2025-12-30,13.880000114440918,14.270000457763672,13.84000015258789,14.119999885559082,8914300,0.0,0.0
2026-01-02,14.149999618530273,14.229999542236328,13.520000457763672,13.630000114440918,10710200,0.0,0.0
2026-01-05,13.5600004196167,14.399999618530273,13.520000457763672,14.329999923706055,9439300,0.0,0.0
2026-01-06,14.449999809265137,14.75,14.050000190734863,14.069999694824219,5661300,0.0,0.0
2026-01-07,14.050000190734863,14.0600004196167,13.550000190734863,13.649999618530273,17733700,0.0,0.0
2026-01-08,13.699999809265137,13.890000343322754,13.640000343322754,13.779999732971191,5242600,0.0,0.0
2026-01-09,13.779999732971191,14.300000190734863,13.680000305175781,13.920000076293945,6143700,0.0,0.0
2026-01-12,13.960000038146973,13.960000038146973,13.5,13.579999923706055,4673000,0.0,0.0
2026-01-13,13.5,13.630000114440918,13.170000076293945,13.350000381469727,6799500,0.0,0.0
2026-01-14,13.5,13.550000190734863,13.199999809265137,13.390000343322754,9495200,0.0,0.0
2026-01-15,13.5,13.649999618530273,13.420000076293945,13.5,5146300,0.0,0.0
2026-01-16,13.470000267028809,13.470000267028809,12.520000457763672,12.729999542236328,19221800,0.0,0.0
2026-01-19,12.779999732971191,13.15999984741211,12.720000267028809,13.069999694824219,7027300,0.0,0.0
2026-01-20,13.100000381469727,13.1899995803833,12.869999885559082,13.050000190734863,7394200,0.0,0.0
2026-01-21,13.210000038146973,13.550000190734863,13.119999885559082,13.460000038146973,6642600,0.0,0.0
2026-01-22,13.449999809265137,13.979999542236328,13.430000305175781,13.729999542236328,7220200,0.0,0.0
2026-01-23,13.779999732971191,13.989999771118164,13.609999656677246,13.779999732971191,5764200,0.0,0.0
2026-01-26,13.779999732971191,13.890000343322754,13.399999618530273,13.65999984741211,8250700,0.0,0.0
2026-01-27,13.899999618530273,14.100000381469727,13.75,13.960000038146973,9726700,0.0,0.0
2026-01-28,13.989999771118164,14.229999542236328,13.949999809265137,14.210000038146973,7380800,0.0,0.0
2026-01-29,14.270000457763672,14.359999656677246,13.710000038146973,13.880000114440918,8087100,0.0,0.0
2026-01-30,13.880000114440918,14.050000190734863,13.8100004196167,13.949999809265137,7798200,0.0,0.0
2026-02-02,13.949999809265137,14.880000114440918,13.949999809265137,14.869999885559082,10923000,0.0,0.0
2026-02-03,14.920000076293945,15.430000305175781,14.710000038146973,14.789999961853027,12841700,0.0,0.0
2026-02-04,14.6899995803833,15.0,14.15999984741211,14.4399995803833,8783800,0.0,0.0
2026-02-05,14.449999809265137,15.020000457763672,14.449999809265137,14.789999961853027,5721800,0.0,0.0
2026-02-06,14.819999694824219,15.84000015258789,14.680000305175781,15.8100004196167,16590700,0.0,0.0
2026-02-09,15.920000076293945,15.960000038146973,15.420000076293945,15.8100004196167,9047400,0.0,0.0
2026-02-10,15.8100004196167,16.0,15.649999618530273,15.880000114440918,5036700,0.0,0.0
2026-02-11,16.010000228881836,16.010000228881836,15.520000457763672,15.819999694824219,7749800,0.0,0.0
2026-02-12,15.720000267028809,16.049999237060547,15.680000305175781,15.850000381469727,4760500,0.0,0.0
2026-02-13,15.680000305175781,16.280000686645508,15.550000190734863,16.190000534057617,4066200,0.0,0.0
2026-02-18,16.25,16.68000030517578,16.25,16.59000015258789,6814800,0.0,0.0
2026-02-19,16.639999389648438,16.850000381469727,16.5,16.770000457763672,4458200,0.0,0.0
2026-02-20,16.65999984741211,16.940000534057617,16.479999542236328,16.8799991607666,4283600,0.0,0.0
2026-02-23,16.8799991607666,16.899999618530273,16.43000030517578,16.579999923706055,3324300,0.0,0.0
2026-02-24,16.600000381469727,16.8799991607666,16.489999771118164,16.489999771118164,4895900,0.0,0.0
2026-02-25,16.6299991607666,16.649999618530273,15.989999771118164,16.149999618530273,6971000,0.0,0.0
2026-02-26,16.219999313354492,16.600000381469727,16.149999618530273,16.600000381469727,6119000,0.0,0.0
2026-02-27,16.489999771118164,16.540000915527344,16.049999237060547,16.31999969482422,5094000,0.0,0.0
2026-03-02,15.970000267028809,16.219999313354492,15.739999771118164,16.0,6345000,0.0,0.0
2026-03-03,15.369999885559082,15.470000267028809,14.819999694824219,15.229999542236328,8069500,0.0,0.0
2026-03-04,15.430000305175781,16.149999618530273,15.34000015258789,15.399999618530273,10158700,0.0,0.0
2026-03-05,15.3100004196167,15.479999542236328,14.779999732971191,14.779999732971191,5455900,0.0,0.0
2026-03-06,14.710000038146973,15.029999732971191,14.529999732971191,15.020000457763672,5338200,0.0,0.0
2026-03-09,14.930000305175781,15.25,14.710000038146973,15.100000381469727,6680800,0.0,0.0
2026-03-10,15.210000038146973,15.210000038146973,14.210000038146973,14.520000457763672,17062000,0.0,0.0
2026-03-11,14.460000038146973,14.890000343322754,14.319999694824219,14.75,7752400,0.0,0.0
2026-03-12,14.470000267028809,14.609999656677246,13.890000343322754,13.970000267028809,10437000,0.0,0.0
2026-03-13,14.130000114440918,14.210000038146973,13.460000038146973,13.510000228881836,11302900,0.0,0.0
2026-03-16,13.829999923706055,14.09000015258789,13.59000015258789,13.989999771118164,6368700,0.0,0.0
2026-03-17,14.0,14.34000015258789,13.850000381469727,13.930000305175781,7089200,0.0,0.0
2026-03-18,13.800000190734863,14.229999542236328,13.770000457763672,13.899999618530273,6404700,0.0,0.0
2026-03-19,13.569999694824219,14.039999961853027,13.40999984741211,13.890000343322754,6839600,0.0,0.0
2026-03-20,13.819999694824219,13.829999923706055,13.300000190734863,13.40999984741211,14893200,0.0,0.0
2026-03-23,13.75,14.25,13.59000015258789,14.09000015258789,3712600,0.0,0.0
2026-03-24,14.0,14.050000190734863,13.720000267028809,13.989999771118164,6114000,0.0,0.0
2026-03-25,14.149999618530273,14.449999809265137,14.050000190734863,14.119999885559082,8316100,0.0,0.0
2026-03-26,13.869999885559082,13.869999885559082,13.25,13.3100004196167,10122800,0.0,0.0
2026-03-27,13.279999732971191,13.300000190734863,12.819999694824219,12.970000267028809,7420500,0.0,0.0
2026-03-30,13.149999618530273,13.180000305175781,12.75,12.90999984741211,7685900,0.0,0.0
2026-03-31,13.180000305175781,13.329999923706055,12.75,13.300000190734863,12781200,0.0,0.0
2026-04-01,13.390000343322754,13.710000038146973,13.319999694824219,13.579999923706055,14142400,0.0,0.0
2026-04-02,13.029999732971191,13.420000076293945,12.960000038146973,13.369999885559082,7552900,0.0,0.0
2026-04-06,13.449999809265137,13.489999771118164,13.119999885559082,13.380000114440918,7546600,0.0,0.0
2026-04-07,13.300000190734863,13.359999656677246,12.699999809265137,12.8100004196167,9814500,0.0,0.0
2026-04-08,14.0,14.140000343322754,13.720000267028809,13.819999694824219,8896300,0.0,0.0
2026-04-09,13.829999923706055,14.380000114440918,13.720000267028809,14.220000267028809,6931900,0.0,0.0
2026-04-10,14.300000190734863,14.619999885559082,13.989999771118164,14.329999923706055,10692200,0.0,0.0
2026-04-13,14.220000267028809,14.420000076293945,14.020000457763672,14.270000457763672,6048200,0.0,0.0
2026-04-14,14.34000015258789,14.850000381469727,14.300000190734863,14.710000038146973,6855000,0.0,0.0
2026-04-15,14.6899995803833,14.8100004196167,14.270000457763672,14.369999885559082,5684700,0.0,0.0
2026-04-16,14.470000267028809,14.5,14.09000015258789,14.270000457763672,5211400,0.0,0.0
2026-04-17,14.609999656677246,15.119999885559082,14.609999656677246,14.90999984741211,8605800,0.0,0.0
2026-04-20,14.90999984741211,15.020000457763672,14.770000457763672,14.899999618530273,4172200,0.0,0.0
2026-04-22,14.800000190734863,14.859999656677246,14.420000076293945,14.430000305175781,6014300,0.0,0.0
2026-04-23,14.479999542236328,14.510000228881836,13.800000190734863,13.869999885559082,8807500,0.0,0.0
2026-04-24,13.970000267028809,13.970000267028809,13.59000015258789,13.699999809265137,5778300,0.0,0.0
2026-04-27,13.670000076293945,13.789999961853027,12.850000381469727,13.09000015258789,12067900,0.0,0.0
2026-04-28,12.949999809265137,13.149999618530273,12.739999771118164,13.010000228881836,10352000,0.0,0.0
2026-04-29,12.859999656677246,13.029999732971191,12.680000305175781,12.760000228881836,6662000,0.0,0.0
2026-04-30,13.010000228881836,13.010000228881836,12.699999809265137,12.850000381469727,5086300,0.0,0.0
2026-05-04,12.880000114440918,12.970000267028809,12.520000457763672,12.760000228881836,5514500,0.0,0.0
2026-05-05,12.710000038146973,13.149999618530273,12.630000114440918,12.930000305175781,9325800,0.0,0.0
2026-05-06,13.399999618530273,13.569999694824219,13.25,13.550000190734863,10605300,0.0,0.0
2026-05-07,13.529999732971191,13.579999923706055,13.039999961853027,13.15999984741211,4915800,0.0,0.0
2026-05-08,13.270000457763672,13.5600004196167,13.210000038146973,13.210000038146973,6834500,0.0,0.0
2026-05-11,13.109999656677246,13.319999694824219,12.739999771118164,12.850000381469727,7882800,0.0,0.0
2026-05-12,13.010000228881836,13.470000267028809,12.84000015258789,13.300000190734863,13953400,0.0,0.0
2026-05-13,13.170000076293945,13.619999885559082,12.850000381469727,13.09000015258789,17905300,0.0,0.0
2026-05-14,13.25,13.630000114440918,13.25,13.460000038146973,7260800,0.0,0.0
2026-05-15,13.130000114440918,13.239999771118164,12.920000076293945,12.979999542236328,7669400,0.0,0.0
2026-05-18,13.010000228881836,13.020000457763672,12.569999694824219,12.640000343322754,4082800,0.0,0.0
2026-05-19,12.5,12.680000305175781,12.149999618530273,12.479999542236328,4512200,0.0,0.0
2026-05-20,12.569999694824219,13.470000267028809,12.539999961853027,13.34000015258789,6884800,0.0,0.0
2026-05-21,13.210000038146973,13.380000114440918,13.010000228881836,13.119999885559082,5725100,0.0,0.0
2026-05-22,13.149999618530273,13.15999984741211,12.710000038146973,12.819999694824219,6219500,0.0,0.0
2026-05-25,13.079999923706055,13.600000381469727,13.020000457763672,13.5600004196167,4161200,0.0,0.0
2026-05-26,13.510000228881836,13.579999923706055,13.279999732971191,13.399999618530273,3752900,0.0,0.0
2026-05-27,13.640000343322754,13.75,13.270000457763672,13.319999694824219,7013100,0.0,0.0
2026-05-28,13.40999984741211,13.65999984741211,13.130000114440918,13.369999885559082,7444600,0.0,0.0
2026-05-29,13.430000305175781,13.529999732971191,13.199999809265137,13.399999618530273,4667400,0.0,0.0
2026-06-01,13.399999618530273,13.5,13.130000114440918,13.369999885559082,9716900,0.0,0.0
2026-06-02,13.479999542236328,13.640000343322754,13.34000015258789,13.350000381469727,5469900,0.0,0.0
2026-06-03,13.199999809265137,13.199999809265137,12.369999885559082,12.430000305175781,8489100,0.0,0.0
2026-06-05,12.449999809265137,12.520000457763672,12.270000457763672,12.350000381469727,4576800,0.0,0.0
2026-06-08,12.260000228881836,12.390000343322754,12.180000305175781,12.300000190734863,3762300,0.0,0.0
2026-06-09,12.960000038146973,13.0,12.630000114440918,12.850000381469727,9163100,0.0,0.0
2026-06-10,12.65999984741211,12.8100004196167,12.5,12.8100004196167,7337300,0.0,0.0
2026-06-11,12.84000015258789,13.5600004196167,12.760000228881836,13.550000190734863,8786200,0.0,0.0
2026-06-12,13.239999771118164,13.960000038146973,13.239999771118164,13.4399995803833,9583000,0.0,0.0
2026-06-15,13.84000015258789,14.0600004196167,13.380000114440918,13.539999961853027,8657400,0.0,0.0
2026-06-16,13.489999771118164,13.569999694824219,13.25,13.4399995803833,4353500,0.0,0.0
2026-06-17,13.510000228881836,13.649999618530273,13.079999923706055,13.180000305175781,6583200,0.0,0.0
2026-06-18,13.1899995803833,13.699999809265137,13.1899995803833,13.449999809265137,9123500,0.0,0.0
2026-06-19,13.40999984741211,13.739999771118164,13.319999694824219,13.59000015258789,5999900,0.0,0.0
2026-06-22,13.59000015258789,13.880000114440918,13.4399995803833,13.729999542236328,14222000,0.0,0.0
2026-06-23,13.600000381469727,13.90999984741211,13.460000038146973,13.800000190734863,4852800,0.0,0.0
2026-06-24,13.65999984741211,14.039999961853027,13.609999656677246,13.869999885559082,5767900,0.0,0.0
2026-06-25,13.90999984741211,14.1899995803833,13.699999809265137,13.829999923706055,8511000,0.0,0.0
2026-06-26,13.779999732971191,14.319999694824219,13.729999542236328,14.199999809265137,6243300,0.0,0.0
2026-06-29,14.130000114440918,14.25,13.989999771118164,14.170000076293945,3009200,0.0,0.0
2026-06-30,14.0,14.020000457763672,13.680000305175781,13.920000076293945,7902300,0.0,0.0
2026-07-01,13.710000038146973,13.970000267028809,13.630000114440918,13.869999885559082,5490000,0.0,0.0
2026-07-02,14.050000190734863,14.170000076293945,13.8100004196167,13.9399995803833,3109200,0.0,0.0
2026-07-03,14.050000190734863,14.420000076293945,13.960000038146973,14.279999732971191,3601800,0.0,0.0
2026-07-06,14.140000343322754,14.260000228881836,13.829999923706055,13.880000114440918,3967000,0.0,0.0
2026-07-07,13.949999809265137,13.970000267028809,13.359999656677246,13.40999984741211,6006200,0.0,0.0
2026-07-08,13.3100004196167,13.3100004196167,12.520000457763672,12.579999923706055,12848800,0.0,0.0
2026-07-09,12.670000076293945,12.920000076293945,12.319999694824219,12.6899995803833,18877300,0.0,0.0
2026-07-10,13.239999771118164,13.420000076293945,13.039999961853027,13.279999732971191,10486000,0.0,0.0
2026-07-13,13.170000076293945,13.279999732971191,12.739999771118164,12.829999923706055,7385800,0.0,0.0
2026-07-14,12.920000076293945,13.149999618530273,12.520000457763672,12.989999771118164,13330400,0.0,0.0
2026-07-15,12.949999809265137,12.970000267028809,12.619999885559082,12.670000076293945,6065100,0.0,0.0
2026-07-16,12.630000114440918,12.630000114440918,12.34000015258789,12.380000114440918,7817500,0.0,0.0
2026-07-17,12.380000114440918,12.380000114440918,12.0,12.039999961853027,7403300,0.0,0.0
2026-07-20,12.069999694824219,12.140000343322754,11.819999694824219,11.819999694824219,7380100,0.0,0.0
2026-07-21,11.789999961853027,11.880000114440918,11.4399995803833,11.529999732971191,8143500,0.0,0.0
2026-07-22,11.569999694824219,11.800000190734863,11.40999984741211,11.699999809265137,6847800,0.0,0.0
2026-07-23,11.539999961853027,11.6899995803833,11.430000305175781,11.630000114440918,4081800,0.0,0.0
2026-07-24,11.5,11.609999656677246,11.390000343322754,11.449999809265137,5136300,0.0,0.0
2026-07-27,11.630000114440918,11.9399995803833,11.569999694824219,11.84000015258789,6573500,0.0,0.0
2026-07-28,12.220000267028809,12.359999656677246,11.609999656677246,11.640000343322754,8865100,0.0,0.0
2026-07-29,11.630000114440918,11.649999618530273,11.050000190734863,11.09000015258789,7474700,0.0,0.0
2026-07-30,11.149999618530273,11.489999771118164,11.100000381469727,11.460000038146973,9780900,0.0,0.0
2026-07-31,11.5,11.579999923706055,11.300000190734863,11.350000381469727,3732900,0.0,0.0
2026-08-03,11.4399995803833,11.770000457763672,11.420000076293945,11.75,7399600,0.0,0.0
2026-08-04,11.979999542236328,11.989999771118164,11.579999923706055,11.6899995803833,6094600,0.0,0.0
2026-08-05,11.84000015258789,12.270000457763672,11.720000267028809,11.8100004196167,8244300,0.0,0.0
2026-08-06,11.670000076293945,11.8100004196167,11.59000015258789,11.75,6797000,0.0,0.0
2026-08-07,11.789999961853027,11.829999923706055,11.390000343322754,11.579999923706055,7415800,0.0,0.0
2026-08-11,11.319999694824219,11.420000076293945,10.9399995803833,11.010000228881836,6579600,0.0,0.0
2026-08-12,11.029999732971191,11.069999694824219,10.180000305175781,10.489999771118164,19309200,0.0,0.0
2026-08-13,10.470000267028809,10.729999542236328,10.449999809265137,10.59000015258789,10305300,0.0,0.0
2026-08-14,10.510000228881836,10.550000190734863,10.1899995803833,10.449999809265137,8468900,0.0,0.0
2026-08-17,10.449999809265137,10.720000267028809,10.350000381469727,10.680000305175781,5056600,0.0,0.0
2026-08-18,10.65999984741211,10.670000076293945,10.289999961853027,10.300000190734863,6165100,0.0,0.0
2026-08-19,10.520000457763672,10.649999618530273,10.399999618530273,10.510000228881836,6131900,0.0,0.0
2026-08-20,10.399999618530273,10.619999885559082,10.300000190734863,10.40999984741211,8475500,0.0,0.0
2026-08-21,10.489999771118164,10.609999656677246,10.289999961853027,10.479999542236328,20442800,0.0,0.0
2026-08-24,10.369999885559082,10.760000228881836,10.289999961853027,10.640000343322754,5350100,0.0,0.0
2026-08-25,10.720000267028809,11.399999618530273,10.6899995803833,11.289999961853027,10934400,0.0,0.0
2026-08-26,11.359999656677246,11.479999542236328,10.949999809265137,11.010000228881836,8977500,0.0,0.0
2026-08-27,10.90999984741211,11.079999923706055,10.829999923706055,10.970000267028809,8648700,0.0,0.0
2026-08-28,11.050000190734863,11.180000305175781,10.550000190734863,10.869999885559082,9009500,0.0,0.0
2026-08-31,11.0,11.270000457763672,10.890000343322754,11.119999885559082,8278400,0.0,0.0
2026-09-01,11.130000114440918,11.420000076293945,11.050000190734863,11.100000381469727,9038400,0.0,0.0
2026-09-02,11.210000038146973,11.789999961853027,11.109999656677246,11.460000038146973,11729700,0.0,0.0
2026-09-03,11.710000038146973,11.880000114440918,11.420000076293945,11.470000267028809,10547900,0.0,0.0
2026-09-04,11.359999656677246,11.520000457763672,11.260000228881836,11.460000038146973,8413600,0.0,0.0
2026-09-08,11.6899995803833,11.739999771118164,11.430000305175781,11.430000305175781,6866900,0.0,0.0
2026-09-09,11.300000190734863,11.300000190734863,10.899999618530273,10.930000305175781,9907400,0.0,0.0
2026-09-10,10.869999885559082,11.130000114440918,10.609999656677246,10.9399995803833,11840600,0.0,0.0
2026-09-11,10.949999809265137,11.0,10.470000267028809,10.470000267028809,8266100,0.0,0.0
2026-09-14,10.199999809265137,10.3100004196167,10.029999732971191,10.130000114440918,10641900,0.0,0.0
2026-09-15,10.180000305175781,10.350000381469727,10.100000381469727,10.270000457763672,12554800,0.0,0.0
2026-09-16,10.260000228881836,10.430000305175781,10.029999732971191,10.079999923706055,14422400,0.0,0.0
2026-09-17,10.210000038146973,10.220000267028809,9.760000228881836,10.069999694824219,14719600,0.0,0.0
2026-09-18,10.010000228881836,10.069999694824219,9.670000076293945,10.050000190734863,16618700,0.0,0.0
2026-09-21,10.0600004196167,10.199999809265137,9.989999771118164,10.180000305175781,12789900,0.0,0.0
2026-09-22,10.170000076293945,10.229999542236328,9.90999984741211,10.229999542236328,17969200,0.0,0.0
2026-09-23,10.079999923706055,10.270000457763672,9.760000228881836,9.880000114440918,15190900,0.0,0.0
2026-09-24,9.90999984741211,10.119999885559082,9.760000228881836,9.859999656677246,9188400,0.0,0.0
2026-09-25,9.829999923706055,10.0,9.789999961853027,9.800000190734863,8044300,0.0,0.0
2026-09-28,9.770000457763672,9.770000457763672,9.59000015258789,9.739999771118164,5902800,0.0,0.0
