Date,Open,High,Low,Close,Volume,Dividends,Stock splits
2020-09-18,10.455764975423033,10.714005901945091,10.281601822221349,10.47378158569336,2695086,0.0,0.0
2020-09-21,10.257578747682642,10.347663347786137,9.87322001228044,10.107439041137695,3482592,0.0,0.0
2020-09-22,10.119450666900608,10.3176357062391,10.023360786214193,10.269590377807617,1666896,0.0,0.0
2020-09-23,10.275595413470283,10.37168606806739,10.125455706103633,10.185511589050293,2968836,0.0,0.0
2020-09-24,10.209534853722465,10.768056771300197,10.053389083163118,10.569870948791504,3528534,0.0,0.0
2020-09-25,10.479788123084717,10.491798679700992,10.155485242383666,10.305624961853027,3816243,0.0,0.0
2020-09-28,10.533837292026769,11.18244301252181,10.431742133991348,10.804089546203613,8271056,0.0,0.0
2020-09-29,10.695987672512647,11.098363778014424,10.605903852084255,10.954229354858398,7538164,0.0,0.0
2020-09-30,10.900179976207706,11.020291750267303,10.647944319270657,10.768056869506836,8884149,0.0,0.0
2020-10-01,10.804090470061107,10.918197746065706,10.635933359540577,10.738028526306152,5463759,0.0,0.0
2020-10-02,10.683976973871346,10.77406157581059,10.341657504561232,10.455764770507812,4379735,0.0,0.0
2020-10-05,10.707998994571941,11.23048763637088,10.689982385737096,11.224481582641602,8278645,0.0,0.0
2020-10-06,11.33859057977416,11.68091008099128,11.254511247911589,11.614848136901855,5913008,0.0,0.0
2020-10-07,11.656886307362393,12.203396091227072,11.620852311415883,12.00521183013916,6988495,0.0,0.0
2020-10-08,12.08929145481899,12.353537677261086,11.8911056237225,12.221414566040039,4204643,0.0,0.0
2020-10-09,12.251440901493163,12.587754301900901,12.137333640572216,12.383563995361328,4732358,0.0,0.0
2020-10-13,12.479654598431194,12.551721034644707,12.227418190801368,12.31149673461914,3414290,0.0,0.0
2020-10-14,12.473649544815629,12.629795313543807,12.263453168416818,12.377559661865234,4126448,0.0,0.0
2020-10-15,12.251440502218145,12.473648186816193,12.011216209083534,12.353535652160645,4263188,0.0,0.0
2020-10-16,12.4075876471839,12.563733416446045,12.209402602498233,12.449626922607422,3572307,0.0,0.0
2020-10-19,12.557726512594014,12.839990865207717,12.179373059378456,12.323508262634277,4535854,0.0,0.0
2020-10-20,12.383565418927487,12.587755748939982,12.203396978449252,12.551722526550293,3710131,0.0,0.0
2020-10-21,12.515689617009265,12.767925284748486,12.431611061096191,12.431611061096191,3998111,0.0,0.0
2020-10-22,12.479654900556238,12.90605290759357,12.377558969036897,12.797951698303223,6249504,0.0,0.0
2020-10-23,12.83398438677218,12.900045540233382,12.443619638458767,12.575742721557617,3137965,0.0,0.0
2020-10-26,12.575745493205824,12.876026493247641,12.527700160634357,12.773930549621582,2556584,0.0,0.0
2020-10-27,12.731891038004314,12.996137257590432,12.605773206584146,12.689851760864258,4854461,0.0,0.0
2020-10-28,12.521694019093841,12.521694019093841,11.789009733468767,11.903116226196289,5218604,0.0,0.0
2020-10-29,11.951161883284463,12.101302377075395,11.392639960464654,11.795015335083008,5965725,0.0,0.0
2020-10-30,11.783002867461182,11.969177341252575,11.488728738811872,11.512750625610352,6231345,0.0,0.0
2020-11-03,12.011218006302503,12.08328522740854,11.254511020424228,11.530769348144531,8134859,0.0,0.0
2020-11-04,11.67490321813332,12.257447012957844,11.608842054793666,12.179373741149902,6101110,0.0,0.0
2020-11-05,12.383564144554567,12.563732566491955,12.269457658435408,12.323508262634277,4474192,0.0,0.0
2020-11-06,12.227419587818812,12.509683968179278,11.963173370923363,12.467644691467285,4598735,0.0,0.0
2020-11-09,12.761917438467274,12.815968041991445,12.011216595304848,12.101301193237305,5877908,0.0,0.0
2020-11-10,12.131328957143475,12.191384841281907,11.776998154079568,11.813032150268555,6362121,0.0,0.0
2020-11-11,11.819038097142514,11.86708265193716,11.500741272252714,11.65088176727295,4545611,0.0,0.0
2020-11-12,11.620852182582471,11.626858236595242,11.320571991063412,11.464706420898438,4355206,0.0,0.0
2020-11-13,11.536773703262421,11.993200435310419,11.470711765794933,11.879093170166016,4263865,0.0,0.0
2020-11-16,12.01121698942423,12.083284204429004,11.716942075385093,11.801020622253418,3083757,0.0,0.0
2020-11-17,11.861076703304525,11.89110464537617,11.44068396194837,11.482723236083984,4844162,0.0,0.0
2020-11-18,11.524762944619544,11.668898158643469,11.422667782492388,11.578813552856445,3799574,0.0,0.0
2020-11-19,11.53677352249591,11.704931390553753,11.392639094076646,11.590824127197266,2830470,0.0,0.0
2020-11-23,11.54278008400677,11.57881330460777,11.386633540813905,11.488729476928711,2148263,0.0,0.0
2020-11-24,11.48872955360499,11.710937261441567,11.356605674048698,11.626858711242676,4233780,0.0,0.0
2020-11-25,11.638870646919525,11.825043591212344,11.542780759400161,11.674903869628906,2494516,0.0,0.0
2020-11-26,11.650881580791792,11.764987299580659,11.566802252937876,11.644875526428223,1177397,0.0,0.0
2020-11-27,11.644875855144926,11.72294913083916,11.47671874704344,11.536774635314941,3464975,0.0,0.0
2020-11-30,11.554790315307534,11.656885465517995,11.278532028198242,11.278532028198242,3847819,0.0,0.0
2020-12-01,11.338589607188302,11.458700599587983,11.062330521403945,11.212471008300781,5267933,0.0,0.0
2020-12-02,11.206464726388841,11.34459386881817,11.104368800833656,11.140402793884277,2546014,0.0,0.0
2020-12-03,11.164425702232204,11.194453642348636,10.912190073842371,10.948224067687988,2613774,0.0,0.0
2020-12-04,11.008280182609349,11.026297569274902,10.75003925295316,11.026297569274902,2754715,0.0,0.0
2020-12-07,11.050319296220415,11.206465838762677,10.930208302658686,11.080348014831543,4358187,0.0,0.0
2020-12-08,11.080347528511266,11.110375469627902,10.81610056003775,10.912190437316895,3112623,0.0,0.0
2020-12-09,10.990263951219069,11.164427112542068,10.605905182528762,10.653949737548828,4922899,0.0,0.0
2020-12-10,10.695987287448455,10.942218405813765,10.641936686666686,10.659954071044922,5942009,0.0,0.0
2020-12-11,10.623921168982914,11.212471008300781,10.449758794076761,11.212471008300781,4812044,0.0,0.0
2020-12-14,11.325101449901029,11.789344787597656,11.22125688059907,11.789344787597656,4955153,0.231982,0.0
2020-12-15,11.789344264658626,12.015357790920577,11.691608621723429,11.85042953491211,5784806,0.0,0.0
2020-12-16,11.85043076973951,11.966490821638772,11.746586194223063,11.887081146240234,2224831,0.0,0.0
2020-12-17,11.89318924299216,12.05811750473673,11.728260191777187,11.734368324279785,2269688,0.0,0.0
2020-12-18,11.801561226073204,12.381865367898396,11.78323603987619,12.351323127746582,4518372,0.0,0.0
2020-12-21,12.100875855179295,12.400190113828096,11.813777860581187,12.308564186096191,3563362,0.0,0.0
2020-12-22,12.339107342624299,12.491819348557136,11.832104682922363,11.832104682922363,2673674,0.0,0.0
2020-12-23,11.850428931853669,12.027573443427722,11.807669639587402,11.807669639587402,1799705,0.0,0.0
2020-12-28,11.832104175943272,11.893189449381309,11.587765450602367,11.685501098632812,2319831,0.0,0.0
2020-12-29,11.728258270142243,11.807668716487301,11.630522639821509,11.758800506591797,1698336,0.0,0.0
2020-12-30,11.679391375105814,11.899296765451858,11.673283242916362,11.691608428955078,1708229,0.0,0.0
2021-01-04,11.740476953162966,11.771019193854304,11.300666950372879,11.514463424682617,3926692,0.0,0.0
2021-01-05,11.520571351579894,11.57554690639435,11.221255523924967,11.355642318725586,1918692,0.0,0.0
2021-01-06,11.37396836225318,11.416727656650192,11.105196331303715,11.276232719421387,3344091,0.0,0.0
2021-01-07,11.300667086512496,11.734368172706901,11.221256628182052,11.728260040283203,2599409,0.0,0.0
2021-01-08,11.758802979315519,12.54068660736084,11.758802979315519,12.54068660736084,4232967,0.0,0.0
2021-01-11,12.351323127746582,12.485709931779004,12.168069686835702,12.351323127746582,3626379,0.0,0.0
2021-01-12,12.406298755837023,12.528468498824806,12.229153457448577,12.461275100708008,3762983,0.0,0.0
2021-01-13,12.504035610433196,12.864435163677035,12.265805812078495,12.339106559753418,3738861,0.0,0.0
2021-01-14,12.381865482927857,12.650638304019273,12.284130629322231,12.406299591064453,2722732,0.0,0.0
2021-01-15,12.345213582140412,12.357430635477794,12.045899327991023,12.125308990478516,2742111,0.0,0.0
2021-01-18,12.155852554378646,12.229154088163693,11.942055295755914,12.058116912841797,1137419,0.0,0.0
2021-01-19,12.113093864378627,12.907194511194035,11.942055891060226,12.840001106262207,3625566,0.0,0.0
2021-01-20,12.8766516904896,13.212617121095281,12.656747088064266,13.163749694824219,3486116,0.0,0.0
2021-01-21,13.133206544601848,13.249266575268974,12.22304516840028,12.247478485107422,6650915,0.0,0.0
2021-01-22,12.076442426223823,12.186395124616581,11.850429686540377,11.856537818908691,3962469,0.0,0.0
2021-01-26,11.88707921354571,12.180285335761573,11.740476152437779,12.125308990478516,3436380,0.0,0.0
2021-01-27,12.253588407171213,12.815566579388458,12.07644230712213,12.381865501403809,4905010,0.0,0.0
2021-01-28,12.308564185397291,12.491817619791375,12.033682454865486,12.100875854492188,4298558,0.0,0.0
2021-01-29,12.021466629723255,12.168070497477283,11.80767093441741,12.137527465820312,4641966,0.0,0.0
2021-02-01,12.314671162912239,12.711721812482958,12.106982851478078,12.595660209655762,3752548,0.0,0.0
2021-02-02,12.626204843033111,12.82778346974155,12.461275799175706,12.58344554901123,3327422,0.0,0.0
2021-02-03,12.589552078203404,12.64452841915569,12.296345979084899,12.595660209655762,3817598,0.0,0.0
2021-02-04,12.681181105787,13.05990582773897,12.589553596658364,12.687289237976074,4828035,0.0,0.0
2021-02-05,12.766698200999432,13.31646006762629,12.736155962794642,13.194291114807129,5166293,0.0,0.0
2021-02-08,13.200401631256343,13.621886489350654,13.023256301879883,13.023256301879883,4981715,0.0,0.0
2021-02-09,13.145422116023324,13.408086769924072,12.375755706664881,12.491816520690918,10559176,0.0,0.0
2021-02-10,12.552903079440844,12.607879429845836,11.447270307249633,11.734368324279785,9518924,0.0,0.0
2021-02-11,11.89318839557361,12.009248431146228,11.47781252035182,11.581655502319336,8190964,0.0,0.0
2021-02-12,11.581656007078191,11.661066464237106,11.398402563426012,11.545004844665527,5182149,0.0,0.0
2021-02-17,11.612199381191271,11.648850547181574,11.209040502650225,11.3617525100708,5056386,0.0,0.0
2021-02-18,11.360209121376275,11.522765712710223,11.078860397871575,11.472747802734375,5638580,0.320564,0.0
2021-02-19,11.466496267959023,11.510261536310848,11.253922569132333,11.441487312316895,6816113,0.0,0.0
2021-02-22,11.097617232213834,11.697826480153685,10.94756512223981,11.572782516479492,4953256,0.0,0.0
2021-02-23,11.716582320248762,11.716582320248762,11.147633884119038,11.42898178100586,5091892,0.0,0.0
2021-02-24,11.522765455537083,11.797861530133126,11.316443601600993,11.422730445861816,6342878,0.0,0.0
2021-02-25,11.347704631183982,11.641557023810037,11.197652517511907,11.228913307189941,4217246,0.0,0.0
2021-02-26,11.303938735138747,11.729086905585973,11.197651894537874,11.510260581970215,6304932,0.0,0.0
2021-03-01,11.629052200765923,11.666565632091098,11.416477706010777,11.479000091552734,3835351,0.0,0.0
2021-03-02,11.41647840434438,11.42273104730292,11.016339152618542,11.291435241699219,6348298,0.0,0.0
2021-03-03,11.216409379016051,11.747845253700206,11.153887796598086,11.629053115844727,5108155,0.0,0.0
2021-03-04,11.691574586307881,11.960418015985155,11.453991137335953,11.479000091552734,5811097,0.0,0.0
2021-03-05,11.4039739445456,11.685321849051649,11.253921836548207,11.604043960571289,3353035,0.0,0.0
2021-03-08,11.522765577075816,11.547774531769361,10.791260520661698,10.835025787353516,5087962,0.0,0.0
2021-03-09,10.941314443767004,11.166392632510457,10.753748074415027,11.066357612609863,4246383,0.0,0.0
2021-03-10,11.110121529672472,11.29768706812789,11.035094667855308,11.153886795043945,4426760,0.0,0.0
2021-03-11,11.141382926511934,11.428982680342072,11.010087123227374,11.403974533081055,3100833,0.0,0.0
2021-03-12,11.385217981952714,11.729087473988141,11.260174016093794,11.666565895080566,3553334,0.0,0.0
2021-03-15,11.666564160347855,11.854128869181075,11.52901573755111,11.77285099029541,2407648,0.0,0.0
2021-03-16,11.76660231215493,11.972924193638425,11.622802017049738,11.810367584228516,2837788,0.0,0.0
2021-03-17,11.7728537721368,12.46059362449759,11.741592979944562,12.441837310791016,3393827,0.0,0.0
2021-03-18,12.410573591125194,12.485600449226384,12.223008061959632,12.279277801513672,3933332,0.0,0.0
2021-03-19,12.273027674745448,12.435584273824977,11.960418954676172,12.254270553588867,3841178,0.0,0.0
2021-03-22,12.273026629993652,12.566879819979482,12.248017675942997,12.448087692260742,3613776,0.0,0.0
2021-03-23,12.348051885957197,12.47934767417091,12.091712951660156,12.091712951660156,4103274,0.0,0.0
2021-03-24,12.16674072129409,12.235514138146993,11.616548538208008,11.616548538208008,2082400,0.0,0.0
2021-03-25,11.635305412703216,11.9979312263725,11.472748010383308,11.947914123535156,3228899,0.0,0.0
2021-03-26,11.997930297944638,12.022939251449955,11.641556346690646,11.729086875915527,1699420,0.0,0.0
2021-03-29,11.729087375392178,11.816617100300732,11.4477386565856,11.722835540771484,2845377,0.0,0.0
2021-03-30,11.679070826859213,11.804114797583122,11.616548437475359,11.672818183898926,1528394,0.0,0.0
2021-03-31,11.685321807861328,12.060452884576238,11.616547588586721,11.685321807861328,3950001,0.0,0.0
2021-04-01,11.766600823606579,12.079209523995011,11.685322125161951,11.966670036315918,3137694,0.0,0.0
2021-04-05,12.122975296114054,12.16048872958615,11.891644476478955,12.029192924499512,1707823,0.0,0.0
2021-04-06,12.091714359486524,12.279279100449493,12.091714359486524,12.166740417480469,1467410,0.0,0.0
2021-04-07,12.179243872181653,12.223008328295402,12.004182815551758,12.004182815551758,1712024,0.0,0.0
2021-04-08,12.035444817137039,13.029541516413698,12.010435861368977,12.95451545715332,6706207,0.0,0.0
2021-04-09,12.854479595614357,13.12957485877186,12.59188800147367,12.967019081115723,3302893,0.0,0.0
2021-04-12,12.960767495468273,13.07955882516506,12.791958253450426,12.841976165771484,1833721,0.0,0.0
2021-04-13,12.854480243777175,13.23586317715815,12.848227600909738,12.929506301879883,3559568,0.0,0.0
2021-04-14,12.92950550897856,13.373409995548736,12.866983932401068,13.035792350769043,2710671,0.0,0.0
2021-04-15,13.048295633849884,13.25461828493399,13.042043799594481,13.192096710205078,1650227,0.0,0.0
2021-04-16,13.19835029848851,13.523463499938057,13.14208055053689,13.398420333862305,3116282,0.0,0.0
2021-04-19,13.435931501576594,13.754792814141023,13.354652810905781,13.404670715332031,3341381,0.0,0.0
2021-04-20,13.442184914640416,13.979871794078012,13.4109241247237,13.829819679260254,3304113,0.0,0.0
2021-04-22,13.88608953634044,14.011134320380025,13.523463702844841,13.529715538024902,2078199,0.0,0.0
2021-04-23,13.661012100171602,13.692272083985142,13.429681270774422,13.573481559753418,1500070,0.0,0.0
2021-04-26,13.692271730315813,13.748542285466998,13.329645907701762,13.442185401916504,1362924,0.0,0.0
2021-04-27,13.479697308887628,13.510958098269942,13.092062550894404,13.110818862915039,2515657,0.0,0.0
2021-04-28,13.148332060549047,13.39841917919197,13.117070463680394,13.37341022491455,1358994,0.0,0.0
2021-04-29,13.442184416078206,13.904844412903367,13.367158361451997,13.729784965515137,3190953,0.0,0.0
2021-04-30,13.998626853250439,15.286575807566116,13.87983634702741,14.817663192749023,10536002,0.0,0.0
2021-05-03,14.81766414013373,14.81766414013373,13.692270883662003,13.836071968078613,4537209,0.0,0.0
2021-05-04,13.836071808898621,14.229959201719035,13.57973285626272,13.729784965515137,3564311,0.0,0.0
2021-05-05,13.817316657226169,13.979872449193163,13.642255579053932,13.75479507446289,2055160,0.0,0.0
2021-05-06,13.798558386066274,13.848576291614688,13.529713355809108,13.76729679107666,2191087,0.0,0.0
2021-05-07,13.904845788178935,14.07365584186084,13.642255783081055,13.642255783081055,2058548,0.0,0.0
2021-05-10,13.66101051211587,13.711028419708292,13.142079165085077,13.323392868041992,6077529,0.0,0.0
2021-05-11,13.229608857883846,13.617244385012524,13.192096237607847,13.404670715332031,2982117,0.0,0.0
2021-05-12,13.260871149143941,13.379662466334247,12.760696118811426,12.86073112487793,2492890,0.0,0.0
2021-05-13,12.804461783632803,13.179592866094998,12.791957306478228,12.910749435424805,4134715,0.0,0.0
2021-05-14,13.004532115444107,13.135827916665894,12.854480002060287,13.054549217224121,2559430,0.0,0.0
2021-05-17,13.117070422689512,13.49220150350349,12.979523598724809,13.45468807220459,1698201,0.0,0.0
2021-05-18,13.529715035584632,13.77980378633265,13.267124231028449,13.673515319824219,3176724,0.0,0.0
2021-05-19,13.485949249307309,13.579733234277276,13.260871887207031,13.260871887207031,1359943,0.0,0.0
2021-05-20,13.173340345581288,13.417176440289628,13.010784565196593,13.235862731933594,1271313,0.0,0.0
2021-05-21,13.254617927880375,14.067400801592605,13.09831318722492,13.879836082458496,7527458,0.0,0.0
2021-05-24,13.973618705426844,14.192446651993308,13.66726345884384,13.929853439331055,3548862,0.0,0.0
2021-05-25,13.929852433672732,13.961114028378889,13.223357200622559,13.223357200622559,3348428,0.0,0.0
2021-05-26,13.335897344940097,13.473444974731773,13.110818376861683,13.323392868041992,3359269,0.0,0.0
2021-05-27,13.342150232387732,13.46094156022965,12.816967009480015,12.885741233825684,6162365,0.0,0.0
2021-05-28,12.942009723911072,12.979523153924408,12.604392085965946,12.917000770568848,3327964,0.0,0.0
2021-05-31,12.942010423408606,13.035792791445164,12.704426969903873,12.866984367370605,3493434,0.0,0.0
2021-06-01,12.954515221876362,13.492202104817688,12.942010744219436,13.460941314697266,3447764,0.0,0.0
2021-06-02,13.460940194733697,13.936105457899956,13.410923096311251,13.848576545715332,4559028,0.0,0.0
2021-06-04,13.823570624343171,14.41752652552692,13.798561665624986,14.154934883117676,4168459,0.0,0.0
2021-06-07,14.117420285923103,14.14242924115647,13.767298144831118,13.817316055297852,2498175,0.0,0.0
2021-06-08,13.78605377270697,13.979871146032362,13.654757976316784,13.904844284057617,2478660,0.0,0.0
2021-06-09,13.879836830194789,14.186193685879104,13.717279438651333,13.786053657531738,2112621,0.0,0.0
2021-06-10,13.77980310836251,13.861079382817707,13.185844879695777,13.329645156860352,5672867,0.0,0.0
2021-06-11,13.373410568257171,13.4109240006364,13.160836067529083,13.260871887207031,1806346,0.0,0.0
2021-06-14,13.279627903297857,13.460940802312223,13.223358160005466,13.360906600952148,1758643,0.0,0.0
2021-06-15,13.348402879318694,13.410924460718533,13.173340996920297,13.198349952697754,2063834,0.0,0.0
2021-06-16,13.235861583685507,13.342148419198095,13.167087368686209,13.279626846313477,2874243,0.0,0.0
2021-06-17,13.292132412065556,13.479697146094235,12.8482271072839,13.004531860351562,4000143,0.0,0.0
2021-06-18,13.004531731580341,13.34840202331543,12.923253842581481,13.34840202331543,3591008,0.0,0.0
2021-06-21,13.285880981795428,13.61724682996251,13.15458517116815,13.573481559753418,1649278,0.0,0.0
2021-06-22,13.573480186747371,13.573480186747371,13.310888592054896,13.34840202331543,1574064,0.0,0.0
2021-06-23,13.329645076299704,13.704776161588468,13.298384287199601,13.629749298095703,2211008,0.0,0.0
2021-06-24,13.811063176506861,14.56757638297527,13.773550552341499,14.217455863952637,6606057,0.0,0.0
2021-06-25,14.148682494470279,14.411272495531856,14.004881399695622,14.380012512207031,3614182,0.0,0.0
2021-06-28,14.4237771356507,14.736385035334592,14.21745608346809,14.523811340332031,3835622,0.0,0.0
2021-06-29,14.492550607728916,14.686367980319936,14.179941108149855,14.548819541931152,3078878,0.0,0.0
2021-06-30,14.4925503879546,14.91144672317713,14.273724064785178,14.8801851272583,5018983,0.0,0.0
2021-07-01,15.061500516700544,15.099013143138611,14.098664586814069,14.242464065551758,4035921,0.0,0.0
2021-07-02,14.311236948288945,14.711375363612772,14.079906952181226,14.53631591796875,3338128,0.0,0.0
2021-07-05,14.567575967018666,14.630099160292406,14.086158044988377,14.098663330078125,2790898,0.0,0.0
2021-07-06,14.073653841037713,14.073653841037713,13.71727908692593,13.792305946350098,3571494,0.0,0.0
2021-07-07,13.923602054690512,14.017383610992608,13.698523087390527,13.867331504821777,3593854,0.0,0.0
2021-07-08,13.661010735618017,13.792306533130589,13.4421844064304,13.523462295532227,2880884,0.0,0.0
2021-07-12,13.46094072453582,13.786053897186981,13.342149404068811,13.6610107421875,3669068,0.0,0.0
2021-07-13,13.636002694049253,13.923603262528427,13.548472156515922,13.673515319824219,4097853,0.0,0.0
2021-07-14,13.723531519699312,14.198696773868473,13.723531519699312,14.123671531677246,4767051,0.0,0.0
2021-07-15,14.1236720372931,14.448785202631173,13.861078831960935,14.08615779876709,3310076,0.0,0.0
2021-07-16,14.405020058310912,14.536315854032056,13.767297391081428,13.773550033569336,4697936,0.0,0.0
2021-07-19,13.56097490502478,13.573480190158522,13.185844632543937,13.417176246643066,3442479,0.0,0.0
2021-07-20,13.44843815870786,13.510959745093116,13.142081254158684,13.210855484008789,3300996,0.0,0.0
2021-07-21,13.21085263131418,13.373409205640403,12.973270007917678,13.279626846313477,3230525,0.0,0.0
2021-07-22,13.23586298680494,13.423428533386106,13.173340599248695,13.285880088806152,2723003,0.0,0.0
2021-07-23,13.317141685560651,13.342149832537403,13.110819018706918,13.217105865478516,3205319,0.0,0.0
2021-07-26,13.20460235088353,13.47969762716076,13.185845230376245,13.460941314697266,1964633,0.0,0.0
2021-07-27,13.410923901084193,13.435932855818034,13.129575180437916,13.31714153289795,2911240,0.0,0.0
2021-07-28,13.367158036924833,13.554722764914791,13.31088829531035,13.37966251373291,3656194,0.0,0.0
2021-07-29,13.567227241722868,13.579732526574682,13.16708802408306,13.37966251373291,2723274,0.0,0.0
2021-07-30,13.285879473437234,13.923602140666718,13.254618685128925,13.773550033569336,5219823,0.0,0.0
2021-08-02,13.786053495227572,14.073654036210833,13.529713742082713,13.679766654968262,4073460,0.0,0.0
2021-08-03,13.64225416426653,13.661010475541602,13.173339918039828,13.473444938659668,3564311,0.0,0.0
2021-08-04,13.460941031844072,13.911097369771616,13.417176573030131,13.804810523986816,4330812,0.0,0.0
2021-08-05,13.854828096530094,13.992376536476197,13.417176246643066,13.417176246643066,2413746,0.0,0.0
2021-08-06,13.473445692933778,13.698523864966242,13.273375667986842,13.517210960388184,2582469,0.0,0.0
2021-08-09,13.448436247427122,13.861079143751667,13.360906523753737,13.6610107421875,2982795,0.0,0.0
2021-08-10,13.667263187500785,13.954862116631107,13.636001591158365,13.7047758102417,2015860,0.0,0.0
2021-08-11,13.698522389367682,13.973617633981853,13.667262410889027,13.879836082458496,2814614,0.0,0.0
2021-08-12,13.929852559977883,14.248714687739755,13.76729679107666,13.76729679107666,2712974,0.0,0.0
2021-08-13,13.779802214962725,14.179940615137298,13.70477535588081,14.09241008758545,2373903,0.0,0.0
2021-08-16,14.042393625373865,14.392515771580925,13.392168052201011,13.567228317260742,4203423,0.0,0.0
2021-08-17,13.354654512005482,13.573480851634935,12.99202869894278,13.31088924407959,3202879,0.0,0.0
2021-08-18,13.317142187652854,13.39216824749936,12.898245811462402,12.898245811462402,3897013,0.0,0.0
2021-08-19,12.623148768472,13.329643999543054,12.623148768472,12.979522705078125,1839819,0.0,0.0
2021-08-20,12.773201052063676,13.173340282586127,12.773201052063676,13.004531860351562,1432717,0.0,0.0
2021-08-23,13.004531704253678,13.23586250976482,12.885740384243903,12.967019081115723,2610115,0.0,0.0
2021-08-24,13.11081866198168,13.298384203444751,13.029540772442063,13.085809707641602,2583282,0.0,0.0
2021-08-25,13.129575081487463,13.473445378333007,13.073305337782282,13.30463695526123,2773281,0.0,0.0
2021-08-26,13.329645857590762,13.435933516413472,12.898245811462402,12.898245811462402,2421606,0.0,0.0
2021-08-27,12.879487703212273,13.079556898900277,12.698174009816764,12.979522705078125,1681667,0.0,0.0
2021-08-30,12.754445335404265,13.267124076701014,12.754445335404265,13.185845375061035,1976559,0.0,0.0
2021-08-31,13.242115217351433,13.242115217351433,12.766949905983767,12.885741233825684,3297608,0.0,0.0
2021-09-01,13.054548961150457,13.192097402424004,12.660661565211461,13.004531860351562,2942139,0.0,0.0
2021-09-02,13.00453211939173,13.4109240006364,12.898245273049575,13.260871887207031,8804869,0.0,0.0
2021-09-03,13.260871761503154,13.398419396168922,12.660661697387695,12.660661697387695,22841218,0.0,0.0
2021-09-06,12.660660329829277,12.74819085371925,12.110469042552088,12.285530090332031,7055713,0.0,0.0
2021-09-08,12.248017680868374,12.323043735006761,11.766600567484032,11.847878456115723,6254112,0.0,0.0
2021-09-09,12.004182982380064,12.210504829412125,11.7103306058166,12.179244041442871,6086203,0.0,0.0
2021-09-10,12.12922645085406,12.235512479208085,11.78535618103759,11.829120635986328,3095683,0.0,0.0
2021-09-13,12.223008328295402,12.241765447251264,11.816616474255474,12.004182815551758,2689936,0.0,0.0
2021-09-14,11.92915797244917,12.066706430507459,11.635306358337402,11.635306358337402,3053672,0.0,0.0
2021-09-15,11.74784520145503,11.8166178105476,11.504009091804194,11.535270690917969,2702810,0.0,0.0
2021-09-16,11.422730406505469,11.879139379035315,11.378965948469824,11.572782516479492,4234322,0.0,0.0
2021-09-17,11.516513270553592,11.710331463020559,11.335201171885998,11.497756958007812,4576916,0.0,0.0
2021-09-20,11.28518371050579,11.360209771720843,11.0601047188168,11.191400527954102,2375801,0.0,0.0
2021-09-21,11.247669819590211,11.38521826627438,10.978826377138832,11.253922462463379,7620831,0.0,0.0
2021-09-22,11.260174111665508,11.729087573539799,11.260174111665508,11.610296249389648,2561192,0.0,0.0
2021-09-23,11.610295885814807,11.716582729140196,11.385217722059199,11.410225868225098,6301273,0.0,0.0
2021-09-24,11.278930557945962,11.397721874997595,11.141382121748691,11.197651863098145,3706472,0.0,0.0
2021-09-27,11.12887894494886,11.316444502008409,10.991331300728566,11.191400527954102,2497227,0.0,0.0
2021-09-28,11.072608636627338,11.10386942654781,10.72248649664801,10.791260719299316,2269417,0.0,0.0
2021-09-29,10.847530666899981,10.885044100331204,10.553678266508712,10.609947204589844,2456571,0.0,0.0
2021-09-30,10.622451682400252,11.022590932114284,10.56618274431912,10.609947204589844,4346397,0.0,0.0
2021-10-01,10.566182372458844,11.335200862362186,10.547426060425233,11.28518295288086,5057470,0.0,0.0
2021-10-04,11.191399312101387,11.378965656827233,11.022590086674368,11.07260799407959,2437733,0.0,0.0
2021-10-05,11.085112769799778,11.241417522589668,10.94131330224209,11.04134750366211,2272941,0.0,0.0
2021-10-06,10.878791461279,11.1851483395898,10.728739343588268,11.128878593444824,3021689,0.0,0.0
2021-10-07,11.128878742178012,11.253922713953989,10.928809518597784,10.991331100463867,2926418,0.0,0.0
2021-10-08,11.147633922420844,11.466495250408547,11.091364181241401,11.34770393371582,2348968,0.0,0.0
2021-10-11,11.403973776209396,11.54152140516935,11.228912716781965,11.360208511352539,1829248,0.0,0.0
2021-10-13,11.541521927526867,11.647809581306662,11.41022612701398,11.59779167175293,3152737,0.0,0.0
2021-10-14,11.610297107813793,11.679071335107038,11.435236026008328,11.52901840209961,1427567,0.0,0.0
2021-10-15,11.597792222155686,11.891644626576173,11.472748250380848,11.754096984863281,1897686,0.0,0.0
2021-10-18,11.74784428674589,11.754096121255577,11.441486618808717,11.560277938842773,1833450,0.0,0.0
2021-10-19,11.485252059516398,11.516512848628675,11.041347561252035,11.135129928588867,2177264,0.0,0.0
2021-10-20,11.185147482383261,11.316443277311365,11.047599045005015,11.141382217407227,2454673,0.0,0.0
2021-10-21,10.910052057474926,11.010086254715553,10.428634150074034,10.503660202026367,3682620,0.0,0.0
2021-10-22,10.347356296589528,10.591191591281381,9.940964408117702,10.353608131408691,3635730,0.0,0.0
2021-10-25,10.416130185307747,10.872539161806793,10.291086220546099,10.741243362426758,6753503,0.0,0.0
2021-10-26,10.591191285559823,10.728738920005155,10.297338088621752,10.384868621826172,2689258,0.0,0.0
2021-10-27,10.472399711608887,10.666216277279865,10.34110310691121,10.472399711608887,2215616,0.0,0.0
2021-10-28,10.534920525310282,10.534920525310282,9.865937113494208,10.072258949279785,5492490,0.0,0.0
2021-10-29,10.109772944272393,10.15979085153522,9.522067382196596,9.697129249572754,6621236,0.0,0.0
2021-11-01,9.778408734312585,10.159792511345414,9.728391626922175,10.041000366210938,2529751,0.0,0.0
2021-11-03,9.909703565413379,10.39737334416867,9.765904092940612,10.259825706481934,7330276,0.0,0.0
2021-11-04,10.228564153630382,10.316095497328194,9.9222080868851,10.109773635864258,3734524,0.0,0.0
2021-11-05,10.1097732578206,10.572434874132222,10.084764303413548,10.44113826751709,4547915,0.0,0.0
2021-11-08,10.241068486076427,10.503660897358548,10.147286924982419,10.247321128845215,2261422,0.0,0.0
2021-11-09,10.247321872477007,10.534922451573653,10.134783182953665,10.428635597229004,3694817,0.0,0.0
2021-11-10,10.441138010182136,10.49740775218928,10.234816161518435,10.391120910644531,5921546,0.0,0.0
2021-11-11,10.491156396004747,11.10386932745694,10.384868741571115,10.985078811645508,5221721,0.0,0.0
2021-11-12,11.21015719457036,11.247669819634341,10.810017140262616,11.047599792480469,4986729,0.0,0.0
2021-11-16,11.097618782463977,11.11012326138255,10.703731332726365,10.747496604919434,5718808,0.0,0.0
2021-11-17,11.047599887735098,11.047599887735098,10.578687222129526,10.609947204589844,14745795,0.0,0.0
2021-11-18,10.622450475154118,10.841277599900746,10.50991180373812,10.628703117370605,3577185,0.0,0.0
2021-11-19,10.628703874945652,11.122625475242558,10.628703874945652,10.741243362426758,2745770,0.0,0.0
2021-11-22,10.728738784790039,10.872539060105513,10.559930363191173,10.728738784790039,3604018,0.0,0.0
2021-11-23,10.778755222003372,11.066355754933447,10.734989958646347,11.022589683532715,4838199,0.0,0.0
2021-11-24,10.87253923634284,11.178895295619363,10.82252132687778,11.147634506225586,4823698,0.0,0.0
2021-11-25,11.253922470781298,11.58528749394651,11.253922470781298,11.497756958007812,2018570,0.0,0.0
2021-11-26,11.366461250305003,11.466495449646924,11.078859897032938,11.303938865661621,3608897,0.0,0.0
2021-11-29,11.44773884774645,11.591539934905127,11.197652530042326,11.472747802734375,4785482,0.0,0.0
2021-11-30,11.416476877774658,11.48525109285954,11.003833203352754,11.272677421569824,5495471,0.0,0.0
2021-12-01,11.310192463920536,11.691575406277243,11.141383223183725,11.2351655960083,7349520,0.0,0.0
2021-12-02,11.5102615286751,11.55402679699789,11.235165440925583,11.335201263427734,4168595,0.0,0.0
2021-12-03,11.297687235072022,11.647809363217503,11.285182757917717,11.397722244262695,2873024,0.0,0.0
2021-12-06,11.422730790990675,11.554026593648256,11.285183153558641,11.378966331481934,3302757,0.0,0.0
2021-12-07,11.453990639306921,11.641556171689778,11.385217230266726,11.485251426696777,2952438,0.0,0.0
2021-12-08,11.566531533426762,11.816617863098621,11.522766264125423,11.629053115844727,6475687,0.0,0.0
2021-12-09,11.610295038286345,11.716581873853007,11.153886101517786,11.203903198242188,4687094,0.0,0.0
2021-12-10,11.816617218841152,12.166740162206521,11.710331180960521,12.11672306060791,5445464,0.0,0.0
2021-12-13,12.260522787811688,12.748192568788257,11.947914078166779,12.097966194152832,4771794,0.0,0.0
2021-12-14,12.122974797061726,12.416827185676508,12.029192429307814,12.172992706298828,4092839,0.0,0.0
2021-12-15,12.351432278635464,12.366260505657497,11.684187323678078,12.084534645080566,3925891,1.039518,1.1
2021-12-16,12.084535097962764,12.136431716809414,11.676774083303005,11.71384334564209,2670976,0.0,0.0
2021-12-17,11.736084835058671,11.884361890159255,11.617464236262453,11.72867202758789,4698108,0.0,0.0
2021-12-20,11.713842845267022,11.77315401090406,11.350565657788257,11.409876823425293,2554305,0.0,0.0
2021-12-21,11.335738214256452,11.580393939639395,11.224531303919695,11.513669967651367,2651264,0.0,0.0
2021-12-22,11.39504872292104,11.669360907128308,11.298668295458947,11.380221366882324,1280787,0.0,0.0
2021-12-23,11.402462905178835,11.409877454596225,11.016944662562707,11.15039348602295,2502192,0.0,0.0
2021-12-27,11.105909431075453,11.335738681236906,11.016944421783176,11.320910453796387,883590,0.0,0.0
2021-12-28,11.313496834064047,11.439531977073717,11.15780697816046,11.357979774475098,1316638,0.0,0.0
2021-12-29,11.424704479853204,11.424704479853204,11.05401357642233,11.09849739074707,1410270,0.0,0.0
2021-12-30,11.113323608491648,11.20229036392081,10.942806389362154,11.091082572937012,2741446,0.0,0.0
2022-01-03,11.113323212734622,11.291254975116198,10.816770856145446,10.898323059082031,3369766,0.0,0.0
2022-01-04,10.81677077358747,10.898322975901616,10.638839012563942,10.683321952819824,3194329,0.0,0.0
2022-01-05,10.609184569945834,10.735219726073613,10.164355119536184,10.2310791015625,4020755,0.0,0.0
2022-01-06,10.26073492675254,10.342287139732083,10.038320196385737,10.097630500793457,2208236,0.0,0.0
2022-01-07,10.11987089412488,10.208836772950809,9.838145030462668,10.075387954711914,3112648,0.0,0.0
2022-01-10,9.993836125864455,10.038319066932855,9.77142142052245,9.875215530395508,1290766,0.0,0.0
2022-01-11,9.867801407974635,10.008664786678253,9.756594486026774,9.927112579345703,3339582,0.0,0.0
2022-01-12,9.91969759709946,10.208837149483136,9.838145393322778,10.090215682983398,3973816,0.0,0.0
2022-01-13,10.208837380634293,10.57211459561931,10.11245781801421,10.238492965698242,14164673,0.0,0.0
2022-01-14,10.23849292646194,10.438665729433431,10.134699685741182,10.379355430603027,5168732,0.0,0.0
2022-01-17,10.386770009344538,10.483149579948952,10.282975888557242,10.342287063598633,3836940,0.0,0.0
2022-01-18,10.371942202926252,10.371942202926252,9.897456307379747,9.934526443481445,4328139,0.0,0.0
2022-01-19,10.001250929479555,10.21625198067918,9.964181662573376,10.097630500793457,6613499,0.0,0.0
2022-01-20,10.090215454036402,10.535044854479505,10.090215454036402,10.327458381652832,4653633,0.0,0.0
2022-01-21,10.34969948511266,10.416423460088708,10.201423307666868,10.260733604431152,4228716,0.0,0.0
2022-01-24,10.253320568438285,10.290389832889117,9.90487070209878,10.001250267028809,3342785,0.0,0.0
2022-01-25,9.93452474288114,10.231077070228272,9.867799903032479,10.156938552856445,15382259,0.0,0.0
2022-01-26,10.357113808236496,10.853839861126476,10.245906885995112,10.675908088684082,6449889,0.0,0.0
2022-01-27,10.839012547948117,11.246771812438965,10.720390213942515,11.246771812438965,3409806,0.0,0.0
2022-01-28,11.26901481174112,11.372808057466228,11.165220694945772,11.283843040466309,3467833,0.0,0.0
2022-01-31,11.224531116774438,11.313496120918462,11.068840399614635,11.083667755126953,2584982,0.0,0.0
2022-02-01,11.054013116972639,11.128151643005406,10.712977813576329,10.801942825317383,4108104,0.0,0.0
2022-02-02,10.82418486798426,10.9279781088822,10.475735010736626,10.557287216186523,3407342,0.0,0.0
2022-02-03,10.586941910668967,10.705563369624652,10.423837513488667,10.490561485290527,3409436,0.0,0.0
2022-02-04,10.490561542071678,10.49797609104102,10.030904801619421,10.208836555480957,3109691,0.0,0.0
2022-02-07,10.164354421054368,10.201423684552863,9.993836331603417,10.060561180114746,3203323,0.0,0.0
2022-02-08,10.038319030218055,10.21625079384088,9.904870207500938,10.016077995300293,2509953,0.0,0.0
2022-02-09,10.119871527549998,10.43125212293075,10.119871527549998,10.312630653381348,4198163,0.0,0.0
2022-02-10,10.490562091988725,10.490562091988725,10.038319005729017,10.053146362304688,5280968,0.0,0.0
2022-02-11,10.045733122721145,10.260734157808496,9.845559444856988,9.890043258666992,5959800,0.0,0.0
2022-02-14,9.88262839090383,10.32745776477653,9.88262839090383,10.164353370666504,5137809,0.0,0.0
2022-02-15,10.23849292646194,10.460907635913708,10.208837341511638,10.379355430603027,4128678,0.0,0.0
2022-02-16,10.460908251478049,10.527633103775054,10.320045739048014,10.438666343688965,4290193,0.0,0.0
2022-02-17,10.438666711045984,10.497977886523985,10.097630500793457,10.097630500793457,2760419,0.0,0.0
2022-02-18,10.134699984657999,10.194010285237725,9.867801454373668,9.897456169128418,3633784,0.0,0.0
2022-02-21,9.919698325131925,10.223665256485672,9.793663171051566,10.008665084838867,3086406,0.0,0.0
2022-02-22,10.04573231051825,10.44607963387827,9.964180110243808,10.357112884521484,9830251,0.0,0.0
2022-02-23,10.3941835878178,10.594355518355707,10.320045061482107,10.446080207824707,6216672,0.0,0.0
2022-02-24,10.01607832570586,10.349699957968914,9.949353476611124,10.171768188476562,4396884,0.0,0.0
2022-02-25,10.10504245168164,10.208836555480957,9.882628630424852,10.208836555480957,4778928,0.0,0.0
2022-03-02,10.12728390310638,10.37935416681646,10.12728390310638,10.297801971435547,2547160,0.0,0.0
2022-03-03,10.290389746522495,10.512804460290548,10.194010182401374,10.282975196838379,5641820,0.0,0.0
2022-03-04,10.268148796860752,10.268148796860752,9.838145851873238,10.001250267028809,5442113,0.0,0.0
2022-03-07,9.89745585729272,10.208837320968815,9.422971725463867,9.422971725463867,6031995,0.0,0.0
2022-03-08,9.489694764228139,9.704695753781374,9.14124410364804,9.53417682647705,8100892,0.0,0.0
2022-03-09,9.541593033678712,10.231078184474857,9.541593033678712,10.090215682983398,10894945,0.0,0.0
2022-03-10,10.112457154768302,10.423837728771536,9.890042459051706,10.357112884521484,6391492,0.0,0.0
2022-03-11,10.438665279786466,10.48314821976071,9.934525583768414,10.045732498168945,4733467,0.0,0.0
2022-03-14,10.379354860987128,10.483148096011744,9.904869883172884,9.971593856811523,6428822,0.0,0.0
2022-03-15,9.919698076264707,10.053146905871758,9.778835567968965,9.897456169128418,5181052,0.0,0.0
2022-03-16,9.971594114420887,10.186596010228017,9.764007639008797,10.082802772521973,5431641,0.0,0.0
2022-03-17,10.127284603702554,10.594355033457337,10.001249463128518,10.4683198928833,5309180,0.0,0.0
2022-03-18,10.409010333153308,11.076255344673067,10.401597525619119,11.061427116394043,6078318,0.0,0.0
2022-03-21,11.142978526416519,11.239358083522681,10.535044729342054,10.572113990783691,5111568,0.0,0.0
2022-03-22,10.698149033993205,10.898322695530068,10.386768460212645,10.460906982421875,8819025,0.0,0.0
2022-03-23,10.497975722419978,10.579527918587951,10.38676794462635,10.512803077697754,2773108,0.0,0.0
2022-03-24,10.549873809095907,10.750046617558487,10.33487277221631,10.675908088684082,3390833,0.0,0.0
2022-03-25,10.683322247028245,10.720390639037168,10.475734896427317,10.483148574829102,2390449,0.0,0.0
2022-03-28,10.520218553798525,10.542459590517359,10.231078978961925,10.438666343688965,3033184,0.0,0.0
2022-03-29,10.794529030886194,10.927977853668477,10.698149470721797,10.727804183959961,2723582,0.0,0.0
2022-03-30,10.727803744727863,11.031771511535041,10.586942120473564,10.779701232910156,5387412,0.0,0.0
2022-03-31,10.787115766943908,10.898323559069409,10.646253260441108,10.883495330810547,5082492,0.0,0.0
2022-04-01,10.950220091551273,10.965048319689958,10.58694287481195,10.77228832244873,5837955,0.0,0.0
2022-04-04,10.720390790826874,10.950220050957494,10.60177019257839,10.913150787353516,3176096,0.0,0.0
2022-04-05,10.861254349218516,10.91315097070793,10.483148899389551,10.527632713317871,4367686,0.0,0.0
2022-04-06,10.453493653817995,10.475734688582072,10.008664247834698,10.082802772521973,4565915,0.0,0.0
2022-04-07,10.00866418988032,10.260733604431152,9.786248617106379,10.260733604431152,7784884,0.0,0.0
2022-04-08,10.194009688482708,10.290389247934062,9.94935307965681,10.082802772521973,4208881,0.0,0.0
2022-04-11,9.949353353435736,9.95676790296463,9.689869380960163,9.704697608947754,4180299,0.0,0.0
2022-04-12,9.934526621593415,9.934526621593415,9.630559688170027,9.764008522033691,4381115,0.0,0.0
2022-04-13,9.793661884993439,9.919697022523449,9.734351590714077,9.786248207092285,3247059,0.0,0.0
2022-04-14,9.786249046923363,9.786249046923363,9.556420656913646,9.71211051940918,3711523,0.0,0.0
2022-04-18,9.719525366191608,9.830733160863064,9.637973157646586,9.793663024902344,2005572,0.0,0.0
2022-04-19,9.76400841122703,9.76400841122703,9.47486883893526,9.68986988067627,5870356,0.0,0.0
2022-04-20,9.689869624991543,9.75659447494062,9.437800195696704,9.46745491027832,4501235,0.0,0.0
2022-04-22,9.445213233079674,9.467454267505879,9.16348736618995,9.230212211608887,4073238,0.0,0.0
2022-04-25,9.163486846710901,9.452625504281231,9.08193464963103,9.385902404785156,4113771,0.0,0.0
2022-04-26,9.31176470946804,9.385903235386984,9.022625155240307,9.030038833618164,4753672,0.0,0.0
2022-04-27,9.163487061907503,9.215383678248864,8.970727952333835,9.148659706115723,3460811,0.0,0.0
2022-04-28,9.104177784299699,9.393316480947238,9.044867483439488,9.363661766052246,7261900,0.0,0.0
2022-04-29,9.511937885993312,9.756593615080961,9.296935997803635,9.541592597961426,10523620,0.0,0.0
2022-05-02,9.400730159670985,9.44521397415393,9.148660727712416,9.363661766052246,5069556,0.0,0.0
2022-05-03,9.385904177899576,9.60831803585036,9.267281827661309,9.526765823364258,4752686,0.0,0.0
2022-05-04,9.489696182155672,9.890042641844971,9.289522516775941,9.830732345581055,3337364,0.0,0.0
2022-05-05,9.771421040004114,9.771421040004114,9.348832680775637,9.474867820739746,3565038,0.0,0.0
2022-05-06,9.474868649448409,9.474868649448409,9.178316275316572,9.222798347473145,4298940,0.0,0.0
2022-05-09,9.074521577725404,9.267280695640912,9.037452315571613,9.126419067382812,3566640,0.0,0.0
2022-05-10,9.215384111554878,9.259867923162105,9.044866898721317,9.200556755065918,3207758,0.0,0.0
2022-05-11,9.22279848414033,9.22279848414033,8.770555366478067,8.800210952758789,5663257,0.0,0.0
2022-05-12,8.726071695804844,8.889176100158629,8.696416111994111,8.88176155090332,2714958,0.0,0.0
2022-05-13,8.911417251496783,9.133832826386756,8.89658989493219,8.955900192260742,3511569,0.0,0.0
2022-05-16,8.955900730977492,9.170901769447768,8.911417787537788,9.08193588256836,3049200,0.0,0.0
2022-05-17,9.178314748968951,9.586073977822581,9.178314748968951,9.341418266296387,3138027,0.0,0.0
2022-05-18,9.29693636380681,9.29693636380681,8.740900039672852,8.740900039672852,4378281,0.0,0.0
2022-05-19,8.740898529309316,8.740898529309316,8.474000930786133,8.474000930786133,4732481,0.0,0.0
2022-05-20,8.533312151273325,8.748313163223779,8.451759953181416,8.614864349365234,4753425,0.0,0.0
2022-05-23,8.681589191829568,8.829864490245566,8.533312151273325,8.614864349365234,3927000,0.0,0.0
2022-05-24,8.585209822710741,8.585209822710741,8.081069216540623,8.22934627532959,5704283,0.0,0.0
2022-05-25,8.155207552478121,8.548140355235404,8.132965645759304,8.436932563781738,5895489,0.0,0.0
2022-05-26,8.474000930786133,8.562966796960527,8.422104320696073,8.474000930786133,3165008,0.0,0.0
2022-05-27,8.399863916503758,8.666761562620845,8.377622010458909,8.496243476867676,2928956,0.0,0.0
2022-05-30,8.592624191050385,8.696417443676564,8.31831282977384,8.325726509094238,1823606,0.0,0.0
2022-05-31,8.399863623479783,8.53331244188305,8.281242161209052,8.310896873474121,4235739,0.0,0.0
2022-06-01,8.31089670985586,8.577795212478062,8.118138470717327,8.266414642333984,6597236,0.0,0.0
2022-06-02,8.347967138897674,8.763140956852174,8.33313891145883,8.66676139831543,5427452,0.0,0.0
2022-06-03,8.718656627230704,8.770553237320762,8.444344480634632,8.474000930786133,3503684,0.0,0.0
2022-06-06,8.51848508690363,8.51848508690363,8.259001101594325,8.303484916687012,2232137,0.0,0.0
2022-06-07,8.229345515634146,8.266414776909324,8.095896697685596,8.132965087890625,2161790,0.0,0.0
2022-06-08,8.088483452467015,8.214518599118819,7.910551685680985,7.96986198425293,2810931,0.0,0.0
2022-06-09,7.984690117214493,8.12555174799588,7.806757481474914,8.073655128479004,3746388,0.0,0.0
2022-06-10,7.940206438602927,8.014344965486249,7.777102898957899,7.8289995193481445,2489379,0.0,0.0
2022-06-13,7.702964260551524,7.717791617285439,7.4508939696538485,7.562100887298584,2613811,0.0,0.0
2022-06-14,7.576928386552632,7.688135293504407,7.480548834909066,7.621411323547363,3561835,0.0,0.0
2022-06-15,7.732619502721697,7.828999059365237,7.510203935139476,7.599170684814453,5163558,0.0,0.0
2022-06-17,7.450893607800281,7.532445808016594,7.176581859588623,7.176581859588623,7614376,0.0,0.0
2022-06-20,7.191410452975061,7.361928550427255,7.139513830070098,7.221066474914551,2110292,0.0,0.0
2022-06-21,7.243306520689971,7.539860619862682,7.154341074901315,7.3619279861450195,5285033,0.0,0.0
2022-06-22,7.258133913018566,7.66589447031863,7.198823619092605,7.591756820678711,4393065,0.0,0.0
2022-06-23,7.59917134710252,7.78451679850424,7.5250328181137425,7.6065850257873535,3647336,0.0,0.0
2022-06-24,7.673310251612347,7.940207052679008,7.643654664351488,7.710378646850586,6041358,0.0,0.0
2022-06-27,7.717791751650731,8.04400057403759,7.688136166596416,7.814171314239502,3935993,0.0,0.0
2022-06-28,7.925378616008777,7.925378616008777,7.525032162287046,7.599170684814453,3476580,0.0,0.0
2022-06-29,7.576929022851086,7.651067547758374,7.347100640922706,7.450893878936768,4994528,0.0,0.0
2022-06-30,7.34710038447239,7.510203914077052,7.28779008925889,7.317444801330566,5066723,0.0,0.0
2022-07-01,7.324859257776379,7.376755880487121,7.124686010204078,7.258134841918945,4335531,0.0,0.0
2022-07-04,7.228479623895278,7.258134337055692,7.1172714007981,7.132099628448486,2241377,0.0,0.0
2022-07-05,7.072788697468593,7.124685315116276,6.813304738160027,7.035719871520996,6004644,0.0,0.0
2022-07-06,6.991236257514906,7.376754908727411,6.9689952240274184,7.310030937194824,3800720,0.0,0.0
2022-07-07,7.428651272292618,7.47313507989698,7.250719961690599,7.265547752380371,2839883,0.0,0.0
2022-07-08,7.243306520689971,7.391583570276326,7.198824015563186,7.3619279861450195,3624297,0.0,0.0
2022-07-11,7.25813457459552,7.295203402794293,6.894857357929904,6.946753978729248,3279830,0.0,0.0
2022-07-12,6.9393397723121035,7.169167709159481,6.857787136980326,7.102444171905518,3649553,0.0,0.0
2022-07-13,7.050546792150927,7.161755012134027,6.954167670473144,7.035719871520996,2220433,0.0,0.0
2022-07-14,6.9689954251824116,7.020892042554632,6.828132493616984,6.983822345733643,3464876,0.0,0.0
2022-07-15,6.976409377783668,6.991236297992775,6.783649833293845,6.8874430656433105,4281076,0.0,0.0
2022-07-18,6.991236646092645,7.072788848886408,6.776236057281494,6.776236057281494,3256422,0.0,0.0
2022-07-19,6.8207188508097,6.86520135483349,6.694683710214555,6.791062831878662,4365468,0.0,0.0
2022-07-20,6.776236598665116,7.272963097819513,6.739166897892095,7.221066474914551,4158862,0.0,0.0
2022-07-21,7.1839962581780625,7.413825511932373,7.050547000013138,7.413825511932373,3700558,0.0,0.0
2022-07-22,7.391582991618609,7.3989966693035045,7.15434051481637,7.19882345199585,2164131,0.0,0.0
2022-07-25,7.243306781994948,7.272962802731195,6.917098393528105,6.946753978729248,3037372,0.0,0.0
2022-07-26,6.917098491955669,6.954168191752136,6.783650534327133,6.842960834503174,3274779,0.0,0.0
2022-07-27,6.85778747641435,7.33227334274228,6.85778747641435,7.29520320892334,3978990,0.0,0.0
2022-07-28,7.183996252966654,7.33227330316125,7.065375222560103,7.27296257019043,5311398,0.0,0.0
2022-07-29,7.272962324718965,7.413825256328479,7.176581896917365,7.228479385375977,3673084,0.0,0.0
2022-08-01,7.191410457892101,7.265548988418592,7.043133832374241,7.080203533172607,2842100,0.0,0.0
2022-08-02,7.072788778961997,7.102444362703862,6.86520143490927,7.0579609870910645,4932558,0.0,0.0
2022-08-03,7.095031065759827,7.324859021130157,7.0653754804245334,7.30261754989624,4770180,0.0,0.0
2022-08-04,7.376755086376708,8.236759156672925,7.3693414083690065,8.05882740020752,7830468,0.0,0.0
2022-08-05,7.999516950783812,8.110725615144503,7.769688556601115,7.821585178375244,4798640,0.0,0.0
2022-08-08,7.873480912649574,8.23675896626017,7.851240750210753,8.051413536071777,5070665,0.0,0.0
2022-08-09,8.103310516574524,8.207103753092985,7.96986169630643,8.170035362243652,4002275,0.0,0.0
2022-08-10,8.407278162382637,8.466588464055818,8.214519028642123,8.303484916687012,4963112,0.0,0.0
2022-08-11,8.3479673089551,8.555554657696218,8.221932164043356,8.392449378967285,17013550,0.0,0.0
2022-08-12,8.481417125306635,8.562969338685106,8.214519447560889,8.355381965637207,3399950,0.0,0.0
2022-08-15,8.27382741131989,8.49624207984623,8.221930800508753,8.340551376342773,2816105,0.0,0.0
2022-08-16,8.273828320254298,8.347966841597694,8.095896565886253,8.266414642333984,4004123,0.0,0.0
2022-08-17,8.15520686031889,8.370208746428768,8.110724792797015,8.266414642333984,4772768,0.0,0.0
2022-08-18,8.251586629079375,8.281242212598624,7.895723111129007,7.940206050872803,4132004,0.0,0.0
2022-08-19,7.903137489085821,7.903137489085821,7.62141162943208,7.702963829040527,4232782,0.0,0.0
2022-08-22,7.636238881970306,7.777102245425502,7.487962711733938,7.7177910804748535,3183488,0.0,0.0
2022-08-23,7.7696874413848995,8.058826965582512,7.658480535126656,8.006930351257324,3346481,0.0,0.0
2022-08-24,8.036586644905727,8.08106871449464,7.88089591706383,7.9624481201171875,2416814,0.0,0.0
2022-08-25,7.962447414540008,8.058826965582512,7.940205510646299,8.006930351257324,2185321,0.0,0.0
2022-08-26,8.044000828554207,8.118139358000677,7.9253793556539005,7.947620391845703,2000644,0.0,0.0
2022-08-29,7.925380065785591,8.184863199958043,7.880897118345984,8.081069946289062,2472747,0.0,0.0
2022-08-30,8.162621380086033,8.184861542697213,7.665894508361816,7.665894508361816,3359540,0.0,0.0
2022-08-31,7.680722322012145,7.695550549753758,7.29520320892334,7.29520320892334,9555761,0.0,0.0
2022-09-01,7.272962144957952,7.517618305297385,7.191409510798056,7.48796272277832,6986795,0.0,0.0
2022-09-02,7.562100739059065,7.940206167993595,7.5027904422158755,7.799344539642334,6463564,0.0,0.0
2022-09-05,7.851241497844479,7.932792832879795,7.665895178936375,7.762274742126465,1657656,0.0,0.0
2022-09-06,7.725206001340128,7.732619679548372,7.443480131935669,7.517618656158447,2654836,0.0,0.0
2022-09-08,7.6214115699290605,7.702963768900801,7.502790110418334,7.665894508361816,4399595,0.0,0.0
2022-09-09,7.784516425806793,8.006931131054406,7.710377900367528,7.895723342895508,2844688,0.0,0.0
2022-09-12,7.947620502722353,8.073655656111567,7.91055210855221,8.021759033203125,2134932,0.0,0.0
2022-09-13,7.903137931810311,7.940206323645098,7.547274401634857,7.562100887298584,2565516,0.0,0.0
2022-09-14,7.562101738872377,7.806758378954058,7.539861572337211,7.643654823303223,4629363,0.0,0.0
2022-09-15,7.613997140710909,7.710377568056104,7.391583316119347,7.421238899230957,2644241,0.0,0.0
2022-09-16,7.398997191616035,7.517618656158447,7.235892786753988,7.517618656158447,5971873,0.0,0.0
2022-09-19,7.398997625891459,7.784516754979265,7.398997625891459,7.747447490692139,2220064,0.0,0.0
2022-09-20,7.74744780283508,7.843827371222588,7.576929702886295,7.636240005493164,1923891,0.0,0.0
2022-09-21,7.651067640912635,7.7696882369243285,7.510204267659695,7.562100887298584,3639574,0.0,0.0
2022-09-22,7.643653812707477,7.80675734679379,7.5102041204375025,7.799344539642334,4673468,0.0,0.0
2022-09-23,7.621411859117683,7.66589479923831,7.480549360580725,7.658481121063232,3276380,0.0,0.0
2022-09-26,7.717791548697403,7.806757430450627,7.406410962561122,7.413825511932373,3856776,0.0,0.0
2022-09-27,7.525032225776077,7.525032225776077,7.035719889321169,7.072788715362549,5463920,0.0,0.0
2022-09-28,7.065375425093259,7.258134550587572,6.924512484691527,6.961582183837891,6759121,0.0,0.0
2022-09-29,6.887443219422971,6.909685124605965,6.576062644352083,6.768822193145752,7467275,0.0,0.0
2022-09-30,6.805891068388741,6.998650183049856,6.613131518192548,6.9319257736206055,9101892,0.0,0.0
2022-10-03,7.102444490261001,7.487963166013273,7.102444490261001,7.413825511932373,7283707,0.0,0.0
2022-10-04,7.576929011189096,7.606584595320402,7.272962540356365,7.3619279861450195,5630116,0.0,0.0
2022-10-05,7.361928555460885,7.39158414188553,7.006065002646117,7.080203533172607,6357612,0.0,0.0
2022-10-06,7.124685315116276,7.1988238380816245,6.939339878773058,7.035719871520996,5165899,0.0,0.0
2022-10-07,6.998650599528593,7.095031033664754,6.865201772728762,6.946753978729248,4192372,0.0,0.0
2022-10-10,7.006064102656375,7.087616301545379,6.924511903767371,7.028306007385254,4854819,0.0,0.0
2022-10-11,7.006064296676491,7.0283062020213185,6.85778725056472,6.9319257736206055,4235123,0.0,0.0
2022-10-13,6.865201961692743,7.132100058173852,6.65761547278157,7.043133735656738,7645052,0.0,0.0
2022-10-14,7.0431338331173485,7.132100156865548,6.620545864105225,6.620545864105225,6523809,0.0,0.0
2022-10-17,6.716926420884515,6.746581136765905,6.546407449215226,6.553821563720703,5405646,0.0,0.0
2022-10-18,6.679856103291705,6.709511687507986,6.494510661847848,6.583476543426514,3727169,0.0,0.0
2022-10-19,6.561235796516797,6.627960215058269,6.435200638537861,6.487097263336182,3441715,0.0,0.0
2022-10-20,6.53158011564351,6.635373356835058,6.472268945473878,6.5389933586120605,6444838,0.0,0.0
2022-10-21,6.546406805382643,6.828132676040205,6.457441795417833,6.776236057281494,4301404,0.0,0.0
2022-10-24,6.716926049342024,6.961582232716917,6.7095119352466535,6.9096856117248535,5139657,0.0,0.0
2022-10-25,6.872615746431503,6.894857217110553,6.7243386945243815,6.746580600738525,3569104,0.0,0.0
2022-10-26,6.739166412428972,6.7614083183975895,6.4500277323282065,6.479682445526123,4456020,0.0,0.0
2022-10-27,6.4500279592161265,7.00606473961361,6.323992810480995,6.9096856117248535,6985809,0.0,0.0
2022-10-28,6.850374135276413,7.035719563505425,6.791062535537588,6.954167366027832,4486697,0.0,0.0
2022-10-31,6.835547243888256,7.317445507815895,6.776236507413345,7.183996677398682,6300448,0.0,0.0
2022-11-01,7.280376630628024,7.7029645908306295,7.206238101639246,7.6065850257873535,7391753,0.0,0.0
2022-11-03,7.473136561974517,7.821585574705839,7.458308332808954,7.710378646850586,7939131,0.0,0.0
2022-11-04,7.740032940978537,7.969862205344676,7.69555086911825,7.747447490692139,4446657,0.0,0.0
2022-11-07,7.702963974427204,7.79934440282819,7.443480014801025,7.443480014801025,6504836,0.0,0.0
2022-11-08,7.421239574385634,7.673309876091298,7.376755760136187,7.6065850257873535,5423387,0.0,0.0
2022-11-09,7.562101139514817,7.725206424378813,7.532446425057924,7.673309803009033,4469326,0.0,0.0
2022-11-10,7.487963452870785,7.554687431206752,6.8133052000398635,6.894857406616211,10659633,0.0,0.0
2022-11-11,6.902270870108624,7.221065552243324,6.791062653069426,7.028306007385254,9979939,0.0,0.0
2022-11-14,7.102443969932076,7.169167505288611,6.887442959601181,6.954167366027832,5314108,0.0,0.0
2022-11-16,6.954168380439391,7.0431338331173485,6.546407333570912,6.620545864105225,4601027,0.0,0.0
2022-11-17,6.487096336854801,6.524166033685985,6.042266943441798,6.398130893707275,7970424,0.0,0.0
2022-11-18,6.47226858187623,6.679855923667737,6.18312991005571,6.205371379852295,6585779,0.0,0.0
2022-11-21,6.33140679531153,6.427785921232568,6.146061350808166,6.375889301300049,3655836,0.0,0.0
2022-11-22,6.38330300104508,6.494510347638109,6.272095654452051,6.361061096191406,3140491,0.0,0.0
2022-11-23,6.331406817594215,6.331406817594215,6.034853147167933,6.197957992553711,4827345,0.0,0.0
2022-11-24,6.2350267983203,6.538993275041605,6.2350267983203,6.375889301300049,2341908,0.0,0.0
2022-11-25,6.390717112286938,6.420371823988016,5.997783907081373,6.042266845703125,4054635,0.0,0.0
2022-11-28,6.057095099205121,6.08675068423886,5.960715536683224,6.0051984786987305,2386260,0.0,0.0
2022-11-29,6.034853306134026,6.264682570094065,5.960715648760991,6.079337120056152,3216998,0.0,0.0
2022-11-30,6.071922623295143,6.235026591629821,6.034852925874192,6.1905436515808105,7648379,0.0,0.0
2022-12-01,6.146061608536462,6.146061608536462,5.9681289639104,6.012612342834473,4932928,0.0,0.0
2022-12-02,6.02002680412323,6.138647848153509,5.864336057751726,6.131234169006348,6708979,0.0,0.0
2022-12-05,6.08675032883486,6.08675032883486,5.664161968827284,5.708645343780518,5557675,0.0,0.0
2022-12-06,5.730886602129428,6.057094982467894,5.730886602129428,5.931059837341309,7816054,0.0,0.0
2022-12-07,5.901404252879116,6.07192277469899,5.864335425604015,5.931059837341309,6548449,0.0,0.0
2022-12-08,5.893991101488874,5.945887721800048,5.530713017170255,5.545540809631348,4549652,0.0,0.0
2022-12-09,5.619679284497807,5.619679284497807,5.449161632678109,5.456574440002441,4745294,0.0,0.0
2022-12-12,5.456574440002441,5.560368986271432,5.330539729620073,5.456574440002441,5319529,0.0,0.0
2022-12-13,5.4714022116656915,5.6122651381623925,5.389850449520296,5.419505596160889,7822460,0.0,0.0
2022-12-14,5.4195060480298265,5.538127080017672,5.27864310978822,5.456574440002441,9500691,0.0,0.0
2022-12-15,5.448040778002121,5.78999968506121,5.4402686629887,5.642335891723633,6007478,0.275177,0.0
2022-12-16,5.735596492272366,5.922119469174903,5.673421862261202,5.789999008178711,12064360,0.0,0.0
2022-12-19,5.821087225191771,5.844403113639299,5.595704108245084,5.712282180786133,6121561,0.0,0.0
2022-12-20,5.727825034576697,5.898805629125892,5.657878739010342,5.782228469848633,5501372,0.0,0.0
2022-12-21,5.804766574228741,5.881707450342444,5.565394756734772,5.762021541595459,4678912,0.0,1.1
2022-12-22,5.744923866480729,5.762021788954941,5.531198237573725,5.65088415145874,6564096,0.0,0.0
2022-12-23,5.770569936961786,5.950098803795203,5.659433671634697,5.847510814666748,8910832,0.0,0.0
2022-12-26,5.84751087975354,5.890255913746637,5.5311981760832465,5.59959077835083,2978080,0.0,0.0
2022-12-27,5.616688518273092,5.642335629149348,5.3516691334942905,5.514100074768066,4734128,0.0,0.0
2022-12-28,5.5311980770577405,5.830412853087032,5.50555187893897,5.804766654968262,4183536,0.0,0.0
2022-12-29,5.83896247460866,5.941550462615133,5.753471951943501,5.796217441558838,7491344,0.0,0.0
2023-01-02,5.719276782243064,5.719276782243064,5.514100341860181,5.66798210144043,1670816,0.0,0.0
2023-01-03,5.710726859499845,5.779119459546867,5.4884529638918105,5.514100074768066,3374448,0.0,0.0
2023-01-04,5.539748003219193,5.744923990468953,5.4628071221419185,5.702178955078125,5067216,0.0,0.0
2023-01-05,5.7449237821790184,5.881707616531064,5.633786146313664,5.85606050491333,5298160,0.0,0.0
2023-01-06,5.864609158045217,5.941550029297389,5.770569453002212,5.821864128112793,4477200,0.0,0.0
2023-01-09,5.779119237381514,6.009941400132343,5.702178364276074,5.898805141448975,4746784,0.0,0.0
2023-01-10,5.864609964410547,6.052687117529172,5.804767005590031,6.027040004730225,4491424,0.0,0.0
2023-01-11,6.027039150388391,6.1125292098895105,5.907353249713015,6.0612359046936035,3623872,0.0,0.0
2023-01-12,6.018490874943044,6.155274696205548,5.941550004018228,6.0612359046936035,4687984,0.0,0.0
2023-01-13,6.001393644759748,6.061236601981805,5.838962695647661,5.9330010414123535,4744096,0.0,0.0
2023-01-16,5.890255820009958,5.941550499177112,5.770569909360159,5.830412864685059,1984192,0.0,0.0
2023-01-17,5.830413092818273,5.984295766644329,5.821864816326049,5.9415507316589355,3059280,0.0,0.0
2023-01-18,6.009941622457592,6.155275098357162,5.941550392206252,6.018491268157959,4785536,0.0,0.0
2023-01-19,5.9586487592752695,6.035589640977737,5.8817078775728024,6.001393795013428,4689888,0.0,0.0
2023-01-20,5.992843419863256,6.138176888950912,5.873157516978054,6.121078968048096,6939296,0.0,0.0
2023-01-23,6.138177500813599,6.326254649492391,6.112529932054557,6.1980204582214355,6147456,0.0,0.0
2023-01-24,6.198020596546802,6.326254790679646,5.958648761573237,6.292058944702148,11374160,0.0,0.0
2023-01-25,6.300607651732467,6.343352681114561,6.044137932005383,6.283509731292725,10625104,0.0,0.0
2023-01-26,6.300607949394406,6.411744209220445,6.1980199653438754,6.206568241119385,3411408,0.0,0.0
2023-01-27,6.198020242155821,6.198020242155821,5.984295532168522,6.078334331512451,3509968,0.0,0.0
2023-01-30,6.069785040539956,6.155275568724962,5.967197045909709,6.027040004730225,4214448,0.0,0.0
2023-01-31,6.078334477614013,6.488685528875355,6.078334477614013,6.4459404945373535,10919776,0.0,0.0
2023-02-01,6.454490032860712,6.488685420568599,6.274961165577051,6.386097431182861,7861056,0.0,0.0
2023-02-02,6.343353485230618,6.471587676501573,6.16382461300711,6.1980204582214355,5105296,0.0,0.0
2023-02-03,6.2151182004350884,6.30915654376226,6.095432289093294,6.112529754638672,3743824,0.0,0.0
2023-02-06,6.1467257060966185,6.266411619526461,6.061236550616206,6.172372817993164,4107824,0.0,0.0
2023-02-07,6.163824748192211,6.206568870799285,5.92445291331096,6.001393795013428,3893120,0.0,0.0
2023-02-08,6.0441389181074445,6.121079800921938,5.907354162576632,6.069785118103027,3861424,0.0,0.0
2023-02-09,6.078334443317978,6.095432365643601,5.873158005713928,5.890255928039551,3711120,0.0,0.0
2023-02-10,5.864609745930625,5.941550624895572,5.8133150656781165,5.881707668304443,4032672,0.0,0.0
2023-02-13,5.838962617628206,5.950098884461994,5.787667937520288,5.890255928039551,2440592,0.0,0.0
2023-02-14,5.907353602385336,5.950098634687798,5.676531432396152,5.753471851348877,3417680,0.0,0.0
2023-02-15,5.7705698815961695,5.933000824777323,5.702178650442575,5.813314914703369,5376560,0.0,0.0
2023-02-16,5.762021605479552,5.864609593623729,5.667981893451993,5.813314914703369,3542336,0.0,0.0
2023-02-17,5.753472014867964,5.856060460561937,5.72782490344447,5.847510814666748,6478080,0.0,0.0
2023-02-22,5.736374402502936,5.804766545693079,5.642335605111308,5.7449235916137695,5313728,0.0,0.0
2023-02-23,5.719276627245836,5.941550527596569,5.719276627245836,5.847510814666748,6662880,0.0,0.0
2023-02-24,5.847510633946955,5.924452422405035,5.479904635442507,5.488452911376953,6864144,0.0,0.0
2023-02-27,5.497002446034376,5.582492508701027,5.4029636510403565,5.428609848022461,4480112,0.0,0.0
2023-02-28,5.454257227113115,5.6166886281293795,5.377316806110493,5.573943138122559,11314464,0.0,0.0
2023-03-01,5.582493201835597,5.702179121803176,5.471355558691263,5.522650241851807,10064656,0.0,0.0
2023-03-02,5.514100671356847,5.616689125961256,5.462807357185758,5.565395355224609,4601968,0.0,0.0
2023-03-03,5.591041555744596,5.685081276842343,5.531198594935729,5.565395355224609,3062864,0.0,0.0
2023-03-06,5.616688790334388,5.710727136116172,5.514100341860181,5.66798210144043,10017168,0.0,0.0
2023-03-07,5.68508075353111,5.68508075353111,5.266180066428817,5.283277988433838,12238800,0.0,0.0
2023-03-08,5.300375894514206,5.548295991124891,5.274728326735459,5.539747714996338,13138720,0.0,0.0
2023-03-09,5.488453375345582,6.215118527545478,5.471355452334798,6.027040004730225,23653952,0.0,0.0
2023-03-10,6.001393329587168,6.035589172899487,5.702178559190618,5.7449235916137695,15104656,0.0,0.0
2023-03-13,5.63378635628537,5.744923996292833,5.420062092245645,5.437160015106201,7188496,0.0,0.0
2023-03-14,5.420061902530894,5.6594337273311925,5.274728421889327,5.326023101806641,13332592,0.0,0.0
2023-03-15,5.274728326216976,5.3174738159451715,5.137944950601219,5.291826248168945,10870496,0.0,0.0
2023-03-16,5.30892367033115,5.599590142412927,5.2576303658695815,5.531197547912598,11874800,0.0,0.0
2023-03-17,5.471355159368196,5.573943148505315,5.240532982799334,5.300375938415527,10540432,0.0,0.0
2023-03-20,5.3089238630469655,5.343120618103956,5.069552056433889,5.129395008087158,10826480,0.0,0.0
2023-03-21,5.1293952675766255,5.155042378601334,4.966965238493676,5.009709358215332,9271920,0.0,0.0
2023-03-22,5.009709181430138,5.018258826890685,4.847279158079104,4.89857292175293,9348752,0.0,0.0
2023-03-23,4.907122673132481,4.932768873060875,4.633554075918651,4.667750835418701,6826176,0.0,0.0
2023-03-24,4.684848365030439,4.744691319431495,4.5822603779764135,4.719044208526611,9687552,0.0,0.0
2023-03-27,4.778887105326996,4.855827523983255,4.607907433341471,4.684848308563232,7802704,0.0,0.0
2023-03-28,4.667750451129335,4.761789249184652,4.607907496627677,4.736141681671143,5970608,0.0,0.0
2023-03-29,4.778887295895856,4.795984761554155,4.659201383763593,4.787436485290527,4619888,0.0,0.0
2023-03-30,4.890023797422011,5.223435351378263,4.8472796746534925,5.197788238525391,10096912,0.0,0.0
2023-03-31,5.214885404549283,5.240532972490006,5.001161150496133,5.026808261871338,8671824,0.0,0.0
2023-04-03,5.052454488082885,5.086651245526475,4.898573188676408,5.043906211853027,5043696,0.0,0.0
2023-04-04,5.086651526192118,5.206337444455461,4.924220571896788,4.949866771697998,7368816,0.0,0.0
2023-04-05,4.941318171121209,4.966965282372487,4.736141737676493,4.7703375816345215,6450416,0.0,0.0
2023-04-06,4.761789321899414,4.795984709409743,4.710494642654612,4.761789321899414,5718048,0.0,0.0
2023-04-10,4.778886833596039,4.85582724787741,4.761788913026237,4.813082218170166,3643584,0.0,0.0
2023-04-11,4.872925781979687,5.163592294525002,4.872925781979687,5.15504264831543,6769280,0.0,0.0
2023-04-12,5.180690418358886,5.360219298763062,5.163592494972616,5.257631301879883,7545552,0.0,0.0
2023-04-13,5.27472872478194,5.291826648025849,5.120847415586753,5.249081611633301,5766992,0.0,0.0
2023-04-14,5.240532398223877,5.343120375917423,5.095198935212096,5.240532398223877,4935056,0.0,0.0
2023-04-17,5.231983651772868,5.266180411152456,5.120847379748028,5.2063374519348145,2787232,0.0,0.0
2023-04-18,5.231983195900064,5.231983195900064,4.915670504248544,4.975513458251953,5610528,0.0,0.0
2023-04-19,4.91567062024072,4.91567062024072,4.761789321899414,4.761789321899414,4528160,0.0,0.0
2023-04-20,4.787436205510226,4.89857292175293,4.71049441858575,4.89857292175293,5335008,0.0,0.0
2023-04-24,4.872925435960954,4.958415956634176,4.830180403907095,4.941318035125732,4892272,0.0,0.0
2023-04-25,4.907121998296488,4.915670273864833,4.744691065533417,4.8387298583984375,4739840,0.0,0.0
2023-04-26,4.847279441356659,4.864377363580479,4.701946417605904,4.787436485290527,5508608,0.0,0.0
2023-04-27,4.753239341101761,4.864376967930892,4.744691065533417,4.8387298583984375,6220368,0.0,0.0
2023-04-28,4.804534801224426,5.0353569984436035,4.804534801224426,5.0353569984436035,5746944,0.0,0.0
2023-05-02,5.009709190077886,5.0182588355531905,4.855827442225282,4.915670394897461,3745280,0.0,0.0
2023-05-03,4.907122129252379,5.1806897830142855,4.847279176456618,5.1635918617248535,6053936,0.0,0.0
2023-05-04,5.231983293568576,5.5824927481632205,5.231983293568576,5.539747714996338,7609056,0.0,0.0
2023-05-05,5.548295878923262,5.762021497001077,5.471355003405032,5.753471851348877,7600320,0.0,0.0
2023-05-08,5.770570031460807,5.933000978860374,5.727824997243497,5.881707668304443,3831968,0.0,0.0
2023-05-09,5.804766700077017,6.180922356213295,5.762021666517016,6.112529754638672,5566960,0.0,0.0
2023-05-10,6.112529526152473,6.283510110566744,6.027039462228088,6.2493133544921875,5937904,0.0,0.0
2023-05-11,6.232216250113537,6.232216250113537,6.044139089265583,6.155275821685791,4120704,0.0,0.0
2023-05-12,6.078334359404559,6.180922348507561,6.001393481718688,6.095432281494141,7813232,0.0,0.0
2023-05-15,6.1467254761866155,6.4031961289936,6.1467254761866155,6.30915641784668,5507376,0.0,0.0
2023-05-16,6.343353697984124,6.463039616814013,6.28351073856918,6.31770658493042,9480128,0.0,0.0
2023-05-17,6.35190115190264,6.6425676345825195,6.240764893907941,6.6425676345825195,9152976,0.0,0.0
2023-05-18,6.616920965382409,6.967429053364324,6.59982304327833,6.907586097717285,6640032,0.0,0.0
2023-05-19,6.984526743907758,7.24954566914852,6.933233435861584,7.044369697570801,6823264,0.0,0.0
2023-05-22,7.0016254353597125,7.275193087490585,6.967428679853739,7.223898410797119,4169984,0.0,0.0
2023-05-23,7.2751935844257405,7.565858721032617,7.172605593727973,7.21535062789917,6958336,0.0,0.0
2023-05-24,7.164055576266591,7.198252332335387,6.728056980830483,6.75370454788208,5454064,0.0,0.0
2023-05-25,6.84774276668671,7.052919190384743,6.84774276668671,6.941782474517822,5651856,0.0,0.0
2023-05-26,7.0529198699365265,7.43762473123514,6.9930769118041,7.343585014343262,6334272,0.0,0.0
2023-05-29,7.369232064970387,7.369232064970387,7.19825283826416,7.292291641235352,1725696,0.0,0.0
2023-05-30,7.369231773286419,7.4718202183806355,7.104212840967734,7.394879341125488,4955216,0.0,0.0
2023-05-31,7.394880080740049,7.63425192572646,7.369232510335783,7.565859317779541,5840464,0.0,0.0
2023-06-01,7.574408964479858,7.617154002022511,7.36068423333215,7.565859317779541,3731504,0.0,0.0
2023-06-02,7.6171530867582895,7.856524446416683,7.531663021945324,7.574408054351807,5895232,0.0,0.0
2023-06-05,7.557310196846769,7.719741138743872,7.52311344012652,7.625701427459717,4624144,0.0,0.0
2023-06-06,7.676995277404785,7.745386961269187,7.582956027243002,7.676995277404785,6082272,0.0,0.0
2023-06-07,7.694094886973063,7.779584962058371,7.4718209656906005,7.565859317779541,3242512,0.0,0.0
2023-06-09,7.617153293675309,7.66844706001716,7.386329747157664,7.420526504516602,5653312,0.0,0.0
2023-06-12,7.386329622723125,7.420526379505965,7.2495457915503465,7.369231700897217,4271008,0.0,0.0
2023-06-13,7.394879550150221,7.454722507103033,7.206801033204913,7.240997791290283,2749376,0.0,0.0
2023-06-14,7.266643890123795,7.463270680752588,7.240997691609403,7.4547224044799805,5838224,0.0,0.0
2023-06-15,7.437624639046488,7.600055588616265,7.326487000717963,7.540212631225586,2887024,0.0,0.0
2023-06-16,7.540212074356337,7.882171414277807,7.514564964064302,7.771034240722656,6096832,0.0,0.0
2023-06-19,7.7795847260999755,8.061701143506758,7.7539376130391595,7.976211071014404,4657632,0.0,0.0
2023-06-20,7.993308243592811,8.16428744962465,7.984758598443001,8.095895767211914,4868976,0.0,0.0
2023-06-21,8.087348146948864,8.130092726050119,7.9078192710876465,7.9078192710876465,3315872,0.0,0.0
2023-06-22,7.8479757431640556,7.873622854016764,7.4461725283566516,7.591506004333496,5722752,0.0,0.0
2023-06-23,7.591506040435998,7.685544382023623,7.4889175965372905,7.625701427459717,2382128,0.0,0.0
2023-06-26,7.591506210665936,7.651349166571745,7.352134387042701,7.437624454498291,2268224,0.0,0.0
2023-06-27,7.4803693405816745,7.497467262422217,6.958880669900336,7.0956645011901855,5015584,0.0,0.0
2023-06-28,7.095664515898466,7.164055746836889,6.8391947746276855,6.8391947746276855,5575248,0.0,0.0
2023-06-29,6.822096689972891,7.112762268060206,6.514332733852058,7.027271747589111,12307904,0.0,0.0
2023-06-30,7.352134815941584,7.506016124520627,7.104213331918154,7.1384100914001465,5291440,0.0,0.0
2023-07-03,7.138409626036845,7.275193459088849,7.070017024662566,7.164055824279785,5592496,0.0,0.0
2023-07-04,7.104212841030301,7.232448397399201,7.0956645648815675,7.146957874298096,2455152,0.0,0.0
2023-07-05,7.104213069553336,7.181154862415198,6.958880956212033,6.993076801300049,7221536,0.0,0.0
2023-07-06,6.924683828985672,6.950330939717749,6.779351723388926,6.80499792098999,6126848,0.0,0.0
2023-07-07,6.873390482198541,7.129859761822434,6.813547528535499,7.044369697570801,4013856,0.0,0.0
2023-07-10,6.975979328155518,7.104213527213787,6.967429681484441,6.975979328155518,1253392,0.0,0.0
2023-07-11,6.941782308122484,6.967428504409695,6.719508425151079,6.856292247772217,4992624,0.0,0.0
2023-07-12,6.924684084783564,6.933233730764088,6.5656263475329215,6.659666061401367,6353424,0.0,0.0
2023-07-13,6.719509376691108,6.796450259275643,6.55707842165018,6.608371734619141,3265584,0.0,0.0
2023-07-14,6.616921186136598,6.616921186136598,6.403196467857024,6.480137348175049,3194240,0.0,0.0
2023-07-17,6.403196528296564,6.59982332575759,6.351901846657822,6.531430721282959,2871008,0.0,0.0
2023-07-18,6.557078183849992,6.557078183849992,6.428842623250469,6.471587657928467,4391520,0.0,0.0
2023-07-19,6.437392127363659,6.471587515159936,6.377549171447754,6.377549171447754,1975232,0.0,0.0
2023-07-20,6.411744531219043,6.4801371327747415,6.309156542016531,6.3604512214660645,2797312,0.0,0.0
2023-07-21,6.394647331847967,6.565626560026429,6.30915680462766,6.514333248138428,3256848,0.0,0.0
2023-07-24,6.514333021138053,6.736606923155706,6.411744574674728,6.668214321136475,3623424,0.0,0.0
2023-07-25,6.787900151771511,6.822096908936136,6.599823009586752,6.625469207763672,3309264,0.0,0.0
2023-07-26,6.625469486542277,6.822097195988207,6.582725364550025,6.762254238128662,3948672,0.0,0.0
2023-07-27,6.7622540796258725,6.907586191194505,6.676764011383057,6.676764011383057,4578896,0.0,0.0
2023-07-28,6.753704942175481,6.762254131691797,6.642568217856543,6.70241117477417,1863792,0.0,0.0
2023-07-31,6.762253986545576,7.198252598077714,6.7537047972127615,7.155507564544678,9119600,0.0,0.0
2023-08-01,7.164055947701999,7.360683652768134,7.044370034648859,7.21535062789917,8630160,0.0,0.0
2023-08-02,7.215350973972442,7.215350973972442,6.993077059560506,7.1384100914001465,3523296,0.0,0.0
2023-08-03,7.317938210039813,7.6086033304189895,7.0700167517488985,7.5145649909973145,8703296,0.0,0.0
2023-08-04,7.497467449017904,8.087347821742254,7.480369526751832,7.993309020996094,11707136,0.0,0.0
2023-08-07,8.027505084455395,8.181386845612252,7.805230719237991,8.13009262084961,5572560,0.0,0.0
2023-08-08,7.950562976923531,7.984758819074785,7.668446594327447,7.694093704223633,4739056,0.0,0.0
2023-08-09,7.625701634342274,7.745387546717122,7.557310401873897,7.72829008102417,3417792,0.0,0.0
2023-08-10,7.822328780238358,7.933465958324789,7.59150614789545,7.685544490814209,4030096,0.0,0.0
2023-08-11,7.685544455036564,7.7795841672141,7.540212346684436,7.651349067687988,4764592,0.0,0.0
2023-08-14,7.582956780355283,7.736838997464195,7.4547225886565105,7.557310581207275,5159168,0.0,0.0
2023-08-15,7.6086042423002365,7.6086042423002365,7.420527084350586,7.480370044708252,2968896,0.0,0.0
2023-08-16,7.454722279859498,7.651349067201284,7.352134291558237,7.403427600860596,4492992,0.0,0.0
2023-08-17,7.497467300289533,7.540212333389535,7.0871148912164035,7.129859924316406,5284160,0.0,0.0
2023-08-18,7.087114855421647,7.172605377755381,6.984526867812882,7.0956645011901855,4772544,0.0,0.0
2023-08-21,7.112763173884863,7.138410287635852,6.933234290759055,6.975979328155518,3407600,0.0,0.0
2023-08-22,7.03582239151001,7.164056592433017,6.984527706696561,7.03582239151001,2323104,0.0,0.0
2023-08-23,7.0871148109436035,7.138409489274332,6.958880626227078,7.0871148109436035,2660224,0.0,0.0
2023-08-24,7.112762561297581,7.112762561297581,6.899037849287885,6.924684047698975,2437120,0.0,0.0
2023-08-25,6.907586300805259,6.967429258211723,6.685312393786172,6.736607074737549,3743488,0.0,0.0
2023-08-28,6.762254065785001,6.99307670168953,6.753704876352008,6.950331211090088,2497376,0.0,0.0
2023-08-29,6.984527260317933,7.078566977139384,6.924684302230323,7.052919864654541,2006368,0.0,0.0
2023-08-30,7.0871151298806,7.335036604148876,7.078566853477552,7.26664400100708,4447296,0.0,0.0
2023-08-31,7.266643631339837,7.266643631339837,6.745154966992149,6.80499792098999,5162416,0.0,0.0
2023-09-01,6.839195048829718,7.027272197006066,6.7195091343337845,7.01017427444458,5390560,0.0,0.0
2023-09-04,6.99307670168953,7.05291965802391,6.8819399784537625,6.950331211090088,2007936,0.0,0.0
2023-09-05,6.881939963970649,6.907586162519085,6.5656263475329215,6.659666061401367,20136256,0.0,0.0
2023-09-06,6.685312500625231,6.685312500625231,6.463039503185027,6.522882461547852,5331424,0.0,0.0
2023-09-08,6.514333271825074,6.599823342790692,6.368999785931093,6.522882461547852,3546480,0.0,0.0
2023-09-11,6.582725087569956,6.659665964928297,6.4117444977054445,6.625469207763672,2633792,0.0,0.0
2023-09-12,6.616921322069574,6.899038193408283,6.574176286222431,6.847743511199951,3125024,0.0,0.0
2023-09-13,6.839194971591603,7.155507676820662,6.770802368986986,6.967429161071777,6673184,0.0,0.0
2023-09-14,6.993076540047652,7.095664528044675,6.864840984344482,6.864840984344482,4093936,0.0,0.0
2023-09-15,7.078567042092638,7.249546271675385,6.830645561218262,6.830645561218262,10111136,0.0,0.0
2023-09-18,6.839194893399929,7.0016258388908845,6.762254015339059,6.924684047698975,4633216,0.0,0.0
2023-09-19,6.924684393098592,6.941783229255426,6.762254352636751,6.847743511199951,4066272,0.0,0.0
2023-09-20,6.890488282131252,7.087115074216044,6.787900291355377,6.967429161071777,5024432,0.0,0.0
2023-09-21,6.796449645021808,6.924683828985672,6.728057045359267,6.80499792098999,5324032,0.0,0.0
2023-09-22,6.839194913053509,6.856292835275556,6.651116398914428,6.668214321136475,4286688,0.0,0.0
2023-09-25,6.634019011880968,6.830645348047585,6.616921089456285,6.710959434509277,4215568,0.0,0.0
2023-09-26,6.693861853752224,6.719508965231787,6.591273407833968,6.634018898010254,3223696,0.0,0.0
2023-09-27,6.685311957726441,6.69386160332046,6.420293946324931,6.49723482131958,5357968,0.0,0.0
2023-09-28,6.488685336123374,6.659665924961783,6.480137060014551,6.5827250480651855,5017488,0.0,0.0
2023-09-29,6.71095923413883,6.753704723772567,6.531430369191598,6.5827250480651855,4247376,0.0,0.0
2023-10-02,6.58272510495488,6.599823027016831,6.317706171580834,6.368999481201172,5107984,0.0,0.0
2023-10-03,6.309156938491789,6.5827255356439025,6.274961548696096,6.31770658493042,5636848,0.0,0.0
2023-10-04,6.360450912645989,6.548528046682068,6.343352991369982,6.454489707946777,3150336,0.0,0.0
2023-10-05,6.4544900213327345,6.497235054880908,6.283510343705561,6.3604512214660645,2308656,0.0,0.0
2023-10-06,6.266412097540439,6.292059211393394,6.035589899126077,6.155275821685791,6276816,0.0,0.0
2023-10-09,6.086882241947361,6.155274839013601,5.967196338495162,6.138176918029785,4855984,0.0,0.0
2023-10-10,6.172372993961681,6.2835106342036475,6.1467258813339605,6.257863521575928,4001088,0.0,0.0
2023-10-11,6.274961847302977,6.3433539998455855,6.17237339020628,6.215118885040283,3479392,0.0,0.0
2023-10-13,6.146725394566784,6.146725394566784,5.950098611978319,5.98429536819458,5141248,0.0,0.0
2023-10-16,6.044138830751585,6.069785030376504,5.907354077197721,6.001393795013428,4640720,0.0,0.0
2023-10-17,5.93300093419851,6.027039734829381,5.847510866407434,5.873157978057861,4494336,0.0,0.0
2023-10-18,5.84751064847499,5.8988053264296525,5.7192764646986145,5.753471851348877,7932736,0.0,0.0
2023-10-19,5.762021348435892,5.813314655371517,5.642335443701125,5.659433364868164,6517504,0.0,0.0
2023-10-20,5.625238418579102,5.719277228260019,5.556846266451256,5.625238418579102,7475664,0.0,0.0
2023-10-23,5.582493011961273,5.796217731329633,5.539747976774494,5.6850810050964355,6568016,0.0,0.0
2023-10-24,5.744923866480729,5.762021788954941,5.599590840601631,5.65088415145874,5453952,0.0,0.0
2023-10-25,5.642335315939515,5.702178266951851,5.548295610236443,5.608138561248779,4838176,0.0,0.0
2023-10-26,5.608139238026549,5.7791198361554,5.5739433923401025,5.702178955078125,5089952,0.0,0.0
2023-10-27,5.693628667338648,5.796217105970996,5.58249240966157,5.616688251495361,5632144,0.0,0.0
2023-10-30,5.67653139619281,5.84751061118119,5.58249259966645,5.719276428222656,9562000,0.0,0.0
2023-10-31,5.770570004295632,6.009941829533295,5.685080849394506,5.864609718322754,8447824,0.0,0.0
2023-11-01,5.924452685821846,5.950098884461994,5.770570015194665,5.890255928039551,6054272,0.0,0.0
2023-11-03,6.044138471522728,6.368999445441341,6.044138471522728,6.334804058074951,9080960,0.0,0.0
2023-11-06,6.360451232826086,6.4459403869440814,6.32625447542164,6.386097431182861,5244960,0.0,0.0
2023-11-07,6.368999188435748,6.497234739419543,6.351901267159741,6.454489707946777,4592784,0.0,0.0
2023-11-08,6.155275405430789,6.155275405430789,5.66798210144043,5.66798210144043,26850432,0.0,0.0
2023-11-09,5.67653200850568,5.779120005130112,5.4884534820344095,5.522650241851807,13191920,0.0,0.0
2023-11-10,5.5397477604124195,5.915903416173076,5.5397477604124195,5.847510814666748,11074672,0.0,0.0
2023-11-13,5.813315014506759,5.873157970571124,5.7449237821790184,5.85606050491333,4162928,0.0,0.0
2023-11-14,5.873157958659735,6.198020306505959,5.864609682413696,6.129627704620361,9278976,0.0,0.0
2023-11-16,6.121079171736613,6.266411275963964,6.086882415662057,6.2493133544921875,7660464,0.0,0.0
2023-11-17,6.249313272520897,6.334803791889417,6.112529445975355,6.206568241119385,5167456,0.0,0.0
2023-11-20,6.240765106997784,6.317705982253583,6.112529553962279,6.266411304473877,3225488,0.0,0.0
2023-11-21,6.266411538694994,6.274961184637594,6.078334394619965,6.129627704620361,2556400,0.0,0.0
2023-11-22,6.138177121134884,6.3946468575093816,6.138177121134884,6.266411304473877,4170544,0.0,0.0
2023-11-23,6.257863343170157,6.326254576241382,6.138177429740315,6.172372817993164,2650032,0.0,0.0
2023-11-24,6.1638243815038125,6.1638243815038125,6.035589281918096,6.086882591247559,3697456,0.0,0.0
2023-11-27,6.078333825280732,6.1296271304766385,5.984295033768787,6.0612359046936035,3238032,0.0,0.0
2023-11-28,6.06123604531987,6.1638240277882534,6.00139309359377,6.138176918029785,3344096,0.0,0.0
2023-11-29,6.146725654602051,6.300608324692161,6.146725654602051,6.146725654602051,2591456,0.0,0.0
2023-11-30,6.215117886591381,6.274960839240399,6.112529445975355,6.206568241119385,2916032,0.0,0.0
2023-12-01,6.2493130735973,6.394646540988688,6.1638239266464945,6.351901054382324,2971584,0.0,0.0
2023-12-04,6.326255058820296,6.360451819378319,6.146726174980724,6.155275821685791,2779952,0.0,0.0
2023-12-05,6.1894710196619,6.3689998979067335,6.172373096481279,6.31770658493042,3083808,0.0,0.0
2023-12-06,6.36899976447968,6.4288427226409475,6.215118459077827,6.240765571594238,2315264,0.0,0.0
2023-12-07,6.317706136108998,6.420294124470229,6.2920585683117976,6.334804058074951,2469600,0.0,0.0
2023-12-08,6.37754940903012,6.531430714390736,6.283510605249198,6.514333248138428,3884832,0.0,0.0
2023-12-11,6.522882000365982,6.539979922037138,6.274960994720459,6.274960994720459,3100720,0.0,0.0
2023-12-12,6.274961444472561,6.368999792121276,6.240765598679294,6.257863521575928,1885296,0.0,0.0
2023-12-13,6.292059014409144,6.642568494106573,6.28351073766838,6.608371734619141,4382896,0.0,0.0
2023-12-14,6.753704825969843,7.13840967283971,6.73660690379693,6.924684047698975,8565424,0.0,0.0
2023-12-15,6.975978552660019,7.010173939584022,6.813547611236572,6.813547611236572,4048464,0.0,0.0
2023-12-18,6.881940347812017,7.070017503211328,6.856293234702063,6.890488624572754,3620624,0.0,0.0
2023-12-19,6.924684002297397,7.3008405704628245,6.924684002297397,7.164055824279785,4673312,0.0,0.0
2023-12-20,7.186263828230695,7.256458587120298,7.063421711508803,7.098519325256348,4089232,0.19224,0.0
2023-12-21,7.195037353695014,7.300331129586691,7.124842596513339,7.265233516693115,3250576,0.0,0.0
2023-12-22,7.300331141016243,7.335428285359292,7.133616307997061,7.195037364959717,2775472,0.0,0.0
2023-12-26,7.177489527301759,7.2213617808476815,7.080970850664036,7.159940719604492,1866928,0.0,0.0
2023-12-27,7.177489310146699,7.177489310146699,7.063421829262822,7.072195529937744,2769312,0.0,0.0
2023-12-28,7.0370985111501945,7.1599406321358865,6.9844511514905365,7.080970764160156,2558528,0.0,0.0
2024-01-02,7.019549179945312,7.072195129860596,6.7826386564827885,6.826510906219482,4019232,0.0,0.0
2024-01-03,6.791413797525853,6.870383660017251,6.7212176352583235,6.756316184997559,2597728,0.0,0.0
2024-01-04,6.729992807644252,6.729992807644252,6.519405724582064,6.545729637145996,3423504,0.0,0.0
2024-01-05,6.519405895858336,6.765090129643902,6.457984837411945,6.70366907119751,5133296,0.0,0.0
2024-01-08,6.686120603006334,7.142391447916628,6.668571796449089,7.0897440910339355,4403616,0.0,0.0
2024-01-09,7.072195074374543,7.186263485121567,6.984450575589568,7.037097930908203,4624032,0.0,0.0
2024-01-10,7.080970820796307,7.098519628419552,6.905481338747329,6.940579891204834,2600080,0.0,0.0
2024-01-11,6.9493531342706225,6.993225853346574,6.765089963457916,6.8703837394714355,1804656,0.0,0.0
2024-01-12,6.84406013752634,7.107293183692315,6.84406013752634,7.00200080871582,3741248,0.0,0.0
2024-01-15,7.0020005631637625,7.080970427383623,6.914256061317037,7.019549369812012,3153696,0.0,0.0
2024-01-16,6.94057935367931,6.966901860167325,6.694895128770308,6.756316184997559,3960544,0.0,0.0
2024-01-17,6.756316182017455,6.7650898822374534,6.580826713636977,6.721217632293701,3708880,0.0,0.0
2024-01-18,6.747541722641659,6.782638867475151,6.519405829471877,6.589601993560791,3413424,0.0,0.0
2024-01-19,6.572053393209877,6.668572067500574,6.431661529229096,6.642248153686523,4396672,0.0,0.0
2024-01-22,6.6773454511218615,6.703668895080319,6.449210967438951,6.545729637145996,1872640,0.0,0.0
2024-01-23,6.589602060662051,6.721217878095695,6.536954702756521,6.70366907119751,2208304,0.0,0.0
2024-01-24,6.7212175286674904,6.800187389906516,6.659796473414308,6.712443828582764,2747696,0.0,0.0
2024-01-25,6.756316274405317,6.83528613794174,6.694895217365269,6.800187587738037,2876944,0.0,0.0
2024-01-26,6.800187819877931,6.887932323960637,6.756316505047563,6.852835178375244,3094672,0.0,0.0
2024-01-29,6.861608301321143,6.870383407038308,6.615924085458642,6.738766193389893,2689792,0.0,0.0
2024-01-30,6.729992741298602,6.791413797525853,6.642247772766925,6.756316184997559,2923424,0.0,0.0
2024-01-31,6.756316171568566,7.098519064552943,6.756316171568566,6.7914137840271,5710992,0.0,0.0
2024-02-01,6.808963013965014,6.940579771782978,6.765090292753528,6.93180513381958,2129120,0.0,0.0
2024-02-02,6.923029860333054,6.984450918779445,6.70366907119751,6.70366907119751,2679376,0.0,0.0
2024-02-05,6.712444200704639,6.738766708234467,6.563278638647395,6.668571949005127,2261616,0.0,0.0
2024-02-06,6.694894992553436,6.905480663438547,6.686120355297159,6.817737102508545,1799168,0.0,0.0
2024-02-07,6.791413887398066,6.90548089532176,6.756316274405317,6.800187587738037,2422784,0.0,0.0
2024-02-08,6.773865236001225,6.800187743440271,6.642248012751119,6.70366907119751,5629792,0.0,0.0
2024-02-09,6.712444215769749,6.756316467567726,6.633474349975586,6.633474349975586,1601488,0.0,0.0
2024-02-14,6.598375223904381,6.624699135016362,6.440435974681537,6.519405364990234,3834992,0.0,0.0
2024-02-15,6.519405879415682,6.580826937707163,6.396563762832721,6.449211120605469,3635632,0.0,0.0
2024-02-16,6.4579846814821105,6.580826795408836,6.449210981153093,6.510632038116455,3815392,0.0,0.0
2024-02-19,6.528181090064744,6.528181090064744,6.343917912245959,6.457984924316406,3691632,0.0,0.0
2024-02-20,6.405338837745922,6.8791584948994755,6.387790030978085,6.844059944152832,5652752,0.0,0.0
2024-02-21,6.835286473955853,7.028323354905422,6.791414221255475,6.861608982086182,4161584,0.0,0.0
2024-02-22,6.905481367874838,7.186264165453148,6.905481367874838,7.159940719604492,5364800,0.0,0.0
2024-02-23,7.159940502980371,7.256458708092426,7.0195495770442555,7.072195529937744,3323600,0.0,0.0
2024-02-26,7.04587226198411,7.098519622017378,6.6510233879089355,6.6510233879089355,5336688,0.0,0.0
2024-02-27,6.712444483204901,7.2213617808476815,6.712444483204901,7.159940719604492,6148016,0.0,0.0
2024-02-28,7.098518922156593,7.247684475021304,7.089743816309785,7.212585926055908,3407152,0.0,0.0
2024-02-29,7.195037634460385,7.317879752986929,7.072195515933841,7.142391681671143,2782192,0.0,0.0
2024-03-01,7.168713668214364,7.282782077789307,7.124842356483595,7.282782077789307,2201584,0.0,0.0
2024-03-04,7.2827819819587,7.423172895561493,7.151164768260061,7.203812122344971,2047472,0.0,0.0
2024-03-05,7.203812427220782,7.405624403353613,7.124842564264934,7.3705267906188965,3268832,0.0,0.0
2024-03-06,7.414398331275004,7.458270582843156,7.028323173522949,7.028323173522949,4145008,0.0,0.0
2024-03-07,7.019548957699241,7.019548957699241,6.668571439523461,6.738766193389893,7088032,0.0,0.0
2024-03-08,6.694895208929548,7.265233528067719,6.686120571389679,7.195037364959717,4894176,0.0,0.0
2024-03-11,7.124842977213627,7.33542866582726,7.080970724449703,7.15116548538208,2350768,0.0,0.0
2024-03-12,7.230135299624337,7.475819538407064,7.203812791649897,7.32665491104126,6362160,0.0,0.0
2024-03-13,7.283632692597338,7.540284868459723,7.283632692597338,7.469484806060791,2469376,0.063739,0.0
2024-03-14,7.504884109586571,7.549135150062281,7.212830740029763,7.265932083129883,1862336,0.0,0.0
2024-03-15,7.239382011330918,7.345583284923616,7.062380203773994,7.168580532073975,5787824,0.0,0.0
2024-03-18,7.159731135127993,7.32788311134263,7.115480565319262,7.292481899261475,2800112,0.0,0.0
2024-03-19,7.292481799576515,7.398683071136475,7.150880261712018,7.398683071136475,2774576,0.0,0.0
2024-03-20,7.354432439995996,7.44293357765836,7.115480408129574,7.380982875823975,3974320,0.0,0.0
2024-03-21,7.354432520740258,7.389833732428027,7.2128309825136405,7.336732387542725,1639008,0.0,0.0
2024-03-22,7.3455829866592035,7.3455829866592035,7.018129348754883,7.018129348754883,2778720,0.0,0.0
2024-03-25,7.018129247868235,7.053529512904051,6.814577014942796,6.858826637268066,4268544,0.0,0.0
2024-03-26,6.823426888854282,6.849977798610892,6.717225613059687,6.734925746917725,4660992,0.0,0.0
2024-03-27,6.832277280227693,6.938478550045209,6.68182544193235,6.894227981567383,4636352,0.0,0.0
2024-03-28,6.885377089125581,6.885377089125581,6.779175821113331,6.796875953674316,2380784,0.0,0.0
2024-04-01,6.7880268476651136,6.823426641451299,6.637574533710953,6.664125442504883,5553968,0.0,0.0
2024-04-02,6.6552742538343095,6.708375595479818,6.575623422981853,6.681825160980225,3618048,0.0,0.0
2024-04-03,6.699525318349251,6.699525318349251,6.513673208332523,6.619874954223633,4633776,0.0,0.0
2024-04-04,6.6641253802432825,6.779176008750957,6.59332390274699,6.646425247192383,3872064,0.0,0.0
2024-04-05,6.619874785396331,6.67297471169496,6.504823684692383,6.504823684692383,3305792,0.0,0.0
2024-04-08,6.593324024715623,7.097780425553014,6.593324024715623,6.885377407073975,6370448,0.0,0.0
2024-04-09,6.956178885880011,7.000429455649016,6.796876267535964,6.885377407073975,2651264,0.0,0.0
2024-04-10,6.867677806475094,6.894228243098243,6.619874991715998,6.699525356292725,6722912,0.0,0.0
2024-04-11,6.672974781307019,6.779176052951197,6.619874854454456,6.726076126098633,2548224,0.0,0.0
2024-04-12,6.681825505994242,6.699525166379457,6.416322565228117,6.442873001098633,7182224,0.0,0.0
2024-04-15,6.646425390696411,6.94732813170489,6.575623911671432,6.619874954223633,8180592,0.0,0.0
2024-04-16,6.540223644269387,6.566774078821253,6.354371547698975,6.354371547698975,6415920,0.0,0.0
2024-04-17,6.380922398816779,6.4605732350259,6.310121392938474,6.336671829223633,3447360,0.0,0.0
2024-04-18,6.336671678158551,6.487122571366547,6.29242110962033,6.363221168518066,4235616,0.0,0.0
2024-04-19,6.363221239129752,6.495973418863887,6.301270537018054,6.380922317504883,4004224,0.0,0.0
2024-04-22,6.389772021470843,6.434023065545335,6.301270878614606,6.345521450042725,2757328,0.0,0.0
2024-04-23,6.318971615393185,6.442873019616581,6.177369132794658,6.380922317504883,3531136,0.0,0.0
2024-04-24,6.380922543741231,6.434022944871217,6.301270760430338,6.310121536254883,3709440,0.0,0.0
2024-04-25,6.3012705743158675,6.318971652795772,6.133119545360603,6.257020950317383,3406256,0.0,0.0
2024-04-26,6.310121146834166,6.513672908260373,6.301270371555835,6.469422340393066,3107104,0.0,0.0
2024-04-29,6.469422473436377,6.566774386451358,6.442872982933408,6.504823684692383,2693152,0.0,0.0
2024-04-30,6.478273348786163,6.504823784991208,6.36322130101552,6.398622512817383,4261600,0.0,0.0
2024-05-02,6.504823710138838,6.717225306749635,6.504823710138838,6.646425247192383,5125456,0.0,0.0
2024-05-03,6.690675865280791,7.026978868364123,6.690675865280791,6.929628372192383,5860960,0.0,0.0
2024-05-06,6.841126350038815,6.947327615390864,6.664125028862603,6.681825160980225,4159904,0.0,0.0
2024-05-07,6.788026720488054,6.796876077960864,6.60217461622974,6.628725051879883,2666272,0.0,0.0
2024-05-08,6.575623794346305,6.823426603280539,6.504823734523644,6.788026809692383,6716864,0.0,0.0
2024-05-09,6.602174702991707,6.849977511925942,6.442873032290085,6.788026809692383,4156880,0.0,0.0
2024-05-10,6.690676101972472,6.805727208041545,6.584474826483746,6.593324184417725,2870000,0.0,0.0
2024-05-13,6.664125166385257,6.770326433928903,6.602174466371991,6.655274391174316,1953056,0.0,0.0
2024-05-14,6.690675601432751,6.770326433928903,6.59332369116105,6.655274391174316,2691248,0.0,0.0
2024-05-15,6.681825695405772,6.761476059982499,6.63757465260295,6.699525356292725,1917216,0.0,0.0
2024-05-16,6.726075849957372,6.76147564219028,6.611023807484017,6.717225074768066,1705424,0.0,0.0
2024-05-17,6.708376302946238,6.814577579498291,6.575624116448208,6.814577579498291,2483600,0.0,0.0
2024-05-20,6.796876051871743,7.000429233526072,6.6818254248863145,6.956178665161133,3678080,0.0,0.0
2024-05-21,6.94732797027711,6.991579011801095,6.841126699500044,6.911928176879883,2524704,0.0,0.0
2024-05-22,6.867677767579272,6.867677767579272,6.611024178537564,6.619874954223633,2146144,0.0,0.0
2024-05-23,6.637574672698975,6.681825715635771,6.504823907120391,6.637574672698975,2501856,0.0,0.0
2024-05-24,6.63757479549526,6.779176339456488,6.602175000312915,6.672975063323975,2547664,0.0,0.0
2024-05-27,6.717225243656778,6.726076019068616,6.61102397370255,6.628725051879883,1080800,0.0,0.0
2024-05-28,6.69952486729812,6.708375642388303,6.442872713474805,6.495973110198975,2526384,0.0,0.0
2024-05-29,6.513673182346151,6.513673182346151,6.274721145629883,6.274721145629883,2201808,0.0,0.0
2024-05-31,6.22161990218685,6.372072219848633,6.22161990218685,6.372072219848633,6311536,0.0,0.0
2024-06-03,6.372071727151583,6.549073049990165,6.168519496917725,6.168519496917725,3660160,0.0,0.0
2024-06-04,6.133119248141286,6.257020647093635,6.080017905860335,6.106568813323975,3941504,0.0,0.0
2024-06-05,6.088869318788133,6.195070596535364,5.991517399163072,6.018067836761475,4395328,0.0,0.0
2024-06-06,6.044618585312218,6.380922543741231,5.973817105179506,6.310121536254883,3446240,0.0,0.0
2024-06-07,6.221619543337116,6.301270376502259,6.133119352825703,6.203919410705566,3440416,0.0,0.0
2024-06-10,6.186220309576885,6.274721453376069,6.115418827361882,6.159669399261475,3741584,0.0,0.0
2024-06-11,6.159669280606463,6.203919851653647,6.097718575669679,6.124269485473633,1716288,0.0,0.0
2024-06-12,6.20391974629425,6.230470655647298,5.823366165161133,5.823366165161133,4458720,0.0,0.0
2024-06-13,5.805664855660968,5.938417033921083,5.779115365301631,5.894165992736816,2828896,0.0,0.0
2024-06-14,5.894166116844625,6.018067522301148,5.8145157535041205,5.929566383361816,1586928,0.0,0.0
2024-06-17,5.8941662268707855,5.911866360459789,5.779115594865444,5.823366165161133,1696912,0.0,0.0
2024-06-18,5.823365933839555,5.90301676814928,5.76141523241573,5.894165992736816,2399600,0.0,0.0
2024-06-19,5.894166116844625,6.000367861688905,5.761415353728332,5.929566383361816,1741936,0.0,0.0
2024-06-20,5.982667602459006,6.115418362780093,5.867615557084793,5.894165992736816,1913632,0.0,0.0
2024-06-21,5.8587660159675625,5.947267150269331,5.779115184154502,5.841065883636475,3760736,0.0,0.0
2024-06-24,5.894165854865416,6.044618162492177,5.858766062567999,5.920716762542725,2675008,0.0,0.0
2024-06-25,5.885316869045826,5.911866360459789,5.787964952690404,5.823366165161133,2874592,0.0,0.0
2024-06-26,5.805664873409874,5.841066084582589,5.708313905916628,5.832215309143066,4457264,0.0,0.0
2024-06-27,5.841066494926718,6.018067836761475,5.805665281267012,6.018067836761475,2816016,0.0,0.0
2024-06-28,6.018067067687825,6.062318106461057,5.796815182345883,5.805664539337158,2533888,0.0,0.0
2024-07-01,5.805665106726191,5.885316889773133,5.7083141353206335,5.761415481567383,3806096,0.0,0.0
2024-07-02,5.779115544744268,5.849915605839885,5.672914271484949,5.743714332580566,6491520,0.0,0.0
2024-07-03,5.805664673681643,5.920716715449535,5.787964541350554,5.841065883636475,2670976,0.0,0.0
2024-07-04,5.885316740389506,6.062318545056543,5.885316740389506,5.991517066955566,3380944,0.0,0.0
2024-07-05,5.964967359641235,6.080017984956085,5.8764662241964265,6.062318325042725,2415168,0.0,0.0
2024-07-08,6.062318325042725,6.106568892765129,5.973816716951582,6.062318325042725,2766960,0.0,0.0
2024-07-09,6.044618277919331,6.221619606018066,5.938417008413749,6.221619606018066,4207392,0.0,0.0
2024-07-10,6.2835702438707095,6.292421019155988,6.088868784923659,6.203919410705566,3398080,0.0,0.0
2024-07-11,6.248170514202387,6.292421082550241,6.195070115772767,6.221619606018066,2347632,0.0,0.0
2024-07-12,6.248170282137835,6.354371547698975,6.186219583281031,6.354371547698975,1821008,0.0,0.0
2024-07-15,6.39862241615427,6.469422475456666,6.2304704438064915,6.239319801330566,2939328,0.0,0.0
2024-07-16,6.230470575900577,6.363221339795784,6.230470575900577,6.274721145629883,1889664,0.0,0.0
2024-07-17,6.2127699362561435,6.274720634299504,6.124268804009537,6.133119106292725,2859808,0.0,0.0
2024-07-18,6.071169184604656,6.124269587155084,5.973817264979597,6.018067836761475,4893952,0.0,0.0
2024-07-19,6.018067750814072,6.292421481002066,6.0003680895297515,6.265870571136475,5013120,0.0,0.0
2024-07-22,6.257020765475797,6.41632243210098,6.24817046282047,6.407471656799316,2203152,0.0,0.0
2024-07-23,6.398622757232578,6.407472115228367,6.265870571136475,6.265870571136475,2790928,0.0,0.0
2024-07-24,6.239319953193599,6.292421298740314,6.150819758749951,6.212770462036133,5106976,0.0,0.0
2024-07-25,6.195070177832121,6.380922283167084,6.16851974202817,6.239319801330566,3312400,0.0,0.0
2024-07-26,6.221619632783566,6.380922246696771,6.115418362821105,6.363221168518066,2959600,0.0,0.0
2024-07-29,6.336671553130957,6.398622253332861,6.2835702102279445,6.327820777893066,1472240,0.0,0.0
2024-07-30,6.301270555484129,6.372072033314052,6.248170628727559,6.318971633911133,1542912,0.0,0.0
2024-07-31,6.28357023893818,6.513672908260373,6.28357023893818,6.469422340393066,2893744,0.0,0.0
2024-08-01,6.51367335386479,6.549073621521855,6.186220169067383,6.186220169067383,3115504,0.0,0.0
2024-08-02,6.195070290113377,6.372072095839608,6.159669078204694,6.336671829223633,3583776,0.0,0.0
2024-08-05,6.133119369741138,6.239319693177008,6.071168669036682,6.141968727111816,3188080,0.0,0.0
2024-08-06,6.221619543337116,6.248170451253945,6.11541827490148,6.203919410705566,2500960,0.0,0.0
2024-08-07,6.248170490048349,6.60217456281634,6.239319714708116,6.549073219299316,5286400,0.0,0.0
2024-08-08,6.637574324089525,7.11548026906777,6.637574324089525,6.938478469848633,15085056,0.0,0.0
2024-08-09,6.947327777387387,7.195130578104948,6.80572671714459,7.124330520629883,7480480,0.0,0.0
2024-08-12,7.124330756859228,7.159731023093734,6.788026809692383,6.788026809692383,4243568,0.0,0.0
2024-08-13,6.779176134157633,6.947328110221311,6.743776340047327,6.885377407073975,2600080,0.0,0.0
2024-08-14,6.920777508171247,6.965028076881047,6.770326614379883,6.770326614379883,2112208,0.0,0.0
2024-08-15,6.823426937520873,6.9296286867192975,6.6818258656466325,6.814577579498291,3379040,0.0,0.0
2024-08-16,6.788026871725875,6.903077501716251,6.699525260038127,6.805727005004883,3654000,0.0,0.0
2024-08-19,6.8057266558991785,7.4340839546267725,6.796875880744153,7.372133255004883,9640736,0.0,0.0
2024-08-20,7.3898335301418445,7.4252337955678795,7.1862812949726385,7.345582962036133,3722544,0.0,0.0
2024-08-21,7.336732303520829,7.389833647798003,7.133180065110796,7.177431106567383,4264848,0.0,0.0
2024-08-22,7.150880418655255,7.248232334745228,7.026979011223713,7.106629848480225,2251872,0.0,0.0
2024-08-23,7.115480390691438,7.504884261100286,7.088929482282183,7.442933559417725,5727568,0.0,0.0
2024-08-26,7.469484346304557,7.566834839676611,7.310182679611492,7.407533645629883,2776816,0.0,0.0
2024-08-27,7.380983397906379,7.4783343726331415,7.133180573040888,7.257081985473633,3114720,0.0,0.0
2024-08-28,7.212831413512455,7.327883467787172,7.08893000107971,7.257081985473633,2380672,0.0,0.0
2024-08-29,7.177431143629815,7.230531070242146,7.000429340121204,7.053529739379883,3500896,0.0,0.0
2024-08-30,6.973878713573075,7.265932083129883,6.894227880538734,7.265932083129883,11271344,0.0,0.0
2024-09-02,7.274781410814688,7.274781410814688,7.071229177746168,7.124330520629883,1962240,0.0,0.0
2024-09-03,7.106629960552411,7.239382145817378,6.973879193226548,7.000429630279541,2044336,0.0,0.0
2024-09-04,7.0712291614260625,7.265932036749542,7.044678726368649,7.186281204223633,4918256,0.0,0.0
2024-09-05,7.1331799578886,7.177430998680029,7.026978688869651,7.080080032348633,2196432,0.0,0.0
2024-09-06,7.071229228455064,7.106629493769625,6.858826691275031,6.938478469848633,2350992,0.0,0.0
2024-09-09,6.876527866566395,6.956178700974829,6.832277297973633,6.832277297973633,1850352,0.0,0.0
2024-09-10,6.832277324024683,7.053529695185771,6.76147584683069,6.973878860473633,2185232,0.0,0.0
2024-09-11,6.982728217991778,7.035829562210446,6.947327952041127,6.973878860473633,1162448,0.0,0.0
2024-09-12,6.982728236320683,7.000429314635162,6.885377268377684,6.911928176879883,2004576,0.0,0.0
2024-09-13,6.911928106191462,7.168580268705754,6.911928106191462,7.159730911254883,4036592,0.0,0.0
2024-09-16,7.124330645573349,7.283632313786594,7.080080077148261,7.159730911254883,2858352,0.0,0.0
2024-09-17,7.159730634972675,7.159730634972675,7.071229028891288,7.150879859924316,1004528,0.0,0.0
2024-09-18,7.168580790550868,7.177431566585066,7.000429752646004,7.035830020904541,1890112,0.0,0.0
2024-09-19,7.088929161049037,7.292481389832624,7.044678594331505,7.150879859924316,2920624,0.0,0.0
2024-09-20,7.124330968373835,7.15088045986842,6.982728481292725,6.982728481292725,8703968,0.0,0.0
2024-09-23,6.956178682907072,7.0092786088463175,6.823426504827249,6.894227981567383,2075920,0.0,0.0
2024-09-24,6.929627971629304,7.203981201690207,6.929627971629304,7.150879859924316,5008528,0.0,0.0
2024-09-25,7.150880010455907,7.248231920988664,7.124330520629883,7.124330520629883,2045568,0.0,0.0
2024-09-26,7.203981704936725,7.336732469070206,7.097780431925041,7.292481899261475,3491040,0.0,0.0
2024-09-27,7.301332473754883,7.407533743840409,7.257081432519042,7.301332473754883,3481744,0.0,0.0
2024-09-30,7.292481685423774,7.9296897774553585,7.292481685423774,7.566834926605225,14069552,0.0,0.0
2024-10-01,7.584535357047616,7.850038305884882,7.584535357047616,7.717287540435791,6077232,0.0,0.0
2024-10-02,7.761537966645701,7.911988862872385,7.637636561311228,7.743837833404541,2845136,0.0,0.0
2024-10-03,7.70843650725955,7.832337910755698,7.566834970784857,7.646485805511475,4841088,0.0,0.0
2024-10-04,7.628785947447905,7.690736651428468,7.51373531526452,7.655336856842041,3731840,0.0,0.0
2024-10-07,7.699586885485396,7.7261363750725,7.327882687754058,7.372133255004883,2543072,0.0,0.0
2024-10-08,7.239382041344178,7.407534019175882,7.230531265592417,7.310183048248291,4005008,0.0,0.0
2024-10-09,7.3101828317077455,7.3101828317077455,7.062380023853246,7.115480422973633,2888480,0.0,0.0
2024-10-10,7.115480441504849,7.142030877457363,6.982728261742281,7.053529739379883,3568544,0.0,0.0
2024-10-11,6.982728441048682,7.124330927313685,6.938478816166372,7.106629848480225,1362704,0.0,0.0
2024-10-14,7.035829552263153,7.319032152114316,6.982728208119561,7.239381790161133,2394784,0.0,0.0
2024-10-15,7.21283092129998,7.3278829677234025,7.195130788252664,7.319032192230225,1537648,0.0,0.0
2024-10-16,7.327882647958554,7.389833347244008,7.203981249387645,7.230530738830566,3037552,0.0,0.0
2024-10-17,7.186281346839205,7.221681612520738,7.106629567439899,7.159730911254883,1978368,0.0,0.0
2024-10-18,7.177431460514923,7.186281763771953,7.018129783059336,7.142031192779541,11255888,0.0,0.0
2024-10-21,7.142030840577728,7.2393818083724515,7.106629629295382,7.177431106567383,3326176,0.0,0.0
2024-10-22,7.1508805507438336,7.257081826596349,6.982728570031216,7.142031192779541,5934768,0.0,0.0
2024-10-23,7.088929532905987,7.177431143629815,7.01812947320743,7.053529739379883,1990576,0.0,0.0
2024-10-24,7.080080328132226,7.4606339066685905,7.035829758138486,7.434084415435791,6239072,0.0,0.0
2024-10-25,7.416382774440074,7.522584039844679,7.372133153093607,7.478333473205566,2661008,0.0,0.0
2024-10-28,7.540284353461229,7.637636264115329,7.487184428450327,7.593385696411133,2208976,0.0,0.0
2024-10-29,7.593385649825241,7.611085782269061,7.363282982762911,7.513734817504883,2505104,0.0,0.0
2024-10-30,7.557985482310187,7.611085880325763,7.327882812283351,7.407533645629883,6001968,0.0,0.0
2024-10-31,7.398683305768777,7.478334143803104,7.21283119280656,7.327883243560791,4351088,0.0,0.0
2024-11-01,7.372133593698596,7.372133593698596,7.115480480911073,7.133180141448975,5346768,0.0,0.0
2024-11-04,7.1597308429311886,7.442933438327263,7.14203071025933,7.407533645629883,3459568,0.0,0.0
2024-11-05,7.442933734068827,7.575685915998456,7.345583236828595,7.557985782623291,3910704,0.0,0.0
2024-11-06,7.3986829553213145,7.637636403398708,7.389833597853229,7.566834926605225,3094672,0.0,0.0
2024-11-07,7.699587705085408,7.752687635204614,7.115480911432072,7.257081985473633,6335168,0.0,0.0
2024-11-08,7.2482322917840944,7.2482322917840944,6.920777696312641,7.026978969573975,5053216,0.0,0.0
2024-11-11,7.026979051722788,7.071229622152851,6.920777777219909,6.982728481292725,1983072,0.0,0.0
2024-11-12,7.071229042625484,7.071229042625484,6.823426246643066,6.823426246643066,3236352,0.0,0.0
2024-11-13,6.841126655458035,6.858826788365872,6.7614758210496015,6.832277297973633,2137072,0.0,0.0
2024-11-14,6.867677848702428,6.911928419130973,6.761476101556829,6.779176235198975,1326528,0.0,0.0
2024-11-18,6.717225369507337,6.761475938871183,6.619874873141036,6.664125442504883,2818256,0.0,0.0
2024-11-19,6.655274748443408,6.690675960602254,6.593324045104498,6.619874954223633,1618176,0.0,0.0
2024-11-21,6.5579240836373565,6.619874785396331,6.504823684692383,6.504823684692383,3151008,0.0,0.0
2024-11-22,6.6021745986398415,6.690675735473633,6.434022627714175,6.690675735473633,2094176,0.0,0.0
2024-11-25,6.717225469861532,6.858827010353534,6.690675978610011,6.761476039886475,3896928,0.0,0.0
2024-11-26,6.761475925358015,6.973878941467793,6.743776264823472,6.929628372192383,2100336,0.0,0.0
2024-11-27,6.9296282377492595,7.0092785991947935,6.681825432731717,6.690675735473633,4341232,0.0,0.0
2024-11-28,6.69067579205869,6.699525149582765,6.212770310819306,6.239319801330566,4224976,0.0,0.0
2024-11-29,6.239319955933087,6.487122769186615,6.13311962802481,6.416322708129883,2614864,0.0,0.0
2024-12-02,6.434022645354831,6.434022645354831,6.274720976734311,6.363221168518066,2951984,0.0,0.0
2024-12-03,6.407472078247226,6.451722649141741,6.159669259355032,6.186220169067383,3159184,0.0,0.0
2024-12-04,6.1773693112744,6.3012707190776185,6.13311968625935,6.230470657348633,2548000,0.0,0.0
2024-12-05,6.292421179446357,6.451722377188276,6.257020913281487,6.380922317504883,2203824,0.0,0.0
2024-12-06,6.416322641207661,6.425171998858714,6.133119564056396,6.195070266723633,2755312,0.0,0.0
2024-12-09,6.203919650717144,6.203919650717144,5.708314027274863,5.867615699768066,11052384,0.0,0.0
2024-12-10,5.920717006793643,6.097718338814329,5.832215395490597,5.991517066955566,3348240,0.0,0.0
2024-12-11,6.00036803581361,6.159669239763734,5.911866421659696,6.044618606567383,4708704,0.0,0.0
2024-12-12,5.973816827046543,5.991516959932444,5.832215291312991,5.894165992736816,2939104,0.0,0.0
2024-12-13,5.911866309187291,5.920717084874574,5.734864974832355,5.743714332580566,3445456,0.0,0.0
2024-12-16,5.796815552507069,5.796815552507069,5.690614281550152,5.708313941955566,3103296,0.0,0.0
2024-12-17,5.752565046103926,5.805664973190236,5.646363301345898,5.726014137268066,2792720,0.0,0.0
2024-12-18,5.743714285520822,5.743714285520822,5.460511207580566,5.460511207580566,5420128,0.0,0.0
2024-12-19,5.474990239481977,5.519574925785356,5.367988040027089,5.38582181930542,5569984,0.041284,0.0
2024-12-20,5.359071289049218,5.688996943216383,5.32340372798495,5.590911388397217,10098032,0.0,0.0
2024-12-23,5.555243918145662,5.555243918145662,5.367988505174459,5.448240756988525,5314512,0.0,0.0
2024-12-26,5.48390790890824,5.48390790890824,5.350153372186302,5.43040657043457,4279744,0.0,0.0
2024-12-27,5.466074198624748,5.466074198624748,5.3323196602093,5.412571907043457,6023248,0.0,0.0
2024-12-30,5.359071191606266,5.421489660441356,5.252067557928826,5.314486026763916,8904000,0.0,0.0
2025-01-02,5.3679884009413605,5.3679884009413605,5.207482947999566,5.23423433303833,4699520,0.0,0.0
2025-01-03,5.198566852465984,5.260985323209511,5.109397472485188,5.153982162475586,8589392,0.0,0.0
2025-01-06,5.332319679408123,5.332319679408123,5.145064277382513,5.225316524505615,4135376,0.0,0.0
2025-01-07,5.243151374357171,5.376904487609863,5.234234246158926,5.376904487609863,2763488,0.0,0.0
2025-01-08,5.367988256152508,5.367988256152508,5.216400411860825,5.269901275634766,2913344,0.0,0.0
2025-01-09,5.260984897613525,5.296652456234402,5.216400211229879,5.260984897613525,1235696,0.0,0.0
2025-01-10,5.260985099959267,5.269901275634766,5.127230559448819,5.269901275634766,2380224,0.0,0.0
2025-01-13,5.243151118303087,5.385821829001694,5.225316386562447,5.260984897613525,3027696,0.0,0.0
2025-01-14,5.260985170358153,5.323403639288191,5.1807329211931235,5.252067565917969,3460576,0.0,0.0
2025-01-15,5.278818927056514,5.5552437100042225,5.278818927056514,5.4393229484558105,2607024,0.0,0.0
2025-01-16,5.439322981181098,5.4839081461607195,5.171815801024374,5.1896491050720215,2994544,0.0,0.0
2025-01-17,5.1896488279415705,5.305569583997172,5.171815524846234,5.260984897613525,2753072,0.0,0.0
2025-01-20,5.234234122288703,5.350153452616752,5.162898050821183,5.2877349853515625,1497552,0.0,0.0
2025-01-21,5.260985303481225,5.341237554676945,5.252067698815391,5.2788190841674805,1462272,0.0,0.0
2025-01-22,5.278818803460917,5.394738133649882,5.278818803460917,5.35015344619751,1677088,0.0,0.0
2025-01-23,5.412571977275087,5.412571977275087,5.323403553748069,5.39473819732666,2361744,0.0,0.0
2025-01-24,5.385822244500153,5.430406934323361,5.252067698815391,5.2788190841674805,2052512,0.0,0.0
2025-01-27,5.225316641745556,5.4749905167149455,5.225316641745556,5.376904487609863,2369696,0.0,0.0
2025-01-28,5.3323196728574285,5.412571919881941,5.234234122288703,5.2877349853515625,2118480,0.0,0.0
2025-01-29,5.305569850982671,5.323403631190536,5.234234253936085,5.314486026763916,1558816,0.0,0.0
2025-01-30,5.314486150316751,5.47499065213412,5.296652845909416,5.403656005859375,3763088,0.0,0.0
2025-01-31,5.367988049691256,5.439322690717908,5.225316386562447,5.260984897613525,3307024,0.0,0.0
2025-02-03,5.216400481663109,5.341237419523184,5.198566701428116,5.252067565917969,1794912,0.0,0.0
2025-02-04,5.252067646371622,5.260985250948411,5.162898267615594,5.171815872192383,2492336,0.0,0.0
2025-02-05,5.171815943228717,5.20748302851984,5.091563691732057,5.153982162475586,2384592,0.0,0.0
2025-02-06,5.153981797782846,5.43040657043457,5.153981797782846,5.43040657043457,2190384,0.0,0.0
2025-02-07,5.4304067096537505,5.448240489602178,5.323403553748069,5.39473819732666,4379984,0.0,0.0
2025-02-10,5.39473826779123,5.457156736533578,5.350153579230251,5.376904487609863,1227520,0.0,0.0
2025-02-11,5.376904593366217,5.590911388397217,5.3679884174228505,5.590911388397217,3746848,0.0,0.0
2025-02-12,5.537408977418498,5.564159885759277,5.385822084204501,5.4393229484558105,3057152,0.0,0.0
2025-02-13,5.412572111058863,5.44824062426758,5.341237465717077,5.421489715576172,977312,0.0,0.0
2025-02-14,5.448240530181105,5.680080623667659,5.448240530181105,5.626578330993652,4427024,0.0,0.0
2025-02-17,5.653329506577223,5.742498879904275,5.599827215879846,5.680080413818359,1834560,0.0,0.0
2025-02-18,5.706830373952431,5.724664153391455,5.590911045706323,5.617661952972412,1615376,0.0,0.0
2025-02-19,5.590911126455051,5.599827301980683,5.430406632970583,5.474990367889404,1941408,0.0,0.0
2025-02-20,5.510659076600526,5.5552437655425155,5.457156783168961,5.546326637268066,1925728,0.0,0.0
2025-02-21,5.57307734051883,5.644411983010233,5.492825093866446,5.537408828735352,1832544,0.0,0.0
2025-02-24,5.581993821949866,5.581993821949866,5.332319940363727,5.341237545013428,1065792,0.0,0.0
2025-02-25,5.385821958103587,5.385821958103587,5.296652583198843,5.35015344619751,1388912,0.0,0.0
2025-02-26,5.385821834024464,5.412571788692417,5.162897925683236,5.198566436767578,4577664,0.0,0.0
2025-02-27,5.17181559349302,5.29665252653818,5.17181559349302,5.2431511878967285,3495296,0.0,0.0
2025-02-28,5.198566589265058,5.252067452600588,5.011311186515123,5.038061141967773,2972928,0.0,0.0
2025-03-05,5.0380613458917525,5.127230724967225,4.993477608784286,5.046978950500488,2446528,0.0,0.0
2025-03-06,5.055895874248219,5.136148121681746,5.011311186515123,5.038061141967773,2600864,0.0,0.0
2025-03-07,5.029144953239695,5.189648971472731,4.993477393632354,5.162898063659668,3476704,0.0,0.0
2025-03-10,5.136148108276833,5.260985043117642,5.100479596239263,5.162898063659668,2591792,0.0,0.0
2025-03-11,5.189648914305486,5.189648914305486,5.011311118233282,5.055895805358887,2804368,0.0,0.0
2025-03-12,5.082646044875638,5.082646044875638,4.95780910442402,4.984560489654541,2789696,0.0,0.0
2025-03-13,4.922141755734536,5.029144909848456,4.699218795789351,4.931058883666992,5969152,0.0,0.0
2025-03-14,4.931059147838906,5.04697895988035,4.832972163972403,4.984560489654541,2196544,0.0,0.0
2025-03-17,4.98456047135317,5.145064496210768,4.931059129733971,5.1093974113464355,4473168,0.0,0.0
2025-03-18,5.0625,5.1160712242126465,5.008927822113037,5.0625,2439696,0.006674,0.0
2025-03-19,5.080357074737549,5.2410712242126465,5.008927822113037,5.125,3437168,0.0,0.0
2025-03-20,5.125,5.205357074737549,5.026784896850586,5.0625,1495872,0.0,0.0
2025-03-21,5.089284896850586,5.089284896850586,5.008927822113037,5.0535712242126465,1744064,0.0,0.0
2025-03-24,5.017857074737549,5.0535712242126465,4.875,4.875,2381344,0.0,0.0
2025-03-25,4.910714149475098,5.044641971588135,4.901784896850586,4.964284896850586,3409168,0.0,0.0
2025-03-26,4.9375,5.0535712242126465,4.9375,4.982141971588135,1223936,0.0,0.0
2025-03-27,4.982141971588135,5.160714149475098,4.9375,5.080357074737549,3958416,0.0,0.0
2025-03-28,5.035714149475098,5.0625,4.919641971588135,4.919641971588135,1887648,0.0,0.0
2025-03-31,4.910714149475098,4.910714149475098,4.767857074737549,4.8035712242126465,4437664,0.0,0.0
2025-04-01,4.830357074737549,4.9910712242126465,4.776784896850586,4.892857074737549,3788848,0.0,0.0
2025-04-02,4.892857074737549,5.0625,4.8660712242126465,4.9910712242126465,4178832,0.0,0.0
2025-04-03,4.946427822113037,5.196427822113037,4.946427822113037,5.044641971588135,3435824,0.0,0.0
2025-04-04,5.017857074737549,5.017857074737549,4.75,4.8035712242126465,3367616,0.0,0.0
2025-04-07,4.7410712242126465,4.8660712242126465,4.598214149475098,4.7410712242126465,3245536,0.0,0.0
2025-04-08,4.75,4.839284896850586,4.598214149475098,4.598214149475098,3416560,0.0,0.0
2025-04-09,4.598214149475098,4.732141971588135,4.508927822113037,4.642857074737549,8780016,0.0,0.0
2025-04-10,4.651784896850586,4.705357074737549,4.4910712242126465,4.589284896850586,3616256,0.0,0.0
2025-04-11,4.598214149475098,4.651784896850586,4.544641971588135,4.642857074737549,2658880,0.0,0.0
2025-04-14,4.669641971588135,4.6875,4.526784896850586,4.598214149475098,3614240,0.0,0.0
2025-04-15,4.580357074737549,4.598214149475098,4.482141971588135,4.517857074737549,4071424,0.0,0.0
2025-04-16,4.5,4.544641971588135,4.464284896850586,4.517857074737549,4133360,0.0,0.0
2025-04-17,4.535714149475098,4.6160712242126465,4.4910712242126465,4.607141971588135,5164768,0.0,0.0
2025-04-22,4.5625,4.633927822113037,4.473214149475098,4.5625,3634848,0.0,0.0
2025-04-23,4.6160712242126465,4.75,4.589284896850586,4.669641971588135,4260928,0.0,0.0
2025-04-24,4.6785712242126465,5.008927822113037,4.6160712242126465,4.9910712242126465,5792640,0.0,0.0
2025-04-25,5.0,5.0,4.8660712242126465,4.883927822113037,1316672,0.0,0.0
2025-04-28,4.883927822113037,5.098214149475098,4.8660712242126465,4.9910712242126465,5051312,0.0,0.0
2025-04-29,4.9375,5.0625,4.9285712242126465,4.946427822113037,1541904,0.0,0.0
2025-04-30,4.946427822113037,5.0,4.857141971588135,4.9375,2140544,0.0,0.0
2025-05-02,4.901784896850586,5.026784896850586,4.892857074737549,5.0,1613472,0.0,0.0
2025-05-05,5.0,5.026784896850586,4.8125,4.821427822113037,1797824,0.0,0.0
2025-05-06,4.830357074737549,4.9285712242126465,4.794641971588135,4.821427822113037,3306912,0.0,0.0
2025-05-07,4.821427822113037,5.008927822113037,4.8035712242126465,5.008927822113037,2306976,0.0,0.0
2025-05-08,4.919641971588135,5.071427822113037,4.4910712242126465,4.660714149475098,10521280,0.0,0.0
2025-05-09,4.669641971588135,4.723214149475098,4.5625,4.660714149475098,4001312,0.0,0.0
2025-05-12,4.776784896850586,4.776784896850586,4.633927822113037,4.660714149475098,3232208,0.0,0.0
2025-05-13,4.642857074737549,4.848214149475098,4.642857074737549,4.830357074737549,1466416,0.0,0.0
2025-05-14,4.848214149475098,4.848214149475098,4.732141971588135,4.732141971588135,1910608,0.0,0.0
2025-05-15,4.75,4.848214149475098,4.7410712242126465,4.767857074737549,2221744,0.0,0.0
2025-05-16,4.7410712242126465,4.901784896850586,4.7410712242126465,4.839284896850586,1886192,0.0,0.0
2025-05-19,4.8660712242126465,4.9375,4.8125,4.8660712242126465,1260112,0.0,0.0
2025-05-20,4.892857074737549,4.964284896850586,4.8660712242126465,4.892857074737549,1345904,0.0,0.0
2025-05-21,4.883927822113037,4.9285712242126465,4.8125,4.821427822113037,2096528,0.0,0.0
2025-05-22,4.785714149475098,4.9375,4.785714149475098,4.883927822113037,2975616,0.0,0.0
2025-05-23,4.839284896850586,4.9285712242126465,4.758927822113037,4.8660712242126465,4452000,0.0,0.0
2025-05-26,4.901784896850586,4.9375,4.8660712242126465,4.919641971588135,1375024,0.0,0.0
2025-05-27,4.946427822113037,5.133927822113037,4.946427822113037,5.0535712242126465,1824704,0.0,0.0
2025-05-28,5.0535712242126465,5.089284896850586,4.964284896850586,5.017857074737549,1126496,0.0,0.0
2025-05-29,5.035714149475098,5.035714149475098,4.910714149475098,4.9375,2285360,0.0,0.0
2025-05-30,4.9375,4.982141971588135,4.883927822113037,4.955357074737549,1980720,0.0,0.0
2025-06-02,4.964284896850586,5.0625,4.919641971588135,4.955357074737549,4317152,0.0,0.0
2025-06-03,4.955357074737549,5.071427822113037,4.946427822113037,5.044641971588135,1604288,0.0,0.0
2025-06-04,5.0535712242126465,5.1160712242126465,5.026784896850586,5.1160712242126465,917952,0.0,0.0
2025-06-05,5.1160712242126465,5.330357074737549,5.080357074737549,5.267857074737549,3839584,0.0,0.0
2025-06-06,5.294641971588135,5.3035712242126465,5.017857074737549,5.071427822113037,4862816,0.0,0.0
2025-06-09,5.008927822113037,5.080357074737549,4.8660712242126465,4.946427822113037,10313408,0.0,0.0
2025-06-10,4.982141971588135,5.071427822113037,4.982141971588135,5.026784896850586,1203104,0.0,0.0
2025-06-11,5.0625,5.1160712242126465,4.946427822113037,4.982141971588135,1173536,0.0,0.0
2025-06-12,4.946427822113037,5.026784896850586,4.946427822113037,4.946427822113037,1330336,0.0,0.0
2025-06-13,4.919641971588135,5.008927822113037,4.883927822113037,4.955357074737549,1971648,0.0,0.0
2025-06-16,4.982141971588135,5.089284896850586,4.982141971588135,5.0535712242126465,1424640,0.0,0.0
2025-06-17,5.0535712242126465,5.080357074737549,4.910714149475098,4.946427822113037,2460976,0.0,0.0
2025-06-18,4.946427822113037,5.080357074737549,4.883927822113037,5.0625,1836800,0.0,0.0
2025-06-20,5.008927822113037,5.071427822113037,4.982141971588135,5.071427822113037,3887632,0.0,0.0
2025-06-23,5.017857074737549,5.125,4.9910712242126465,5.035714149475098,1774976,0.0,0.0
2025-06-24,5.0535712242126465,5.223214149475098,5.0535712242126465,5.098214149475098,1819440,0.0,0.0
2025-06-25,4.892857074737549,5.071427822113037,4.848214149475098,5.026784896850586,8341200,0.0,0.0
2025-06-26,5.044641971588135,5.1875,5.026784896850586,5.0535712242126465,1892128,0.0,0.0
2025-06-27,5.035714149475098,5.169641971588135,5.008927822113037,5.071427822113037,2696512,0.0,0.0
2025-06-30,5.071427822113037,5.107141971588135,4.9910712242126465,5.0625,3688160,0.0,0.0
2025-07-01,5.080357074737549,5.142857074737549,5.035714149475098,5.080357074737549,1438864,0.0,0.0
2025-07-02,5.044641971588135,5.142857074737549,4.9910712242126465,5.0535712242126465,1394512,0.0,0.0
2025-07-03,5.0535712242126465,5.133927822113037,5.044641971588135,5.107141971588135,827008,0.0,0.0
2025-07-04,5.098214149475098,5.133927822113037,5.071427822113037,5.107141971588135,628320,0.0,0.0
2025-07-07,5.071427822113037,5.169641971588135,5.026784896850586,5.026784896850586,1871520,0.0,0.0
2025-07-08,5.044641971588135,5.071427822113037,4.9910712242126465,4.9910712242126465,1299760,0.0,0.0
2025-07-09,5.0,5.008927822113037,4.821427822113037,4.883927822113037,5313616,0.0,0.0
2025-07-10,4.8125,4.9375,4.794641971588135,4.821427822113037,2104704,0.0,0.0
2025-07-11,4.821427822113037,4.875,4.767857074737549,4.776784896850586,3238816,0.0,0.0
2025-07-14,4.776784896850586,4.8125,4.696427822113037,4.696427822113037,2394336,0.0,0.0
2025-07-15,4.714284896850586,4.794641971588135,4.580357074737549,4.6160712242126465,19089728,0.0,0.0
2025-07-16,4.598214149475098,4.633927822113037,4.535714149475098,4.571427822113037,3426528,0.0,0.0
2025-07-17,4.5535712242126465,4.714284896850586,4.482141971588135,4.633927822113037,4457600,0.0,0.0
2025-07-18,4.625,4.6875,4.5625,4.589284896850586,3051776,0.0,0.0
2025-07-21,4.589284896850586,4.875,4.589284896850586,4.821427822113037,3935120,0.0,0.0
2025-07-22,4.821427822113037,4.946427822113037,4.8125,4.883927822113037,3205664,0.0,0.0
2025-07-23,4.883927822113037,4.901784896850586,4.758927822113037,4.821427822113037,2722608,0.0,0.0
2025-07-24,4.794641971588135,5.151784896850586,4.785714149475098,4.964284896850586,5979008,0.0,0.0
2025-07-25,5.080357074737549,5.205357074737549,5.026784896850586,5.1785712242126465,5398736,0.0,0.0
2025-07-28,5.205357074737549,5.267857074737549,5.008927822113037,5.0625,4251408,0.0,0.0
2025-07-29,5.044641971588135,5.107141971588135,5.026784896850586,5.026784896850586,2059120,0.0,0.0
2025-07-30,5.044641971588135,5.160714149475098,5.0,5.089284896850586,3257744,0.0,0.0
2025-07-31,5.089284896850586,5.125,5.0,5.044641971588135,2450000,0.0,0.0
2025-08-01,5.035714149475098,5.169641971588135,5.0,5.008927822113037,3074288,0.0,0.0
2025-08-04,5.080357074737549,5.089284896850586,4.982141971588135,5.026784896850586,1086064,0.0,0.0
2025-08-05,5.0,5.080357074737549,4.9910712242126465,5.008927822113037,1270080,0.0,0.0
2025-08-06,5.008927822113037,5.232141971588135,5.008927822113037,5.205357074737549,2565248,0.0,0.0
2025-08-07,5.1785712242126465,5.267857074737549,4.973214149475098,5.169641971588135,3365936,0.0,0.0
2025-08-08,5.142857074737549,5.258927822113037,5.044641971588135,5.142857074737549,1897504,0.0,0.0
2025-08-11,5.125,5.151784896850586,5.0,5.0,2126544,0.0,0.0
2025-08-12,5.017857074737549,5.133927822113037,5.0,5.0535712242126465,3634288,0.0,0.0
2025-08-13,5.017857074737549,5.098214149475098,5.0,5.0535712242126465,1450624,0.0,0.0
2025-08-14,5.071427822113037,5.133927822113037,5.017857074737549,5.107141971588135,1295056,0.0,0.0
2025-08-15,5.080357074737549,5.196427822113037,5.044641971588135,5.071427822113037,1736112,0.0,0.0
2025-08-18,5.080357074737549,5.232141971588135,5.0625,5.1875,2244592,0.0,0.0
2025-08-19,5.1160712242126465,5.160714149475098,4.955357074737549,5.008927822113037,1530816,0.0,0.0
2025-08-20,5.0,5.044641971588135,4.973214149475098,5.026784896850586,1588832,0.0,0.0
2025-08-21,5.0,5.035714149475098,4.973214149475098,5.0,963424,0.0,0.0
2025-08-22,5.026784896850586,5.125,5.0,5.098214149475098,1530928,0.0,0.0
2025-08-25,5.098214149475098,5.133927822113037,5.035714149475098,5.098214149475098,922656,0.0,0.0
2025-08-26,5.107141971588135,5.133927822113037,5.0535712242126465,5.0535712242126465,895328,0.0,0.0
2025-08-27,5.0535712242126465,5.098214149475098,5.008927822113037,5.0535712242126465,857584,0.0,0.0
2025-08-28,5.080357074737549,5.205357074737549,5.080357074737549,5.1785712242126465,1881488,0.0,0.0
2025-08-29,5.142857074737549,5.267857074737549,5.125,5.125,1394400,0.0,0.0
2025-09-01,5.1160712242126465,5.169641971588135,5.0535712242126465,5.142857074737549,852544,0.0,0.0
2025-09-02,5.080357074737549,5.098214149475098,4.857141971588135,4.919641971588135,3589040,0.0,0.0
2025-09-03,4.9375,4.9375,4.848214149475098,4.848214149475098,4760784,0.0,0.0
2025-09-04,4.857141971588135,5.017857074737549,4.857141971588135,4.964284896850586,4399472,0.0,0.0
2025-09-05,5.008927822113037,5.205357074737549,5.008927822113037,5.151784896850586,3094784,0.0,0.0
2025-09-08,5.142857074737549,5.196427822113037,5.026784896850586,5.0625,1701616,0.0,0.0
2025-09-09,5.089284896850586,5.169641971588135,5.0535712242126465,5.0625,958272,0.0,0.0
2025-09-10,5.080357074737549,5.125,5.0535712242126465,5.080357074737549,819392,0.0,0.0
2025-09-11,5.044641971588135,5.383927822113037,5.044641971588135,5.3660712242126465,2887136,0.0,0.0
2025-09-12,5.357141971588135,5.357141971588135,5.1160712242126465,5.151784896850586,2487408,0.0,0.0
2025-09-15,5.169641971588135,5.383927822113037,5.151784896850586,5.285714149475098,3782688,0.0,0.0
2025-09-16,5.294641971588135,5.348214149475098,5.169641971588135,5.25,2088016,0.0,0.0
2025-09-17,5.214284896850586,5.446427822113037,5.214284896850586,5.276784896850586,2973600,0.0,0.0
2025-09-18,5.3125,5.4285712242126465,5.267857074737549,5.375,2564352,0.0,0.0
2025-09-19,5.401784896850586,5.473214149475098,5.330357074737549,5.375,1819216,0.0,0.0
2025-09-22,5.339284896850586,5.392857074737549,5.25,5.339284896850586,2010288,0.0,0.0
2025-09-23,5.3125,5.383927822113037,5.25,5.285714149475098,1884064,0.0,0.0
2025-09-24,5.25,5.3035712242126465,5.151784896850586,5.214284896850586,2339456,0.0,0.0
2025-09-25,5.223214149475098,5.223214149475098,5.089284896850586,5.142857074737549,3450384,0.0,0.0
2025-09-26,5.142857074737549,5.196427822113037,5.089284896850586,5.125,2260944,0.0,0.0
2025-09-29,5.160714149475098,5.205357074737549,5.125,5.205357074737549,3740016,0.0,0.0
2025-09-30,5.205357074737549,5.258927822113037,5.125,5.1785712242126465,6223840,0.0,0.0
2025-10-01,5.169641971588135,5.25,5.089284896850586,5.1160712242126465,1896384,0.0,0.0
2025-10-02,5.107141971588135,5.1160712242126465,4.919641971588135,4.964284896850586,2464672,0.0,0.0
2025-10-03,4.982141971588135,4.982141971588135,4.848214149475098,4.8660712242126465,2319632,0.0,0.0
2025-10-06,4.8660712242126465,4.883927822113037,4.7410712242126465,4.8035712242126465,2592016,0.0,0.0
2025-10-07,4.767857074737549,4.776784896850586,4.6875,4.732141971588135,3334352,0.0,0.0
2025-10-08,4.705357074737549,4.8125,4.6875,4.705357074737549,3774960,0.0,0.0
2025-10-09,4.732141971588135,4.75,4.571427822113037,4.607141971588135,9045344,0.0,0.0
2025-10-10,4.607141971588135,4.607141971588135,4.4285712242126465,4.464284896850586,4732784,0.0,0.0
2025-10-13,4.482141971588135,4.517857074737549,4.4375,4.482141971588135,3015824,0.0,0.0
2025-10-14,4.5625,4.5625,4.4375,4.4375,2272816,0.0,0.0
2025-10-15,4.4285712242126465,4.526784896850586,4.4285712242126465,4.482141971588135,3329984,0.0,0.0
2025-10-16,4.464284896850586,4.5535712242126465,4.464284896850586,4.508927822113037,2415280,0.0,0.0
2025-10-17,4.535714149475098,4.6160712242126465,4.4910712242126465,4.6160712242126465,1990576,0.0,0.0
2025-10-20,4.642857074737549,4.785714149475098,4.625,4.7410712242126465,1985984,0.0,0.0
2025-10-21,4.714284896850586,4.767857074737549,4.607141971588135,4.714284896850586,1675856,0.0,0.0
2025-10-22,4.696427822113037,4.723214149475098,4.633927822113037,4.6785712242126465,1160656,0.0,0.0
2025-10-23,4.6785712242126465,4.732141971588135,4.651784896850586,4.714284896850586,6717200,0.0,0.0
2025-10-24,4.696427822113037,4.767857074737549,4.6875,4.6875,1605520,0.0,0.0
2025-10-27,4.696427822113037,4.758927822113037,4.669641971588135,4.669641971588135,1116864,0.0,0.0
2025-10-28,4.6875,4.6875,4.625,4.660714149475098,990304,0.0,0.0
2025-10-29,4.642857074737549,4.696427822113037,4.598214149475098,4.598214149475098,1866032,0.0,0.0
2025-10-30,4.5625,4.705357074737549,4.508927822113037,4.6875,1057280,0.0,0.0
2025-10-31,4.6875,4.8125,4.651784896850586,4.785714149475098,8631504,0.0,0.0
2025-11-03,4.8035712242126465,4.8035712242126465,4.6875,4.6875,2439136,0.0,0.0
2025-11-04,4.6785712242126465,4.723214149475098,4.660714149475098,4.723214149475098,1611344,0.0,0.0
2025-11-05,4.723214149475098,4.883927822113037,4.669641971588135,4.883927822113037,2849728,0.0,0.0
2025-11-06,4.830357074737549,4.9285712242126465,4.75,4.821427822113037,3709216,0.0,0.0
2025-11-07,4.821427822113037,4.821427822113037,4.633927822113037,4.732141971588135,3137008,0.0,0.0
2025-11-10,4.714284896850586,4.794641971588135,4.651784896850586,4.6785712242126465,3848432,0.0,0.0
2025-11-11,4.705357074737549,4.839284896850586,4.705357074737549,4.8125,6353984,0.0,0.0
2025-11-12,4.8035712242126465,4.848214149475098,4.767857074737549,4.848214149475098,1422624,0.0,0.0
2025-11-13,4.821427822113037,4.875,4.785714149475098,4.785714149475098,1033536,0.0,0.0
2025-11-14,4.776784896850586,4.8035712242126465,4.669641971588135,4.794641971588135,2862160,0.0,0.0
2025-11-17,4.776784896850586,4.8035712242126465,4.7410712242126465,4.785714149475098,1598912,0.0,0.0
2025-11-18,4.767857074737549,4.821427822113037,4.714284896850586,4.767857074737549,1586256,0.0,0.0
2025-11-19,4.7410712242126465,4.794641971588135,4.723214149475098,4.767857074737549,1729840,0.0,0.0
2025-11-21,4.7410712242126465,4.75,4.544641971588135,4.5535712242126465,4389504,0.0,0.0
2025-11-24,4.5535712242126465,4.625,4.535714149475098,4.535714149475098,2227120,0.0,0.0
2025-11-25,4.535714149475098,4.598214149475098,4.526784896850586,4.580357074737549,1357216,0.0,0.0
2025-11-26,4.598214149475098,4.6785712242126465,4.571427822113037,4.669641971588135,1454544,0.0,0.0
2025-11-27,4.651784896850586,4.696427822113037,4.633927822113037,4.660714149475098,820400,0.0,0.0
2025-11-28,4.660714149475098,4.767857074737549,4.642857074737549,4.7410712242126465,1363824,0.0,0.0
2025-12-01,4.758927822113037,4.758927822113037,4.642857074737549,4.705357074737549,955696,0.0,0.0
2025-12-02,4.6785712242126465,4.9375,4.6785712242126465,4.794641971588135,3552528,0.0,0.0
2025-12-03,4.794641971588135,4.857141971588135,4.714284896850586,4.758927822113037,1663984,0.0,0.0
2025-12-04,4.758927822113037,4.8660712242126465,4.732141971588135,4.830357074737549,1599696,0.0,0.0
2025-12-05,4.821427822113037,4.919641971588135,4.669641971588135,4.75,3351264,0.0,0.0
2025-12-08,4.776784896850586,4.776784896850586,4.669641971588135,4.6785712242126465,1743392,0.0,0.0
2025-12-09,4.633927822113037,4.758927822113037,4.5535712242126465,4.669641971588135,2210768,0.0,0.0
2025-12-10,4.696427822113037,4.794641971588135,4.625,4.705357074737549,2396128,0.0,0.0
2025-12-11,4.723214149475098,4.758927822113037,4.696427822113037,4.723214149475098,601888,0.0,0.0
2025-12-12,4.723214149475098,4.794641971588135,4.714284896850586,4.767857074737549,1046976,0.0,0.0
2025-12-15,4.776784896850586,4.839284896850586,4.75,4.8035712242126465,2230368,0.0,0.0
2025-12-16,4.758927822113037,4.794641971588135,4.696427822113037,4.758927822113037,1559376,0.0,0.0
2025-12-17,4.732141971588135,4.75,4.633927822113037,4.6785712242126465,2612288,0.0,0.0
2025-12-18,4.696427822113037,4.758927822113037,4.6875,4.6875,2433088,0.0,0.0
2025-12-19,4.723214149475098,5.0535712242126465,4.714284896850586,5.0,6546064,0.0,0.0
2025-12-22,4.973214149475098,5.026784896850586,4.9285712242126465,4.973214149475098,2159360,0.0,0.0
2025-12-23,4.964284896850586,5.0625,4.964284896850586,5.035714149475098,1608768,0.0,0.0
2025-12-26,5.010000228881836,5.260000228881836,4.949999809265137,5.119999885559082,2445100,0.0,1.12
2025-12-29,5.139999866485596,5.150000095367432,5.010000228881836,5.059999942779541,3013800,0.0,0.0
2025-12-30,5.119999885559082,5.119999885559082,5.0,5.0,7570900,0.0,0.0
2026-01-02,5.03000020980835,5.079999923706055,4.960000038146973,5.019999980926514,2467800,0.0,0.0
2026-01-05,5.050000190734863,5.210000038146973,4.96999979019165,5.199999809265137,2888900,0.0,0.0
2026-01-06,5.199999809265137,5.369999885559082,5.179999828338623,5.289999961853027,2633800,0.0,0.0
2026-01-07,5.300000190734863,5.320000171661377,5.170000076293945,5.269999980926514,2343900,0.0,0.0
2026-01-08,5.28000020980835,5.420000076293945,5.199999809265137,5.21999979019165,2825900,0.0,0.0
2026-01-09,5.269999980926514,5.289999961853027,5.210000038146973,5.289999961853027,1604900,0.0,0.0
2026-01-12,5.300000190734863,5.420000076293945,5.190000057220459,5.349999904632568,1873300,0.0,0.0
2026-01-13,5.320000171661377,5.369999885559082,5.199999809265137,5.289999961853027,1645900,0.0,0.0
2026-01-14,5.269999980926514,5.389999866485596,5.260000228881836,5.389999866485596,2451500,0.0,0.0
2026-01-15,5.380000114440918,5.389999866485596,5.260000228881836,5.309999942779541,1790500,0.0,0.0
2026-01-16,5.300000190734863,5.309999942779541,5.130000114440918,5.260000228881836,1665200,0.0,0.0
2026-01-19,5.179999828338623,5.309999942779541,5.179999828338623,5.300000190734863,1269300,0.0,0.0
2026-01-20,5.269999980926514,5.329999923706055,5.21999979019165,5.320000171661377,831000,0.0,0.0
2026-01-21,5.369999885559082,5.570000171661377,5.360000133514404,5.539999961853027,3107100,0.0,0.0
2026-01-22,5.539999961853027,5.849999904632568,5.53000020980835,5.769999980926514,2811900,0.0,0.0
2026-01-23,5.800000190734863,5.940000057220459,5.679999828338623,5.860000133514404,2279600,0.0,0.0
2026-01-26,5.820000171661377,6.019999980926514,5.769999980926514,5.900000095367432,5344900,0.0,0.0
2026-01-27,5.940000057220459,6.110000133514404,5.940000057220459,6.019999980926514,3149200,0.0,0.0
2026-01-28,6.03000020980835,6.190000057220459,6.03000020980835,6.090000152587891,4058700,0.0,0.0
2026-01-29,6.110000133514404,6.21999979019165,5.730000019073486,5.800000190734863,4733700,0.0,0.0
2026-01-30,5.760000228881836,5.809999942779541,5.599999904632568,5.730000019073486,4790800,0.0,0.0
2026-02-02,5.730000019073486,5.789999961853027,5.610000133514404,5.659999847412109,1875000,0.0,0.0
2026-02-03,5.699999809265137,5.849999904632568,5.699999809265137,5.75,2227800,0.0,0.0
2026-02-04,5.75,5.78000020980835,5.550000190734863,5.579999923706055,2091700,0.0,0.0
2026-02-05,5.619999885559082,5.71999979019165,5.599999904632568,5.639999866485596,1133000,0.0,0.0
2026-02-06,5.639999866485596,5.650000095367432,5.53000020980835,5.590000152587891,877700,0.0,0.0
2026-02-09,5.599999904632568,5.690000057220459,5.559999942779541,5.670000076293945,1577900,0.0,0.0
2026-02-10,5.639999866485596,5.789999961853027,5.619999885559082,5.739999771118164,1814700,0.0,0.0
2026-02-11,5.739999771118164,6.019999980926514,5.739999771118164,5.880000114440918,1866800,0.0,0.0
2026-02-12,5.880000114440918,5.889999866485596,5.630000114440918,5.670000076293945,1739700,0.0,0.0
2026-02-13,5.650000095367432,5.650000095367432,5.510000228881836,5.630000114440918,2174400,0.0,0.0
2026-02-18,5.650000095367432,5.670000076293945,5.5,5.559999942779541,1299800,0.0,0.0
2026-02-19,5.550000190734863,5.670000076293945,5.539999961853027,5.630000114440918,2340900,0.0,0.0
2026-02-20,5.630000114440918,5.71999979019165,5.539999961853027,5.71999979019165,2390500,0.0,0.0
2026-02-23,5.670000076293945,5.699999809265137,5.579999923706055,5.639999866485596,1611200,0.0,0.0
2026-02-24,5.659999847412109,5.739999771118164,5.659999847412109,5.730000019073486,2543800,0.0,0.0
2026-02-25,5.739999771118164,5.760000228881836,5.53000020980835,5.619999885559082,2246700,0.0,0.0
2026-02-26,5.619999885559082,5.679999828338623,5.539999961853027,5.610000133514404,2225100,0.0,0.0
2026-02-27,5.610000133514404,5.610000133514404,5.400000095367432,5.420000076293945,3005400,0.0,0.0
2026-03-02,5.400000095367432,5.400000095367432,5.239999771118164,5.329999923706055,6017400,0.0,0.0
2026-03-03,5.179999828338623,5.269999980926514,5.090000152587891,5.190000057220459,6429700,0.0,0.0
2026-03-04,5.21999979019165,5.28000020980835,5.199999809265137,5.260000228881836,2073200,0.0,0.0
2026-03-05,5.179999828338623,5.190000057220459,4.900000095367432,4.929999828338623,9544900,0.0,0.0
2026-03-06,4.820000171661377,4.960000038146973,4.650000095367432,4.690000057220459,8043000,0.0,0.0
2026-03-09,4.670000076293945,4.78000020980835,4.630000114440918,4.739999771118164,2845600,0.0,0.0
2026-03-10,4.78000020980835,4.909999847412109,4.699999809265137,4.800000190734863,5463200,0.0,0.0
2026-03-11,4.800000190734863,4.900000095367432,4.769999980926514,4.820000171661377,1609200,0.0,0.0
2026-03-12,4.829999923706055,4.829999923706055,4.679999828338623,4.739999771118164,3122800,0.0,0.0
2026-03-13,4.75,4.789999961853027,4.650000095367432,4.650000095367432,2583800,0.0,0.0
2026-03-16,4.75,4.75,4.599999904632568,4.639999866485596,2475100,0.0,0.0
2026-03-17,4.650000095367432,4.769999980926514,4.630000114440918,4.679999828338623,2489500,0.0,0.0
2026-03-18,4.679999828338623,4.699999809265137,4.579999923706055,4.619999885559082,2972900,0.0,0.0
2026-03-19,4.599999904632568,4.599999904632568,4.449999809265137,4.570000171661377,2766800,0.0,0.0
2026-03-20,4.559999942779541,4.559999942779541,4.449999809265137,4.460000038146973,1864600,0.0,0.0
2026-03-23,4.5,4.739999771118164,4.5,4.739999771118164,2544100,0.0,0.0
2026-03-24,4.630000114440918,4.730000019073486,4.610000133514404,4.650000095367432,1961400,0.0,0.0
2026-03-25,4.730000019073486,4.840000152587891,4.699999809265137,4.78000020980835,2327600,0.0,0.0
2026-03-26,4.650000095367432,4.800000190734863,4.570000171661377,4.630000114440918,1974100,0.0,0.0
2026-03-27,4.599999904632568,4.630000114440918,4.519999980926514,4.579999923706055,2423400,0.0,0.0
2026-03-30,4.639999866485596,4.639999866485596,4.460000038146973,4.46999979019165,1844500,0.0,0.0
2026-03-31,4.550000190734863,4.710000038146973,4.5,4.710000038146973,5694600,0.0,0.0
2026-04-01,4.710000038146973,4.940000057220459,4.710000038146973,4.849999904632568,2706700,0.0,0.0
2026-04-02,4.800000190734863,4.949999809265137,4.739999771118164,4.940000057220459,2473600,0.0,0.0
2026-04-06,4.940000057220459,5.070000171661377,4.920000076293945,5.019999980926514,6624700,0.0,0.0
2026-04-07,4.980000019073486,5.059999942779541,4.809999942779541,4.929999828338623,2084800,0.0,0.0
2026-04-08,5.03000020980835,5.269999980926514,4.96999979019165,5.21999979019165,3283800,0.0,0.0
2026-04-09,5.269999980926514,5.369999885559082,5.179999828338623,5.320000171661377,2299300,0.0,0.0
2026-04-10,5.369999885559082,5.5,5.349999904632568,5.429999828338623,1961400,0.0,0.0
2026-04-13,5.349999904632568,5.619999885559082,5.349999904632568,5.590000152587891,2307400,0.0,0.0
2026-04-14,5.599999904632568,5.699999809265137,5.570000171661377,5.650000095367432,3369400,0.0,0.0
2026-04-15,5.559999942779541,5.940000057220459,5.559999942779541,5.929999828338623,3575400,0.0,0.0
2026-04-16,5.949999809265137,5.949999809265137,5.78000020980835,5.800000190734863,2151400,0.0,0.0
2026-04-17,5.869999885559082,5.980000019073486,5.800000190734863,5.889999866485596,3466800,0.0,0.0
2026-04-20,5.829999923706055,5.889999866485596,5.570000171661377,5.670000076293945,3641500,0.0,0.0
2026-04-22,5.619999885559082,5.659999847412109,5.380000114440918,5.440000057220459,2064100,0.0,0.0
2026-04-23,5.409999847412109,5.460000038146973,5.349999904632568,5.369999885559082,1821900,0.0,0.0
2026-04-24,5.329999923706055,5.400000095367432,5.28000020980835,5.320000171661377,1170000,0.0,0.0
2026-04-27,5.349999904632568,5.380000114440918,5.190000057220459,5.230000019073486,1562800,0.0,0.0
2026-04-28,5.210000038146973,5.25,5.130000114440918,5.25,1245300,0.0,0.0
2026-04-29,5.179999828338623,5.199999809265137,5.079999923706055,5.139999866485596,2689600,0.0,0.0
2026-04-30,5.210000038146973,5.269999980926514,5.150000095367432,5.210000038146973,2116000,0.0,0.0
2026-05-04,5.239999771118164,5.28000020980835,5.150000095367432,5.199999809265137,1621100,0.0,0.0
2026-05-05,5.170000076293945,5.28000020980835,5.170000076293945,5.239999771118164,1460400,0.0,0.0
2026-05-06,5.269999980926514,5.440000057220459,5.230000019073486,5.389999866485596,2123300,0.0,0.0
2026-05-07,5.639999866485596,5.920000076293945,5.599999904632568,5.659999847412109,13591800,0.0,0.0
2026-05-08,5.71999979019165,5.929999828338623,5.650000095367432,5.769999980926514,4182400,0.0,0.0
2026-05-11,5.75,5.789999961853027,5.619999885559082,5.690000057220459,2368400,0.0,0.0
2026-05-12,5.610000133514404,5.650000095367432,5.420000076293945,5.449999809265137,3858200,0.0,0.0
2026-05-13,5.400000095367432,5.510000228881836,5.130000114440918,5.170000076293945,2974200,0.0,0.0
2026-05-14,5.269999980926514,5.269999980926514,5.139999866485596,5.159999847412109,1766400,0.0,0.0
2026-05-15,5.070000171661377,5.090000152587891,4.900000095367432,4.929999828338623,3430600,0.0,0.0
2026-05-18,4.929999828338623,4.949999809265137,4.769999980926514,4.820000171661377,1678600,0.0,0.0
2026-05-19,4.78000020980835,4.78000020980835,4.670000076293945,4.710000038146973,1671800,0.0,0.0
2026-05-20,4.739999771118164,5.03000020980835,4.699999809265137,4.989999771118164,2012800,0.0,0.0
2026-05-21,4.960000038146973,4.980000019073486,4.849999904632568,4.929999828338623,1533200,0.0,0.0
2026-05-22,4.900000095367432,4.940000057220459,4.789999961853027,4.840000152587891,2013500,0.0,0.0
2026-05-25,4.889999866485596,4.949999809265137,4.849999904632568,4.909999847412109,1838000,0.0,0.0
2026-05-26,4.849999904632568,4.929999828338623,4.789999961853027,4.929999828338623,2073800,0.0,0.0
2026-05-27,4.900000095367432,4.980000019073486,4.889999866485596,4.889999866485596,1337400,0.0,0.0
2026-05-28,4.929999828338623,4.929999828338623,4.78000020980835,4.789999961853027,2314100,0.0,0.0
2026-05-29,4.800000190734863,4.809999942779541,4.670000076293945,4.760000228881836,3316500,0.0,0.0
2026-06-01,4.809999942779541,4.820000171661377,4.659999847412109,4.739999771118164,1830700,0.0,0.0
2026-06-02,4.75,4.809999942779541,4.690000057220459,4.760000228881836,1435200,0.0,0.0
2026-06-03,4.699999809265137,4.739999771118164,4.590000152587891,4.619999885559082,2651600,0.0,0.0
2026-06-05,4.550000190734863,4.610000133514404,4.53000020980835,4.599999904632568,1243900,0.0,0.0
2026-06-08,4.550000190734863,4.599999904632568,4.539999961853027,4.539999961853027,727700,0.0,0.0
2026-06-09,4.550000190734863,4.75,4.550000190734863,4.690000057220459,1448300,0.0,0.0
2026-06-10,4.730000019073486,4.730000019073486,4.53000020980835,4.590000152587891,2260500,0.0,0.0
2026-06-11,4.630000114440918,4.769999980926514,4.539999961853027,4.650000095367432,2071600,0.0,0.0
2026-06-12,4.659999847412109,4.769999980926514,4.610000133514404,4.739999771118164,1522500,0.0,0.0
2026-06-15,4.800000190734863,4.880000114440918,4.730000019073486,4.730000019073486,1704900,0.0,0.0
2026-06-16,4.679999828338623,4.840000152587891,4.679999828338623,4.789999961853027,2182500,0.0,0.0
2026-06-17,4.829999923706055,4.909999847412109,4.71999979019165,4.769999980926514,4372000,0.0,0.0
2026-06-18,4.78000020980835,4.900000095367432,4.739999771118164,4.78000020980835,1896200,0.0,0.0
2026-06-19,4.789999961853027,4.840000152587891,4.71999979019165,4.840000152587891,1054600,0.0,0.0
2026-06-22,4.849999904632568,4.909999847412109,4.75,4.829999923706055,2815100,0.0,0.0
2026-06-23,4.710000038146973,4.880000114440918,4.710000038146973,4.829999923706055,1082400,0.0,0.0
2026-06-24,4.829999923706055,4.949999809265137,4.78000020980835,4.900000095367432,2469000,0.0,0.0
2026-06-25,4.929999828338623,5.059999942779541,4.880000114440918,5.019999980926514,2371400,0.0,0.0
2026-06-26,4.989999771118164,5.110000133514404,4.920000076293945,4.96999979019165,1288900,0.0,0.0
2026-06-29,4.929999828338623,4.989999771118164,4.900000095367432,4.949999809265137,1354700,0.0,0.0
2026-06-30,4.929999828338623,5.050000190734863,4.920000076293945,4.96999979019165,2807100,0.0,0.0
2026-07-01,4.909999847412109,5.010000228881836,4.829999923706055,4.949999809265137,1896800,0.0,0.0
2026-07-02,4.980000019073486,5.050000190734863,4.869999885559082,4.920000076293945,1257800,0.0,0.0
2026-07-03,4.960000038146973,5.0,4.880000114440918,4.960000038146973,738000,0.0,0.0
2026-07-06,4.960000038146973,4.960000038146973,4.829999923706055,4.849999904632568,1480800,0.0,0.0
2026-07-07,4.829999923706055,4.889999866485596,4.809999942779541,4.840000152587891,1838100,0.0,0.0
2026-07-08,4.78000020980835,4.849999904632568,4.71999979019165,4.78000020980835,1165700,0.0,0.0
2026-07-09,4.78000020980835,4.900000095367432,4.760000228881836,4.860000133514404,858900,0.0,0.0
2026-07-10,4.920000076293945,5.019999980926514,4.869999885559082,4.989999771118164,2169300,0.0,0.0
2026-07-13,4.900000095367432,5.03000020980835,4.869999885559082,4.949999809265137,875800,0.0,0.0
2026-07-14,4.960000038146973,5.130000114440918,4.949999809265137,5.090000152587891,2167100,0.0,0.0
2026-07-15,5.099999904632568,5.230000019073486,5.059999942779541,5.190000057220459,2369300,0.0,0.0
2026-07-16,5.159999847412109,5.25,5.119999885559082,5.170000076293945,1778900,0.0,0.0
2026-07-17,5.150000095367432,5.210000038146973,4.989999771118164,5.090000152587891,2080800,0.0,0.0
2026-07-20,5.079999923706055,5.139999866485596,4.96999979019165,5.0,946000,0.0,0.0
2026-07-21,5.03000020980835,5.03000020980835,4.880000114440918,4.949999809265137,1168000,0.0,0.0
2026-07-22,5.03000020980835,5.03000020980835,4.920000076293945,5.019999980926514,949900,0.0,0.0
2026-07-23,4.960000038146973,5.03000020980835,4.889999866485596,5.010000228881836,1342500,0.0,0.0
2026-07-24,4.940000057220459,5.090000152587891,4.940000057220459,5.010000228881836,1122700,0.0,0.0
2026-07-27,5.039999961853027,5.110000133514404,4.989999771118164,5.059999942779541,1074900,0.0,0.0
2026-07-28,5.090000152587891,5.21999979019165,5.090000152587891,5.110000133514404,1430100,0.0,0.0
2026-07-29,5.119999885559082,5.119999885559082,4.940000057220459,5.03000020980835,1899600,0.0,0.0
2026-07-30,5.019999980926514,5.119999885559082,5.019999980926514,5.099999904632568,1492500,0.0,0.0
2026-07-31,5.099999904632568,5.110000133514404,4.869999885559082,5.099999904632568,1263400,0.0,0.0
2026-08-03,5.110000133514404,5.21999979019165,5.03000020980835,5.190000057220459,2073400,0.0,0.0
2026-08-04,5.210000038146973,5.260000228881836,5.039999961853027,5.090000152587891,1107900,0.0,0.0
2026-08-05,5.139999866485596,5.150000095367432,5.050000190734863,5.079999923706055,1138200,0.0,0.0
2026-08-06,5.300000190734863,5.389999866485596,5.039999961853027,5.119999885559082,2500800,0.0,0.0
2026-08-07,5.119999885559082,5.269999980926514,5.090000152587891,5.21999979019165,4095100,0.0,0.0
2026-08-10,5.179999828338623,5.309999942779541,5.159999847412109,5.289999961853027,3713700,0.0,0.0
2026-08-11,5.25,5.320000171661377,5.079999923706055,5.110000133514404,2148700,0.0,0.0
2026-08-12,5.119999885559082,5.159999847412109,5.090000152587891,5.150000095367432,1812500,0.0,0.0
2026-08-13,5.119999885559082,5.25,5.119999885559082,5.21999979019165,1573800,0.0,0.0
2026-08-14,5.199999809265137,5.210000038146973,4.900000095367432,4.980000019073486,2831100,0.0,0.0
2026-08-17,5.099999904632568,5.099999904632568,4.880000114440918,4.900000095367432,1669600,0.0,0.0
2026-08-18,4.880000114440918,4.949999809265137,4.75,4.940000057220459,1334700,0.0,0.0
2026-08-19,4.96999979019165,5.039999961853027,4.920000076293945,4.980000019073486,884900,0.0,0.0
2026-08-20,4.900000095367432,5.019999980926514,4.889999866485596,4.920000076293945,740100,0.0,0.0
2026-08-21,4.980000019073486,5.099999904632568,4.920000076293945,4.989999771118164,1360200,0.0,0.0
2026-08-24,4.980000019073486,5.070000171661377,4.920000076293945,5.050000190734863,1285200,0.0,0.0
2026-08-25,5.019999980926514,5.150000095367432,5.019999980926514,5.150000095367432,1655700,0.0,0.0
2026-08-26,5.130000114440918,5.260000228881836,5.099999904632568,5.130000114440918,4257300,0.0,0.0
2026-08-27,5.050000190734863,5.289999961853027,5.050000190734863,5.239999771118164,2127300,0.0,0.0
2026-08-28,5.25,5.28000020980835,5.150000095367432,5.199999809265137,882200,0.0,0.0
2026-08-31,5.300000190734863,5.300000190734863,5.199999809265137,5.199999809265137,1507800,0.0,0.0
2026-09-01,5.199999809265137,5.349999904632568,5.179999828338623,5.289999961853027,1667000,0.0,0.0
2026-09-02,5.300000190734863,5.630000114440918,5.179999828338623,5.5,4169200,0.0,0.0
2026-09-03,5.53000020980835,5.679999828338623,5.53000020980835,5.639999866485596,2527000,0.0,0.0
2026-09-04,5.650000095367432,5.670000076293945,5.5,5.639999866485596,1560300,0.0,0.0
2026-09-08,5.679999828338623,5.880000114440918,5.639999866485596,5.730000019073486,3383200,0.0,0.0
2026-09-09,5.630000114440918,5.710000038146973,5.420000076293945,5.480000019073486,1661700,0.0,0.0
2026-09-10,5.440000057220459,5.650000095367432,5.369999885559082,5.619999885559082,1572600,0.0,0.0
2026-09-11,5.599999904632568,5.659999847412109,5.480000019073486,5.550000190734863,1704200,0.0,0.0
2026-09-14,5.460000038146973,5.510000228881836,5.409999847412109,5.460000038146973,954500,0.0,0.0
2026-09-15,5.460000038146973,5.489999771118164,5.420000076293945,5.46999979019165,656400,0.0,0.0
2026-09-16,5.46999979019165,5.610000133514404,5.440000057220459,5.570000171661377,1482200,0.0,0.0
2026-09-17,5.599999904632568,5.619999885559082,5.440000057220459,5.559999942779541,929900,0.0,0.0
2026-09-18,5.519999980926514,5.619999885559082,5.460000038146973,5.619999885559082,2123500,0.0,0.0
2026-09-21,5.630000114440918,5.800000190734863,5.610000133514404,5.710000038146973,1555700,0.0,0.0
2026-09-22,5.710000038146973,5.71999979019165,5.579999923706055,5.710000038146973,1168200,0.0,0.0
2026-09-23,5.670000076293945,5.75,5.639999866485596,5.670000076293945,914500,0.0,0.0
2026-09-24,5.710000038146973,5.78000020980835,5.599999904632568,5.650000095367432,874000,0.0,0.0
2026-09-25,5.630000114440918,5.699999809265137,5.599999904632568,5.650000095367432,853000,0.0,0.0
2026-09-28,5.659999847412109,5.769999980926514,5.519999980926514,5.670000076293945,3496000,0.0,0.0
