Date,Open,High,Low,Close,Volume,Dividends,Stock splits
2020-09-17,11.325459051937237,11.535350907076785,11.159294068472338,11.50036907196045,2657235,0.0,0.0
2020-09-18,11.404169882581977,11.447896759162262,11.211768923415496,11.360442161560059,4236592,0.0,0.0
2020-09-21,11.133057988433933,11.150548907120953,10.765745318240167,10.84445571899414,6054588,0.0,0.0
2020-09-22,10.86194618868351,11.106821592541573,10.80947343071211,11.089330673217773,3728330,0.0,0.0
2020-09-23,11.098075021901398,11.36044132880055,11.001874549369983,11.063093185424805,5893909,0.0,0.0
2020-09-24,11.010620478206869,11.325459541179043,11.010620478206869,11.141802787780762,2433985,0.0,0.0
2020-09-25,11.106821370381061,11.272986367295932,10.93191133620002,11.194276809692383,4137369,0.0,0.0
2020-09-28,11.351696256143816,11.500370338423078,10.678290367126465,10.678290367126465,5156626,0.0,0.0
2020-09-29,10.695781520237452,10.78323611266475,10.249759298871117,10.310977935791016,5878924,0.0,0.0
2020-09-30,10.415923489078383,10.459651204145617,10.188539877393676,10.354704856872559,3314532,0.0,0.0
2020-10-01,10.354704858733413,10.582088470458984,10.162303081291311,10.582088470458984,4190524,0.0,0.0
2020-10-02,10.459651740600886,10.617071691804997,10.28474087136111,10.337214469909668,2806271,0.0,0.0
2020-10-05,10.345960663662579,10.582089330939002,10.15355887057537,10.424670219421387,4475231,0.0,0.0
2020-10-06,10.520869670240842,10.643306932719367,10.206030633392558,10.275994300842285,3356651,0.0,0.0
2020-10-07,10.29348796971491,10.337215692195276,9.89119342956054,9.969902992248535,6901724,0.0,0.0
2020-10-08,10.004883496434248,10.31972254958523,9.92617394425689,10.293486595153809,4521299,0.0,0.0
2020-10-09,10.258504283729966,10.503378810007257,10.092338461537224,10.197285652160645,5119974,0.0,0.0
2020-10-13,10.214778130420923,10.258505851717185,9.926175000977262,10.031122207641602,5640892,0.0,0.0
2020-10-14,10.144812682634226,10.459651740600886,10.066103129252951,10.337214469909668,5980880,0.0,0.0
2020-10-15,10.153558670778697,10.42467001428992,10.109830953008348,10.30223274230957,3933761,0.0,0.0
2020-10-16,10.319723019154194,10.468397938052188,10.15355887057537,10.424670219421387,4178982,0.0,0.0
2020-10-19,10.477143541607397,10.59958082261713,10.118577580553879,10.144813537597656,2962394,0.0,0.0
2020-10-20,10.223521656198502,10.31097708585844,10.083592630965994,10.241012573242188,3759109,0.0,0.0
2020-10-21,10.267251323470612,10.310979046615937,9.94366718552521,10.013630867004395,5534582,0.0,0.0
2020-10-22,10.004883559730851,10.022375322051191,9.847464454380212,9.917428970336914,4550964,0.0,0.0
2020-10-23,9.891192118817113,9.917428917716862,9.707536215401959,9.768754005432129,2737423,0.0,0.0
2020-10-26,9.7512644622697,9.864955856280838,9.628827186669279,9.786246299743652,3410717,0.0,0.0
2020-10-27,9.821227395052762,9.829973275981143,9.4539155960083,9.4539155960083,3148284,0.0,0.0
2020-10-28,9.322731627714685,9.33147750787285,8.981656657050994,9.007892608642578,5644334,0.0,0.0
2020-10-29,8.981657609317905,9.095348996779277,8.719291310053425,9.042876243591309,3047442,0.0,0.0
2020-10-30,9.007894388377965,9.042877071480875,8.658073468440216,8.736783027648926,3034989,0.0,0.0
2020-11-03,8.955420353370855,9.03413075321924,8.596854413308403,8.684309005737305,6314692,0.0,0.0
2020-11-04,8.789256324101776,9.287751307658308,8.754274486658312,9.252769470214844,6067851,0.0,0.0
2020-11-05,9.436424625252375,10.127321348118596,9.375205992424345,10.057356834411621,9428756,0.0,0.0
2020-11-06,9.987393063637613,10.363449893221095,9.760009451952905,10.354704856872559,7714031,0.0,0.0
2020-11-09,10.590834501007734,10.835709897303863,10.0573576781187,10.092339515686035,4969521,0.0,0.0
2020-11-10,10.109830483305824,10.564597713659094,10.01362917090394,10.398432731628418,5618516,0.0,0.0
2020-11-11,10.3197218110886,10.58208809215982,10.101084087970737,10.415923118591309,7114546,0.0,0.0
2020-11-12,10.37219593451314,10.450905485075525,9.777499675949489,9.908682823181152,6246350,0.0,0.0
2020-11-13,9.952411012153515,10.127321883445926,9.838719621366705,10.074849128723145,2223896,0.0,0.0
2020-11-16,10.241012997407871,10.293486595153809,10.013629377539086,10.293486595153809,3943886,0.0,0.0
2020-11-17,10.241012578976306,10.503378868103027,10.118576159601956,10.503378868103027,4000078,0.0,0.0
2020-11-18,10.564598364934133,10.582089283419593,10.206031580436678,10.310977935791016,3795052,0.0,0.0
2020-11-19,10.249758145022797,10.49463266513608,10.179793634515509,10.415923118591309,2272293,0.0,0.0
2020-11-23,10.179794100067681,10.197285861825568,9.943665449634505,10.057356834411621,2371515,0.0,0.0
2020-11-24,10.083592636611971,10.844454706191158,9.996138051344579,10.503378868103027,8031543,0.0,0.0
2020-11-25,10.43341602452719,10.713273275477388,10.345961425269298,10.60832691192627,3864001,0.0,0.0
2020-11-26,10.599580028256629,10.599580028256629,10.319722803749313,10.494633674621582,2264598,0.0,0.0
2020-11-27,10.55585177929745,10.791981274203083,10.433414513625353,10.547106742858887,3319898,0.0,0.0
2020-11-30,10.564597925355221,11.063092881436221,10.415923857752574,10.520870208740234,5226081,0.0,0.0
2020-12-01,10.643308510230742,11.561589803806916,10.643308510230742,11.281732559204102,10056084,0.0,0.0
2020-12-02,11.342950446148219,11.49162367386095,10.99312870251853,11.369186401367188,5698704,0.0,0.0
2020-12-03,11.465386822053365,11.963881754413684,11.325458642208758,11.745244026184082,7370702,0.0,0.0
2020-12-04,11.771480566980282,11.867681881534512,11.482879156642232,11.544096946716309,2805663,0.0,0.0
2020-12-07,11.570334614406505,11.622807371742068,11.194276897955996,11.351696014404297,2578566,0.0,0.0
2020-12-08,11.33420398632752,11.55284256493762,11.141802206038937,11.342949867248535,3077614,0.0,0.0
2020-12-09,11.281732474662816,11.369187071281814,10.94940162974413,11.089330673217773,3499916,0.0,0.0
2020-12-10,11.168040102944067,11.544096946716309,10.861945241482841,11.544096946716309,4726325,0.0,0.0
2020-12-11,11.395423733012764,11.482880017444575,11.150549176593492,11.386678695678711,3278995,0.0,0.0
2020-12-14,11.474132852093144,11.58782423580881,11.334203825985604,11.491622924804688,2854870,0.0,0.0
2020-12-15,11.491623031836532,11.622806178368608,11.246749344971406,11.45664119720459,4822003,0.0,0.0
2020-12-16,11.465387922418486,11.58782519708835,11.281732010413691,11.526606559753418,4924769,0.0,0.0
2020-12-17,11.535350479036007,11.823953563581995,11.369185501736972,11.447895050048828,4426734,0.0,0.0
2020-12-18,11.430405882055641,11.500369555228321,11.255495010240796,11.369186401367188,2809106,0.0,0.0
2020-12-21,11.080585699157286,11.412915726861844,10.765746592209544,11.316715240478516,1995685,0.0,0.0
2020-12-22,11.342950507736854,11.412914181289414,11.089330080004878,11.220512390136719,2227845,0.0,0.0
2020-12-23,11.229257738705009,11.55284266907649,11.194275903588673,11.50036907196045,3502245,0.0,0.0
2020-12-28,11.579078515269167,11.640297992814459,11.386677579481075,11.535350799560547,1862444,0.0,0.0
2020-12-29,11.605316514860997,11.77148151397705,11.55284375724406,11.77148151397705,1769600,0.0,0.0
2020-12-30,11.753990436606989,11.876426860602775,11.570333689509447,11.692770957946777,2128015,0.0,0.0
2021-01-04,11.80646256359796,11.832700207315913,11.447895788292438,11.587824821472168,2829153,0.0,0.0
2021-01-05,11.544097812107783,11.552843693883448,11.246750498359358,11.386678695678711,3723976,0.0,0.0
2021-01-06,11.369185712679402,11.404168391588241,10.861944890695694,10.923164367675781,5130808,0.0,0.0
2021-01-07,10.966893505834427,11.036857183846207,10.660800303428815,11.019366264343262,4449818,0.0,0.0
2021-01-08,11.036857975044404,11.587826623313374,10.984385212773958,11.316715240478516,5364993,0.0,0.0
2021-01-11,11.18553119301814,11.351696193870177,11.080584832246242,11.203022956848145,2575528,0.0,0.0
2021-01-12,11.255495071354575,11.281731871157575,11.06309328020188,11.220512390136719,3825021,0.0,0.0
2021-01-13,11.17678467194558,11.307967826518997,11.001874643622601,11.220512390136719,3613718,0.0,0.0
2021-01-14,11.29047747747976,12.025102842359475,11.264240676353708,11.850191116333008,7293450,0.0,0.0
2021-01-15,11.675279503192094,11.675279503192094,11.395422299321426,11.447895050048828,2958952,0.0,0.0
2021-01-18,11.509114474394,11.701516248416564,11.316712700371438,11.404168128967285,1934937,0.0,0.0
2021-01-19,11.526606894406063,11.526606894406063,11.185531016179263,11.351696014404297,2222074,0.0,0.0
2021-01-20,11.369186685732052,11.421660286365599,11.080584415572327,11.150548934936523,2816598,0.0,0.0
2021-01-21,11.238004326496071,11.325459764228777,10.931911138873192,11.071839332580566,5271035,0.0,0.0
2021-01-22,10.940656817847382,10.97563950165778,10.713273173067169,10.94940185546875,3814897,0.0,0.0
2021-01-26,11.019365105044102,11.08058373908468,10.590833822318514,10.634561538696289,2807081,0.0,0.0
2021-01-27,10.634562357169212,11.12431231162824,10.529616843115429,10.966893196105957,4944614,0.0,0.0
2021-01-28,10.958146819523723,11.316713598560657,10.87943726531701,11.29047679901123,3665557,0.0,0.0
2021-01-29,11.10682192768367,11.10682192768367,10.555853307929887,10.60832691192627,7416668,0.0,0.0
2021-02-01,10.765745115437579,10.888183232823435,10.52087056954902,10.68703556060791,4761761,0.0,0.0
2021-02-02,10.783236174214068,11.133057923686321,10.783236174214068,10.958147048950195,4062547,0.0,0.0
2021-02-03,10.97563890318842,11.316713929540098,10.9668930216023,11.150548934936523,3479059,0.0,0.0
2021-02-04,11.159294994087775,11.290477308875808,10.905673712912172,10.966893196105957,2064229,0.0,0.0
2021-02-05,11.001875145248384,11.106821504803786,10.87943786650735,10.93191146850586,1925014,0.0,0.0
2021-02-08,10.93191092357422,11.168040431913743,10.853200524499995,11.141802787780762,3253176,0.0,0.0
2021-02-09,11.168039742271567,11.2380034112062,10.861944890695694,10.923164367675781,2687913,0.0,0.0
2021-02-10,10.905673306739388,10.966892787653105,10.60832600577824,10.68703556060791,2680016,0.0,0.0
2021-02-11,10.757000545744122,10.879437824006855,10.695781906612757,10.818219184875488,1721102,0.0,0.0
2021-02-12,10.818219227136833,10.958147425063498,10.652054228210915,10.93191146850586,2271179,0.0,0.0
2021-02-17,10.931910999160788,10.94065603615734,10.704527370626725,10.800727844238281,3546389,0.0,0.0
2021-02-18,10.774490627330541,10.774490627330541,10.42466973885219,10.520870208740234,3319291,0.0,0.0
2021-02-19,10.512124220172385,10.599579652508279,10.415923751267824,10.555851936340332,2398649,0.0,0.0
2021-02-22,10.310978178087852,10.310978178087852,9.952411385164464,9.97864818572998,5193277,0.0,0.0
2021-02-23,10.013629849856542,10.17979484315368,9.908683493856163,10.162303924560547,3330428,0.0,0.0
2021-02-24,10.232267696458292,10.372195879430716,10.057356834411621,10.057356834411621,3125807,0.0,0.0
2021-02-25,10.066102929575912,10.136066600330734,9.829973429674528,9.952410697937012,4235883,0.0,0.0
2021-02-26,9.952410651213832,9.99613836745108,9.515134333282882,9.646317481994629,4175539,0.0,0.0
2021-03-01,9.707536342829636,9.742518178860799,9.296496813918013,9.313987731933594,4330650,0.0,0.0
2021-03-02,9.287750505649633,9.366460055321557,8.841728316772862,9.226531028747559,5546225,0.0,0.0
2021-03-03,9.165313240728524,9.383950972532928,8.806746482350123,9.226531028747559,5773526,0.0,0.0
2021-03-04,9.287750970888432,9.655062784051013,9.200295536009275,9.620080947875977,4717719,0.0,0.0
2021-03-05,9.532626969848216,9.847465204533007,9.488899249599413,9.794992446899414,3827046,0.0,0.0
2021-03-08,9.567608329256663,9.620081084263143,9.069112512266438,9.130331993103027,4835571,0.0,0.0
2021-03-09,9.182806066169869,9.217788752303694,8.85047603676955,8.920439720153809,6909014,0.0,0.0
2021-03-10,8.964165993855726,9.313987731933594,8.850474604533668,9.313987731933594,7090247,0.0,0.0
2021-03-11,9.331479794387773,10.258506162880716,9.305242991925867,10.11857795715332,8240315,0.0,0.0
2021-03-12,9.996139193583238,10.153559153935634,9.891192834828844,10.136067390441895,3858737,0.0,0.0
2021-03-15,10.066103187282152,10.319722766923713,9.996138670294597,10.1885404586792,3304813,0.0,0.0
2021-03-16,10.171049775678302,10.188540694219157,9.786246190013161,9.856210708618164,2093794,0.0,0.0
2021-03-17,9.81248228182257,10.092339515686035,9.637572249544302,10.092339515686035,3056554,0.0,0.0
2021-03-18,10.031122479274375,10.179795722377627,9.856211589352911,9.969902992248535,3039747,0.0,0.0
2021-03-19,9.969902239035669,10.171049916137244,9.829974044334884,10.12732219696045,2984264,0.0,0.0
2021-03-22,10.031121351009157,10.407178202047763,10.031121351009157,10.1885404586792,4564430,0.0,0.0
2021-03-23,10.15355858321511,10.162303620028823,9.81248188088287,9.847464561462402,3187062,0.0,0.0
2021-03-24,9.978648677301619,10.35470640764697,9.882448196411133,9.882448196411133,4868881,0.0,0.0
2021-03-25,9.847464780174121,10.01362977218234,9.663808869708443,9.742518424987793,4746675,0.0,0.0
2021-03-26,9.76000997042631,9.952410913613084,9.55886230154332,9.812481880187988,4274762,0.0,0.0
2021-03-29,9.698790443599046,9.847464513117872,9.59384409125879,9.80373764038086,4142027,0.0,0.0
2021-03-30,9.733772938676537,10.109831500764924,9.716282863950658,10.02237606048584,4528994,0.0,0.0
2021-03-31,9.969901507100358,10.267249637896262,9.856210121140565,10.24975872039795,4323462,0.0,0.0
2021-04-01,10.267250391661236,10.267250391661236,10.03986675860686,10.12732219696045,3218752,0.0,0.0
2021-04-05,10.24975834776939,10.302231942798189,10.144812002153294,10.275994300842285,2984466,0.0,0.0
2021-04-06,10.293486693999354,10.459651681054545,10.258504858127171,10.450905799865723,5210388,0.0,0.0
2021-04-07,10.477142658636552,10.520870375946496,10.21477719921845,10.337214469909668,5309408,0.0,0.0
2021-04-08,10.389687371551851,10.424669205276714,10.162302919015728,10.275994300842285,2631619,0.0,0.0
2021-04-09,10.171048120093413,10.319721325711297,10.109829492944446,10.28473949432373,3076500,0.0,0.0
2021-04-12,10.275995207227277,10.31097788847926,10.057357460499876,10.232268333435059,2578971,0.0,0.0
2021-04-13,10.206032248385016,10.206032248385016,10.013630443569786,10.031122207641602,2812245,0.0,0.0
2021-04-14,10.039867245235872,10.197287210790746,9.978648604309432,10.031122207641602,2487443,0.0,0.0
2021-04-15,10.039867318675865,10.092340077950228,9.803738635278767,9.882448196411133,4697874,0.0,0.0
2021-04-16,9.838719417661594,9.92617400705553,9.794991700743848,9.917428970336914,3242546,0.0,0.0
2021-04-19,9.917429126961633,10.136066870561724,9.812481929148385,9.92617416381836,3666670,0.0,0.0
2021-04-20,9.92617530206045,10.11857795715332,9.856211621417584,10.11857795715332,2647920,0.0,0.0
2021-04-22,10.136067959247244,10.24101432389091,9.84746566758758,9.891193389892578,4290658,0.0,0.0
2021-04-23,9.943666837785377,10.074850002633749,9.821228710595244,9.882448196411133,2633138,0.0,0.0
2021-04-26,9.969902992248535,10.022376597001637,9.838720669249097,9.969902992248535,2253967,0.0,0.0
2021-04-27,9.978647554746242,10.083593061489045,9.794991651284015,9.838719367980957,4160049,0.0,0.0
2021-04-28,9.86495551760852,10.19728633996823,9.812481918757461,10.1885404586792,4987644,0.0,0.0
2021-04-29,10.197285660328138,10.844454654894689,10.127321148003656,10.652052879333496,11541989,0.0,0.0
2021-04-30,10.60832564197021,10.695781075200184,10.398432939994889,10.520870208740234,6096808,0.0,0.0
2021-05-03,11.063093160514885,11.500369493253986,10.389688165428103,10.494633674621582,20766631,0.0,0.0
2021-05-04,10.512124384773296,10.520870265920445,10.162303494393692,10.372196197509766,6468386,0.0,0.0
2021-05-05,10.354705013872874,10.433414564410699,10.127321398740525,10.363450050354004,4630140,0.0,0.0
2021-05-06,10.372195610247916,10.7132714446106,10.275994300842285,10.275994300842285,5813417,0.0,0.0
2021-05-07,10.363450206737488,11.001874190479572,10.249758819676487,10.704526901245117,8486649,0.0,0.0
2021-05-10,10.704528013015407,10.844456213331688,10.59958080722616,10.678290367126465,3899236,0.0,0.0
2021-05-11,10.582089887741828,10.704528013015407,10.47714352639421,10.678290367126465,2640833,0.0,0.0
2021-05-12,10.555851024677937,10.625816377833898,10.354704223230774,10.407176971435547,3707169,0.0,0.0
2021-05-13,10.477142912462718,10.757000141138052,10.424670157084481,10.573344230651855,4782112,0.0,0.0
2021-05-14,10.67828931300095,10.71327199295787,10.380942022237203,10.520870208740234,4102135,0.0,0.0
2021-05-17,10.547107165476588,10.599579919535106,10.398433095648446,10.564598083496094,1670985,0.0,0.0
2021-05-18,10.555851675060355,10.64330710523154,10.442160291391028,10.617071151733398,1932912,0.0,0.0
2021-05-19,10.494633831007764,10.67828974149546,10.389688320250436,10.538361549377441,2972418,0.0,0.0
2021-05-20,10.547106945611603,11.054347779811135,10.503379229253605,10.861945152282715,7341542,0.0,0.0
2021-05-21,10.879438208383004,10.92316592994199,10.590835077205366,10.722018241882324,3055238,0.0,0.0
2021-05-24,10.722017863067904,10.853201023110094,10.652054186598692,10.818219184875488,2083770,0.0,0.0
2021-05-25,10.853201023110094,10.949401500476066,10.73950962662682,10.818219184875488,2971608,0.0,0.0
2021-05-26,10.844455186953063,11.089329725440694,10.69578111874513,10.826963424682617,5936432,0.0,0.0
2021-05-27,10.826963630729843,10.984383583068848,10.687035440994169,10.984383583068848,2975658,0.0,0.0
2021-05-28,11.019364565802741,11.028110446426926,10.84445455329254,10.91441822052002,1473654,0.0,0.0
2021-05-31,10.958146202143098,10.993128036610416,10.7744903045274,10.923164367675781,1617121,0.0,0.0
2021-06-01,11.01061954204552,11.334203614441533,10.975637708392304,11.211767196655273,7755138,0.0,0.0
2021-06-02,11.220513116513269,11.47413440510537,11.106821717409588,11.360442161560059,6542499,0.0,0.0
2021-06-04,11.360441364930999,11.474133600503864,11.21176813721186,11.439151763916016,3440079,0.0,0.0
2021-06-07,11.421660402177979,11.727753594172054,11.334204963196358,11.649044036865234,4423089,0.0,0.0
2021-06-08,11.622806075195236,11.692770588279586,11.421659261184816,11.561588287353516,3037520,0.0,0.0
2021-06-09,11.561588926596604,11.666534435363316,11.430405773975867,11.474133491516113,3068704,0.0,0.0
2021-06-10,11.491624339506886,11.684026140759668,11.4216606622816,11.657790184020996,3256214,0.0,0.0
2021-06-11,11.68808749481772,11.785488765791223,11.245356901495523,11.360466957092285,4412200,0.0,0.0
2021-06-14,11.404741564627399,11.537560420910827,11.378177962259052,11.51099681854248,2136900,0.0,0.0
2021-06-15,11.510994167461513,11.891742706298828,11.466720944082978,11.891742706298828,4658000,0.0,0.0
2021-06-16,11.91830722169485,11.953725634240865,11.510995055194906,11.572977066040039,4009400,0.0,0.0
2021-06-17,11.519849123765857,11.590685944272641,11.298483848571777,11.298483848571777,3295700,0.0,0.0
2021-06-18,11.33390340297896,11.449013459033184,11.165665303960633,11.387030601501465,6605900,0.0,0.0
2021-06-21,11.395885200773673,11.723505733611582,11.360466787613941,11.626105308532715,3897200,0.0,0.0
2021-06-22,11.572976370509226,11.60839478092661,11.192228669632737,11.30733871459961,4752700,0.0,0.0
2021-06-23,11.147955543106063,11.42244801513371,11.006281900196113,11.032845497131348,10693500,0.0,0.0
2021-06-24,11.156810925267132,11.183374523555615,10.758352728732078,10.891172409057617,6733400,0.0,0.0
2021-06-25,10.908880070384951,10.97086291926769,10.439585941526511,10.519277572631836,8946500,0.0,0.0
2021-06-28,10.563552849160223,10.678662911537817,10.439587971728587,10.58126163482666,3736600,0.0,0.0
2021-06-29,10.590115402700023,10.607824186615368,10.324476888437406,10.528133392333984,4874500,0.0,0.0
2021-06-30,10.448442547699514,10.607824992817008,10.289059258140398,10.501569747924805,5581600,0.0,0.0
2021-07-01,10.45729736941338,10.581261399648156,10.404169324711603,10.483860969543457,4738700,0.0,0.0
2021-07-02,10.545841516018605,10.545841516018605,10.289057832010583,10.32447624206543,4618600,0.0,0.0
2021-07-05,10.351040189047684,10.439586639404297,10.253639769208636,10.439586639404297,7246800,0.0,0.0
2021-07-06,10.3687506986309,10.395314298220178,10.04998497023473,10.094257354736328,6485700,0.0,0.0
2021-07-07,10.200514205936956,10.413024707450226,10.067694509159912,10.359896659851074,5881600,0.0,0.0
2021-07-08,10.165093074111384,10.218221111934517,9.899455418320256,10.03227424621582,9138300,0.0,0.0
2021-07-12,10.120821195707933,10.297913256486929,10.067693155253455,10.191658020019531,4654500,0.0,0.0
2021-07-13,10.20936654403033,10.439586639404297,10.120820938115251,10.439586639404297,5588400,0.0,0.0
2021-07-14,10.528132635817794,10.616678237915039,10.430731375736878,10.616678237915039,4683100,0.0,0.0
2021-07-15,10.56355209713887,10.643243738068684,10.475005641785392,10.63438892364502,3531400,0.0,0.0
2021-07-16,10.625533562586936,10.69637038544886,10.448441505432129,10.448441505432129,2300100,0.0,0.0
2021-07-19,10.342185917250987,10.501568341015806,10.271349096812953,10.35103988647461,2937900,0.0,0.0
2021-07-20,10.324476928262449,10.73178909318519,10.306768144278795,10.572405815124512,4276200,0.0,0.0
2021-07-21,10.607823929468106,10.616678743431905,10.351040235608705,10.466150283813477,3421000,0.0,0.0
2021-07-22,10.457296562301963,10.5989702113166,10.404168521700695,10.545842170715332,2619000,0.0,0.0
2021-07-23,10.545841873167312,10.625533509599958,10.333331405641282,10.439586639404297,1656300,0.0,0.0
2021-07-26,10.448443124369104,10.510425142866724,10.333333058272332,10.359896659851074,2596200,0.0,0.0
2021-07-27,10.34218709904162,10.34218709904162,10.07654856982401,10.094257354736328,2696600,0.0,0.0
2021-07-28,10.156240412079507,10.315622857180427,10.067693952457732,10.147385597229004,3093500,0.0,0.0
2021-07-29,10.182803767290379,10.235931810674025,10.023420481581043,10.067693710327148,2553200,0.0,0.0
2021-07-30,10.023419275504564,10.023419275504564,9.660380363464355,9.660380363464355,5569800,0.0,0.0
2021-08-02,9.74892742809951,9.855182664373428,9.492143729327152,9.527562141418457,7174800,0.0,0.0
2021-08-03,9.500997600581373,9.509852414622845,9.102540257572105,9.492143630981445,7483000,0.0,0.0
2021-08-04,9.483289383701438,9.545271396812963,9.288487685354596,9.350470542907715,5003900,0.0,0.0
2021-08-05,9.377035106442003,9.412453523925267,9.031704902648926,9.031704902648926,4679200,0.0,0.0
2021-08-06,9.040559718130162,9.075978135613425,8.872322446195083,9.031704902648926,7642900,0.0,0.0
2021-08-09,9.022849185809113,9.217650884727732,8.996285586460719,9.040558815002441,5642900,0.0,0.0
2021-08-10,9.031703503290366,9.12024995550011,8.836901815093858,8.88117504119873,6032000,0.0,0.0
2021-08-11,8.890030567272241,8.943158611741193,8.71293849311176,8.801484107971191,4469400,0.0,0.0
2021-08-12,8.766066184537202,8.783775815166806,8.606683731079102,8.606683731079102,4196800,0.0,0.0
2021-08-13,8.659809776602115,8.730646600769047,8.438444489970067,8.535845756530762,4392400,0.0,0.0
2021-08-16,8.50042765684708,8.544700040247305,8.217079505324454,8.332189559936523,4990200,0.0,0.0
2021-08-17,8.314479775244484,8.358752153318804,7.907167648093774,8.305624961853027,14311700,0.0,0.0
2021-08-18,8.314481305038413,8.376463321299811,8.101969966750577,8.163952827453613,8792100,0.0,0.0
2021-08-19,8.137388052065223,8.429591024794203,8.075406038319901,8.403026580810547,10913900,0.0,0.0
2021-08-20,8.323334188290518,8.836901570215934,8.305625405004225,8.783774375915527,7349700,0.0,0.0
2021-08-23,8.828047194545071,8.890029199857103,8.571263515399016,8.64210033416748,5447800,0.0,0.0
2021-08-24,8.730646966101284,9.06712231719473,8.642101354408222,9.00514030456543,6931300,0.0,0.0
2021-08-25,8.9608680676824,9.0494145336114,8.863467630713846,9.031704902648926,4252200,0.0,0.0
2021-08-26,8.943157895522173,9.093686357613809,8.80148340309827,8.88117504119873,5757000,0.0,0.0
2021-08-27,8.898885159222209,9.084832043544163,8.881175530028882,9.040558815002441,5047900,0.0,0.0
2021-08-30,9.031703701925883,9.049413330533943,8.863466452357164,8.952012062072754,2887700,0.0,0.0
2021-08-31,8.969722074782313,9.058267688289604,8.721793174743652,8.721793174743652,4622700,0.0,0.0
2021-09-01,8.810338371260094,8.978576464512013,8.677519535064635,8.907739639282227,6557100,0.0,0.0
2021-09-02,8.872321141682916,8.969721564330523,8.562409400939941,8.562409400939941,5249400,0.0,0.0
2021-09-03,8.633246370113765,8.712938010179313,8.47386308998267,8.624391555786133,5283600,0.0,0.0
2021-09-06,8.615536341380626,8.872320878308283,8.597827557989271,8.79262924194336,2366400,0.0,0.0
2021-09-08,8.783776172626677,8.810339775210435,8.349900337844606,8.385318756103516,6152700,0.0,0.0
2021-09-09,8.394171258417098,8.659809771094935,8.190515600177072,8.55355453491211,7615200,0.0,0.0
2021-09-10,8.66866433085001,8.801483161070758,8.456153864720202,8.473862648010254,4556400,0.0,0.0
2021-09-13,8.659809916689216,8.757211184825541,8.4561542550252,8.6155366897583,5392000,0.0,0.0
2021-09-14,8.633245815248038,8.810337868210977,8.615536187730987,8.766064643859863,4025300,0.0,0.0
2021-09-15,8.78377468877305,8.78377468877305,8.482717762209374,8.562409400939941,4030900,0.0,0.0
2021-09-16,8.491572627755142,8.606682679457657,8.420735802775372,8.571264266967773,5283800,0.0,0.0
2021-09-17,8.571264168614228,8.650955806912414,8.367607665803135,8.535845756530762,8450200,0.0,0.0
2021-09-20,8.411880950743743,8.535845816122086,8.17280603418013,8.252497673034668,6342200,0.0,0.0
2021-09-21,8.287915732674527,8.500427042057098,8.243643352476285,8.447299003601074,5842000,0.0,0.0
2021-09-22,8.55355507352907,8.766065559276495,8.394171786997699,8.721793174743652,6712000,0.0,0.0
2021-09-23,8.721793263803468,8.890030522294344,8.712938449029838,8.774920463562012,4967600,0.0,0.0
2021-09-24,8.72179236775121,8.845756384079845,8.588972693117137,8.783774375915527,5600600,0.0,0.0
2021-09-27,8.863466219938053,8.87232103400989,8.438444433346868,8.544699668884277,7925300,0.0,0.0
2021-09-28,8.4915728423904,8.562409669160662,8.296771146551393,8.332189559936523,5981000,0.0,0.0
2021-09-29,8.411880802463841,8.465008842244208,8.190515518188477,8.190515518188477,7319900,0.0,0.0
2021-09-30,8.217078835268016,8.243643276471872,7.951440334320068,7.951440334320068,7809600,0.0,0.0
2021-10-01,7.995714386646222,8.110824443793355,7.836331945123858,8.048842430114746,5306700,0.0,0.0
2021-10-04,7.995715263480758,7.995715263480758,7.614967480561852,7.676949501037598,5516800,0.0,0.0
2021-10-05,7.6946571303129065,7.774348770045887,7.597256706440135,7.6238203048706055,5726000,0.0,0.0
2021-10-06,7.544129114948838,7.836331215723748,7.464437479384494,7.792057991027832,8319500,0.0,0.0
2021-10-07,7.8186221638224565,7.9425870332113355,7.75664015134881,7.827476978302002,5861400,0.0,0.0
2021-10-08,7.9071682123695455,8.73950130840982,7.889458584322827,8.518136024475098,9043700,0.0,0.0
2021-10-11,8.509280963531461,8.677519047327221,8.420735359191895,8.420735359191895,4797600,0.0,0.0
2021-10-13,8.420736224742532,8.916594024448594,8.420736224742532,8.739501953125,8616800,0.0,0.0
2021-10-14,8.792629089853385,8.872320724839849,8.659809416728775,8.748355865478516,4504800,0.0,0.0
2021-10-15,8.792630188700855,8.854612203906884,8.704083728885136,8.810338973999023,4191400,0.0,0.0
2021-10-18,8.721792609439362,9.013994719513349,8.633246157229618,8.88117504119873,3839600,0.0,0.0
2021-10-19,8.76606470601427,8.77491951983558,8.305625365045957,8.429590225219727,9471100,0.0,0.0
2021-10-20,8.491574010880246,8.562410847398064,8.323335890819147,8.385318756103516,4772200,0.0,0.0
2021-10-21,8.208225603966628,8.323334815099939,7.774348980817666,7.854040622711182,8508500,0.0,0.0
2021-10-22,7.827476486230752,7.827476486230752,7.048270594288527,7.34047269821167,19423100,0.0,0.0
2021-10-25,7.437873250228189,7.880603820942762,7.322764044950963,7.730075359344482,12654100,0.0,0.0
2021-10-26,7.730076274570927,8.022279262725052,7.526420593261719,7.526420593261719,9543400,0.0,0.0
2021-10-27,7.570694246889878,7.871751222529266,7.526421013217904,7.676949501037598,8959700,0.0,0.0
2021-10-28,7.623820933219061,7.721222209561128,7.269636776816016,7.313910007476807,7848600,0.0,0.0
2021-10-29,7.305054462491545,7.526419749233712,7.172235628222865,7.251926422119141,11356200,0.0,0.0
2021-11-01,7.375891109461701,7.623819988211921,7.2784906896344985,7.34047269821167,6480100,0.0,0.0
2021-11-03,7.260782807430546,7.854041971831453,7.260782807430546,7.800914764404297,7854600,0.0,0.0
2021-11-04,7.765494420777037,7.889458437023435,7.473291474552532,7.641529560089111,6730100,0.0,0.0
2021-11-05,7.712366596435671,7.9780051084694925,7.668093370356442,7.889458656311035,5272200,0.0,0.0
2021-11-08,7.809767627384037,7.862895671711174,7.67694878322862,7.774349212646484,4823200,0.0,0.0
2021-11-09,7.783204411328221,8.048842957182623,7.747785994843745,7.898314476013184,4712200,0.0,0.0
2021-11-10,7.889458409805627,8.084260091802742,7.694656727808512,7.792057991027832,5044100,0.0,0.0
2021-11-11,7.8806032969554,8.155096604101445,7.818621291397886,8.013422966003418,4988700,0.0,0.0
2021-11-12,8.013423958981168,8.101969571543755,7.818622260236921,7.862895488739014,4195500,0.0,0.0
2021-11-16,7.933731860982792,7.960295458782032,7.659238535585475,7.730075359344482,6547600,0.0,0.0
2021-11-17,7.800911855469322,7.88945744964346,7.517563758564385,7.659237384796143,7798900,0.0,0.0
2021-11-18,7.668094062909525,7.91602296912703,7.561838817387737,7.632675647735596,5171200,0.0,0.0
2021-11-19,7.6238201442772136,7.9691502943653365,7.597256546406297,7.889458656311035,6403700,0.0,0.0
2021-11-22,7.898312262393301,8.057695514124738,7.588400571680263,7.659237384796143,4694700,0.0,0.0
2021-11-23,7.6592385024592335,7.712366542269485,7.136817140606414,7.375891208648682,11195900,0.0,0.0
2021-11-24,7.3316186970494535,7.6061120479978355,7.110253391086498,7.455583572387695,8904800,0.0,0.0
2021-11-25,7.482146139091596,7.721221041838263,7.482146139091596,7.597256183624268,4895400,0.0,0.0
2021-11-26,7.393599768412714,7.53527339484721,7.225361703690683,7.491000175476074,6594400,0.0,0.0
2021-11-29,7.579548106237737,7.588402076301712,7.30505476765635,7.3227643966674805,6308500,0.0,0.0
2021-11-30,7.296199524767023,7.402454759270442,7.0571250360239475,7.349327564239502,8792000,0.0,0.0
2021-12-01,7.464437696711345,7.650384570294809,7.119107547358754,7.207653999328613,11564200,0.0,0.0
2021-12-02,7.234218588981843,7.508711107727586,7.207654987525535,7.41131067276001,8434100,0.0,0.0
2021-12-03,7.42901906391954,8.057696489776298,7.375891025429008,7.80976676940918,9799700,0.0,0.0
2021-12-06,7.880604559828397,8.19051632616255,7.809767729427727,7.969151020050049,7220500,0.0,0.0
2021-12-07,8.06655249042355,8.14624414600602,7.756641528587176,7.800914764404297,4874200,0.0,0.0
2021-12-08,7.845186101049769,7.960296160921854,7.446728721148936,7.942587375640869,12094400,0.0,0.0
2021-12-09,7.889458635023025,7.933731860982792,7.579547742187753,7.730075359344482,3680600,0.0,0.0
2021-12-10,7.792058609879154,7.933732264604697,7.730075752605536,7.854040622711182,3906800,0.0,0.0
2021-12-13,7.8806045539531,7.907168998664768,7.526420402213807,7.632675647735596,6618800,0.0,0.0
2021-12-14,7.5706933317266705,7.597256930942105,7.110253108303952,7.17223596572876,12107600,0.0,0.0
2021-12-15,7.172235949455599,7.189944734078512,6.871179010891754,7.021707057952881,15833700,0.0,0.0
2021-12-16,7.083689160888323,7.287344818931917,6.968579110690901,7.07483434677124,7664000,0.0,0.0
2021-12-17,6.950870469575359,7.05712571429107,6.8446152248596475,6.924306869506836,6504300,0.0,0.0
2021-12-20,6.888888445719548,6.888888445719548,6.587831497192383,6.587831497192383,4165500,0.0,0.0
2021-12-21,6.64095911948174,6.658668326911526,6.393029793243932,6.587831497192383,4804300,0.0,0.0
2021-12-22,6.64095911948174,6.649813934307038,6.455012230358586,6.587831497192383,4503700,0.0,0.0
2021-12-23,6.605539977139283,6.614394368768616,6.42844792234497,6.499284744262695,4041200,0.0,0.0
2021-12-27,6.53470333210242,6.60554015593755,6.366465664383597,6.410738468170166,4925300,0.0,0.0
2021-12-28,6.419593666435366,6.516994516147934,6.322192816722799,6.366466045379639,4498400,0.0,0.0
2021-12-29,6.366465615328552,6.42844804681709,6.277919586216906,6.39302921295166,4659300,0.0,0.0
2021-12-30,6.446157552588618,6.5435579780332285,6.375320303782368,6.481575965881348,6812400,0.0,0.0
2022-01-03,6.552412780109568,6.587831193335502,6.269065052081309,6.313338279724121,6696200,0.0,0.0
2022-01-04,6.331047188879515,6.375319992221425,6.127391111288567,6.207082748413086,5803600,0.0,0.0
2022-01-05,6.215937419877855,6.561267159254183,6.13624577916763,6.1451005935668945,11319100,0.0,0.0
2022-01-06,6.189372916314311,6.313337774913719,6.038844883250612,6.15395450592041,7915500,0.0,0.0
2022-01-07,6.1362459236307005,6.295629208803446,6.038845496270467,6.198228359222412,6787000,0.0,0.0
2022-01-10,6.171663763511508,6.233646193337409,6.05655413986449,6.162809371948242,4663700,0.0,0.0
2022-01-11,6.180519152227752,6.260210794814125,6.091973117254448,6.198228359222412,4470900,0.0,0.0
2022-01-12,6.180518890575854,6.455011798482852,6.171664076342992,6.42844820022583,7218000,0.0,0.0
2022-01-13,6.419593183056333,6.428447997009276,6.27791953757539,6.375319957733154,5208500,0.0,0.0
2022-01-14,6.384174771686097,6.43730238874145,6.313337948945626,6.375319957733154,4823800,0.0,0.0
2022-01-17,6.393029163418272,6.508139211481922,6.348756360315861,6.375319957733154,3797700,0.0,0.0
2022-01-18,6.357611659994984,6.437303308069368,6.251356410709691,6.348757266998291,5574900,0.0,0.0
2022-01-19,6.41073814402906,6.614394213368146,6.401883752607754,6.455011367797852,4914600,0.0,0.0
2022-01-20,6.472721346867941,6.78263268364636,6.472721346867941,6.7295050621032715,5467200,0.0,0.0
2022-01-21,6.72065024251165,6.844614684900654,6.640958604151186,6.747213840484619,6152200,0.0,0.0
2022-01-24,6.738359720525355,6.738359720525355,6.508139610290527,6.508139610290527,6490700,0.0,0.0
2022-01-25,6.472721160083926,6.676377247899241,6.4550119534139325,6.658668041229248,6425000,0.0,0.0
2022-01-26,6.729504818713394,6.8180508514160465,6.623249579470212,6.640958786010742,7583000,0.0,0.0
2022-01-27,6.729504654155554,6.950869941609492,6.658667829725618,6.906597137451172,6277800,0.0,0.0
2022-01-28,6.880033444774199,6.99514350106423,6.791487410020636,6.862324237823486,5944600,0.0,0.0
2022-01-31,6.8623241994132975,7.048271082465386,6.826905785710118,7.012852668762207,4383700,0.0,0.0
2022-02-01,7.057125361114834,7.119107795207473,6.7826324482259315,6.818050861358643,4206200,0.0,0.0
2022-02-02,6.818051098008419,6.950870362976542,6.702941462442129,6.7295050621032715,4936600,0.0,0.0
2022-02-03,6.73835959471173,6.950870071987615,6.711795573941851,6.800341606140137,5200600,0.0,0.0
2022-02-04,6.782632621426573,6.7914874360462605,6.251355988648495,6.366466045379639,14914800,0.0,0.0
2022-02-07,6.410738655490798,6.410738655490798,6.21593738425213,6.295629024505615,4776200,0.0,0.0
2022-02-08,6.260210380394577,6.499284870106408,6.207082762927589,6.39302921295166,5851800,0.0,0.0
2022-02-09,6.446157202694393,6.5524124368051,6.313337948945626,6.375319957733154,3702300,0.0,0.0
2022-02-10,6.375320340704546,6.4373027754361845,6.286774306959915,6.331047534942627,5417500,0.0,0.0
2022-02-11,6.348756492446413,6.516994161066785,6.215937235933406,6.2513556480407715,7779300,0.0,0.0
2022-02-14,6.277920098941475,6.348756928016114,6.207083269866837,6.233646869659424,4345800,0.0,0.0
2022-02-15,6.269065618923906,6.428448915072675,6.233647202495475,6.348757266998291,5129000,0.0,0.0
2022-02-16,6.357610852953625,6.46386651097155,6.331047255114726,6.401884078979492,4290800,0.0,0.0
2022-02-17,6.384175252398214,6.4815761021107825,6.3044836097042225,6.366466045379639,4944700,0.0,0.0
2022-02-18,6.393029586281709,6.428448422215472,6.180519104003906,6.180519104003906,5119500,0.0,0.0
2022-02-21,6.171664671734005,6.171664671734005,5.976863384246826,5.976863384246826,5006700,0.0,0.0
2022-02-22,6.0742639982381785,6.198228448996279,6.038845583735864,6.065409183502197,6127900,0.0,0.0
2022-02-23,6.0919726579525415,6.153954666650344,5.870607376098633,5.870607376098633,6257500,0.0,0.0
2022-02-24,5.66695171053813,5.950299021621517,5.542987261939148,5.861752986907959,7319200,0.0,0.0
2022-02-25,5.826334227191474,5.8971710507576915,5.640387354219765,5.746642589569092,8265200,0.0,0.0
2022-03-02,5.711224469605894,5.870607752994483,5.684660870521659,5.844043731689453,3494500,0.0,0.0
2022-03-03,5.835189390764981,6.012281460288023,5.773206955321518,5.852898597717285,6561600,0.0,0.0
2022-03-04,5.844043180679546,5.888316404606664,5.5784051037791045,5.649241924285889,7972000,0.0,0.0
2022-03-07,5.622678805122256,5.640388013082451,5.30391263961792,5.30391263961792,6834400,0.0,0.0
2022-03-08,5.339330644288274,5.604968722225031,5.268493401284382,5.507567882537842,7611000,0.0,0.0
2022-03-09,5.534131952343492,5.879461667947913,5.507567933195109,5.835188865661621,6609300,0.0,0.0
2022-03-10,5.764352559833443,5.950299021621517,5.728933723727222,5.861752986907959,5359800,0.0,0.0
2022-03-11,5.888317052168579,5.923735466317076,5.67580614505679,5.7023701667785645,3697700,0.0,0.0
2022-03-14,5.773206697068712,5.80862510938895,5.525277388606276,5.596114635467529,5342000,0.0,0.0
2022-03-15,5.516422771943972,5.755497256478078,5.472149547236605,5.6846604347229,6562200,0.0,0.0
2022-03-16,5.7289332515735545,6.2159370356925985,5.702369654459141,6.189373016357422,12636400,0.0,0.0
2022-03-17,6.198227948906039,6.437302438617869,6.100827105772842,6.39302921295166,7499900,0.0,0.0
2022-03-18,6.375320585814146,6.605540704622169,6.348756985779873,6.587831497192383,8942300,0.0,0.0
2022-03-21,6.543557693233292,6.6940861542862296,6.490430075606509,6.561266899108887,6146800,0.0,0.0
2022-03-22,6.578976303655905,6.773777996390821,6.578976303655905,6.623249530792236,4262500,0.0,0.0
2022-03-23,6.632103547572453,6.729504388427942,6.570121539754129,6.649813175201416,5516100,0.0,0.0
2022-03-24,6.649813610088661,6.826905675752215,6.5878311759960235,6.818050861358643,8961100,0.0,0.0
2022-03-25,6.844614897669257,7.048270984749485,6.809196484457112,6.977434158325195,7488700,0.0,0.0
2022-03-28,6.977434536374805,7.012852951505981,6.844615268522485,6.950870513916016,2832700,0.0,0.0
2022-03-29,7.101398826854273,7.243072475714144,6.897742323287041,6.906597137451172,4341000,0.0,0.0
2022-03-30,6.915451256324436,6.94201527554712,6.649813175201416,6.649813175201416,12348400,0.0,0.0
2022-03-31,6.6852318817461045,6.853469129455789,6.6852318817461045,6.756068706512451,5246800,0.0,0.0
2022-04-01,6.862323911072073,6.959724755773623,6.764923066370522,6.906597137451172,5395300,0.0,0.0
2022-04-04,6.986288534849413,6.995143349242985,6.756068849486794,6.818050861358643,3698700,0.0,0.0
2022-04-05,6.818050766419969,6.888888013919799,6.738359549091434,6.773777961730957,5682200,0.0,0.0
2022-04-06,6.729505017177899,6.800341845429118,6.6498137965056765,6.702941417694092,5086600,0.0,0.0
2022-04-07,6.658668233379154,6.791487498347277,6.587831404655035,6.7295050621032715,3621900,0.0,0.0
2022-04-08,6.6852317842090185,6.862323843541125,6.676376970132026,6.7206501960754395,2959000,0.0,0.0
2022-04-11,6.649813222420053,6.826905277759552,6.614394389131388,6.676376819610596,4041500,0.0,0.0
2022-04-12,6.782632252595763,6.995143147483406,6.694086222317903,6.747213840484619,4157800,0.0,0.0
2022-04-13,6.773778007591044,6.888888060559209,6.6940863675021935,6.800341606140137,4015400,0.0,0.0
2022-04-14,6.782632052814295,6.782632052814295,6.623249203008745,6.676376819610596,3595500,0.0,0.0
2022-04-18,6.667522407427673,6.694086004536438,6.472720724933167,6.499284744262695,3090200,0.0,0.0
2022-04-19,6.472721014589024,6.6321038710363265,6.357610962711137,6.614394664764404,4623300,0.0,0.0
2022-04-20,6.587831033860418,6.915451559379817,6.587831033860418,6.764923095703125,5140700,0.0,0.0
2022-04-22,6.702941121221497,6.738359533780542,6.587831069294207,6.6055402755737305,2961500,0.0,0.0
2022-04-25,6.552412899350884,6.720650576346066,6.499285278545163,6.685232162475586,3015300,0.0,0.0
2022-04-26,6.623249027010206,6.720649865969096,6.455011367797852,6.455011367797852,4992100,0.0,0.0
2022-04-27,6.534703870359126,6.570122285194069,6.357611373963601,6.419593811035156,4089700,0.0,0.0
2022-04-28,6.43730259223791,6.50813941721768,6.3310473547682555,6.42844820022583,3633700,0.0,0.0
2022-04-29,6.508139432866896,6.587831072271151,6.118536472320557,6.118536472320557,5842500,0.0,0.0
2022-05-02,6.118536408897678,6.189373233313506,5.826334297071997,5.92373514175415,5273000,0.0,0.0
2022-05-03,5.941444431137881,6.003426864480912,5.720079140625205,5.7909159660339355,5079700,0.0,0.0
2022-05-04,5.728933770767039,5.9148806563027065,5.5341324927977125,5.879462242126465,6563000,0.0,0.0
2022-05-05,5.8174797691160105,5.888316591875653,5.516422850166761,5.542986869812012,6430400,0.0,0.0
2022-05-06,5.489858786251212,5.498713600135146,5.135674675309145,5.206511497497559,12151600,0.0,0.0
2022-05-09,5.091401662361768,5.144529281215571,4.9408731978322695,4.949728012084961,5708700,0.0,0.0
2022-05-10,5.002855774644902,5.038274188231492,4.81690889220491,5.011710166931152,6360300,0.0,0.0
2022-05-11,5.002855250623167,5.109110480253281,4.852326797536796,4.9851460456848145,5096100,0.0,0.0
2022-05-12,4.9320191387729615,5.082547191244193,4.905455116442267,5.073692798614502,4632200,0.0,0.0
2022-05-13,5.1091109296592,5.295057808978473,5.08254690880468,5.144529342651367,4822000,0.0,0.0
2022-05-16,5.153383880856249,5.277348319685972,5.1179654697620425,5.206511497497559,2744300,0.0,0.0
2022-05-17,5.250785015185557,5.578405995745975,5.241930622316802,5.4721503257751465,5637500,0.0,0.0
2022-05-18,5.472149770125921,5.737788284748476,5.410167759675897,5.596114635467529,10092600,0.0,0.0
2022-05-19,5.587259963865472,5.799770865431008,5.516423137417224,5.658096790313721,5121800,0.0,0.0
2022-05-20,5.737788358347263,5.985717669989896,5.649242326410889,5.968008041381836,10262200,0.0,0.0
2022-05-23,6.021135529949194,6.242500800576433,6.012280716458147,6.100826740264893,6626700,0.0,0.0
2022-05-24,6.029990316273595,6.277919621396289,6.021135924423199,6.224792003631592,6737300,0.0,0.0
2022-05-25,6.1893737819982535,6.331047865610022,6.10968255857625,6.286774635314941,5348500,0.0,0.0
2022-05-26,6.295628939519059,6.463866609882666,6.251355712815716,6.437302589416504,6994700,0.0,0.0
2022-05-27,6.437302821401405,6.463866842824871,6.304483558725673,6.357611179351807,4392900,0.0,0.0
2022-05-30,6.357610852953625,6.437302490911875,6.2425012252837675,6.401884078979492,2721900,0.0,0.0
2022-05-31,6.393030069767443,6.587831782141828,6.2956296358010775,6.525849342346191,8030900,0.0,0.0
2022-06-01,6.5435573673547065,6.578975777342007,6.260210087456301,6.277919292449951,4487600,0.0,0.0
2022-06-02,6.331047534942627,6.419593568687258,6.22479229444907,6.331047534942627,3803200,0.0,0.0
2022-06-03,6.286774491465402,6.322192906002721,6.189373640377372,6.233646869659424,3964600,0.0,0.0
2022-06-06,6.277919751129067,6.286774143162439,6.038845255137084,6.118536472320557,4327900,0.0,0.0
2022-06-07,6.083118013724214,6.198228064832664,6.056554415604281,6.091972827911377,2704100,0.0,0.0
2022-06-08,6.038845062255859,6.198227913752885,5.994571836840745,6.038845062255859,2947800,0.0,0.0
2022-06-09,6.038845255137084,6.189373297470658,5.976862822020355,6.118536472320557,3230300,0.0,0.0
2022-06-10,6.0831180940095155,6.091972908313545,5.923735236524041,5.968008041381836,4262700,0.0,0.0
2022-06-13,5.852898475413831,5.914880487341306,5.427877095219074,5.48100471496582,7582400,0.0,0.0
2022-06-14,5.489858677342058,5.596114330737517,5.436731061754707,5.507567882537842,3656000,0.0,0.0
2022-06-15,5.56069617155636,5.640387387427146,5.445586121473168,5.587259769439697,3598200,0.0,0.0
2022-06-17,5.463295059345201,5.6580963157388595,5.277348194404515,5.649241924285889,5762500,0.0,0.0
2022-06-20,5.666952232881667,5.711225043208833,5.507568933485526,5.534132957458496,2955100,0.0,0.0
2022-06-21,5.578405809233908,5.666951846065074,5.454440935449469,5.560696601867676,4614600,0.0,0.0
2022-06-22,5.489859674605147,5.622678948811252,5.436732049366871,5.525278091430664,2583400,0.0,0.0
2022-06-23,5.534131749181172,5.640386977432471,5.454440116882324,5.454440116882324,2477100,0.0,0.0
2022-06-24,5.489858907029309,5.534132132981471,5.312766847662212,5.419022083282471,4767900,0.0,0.0
2022-06-27,5.419022366697209,5.516423215553561,5.3127671255198035,5.3481855392456055,4279600,0.0,0.0
2022-06-28,5.383603686902896,5.383603686902896,5.020564753045145,5.09140157699585,9394200,0.0,0.0
2022-06-29,5.135674803075428,5.179947606934231,4.994000732953242,5.09140157699585,6967900,0.0,0.0
2022-06-30,4.9762918488356815,5.117965928121449,4.914309834980162,5.047128677368164,5841700,0.0,0.0
2022-07-01,5.0471283995498455,5.144529244530996,4.940873162599924,5.1091108322143555,4754200,0.0,0.0
2022-07-04,5.082546461735377,5.0914012753149285,4.9497276358081095,4.9851460456848145,2733800,0.0,0.0
2022-07-05,4.940873578850082,4.949728393785617,4.790345102712508,4.914309978485107,4032400,0.0,0.0
2022-07-06,4.887745578978467,5.0559832497925665,4.799199547555462,4.949728012084961,7518200,0.0,0.0
2022-07-07,5.02056512877003,5.2242212239797405,5.0117103140031345,5.055983543395996,4482000,0.0,0.0
2022-07-08,5.100256626274265,5.126820225370246,4.949728157327721,5.0028557777404785,3322500,0.0,0.0
2022-07-11,4.914309923024843,4.958582730540432,4.728363033685255,4.737217426300049,4217100,0.0,0.0
2022-07-12,4.737217473890249,4.843472719660082,4.684089851005333,4.754926681518555,4115700,0.0,0.0
2022-07-13,4.692944328339742,4.754926339469685,4.6043978743470495,4.630961894989014,3943300,0.0,0.0
2022-07-14,4.560125021270097,4.613252639770508,4.506997402769687,4.613252639770508,4806400,0.0,0.0
2022-07-15,4.630961894989014,4.67523512198536,4.49814263622076,4.630961894989014,3413500,0.0,0.0
2022-07-18,4.7017990113992525,4.88774590073884,4.67523541133406,4.737217426300049,3562200,0.0,0.0
2022-07-19,4.781489971650899,4.852326791313456,4.657525537241423,4.666379928588867,2088300,0.0,0.0
2022-07-20,4.648671020302095,4.799199482800535,4.63981620616888,4.7637810707092285,3292400,0.0,0.0
2022-07-21,4.746071864663576,4.781490276754882,4.684089432393401,4.7637810707092285,1850400,0.0,0.0
2022-07-22,4.790344717931231,4.843472336614555,4.719507893020133,4.781490325927734,2254900,0.0,0.0
2022-07-25,4.808053874712973,4.834617894891841,4.701798638439055,4.7637810707092285,3649700,0.0,0.0
2022-07-26,4.772635886464432,4.772635886464432,4.568979787742976,4.586688995361328,3831300,0.0,0.0
2022-07-27,4.630961859162024,4.834617941772239,4.6043978387255695,4.790344715118408,5368900,0.0,0.0
2022-07-28,4.808053889204036,4.958582352156156,4.772635477005982,4.940873146057129,4342000,0.0,0.0
2022-07-29,4.923163298741594,5.0648369290815545,4.8434716705650045,5.038273334503174,4691000,0.0,0.0
2022-08-01,5.047128824751612,5.1356752852237015,4.896600770834852,4.914309978485107,6004900,0.0,0.0
2022-08-02,4.9143094023591924,5.020564635803958,4.825762952267789,4.8788909912109375,4035000,0.0,0.0
2022-08-03,4.878891007703003,5.09140147531088,4.870036193775624,5.064837455749512,3794400,0.0,0.0
2022-08-04,5.162238482053377,5.4810046170606395,5.162238482053377,5.445586204528809,4756500,0.0,0.0
2022-08-05,5.445586728614216,5.560696791531296,5.3747498967331895,5.463295936584473,5487100,0.0,0.0
2022-08-08,5.472149770125921,5.658096645917554,5.436731357805685,5.596114635467529,4655000,0.0,0.0
2022-08-09,5.622677772723922,5.666950995605669,5.427876520929872,5.454440116882324,5968800,0.0,0.0
2022-08-10,5.560696510184574,5.782061809723086,5.560696510184574,5.7023701667785645,5954600,0.0,0.0
2022-08-11,5.77320654378085,5.8174797691160105,5.4810044387869405,5.542986869812012,3794800,0.0,0.0
2022-08-12,5.604969553245225,5.826334862123604,5.587260345423787,5.78206205368042,3773100,0.0,0.0
2022-08-15,5.72893311059163,5.870607173191542,5.68466030908352,5.808624744415283,4951300,0.0,0.0
2022-08-16,5.817479633123268,5.835188838399198,5.604968747591348,5.675805568695068,4921100,0.0,0.0
2022-08-17,5.631533338481569,5.861753030446804,5.578405717258822,5.7023701667785645,9504600,0.0,0.0
2022-08-18,5.755497788001311,5.808625409224058,5.6492425455558175,5.7023701667785645,5788300,0.0,0.0
2022-08-19,5.666952039352836,5.666952039352836,5.42787752064396,5.463295936584473,4116000,0.0,0.0
2022-08-22,5.410167592374574,5.45444039529541,5.339330769924623,5.383603572845459,4613100,0.0,0.0
2022-08-23,5.36589451411203,5.463295358757221,5.36589451411203,5.436731338500977,5306000,0.0,0.0
2022-08-24,5.401313497578163,5.516423560495243,5.401313497578163,5.463295936584473,3037800,0.0,0.0
2022-08-25,5.525277520311047,5.569550747877063,5.445586301801323,5.48100471496582,2532000,0.0,0.0
2022-08-26,5.498713622999979,5.542986848162218,5.312766752871805,5.374749183654785,3319400,0.0,0.0
2022-08-29,5.34818474038162,5.4721491699052285,5.250783906074132,5.392457962036133,2143800,0.0,0.0
2022-08-30,5.427876800517011,5.622678062345173,5.365894369734031,5.374749183654785,4942700,0.0,0.0
2022-08-31,5.383603996171272,5.445586431799191,5.135675098101195,5.188802719116211,5597700,0.0,0.0
2022-09-01,5.206511497497559,5.268493505802038,5.055983039236798,5.206511497497559,3575700,0.0,0.0
2022-09-02,5.233075141906738,5.295057572991023,5.126819907665766,5.233075141906738,4667800,0.0,0.0
2022-09-05,5.268494088657897,5.410168170928955,5.2330756736453345,5.410168170928955,2758500,0.0,0.0
2022-09-06,5.374749003582554,5.374749003582554,5.144528916005291,5.162238121032715,3720000,0.0,0.0
2022-09-08,5.179948047433529,5.27734889975904,5.117966032316141,5.2419304847717285,4164600,0.0,0.0
2022-09-09,5.28620282764676,5.507568112966019,5.268493621710051,5.419022083282471,5750600,0.0,0.0
2022-09-12,5.604969185158127,5.870607707255612,5.587259978499681,5.817480087280273,14376700,0.0,0.0
2022-09-13,5.702369561912221,5.702369561912221,5.45444026695049,5.507567882537842,9571600,0.0,0.0
2022-09-14,5.507569035149851,5.551842268515094,5.330476946130568,5.401313781738281,4626200,0.0,0.0
2022-09-15,5.383604185654618,5.489859431424451,4.754926681518555,4.754926681518555,26954600,0.0,0.0
2022-09-16,4.746072057752583,4.905454918647787,4.613252795896183,4.834618091583252,19479600,0.0,0.0
2022-09-19,4.816908984637598,5.109111113444487,4.754926548561275,5.047128677368164,8150100,0.0,0.0
2022-09-20,5.047128518878527,5.0914017464314645,4.8169088333773065,4.82576322555542,6138200,0.0,0.0
2022-09-21,4.834618042952746,4.896600477121142,4.746072010012745,4.816908836364746,7030200,0.0,0.0
2022-09-22,4.861181410148797,4.923163841364492,4.7195077641938035,4.905454635620117,7130100,0.0,0.0
2022-09-23,4.825763097992302,4.932018756866455,4.772635479665613,4.932018756866455,11070400,0.0,0.0
2022-09-26,4.887745804803227,4.985146654979061,4.684089712010559,4.692944526672363,8012100,0.0,0.0
2022-09-27,4.763781347113427,4.763781347113427,4.515852025868147,4.524706840515137,7601500,0.0,0.0
2022-09-28,4.542415801095768,4.551270193041475,4.391887338031735,4.436160564422607,9056800,0.0,0.0
2022-09-29,4.391887907583403,4.391887907583403,4.259068633407208,4.303341865539551,9112400,0.0,0.0
2022-09-30,4.303341624307737,4.471579305870597,4.241359187241164,4.400742053985596,4726100,0.0,0.0
2022-10-03,4.515851595271091,4.887745330567668,4.489287998304627,4.8700361251831055,8802500,0.0,0.0
2022-10-04,4.9585822528532395,5.020564684068934,4.799199401153872,4.905454635620117,4774200,0.0,0.0
2022-10-05,4.905455115895305,4.940873530851741,4.790345056176482,4.896600723266602,3153600,0.0,0.0
2022-10-06,4.932019138223038,5.073692798048782,4.887745908417087,4.896600723266602,5229300,0.0,0.0
2022-10-07,4.905454819597552,4.914309633912222,4.781490374737689,4.79919958114624,3461400,0.0,0.0
2022-10-10,4.834618091583252,4.852327298349386,4.754926450025253,4.834618091583252,6892400,0.0,0.0
2022-10-11,4.808054062388667,4.834618083604425,4.6398163872776506,4.657526016235352,3447900,0.0,0.0
2022-10-13,4.639816761016846,4.70179920069913,4.524707119065215,4.639816761016846,4926000,0.0,0.0
2022-10-14,4.666380243881121,4.6752350580476065,4.391887338031735,4.436160564422607,5450500,0.0,0.0
2022-10-17,4.480433331970581,4.622106979710118,4.436160528162364,4.604397773742676,4106300,0.0,0.0
2022-10-18,4.648671249962635,4.692944478374407,4.568979607709762,4.675235271453857,2385800,0.0,0.0
2022-10-19,4.666380504907754,4.719508126216171,4.622107276040338,4.692944526672363,1950900,0.0,0.0
2022-10-20,4.728362790750301,4.763781203831362,4.586688716205269,4.6486711502075195,3020100,0.0,0.0
2022-10-21,4.613252795896183,4.905454918647787,4.586688774636585,4.834618091583252,3778300,0.0,0.0
2022-10-24,4.772635841200846,4.8257634635520406,4.710653826234857,4.737217426300049,2593800,0.0,0.0
2022-10-25,4.710653733775169,4.8080541617302,4.692944526672363,4.692944526672363,2455200,0.0,0.0
2022-10-26,4.657525903287144,4.719507914252817,4.453869819641113,4.453869819641113,3312500,0.0,0.0
2022-10-27,4.489288119378835,4.843472236622285,4.489288119378835,4.746071815490723,3737100,0.0,0.0
2022-10-28,4.71065373051872,4.772635744225291,4.6221072728451,4.701798915863037,3062900,0.0,0.0
2022-10-31,4.560125129728348,4.816908836364746,4.489288303376347,4.816908836364746,7097300,0.0,0.0
2022-11-01,4.825763145871972,5.020564837223365,4.719507908164366,4.949728012084961,5886900,0.0,0.0
2022-11-03,4.887745590897367,5.162238500088431,4.843472363967512,5.126820087432861,6346700,0.0,0.0
2022-11-04,5.153383731842041,5.224220551982151,5.047128079411124,5.153383731842041,5521000,0.0,0.0
2022-11-07,5.126820420483436,5.22422127272404,4.896600723266602,4.896600723266602,3551900,0.0,0.0
2022-11-08,4.852327290341332,4.940873324025868,4.498142733382393,4.657526016235352,16332300,0.0,0.0
2022-11-09,4.60439786214402,4.781490347439272,4.4273057990695515,4.453869819641113,9082100,0.0,0.0
2022-11-10,4.400741584194748,4.400741584194748,3.9934298571072544,4.073121070861816,15659000,0.0,0.0
2022-11-11,4.108539455513756,4.294486323447552,3.9580109984034673,4.223649501800537,11798600,0.0,0.0
2022-11-14,4.2856324639933145,4.321050879214679,4.14395838088704,4.241359233856201,4866300,0.0,0.0
2022-11-16,4.1970855605243065,4.285632011448397,4.081975934320376,4.090830326080322,5487400,0.0,0.0
2022-11-17,4.0554121502173555,4.0554121502173555,3.8074832554434557,3.9934301376342773,5527100,0.0,0.0
2022-11-18,4.037703279217784,4.135104135660508,3.949157238006592,3.949157238006592,5086700,0.0,0.0
2022-11-21,3.9845754629172694,4.099685522067873,3.9225930259390647,4.055412292480469,4148700,0.0,0.0
2022-11-22,4.0819759643292075,4.099685170200061,3.922592689270748,3.9403018951416016,2379000,0.0,0.0
2022-11-23,3.904883131831444,3.9225923361078845,3.736645480094889,3.8074827194213867,3419500,0.0,0.0
2022-11-24,3.8340473565820337,4.028849078778647,3.789774544970694,4.011139869689941,3928400,0.0,0.0
2022-11-25,4.0022842281191995,4.046557452815115,3.8429013792112743,3.896028995513916,3366900,0.0,0.0
2022-11-28,3.8960290329752523,3.922592630271608,3.8074830049527897,3.8340466022491455,3695500,0.0,0.0
2022-11-29,3.842901941402744,3.8960295654776105,3.7720651093029223,3.8517563343048096,5366800,0.0,0.0
2022-11-30,3.8429015174243433,3.887174321491804,3.6835182405633073,3.8606107234954834,4491700,0.0,0.0
2022-12-01,3.8517559018766634,3.8694651079134452,3.745500665655972,3.772064685821533,3985000,0.0,0.0
2022-12-02,3.7897740380373297,3.878320071636633,3.7366459956569544,3.825192451477051,3516100,0.0,0.0
2022-12-05,3.798628562289764,3.807483377067797,3.524135637482857,3.5418448448181152,5446800,0.0,0.0
2022-12-06,3.5751898777620745,3.8147186987420443,3.539703946329256,3.779232978820801,9410000,0.007587,0.0
2022-12-07,3.7437466129055896,3.9211756249676046,3.7437466129055896,3.796975612640381,5074300,0.0,0.0
2022-12-08,3.770361362701752,3.8058470828617987,3.6639042022216124,3.6816470623016357,6916900,0.0,0.0
2022-12-09,3.7171327450954808,3.8147186860662097,3.619546804124752,3.628418445587158,4273300,0.0,0.0
2022-12-12,3.5751896893626363,3.6284182664395503,3.4687323236972447,3.5840609073638916,5394500,0.0,0.0
2022-12-13,3.610675635421051,3.726004014858897,3.530832553252181,3.5663182735443115,8881000,0.0,0.0
2022-12-14,3.539703910259799,3.637289639048824,3.468732471140508,3.59293270111084,6330300,0.0,0.0
2022-12-15,3.5663183209689153,3.743746924788997,3.5574471022894913,3.6372897624969482,6897300,0.0,0.0
2022-12-16,3.637289714128572,3.6816470760053113,3.5663182735443115,3.5663182735443115,6823200,0.0,0.0
2022-12-19,3.575189745652131,3.8058469166170017,3.575189745652131,3.7881040573120117,4028000,0.0,0.0
2022-12-20,3.7792328391710837,3.903432854306014,3.7082609789279894,3.7881040573120117,4063900,0.0,0.0
2022-12-21,3.796975612640381,3.8413325483885417,3.6905180361939225,3.796975612640381,4211400,0.0,0.0
2022-12-22,3.7969756259126313,3.867947061776267,3.7348754080203874,3.81471848487854,2725700,0.0,0.0
2022-12-23,3.8235902344891253,4.258290974130191,3.8235902344891253,4.054247856140137,8132700,0.0,0.0
2022-12-26,4.04537596414053,4.063118824477952,3.9123043000982896,4.036504745483398,1838800,0.0,0.0
2022-12-27,4.045375651435355,4.054247292429873,3.81471848487854,3.81471848487854,3239100,0.0,0.0
2022-12-28,3.823589627708238,4.054247212755265,3.814718409911185,4.027632713317871,3650400,0.0,0.0
2022-12-29,4.045375848021727,4.134090147162372,3.947789907455444,3.9477899074554443,4193700,0.0,0.0
2023-01-02,3.8856900703107122,3.903432929959582,3.7260039104477443,3.7614896297454834,1991300,0.0,0.0
2023-01-03,3.761489657507583,3.7969758000903737,3.584061059709356,3.59293270111084,5669500,0.0,0.0
2023-01-04,3.6195468284990358,3.7082611286047666,3.5130896683721584,3.6639041900634766,7214800,0.0,0.0
2023-01-05,3.6727752477195814,3.779232826207483,3.601803810743069,3.7703611850738525,7152000,0.0,0.0
2023-01-06,3.7703608813183047,3.9832751750946045,3.7260035252700265,3.9832751750946045,7898200,0.0,0.0
2023-01-09,3.9389189381981637,4.071990606837778,3.867947494396549,3.9655330181121826,9715700,0.0,0.0
2023-01-10,3.8945613178878453,4.213933216990444,3.8768184581056535,4.196190357208252,5753700,0.0,0.0
2023-01-11,4.19619034617305,4.311519145965576,4.134090125587118,4.311519145965576,3787800,0.0,0.0
2023-01-12,4.293776011696058,4.338132946687235,4.142961502075195,4.142961502075195,5185000,0.0,0.0
2023-01-13,4.089733467788181,4.1163475477022,3.9566617991485673,3.9655330181121826,3037400,0.0,0.0
2023-01-16,3.947789701811876,3.983275419619654,3.7614894718094787,3.796975612640381,3692600,0.0,0.0
2023-01-17,3.8058475964408296,3.9123047712868027,3.779233514240941,3.885690689086914,2930200,0.0,0.0
2023-01-18,3.9566615496305007,4.2405477299574805,3.9477899082031827,4.080861568450928,7207600,0.0,0.0
2023-01-19,4.00989049104627,4.107476440438866,3.9655331259524034,4.054247856140137,3142500,0.0,0.0
2023-01-20,4.045375773018646,4.045375773018646,3.9477898342616506,3.9744043350219727,2678700,0.0,0.0
2023-01-23,3.965532881110554,4.134090265827638,3.965532881110554,4.036504745483398,2718700,0.0,0.0
2023-01-24,4.054247856140137,4.089733579005957,3.9655331259524034,4.054247856140137,3008600,0.0,0.0
2023-01-25,4.036504381201474,4.151832751475109,4.0010186637291065,4.0631184577941895,5228100,0.0,0.0
2023-01-26,4.080861568450928,4.125218929541226,4.018761770552287,4.080861568450928,1951600,0.0,0.0
2023-01-27,4.080861660538925,4.098604520770797,3.983275717752052,4.00101900100708,1589000,0.0,0.0
2023-01-30,4.018761924503116,4.054247645525483,3.912304338412852,3.9566617012023926,2739500,0.0,0.0
2023-01-31,3.9566612788489754,4.080861289169542,3.921175561614528,4.027632713317871,5908000,0.0,0.0
2023-02-01,4.045375571935095,4.07199007137249,3.9566612788489754,4.027632713317871,4575600,0.0,0.0
2023-02-02,4.00989049104627,4.2671621933350545,4.0010192718414075,4.054247856140137,7921500,0.0,0.0
2023-02-03,4.045375637294828,4.054247278258335,3.779232753736492,3.796975612640381,5833600,0.0,0.0
2023-02-06,3.7969757069912875,3.841332643841672,3.646161191049084,3.6727752685546875,4729700,0.0,0.0
2023-02-07,3.6816469197901887,3.6993897791834107,3.4864752549531803,3.521960973739624,6180900,0.0,0.0
2023-02-08,3.566318447724411,3.6372898917749388,3.4776041426612516,3.610675811767578,7301600,0.0,0.0
2023-02-09,3.6106754689821376,3.6106754689821376,3.4598609531810043,3.504218101501465,6413300,0.0,0.0
2023-02-10,3.4687323034863264,3.5308323097142273,3.397760656285734,3.433246374130249,3997400,0.0,0.0
2023-02-13,3.4421181803413554,3.5574469803839346,3.3800179596207793,3.4598610401153564,4231700,0.0,0.0
2023-02-14,3.4953467596633585,3.5663181987593626,3.38888938950778,3.4598610401153564,8061000,0.0,0.0
2023-02-15,3.4598611358990388,3.6461613801952053,3.3800180531940653,3.60180401802063,6102100,0.0,0.0
2023-02-16,3.5574470534331093,3.7082611530973857,3.4953468314373577,3.699389934539795,8089300,0.0,0.0
2023-02-17,3.6905184748128343,3.6993901168307377,3.584061308737043,3.610675811767578,4395000,0.0,0.0
2023-02-22,3.5308327474400705,3.6461615562438965,3.4509898723915984,3.6461615562438965,5557200,0.0,0.0
2023-02-23,3.637289700590001,3.690518280830071,3.584061120349931,3.6816470623016357,5976500,0.0,0.0
2023-02-24,3.6816469097386455,3.761489565278591,3.575189753669961,3.6727752685546875,4494800,0.0,0.0
2023-02-27,3.6816470000099533,3.761489657507583,3.59293270111084,3.59293270111084,2605200,0.0,0.0
2023-02-28,3.5929328230535074,3.6816471249635483,3.5751899626714994,3.6372897624969482,4800900,0.0,0.0
2023-03-01,3.6372897505826787,3.6905183315543484,3.5663183092871193,3.619546890258789,5807000,0.0,0.0
2023-03-02,3.62841859917138,3.6461614598240666,3.5397040843963623,3.5397040843963623,3815200,0.0,0.0
2023-03-03,3.575189981572514,3.5840612002988377,3.4864754676818848,3.4864754676818848,2952900,0.0,0.0
2023-03-06,3.495346832960051,3.5840611336903763,3.442118252521856,3.5663182735443115,5773400,0.0,0.0
2023-03-07,3.539704030395903,3.6816471249635483,3.539704030395903,3.6372897624969482,4655600,0.0,0.0
2023-03-08,3.6550326709625045,4.001019087498005,3.628418591550952,3.992147445678711,13692000,0.0,0.0
2023-03-09,3.992147293358141,4.276033475396387,3.956661573481254,4.116347312927246,7921600,0.0,0.0
2023-03-10,4.107476251190544,4.142961972421391,3.9566617244478643,3.992147445678711,5098200,0.0,0.0
2023-03-13,3.9655326845504484,4.098604341996707,3.9034328879591613,4.089733123779297,5374500,0.0,0.0
2023-03-14,4.1429617021531735,4.187318639286501,4.03650454540542,4.089733123779297,4911200,0.0,0.0
2023-03-15,4.027633103803108,4.151833126165059,3.965532881110554,4.036504745483398,10062600,0.0,0.0
2023-03-16,4.036504942611012,4.249419277058,4.001019220203181,4.205061912536621,7832800,0.0,0.0
2023-03-17,4.43571911481278,4.994619824804745,4.426847473532048,4.577661991119385,17889200,0.0,0.0
2023-03-20,4.586533775106447,4.622019495287208,4.276033512013212,4.302647590637207,11161700,0.0,0.0
2023-03-21,4.3026475661396075,4.3824906476033005,4.23167612618217,4.267161846160889,5456500,0.0,0.0
2023-03-22,4.240547767688424,4.409104726075765,4.187318764697196,4.267161846160889,4301800,0.0,0.0
2023-03-23,4.284904370883952,4.373618663889425,4.107475784873006,4.142961502075195,5689900,0.0,0.0
2023-03-24,4.1784473511676845,4.347004724710059,4.134089991753275,4.320390224456787,3347800,0.0,0.0
2023-03-27,4.347005158988246,4.400233741789346,4.240547993386045,4.249419212341309,3148300,0.0,0.0
2023-03-28,4.249418787812235,4.364747583871196,4.2228047105820945,4.320390224456787,3430300,0.0,0.0
2023-03-29,4.3647473571471656,4.382490215386662,4.258290207710188,4.338132858276367,4565500,0.0,0.0
2023-03-30,4.400233506745698,4.61314782657703,4.400233506745698,4.5333051681518555,4602700,0.0,0.0
2023-03-31,4.5244331902716635,4.666376482629385,4.480076255116159,4.595404624938965,4162500,0.0,0.0
2023-04-03,4.62201976562852,4.62201976562852,4.44459115434694,4.471205234527588,4033900,0.0,0.0
2023-04-04,4.480076424670823,4.6929907367307635,4.480076424670823,4.506690502166748,5664000,0.0,0.0
2023-04-05,4.488947864120012,4.7817052691460535,4.453462143694016,4.755091190338135,6370900,0.0,0.0
2023-04-06,4.7728340981212565,4.897034120850124,4.710733875245243,4.8260626792907715,4710800,0.0,0.0
2023-04-10,4.852677073385776,5.180920646441151,4.852677073385776,4.950263023376465,13746400,0.0,0.0
2023-04-11,4.994619823878522,5.3672202971374015,4.976876964343487,5.296248435974121,11953700,0.0,0.0
2023-04-12,5.322863167939668,5.784177958906847,5.278505805664241,5.69546365737915,11016700,0.0,0.0
2023-04-13,5.677720239935458,5.801920249886848,5.580134306319237,5.589005947113037,7724500,0.0,0.0
2023-04-14,5.571263785061299,5.571263785061299,5.367220674548946,5.420449256896973,4750800,0.0,0.0
2023-04-17,5.429319885321176,5.491420102818531,5.322862732202672,5.464805603027344,4457000,0.0,0.0
2023-04-18,5.518034499240057,5.5890063617868355,5.3583487603118884,5.367220401763916,4953700,0.0,0.0
2023-04-19,5.322863140147851,5.331734781765878,5.180920258444651,5.243020057678223,4650700,0.0,0.0
2023-04-20,5.2696344609073495,5.4825487794782415,5.154305660169876,5.367220401763916,5284500,0.0,0.0
2023-04-24,5.322863305960151,5.349477808620146,5.225277360237728,5.26963472366333,5100000,0.0,0.0
2023-04-25,5.234148448959,5.251891307849446,5.101076795769095,5.163177013397217,7178500,0.0,0.0
2023-04-26,5.163178034779316,5.305120933982088,5.109949447578276,5.118820667266846,6053800,0.0,0.0
2023-04-27,5.109949060857234,5.278506029392527,5.0655916967017305,5.260763168334961,6550000,0.0,0.0
2023-04-28,5.29624907233779,5.491420973696934,5.234149268015218,5.473678112030029,14894200,0.0,0.0
2023-05-02,5.500291213230247,5.580134288020152,5.180919760116854,5.207533836364746,9701800,0.0,0.0
2023-05-03,5.2607625986079425,5.429319971912082,5.1986628031432955,5.384963035583496,7912900,0.0,0.0
2023-05-04,5.4559346738877625,5.739820430562803,5.429320172687905,5.668848991394043,6889400,0.0,0.0
2023-05-05,5.6865925330191835,5.828535851399115,5.633363947260407,5.766435623168945,7293200,0.0,0.0
2023-05-08,5.793049624695037,5.961606586787998,5.730949401855469,5.730949401855469,4308700,0.0,0.0
2023-05-09,5.739820468187218,5.9083778488294865,5.713206389836051,5.855149269104004,6400600,0.0,0.0
2023-05-10,6.09467858594529,6.343079067925831,5.9704785564666105,6.005964279174805,10551500,0.0,0.0
2023-05-11,5.988221185601592,6.023706906933674,5.828535439607223,5.872892379760742,6089000,0.0,0.0
2023-05-12,5.890634716227159,5.917249216369415,5.597877329777983,5.686591625213623,8120100,0.0,0.0
2023-05-15,5.695463773100332,5.899506882271387,5.6511064099236465,5.872892379760742,3251900,0.0,0.0
2023-05-16,5.908377873563091,6.076935254910974,5.837406433632014,5.890635013580322,5591000,0.0,0.0
2023-05-17,5.917249305791467,6.059192180633545,5.881763587080947,6.059192180633545,4852300,0.0,0.0
2023-05-18,6.068063682804373,6.10354940070192,5.926120388191057,5.997092247009277,5167800,0.0,0.0
2023-05-19,6.0414498194917,6.236621711517714,5.961606734297135,6.0946784019470215,7740600,0.0,0.0
2023-05-22,6.139035438160313,6.183392376329637,5.899506618371891,5.970478057861328,4663500,0.0,0.0
2023-05-23,5.94386400796762,6.014835875870396,5.775307037890165,5.784178256988525,4262200,0.0,0.0
2023-05-24,5.766434945127745,5.881763745555856,5.722077584032888,5.8196635246276855,3270200,0.0,0.0
2023-05-25,5.961606057626353,6.023706274953808,5.801920328385485,5.810791969299316,3259600,0.0,0.0
2023-05-26,5.88176373192347,5.908377810100181,5.615620412017473,5.668848991394043,6561100,0.0,0.0
2023-05-29,5.642234937838285,5.7841778167952,5.642234937838285,5.704334735870361,3244100,0.0,0.0
2023-05-30,5.695463406245604,5.766434844338375,5.633363186402861,5.677720546722412,3235600,0.0,0.0
2023-05-31,5.65997768719922,5.739820343542016,5.544648888786899,5.677720546722412,3987600,0.0,0.0
2023-06-01,5.597877398075316,5.926120506703503,5.535777179001146,5.908377647399902,7884600,0.0,0.0
2023-06-02,6.023706537440915,6.298721072406806,5.9882208182855186,6.1656494140625,6397500,0.0,0.0
2023-06-05,6.218878557014752,6.2277497754934465,6.103549755629671,6.156778335571289,6059700,0.0,0.0
2023-06-06,6.201135485726948,6.263235709290605,6.156778545772764,6.254364490509033,4450300,0.0,0.0
2023-06-07,6.2987215363381095,6.316464397222655,6.05032148395447,6.13016414642334,4440100,0.0,0.0
2023-06-09,6.139035788377198,6.210007231915381,6.0414498420006115,6.13016414642334,4010900,0.0,0.0
2023-06-12,6.121292927492653,6.210007231915381,6.076935563769703,6.13016414642334,3018500,0.0,0.0
2023-06-13,6.165649840277657,6.174521482191349,5.872892425496517,5.943863868713379,3803400,0.0,0.0
2023-06-14,5.970478130756367,6.139035513113311,5.926120769022326,6.076935291290283,7341100,0.0,0.0
2023-06-15,6.156778220925022,6.298721098126198,6.0858067823244335,6.201135158538818,5272700,0.0,0.0
2023-06-16,6.156778220925022,6.22774965952561,6.121292501624728,6.201135158538818,5123600,0.0,0.0
2023-06-19,6.192264128244708,6.325335791172916,6.076935325505384,6.263235569000244,5551300,0.0,0.0
2023-06-20,6.2366212805378884,6.4938929561381755,6.21000677963783,6.431792736053467,13106500,0.0,0.0
2023-06-21,6.458406929821267,6.467278147683985,6.289849560198423,6.343078136444092,5539800,0.0,0.0
2023-06-22,6.298721062369247,6.325335563204953,6.076935106489886,6.280978202819824,9438100,0.0,0.0
2023-06-23,6.210006799875464,6.236621300862255,6.13016371993823,6.201135158538818,6592000,0.0,0.0
2023-06-26,6.156778812196221,6.236621899801248,5.934992833758416,6.005964279174805,3802000,0.0,0.0
2023-06-27,6.076935113953045,6.103549614821435,5.677720562089169,5.828535079956055,5716900,0.0,0.0
2023-06-28,5.810792422034028,5.810792422034028,5.713206479494304,5.775306701660156,3079100,0.0,0.0
2023-06-29,5.828535190752837,5.864020910569825,5.748692109653039,5.855149269104004,3854400,0.0,0.0
2023-06-30,5.8995072990774835,5.926121380445273,5.713207037410169,5.766435623168945,6081700,0.0,0.0
2023-07-03,5.766435395768626,5.855149701868123,5.722078031207288,5.784178256988525,3629600,0.0,0.0
2023-07-04,5.793049396387038,5.80192061471555,5.722077534643226,5.748692035675049,2735200,0.0,0.0
2023-07-05,5.757563315479205,5.793049458241581,5.6865918760007474,5.704334735870361,4739100,0.0,0.0
2023-07-06,5.633363001061019,5.65997750098174,5.455934411666627,5.500291347503662,5595000,0.0,0.0
2023-07-07,5.526906334062706,5.7043349390795015,5.482548971296926,5.651106357574463,2626700,0.0,0.0
2023-07-10,5.659977999336884,5.677720859838563,5.5890065573301655,5.651106357574463,2301600,0.0,0.0
2023-07-11,5.659977270071004,5.668848487667241,5.340605399167424,5.518033981323242,3319300,0.0,0.0
2023-07-12,5.58900624910645,5.739820343542016,5.544648888786899,5.677720546722412,6374100,0.0,0.0
2023-07-13,5.730949140802809,5.855149157801304,5.7043346399344195,5.828535079956055,3791200,0.0,0.0
2023-07-14,5.855149157801304,5.917249377812122,5.801920579087664,5.828535079956055,6377000,0.0,0.0
2023-07-17,5.8728916718518605,6.1212921142578125,5.757562879912557,6.1212921142578125,6678300,0.0,0.0
2023-07-18,6.139035191466814,6.3164637830605415,6.094677832056816,6.218878269195557,5238000,0.0,0.0
2023-07-19,6.520507170641799,6.831007431525094,6.476150232243128,6.760035991668701,11133400,0.0,0.0
2023-07-20,6.760035583775277,7.141507684520491,6.760035583775277,7.0971503257751465,11478000,0.0,0.0
2023-07-21,7.079408099117073,7.194736480712891,7.017307875932277,7.194736480712891,6193400,0.0,0.0
2023-07-24,7.203607838978357,7.230221917136518,6.839879001980418,7.18586540222168,7211600,0.0,0.0
2023-07-25,7.2479651746827605,7.434265413233279,7.132636375004222,7.150379657745361,5241400,0.0,0.0
2023-07-26,7.150379325478809,7.168121761349198,7.070535825923315,7.0971503257751465,9943500,0.0,0.0
2023-07-27,7.159250664255899,7.159250664255899,7.026179423957125,7.052793502807617,3691300,0.0,0.0
2023-07-28,7.168121729137701,7.221350728602167,7.061664576255011,7.176993370056152,5211300,0.0,0.0
2023-07-31,7.239093244448553,7.283450603485107,7.123764449372014,7.283450603485107,8672400,0.0,0.0
2023-08-01,7.345550865641429,7.443137230937006,7.017307741570642,7.39877986907959,9027500,0.0,0.0
2023-08-02,7.398779333401216,7.443136692047119,7.203607462986992,7.443136692047119,5648900,0.0,0.0
2023-08-03,7.4520079148232,7.673793874741109,7.301193394395319,7.372165679931641,4478700,0.0,0.0
2023-08-04,7.354422186934583,7.363293828128965,7.1769935932783016,7.230221748352051,4805100,0.0,0.0
2023-08-07,7.2213513822405115,7.2213513822405115,7.061665215439412,7.159250736236572,3723300,0.0,0.0
2023-08-08,7.043922196765463,7.354422458647098,6.955207896659732,7.327808380126953,3178900,0.0,0.0
2023-08-09,7.310065110148784,7.336680034762802,7.132636509620183,7.212479591369629,2620100,0.0,0.0
2023-08-10,7.247965081855558,7.327808161075529,7.132636283654076,7.3011932373046875,2806900,0.0,0.0
2023-08-11,7.336679378773833,7.398779171894786,7.088278514197567,7.114893436431885,2776300,0.0,0.0
2023-08-14,7.185865622569067,7.2568370638646265,7.106022539599984,7.239093780517578,4542700,0.0,0.0
2023-08-15,7.221350978791831,7.354422212993994,7.15037954107784,7.265707492828369,4374200,0.0,0.0
2023-08-16,7.274579315197036,7.32780831783111,7.106022357940674,7.106022357940674,3200600,0.0,0.0
2023-08-17,7.1415081278601935,7.176993847850148,6.875364804912389,6.910850524902344,2680700,0.0,0.0
2023-08-18,6.919721661853527,6.955207379256007,6.742292651818007,6.875364303588867,3284500,0.0,0.0
2023-08-21,6.831007229403707,6.875364589513047,6.70680721332995,6.8132643699646,3683500,0.0,0.0
2023-08-22,6.88423618770564,7.079407640315667,6.839878827873612,7.00843620300293,2807200,0.0,0.0
2023-08-23,7.061665009232858,7.3100650478561615,7.043922149331193,7.256836891174316,3216400,0.0,0.0
2023-08-24,7.2745789147102755,7.310064632497301,7.061664607988121,7.0971503257751465,2932400,0.0,0.0
2023-08-25,7.097150525658914,7.168121963231801,6.94633600930496,7.043921947479248,2859200,0.0,0.0
2023-08-28,7.079408186070923,7.159250847691297,6.875365076555447,6.9640793800354,4026600,0.0,0.0
2023-08-29,6.972950819391092,7.09715084065609,6.937465099029663,7.017307758331299,2690000,0.0,0.0
2023-08-30,7.061665254061353,7.061665254061353,6.8398792860896345,6.857622146606445,3058800,0.0,0.0
2023-08-31,6.839878934890754,6.866493012787869,6.582607259095227,6.697936058044434,4799900,0.0,0.0
2023-09-01,6.715679201173522,6.901979446411133,6.680193480463802,6.901979446411133,6371500,0.0,0.0
2023-09-04,6.848749804025447,6.928592879692587,6.813264086622967,6.875364303588867,3418000,0.0,0.0
2023-09-05,6.80439387697485,6.90197982580231,6.760036512137865,6.831007957458496,4089000,0.0,0.0
2023-09-06,6.83100714338925,6.972950440137936,6.813264284173556,6.822135925292969,3513500,0.0,0.0
2023-09-08,6.8132643699646,6.999564605586803,6.804393151756614,6.8132643699646,3987600,0.0,0.0
2023-09-11,6.910850820739189,6.999565124511719,6.831007735832328,6.999565124511719,2749600,0.0,0.0
2023-09-12,7.026179288984431,7.132636448387674,6.937464989481728,6.99069356918335,3052700,0.0,0.0
2023-09-13,6.972950770976521,7.10602243291951,6.937465050861477,6.946336269378662,3024500,0.0,0.0
2023-09-14,7.026179088086026,7.088278884450735,6.919721931726695,7.043921947479248,3296700,0.0,0.0
2023-09-15,7.0794075759185855,7.0794075759185855,6.671321392059326,6.671321392059326,6623600,0.0,0.0
2023-09-18,6.689064441828271,6.795521599862454,6.653578722483544,6.733421802520752,4174100,0.0,0.0
2023-09-19,6.733421629214497,6.848750002604945,6.689064269663696,6.822135925292969,4639100,0.0,0.0
2023-09-20,6.848750544806884,6.946336489730452,6.7777791023254395,6.7777791023254395,3796000,0.0,0.0
2023-09-21,6.697935926342926,6.733421644856751,6.485021192236847,6.59147834777832,9373400,0.0,0.0
2023-09-22,6.618093255311319,6.635836115659748,6.422921368455444,6.485021591186523,6699100,0.0,0.0
2023-09-25,6.431792835035704,6.635835934999142,6.360821395574186,6.57373571395874,5541700,0.0,0.0
2023-09-26,6.564864689745269,6.618093270916062,6.325335862965118,6.369692802429199,7439100,0.0,0.0
2023-09-27,6.4140496253967285,6.476149843050655,6.236621036418542,6.4140496253967285,3483500,0.0,0.0
2023-09-28,6.422921229327684,6.804393353090521,6.405178369363585,6.760035991668701,4950000,0.0,0.0
2023-09-29,6.875364389233189,7.008436042661683,6.804392953544159,6.866492748260498,4860800,0.0,0.0
2023-10-02,6.893107652911013,6.893107652911013,6.71567905327003,6.760035991668701,4124000,0.0,0.0
2023-10-03,6.706807271246079,6.8576217892924145,6.396307016868816,6.431792736053467,6799000,0.0,0.0
2023-10-04,6.476150396141585,6.582607558620394,6.4317930335971685,6.520507335662842,2674200,0.0,0.0
2023-10-05,6.5205074988505904,6.6358363059338625,6.4229215526245005,6.547122001647949,1788100,0.0,0.0
2023-10-06,6.502764113485673,6.529378614136328,6.272106940946921,6.476150035858154,3766000,0.0,0.0
2023-10-09,6.405177839433387,6.697935639154517,6.369692122441089,6.653578281402588,4829400,0.0,0.0
2023-10-10,6.662450726005945,6.972950998662855,6.644707442345903,6.928593635559082,4919100,0.0,0.0
2023-10-11,6.928593433496688,7.070536314452136,6.919722214948549,6.9818220138549805,4864400,0.0,0.0
2023-10-13,6.955207240780796,7.0084358158247575,6.582606792449951,6.582606792449951,3970400,0.0,0.0
2023-10-16,6.60922166157058,6.644707382524861,6.467278777753458,6.55599308013916,3401500,0.0,0.0
2023-10-17,6.520507008232326,6.547121509027147,6.33420677173799,6.396306991577148,2989300,0.0,0.0
2023-10-18,6.369692730133548,6.378564371739568,6.14790676626092,6.263235569000244,4227200,0.0,0.0
2023-10-19,6.245492398369259,6.467278351217665,6.227749539062311,6.289849758148193,2910600,0.0,0.0
2023-10-20,6.227749824523926,6.289850046456298,6.094678162110644,6.227749824523926,3029500,0.0,0.0
2023-10-23,6.227749722596889,6.467278541811264,6.165649501680886,6.422921180725098,3150400,0.0,0.0
2023-10-24,6.47615041950361,6.600350442843592,6.449535917276319,6.55599308013916,2844600,0.0,0.0
2023-10-25,6.538249981130613,6.591478560620124,6.387435461065423,6.422921180725098,3161300,0.0,0.0
2023-10-26,6.422921415049028,6.59147880109344,6.405178554571887,6.55599308013916,3104100,0.0,0.0
2023-10-27,6.564864829063513,6.644707491002529,6.174521469170745,6.210007190704346,3285600,0.0,0.0
2023-10-30,6.289850046456298,6.34307862681698,6.121292663802562,6.227749824523926,3356000,0.0,0.0
2023-10-31,6.227749824523926,6.280978404884608,6.103549803682335,6.227749824523926,3178500,0.0,0.0
2023-11-01,6.2454925336252805,6.396307052512025,6.19226395455169,6.351949691772461,3332900,0.0,0.0
2023-11-03,6.5559928666371965,6.804393328250931,6.493893068501124,6.724550247192383,4365500,0.0,0.0
2023-11-06,6.7600358132767715,6.786650314032158,6.458407201846837,6.511635780334473,4016000,0.0,0.0
2023-11-07,6.449535754083689,6.86649317625779,6.405178392501632,6.7955217361450195,3695100,0.0,0.0
2023-11-08,6.768907151381427,7.061664531463447,6.751164292680187,6.875364303588867,3494300,0.0,0.0
2023-11-09,6.946336158380142,7.08827903657215,6.742293059467558,6.919722080230713,3229300,0.0,0.0
2023-11-10,7.097150248865927,7.168121683670887,6.786650010082667,6.875364303588867,7147700,0.0,0.0
2023-11-13,6.831007369666958,6.901979231903816,6.733421852259677,6.804393291473389,4916500,0.0,0.0
2023-11-14,6.88423622662724,7.381036290625172,6.813264365890113,7.265707492828369,8141400,0.0,0.0
2023-11-16,7.3588231721543265,7.636684105242436,7.3588231721543265,7.502234935760498,6827800,0.083886,0.0
2023-11-17,7.564977675673534,7.690463401322725,7.484309196472168,7.484309196472168,4000400,0.0,0.0
2023-11-20,7.556014878798015,7.618757312541271,7.439492605559432,7.547051429748535,2637200,0.0,0.0
2023-11-21,7.547051462210984,7.6546102868627335,7.412603145096685,7.5111985206604,3527200,0.0,0.0
2023-11-22,7.529124872230849,7.753205979794881,7.529124872230849,7.538088321685791,2832600,0.0,0.0
2023-11-23,7.573941197163596,7.717352967957453,7.547051703840143,7.6097941398620605,2261400,0.0,0.0
2023-11-24,7.547051771140734,7.681500093758518,7.520162277577494,7.538088321685791,1824800,0.0,0.0
2023-11-27,7.600830447136082,7.618757345312151,7.412603145096685,7.5111985206604,2073500,0.0,0.0
2023-11-28,7.511198384686268,7.699426538119751,7.4574185459331845,7.502234935760498,2463600,0.0,0.0
2023-11-29,7.511198186504272,7.6635733950158125,7.511198186504272,7.564977169036865,2636600,0.0,0.0
2023-11-30,7.690463341280642,7.824911660368141,7.573941065830746,7.7532057762146,4244500,0.0,0.0
2023-12-01,7.79802148703566,8.129661386006436,7.6814992217537945,8.111735343933105,4307200,0.0,0.0
2023-12-04,8.07588249572841,8.416485846963734,7.950396780599132,8.344779968261719,7521700,0.0,0.0
2023-12-05,8.398558559445979,8.604713592231438,8.29099974639327,8.470264434814453,4175600,0.0,0.0
2023-12-06,8.51508191844411,8.667457136947762,8.452339483107867,8.631604194641113,3745000,0.0,0.0
2023-12-07,8.506118073133747,8.524044970853206,8.040029844847743,8.219294548034668,9645400,0.0,0.0
2023-12-08,8.219293769266384,8.335816028997924,8.111734957545298,8.23721981048584,3360000,0.0,0.0
2023-12-11,8.21929562642434,8.45234019854407,8.129662835670093,8.380634307861328,2040500,0.0,0.0
2023-12-12,8.362707072469236,8.631604579148316,8.282037734985352,8.282037734985352,2828700,0.0,0.0
2023-12-13,8.282037430330536,8.622640812288058,8.201368095814074,8.559898376464844,2679500,0.0,0.0
2023-12-14,8.586788247639848,8.730200024291614,8.479229415151023,8.515082359313965,4502200,0.0,0.0
2023-12-15,8.559898240769472,8.568861689974005,8.398559574294161,8.550934791564941,4155800,0.0,0.0
2023-12-18,8.515082154050717,8.792943105716652,8.515082154050717,8.730199813842773,3212100,0.0,0.0
2023-12-19,8.819832048017387,8.828795496982002,8.631603893768178,8.757089614868164,1687100,0.0,0.0
2023-12-20,8.757089853267612,8.84672178094924,8.631604128751453,8.703310012817383,1912200,0.0,0.0
2023-12-21,8.721236876945952,8.783980172507837,8.61367804072769,8.694347381591797,2438300,0.0,0.0
2023-12-22,8.712273769594233,8.801905700440125,8.631604433471812,8.730199813842773,1630000,0.0,0.0
2023-12-26,8.766051860891292,8.792942206717198,8.613676653750518,8.658493041992188,1546900,0.0,0.0
2023-12-27,8.658493860222286,8.721236296808897,8.559898480614526,8.649530410766602,1963000,0.0,0.0
2023-12-28,8.649529781127672,8.739162559556556,8.443375587463379,8.443375587463379,3285600,0.0,0.0
2024-01-02,8.371669069883167,8.50611737249869,8.246183360587608,8.470264434814453,4884700,0.0,0.0
2024-01-03,8.41648623137474,8.577824038422401,8.371669841438681,8.452339172363281,2978600,0.0,0.0
2024-01-04,8.41648684841295,8.470265836437692,8.120699849872068,8.20136833190918,3329100,0.0,0.0
2024-01-05,8.201367587898858,8.362706246939991,8.120699113179816,8.291000366210938,2033300,0.0,0.0
2024-01-08,8.210332176388587,8.497155739119549,8.048993494951599,8.380634307861328,1868400,0.0,0.0
2024-01-09,8.380633592961484,8.380633592961484,8.210331476016158,8.32685375213623,2163000,0.0,0.0
2024-01-10,8.326853887619155,8.407523222768788,8.183442116153847,8.335817337036133,2128800,0.0,0.0
2024-01-11,8.335817474514112,8.389596462299759,8.111736364203527,8.192405700683594,2088200,0.0,0.0
2024-01-12,8.22825867794519,8.470265833578024,8.174478835137002,8.353743553161621,2199600,0.0,0.0
2024-01-15,8.299963520684788,8.43441182858383,8.201367297077429,8.416485786437988,1852400,0.0,0.0
2024-01-16,8.30892762579779,8.30892762579779,7.896618366241455,7.896618366241455,3060800,0.0,0.0
2024-01-17,7.905581601310891,8.093809775380276,7.860766061371882,8.066920280456543,3517000,0.0,0.0
2024-01-18,8.066920660155752,8.138626553195225,7.88765592755707,8.022104263305664,3883600,0.0,0.0
2024-01-19,8.084846602608371,8.24618441542475,7.923507934990422,8.174478530883789,3258900,0.0,0.0
2024-01-22,8.210331014067286,8.237220505566208,7.869727654142031,7.986249923706055,2760100,0.0,0.0
2024-01-23,7.995213751107971,8.120699475381526,7.986250301916668,8.093809127807617,2267100,0.0,0.0
2024-01-24,8.102773225288729,8.183442564861556,8.013140435807449,8.066920280456543,2973600,0.0,0.0
2024-01-25,8.093809263366092,8.228258439082762,8.06691977014339,8.10277271270752,2202600,0.0,0.0
2024-01-26,8.156552826268436,8.228258713790662,8.022103646063059,8.120699882507324,2272300,0.0,0.0
2024-01-29,8.093809127807617,8.129662069771268,8.022103243880318,8.093809127807617,1075000,0.0,0.0
2024-01-30,8.066920280456543,8.129662720212462,8.048993380639635,8.066920280456543,1402900,0.0,0.0
2024-01-31,8.07588352525134,8.371670526304799,8.07588352525134,8.12966251373291,2804300,0.0,0.0
2024-02-01,8.111736738421087,8.183442628644343,7.923508562884627,8.147589683532715,1705000,0.0,0.0
2024-02-02,8.111736055606805,8.183441939794141,7.878691504597182,7.905580997467041,3076800,0.0,0.0
2024-02-05,7.896619059057493,8.004177894273962,7.6725379386561094,7.726316928863525,3306700,0.0,0.0
2024-02-06,7.7083904741838785,8.022103513197358,7.68150012570721,7.9593610763549805,2649600,0.0,0.0
2024-02-07,7.941434728227086,8.362707480765586,7.815949845838089,8.308928489685059,3792500,0.0,0.0
2024-02-08,8.192404982833342,8.398559175950284,8.093808755863044,8.138625144958496,3307500,0.0,0.0
2024-02-09,8.129661386006436,8.326852977622016,8.048992059672722,8.111735343933105,2750700,0.0,0.0
2024-02-14,8.066920660155752,8.093810156345137,7.959361820596543,8.022104263305664,1235800,0.0,0.0
2024-02-15,8.12966132667887,8.237220142738396,8.06691889767785,8.183441162109375,6630400,0.0,0.0
2024-02-16,8.264112042572135,8.335817933435099,8.075883865356445,8.075883865356445,1732300,0.0,0.0
2024-02-19,7.9862506740181916,8.022103617652329,7.824912000263771,7.851802349090576,1634700,0.0,0.0
2024-02-20,7.771133039735269,8.17447887074819,7.753206140453909,8.120699882507324,2779500,0.0,0.0
2024-02-21,8.12966244752372,8.2013683347829,8.048993110656738,8.048993110656738,1325700,0.0,0.0
2024-02-22,8.165514709677824,8.398559251221593,8.120699174982242,8.219294548034668,2391400,0.0,0.0
2024-02-23,8.291000736008472,8.291000736008472,8.075883084226573,8.093809127807617,1523700,0.0,0.0
2024-02-26,8.111735284736357,8.479228119973444,8.111735284736357,8.183441162109375,2501800,0.0,0.0
2024-02-27,8.210331108828415,8.425448752905654,8.210331108828415,8.37166976928711,1765900,0.0,0.0
2024-02-28,8.353743245148072,8.407523085973324,8.237220969028,8.32685375213623,1516800,0.0,0.0
2024-02-29,8.317891022672043,8.335817922765662,7.98625106415491,8.228259086608887,3776700,0.0,0.0
2024-03-01,8.228258508437152,8.550934994234096,8.210331609603195,8.335817337036133,4153700,0.0,0.0
2024-03-04,8.335817198501738,8.425449126777155,8.147589037881321,8.174478530883789,1540700,0.0,0.0
2024-03-05,8.174479543829115,8.380634628531384,8.174479543829115,8.255148887634277,1969600,0.0,0.0
2024-03-06,8.335817545074,8.470265870477773,8.120699882507324,8.120699882507324,1900500,0.0,0.0
2024-03-07,8.12069943838233,8.291000698233354,8.075883047431567,8.084846496582031,1666700,0.0,0.0
2024-03-08,8.057956115495136,8.28203721451203,7.959360739656263,8.013139724731445,2910200,0.0,0.0
2024-03-11,7.968323529990322,8.26411048785439,7.968323529990322,8.183441162109375,2122400,0.0,0.0
2024-03-12,8.228258746530502,8.353743622792893,7.968324689527767,8.282037734985352,5062800,0.0,0.0
2024-03-13,8.246183360587608,8.622639633672824,8.237219912466184,8.470264434814453,4052800,0.0,0.0
2024-03-14,8.586788045216984,8.586788045216984,8.066919939708768,8.27307415008545,8201500,0.0,0.0
2024-03-15,8.246184306521508,8.255147755671144,7.896618337701255,7.9772868156433105,8952100,0.0,0.0
2024-03-18,8.013139724731445,8.057956115495136,7.815948973053699,8.013139724731445,3669600,0.0,0.0
2024-03-19,7.977287120537834,8.10277284902418,7.914544683695457,7.9593610763549805,2929300,0.0,0.0
2024-03-20,7.959361579003718,8.075883865356445,7.83387584259271,8.075883865356445,3242600,0.0,0.0
2024-03-21,8.057956560264536,8.147589346739315,7.959361178983563,8.048993110656738,2522000,0.0,0.0
2024-03-22,8.022103197223885,8.022103197223885,7.708390170566889,7.780096054077148,10128200,0.0,0.0
2024-03-25,7.789058676705218,7.789058676705218,7.564977576221389,7.591867923736572,8849700,0.0,0.0
2024-03-26,7.609794208005733,7.609794208005733,7.322970663849591,7.38571310043335,6922700,0.0,0.0
2024-03-27,7.385712894984117,7.47534567744038,7.278154068917541,7.403639793395996,3079800,0.0,0.0
2024-03-28,7.394676481477537,7.484309265597897,7.2781542040417015,7.305043697357178,5308900,0.0,0.0
2024-04-01,7.2602283312668385,7.367787161866145,7.080963186200526,7.125779151916504,4273700,0.0,0.0
2024-04-02,7.0988894173505805,7.116815888509515,6.946514198799246,7.027183532714844,6201000,0.0,0.0
2024-04-03,7.000293477002418,7.125778772690082,6.982367006189895,7.018219947814941,2960900,0.0,0.0
2024-04-04,7.036146354047247,7.170595097607543,7.036146354047247,7.089925765991211,3904600,0.0,0.0
2024-04-05,7.0719997542281305,7.080963203834128,6.991330844778163,7.0092573165893555,2417700,0.0,0.0
2024-04-08,7.027183535358623,7.278154131678125,6.9823671437440336,7.179558753967285,5556900,0.0,0.0
2024-04-09,7.179559188804765,7.403640305647848,7.179559188804765,7.3677873611450195,4156700,0.0,0.0
2024-04-10,7.30504351990922,7.3319338673730785,7.07199939809925,7.134742259979248,5503000,0.0,0.0
2024-04-11,7.1078526630087095,7.206448471187369,7.000293832668791,7.04511022567749,3428600,0.0,0.0
2024-04-12,7.071999617443204,7.0809630668758325,6.758286153114693,6.847918510437012,4472600,0.0,0.0
2024-04-15,6.865845117545827,6.892735038974167,6.794139230271322,6.856882095336914,3792200,0.0,0.0
2024-04-16,6.8299919865761485,6.910661321247775,6.686580215960625,6.803102493286133,6435900,0.0,0.0
2024-04-17,6.821029050826033,6.982367294807698,6.803102579272515,6.812065601348877,4016600,0.0,0.0
2024-04-18,6.812064962737622,6.874807820993373,6.623836815371123,6.722432613372803,4039600,0.0,0.0
2024-04-19,6.731396403493209,6.7941388375311265,6.623837151398192,6.713469505310059,8027600,0.0,0.0
2024-04-22,6.713469355386051,6.856881545843159,6.6776164146219665,6.776212215423584,3941200,0.0,0.0
2024-04-23,6.758286411432945,6.8568822219564645,6.668654050684658,6.677617073059082,4099000,0.0,0.0
2024-04-24,6.6865800240450195,6.731396414776463,6.59694766998291,6.59694766998291,3883400,0.0,0.0
2024-04-25,6.596948152314416,6.668654040806832,6.444572925567627,6.444572925567627,5025700,0.0,0.0
2024-04-26,6.507315552511025,6.749323130977918,6.507315552511025,6.69554328918457,4865600,0.0,0.0
2024-04-29,6.659690361686192,6.758286168668045,6.659690361686192,6.731396675109863,4444600,0.0,0.0
2024-04-30,6.686580703989765,6.731397099278497,6.498352527618408,6.498352527618408,5838300,0.0,0.0
2024-05-02,6.605910619996085,6.6507270102411455,6.50731524529819,6.516278266906738,3312600,0.0,0.0
2024-05-03,6.6417638226715425,6.785176020660404,6.6417638226715425,6.650727272033691,4749300,0.0,0.0
2024-05-06,6.58798454650917,6.632800939455811,6.3101240214820695,6.354940414428711,5283800,0.0,0.0
2024-05-07,6.354940412587673,6.552131601214012,6.354940412587673,6.507315635681152,3099200,0.0,0.0
2024-05-08,6.4176824966444235,6.525241748285985,6.399756025937626,6.4804253578186035,1703000,0.0,0.0
2024-05-09,6.4624989523052525,6.480425423192892,6.319087185204138,6.408719539642334,3098700,0.0,0.0
2024-05-10,6.58798489079505,6.758286594531079,6.498352527618408,6.498352527618408,4365200,0.0,0.0
2024-05-13,6.498352203218008,6.794139200635528,6.498352203218008,6.587984561920166,5903100,0.0,0.0
2024-05-14,6.628918956592437,6.711780586230031,6.592091663201498,6.6197123527526855,4714600,0.194461,0.0
2024-05-15,6.564471310814773,6.684160231986265,6.555264268101908,6.638125896453857,6289500,0.0,0.0
2024-05-16,6.674953292839093,6.693366939534562,6.55526436981056,6.6197123527526855,6530200,0.0,0.0
2024-05-17,6.638125860250152,6.803848677034254,6.573677878659467,6.730194091796875,4057100,0.0,0.0
2024-05-20,6.730194298752495,6.730194298752495,6.619712417499074,6.647332668304443,7877500,0.0,0.0
2024-05-21,6.65653957152625,6.868296725658408,6.6381259250371905,6.803848743438721,5125200,0.0,0.0
2024-05-22,6.803848714141796,6.803848714141796,6.628918853740992,6.638125896453857,4341500,0.0,0.0
2024-05-23,6.647332565415057,6.739401237383813,6.601298668446643,6.665746212005615,3119800,0.0,0.0
2024-05-24,6.739401315152627,6.739401315152627,6.527644157409668,6.527644157409668,3409300,0.0,0.0
2024-05-27,6.527644489618366,6.610505684941088,6.4816101507599715,6.592092037200928,1735600,0.0,0.0
2024-05-28,6.628918890605966,6.730194165930903,6.500023365020752,6.500023365020752,1988300,0.0,0.0
2024-05-29,6.51843722009361,6.51843722009361,6.407955337485645,6.41716194152832,1988600,0.0,0.0
2024-05-31,6.398748230639776,6.4816098612777155,6.325093642968707,6.343507289886475,3311800,0.0,0.0
2024-06-03,6.352714127313796,6.481609651567804,6.343507084644816,6.380334377288818,3682500,0.0,0.0
2024-06-04,6.343507084644816,6.435575316254822,6.2790595420257915,6.380334377288818,2634800,0.0,0.0
2024-06-05,6.334300766656425,6.389541708113687,6.104129957743177,6.1593708992004395,9166800,0.0,0.0
2024-06-06,6.131750375744499,6.37112823425291,6.0396821374781835,6.168577671051025,7141900,0.0,0.0
2024-06-07,6.085716144609557,6.251438964461436,6.0488888513091394,6.104129791259766,4682300,0.0,0.0
2024-06-10,6.168577306668125,6.168577306668125,5.883165565394056,5.8923726081848145,3496600,0.0,0.0
2024-06-11,5.91999328999348,6.058095868808481,5.864752346270679,6.030475616455078,7463400,0.0,0.0
2024-06-12,6.085716155960354,6.12254344932946,5.708235740403064,5.800304412841797,5921400,0.0,0.0
2024-06-13,5.809510845666187,5.837131534387953,5.699028968811035,5.699028968811035,2780300,0.0,0.0
2024-06-14,5.699029035027,5.855545248564976,5.643788095957589,5.772683620452881,3171300,0.0,0.0
2024-06-17,5.754270076883072,5.772683723568459,5.6622018434561365,5.708235740661621,3919700,0.0,0.0
2024-06-18,5.726649359733344,5.745063006329941,5.551719936573651,5.588547229766846,3146300,0.0,0.0
2024-06-19,5.560926236209798,5.643787860870361,5.53330598733357,5.643787860870361,1772300,0.0,0.0
2024-06-20,5.680615736457803,5.800304664610615,5.597754103272627,5.625374794006348,5209700,0.0,0.0
2024-06-21,5.671408345984315,5.846338205878761,5.616167406914905,5.772683620452881,4463500,0.0,0.0
2024-06-24,5.8095111267266955,6.279059784601493,5.8095111267266955,6.251439094543457,5208000,0.0,0.0
2024-06-25,6.2422320826207525,6.426368540921564,6.214611394367658,6.3250932693481445,6064300,0.0,0.0
2024-06-26,6.325093444707405,6.325093444707405,6.076508999601488,6.1225433349609375,3240900,0.0,0.0
2024-06-27,6.122543725140486,6.380334790337314,6.122543725140486,6.352714538574219,4135900,0.0,0.0
2024-06-28,6.297473193947295,6.398748029300372,6.048888748871268,6.07650899887085,3582300,0.0,0.0
2024-07-01,6.113336292282664,6.2790595483639144,6.067302395939174,6.1225433349609375,3518000,0.0,0.0
2024-07-02,6.122543400452563,6.315886908604872,6.104129753915007,6.196197986602783,3269100,0.0,0.0
2024-07-03,6.223818790166328,6.6749533581257845,6.223818790166328,6.647332668304443,5745700,0.0,0.0
2024-07-04,6.720987982326019,6.941951754285016,6.720987982326019,6.8959174156188965,4580000,0.0,0.0
2024-07-05,6.8590899322785095,6.88671062252427,6.536850887496508,6.674953460693359,4718400,0.0,0.0
2024-07-08,6.638125658942685,6.767021179199219,6.592091325057379,6.767021179199219,4076100,0.0,0.0
2024-07-09,6.720987453514363,6.877503226829228,6.610505137211695,6.8682966232299805,2878100,0.0,0.0
2024-07-10,6.9971919413997075,7.199742482830825,6.914330755374198,6.951158046722412,3769500,0.0,0.0
2024-07-11,7.024813072574062,7.153708600424091,6.895917105708064,6.9971923828125,5282500,0.0,0.0
2024-07-12,6.932744708241903,6.9695720012219535,6.7578148470786825,6.849883079528809,2770500,0.0,0.0
2024-07-15,6.794642306592704,6.8590898513793945,6.739401365768694,6.8590898513793945,2897800,0.0,0.0
2024-07-16,6.831469330801076,6.987985543131897,6.822262288185872,6.8682966232299805,3121300,0.0,0.0
2024-07-17,6.868296726018834,6.905124018998884,6.739401200588658,6.849883079528809,2927800,0.0,0.0
2024-07-18,6.831469724694783,6.831469724694783,6.444782692879458,6.536850929260254,4331800,0.0,0.0
2024-07-19,6.5552645765364135,6.665746460193368,6.500023634707936,6.536850929260254,8166500,0.0,0.0
2024-07-22,6.500023429878967,6.592091663358505,6.453989532647181,6.573678016662598,2836000,0.0,0.0
2024-07-23,6.509230616050934,6.59209180849892,6.3987482944269924,6.41716194152832,2176300,0.0,0.0
2024-07-24,6.407955169677734,6.582885032067369,6.371127876439492,6.407955169677734,4976900,0.0,0.0
2024-07-25,6.4355753533714015,6.463196042521682,6.279059578239681,6.288266181945801,3534900,0.0,0.0
2024-07-26,6.31588663703247,6.509230136871338,6.306679594651599,6.509230136871338,3696800,0.0,0.0
2024-07-29,6.472403320675392,6.546057909067355,6.426368983422427,6.463196277618408,2624900,0.0,0.0
2024-07-30,6.398748060515001,6.4539894388155625,6.251438889089401,6.288266181945801,1981500,0.0,0.0
2024-07-31,6.343507250363286,6.56447145101575,6.315886999666709,6.527644157409668,3390800,0.0,0.0
2024-08-01,6.748607703328064,7.089260377803406,6.656539472255803,6.8682966232299805,7565100,0.0,0.0
2024-08-02,6.895916703375905,7.172121828812866,6.868296454241776,7.0708465576171875,4521600,0.0,0.0
2024-08-05,6.803848781155645,6.951158392900685,6.711780548199973,6.757814884185791,4670300,0.0,0.0
2024-08-06,6.822262480992255,7.107674224890364,6.794642230397969,7.089260578155518,4980700,0.0,0.0
2024-08-07,7.1260878711191085,7.3194313813292515,7.107674224385569,7.181329250335693,3644000,0.0,0.0
2024-08-08,7.172122000571773,7.19974268938331,6.941951203534126,7.126087665557861,4102400,0.0,0.0
2024-08-09,7.126087833579682,7.273397445687951,7.116881229769396,7.227363109588623,2659800,0.0,0.0
2024-08-12,7.227363043822704,7.2918110259721205,7.098467518539833,7.153708457946777,2282400,0.0,0.0
2024-08-13,7.153708688099533,7.383879934890932,7.153708688099533,7.282604217529297,3491800,0.0,0.0
2024-08-14,7.301017630114046,7.36546561226713,7.19053575129387,7.199742794036865,2224700,0.0,0.0
2024-08-15,7.199743087308421,7.429913458051478,7.172122396970305,7.356258869171143,2501100,0.0,0.0
2024-08-16,7.3194313813292515,7.411500054012914,7.144501956868615,7.181329250335693,1797300,0.0,0.0
2024-08-19,7.190535643455456,7.42991304397583,7.162915393672621,7.42991304397583,1969100,0.0,0.0
2024-08-20,7.402293288818038,7.48515492173531,7.199743167150911,7.218156814575195,2207300,0.0,0.0
2024-08-21,7.227362870688819,7.291810851294363,7.052433013916016,7.052433013916016,2826600,0.0,0.0
2024-08-22,7.052433297381454,7.107674237685439,6.757814949093541,6.785435199737549,3913700,0.0,0.0
2024-08-23,6.822262480992255,7.12608787162521,6.757814936928275,7.089260578155518,3139800,0.0,0.0
2024-08-26,7.208949605548274,7.383879910579531,7.116881370544434,7.116881370544434,2428900,0.0,0.0
2024-08-27,7.236569917060869,7.568015984754942,7.13529464434569,7.494361400604248,5045000,0.0,0.0
2024-08-28,7.439120304605239,7.439120304605239,7.1168812672603226,7.181329250335693,3210200,0.0,0.0
2024-08-29,7.181329395099594,7.190535999143969,6.997192485036336,7.024813175201416,2013000,0.0,0.0
2024-08-30,7.006399449993355,7.337845094183694,6.9419514663372475,7.208949565887451,6019200,0.0,0.0
2024-09-02,7.208949605548274,7.208949605548274,7.024813135540594,7.116881370544434,2452800,0.0,0.0
2024-09-03,7.116881474111993,7.25498404813546,7.080054179574532,7.098467826843262,3369800,0.0,0.0
2024-09-04,7.0616401244171305,7.328638213899587,7.0616401244171305,7.172122001647949,2918000,0.0,0.0
2024-09-05,7.190536145631131,7.337845325469971,7.126088159943646,7.337845325469971,2026500,0.0,0.0
2024-09-06,7.356258996213389,7.3930862912895625,7.061640635604004,7.08005428314209,2017700,0.0,0.0
2024-09-09,7.107674263314976,7.107674263314976,6.997192382308622,7.043226718902588,1256100,0.0,0.0
2024-09-10,7.043226719409781,7.043226719409781,6.95115848523119,6.9971923828125,1705300,0.0,0.0
2024-09-11,7.015606029648218,7.126087910662529,6.978778735976782,6.9971923828125,2240700,0.0,0.0
2024-09-12,6.9511584206757036,7.043226653999256,6.895917041665606,6.923537731170654,2105900,0.0,0.0
2024-09-13,6.9419515872112685,7.356258869171143,6.9419515872112685,7.356258869171143,2710100,0.0,0.0
2024-09-16,7.347052241238516,7.4115002258077585,7.236570358276367,7.236570358276367,1845000,0.0,0.0
2024-09-17,7.291810885670972,7.291810885670972,7.162915362868169,7.264190196990967,1076500,0.0,0.0
2024-09-18,7.23657019053631,7.3194313813292515,7.135294913993862,7.181329250335693,1623400,0.0,0.0
2024-09-19,7.245776767395009,7.254983810235454,6.877503395080566,6.877503395080566,3694700,0.0,0.0
2024-09-20,6.923537387590125,6.923537387590125,6.693366596195485,6.767021179199219,3971400,0.0,0.0
2024-09-23,6.776228395903237,6.776228395903237,6.564471244812012,6.564471244812012,2529300,0.0,0.0
2024-09-24,6.693366733672572,6.757814714632527,6.582884856897751,6.702573776245117,1837700,0.0,0.0
2024-09-25,6.702574150939121,6.748608049327419,6.610505476130568,6.674953460693359,3353900,0.0,0.0
2024-09-26,6.77622863483507,6.849883222330673,6.628919020827893,6.693367004394531,2062500,0.0,0.0
2024-09-27,6.674953292998073,6.739401275941733,6.573678016662598,6.573678016662598,1546100,0.0,0.0
2024-09-30,6.61971253917268,6.61971253917268,6.361921039160389,6.371128082275391,2414800,0.0,0.0
2024-10-01,6.39874795628831,6.472402979817333,6.306679725646973,6.306679725646973,2399100,0.0,0.0
2024-10-02,6.444782323834935,6.619712182449512,6.426368677613187,6.518436908721924,3395800,0.0,0.0
2024-10-03,6.426368712601801,6.435575316254822,6.288266145678813,6.380334377288818,2883600,0.0,0.0
2024-10-04,6.389541561496927,6.39874816535389,6.251438991514735,6.269852638244629,3855700,0.0,0.0
2024-10-07,6.343507289886475,6.426368920524413,6.251439055297638,6.343507289886475,2779200,0.0,0.0
2024-10-08,6.2238190059758045,6.380334790337314,6.214611962710782,6.352714538574219,2771300,0.0,0.0
2024-10-09,6.288266219290558,6.288266219290558,6.150163650750914,6.196197986602783,3354200,0.0,0.0
2024-10-10,6.150163545271022,6.518436908721924,6.150163545271022,6.518436908721924,5939900,0.0,0.0
2024-10-11,6.518437178990989,6.555264472961426,6.380334607093864,6.555264472961426,3631500,0.0,0.0
2024-10-14,6.555264472086623,6.69336704396532,6.417161900207928,6.601298809051514,3175700,0.0,0.0
2024-10-15,6.582885329234556,6.693367213936701,6.500023696199955,6.6105055809021,2790300,0.0,0.0
2024-10-16,6.674953087543435,6.702573776245117,6.555264168196069,6.702573776245117,3867500,0.0,0.0
2024-10-17,6.656540003136147,6.656540003136147,6.453989878623153,6.472403526306152,3848000,0.0,0.0
2024-10-18,6.48160965235159,6.564471280318594,6.398748024384586,6.426368713378906,3249900,0.0,0.0
2024-10-21,6.417162164161418,6.592092037200928,6.417162164161418,6.592092037200928,2659000,0.0,0.0
2024-10-22,6.573678308742928,6.592091956256988,6.352714538574219,6.352714538574219,3473500,0.0,0.0
2024-10-23,6.325093766076432,6.536850929260254,6.2698528242479545,6.536850929260254,4357500,0.0,0.0
2024-10-24,6.536850685871706,6.665746212005615,6.444782452918915,6.665746212005615,3322200,0.0,0.0
2024-10-25,6.656539726504492,6.674953373422259,6.343507289886475,6.343507289886475,2211100,0.0,0.0
2024-10-28,6.435575181994423,6.601298434451036,6.4079549325956195,6.582884788513184,3157900,0.0,0.0
2024-10-29,6.58288509825094,6.628918995753581,6.48160982131958,6.48160982131958,2269400,0.0,0.0
2024-10-30,6.481609549142116,6.601298467851717,6.325093338370476,6.444782257080078,5012500,0.0,0.0
2024-10-31,6.426368678619308,6.619712183485903,6.398747989774385,6.564471244812012,4688800,0.0,0.0
2024-11-01,6.573678069557135,6.573678069557135,6.177784442901611,6.177784442901611,3529100,0.0,0.0
2024-11-04,6.260645731013732,6.674952981868134,6.260645731013732,6.628918647766113,6192900,0.0,0.0
2024-11-05,6.665745939441351,6.665745939441351,6.453989231816705,6.628918647766113,2944100,0.0,0.0
2024-11-06,6.527644082288629,6.757814884185791,6.435575410316993,6.757814884185791,3300200,0.0,0.0
2024-11-07,6.6933670870642095,6.785435322570847,6.41716194152832,6.41716194152832,3080000,0.0,0.0
2024-11-08,6.3527138856032845,6.417161425770185,6.186990635994819,6.205404281616211,5114100,0.0,0.0
2024-11-11,6.19619808921995,6.260646072676718,6.012061620794858,6.223818778991699,4175800,0.0,0.0
2024-11-12,6.2238186389550805,6.3435071212304015,6.1777843033766,6.288266181945801,2623300,0.0,0.0
2024-11-13,6.27905972005199,6.380334558186399,6.150163753127519,6.177784442901611,4918600,0.0,0.0
2024-11-14,6.186990737915039,6.33430034432879,6.1593704885359255,6.186990737915039,2718600,0.0,0.0
2024-11-18,6.1317496650107906,6.223818331621378,6.058095082935072,6.0857157707214355,3152600,0.0,0.0
2024-11-19,6.1133367255817435,6.22381905047196,6.048889178329773,6.214612007141113,2076900,0.0,0.0
2024-11-21,6.177784483208067,6.177784483208067,5.956820280621574,6.039681911468506,3665800,0.0,0.0
2024-11-22,6.085716134302316,6.380334480206669,6.085716134302316,6.3619208335876465,4809500,0.0,0.0
2024-11-25,6.269852600526342,6.435575420098433,6.214611660668978,6.407955169677734,4157800,0.0,0.0
2024-11-26,6.38954175105098,6.7486080924440754,6.3619210606287515,6.536850929260254,5842900,0.0,0.0
2024-11-27,6.509230238334538,6.555264133908622,6.140956878662109,6.140956878662109,5483200,0.0,0.0
2024-11-28,6.058095795062261,6.1041301337788765,4.925655364990234,4.925655364990234,13949300,0.0,0.0
2024-11-29,4.971689658837022,5.165033177276283,4.649450607776916,5.06375789642334,17001900,0.0,0.0
2024-12-02,5.063757770688017,5.091378460786072,4.833586962929472,4.8704142570495605,7556600,0.0,0.0
2024-12-03,4.888827966802874,5.008516893736018,4.805966334462086,4.944068908691406,7229000,0.0,0.0
2024-12-04,4.971689363206737,5.036136906176939,4.805966106389738,4.815173149108887,7599700,0.0,0.0
2024-12-05,4.898035008331204,5.063757833941725,4.852000670598069,4.990103244781494,11124000,0.0,0.0
2024-12-06,4.980896005506662,4.990103048297156,4.677070617675781,4.677070617675781,9890700,0.0,0.0
2024-12-09,4.704691450351499,4.796759685981318,4.594209128579739,4.61262321472168,4753600,0.0,0.0
2024-12-10,4.695484408548135,4.732311702810005,4.502140894165332,4.566588878631592,7686300,0.0,0.0
2024-12-11,4.557381496598244,4.879620955946679,4.446899622029837,4.713897705078125,6814400,0.0,0.0
2024-12-12,4.6954843588173505,4.713898005753262,4.078626527940331,4.189108848571777,11712700,0.0,0.0
2024-12-13,4.19831534914781,4.253556288595234,4.152281452449605,4.161488056182861,5201200,0.0,0.0
2024-12-16,4.1614880941357955,4.207522430269797,4.004971878099348,4.023385524749756,3412500,0.0,0.0
2024-12-17,4.023385491929232,4.097040077930029,3.940524302186316,3.986558198928833,6829600,0.0,0.0
2024-12-18,3.9681446716476505,3.9681446716476505,3.655112452231535,3.7103536128997803,7561000,0.0,0.0
2024-12-19,3.7287671169416297,4.00497181214948,3.6919398242472496,3.94973087310791,7932100,0.0,0.0
2024-12-20,3.9497307709382072,4.170694960404653,3.8760761874547076,3.968144416809082,5444300,0.0,0.0
2024-12-23,3.912903650154844,4.01417892637744,3.8852829606337846,3.9405243396759033,3851400,0.0,0.0
2024-12-26,3.940524372823458,3.9865582703911704,3.848455699656092,3.8852829933166504,4691000,0.0,0.0
2024-12-27,3.9313172267607204,4.00497181214948,3.8852828913847657,3.94973087310791,3428200,0.0,0.0
2024-12-30,3.9497308723853553,4.004971811416819,3.8760762870100693,3.9036965370178223,2726600,0.0,0.0
2025-01-02,3.9405242349570306,3.9405242349570306,3.8024216690537225,3.8668692111968994,3372300,0.0,0.0
2025-01-03,3.8576625765281647,3.958937849243344,3.7287670542644507,3.747180700302124,4612800,0.0,0.0
2025-01-06,3.7932146589548936,3.9129035796977125,3.7932146589548936,3.9036965370178223,3497700,0.0,0.0
2025-01-07,3.9589381217956543,4.032592711017084,3.9129037840242704,3.9589381217956543,3222100,0.0,0.0
2025-01-08,3.9313174313296275,4.032592711017084,3.8852830935582436,3.9589381217956543,3510500,0.0,0.0
2025-01-09,3.9497309381055032,4.115453757957383,3.940524334288382,4.069419860839844,2896600,0.0,0.0
2025-01-10,4.078626527940331,4.253556393339483,4.023385587132594,4.189108848571777,8043100,0.0,0.0
2025-01-13,4.207522254156178,4.336417775313871,4.143074274069358,4.271969795227051,4013400,0.0,0.0
2025-01-14,4.2719702111114595,4.345624801800555,4.161488325077816,4.198315620422363,5365400,0.0,0.0
2025-01-15,4.207522289298463,4.566588606459021,4.207522289298463,4.52976131439209,5276400,0.0,0.0
2025-01-16,4.529761604294599,4.529761604294599,4.262763500213623,4.262763500213623,3443200,0.0,0.0
2025-01-17,4.308797294556895,4.364038234857064,4.18910881008118,4.281177043914795,4084300,0.0,0.0
2025-01-20,4.25355614934738,4.391658712952882,4.161487919949028,4.271969795227051,2662300,0.0,0.0
2025-01-21,4.262763422152331,4.46531353777439,4.216729085457515,4.446899890899658,3135900,0.0,0.0
2025-01-22,4.46531353777439,4.52976152134394,4.38245234634608,4.446899890899658,4880000,0.0,0.0
2025-01-23,4.502140831523856,4.585002461968139,4.446899890899658,4.446899890899658,3915200,0.0,0.0
2025-01-24,4.42848614170228,4.640243295376924,4.419279537985623,4.46531343460083,2351700,0.0,0.0
2025-01-27,4.45610666441851,4.778345684751001,4.45610666441851,4.713897705078125,4469700,0.0,0.0
2025-01-28,4.695484515327847,4.723105206160358,4.54817533493042,4.54817533493042,2599400,0.0,0.0
2025-01-29,4.612622801839864,4.686277383750802,4.511347532204354,4.594208717346191,3193900,0.0,0.0
2025-01-30,4.6126228431565055,4.888827527796573,4.6126228431565055,4.8520002365112305,5254300,0.0,0.0
2025-01-31,4.861207379836852,4.9164483179125495,4.787552356719971,4.787552356719971,6074700,0.0,0.0
2025-02-03,4.741518768734283,4.8427940479504885,4.677070783957428,4.732311725616455,3009600,0.0,0.0
2025-02-04,4.732311622499186,4.824379856591393,4.658657035225419,4.750725269317627,2970500,0.0,0.0
2025-02-05,4.732311661009139,4.796759644906126,4.575795442270724,4.704691410064697,3839900,0.0,0.0
2025-02-06,4.677070681591437,4.796759605407715,4.6586570347747776,4.796759605407715,1985800,0.0,0.0
2025-02-07,4.778345973660817,4.778345973660817,4.3732453034007275,4.446899890899658,6994300,0.0,0.0
2025-02-10,4.437693554683225,4.6402436825245355,4.428486511182439,4.48372745513916,3311300,0.0,0.0
2025-02-11,4.465313301887215,4.7323113869742315,4.4192794066401815,4.667863845825195,4060800,0.0,0.0
2025-02-12,4.6678641573597215,4.6678641573597215,4.474520642976918,4.566588878631592,5303100,0.0,0.0
2025-02-13,4.548175027123444,4.6034159660339355,4.483727045553223,4.6034159660339355,1731800,0.0,0.0
2025-02-14,4.640243351187677,4.944068740762971,4.621829704516931,4.888827800750732,6233400,0.0,0.0
2025-02-17,4.8888280255013425,5.229480724078712,4.879621421250704,5.06375789642334,4863400,0.0,0.0
2025-02-18,5.063757835624549,5.1282058206691605,4.944068908691406,4.944068908691406,3437800,0.0,0.0
2025-02-19,4.907241205080808,4.92565485084221,4.713897705078125,4.713897705078125,3055100,0.0,0.0
2025-02-20,4.750725434877858,4.879621406114875,4.695484492497417,4.805966377258301,2906300,0.0,0.0
2025-02-21,4.833586692810059,4.916448319457621,4.686277524561904,4.833586692810059,5041000,0.0,0.0
2025-02-24,4.833586547572679,4.852000193050413,4.575795071868456,4.594208717346191,5495500,0.0,0.0
2025-02-25,4.63103668488551,4.815173149108887,4.538968013757861,4.815173149108887,3610600,0.0,0.0
2025-02-26,4.824379829419558,4.898034855294455,4.631036758422852,4.631036758422852,4018900,0.0,0.0
2025-02-27,4.621829941388939,4.879621447007345,4.621829941388939,4.759932518005371,4145500,0.0,0.0
2025-02-28,4.759932285855364,4.796759579288151,4.502140792809889,4.538968086242676,7535400,0.0,0.0
2025-03-05,4.54817545060715,4.759932622322204,4.529761802589146,4.741518974304199,3103100,0.0,0.0
2025-03-06,4.74151836505154,5.036136695483177,4.723104719399563,4.898034572601318,6168200,0.0,0.0
2025-03-07,4.870414583172767,5.02693081317147,4.815173638293697,4.980896472930908,3551800,0.0,0.0
2025-03-10,4.980896203283761,5.05455079246847,4.925655261395229,4.944068908691406,6977400,0.0,0.0
2025-03-11,4.953275889424296,4.980896140512489,4.796759669871279,4.824379920959473,5771500,0.0,0.0
2025-03-12,4.833586899508599,4.953275823336454,4.7415186654163906,4.750725269317627,3702100,0.0,0.0
2025-03-13,4.7507253316512825,4.8704142570495605,4.704691433509159,4.8704142570495605,2043700,0.0,0.0
2025-03-14,4.870414375876596,5.155826131778674,4.861207771629941,5.109792232513428,4657500,0.0,0.0
2025-03-17,5.1466193199157715,5.247894157623446,5.054550647067385,5.1466193199157715,4432200,0.0,0.0
2025-03-18,5.183446547466456,5.266307737352872,5.072964668273926,5.072964668273926,3529600,0.0,0.0
2025-03-19,5.137412211628254,5.17423950469243,4.7691388419705225,5.072964668273926,9462700,0.0,0.0
2025-03-20,4.9808958936434395,5.183446440325698,4.898034705469747,4.999309539794922,4148300,0.0,0.0
2025-03-21,4.953275680541992,5.091378247207029,4.953275680541992,4.953275680541992,3888100,0.0,0.0
2025-03-24,4.99930989509784,4.99930989509784,4.787552729798153,4.805966377258301,2613400,0.0,0.0
2025-03-25,4.842794330241235,5.054551066103002,4.815173638293697,4.980896472930908,2318500,0.0,0.0
2025-03-26,5.02693081317147,5.109792449998078,4.916448923413329,4.980896472930908,4584900,0.0,0.0
2025-03-27,5.0637574174428615,5.0637574174428615,4.934861897014235,5.017723083496094,2714600,0.0,0.0
2025-03-28,4.98089592958938,5.008516618523912,4.815173113030059,4.907241344451904,6306700,0.0,0.0
2025-03-31,4.8796213610411465,5.082171481231784,4.84279406646103,4.990103244781494,6562900,0.0,0.0
2025-04-01,5.017723281075965,5.38599665010355,5.017723281075965,5.330755710601807,6789000,0.0,0.0
2025-04-02,5.33996265194049,5.551719802183343,5.303135359638772,5.395203590393066,6523000,0.0,0.0
2025-04-03,5.349169384995116,5.8095109889260135,5.349169384995116,5.588547229766846,6634700,0.0,0.0
2025-04-04,5.524099432903787,5.524099432903787,5.229480638436499,5.293928623199463,4988700,0.0,0.0
2025-04-07,5.165032892096576,5.459651236105874,5.036136927576546,5.330755710601807,5206100,0.0,0.0
2025-04-08,5.358376607962426,5.514892389787944,5.211066991220792,5.293928623199463,7989900,0.0,0.0
2025-04-09,5.2571010247536485,5.524099113449077,5.063757520661655,5.395203590393066,10338300,0.0,0.0
2025-04-10,5.413617549609547,5.413617549609547,5.229480638436499,5.293928623199463,5598900,0.0,0.0
2025-04-11,5.349169384995116,5.680615462749833,5.330755738398518,5.588547229766846,5083800,0.0,0.0
2025-04-14,5.6345812165402736,5.901579315953668,5.625374612603245,5.827924728393555,5284700,0.0,0.0
2025-04-15,5.80951101667609,5.86475195672975,5.726649387087618,5.800304412841797,3342400,0.0,0.0
2025-04-16,5.809511016806609,5.864751956861509,5.745063033901242,5.754270076751709,4103400,0.0,0.0
2025-04-17,5.763476949817851,5.781890595960376,5.6714082800892704,5.699028968811035,6977400,0.0,0.0
2025-04-22,5.708235740403064,5.938406543467962,5.634581153664852,5.800304412841797,4048300,0.0,0.0
2025-04-23,5.864751846471571,6.150163584224345,5.864751846471571,6.07650899887085,4329600,0.0,0.0
2025-04-24,6.122543069279026,6.40795479468095,6.048888487112845,6.389541149139404,5517900,0.0,0.0
2025-04-25,6.426369128630456,6.426369128630456,6.260646301003923,6.352714538574219,4899000,0.0,0.0
2025-04-28,6.371127940075833,6.582885097818791,6.352714293272792,6.527644157409668,6046800,0.0,0.0
2025-04-29,6.527643710208965,6.739400853444707,6.371127503597859,6.389541149139404,7484300,0.0,0.0
2025-04-30,6.334300204734956,6.4631957233674635,6.002854146378283,6.0857157707214355,8347900,0.0,0.0
2025-05-02,6.131750106283447,6.177784442901611,5.975233888600854,6.177784442901611,3633900,0.0,0.0
2025-05-05,6.177784714385652,6.269852952651967,6.104130123772599,6.168577671051025,2404500,0.0,0.0
2025-05-06,6.1961982999960465,6.315887228051801,6.012061825307184,6.09492301940918,2951500,0.0,0.0
2025-05-07,6.131750041727096,6.131750041727096,5.883165592441294,6.104129791259766,3443600,0.0,0.0
2025-05-08,6.16857735033666,6.62891895675032,6.16857735033666,6.573678016662598,5150000,0.0,0.0
2025-05-09,6.46319608065497,6.628918899486546,6.067302460604888,6.150163650512695,5966400,0.0,0.0
2025-05-12,6.223818539865384,6.223818539865384,5.846338135573224,6.002854347229004,3253400,0.0,0.0
2025-05-13,6.058095082935072,6.159370352797154,5.956819813072989,6.0857157707214355,2331300,0.0,0.0
2025-05-14,6.12254385599308,6.168577756254083,5.9476139813628786,6.030475616455078,3357400,0.0,0.0
2025-05-15,6.002854245108393,6.076508828395523,5.919992619402398,6.021267890930176,4195900,0.0,0.0
2025-05-16,6.012061620794858,6.297473366361737,5.947613637338091,6.223818778991699,3844300,0.0,0.0
2025-05-19,6.251439155876256,6.518437259987568,6.168577523905167,6.371128082275391,3187000,0.0,0.0
2025-05-20,6.371127810380681,6.380334414086802,5.781890685662318,6.288266181945801,10851600,0.0,0.0
2025-05-21,6.288266498146111,6.288266498146111,5.643788401736096,5.671408653259277,8877100,0.0,0.0
2025-05-22,5.6714082106647075,5.781890525183383,5.542512689244859,5.579339981079102,7855100,0.0,0.0
2025-05-23,5.551720181062477,6.01206180526608,5.284721635129683,5.929200172424316,10991200,0.0,0.0
2025-05-26,5.901579073978331,6.140956912749747,5.901579073978331,6.002854347229004,3540100,0.0,0.0
2025-05-27,6.076509386847345,6.463196423658574,6.076509386847345,6.352714538574219,4782900,0.0,0.0
2025-05-28,6.306679828374001,6.398748060515001,6.260645931811481,6.288266181945801,3376900,0.0,0.0
2025-05-29,6.269852535517601,6.407955103237081,6.251438889089401,6.288266181945801,3479400,0.0,0.0
2025-05-30,6.334300936346187,6.380334835952453,6.196198359495408,6.214612007141113,6539000,0.0,0.0
2025-06-02,6.343507187002827,6.518437049392462,6.306679893764585,6.407955169677734,5330400,0.0,0.0
2025-06-03,6.426369106398526,6.6105055809021,6.398748415714997,6.6105055809021,3969600,0.0,0.0
2025-06-04,6.601298537261273,6.748607707058314,6.546057598587382,6.564471244812012,2519600,0.0,0.0
2025-06-05,6.536851073688656,6.730194593868144,6.407955539907659,6.472403526306152,2960800,0.0,0.0
2025-06-06,6.463196174945691,6.546057805078318,6.297473353696406,6.435575485229492,4150600,0.0,0.0
2025-06-09,6.343506984401496,6.472402945634582,6.260645796769885,6.444782257080078,2221600,0.0,0.0
2025-06-10,6.5828852236136,6.767021695162745,6.481609944753582,6.720987796783447,4473400,0.0,0.0
2025-06-11,6.711780547989993,6.739401237383813,6.536850685871706,6.665746212005615,3730000,0.0,0.0
2025-06-12,6.582885224900784,6.739401445256151,6.582885224900784,6.674953460693359,3036500,0.0,0.0
2025-06-13,6.582885059361747,6.6565396461436235,6.50923047257987,6.6197123527526855,2900100,0.0,0.0
2025-06-16,6.739401387520703,7.208949605548274,6.711780697511563,7.116881370544434,6014900,0.0,0.0
2025-06-17,7.0892606169910914,7.144501996514217,6.914331191559753,6.9971923828125,5919000,0.0,0.0
2025-06-18,7.034019435601448,7.264190232673632,6.987985539596584,7.172122001647949,6686500,0.0,0.0
2025-06-20,7.116881626593884,7.190536217246883,6.8959174156188965,6.8959174156188965,7612800,0.0,0.0
2025-06-23,6.914331270385473,6.914331270385473,6.656539772730536,6.813055992126465,4121300,0.0,0.0
2025-06-24,6.840676265138158,7.162915747994865,6.813056013989054,7.024813175201416,4837600,0.0,0.0
2025-06-25,7.006399465143508,7.144502036696092,6.868296893590923,6.905124187469482,6566000,0.0,0.0
2025-06-26,6.951158147230362,6.969571793170714,6.757814645348684,6.886710166931152,2505900,0.0,0.0
2025-06-27,6.822262493273538,6.997192357077471,6.638126025593592,6.785435199737549,3176000,0.0,0.0
2025-06-30,6.785435529639398,6.923538106621766,6.684160686999519,6.8959174156188965,2882400,0.0,0.0
2025-07-01,6.8959168031710885,7.061640056437929,6.739401031442113,7.052433013916016,3712100,0.0,0.0
2025-07-02,7.070847092726822,7.070847092726822,6.610505474837983,6.720987796783447,9481600,0.0,0.0
2025-07-03,6.730194400852916,6.877503578092232,6.665746416302726,6.720987796783447,2497300,0.0,0.0
2025-07-04,6.693366965897576,6.79464224262953,6.647332629469605,6.785435199737549,1320600,0.0,0.0
2025-07-07,6.720987524805807,6.859089653371109,6.564471310814773,6.638125896453857,2464700,0.0,0.0
2025-07-08,6.61050514086561,6.693366768384423,6.509230306138122,6.564471244812012,2523400,0.0,0.0
2025-07-09,6.546057909067355,6.573678160206352,6.398748293267452,6.463196277618408,2420800,0.0,0.0
2025-07-10,6.315886734862943,6.444782257080078,6.2054044196608755,6.444782257080078,3132300,0.0,0.0
2025-07-11,6.398748126825691,6.472403152317743,6.30667989373058,6.3619208335876465,2481100,0.0,0.0
2025-07-14,6.361920768172439,6.417161707461501,6.2882661824536905,6.334300518035889,1922400,0.0,0.0
2025-07-15,6.343506886143198,6.536850385982065,6.325093240397398,6.509230136871338,2446900,0.0,0.0
2025-07-16,6.527644364783356,6.555264616357388,6.334300847701199,6.490817070007324,2967600,0.0,0.0
2025-07-17,6.518437011532925,6.564471347321341,6.417161736207989,6.500023365020752,2121200,0.0,0.0
2025-07-18,6.398748270810386,6.472403297959826,6.168577463385322,6.251439094543457,2850300,0.0,0.0
2025-07-21,6.260646179376995,6.297473473689662,6.076509268797684,6.113336563110352,2518300,0.0,0.0
2025-07-22,6.07650889803925,6.297473089449087,6.07650889803925,6.140956878662109,2391200,0.0,0.0
2025-07-23,6.150163650985619,6.315886908845902,6.094922711370846,6.242232322692871,1862800,0.0,0.0
2025-07-24,6.233025383970624,6.233025383970624,6.104129856051022,6.131750106811523,1706200,0.0,0.0
2025-07-25,6.140957416558296,6.2606463457633685,6.1133367255817435,6.214612007141113,1480900,0.0,0.0
2025-07-28,6.214611393643754,6.334300311033312,6.002854247114514,6.067302227020264,3835200,0.0,0.0
2025-07-29,6.04888891551405,6.2054046941941525,6.012061621822736,6.131750106811523,3335400,0.0,0.0
2025-07-30,6.122543768912591,6.352714583991891,6.067302825975477,6.214612007141113,5308800,0.0,0.0
2025-07-31,6.260645657496327,6.398747780148793,6.131749699130644,6.205404281616211,4228500,0.0,0.0
2025-08-01,6.269852260799052,6.481609404953026,6.177784032692093,6.205404281616211,3655400,0.0,0.0
2025-08-04,6.288266349133172,6.389541626688879,6.23302540837987,6.343507289886475,4543100,0.0,0.0
2025-08-05,6.332594673831053,6.448258390162375,6.101266781561655,6.400064945220947,6858600,0.308678,0.0
2025-08-06,6.4482584956487425,6.58319950024277,6.400065049918923,6.486813068389893,2597500,0.0,0.0
2025-08-07,6.47717419694271,6.756695538792717,6.4675357835585086,6.679585933685303,2887400,0.0,0.0
2025-08-08,6.747056762501914,6.814527495585369,6.563922309509764,6.621754169464111,1616100,0.0,0.0
2025-08-11,6.641031070534569,6.650669943104041,6.535006229910829,6.563921928405762,1676100,0.0,0.0
2025-08-12,6.641031091108877,6.862720105219376,6.602476519925029,6.8048882484436035,5196500,0.0,0.0
2025-08-13,6.756695462758428,6.88199759298356,6.669947445243004,6.833804607391357,3275200,0.0,0.0
2025-08-14,6.775972565115783,6.94946813583374,6.689224549953432,6.94946813583374,1745500,0.0,0.0
2025-08-15,6.939829645322122,7.026577665260849,6.81452751159668,6.81452751159668,2242500,0.0,0.0
2025-08-18,6.833804325949937,7.016938766714367,6.7759724698569705,6.910913467407227,2975700,0.0,0.0
2025-08-19,6.814527309619565,6.853081881870323,6.621753988759016,6.689224720001221,2226300,0.0,0.0
2025-08-20,6.689224814309614,6.78561124629542,6.49645149073124,6.535006523132324,2950900,0.0,0.0
2025-08-21,6.535006514908721,6.73741779202082,6.390426637308569,6.583199501037598,4311100,0.0,0.0
2025-08-22,6.6217540035432085,7.026577472686768,6.5253675727011125,7.026577472686768,4993700,0.0,0.0
2025-08-25,7.007300090163598,7.113325392435368,6.939829359698518,6.988022804260254,2823800,0.0,0.0
2025-08-26,6.968745528439982,7.055493544933922,6.901274797877278,7.0362162590026855,2977300,0.0,0.0
2025-08-27,7.084409262364478,7.460316568799958,6.997661705252752,7.373569011688232,8795900,0.0,0.0
2025-08-28,7.460316668810097,7.778392121566173,7.421762096330982,7.604896545410156,6021300,0.0,0.0
2025-08-29,7.595257949867489,7.980803665408582,7.575980664090435,7.816946506500244,6676400,0.0,0.0
2025-09-01,7.913333517470058,7.951888089620891,7.710921783874804,7.807308673858643,1621200,0.0,0.0
2025-09-02,7.710921569680478,7.768753885907014,7.547064412787689,7.633812427520752,4934300,0.0,0.0
2025-09-03,7.662728233650903,7.922972281505238,7.585619090408172,7.720560550689697,3351300,0.0,0.0
2025-09-04,7.749476256642081,7.961526860358967,7.682005526440028,7.913333415985107,3447800,0.0,0.0
2025-09-05,8.00008117227209,8.347072305913626,8.00008117227209,8.08682918548584,7023700,0.0,0.0
2025-09-08,8.115745058480742,8.173576455727915,7.826585314604423,7.922972202301025,4734000,0.0,0.0
2025-09-09,7.9615271393674005,8.019358539271913,7.701283082156509,7.788031101226807,4555800,0.0,0.0
2025-09-10,7.788030821223713,7.788030821223713,7.604896376218854,7.720560550689697,6487900,0.0,0.0
2025-09-11,7.7687538847153546,7.913333296439293,7.662728124851883,7.7783918380737305,3803600,0.0,0.0
2025-09-12,7.768754005432129,7.836224276056574,7.682005529757668,7.768754005432129,3332800,0.0,0.0
2025-09-15,7.778392228171545,7.874779120297103,7.710921955211771,7.788031101226807,3222600,0.0,0.0
2025-09-16,7.855501286803936,7.855501286803936,7.730199615333474,7.797669887542725,4561600,0.0,0.0
2025-09-17,7.730199624413359,7.961527060156953,7.720560751453996,7.845863342285156,2706700,0.0,0.0
2025-09-18,7.836224373168391,7.855501199637054,7.759115228866723,7.807308673858643,2195000,0.0,0.0
2025-09-19,7.7783918615836,7.836224177976061,7.614535163827437,7.730199337005615,3383300,0.0,0.0
2025-09-22,7.701282697107142,7.701282697107142,7.3446526848150375,7.633812427520752,7504200,0.0,0.0
2025-09-23,7.710921858941841,7.778392131059257,7.547064695902246,7.653090000152588,4094800,0.0,0.0
2025-09-24,7.653089990812429,7.691644563291544,7.4892328279728115,7.604896545410156,4026600,0.0,0.0
2025-09-25,7.55670347110591,7.643451028364499,7.47959432705083,7.518148899078369,5286200,0.0,0.0
2025-09-26,7.527787398998286,7.547064685234121,7.412123681583276,7.508510112762451,4695400,0.0,0.0
2025-09-29,7.60489636215875,7.720560536415751,7.556703377524518,7.5759806632995605,4849200,0.0,0.0
2025-09-30,7.614535513675602,7.662728500074545,7.489232921746175,7.547064781188965,4193100,0.0,0.0
2025-10-01,7.547064789737221,7.585619362742751,7.373569211212339,7.498871803283691,4084100,0.0,0.0
2025-10-02,7.508509914810245,7.537426073205039,7.29645977180649,7.335014343261719,4427800,0.0,0.0
2025-10-03,7.344652940749963,7.527787389564264,7.2771826688124746,7.4603166580200195,4204600,0.0,0.0
2025-10-06,7.508510207730802,7.547064780690113,7.325375756370689,7.354291915893555,4016700,0.0,0.0
2025-10-07,7.344652836982933,7.344652836982933,6.9976616900751365,7.132602691650391,4229200,0.0,0.0
2025-10-08,7.180795765626054,7.3253756417648965,7.122963907091868,7.219350337982178,3262500,0.0,0.0
2025-10-09,7.277182482047886,7.306098180819917,7.161518308139525,7.238627910614014,2040000,0.0,0.0
2025-10-10,7.257905368154369,7.306098353784256,7.016939061184669,7.122963905334473,3400700,0.0,0.0
2025-10-13,7.248266497052649,7.27718265612312,7.113325493806215,7.219350337982178,2027500,0.0,0.0
2025-10-14,7.200073146624851,7.296460038391276,7.151880160348401,7.161518573760986,1339600,0.0,0.0
2025-10-15,7.209711851045221,7.566341871499568,7.161518406289012,7.373569011688232,8925000,0.0,0.0
2025-10-16,7.325375747607718,7.373569193552589,7.228989315324741,7.306098461151123,2294000,0.0,0.0
2025-10-17,7.30609828095089,7.441039282818824,7.238628009820298,7.373569011688232,2355900,0.0,0.0
2025-10-20,7.363930060167348,7.672367092174772,7.363930060167348,7.5759806632995605,2666500,0.0,0.0
2025-10-21,7.57598075711968,7.691644473202301,7.469955454240568,7.518148899078369,3126100,0.0,0.0
2025-10-22,7.537426376422084,7.643451222385776,7.498871803415875,7.5952582359313965,1286000,0.0,0.0
2025-10-23,7.6723671897869705,7.73983746105464,7.508510028811054,7.614535331726074,1935300,0.0,0.0
2025-10-24,7.63381280039928,7.730199692413759,7.595258227436194,7.64345121383667,3818900,0.0,0.0
2025-10-27,7.710921563516177,7.739837261999588,7.5663416922789,7.682005405426025,3520700,0.0,0.0
2025-10-28,7.672367085403279,7.672367085403279,7.575980656613137,7.624173641204834,2275300,0.0,0.0
2025-10-29,7.604896545410156,7.720560722454259,7.566341972931042,7.604896545410156,3853500,0.0,0.0
2025-10-30,7.518148894421013,7.662728309631348,7.441039290806948,7.662728309631348,2037600,0.0,0.0
2025-10-31,7.691644277991656,7.826585276663302,7.653089706942614,7.682005405426025,3325900,0.0,0.0
2025-11-03,7.720560436081808,7.816946404097671,7.604896263327942,7.682005405426025,3986600,0.0,0.0
2025-11-04,7.633812809196735,7.788031101226807,7.614535522692977,7.788031101226807,2044800,0.0,0.0
2025-11-05,7.788031025850417,8.115745352849302,7.682005721302526,8.038636207580566,4929600,0.0,0.0
2025-11-06,8.086829175016367,8.26032428200579,7.932609974384098,8.183215141296387,4991900,0.0,0.0
2025-11-07,8.10610610847366,8.318156707853497,8.10610610847366,8.269963264465332,2735000,0.0,0.0
2025-11-10,8.318156902294932,8.462736316625568,8.26996345778022,8.34707260131836,10093100,0.0,0.0
2025-11-11,8.37598859544582,8.915753538443374,8.37598859544582,8.703702926635742,8203300,0.0,0.0
2025-11-12,8.838644241279503,9.204913139343262,8.838644241279503,9.204913139343262,11579700,0.0,0.0
2025-11-13,9.156719220676997,9.349492073059082,8.992862066348858,9.349492073059082,5532600,0.0,0.0
2025-11-14,9.214552100163298,9.426601791159692,9.204913227150682,9.388047218322754,2808800,0.0,0.0
2025-11-17,9.436240752093264,9.436240752093264,9.108526420319096,9.185635566711426,6102500,0.0,0.0
2025-11-18,9.060332803173782,9.27238341136091,8.954307958686977,9.204913139343262,4661600,0.0,0.0
2025-11-19,9.089249507541954,9.320576944535636,9.079610634530503,9.195274353027344,3713800,0.0,0.0
2025-11-21,9.195274545502876,9.195274545502876,9.002501677306352,9.079610824584961,3291200,0.0,0.0
2025-11-24,9.079610019786205,9.474794594364084,9.060332275068523,9.455517768859863,3031800,0.0,0.0
2025-11-25,9.46515639952124,9.80250960252074,9.416963872704335,9.77359390258789,7579300,0.0,0.0
2025-11-26,9.812148192527959,10.294080800503382,9.792870446986461,10.188055038452148,8316900,0.0,0.0
2025-11-27,10.120585077381616,10.342273642616053,10.11094620431572,10.255526542663574,2269100,0.0,0.0
2025-11-28,10.255526713321602,10.631433577011574,10.188055519951098,10.429021835327148,6955300,0.0,0.0
2025-12-01,10.390466904605049,10.776013547486953,10.303718886976283,10.756735801696777,5983200,0.0,0.0
2025-12-02,10.795290670112227,11.007341283551845,10.660350122734455,10.72782039642334,7292900,0.0,0.0
2025-12-03,10.756736009688657,10.82420628283185,10.64107229035167,10.737459182739258,3805500,0.0,0.0
2025-12-04,10.785651046217621,11.026617343149516,10.708541904736494,10.997701644897461,5776600,0.0,0.0
2025-12-05,10.978424812287647,10.997701638039171,9.889257040529088,10.024197578430176,8897600,0.0,0.0
2025-12-08,10.265163898628435,10.380828530255322,9.99528190299714,10.120584487915039,6588600,0.0,0.0
2025-12-09,9.91817351035624,10.11094637893578,9.629013747880157,10.043476104736328,6515200,0.0,0.0
2025-12-10,10.024197959021151,10.05311457756653,9.860340797451366,9.98564338684082,2892200,0.0,0.0
2025-12-11,9.908534261573127,10.322996602720453,9.88925743505257,10.082030296325684,4264200,0.0,0.0
2025-12-12,10.101307021942413,10.38082881701312,10.062752450072917,10.188055038452148,3737500,0.0,0.0
2025-12-15,10.255526042343202,10.33263518468151,10.20733259857839,10.303718566894531,2823700,0.0,0.0
2025-12-16,10.265164190807054,10.265164190807054,9.77359362886179,9.898896217346191,7023700,0.0,0.0
2025-12-17,9.821786113602421,9.821786113602421,9.301298935478867,9.706122398376465,7682400,0.0,0.0
2025-12-18,9.580819725189006,9.783231454837326,9.513349455044063,9.715761184692383,7012900,0.0,0.0
2025-12-19,9.667568205811737,9.937451137804366,9.657930251908347,9.86034107208252,2677100,0.0,0.0
2025-12-22,9.831425477290605,9.898896670618495,9.6675683094013,9.754316329956055,5379300,0.0,0.0
2025-12-23,9.754316342260244,10.101307505703419,9.735039515009062,10.043476104736328,2936200,0.0,0.0
2025-12-26,10.053114596938094,10.082030296325684,9.956727706694783,10.082030296325684,1335400,0.0,0.0
2025-12-29,10.04347553098607,10.06275235713603,9.927811816445828,10.004920959472656,1511300,0.0,0.0
2025-12-30,10.03383649625868,10.294080539181424,10.02419762373262,10.216971397399902,1864000,0.0,0.0
2026-01-02,10.236248113237817,10.274802683714263,10.072390958909555,10.130223274230957,2466700,0.0,0.0
2026-01-05,10.168778232101301,10.313357647092563,10.062752469841774,10.284441947937012,2073100,0.0,0.0
2026-01-06,10.42902184747659,10.766375057081484,10.409745020215093,10.718181610107422,5275700,0.0,0.0
2026-01-07,10.621794850380962,10.69890399215538,10.496492265194165,10.50613021850586,4094400,0.0,0.0
2026-01-08,10.515769113505732,10.71818084089955,10.457937716658058,10.602517127990723,3595000,0.0,0.0
2026-01-09,10.650710745065291,10.833844730351833,10.515769284865975,10.583239555358887,3884400,0.0,0.0
2026-01-12,10.58323986787155,10.718181332055554,10.49649276862489,10.650711059570312,2389800,0.0,0.0
2026-01-13,10.592878898275414,10.592878898275414,10.236248865361015,10.342273712158203,3640700,0.0,0.0
2026-01-14,10.400105562759542,10.506130404775778,10.294080720743304,10.390466690063477,2832000,0.0,0.0
2026-01-15,10.43865992685529,10.467575625155275,10.091668789615055,10.120584487915039,4422800,0.0,0.0
2026-01-16,10.139862146653435,10.197693542761371,9.869979234104846,10.130223274230957,4060300,0.0,0.0
2026-01-19,10.07239114295321,10.13022345933133,9.937450603426736,10.014559745788574,4177000,0.0,0.0
2026-01-20,10.024197959021151,10.024197959021151,9.763954826607293,9.98564338684082,6958000,0.0,0.0
2026-01-21,10.120584891282016,10.42902147001086,10.082030318940912,10.371190071105957,2968600,0.0,0.0
2026-01-22,10.429021661952808,11.161559469129383,10.39046708890212,11.026618003845215,6152300,0.0,0.0
2026-01-23,11.074811400222732,11.932651795764686,11.026617954322438,11.61457633972168,10572300,0.0,0.0
2026-01-26,11.720601167336463,11.82662693199703,11.40252571178181,11.518189430236816,5670100,0.0,0.0
2026-01-27,11.749516867146834,11.903736077633702,11.518189430236816,11.518189430236816,5002500,0.0,0.0
2026-01-28,11.48927347708005,11.778433226448161,11.402525460348267,11.73987865447998,3868700,0.0,0.0
2026-01-29,11.855542846098437,11.903736292795843,11.219391923490589,11.498912811279297,4517800,0.0,0.0
2026-01-30,11.450718477202047,11.576021061219492,11.257945624565004,11.3928861618042,4657200,0.0,0.0
2026-02-02,11.392886837562942,11.450719156391061,11.065172509035154,11.325416564941406,7177900,0.0,0.0
2026-02-03,10.795290207050632,11.094088827681084,10.795290207050632,10.968786239624023,61643600,0.0,0.0
2026-02-04,10.814568293519251,10.853122866505217,10.236248779516222,10.351912498474121,6848500,0.0,0.0
2026-02-05,10.322996151966104,10.679626159552466,10.303718407073802,10.515769004821777,5101600,0.0,0.0
2026-02-06,10.457937608571811,10.631432716535182,10.351911850091087,10.515769004821777,2802500,0.0,0.0
2026-02-09,10.5061309827104,10.602517876546239,10.332635860704855,10.429021835327148,4787400,0.0,0.0
2026-02-10,10.409744339773399,10.486853482206177,10.1013068508288,10.207332611083984,5739300,0.0,0.0
2026-02-11,10.284441848047239,10.592878420613378,10.236248403780406,10.390466690063477,7388000,0.0,0.0
2026-02-12,10.332635475587486,10.34227342924101,10.024197978336995,10.082030296325684,5129600,0.0,0.0
2026-02-13,9.976005174607655,10.02419769917369,9.744676828308659,10.014559745788574,3070100,0.0,0.0
2026-02-18,10.024198064473987,10.17841727403118,9.995282364837928,10.072391510009766,3512900,0.0,0.0
2026-02-19,10.0627528258624,10.39046715859821,10.0627528258624,10.342273712158203,4667800,0.0,0.0
2026-02-20,10.236248982088123,10.573602191801584,10.197694408339174,10.525408744812012,3609100,0.0,0.0
2026-02-23,10.515769769983084,10.573602089654587,10.188055436676153,10.245887756347656,3459100,0.0,0.0
2026-02-24,10.284442328160553,10.50613089523828,10.245887754789926,10.438660621643066,2955200,0.0,0.0
2026-02-25,10.467576022969672,10.535047213851806,10.178417190553558,10.274803161621094,3621400,0.0,0.0
2026-02-26,10.30371888009889,10.419383516335717,10.168778336511776,10.371190071105957,3110300,0.0,0.0
2026-02-27,10.303718394657295,10.380828454920113,10.024197528550038,10.322996139526367,6944900,0.0,0.0
2026-03-02,10.091669462841697,10.467576323459088,10.024198270022689,10.245887756347656,5644700,0.0,0.0
2026-03-03,9.985643487010483,9.985643487010483,9.522988616205451,9.686845779418945,10701900,0.0,0.0
2026-03-04,9.879618731430591,9.947089004228618,9.706122693705922,9.869979858398438,7109400,0.0,0.0
2026-03-05,9.889257584416464,9.89889645742908,9.282022372824557,9.388047218322754,6626100,0.0,0.0
2026-03-06,9.349492468426211,9.349492468426211,9.069971590848567,9.21455192565918,5679200,0.0,0.0
2026-03-09,9.166358480722309,9.2434676249359,8.963946747358255,9.21455192565918,6981400,0.0,0.0
2026-03-10,9.262744456070799,9.629013350877493,9.156719612526825,9.40732479095459,5369200,0.0,0.0
2026-03-11,9.253106417435765,9.513349547093975,9.204912972917283,9.416963577270508,3095100,0.0,0.0
2026-03-12,9.195274134190702,9.23382870610543,8.74225722478253,8.829005241394043,16956800,0.0,0.0
2026-03-13,8.935030605941089,8.95430743143384,8.616954252782811,8.674786567687988,17328000,0.0,0.0
2026-03-16,8.915753083754627,8.954307654915837,8.790450497677321,8.848282814025879,6607000,0.0,0.0
2026-03-17,8.86755944333145,9.079610039621905,8.771173477172852,8.771173477172852,3915700,0.0,0.0
2026-03-18,8.780811480279938,8.780811480279938,8.414542600681811,8.47237491607666,19583900,0.0,0.0
2026-03-19,8.29887896281284,8.395265849589167,7.971165570042974,8.269963264465332,9915300,0.0,0.0
2026-03-20,8.106106240608375,8.115745113285822,7.527787208557129,7.527787208557129,21415500,0.0,0.0
2026-03-23,7.778391785939389,8.125383842492715,7.778391785939389,8.077190399169922,7997100,0.0,0.0
2026-03-24,7.951888161710568,8.057913006283176,7.701282980851476,7.8940558433532715,13839600,0.0,0.0
2026-03-25,8.028997421264648,8.135022267349962,7.922972575179335,8.028997421264648,8058500,0.0,0.0
2026-03-26,7.884417641840654,8.086829370909363,7.739837310098155,7.971165657043457,10049600,0.0,0.0
2026-03-27,7.768754082060525,8.009720387197206,7.633812620267122,7.710921764373779,5825000,0.0,0.0
2026-03-30,7.884417993607072,8.01935853953098,7.7783922284228275,7.980803966522217,8056500,0.0,0.0
2026-03-31,8.192854603927644,8.578400335250592,7.836224572650536,8.125384330749512,15295800,0.0,0.0
2026-04-01,8.395266174597344,9.041055951044333,8.347072729343454,8.722980499267578,16009400,0.0,0.0
2026-04-02,8.694064529381038,8.96394652750951,8.414542739445407,8.848282814025879,10576300,0.0,0.0
2026-04-06,8.896475913292365,9.012140553461583,8.819366765988583,8.88683795928955,6642200,0.0,0.0
2026-04-07,8.829005412719352,8.973585749615262,8.51092995844728,8.616954803466797,8258500,0.0,0.0
2026-04-08,9.455518499018787,9.657930238117462,8.90611468191465,8.992862701416016,12748200,0.0,0.0
2026-04-09,9.041056248116918,9.301299390297416,8.877199080397753,9.272383689880371,7059100,0.0,0.0
2026-04-10,9.17599764454624,9.590459078034524,9.17599764454624,9.571182250976562,10863300,0.0,0.0
2026-04-13,9.44587936766984,9.60009765625,9.282022206250044,9.60009765625,6097800,0.0,0.0
2026-04-14,9.63865177539877,9.88925694217037,9.503710319626341,9.841063499450684,7435100,0.0,0.0
2026-04-15,9.831424713134766,10.053114183900753,9.715761001123001,9.831424713134766,5280900,0.0,0.0
2026-04-16,9.860340575719293,9.947088590977689,9.61937427520752,9.61937427520752,4445600,0.0,0.0
2026-04-17,9.744677181089195,10.072391507597786,9.686845781830925,9.879618644714355,6359100,0.0,0.0
2026-04-20,9.908533753732394,9.908533753732394,9.63865176178226,9.648290634155273,2912500,0.0,0.0
2026-04-22,9.571182037407022,9.725400327283653,9.175997439794772,9.204913139343262,4837200,0.0,0.0
2026-04-23,9.185635460490317,9.262744605990969,8.867560005496744,8.90611457824707,8234300,0.0,0.0
2026-04-24,8.886837578877392,8.992862422078181,8.771173862872848,8.925392150878906,3860000,0.0,0.0
2026-04-27,8.915753449658391,8.983223722156128,8.674787140208164,8.71334171295166,2893400,0.0,0.0
2026-04-28,8.616955098878439,8.694065166061236,8.482014549539034,8.58803939819336,4992300,0.0,0.0
2026-04-29,8.491652549875884,8.597677387630597,8.385626792907715,8.385626792907715,3450100,0.0,0.0
2026-04-30,8.51092948660207,8.53984518469276,8.356711204500431,8.47237491607666,3176700,0.0,0.0
2026-05-04,8.366350748397265,8.520569042876074,8.202493580710145,8.212132453918457,5351700,0.0,0.0
2026-05-05,8.279602040156174,8.395265751407,8.173576282099484,8.375988006591797,4683200,0.0,0.0
2026-05-06,8.578400530248116,9.156720059591978,8.578400530248116,9.069972038269043,6808000,0.0,0.0
2026-05-07,9.012140553461583,9.156719974852788,8.857921339640475,8.88683795928955,2946900,0.0,0.0
2026-05-08,9.25310685483038,9.291661428424941,8.433821016929002,8.597678184509277,17284000,0.0,0.0
2026-05-11,8.48201395236312,8.645871110064798,8.144660764338845,8.260324478149414,4681200,0.0,0.0
2026-05-12,8.202493071756802,8.337433611446114,8.028997041626559,8.067551612854004,10733900,0.0,0.0
2026-05-13,8.109999656677246,8.109999656677246,7.599999904632568,7.599999904632568,9185900,0.302448,0.0
2026-05-14,7.679999828338623,7.710000038146973,7.539999961853027,7.639999866485596,4003700,0.0,0.0
2026-05-15,7.400000095367432,7.619999885559082,7.289999961853027,7.579999923706055,9822000,0.0,0.0
2026-05-18,7.550000190734863,7.630000114440918,7.449999809265137,7.519999980926514,2048800,0.0,0.0
2026-05-19,7.409999847412109,7.690000057220459,7.269999980926514,7.579999923706055,6645700,0.0,0.0
2026-05-20,7.639999866485596,8.09000015258789,7.630000114440918,7.920000076293945,5291400,0.0,0.0
2026-05-21,7.900000095367432,7.980000019073486,7.739999771118164,7.860000133514404,5085900,0.0,0.0
2026-05-22,7.900000095367432,7.900000095367432,7.519999980926514,7.559999942779541,5634400,0.0,0.0
2026-05-25,7.619999885559082,8.020000457763672,7.619999885559082,7.989999771118164,4905500,0.0,0.0
2026-05-26,7.96999979019165,8.0,7.650000095367432,7.710000038146973,4137400,0.0,0.0
2026-05-27,8.100000381469727,8.130000114440918,7.739999771118164,7.800000190734863,5335500,0.0,0.0
2026-05-28,7.789999961853027,7.949999809265137,7.610000133514404,7.659999847412109,5086700,0.0,0.0
2026-05-29,7.679999828338623,7.679999828338623,7.449999809265137,7.53000020980835,5496300,0.0,0.0
2026-06-01,7.559999942779541,7.610000133514404,7.329999923706055,7.349999904632568,7901600,0.0,0.0
2026-06-02,7.400000095367432,7.53000020980835,7.230000019073486,7.440000057220459,3257600,0.0,0.0
2026-06-03,7.239999771118164,7.260000228881836,6.960000038146973,7.099999904632568,8075700,0.0,0.0
2026-06-05,7.099999904632568,7.28000020980835,7.039999961853027,7.21999979019165,7216600,0.0,0.0
2026-06-08,7.190000057220459,7.329999923706055,7.150000095367432,7.190000057220459,4936500,0.0,0.0
2026-06-09,7.340000152587891,7.519999980926514,7.329999923706055,7.349999904632568,6290300,0.0,0.0
2026-06-10,7.269999980926514,7.269999980926514,7.050000190734863,7.119999885559082,5155100,0.0,0.0
2026-06-11,7.110000133514404,7.409999847412109,6.989999771118164,7.380000114440918,10838800,0.0,0.0
2026-06-12,7.260000228881836,7.440000057220459,7.210000038146973,7.269999980926514,3584400,0.0,0.0
2026-06-15,7.489999771118164,7.659999847412109,7.199999809265137,7.25,5606600,0.0,0.0
2026-06-16,7.230000019073486,7.239999771118164,7.070000171661377,7.079999923706055,3272300,0.0,0.0
2026-06-17,7.139999866485596,7.239999771118164,6.960000038146973,7.010000228881836,4853900,0.0,0.0
2026-06-18,7.050000190734863,7.099999904632568,6.71999979019165,6.730000019073486,4355300,0.0,0.0
2026-06-19,6.710000038146973,6.889999866485596,6.650000095367432,6.889999866485596,2954100,0.0,0.0
2026-06-22,6.880000114440918,6.980000019073486,6.769999980926514,6.809999942779541,5928700,0.0,0.0
2026-06-23,6.739999771118164,7.03000020980835,6.679999828338623,6.980000019073486,4102000,0.0,0.0
2026-06-24,6.900000095367432,7.199999809265137,6.869999885559082,7.119999885559082,6513200,0.0,0.0
2026-06-25,7.159999847412109,7.460000038146973,7.159999847412109,7.260000228881836,6091100,0.0,0.0
2026-06-26,7.269999980926514,7.489999771118164,7.159999847412109,7.400000095367432,3932600,0.0,0.0
2026-06-29,7.389999866485596,7.590000152587891,7.380000114440918,7.480000019073486,2984800,0.0,0.0
2026-06-30,7.420000076293945,7.519999980926514,7.21999979019165,7.449999809265137,3554300,0.0,0.0
2026-07-01,7.349999904632568,7.46999979019165,7.199999809265137,7.260000228881836,6630900,0.0,0.0
2026-07-02,7.369999885559082,7.53000020980835,7.349999904632568,7.449999809265137,3366100,0.0,0.0
2026-07-03,7.519999980926514,7.679999828338623,7.489999771118164,7.559999942779541,1848400,0.0,0.0
2026-07-06,7.519999980926514,7.579999923706055,7.380000114440918,7.440000057220459,1708400,0.0,0.0
2026-07-07,7.480000019073486,7.510000228881836,7.329999923706055,7.420000076293945,3640600,0.0,0.0
2026-07-08,7.400000095367432,7.429999828338623,7.090000152587891,7.179999828338623,5395500,0.0,0.0
2026-07-09,7.21999979019165,7.5,7.199999809265137,7.400000095367432,2202600,0.0,0.0
2026-07-10,7.71999979019165,7.860000133514404,7.639999866485596,7.769999980926514,4541100,0.0,0.0
2026-07-13,7.699999809265137,7.78000020980835,7.590000152587891,7.659999847412109,3030300,0.0,0.0
2026-07-14,7.71999979019165,7.820000171661377,7.639999866485596,7.820000171661377,2317600,0.0,0.0
2026-07-15,7.820000171661377,7.829999923706055,7.559999942779541,7.570000171661377,3270000,0.0,0.0
2026-07-16,7.539999961853027,7.539999961853027,7.170000076293945,7.21999979019165,6659300,0.0,0.0
2026-07-17,7.199999809265137,7.210000038146973,7.010000228881836,7.039999961853027,4100600,0.0,0.0
2026-07-20,7.039999961853027,7.079999923706055,6.909999847412109,6.940000057220459,4780900,0.0,0.0
2026-07-21,6.920000076293945,6.949999809265137,6.71999979019165,6.800000190734863,5802700,0.0,0.0
2026-07-22,6.829999923706055,7.059999942779541,6.829999923706055,7.059999942779541,2787200,0.0,0.0
2026-07-23,7.019999980926514,7.019999980926514,6.860000133514404,6.960000038146973,3778100,0.0,0.0
2026-07-24,6.880000114440918,7.010000228881836,6.829999923706055,7.010000228881836,3872600,0.0,0.0
2026-07-27,7.050000190734863,7.199999809265137,6.980000019073486,7.130000114440918,4323700,0.0,0.0
2026-07-28,7.380000114440918,7.440000057220459,7.110000133514404,7.170000076293945,3287800,0.0,0.0
2026-07-29,7.159999847412109,7.159999847412109,6.849999904632568,6.889999866485596,4764900,0.0,0.0
2026-07-30,6.929999828338623,7.03000020980835,6.889999866485596,7.03000020980835,5820200,0.0,0.0
2026-07-31,6.849999904632568,7.119999885559082,6.840000152587891,6.929999828338623,5447600,0.0,0.0
2026-08-03,7.010000228881836,7.21999979019165,6.849999904632568,7.03000020980835,11138300,0.0,0.0
2026-08-04,7.210000038146973,7.239999771118164,7.090000152587891,7.110000133514404,2533100,0.0,0.0
2026-08-05,7.179999828338623,7.320000171661377,7.050000190734863,7.239999771118164,5310900,0.0,0.0
2026-08-06,7.190000057220459,7.21999979019165,6.800000190734863,6.820000171661377,7732300,0.0,0.0
2026-08-07,6.849999904632568,6.880000114440918,6.429999828338623,6.630000114440918,6553600,0.0,0.0
2026-08-11,6.230000019073486,6.289999961853027,6.010000228881836,6.010000228881836,4071300,0.0,0.0
2026-08-12,6.019999980926514,6.179999828338623,5.929999828338623,6.170000076293945,4585500,0.0,0.0
2026-08-13,6.159999847412109,6.21999979019165,6.050000190734863,6.119999885559082,3153300,0.0,0.0
2026-08-14,6.059999942779541,6.090000152587891,5.849999904632568,5.909999847412109,5033300,0.0,0.0
2026-08-17,5.869999885559082,6.039999961853027,5.869999885559082,5.980000019073486,4349200,0.0,0.0
2026-08-18,5.960000038146973,6.019999980926514,5.840000152587891,5.869999885559082,3614000,0.0,0.0
2026-08-19,6.0,6.119999885559082,5.989999771118164,6.099999904632568,4613300,0.0,0.0
2026-08-20,6.03000020980835,6.260000228881836,6.0,6.239999771118164,6597000,0.0,0.0
2026-08-21,6.28000020980835,6.769999980926514,6.28000020980835,6.690000057220459,9382500,0.0,0.0
2026-08-24,6.619999885559082,6.760000228881836,6.610000133514404,6.670000076293945,3998000,0.0,0.0
2026-08-25,6.659999847412109,6.980000019073486,6.659999847412109,6.949999809265137,5721200,0.0,0.0
2026-08-26,6.989999771118164,7.199999809265137,6.929999828338623,6.949999809265137,4287200,0.0,0.0
2026-08-27,6.889999866485596,7.03000020980835,6.880000114440918,6.960000038146973,3614700,0.0,0.0
2026-08-28,6.960000038146973,7.010000228881836,6.75,6.909999847412109,3972700,0.0,0.0
2026-08-31,7.150000095367432,7.329999923706055,7.110000133514404,7.289999961853027,5762100,0.0,0.0
2026-09-01,7.309999942779541,7.510000228881836,7.190000057220459,7.239999771118164,11941400,0.0,0.0
2026-09-02,7.309999942779541,7.989999771118164,7.079999923706055,7.730000019073486,13925400,0.0,0.0
2026-09-03,8.039999961853027,8.039999961853027,7.599999904632568,7.639999866485596,9328000,0.0,0.0
2026-09-04,7.610000133514404,7.929999828338623,7.5,7.920000076293945,8222000,0.0,0.0
2026-09-08,8.069999694824219,8.270000457763672,8.039999961853027,8.109999656677246,6634700,0.0,0.0
2026-09-09,8.0600004196167,8.100000381469727,7.75,7.900000095367432,4119300,0.0,0.0
2026-09-10,7.820000171661377,8.319999694824219,7.75,8.220000267028809,6323800,0.0,0.0
2026-09-11,8.3100004196167,8.319999694824219,8.020000457763672,8.140000343322754,5688700,0.0,0.0
2026-09-14,7.980000019073486,8.010000228881836,7.78000020980835,7.840000152587891,8342200,0.0,0.0
2026-09-15,7.880000114440918,8.119999885559082,7.760000228881836,8.09000015258789,6130900,0.0,0.0
2026-09-16,8.079999923706055,8.289999961853027,8.079999923706055,8.220000267028809,7473500,0.0,0.0
2026-09-17,8.25,8.25,7.909999847412109,8.199999809265137,7337700,0.0,0.0
2026-09-18,8.149999618530273,8.3100004196167,8.039999961853027,8.270000457763672,11439200,0.0,0.0
2026-09-21,8.319999694824219,8.760000228881836,8.25,8.729999542236328,10419300,0.0,0.0
2026-09-22,8.680000305175781,8.6899995803833,8.40999984741211,8.569999694824219,12490000,0.0,0.0
2026-09-23,8.529999732971191,8.779999732971191,8.399999618530273,8.59000015258789,18224400,0.0,0.0
2026-09-24,8.649999618530273,9.220000267028809,8.5600004196167,8.930000305175781,14466300,0.0,0.0
2026-09-25,9.130000114440918,9.1899995803833,8.710000038146973,8.979999542236328,10071400,0.0,0.0
2026-09-28,8.9399995803833,8.9399995803833,8.550000190734863,8.65999984741211,15308600,0.0,0.0
