Date,Open,High,Low,Close,Volume,Dividends,Stock splits
2020-09-17,24.491776859673205,24.898125740572038,23.629822561375796,24.227033615112305,5942616,0.0,0.0
2020-09-18,24.196247247143383,24.196247247143383,23.27888298034668,23.27888298034668,4265942,0.0,0.0
2020-09-21,22.89100175888655,23.044921875,22.38614437531855,23.044921875,2596135,0.0,0.0
2020-09-22,23.13727269251788,23.285036294632132,22.50927925004507,23.026451110839844,3146083,0.0,0.0
2020-09-23,23.081864385388702,23.334294592049588,22.287636219431025,22.404617309570312,2162153,0.0,0.0
2020-09-24,22.503123437075402,23.35276156226837,22.176812201245554,22.730924606323242,2662129,0.0,0.0
2020-09-25,22.657043689654515,22.74939575773835,22.275320912315177,22.52159309387207,1563886,0.0,0.0
2020-09-28,22.72476863962654,22.835590227345254,21.43183966376957,21.5365047454834,3042706,0.0,0.0
2020-09-29,21.641171908937086,21.77046601352826,21.117844956817,21.32717514038086,2169783,0.0,0.0
2020-09-30,21.43184525012577,21.95517378152464,21.27792509383199,21.69658851623535,2274940,0.0,0.0
2020-10-01,21.85666436780734,22.909477899085505,21.4872560064318,22.89716339111328,3643897,0.0,0.0
2020-10-02,22.570849844718417,22.872533588720568,21.795092712434574,21.905914306640625,2896604,0.0,0.0
2020-10-05,21.97979795851796,22.207600666549716,21.56729257171938,21.77046775817871,1547865,0.0,0.0
2020-10-06,22.041370619703116,22.70014832877667,21.949017027470227,22.13987922668457,3152441,0.0,0.0
2020-10-07,22.23222508326317,22.503124796306047,21.924384839625887,22.18297004699707,2274304,0.0,0.0
2020-10-08,22.164503242544953,22.552381101100806,21.893603496328,22.54622459411621,1981719,0.0,0.0
2020-10-09,22.706300232247447,23.518997941555284,22.626262658585112,23.217315673828125,4028670,0.0,0.0
2020-10-13,23.28504350017242,23.451276670735314,22.854067065013123,23.069555282592773,1701087,0.0,0.0
2020-10-14,23.06955204942387,23.402019837165376,22.810966821852954,22.983356475830078,1738471,0.0,0.0
2020-10-15,22.70630320820773,23.70370670203799,22.490814992611213,23.39586639404297,2605418,0.0,0.0
2020-10-16,23.395861045897075,23.506682635515777,22.780180570647694,22.92794418334961,1958323,0.0,0.0
2020-10-19,23.00182624314889,23.488214138384716,22.7924945738209,22.964885711669922,1945989,0.0,0.0
2020-10-20,23.032609927801825,24.38095050593202,22.94641436015138,24.257814407348633,6846184,0.0,0.0
2020-10-21,24.633383236986113,25.630786694514956,24.627226729692413,25.181339263916016,6284537,0.0,0.0
2020-10-22,25.144393659143365,25.34141082379685,24.627223228625375,24.805770874023438,2719095,0.0,0.0
2020-10-23,24.811925497362896,24.836553014378097,24.288597106933594,24.288597106933594,1789460,0.0,0.0
2020-10-26,24.190089742624334,24.350166371418407,23.70370185677245,23.83299446105957,1415623,0.0,0.0
2020-10-27,23.845306940514433,24.405574347079337,23.75910988736722,24.159303665161133,3397724,0.0,0.0
2020-10-28,23.71601781295157,23.71601781295157,22.804809977161497,22.921791076660156,3001507,0.0,0.0
2020-10-29,22.804808152604192,22.804808152604192,21.745838260134228,22.404617309570312,7517820,0.0,0.0
2020-10-30,22.392306913231618,22.460031483922734,21.388748381765286,21.61039161682129,2603637,0.0,0.0
2020-11-03,22.05368293989901,22.238387132116443,21.062437406974244,21.419532775878906,3287480,0.0,0.0
2020-11-04,21.573448857907625,22.891005569830487,21.518038801450224,22.68783187866211,2755843,0.0,0.0
2020-11-05,23.038771127621914,23.48206057554634,22.823282911201026,23.352767944335938,2030674,0.0,0.0
2020-11-06,23.198841630301676,23.832993096110236,22.693984254585725,23.51283836364746,1802049,0.0,0.0
2020-11-09,24.073110909947825,24.719575444978602,23.672918578738297,24.005386352539062,3236618,0.0,0.0
2020-11-10,23.943819787257507,24.935065170501062,23.92534877354066,24.122365951538086,3111115,0.0,0.0
2020-11-11,24.146994064394956,24.27013017696639,23.679077135265615,23.913036346435547,1650098,0.0,0.0
2020-11-12,23.882248259164633,24.110049431419526,22.995668100695127,23.18037223815918,2398790,0.0,0.0
2020-11-13,23.303510601834557,24.41173553466797,22.995670342714163,24.41173553466797,4216352,0.0,0.0
2020-11-16,24.682632620936968,24.98431635949551,23.83915094743423,24.82423973083496,2403240,0.0,0.0
2020-11-17,24.608754998257677,25.138241487893517,24.33785524632527,25.008947372436523,2490342,0.0,0.0
2020-11-18,24.922748615369457,25.31678443219137,24.134678474935992,24.282442092895508,2163679,0.0,0.0
2020-11-19,24.257814660933075,24.584124429664,23.857622336353558,24.3563232421875,2328854,0.0,0.0
2020-11-23,24.19624910670774,24.33169823325211,23.488216459421995,23.913036346435547,1553968,0.0,0.0
2020-11-24,23.943818298033683,24.331696123068404,23.54362596688349,23.88840675354004,2144351,0.0,0.0
2020-11-25,23.894562312126144,24.855023570144272,23.894562312126144,24.559497833251953,2316011,0.0,0.0
2020-11-26,24.565655753306682,24.965848091614347,24.08542435005332,24.83655548095703,1535403,0.0,0.0
2020-11-27,24.935066362025832,26.388073718728283,24.731892667484278,26.326505661010742,4998994,0.0,0.0
2020-11-30,26.246463917835747,26.782105368186908,25.212120056152344,25.212120056152344,4926007,0.0,0.0
2020-12-01,25.612316424603396,26.074076883224468,25.304476118856016,25.90168571472168,3015494,0.0,0.0
2020-12-02,25.643093296773188,26.25261573743308,25.446076153377494,25.790855407714844,3414000,0.0,0.0
2020-12-03,25.858581909031336,27.139197843435213,25.723132807196997,26.782102584838867,4051049,0.0,0.0
2020-12-04,27.01606442200536,27.022219435266443,26.184895731674786,26.4865779876709,2974932,0.0,0.0
2020-12-07,26.258780530320223,26.683598949005905,25.74776503593314,26.17258644104004,1788697,0.0,0.0
2020-12-08,26.12948615943808,26.554307560471614,25.790861833279457,26.19721221923828,1237096,0.0,0.0
2020-12-09,26.24030380357155,27.428567698130646,26.104854698575615,26.412694931030273,5219482,0.0,0.0
2020-12-10,26.603556019367193,26.84982819560768,25.587680305954734,26.658966064453125,3735831,0.0,0.0
2020-12-11,26.554309577149425,27.194616247945604,26.06176506533039,27.12073516845703,1926788,0.0,0.0
2020-12-14,27.2684929757027,28.321307896267548,27.188456894442062,27.865705490112305,3587440,0.0,0.0
2020-12-15,27.865706740906532,28.22279908187908,27.514769413772882,27.767196655273438,2496827,0.0,0.0
2020-12-16,27.908804918589784,28.062725067138672,27.225398264464243,28.062725067138672,2159992,0.0,0.0
2020-12-17,28.07503762275231,28.228957768784827,27.45319903821248,27.63174819946289,1875417,0.0,0.0
2020-12-18,27.6255893192579,27.95805861595264,26.782107543146395,27.077634811401367,2551631,0.0,0.0
2020-12-21,26.277246826113316,27.114570498405133,25.987877593877023,26.56661605834961,1536548,0.0,0.0
2020-12-22,26.689753488534624,26.739008527345185,26.184896060173273,26.53583335876465,1700451,0.0,0.0
2020-12-23,26.689751367776317,26.819045461077767,26.080228896887988,26.16026496887207,1395532,0.0,0.0
2020-12-28,26.308030588041962,26.40653767334131,25.858583238753006,26.35112762451172,1270665,0.0,0.0
2020-12-29,26.41269602348717,26.689752244155702,26.055600741785817,26.6404972076416,2188856,0.0,0.0
2020-12-30,26.634341092965858,26.923710314189123,26.111012697792937,26.412694931030273,1858760,0.0,0.0
2021-01-04,26.523521274117616,26.609715355237675,25.3352572334143,25.67388153076172,1885971,0.0,0.0
2021-01-05,25.673881373030795,25.729291426778854,24.676478007408885,25.05820083618164,3739137,0.0,0.0
2021-01-06,25.11976483157947,25.24290091905574,23.92534448441761,24.04232406616211,4600362,0.0,0.0
2021-01-07,24.042325688576703,24.233186338402458,23.555937811581163,23.592878341674805,4112593,0.0,0.0
2021-01-08,23.826834764724175,25.00894055023969,23.605190116591285,24.89811897277832,3534035,0.0,0.0
2021-01-11,24.725734619339093,24.855027241653843,23.642137104247496,23.75911521911621,3200251,0.0,0.0
2021-01-12,23.956131898101958,24.62722396850586,23.648291635825895,24.62722396850586,3507714,0.0,0.0
2021-01-13,24.559495949744825,24.651848015417986,23.894560479613986,24.159303665161133,2473812,0.0,0.0
2021-01-14,24.40557835184494,25.556903348630165,24.307069764271123,25.125926971435547,3602699,0.0,0.0
2021-01-15,24.922751937443856,24.922751937443856,23.980761547158927,24.25166130065918,2598424,0.0,0.0
2021-01-18,24.541024939326103,24.81192463060942,24.023853072914367,24.159303665161133,2965141,0.0,0.0
2021-01-19,24.294755358592706,24.59028259758975,24.030012144774087,24.380950927734375,2869265,0.0,0.0
2021-01-20,24.460990650950425,24.70726136581698,23.962288235026218,24.01154327392578,1762249,0.0,0.0
2021-01-21,24.01154650581201,24.116211611048183,22.601637626159505,22.65704917907715,6952486,0.0,0.0
2021-01-22,22.410774314879752,22.730927593716416,21.98595444984655,22.250696182250977,3674287,0.0,0.0
2021-01-26,22.472344079404536,22.872536455033007,21.745840400210163,21.795095443725586,4107125,0.0,0.0
2021-01-27,21.86897412835233,22.940258515570854,21.659642456080373,22.6632022857666,6098000,0.0,0.0
2021-01-28,22.65704499452361,23.500526667649826,22.496966872724173,23.35892105102539,2445837,0.0,0.0
2021-01-29,23.088021201979,23.488213517715344,22.435398692517616,22.583162307739258,2225477,0.0,0.0
2021-02-01,22.97104655824605,23.537473623050214,22.546226632945594,23.352767944335938,2536118,0.0,0.0
2021-02-02,23.605197714139344,24.21472181259329,23.599039713512134,23.8206844329834,3319651,0.0,0.0
2021-02-03,23.96844581459932,24.20240502003044,23.703704074990934,24.122365951538086,2978365,0.0,0.0
2021-02-04,24.140833694121483,24.356321856636658,23.47589819536197,23.796052932739258,2636571,0.0,0.0
2021-02-05,23.839151956465333,23.925347527303334,23.34045103740245,23.518997192382812,2529379,0.0,0.0
2021-02-08,23.56825189070369,24.05463826568951,23.069549517225603,23.469741821289062,4232755,0.0,0.0
2021-02-09,23.28503904785413,23.334294085452864,22.533909430340945,22.681673049926758,4141584,0.0,0.0
2021-02-10,22.681675774529232,22.810968397244014,21.770467921967875,21.795095443725586,4258059,0.0,0.0
2021-02-11,21.97979628483586,22.306107561099346,21.795093620133475,21.98595428466797,3436252,0.0,0.0
2021-02-12,21.985953455532496,22.090618543785116,21.727368241490502,21.979795455932617,1887116,0.0,0.0
2021-02-17,22.035213043582697,22.041369551243584,21.308709302541715,21.61039161682129,3617195,0.0,0.0
2021-02-18,21.60422878827701,21.72120837245114,21.302545069052226,21.456466674804688,3093186,0.0,0.0
2021-02-19,21.45031431093883,21.628860481396345,21.277923154319218,21.51188087463379,2522385,0.0,0.0
2021-02-22,21.093220063342567,21.093220063342567,20.040405041797616,20.600675582885742,8303260,0.0,0.0
2021-02-23,20.84694556002525,20.84694556002525,20.255892546282325,20.317459106445312,4603795,0.0,0.0
2021-02-24,20.471381316847605,20.56373339954126,19.94189484816893,20.348243713378906,2789412,0.0,0.0
2021-02-25,20.379026307330246,20.785376637164998,19.60942716556632,19.714092254638672,4718362,0.0,0.0
2021-02-26,19.775658941777817,20.114283197816196,19.28927107537154,19.393936157226562,4192828,0.0,0.0
2021-03-01,19.54170687572323,19.683314031586328,19.03684930763977,19.05531883239746,2780892,0.0,0.0
2021-03-02,18.975278264776247,19.356999635139523,18.408851223308417,19.061473846435547,4361055,0.0,0.0
2021-03-03,19.012215402415876,19.209232559659426,18.076381665693514,18.950647354125977,4366777,0.0,0.0
2021-03-04,18.993748036489393,19.720250192721302,18.90139446037743,19.1661376953125,3351185,0.0,0.0
2021-03-05,19.129198450787378,20.323619102168532,18.987591316838202,20.268207550048828,3907745,0.0,0.0
2021-03-08,20.132757128202222,20.132757128202222,18.402694939556074,18.501203536987305,4663431,0.0,0.0
2021-03-09,18.57508090670485,18.716686509255393,17.73159782420038,17.774696350097656,5271235,0.0,0.0
2021-03-10,17.98403204003106,18.402695457408257,17.731603285381865,18.341127395629883,4474859,0.0,0.0
2021-03-11,18.513513939637868,19.41856362433703,18.384221340853742,18.919862747192383,6354982,0.0,0.0
2021-03-12,18.821356311977315,19.62174100611185,18.353439404817674,19.492446899414062,4742649,0.0,0.0
2021-03-15,19.393942243111542,19.77566514744874,19.049161372866568,19.634057998657227,2245059,0.0,0.0
2021-03-16,19.597110101910943,19.67714915478673,18.464257816432376,18.692060470581055,2563456,0.0,0.0
2021-03-17,18.704376236450155,19.82491418247208,18.421163496674215,19.6463680267334,3173167,0.0,0.0
2021-03-18,19.744875217970574,19.757188230183697,18.72900243444777,18.969118118286133,3469694,0.0,0.0
2021-03-19,19.0060595142941,19.917267255900672,18.876765414112484,19.80644416809082,3957463,0.0,0.0
2021-03-22,19.732564984741728,20.237423979359388,19.62174337119929,19.91727066040039,2375647,0.0,0.0
2021-03-23,19.89264258462056,20.009620702351683,19.301589515854204,19.65252685546875,2001683,0.0,0.0
2021-03-24,19.726404463936664,19.726404463936664,18.9137068237941,18.950647354125977,1468138,0.0,0.0
2021-03-25,18.90139652096455,19.695624819144225,18.587399703510446,19.61558723449707,2357337,0.0,0.0
2021-03-26,19.590955121088495,19.59711162720192,18.833667538879766,19.209232330322266,2117267,0.0,0.0
2021-03-29,19.079938148123453,19.12919317937015,18.45194471238408,18.62433433532715,3920079,0.0,0.0
2021-03-30,18.685906320989236,19.9665224715446,18.636651279348452,19.831071853637695,5426619,0.0,0.0
2021-03-31,19.781816147719017,20.145067933873143,19.406251349102853,19.732561111450195,4061349,0.0,0.0
2021-04-01,19.837224289005306,19.923419841091818,19.437032040870143,19.455501556396484,2859347,0.0,0.0
2021-04-05,19.597112130250224,20.63761245927832,19.578642611435853,20.508319854736328,4124927,0.0,0.0
2021-04-06,20.483697113974845,20.92698657385567,20.212797335954026,20.66224479675293,4374152,0.0,0.0
2021-04-07,20.66224055593611,20.742278126126095,20.132754123983545,20.305145263671875,2347927,0.0,0.0
2021-04-08,20.354403233460598,20.44059732250964,19.94805433790581,20.108129501342773,2364203,0.0,0.0
2021-04-09,20.003458307803676,20.717647284584967,19.818754184849368,20.619138717651367,3124594,0.0,0.0
2021-04-12,20.619142866617253,20.72380945327837,19.984992812797106,20.317459106445312,2545527,0.0,0.0
2021-04-13,20.28667723584095,20.563733485074305,20.071187548782287,20.29899024963379,2879692,0.0,0.0
2021-04-14,20.354405395155954,20.77306884304571,20.009623029500506,20.200485229492188,2789285,0.0,0.0
2021-04-15,20.317461951264224,20.705341339111328,20.194327320486682,20.705341339111328,2997820,0.0,0.0
2021-04-16,20.606832209586617,20.982397079467773,20.56989167198055,20.982397079467773,1818070,0.0,0.0
2021-04-19,21.031649048066907,21.333331305387965,20.56373215602342,20.920825958251953,3440575,0.0,0.0
2021-04-20,20.803848937476946,20.84078947160031,20.36671455518397,20.557575225830078,2333432,0.0,0.0
2021-04-22,20.656085745454963,21.04396512303471,20.32361941405589,20.440597534179688,2021901,0.0,0.0
2021-04-23,20.348237922473412,21.148623904580376,20.237416350706038,21.07474136352539,2650431,0.0,0.0
2021-04-26,21.056274728278833,21.21635285387397,20.409810199131993,20.63145637512207,3239161,0.0,0.0
2021-04-27,20.508322763920088,20.594518343578702,20.1573854313514,20.42828369140625,2380479,0.0,0.0
2021-04-28,20.56373298050881,20.57604599399953,19.960365455254383,20.342086791992188,1848079,0.0,0.0
2021-04-29,20.35440305600884,20.69918388883099,20.02809174501735,20.194326400756836,2641148,0.0,0.0
2021-04-30,20.30906525432089,20.50242519085653,20.003431025467187,20.15312957763672,2895078,0.333414,0.0
2021-05-03,20.24045399045168,20.602225394850223,20.02838266314609,20.196792602539062,2242770,0.0,0.0
2021-05-04,20.171840884212692,20.259165165418654,19.847495282891863,20.053329467773438,1879741,0.0,0.0
2021-05-05,20.14065362710692,20.49618787427333,20.0346179730608,20.165603637695312,1597837,0.0,0.0
2021-05-06,20.17184101260665,20.37767671156201,20.01590533544763,20.09699249267578,1177206,0.0,0.0
2021-05-07,20.246688214055798,20.795580813241596,20.190551075575897,20.446285247802734,2213397,0.0,0.0
2021-05-10,20.7332107057176,20.7332107057176,19.953530816839436,20.165603637695312,2277610,0.0,0.0
2021-05-11,19.96600729535354,20.084517202566893,19.641660171586704,19.909870147705078,1569227,0.0,0.0
2021-05-12,19.79759197638972,19.816304859530117,19.005439478011663,19.024150848388672,3127900,0.0,0.0
2021-05-13,19.148902786049234,19.61047269584077,19.04286713003227,19.2861270904541,1985153,0.0,0.0
2021-05-14,19.597998190507788,20.440050841354896,19.510673909348693,20.184316635131836,3059109,0.0,0.0
2021-05-17,20.146892653633184,20.8392467624488,20.1344168917161,20.70825958251953,2277483,0.0,0.0
2021-05-18,20.53360709102071,20.539844213945152,19.54185613760982,19.716503143310547,6917518,0.0,0.0
2021-05-19,19.6167096112558,19.94105672594788,19.273651123046875,19.273651123046875,3874812,0.0,0.0
2021-05-20,19.336025393630315,19.423349674999862,19.099004073071427,19.273651123046875,2627161,0.0,0.0
2021-05-21,19.267412246235363,19.323549387207706,18.462783926334467,18.481496810913086,5686016,0.0,0.0
2021-05-24,18.637432510729855,18.681093891149896,18.132201266488135,18.400409698486328,4987550,0.0,0.0
2021-05-25,18.46902212976875,19.06781631812132,18.319325095444203,18.849506378173828,4843483,0.0,0.0
2021-05-26,18.88069178780966,19.50443597913787,18.88069178780966,18.968017578125,3263321,0.0,0.0
2021-05-27,18.961780219767327,19.273651580079886,18.843268800295817,19.21751594543457,3751598,0.0,0.0
2021-05-28,19.21751534185334,19.672846605950483,18.986729634812324,19.491962432861328,6173149,0.0,0.0
2021-05-31,19.510671744614886,19.57928313192607,19.22998755880812,19.42334747314453,2373740,0.0,0.0
2021-06-01,19.535624938381623,20.595987591016726,19.479487789512905,20.39638900756836,5611376,0.0,0.0
2021-06-02,20.371435935710917,20.945280075073242,20.209264663806348,20.945280075073242,6826602,0.0,0.0
2021-06-04,20.901618511190183,21.207252706199633,20.58974719235676,21.088741302490234,4712131,0.0,0.0
2021-06-07,21.13239844972666,21.425558338375513,21.00764994717732,21.275859832763672,4069106,0.0,0.0
2021-06-08,21.282105978884214,21.731201686134902,21.04508463120207,21.4130916595459,3389840,0.0,0.0
2021-06-09,21.431803099388503,21.525364509646423,20.83301037629057,21.201017379760742,3576886,0.0,0.0
2021-06-10,21.20725084537293,21.257149344349852,20.595982508989668,20.926565170288086,2835442,0.0,0.0
2021-06-11,20.82052786849421,20.876664999014388,20.502419479230824,20.857952117919922,2878293,0.0,0.0
2021-06-14,20.95775736303695,21.40061591413167,20.73944891902698,21.2821044921875,2938057,0.0,0.0
2021-06-15,21.28209945938217,21.29457370599955,20.77686826716467,21.051315307617188,1898432,0.0,0.0
2021-06-16,21.03884320629605,21.4255645845983,20.783109004068013,21.113693237304688,3319142,0.0,0.0
2021-06-17,21.09497801749427,21.42556221415638,20.81429383598384,21.19477653503418,3476306,0.0,0.0
2021-06-18,20.96399286822429,21.232201295956187,20.845481463987646,21.082504272460938,2716806,0.0,0.0
2021-06-21,21.082509543711804,21.18230808858239,20.926572331848945,21.16359519958496,1897034,0.0,0.0
2021-06-22,21.163590038859624,21.169827162749893,20.751920196176428,20.995180130004883,2291852,0.0,0.0
2021-06-23,20.895382363218918,20.9515195098475,19.959768295288086,19.959768295288086,7141820,0.0,0.0
2021-06-24,20.07827912644659,20.47123762860118,20.040854867375582,20.259164810180664,4347449,0.0,0.0
2021-06-25,20.271638622923195,20.321538642453636,19.57928455032892,19.691558837890625,2741728,0.0,0.0
2021-06-28,19.523149567913062,19.79759514615742,19.304838109787287,19.491962432861328,2371960,0.0,0.0
2021-06-29,19.485725447103423,19.679085398259183,19.061579769346988,19.560575485229492,2233615,0.0,0.0
2021-06-30,19.417110235995786,19.548095886054934,19.148900299351865,19.404634475708008,2881727,0.0,0.0
2021-07-01,19.4607706692063,19.5543335721449,18.96801522449426,19.024150848388672,2614827,0.0,0.0
2021-07-02,19.34850183660112,19.43582460828136,18.986730449374946,19.0990047454834,2649413,0.0,0.0
2021-07-05,19.055342099695686,19.186329284481314,18.91811930286582,19.030393600463867,1238749,0.0,0.0
2021-07-06,18.992968848656794,18.99920748656435,18.462787494452886,18.575061798095703,4705011,0.0,0.0
2021-07-07,18.71228186970264,19.09276460107435,18.469021922509715,18.968017578125,2672301,0.0,0.0
2021-07-08,18.73099547191286,18.768419731506075,18.444074131346703,18.581296920776367,2465419,0.0,0.0
2021-07-12,18.643675216470125,19.21128240844943,18.643675216470125,19.15514373779297,3235855,0.0,0.0
2021-07-13,19.111479232938112,19.236227780050523,18.83703212673806,19.005443572998047,2595627,0.0,0.0
2021-07-14,19.155137922969114,19.410873618762167,19.01167802164205,19.292362213134766,3895538,0.0,0.0
2021-07-15,19.27364414360887,19.44205552085664,18.9181115351354,19.04286003112793,1761232,0.0,0.0
2021-07-16,19.317313428101595,19.373450572459003,18.805843517334058,18.89940643310547,2495301,0.0,0.0
2021-07-19,18.762180946321422,18.818318087124144,18.437833862107624,18.537633895874023,2882871,0.0,0.0
2021-07-20,18.618718115076152,18.631193874729036,18.119724035282175,18.188335418701172,2986503,0.0,0.0
2021-07-21,18.28190295642329,18.300614331501414,17.770432987303828,18.032405853271484,3761643,0.0,0.0
2021-07-22,18.08230408076097,18.225764005150054,17.938842643608137,18.051116943359375,1428465,0.0,0.0
2021-07-23,18.032406602409637,18.08230511745472,17.452325208377285,17.59578514099121,4148959,0.0,0.0
2021-07-26,17.589541653359394,17.589541653359394,17.059360478908804,17.14044761657715,5008913,0.0,0.0
2021-07-27,17.10302683076253,17.215299606323242,16.753731229967663,17.215299606323242,2773390,0.0,0.0
2021-07-28,17.408663591089788,17.714296340942383,17.25896350961959,17.714296340942383,3743460,0.0,0.0
2021-07-29,17.739244775100083,17.945078965076497,17.558359083716926,17.6144962310791,2332160,0.0,0.0
2021-07-30,17.52093592933227,17.52093592933227,17.15292739868164,17.15292739868164,2914406,0.0,0.0
2021-08-02,17.346286321380497,17.664394779532106,17.171637769221725,17.402421951293945,1942810,0.0,0.0
2021-08-03,17.296386760420084,17.302623884712858,16.753731229967663,17.215299606323242,2306093,0.0,0.0
2021-08-04,17.21529844751444,17.570831148670205,16.88471575461391,17.034414291381836,2415447,0.0,0.0
2021-08-05,17.15916027602365,17.240247419789704,16.529180547443246,16.55413055419922,2779494,0.0,0.0
2021-08-06,16.597795124476946,16.884717988222746,16.54165948943108,16.803630828857422,1909368,0.0,0.0
2021-08-09,16.797391258649096,17.059362559935376,16.59779270802593,16.99698829650879,2940600,0.0,0.0
2021-08-10,17.040654007109698,17.152926792189522,16.585321203677633,16.703832626342773,1927424,0.0,0.0
2021-08-11,16.716303203598432,16.76620321673613,16.529180423477143,16.641454696655273,1347340,0.0,0.0
2021-08-12,16.572843913593587,16.653929546925827,16.285921096801758,16.285921096801758,1698035,0.0,0.0
2021-08-13,16.429385032242507,16.9346163320326,16.10503942349826,16.14246368408203,3146592,0.0,0.0
2021-08-16,16.067615400731434,16.223551097456202,15.556146920579723,15.805644035339355,3284683,0.0,0.0
2021-08-17,15.749503607365611,15.836827881927992,15.07586093247128,15.456343650817871,3305409,0.0,0.0
2021-08-18,15.531195765931695,15.874254273531792,15.200613020811659,15.574858665466309,3433836,0.0,0.0
2021-08-19,15.344071516267471,15.79940428001347,15.33159726771152,15.712080001831055,2355938,0.0,0.0
2021-08-20,15.593564203104822,16.161169582480625,15.475052824105592,16.098796844482422,3087083,0.0,0.0
2021-08-23,16.21731302992583,16.504234392676715,15.668418804239458,15.699605941772461,2395611,0.0,0.0
2021-08-24,15.84930256046937,17.36499786376953,15.824354063714056,17.36499786376953,3878626,0.0,0.0
2021-08-25,17.177878080955917,17.626972280180823,17.053129524197463,17.59578514099121,3209152,0.0,0.0
2021-08-26,17.63944210824669,17.63944210824669,16.753728258389614,16.847288131713867,2619150,0.0,0.0
2021-08-27,17.078074334752564,17.539644156680477,16.90966292678195,17.439844131469727,1986170,0.0,0.0
2021-08-30,17.402422864948342,17.402422864948342,16.909665828767444,17.00322723388672,1419946,0.0,0.0
2021-08-31,16.9470928252103,17.48974997019915,16.64769718813455,16.71630859375,2772754,0.0,0.0
2021-09-01,16.766205120182885,17.003226427587222,16.585319442977234,16.616506576538086,1446013,0.0,0.0
2021-09-02,16.554133656639273,16.710069337134026,16.111276626586914,16.111276626586914,1893601,0.0,0.0
2021-09-03,16.310873203736328,16.485521765762336,16.00523897657264,16.273448944091797,1788697,0.0,0.0
2021-09-06,16.236024016322567,16.62898099556514,16.22978689209908,16.579082489013672,1276769,0.0,0.0
2021-09-08,16.46056880605982,16.46056880605982,15.350306388013058,15.437630653381348,3904439,0.0,0.0
2021-09-09,15.406445977339668,15.687130188232754,14.838840431197482,15.568618774414062,5238428,0.0,0.0
2021-09-10,15.843060467697667,16.335817328297463,15.730786216455098,15.818110466003418,4188378,0.0,0.0
2021-09-13,16.167410926861912,16.741253524917237,16.01771239739774,16.541656494140625,2046314,0.0,0.0
2021-09-14,16.67887976652684,16.934613942657634,16.26720993266222,16.298397064208984,3050716,0.0,0.0
2021-09-15,16.317110737727518,16.342060749037923,15.886729471868641,16.14246368408203,1636492,0.0,0.0
2021-09-16,16.055137879286175,16.292159182362653,15.886727966238057,15.986526489257812,1867915,0.0,0.0
2021-09-17,15.899201506496812,16.11127430394952,15.637228693374006,15.917914390563965,2803526,0.0,0.0
2021-09-20,15.543670701281355,15.905440564204968,15.500007804070188,15.81187915802002,2624364,0.0,0.0
2021-09-21,15.911672305496248,16.323342050881237,15.793162441300476,16.117507934570312,2802000,0.0,0.0
2021-09-22,16.52918080743425,16.622742199668238,16.179885245646723,16.510469436645508,3338851,0.0,0.0
2021-09-23,16.510471303557196,16.510471303557196,15.655942916870117,15.655942916870117,3867564,0.0,0.0
2021-09-24,15.581098460620765,15.83059559981614,15.325362682734314,15.587335586547852,2411760,0.0,0.0
2021-09-27,15.543669157614104,15.543669157614104,15.044673528086802,15.306646347045898,2056868,0.0,0.0
2021-09-28,15.244276019874913,15.244276019874913,14.377273215508062,14.477071762084961,4462271,0.0,0.0
2021-09-29,14.65172140446896,14.863794276639117,14.352324230491798,14.44588565826416,4398693,0.0,0.0
2021-09-30,14.533205812257663,14.714091490211803,14.246284484863281,14.246284484863281,3858409,0.0,0.0
2021-10-01,14.364794929773545,15.00724893293882,14.271233534993444,14.951111793518066,2538661,0.0,0.0
2021-10-04,14.776468259805947,14.813892524018458,14.215099758326824,14.327372550964355,2256884,0.0,0.0
2021-10-05,14.377272660361657,14.66419403797787,14.171436936874029,14.296185493469238,2459443,0.0,0.0
2021-10-06,14.23381163603135,14.383508682250977,13.741054572727887,14.383508682250977,3259124,0.0,0.0
2021-10-07,14.452118850758632,14.620530282570307,14.202621777938598,14.233810424804688,2433885,0.0,0.0
2021-10-08,14.452120729191048,15.150713531545765,14.34608506456585,14.932403564453125,2110782,0.0,0.0
2021-10-11,14.926166304155505,15.038439092842061,14.614294925419895,14.645482063293457,1243454,0.0,0.0
2021-10-13,14.676667092836379,15.53119394271206,14.626767074301403,15.41268253326416,3529966,0.0,0.0
2021-10-14,15.4937717711436,15.581096058954635,14.888741906959558,14.976064682006836,1944590,0.0,0.0
2021-10-15,14.913689825460285,15.30664834890985,14.763991268300275,15.144474029541016,1784120,0.0,0.0
2021-10-18,14.845077808111322,14.888740704873467,14.25875936616251,14.695379257202148,4285270,0.0,0.0
2021-10-19,14.520732215636368,14.53320797863015,13.578880940358303,13.703629493713379,5985722,0.0,0.0
2021-10-20,13.840851147168511,13.953125428692722,13.447892674597274,13.610065460205078,3051225,0.0,0.0
2021-10-21,13.341856894480795,13.441655414399643,12.680689241777767,12.836624145507812,4818688,0.0,0.0
2021-10-22,12.724351827607551,12.849100360106021,11.78873707748725,12.337631225585938,6213712,0.0,0.0
2021-10-25,12.48109232585244,12.761776533850377,12.100608834515048,12.580891609191895,6020944,0.0,0.0
2021-10-26,12.424954565011834,12.499803834705979,11.576664102447786,11.62032699584961,7612805,0.0,0.0
2021-10-27,11.844873578544961,12.587127609288096,11.807449323373763,12.200407028198242,6661681,0.0,0.0
2021-10-28,11.950912800831148,12.375057737322075,11.726365703977688,11.826164245605469,3124467,0.0,0.0
2021-10-29,11.888536067117473,11.919723201465029,11.277268385181731,11.383305549621582,3306935,0.0,0.0
2021-11-01,11.501817225550488,11.894775001875416,11.402018689347349,11.688940048217773,2296684,0.0,0.0
2021-11-03,11.55171622761757,12.40624391606156,11.53924122178401,12.250308990478516,2536626,0.0,0.0
2021-11-04,12.175457594737747,12.412479653558231,11.770024866940526,11.913485527038574,2103026,0.0,0.0
2021-11-05,12.00704761927576,12.518515991175029,11.9883354909056,12.400005340576172,1815273,0.0,0.0
2021-11-08,12.38129238313279,12.38129238313279,11.851110405601762,11.907247543334961,2537389,0.0,0.0
2021-11-09,11.938436625255248,12.836624867829768,11.938436625255248,12.605840682983398,2810011,0.0,0.0
2021-11-10,12.593367519421816,13.404233067482094,12.481093223046452,13.023750305175781,3654451,0.0,0.0
2021-11-11,13.15473465513219,13.96560012178751,13.079884627475106,13.528980255126953,4476894,0.0,0.0
2021-11-12,13.429183112205513,13.772241614150937,12.817914630906365,12.917713165283203,3273239,0.0,0.0
2021-11-16,13.005037678070302,13.136023351283233,11.994574285172988,12.050710678100586,4119078,0.0,0.0
2021-11-17,12.194170132678435,12.337631553975593,11.539240319629254,11.782500267028809,2653737,0.0,0.0
2021-11-18,11.851109571135472,12.375053631814092,11.726361813677615,11.925959587097168,2775679,0.0,0.0
2021-11-19,11.838635636490267,12.61831467470714,11.838635636490267,12.24406909942627,2677006,0.0,0.0
2021-11-22,12.237831455727186,12.400004228905331,11.582900970432554,11.66398811340332,3488386,0.0,0.0
2021-11-23,11.663989758749587,11.707651141730727,11.052721320432047,11.383305549621582,5233724,0.0,0.0
2021-11-24,11.426966210318096,11.67646402570989,11.009059241581673,11.302218437194824,3408659,0.0,0.0
2021-11-25,11.320932674635415,11.93220043182373,11.302220542999608,11.93220043182373,2979382,0.0,0.0
2021-11-26,11.352118721416074,11.732601468164335,11.146283024065822,11.595377922058105,3699591,0.0,0.0
2021-11-29,11.807449272841824,11.807449272841824,11.402016565901487,11.43320369720459,2386583,0.0,0.0
2021-11-30,11.345881541718002,11.58914075739331,10.82193733561726,11.31469440460205,5403095,0.0,0.0
2021-12-01,11.445679832003988,11.894774748100408,11.03400993347168,11.03400993347168,4378348,0.0,0.0
2021-12-02,11.18370599708297,11.813686509244267,11.18370599708297,11.738837242126465,5814316,0.0,0.0
2021-12-03,11.77002486807817,12.661977474423683,11.77002486807817,12.356343269348145,5230799,0.0,0.0
2021-12-06,12.368818339023603,12.842863215592335,12.281494063860956,12.755538940429688,3026557,0.0,0.0
2021-12-07,12.905236803770181,13.048696700720344,12.106845633888522,12.200407028198242,2629959,0.0,0.0
2021-12-08,12.219121814952176,13.08612531650369,12.187934676728547,12.98632526397705,3692216,0.0,0.0
2021-12-09,12.874050271076262,12.986323041811403,12.225356848091868,12.343868255615234,2719858,0.0,0.0
2021-12-10,12.587128323431564,13.566404457376533,12.587128323431564,13.454130172729492,6250714,0.0,0.0
2021-12-13,13.44789447011573,13.44789447011573,12.849101751819278,12.892763137817383,2567017,0.0,0.0
2021-12-14,12.980084472444814,13.16097012560046,12.281492622288026,12.543464660644531,4233391,0.0,0.0
2021-12-15,12.493569175039749,12.986326300870015,12.368821368566643,12.95513916015625,2910210,0.0,0.0
2021-12-16,13.086124295167668,13.173447065167496,12.543467224771158,12.69316577911377,2635681,0.0,0.0
2021-12-17,12.618315668312714,13.15473482228365,12.530992147700086,13.036223411560059,4588663,0.0,0.0
2021-12-20,12.705639530878699,13.036223762410597,12.605841002812113,12.830388069152832,2452704,0.0,0.0
2021-12-21,12.923946959741755,12.967608334542119,12.468615034858766,12.686924934387207,1952346,0.0,0.0
2021-12-22,12.63702604888745,12.805435942619358,12.350104760828506,12.543464660644531,1731223,0.0,0.0
2021-12-23,12.512280353710961,12.624553893652438,12.269021143234736,12.49356746673584,1424778,0.0,0.0
2021-12-27,12.506042433276498,12.96761159744749,12.487330302742052,12.587129592895508,1488610,0.0,0.0
2021-12-28,12.574653491217962,12.774252054130182,12.487329214491588,12.661977767944336,1279948,0.0,0.0
2021-12-29,12.668216309033827,12.855339131763854,12.275258532577144,12.449906349182129,1284907,0.0,0.0
2021-12-30,12.530991884842551,12.8615745877792,12.437429729235848,12.755538940429688,1895381,0.0,0.0
2022-01-03,12.880287937046175,12.886525061333304,11.913486020488206,12.100608825683594,2947466,0.0,0.0
2022-01-04,12.100608977195787,12.144271116897766,11.67022697368664,11.701414108276367,2179319,0.0,0.0
2022-01-05,11.651514055526727,11.745075452962805,11.152519935867645,11.221131324768066,3539503,0.0,0.0
2022-01-06,11.23360735208736,11.402018801807225,11.021536027850395,11.333407402038574,3045885,0.0,0.0
2022-01-07,11.271032318279703,11.6016158221018,10.996585964102547,11.246082305908203,2460460,0.0,0.0
2022-01-10,11.164992758472556,11.295978395609229,10.946682858990332,10.977869987487793,3167445,0.0,0.0
2022-01-11,10.952921509253997,11.302218607337139,10.91549725239181,11.133807182312012,1827734,0.0,0.0
2022-01-12,11.177471477411785,11.688940706098762,11.146284338545286,11.451918601989746,2450161,0.0,0.0
2022-01-13,11.370831323721546,11.495579113277536,11.183707748432933,11.420730590820312,2038558,0.0,0.0
2022-01-14,11.439442059944463,11.763788411903768,11.402017800879925,11.6078519821167,2789539,0.0,0.0
2022-01-17,11.975862478184329,11.994574609666422,11.252320424361038,11.539241790771484,2927757,0.0,0.0
2022-01-18,11.514290920877315,11.526765169196231,11.015296783903686,11.07767105102539,3066992,0.0,0.0
2022-01-19,11.1213323411827,11.894772740680787,11.1213323411827,11.788736343383789,4079659,0.0,0.0
2022-01-20,11.869823327543221,12.743064557143997,11.869823327543221,12.400005340576172,3467532,0.0,0.0
2022-01-21,12.331395756924746,13.005037771572265,12.219121457498598,12.792964935302734,3306681,0.0,0.0
2022-01-24,12.768013111602293,12.874050271076262,12.256544737360649,12.343868255615234,2446473,0.0,0.0
2022-01-25,12.250309213694342,12.948900476520787,12.162984171268242,12.880289077758789,4011631,0.0,0.0
2022-01-26,13.005036487782906,13.603829162497265,13.005036487782906,13.242057800292969,4119332,0.0,0.0
2022-01-27,13.43542090938399,13.716105152296262,13.360570870282448,13.466608047485352,2280535,0.0,0.0
2022-01-28,13.354334748289011,13.597594746304209,13.229586186513412,13.38552188873291,2260317,0.0,0.0
2022-01-31,13.37304609546536,13.69115458875571,13.242058910495464,13.33562183380127,2443167,0.0,0.0
2022-02-01,13.366808564865925,13.59135412803383,13.048698568468875,13.117311477661133,2809757,0.0,0.0
2022-02-02,13.173446549406702,13.416706501593984,12.78672668586233,12.830388069152832,1754492,0.0,0.0
2022-02-03,12.942661738879558,13.229583060616651,12.718114683292422,12.755538940429688,1784374,0.0,0.0
2022-02-04,12.711877720822825,12.799200484331976,11.938436508178711,11.938436508178711,3360086,0.0,0.0
2022-02-07,11.888537530703696,12.056948984571626,11.788738991058135,11.93220043182373,1545703,0.0,0.0
2022-02-08,11.851109906817477,11.969621300874506,11.695175016482894,11.745074272155762,2357973,0.0,0.0
2022-02-09,11.751311478214822,12.031995644280437,11.526763691533318,11.726362228393555,2905505,0.0,0.0
2022-02-10,11.726363618348898,11.950910675264845,11.395779400692405,11.514290809631348,7689988,0.0,0.0
2022-02-11,11.56418927167444,12.013284110824184,11.352117234007702,11.464390754699707,4826444,0.0,0.0
2022-02-14,11.495577129420306,11.682700672415942,11.320930102905383,11.464390754699707,2674717,0.0,0.0
2022-02-15,11.545477338181733,12.175457094475647,11.545477338181733,12.169219970703125,2754062,0.0,0.0
2022-02-16,12.225357025423776,12.443666958799527,12.038234981769195,12.31891918182373,2303550,0.0,0.0
2022-02-17,12.237831940070507,12.506040360582327,11.788736343383789,11.788736343383789,2561930,0.0,0.0
2022-02-18,11.901012855677633,12.044474300281674,11.688940764161158,11.794977188110352,3403700,0.0,0.0
2022-02-21,11.76378822255918,11.838636739483531,11.295980453491211,11.295980453491211,2827940,0.0,0.0
2022-02-22,11.395779382535988,11.74507572831533,11.370830129797174,11.489340782165527,3357670,0.0,0.0
2022-02-23,11.59537869719986,11.738839377381314,11.246082305908203,11.246082305908203,2698241,0.0,0.0
2022-02-24,11.03400877118522,11.352117983253281,10.734612444118987,11.152520179748535,4333716,0.0,0.0
2022-02-25,11.127571495137849,11.252320042628916,10.865599394130234,10.959160804748535,3835394,0.0,0.0
2022-03-02,10.977872887322183,11.158758582941557,10.896786483085927,11.040247917175293,2599568,0.0,0.0
2022-03-03,11.040245000864372,11.352116285838978,10.977869987487793,10.977869987487793,2218610,0.0,0.0
2022-03-04,10.977871768821226,10.977871768821226,10.597389041965526,10.62233829498291,3215510,0.0,0.0
2022-03-07,10.566201490332285,10.634812878892559,9.979883100086907,9.986120223999023,3841879,0.0,0.0
2022-03-08,10.092157131883827,10.472639834271925,9.873846454634428,10.173243522644043,3298924,0.0,0.0
2022-03-09,10.40402702016751,10.884308175085232,10.354127011423452,10.796984672546387,2489197,0.0,0.0
2022-03-10,10.616101095028258,10.734612504255487,10.360366147848914,10.653525352478027,2721765,0.0,0.0
2022-03-11,10.672239267673419,10.809463584977857,9.96741008758545,9.96741008758545,6301195,0.0,0.0
2022-03-14,9.979885899890249,10.254333043889512,9.917511617743322,10.06721019744873,3750454,0.0,0.0
2022-03-15,9.967408087851016,10.191955894232533,9.954933083655085,10.104632377624512,2848921,0.0,0.0
2022-03-16,10.198193293526423,10.391553972830398,10.142056907701477,10.385316848754883,3388060,0.0,0.0
2022-03-17,10.397792904260779,10.52254145850916,10.223145079589427,10.379080772399902,3519539,0.0,0.0
2022-03-18,10.123344854321509,11.227368770615763,10.029782697821116,11.121333122253418,8484838,0.0,0.0
2022-03-21,11.009059185654362,11.370829768104738,11.009059185654362,11.227368354797363,2752918,0.0,0.0
2022-03-22,11.30845744733344,11.75755162335365,11.295981684643918,11.65151596069336,2734353,0.0,0.0
2022-03-23,11.555804289104998,12.003455775046326,11.517433696443106,11.773235321044922,2611394,0.362027,0.0
2022-03-24,11.773236456368853,12.316813313144715,11.773236456368853,12.297628402709961,3216146,0.0,0.0
2022-03-25,12.304023272768083,12.770859718322754,12.259258739674847,12.770859718322754,3032406,0.0,0.0
2022-03-28,12.777254374428036,12.802833995175652,12.252862455445447,12.406342506408691,2491613,0.0,0.0
2022-03-29,12.566219158434631,12.783649430367241,12.40634284086258,12.425528526306152,3238780,0.0,0.0
2022-03-30,12.425528177011254,12.515058012763477,12.048221598113084,12.07380199432373,1956797,0.0,0.0
2022-03-31,12.073803431153188,12.367974145120476,11.990668296813965,11.990668296813965,3091025,0.0,0.0
2022-04-01,12.11217201467323,12.623773743458182,12.105777303260432,12.598194122314453,3418450,0.0,0.0
2022-04-04,12.598194254070345,12.623773875481593,12.32960318855073,12.470293045043945,2306983,0.0,0.0
2022-04-05,12.476689005281363,12.572614334070394,11.837186813354492,11.837186813354492,2577952,0.0,0.0
2022-04-06,11.760446051707858,11.760446051707858,11.325584728998185,11.459879875183105,2267311,0.0,0.0
2022-04-07,11.421511018251257,11.459880841685107,11.005834570583229,11.293610572814941,3587440,0.0,0.0
2022-04-08,11.191287957137028,11.191287957137028,10.743636469871246,10.903512001037598,2802000,0.0,0.0
2022-04-11,10.871536894804327,10.999438095229895,10.743636469871246,10.903512001037598,2176903,0.0,0.0
2022-04-12,11.06339093475069,11.223266515086786,10.782010378654793,10.7947998046875,2195595,0.0,0.0
2022-04-13,10.884328049156991,11.10175910085298,10.74363741426503,10.833168029785156,2369798,0.0,0.0
2022-04-14,10.794797263387258,10.961068293089077,10.692477226257324,10.692477226257324,2747832,0.0,0.0
2022-04-18,10.794798379766101,10.826773491612583,10.44307214945481,10.590157508850098,3262176,0.0,0.0
2022-04-19,10.551785973491896,10.762822297845881,10.468650851272823,10.756426811218262,1629244,0.0,0.0
2022-04-20,10.750033526111256,10.871538482244095,10.628528569978418,10.743638038635254,2350343,0.0,0.0
2022-04-22,10.602948217408837,10.769219272283674,10.391912624195255,10.462258338928223,2562312,0.0,0.0
2022-04-25,10.353541230835312,10.807587461901635,10.308775148288719,10.692477226257324,2352759,0.0,0.0
2022-04-26,10.615735979840208,10.730846981968085,10.232034707393904,10.353540420532227,2888339,0.0,0.0
2022-04-27,10.494230216099282,10.622129854687438,10.27040371596585,10.276799201965332,2150073,0.0,0.0
2022-04-28,10.391911514671403,10.462257221893697,10.168085744904474,10.417491912841797,1866008,0.0,0.0
2022-04-29,10.51981078446806,10.782007122327688,10.014604568481445,10.014604568481445,2591049,0.0,0.0
2022-05-02,10.014604569495505,10.174479326070502,9.912283763676816,10.084949493408203,2915550,0.0,0.0
2022-05-03,10.05297565416978,10.37912224599365,10.05297565416978,10.244826316833496,2129728,0.0,0.0
2022-05-04,10.180877150469094,10.794799024385265,9.976236267332812,10.622133255004883,3626350,0.0,0.0
2022-05-05,10.449467003840992,10.545392333566985,10.046580774090343,10.174480438232422,2612920,0.0,0.0
2022-05-06,10.142505611790948,10.276800756695485,9.92507456476285,9.969839096069336,2266166,0.0,0.0
2022-05-09,9.835543975134136,10.161690546471107,9.75240884830051,10.116925239562988,2775425,0.0,0.0
2022-05-10,10.148900525668838,10.634922647691472,10.148900525668838,10.449466705322266,3936101,0.0,0.0
2022-05-11,10.44307186382973,10.654108216638615,10.251221197998088,10.31517219543457,1956288,0.0,0.0
2022-05-12,10.187271431947073,10.577367493064978,10.116926494857823,10.494233131408691,1989476,0.0,0.0
2022-05-13,10.628528416999206,10.686083150499224,10.404701868412728,10.532602310180664,3447823,0.0,0.0
2022-05-16,10.532600658365531,11.146522372373983,10.513415750207605,11.082572937011719,3823187,0.0,0.0
2022-05-17,11.20408011244102,11.440696095010118,11.108154776979976,11.12094497680664,2750248,0.0,0.0
2022-05-18,11.083912122829227,11.083912122829227,10.568980128117008,10.787826538085938,2898766,0.088449,0.0
2022-05-19,10.774954316620763,11.071040715827928,10.652657641648569,10.980926513671875,2769321,0.0,0.0
2022-05-20,11.122532651107806,11.360688858203764,11.058166150840822,11.109659194946289,3196564,0.0,0.0
2022-05-23,11.161151812724489,11.48942063933084,11.05816572844736,11.386434555053711,3241323,0.0,0.0
2022-05-24,11.231955335119322,11.354252000651899,11.013108916968589,11.21908187866211,1880885,0.0,0.0
2022-05-25,11.148279333204083,11.212645836648397,10.95517982287114,11.071040153503418,1373661,0.0,0.0
2022-05-26,11.090349487432812,11.399308535014805,11.090349487432812,11.27701187133789,2354158,0.0,0.0
2022-05-27,11.277012929780213,11.289886387250371,10.980926530129294,11.051730155944824,1852529,0.0,0.0
2022-05-30,11.03885620820026,11.18046188244803,10.671966224970916,10.794262886047363,2201190,0.0,0.0
2022-05-31,10.794263704256919,10.852193870324387,10.414501797334513,10.472431182861328,2745416,0.0,0.0
2022-06-01,10.414502926910956,10.684841649772174,10.169909559688731,10.478869438171387,3370258,0.0,0.0
2022-06-02,10.581854482948495,10.852193959244003,10.56254468761467,10.646220207214355,1334752,0.0,0.0
2022-06-03,10.549670734843804,10.56254419130835,10.240710901857206,10.43381118774414,2286257,0.0,0.0
2022-06-06,10.440248149051017,10.536797907488769,10.066922572533176,10.092669486999512,2096414,0.0,0.0
2022-06-07,10.028301193618235,10.066921561438813,9.899568195297494,9.944624900817871,2016941,0.0,0.0
2022-06-08,9.84807505022599,10.021864752269732,9.770835876464844,9.770835876464844,2196358,0.0,0.0
2022-06-09,9.7772726533514,10.15703532374742,9.693595577116582,9.886695861816406,2814716,0.0,0.0
2022-06-10,9.8287662070071,9.963935554697533,9.69359607877601,9.706469535827637,2401079,0.0,0.0
2022-06-13,9.57773548175578,9.667848890747901,9.36532619546358,9.532679557800293,3945892,0.0,0.0
2022-06-14,9.539115942271598,9.654975482588053,9.397509490533453,9.616355895996094,2550359,0.0,0.0
2022-06-15,9.687157985783019,9.989680659264144,9.642101284534254,9.95106029510498,3100816,0.0,0.0
2022-06-17,9.757962177787627,10.099104455210455,9.60991861050213,9.99611759185791,2703709,0.0,0.0
2022-06-20,9.944625060373758,10.111978429200166,9.732214985304065,9.880258560180664,1574567,0.0,0.0
2022-06-21,9.912441948429361,10.028301494283575,9.616356355630748,9.745088577270508,2608469,0.0,0.0
2022-06-22,9.622792350667682,10.015427681112152,9.622792350667682,9.854512214660645,1593641,0.0,0.0
2022-06-23,9.867385927600159,9.96393568594818,9.519807265871687,9.558426856994629,3091152,0.0,0.0
2022-06-24,9.654975857603532,9.796582314841908,9.526242856576026,9.577735900878906,1675147,0.0,0.0
2022-06-27,9.590610100117244,9.654976605617758,9.474750546324453,9.551990509033203,1506920,0.0,0.0
2022-06-28,9.59061102639623,9.674287335520377,9.384638032793198,9.403947830200195,2142190,0.0,0.0
2022-06-29,9.423254564978858,9.532678535983294,9.320268491918958,9.391071319580078,1749533,0.0,0.0
2022-06-30,9.255902883137225,9.429693361500105,9.107859315763042,9.300959587097168,3035712,0.0,0.0
2022-07-01,9.230156406874196,9.455439137692963,9.088549182282332,9.352452278137207,1919922,0.0,0.0
2022-07-04,9.313833106792917,9.603482344979849,9.262340065001132,9.449003219604492,1220057,0.0,0.0
2022-07-05,9.352452003691353,10.169906616210938,9.307395302741671,10.169906616210938,5411106,0.0,0.0
2022-07-06,10.073358893502407,10.446684440448873,10.060485437288955,10.414501190185547,3151932,0.0,0.0
2022-07-07,10.58829193070842,10.787828584841495,10.46599602708564,10.575418472290039,2708541,0.0,0.0
2022-07-08,10.601165380076726,10.742771861476562,10.511051951765719,10.568982124328613,2018849,0.0,0.0
2022-07-11,10.427374497461976,10.568980172165535,10.317950511480872,10.48530387878418,1363235,0.0,0.0
2022-07-12,10.388755242422786,10.968053800954337,10.388755242422786,10.897250175476074,2151345,0.0,0.0
2022-07-13,10.787827971830463,11.219082950284946,10.787827971830463,11.000236511230469,2392686,0.0,0.0
2022-07-14,10.845756275080573,10.968052940054244,10.684840021452384,10.736333847045898,1621869,0.0,0.0
2022-07-15,10.74920730228475,10.807136685260279,10.272894098839826,10.285767555236816,3358179,0.0,0.0
2022-07-18,10.292203773752567,10.30507644848335,9.590608657140761,9.680721282958984,4245089,0.0,0.0
2022-07-19,9.74508913617996,9.906006178675103,9.654976497809841,9.712905883789062,3001762,0.0,0.0
2022-07-20,9.687160064008248,10.13128927360609,9.648539691563702,10.047612190246582,2445837,0.0,0.0
2022-07-21,9.983243256559472,10.549669003728615,9.983243256559472,10.446682929992676,2522003,0.0,0.0
2022-07-22,10.459558510138448,10.562545393031222,10.23427572827019,10.536798477172852,2193179,0.0,0.0
2022-07-25,10.459558500933571,10.697715521062138,10.427376026949995,10.530362129211426,1255788,0.0,0.0
2022-07-26,10.530361708944925,10.607600892288028,10.24071164924557,10.420938491821289,1426049,0.0,0.0
2022-07-27,10.453122203399769,10.659094408733559,10.37588145558853,10.620474815368652,1734783,0.0,0.0
2022-07-28,10.665530761581284,11.161153003700159,10.639783847494332,11.096786499023438,2157576,0.0,0.0
2022-07-29,11.09035104690423,11.135406979345431,10.865067481994629,10.865067481994629,1801794,0.0,0.0
2022-08-01,10.826446125473117,11.141842284450588,10.729896376464577,10.787826538085938,2216957,0.0,0.0
2022-08-02,10.729896421183758,10.871502876427911,10.420937379176891,10.48530387878418,2051782,0.0,0.0
2022-08-03,10.491742658547384,11.03885881309464,10.459559401252886,11.013111114501953,2311561,0.0,0.0
2022-08-04,11.2319559537285,11.97217076456896,11.2319559537285,11.811254501342773,3537087,0.0,0.0
2022-08-05,11.75332295978951,11.888492283898286,11.476547193898842,11.708266258239746,2696842,0.0,0.0
2022-08-08,11.779072256610528,12.094467670297558,11.73401554592933,11.907804489135742,2553792,0.0,0.0
2022-08-09,11.99148072474418,12.068720683234083,11.251265171378183,11.30275821685791,2682601,0.0,0.0
2022-08-10,11.540913379732658,12.287565203112663,11.540913379732658,12.216761589050293,3769908,0.0,0.0
2022-08-11,12.236071864299168,12.519283972029088,11.631026503239806,11.721139907836914,2908429,0.0,0.0
2022-08-12,11.759759184456826,12.300437256261631,11.66321022568857,12.158831596374512,2270871,0.0,0.0
2022-08-15,12.088030786219385,12.976288380170882,11.965734117110859,12.87330150604248,3334528,0.0,0.0
2022-08-16,12.873301303159689,12.963415499574905,12.557905908679901,12.853991508483887,2107985,0.0,0.0
2022-08-17,12.69913716739792,13.255208969116211,12.602147060857856,13.255208969116211,2085478,0.071176,0.0
2022-08-18,13.229341803204578,13.229341803204578,12.809054835627592,12.983634948730469,1328521,0.0,0.0
2022-08-19,12.679735630415808,12.925441698116568,12.505154735122563,12.63447380065918,2107858,0.0,0.0
2022-08-22,12.356439065335199,12.42109939205041,12.123665809631348,12.123665809631348,1552696,0.0,0.0
2022-08-23,12.07840418473541,12.22065455372025,11.929686606824392,12.091336250305176,1716346,0.0,0.0
2022-08-24,11.962015006163696,12.168925679256153,11.70984250081756,12.033140182495117,1620852,0.0,0.0
2022-08-25,12.052538786023058,12.201255564199247,11.90382200784687,11.942617416381836,948580,0.0,0.0
2022-08-26,11.942618368257907,12.08486951771431,11.535263409796434,11.651650428771973,1474241,0.0,0.0
2022-08-29,11.567592349278359,12.02667475160483,11.470603043088756,11.78096866607666,959388,0.0,0.0
2022-08-30,11.916752354222535,12.065469904840038,11.612853181624459,11.690443992614746,1170467,0.0,0.0
2022-08-31,11.703377251594038,12.02667494406641,11.535262765146056,11.677513122558594,1617037,0.0,0.0
2022-09-01,11.651649561019203,12.039607568868245,11.39301219594337,11.981412887573242,3325881,0.0,0.0
2022-09-02,12.039608308229626,13.145286150194023,12.039608308229626,12.990103721618652,4126707,0.0,0.0
2022-09-05,13.022434205721238,13.319867798190396,12.847852493832434,12.880182266235352,1596819,0.0,0.0
2022-09-06,12.686204016961451,12.744397135000144,12.22712079282056,12.43403148651123,1719270,0.0,0.0
2022-09-08,12.479295348844063,12.83492289181611,12.44696557221024,12.58275032043457,1916616,0.0,0.0
2022-09-09,12.653873100317558,13.093558605896161,12.60861126484986,12.82845401763916,2219373,0.0,0.0
2022-09-12,12.9577727423215,13.015966641189351,12.660338391799586,12.712066650390625,1541252,0.0,0.0
2022-09-13,12.60861050899811,12.66033798181992,12.330574656498538,12.505155563354492,1462416,0.0,0.0
2022-09-14,12.479292607903394,12.64740709583703,12.330575040776555,12.421098709106445,1243200,0.0,0.0
2022-09-15,12.356440069870567,12.757330207624934,12.330576721176065,12.45343017578125,1539345,0.0,0.0
2022-09-16,12.31117877398844,12.479294065654363,11.949084842465533,12.466361999511719,2083571,0.0,0.0
2022-09-19,12.330574831121364,12.770260316568754,12.227119884012641,12.673270225524902,2941363,0.0,0.0
2022-09-20,12.660339071455605,12.893113895329115,12.4857589336682,12.705601692199707,2576299,0.0,0.0
2022-09-21,12.712067805933772,13.190548752736435,12.686204458381381,12.97070598602295,1590716,0.0,0.0
2022-09-22,13.197014371562572,13.63023269521312,13.009502161767584,13.552641868591309,3415144,0.0,0.0
2022-09-23,13.36512646211782,13.520309655537218,13.106489113242272,13.487979888916016,1825699,0.0,0.0
2022-09-26,13.384524991574365,13.410387550402376,12.977169303587353,13.03536319732666,1129523,0.0,0.0
2022-09-27,13.132352502994504,13.151750206217706,12.854316665877773,12.983634948730469,2767414,0.0,0.0
2022-09-28,12.970703899795904,13.630230525668706,12.925442068741436,13.34572982788086,3005703,0.0,0.0
2022-09-29,13.054762682805748,13.21641152878123,12.692668797364192,13.177616119384766,2109892,0.0,0.0
2022-09-30,13.119422843515634,13.77248472172187,12.938376273433567,13.733689308166504,1975997,0.0,0.0
2022-10-03,13.837143783195476,14.871696472167969,13.837143783195476,14.871696472167969,4088560,0.0,0.0
2022-10-04,15.013945468841627,15.16912867165683,14.341485968767898,14.393214225769043,2365475,0.0,0.0
2022-10-05,14.393216760440735,14.619525180344665,14.147511416886715,14.347955703735352,1719397,0.0,0.0
2022-10-06,14.444943862352245,14.787640069290932,14.328556057078025,14.619524002075195,1447030,0.0,0.0
2022-10-07,14.600127853802393,14.651854550297069,14.199237722979221,14.309158325195312,2059666,0.0,0.0
2022-10-10,14.35441794329142,14.483737009733792,14.14750806425888,14.283292770385742,868854,0.0,0.0
2022-10-11,14.2380330249579,14.315625421369852,13.856542956639158,13.992327690124512,915393,0.0,0.0
2022-10-13,13.959998537679727,14.671253578042805,13.86947485526854,14.373818397521973,3554125,0.0,0.0
2022-10-14,14.444943318860316,14.697114273819212,14.225100566163043,14.315624237060547,1895889,0.0,0.0
2022-10-17,14.52253414066485,14.561329551567116,14.244499055708337,14.315624237060547,1552824,0.0,0.0
2022-10-18,14.529002267654764,14.593661819620682,13.934135016843761,14.141046524047852,1191829,0.0,0.0
2022-10-19,14.095781702047926,14.212169504740453,13.707824450657295,13.940598487854004,1152792,0.0,0.0
2022-10-20,14.024655842057937,14.095781021072451,13.339263476495521,13.507379531860352,2630086,0.0,0.0
2022-10-21,13.462115756738658,13.727219529291645,13.384524944153245,13.539708137512207,1576729,0.0,0.0
2022-10-24,13.378059804187174,13.610833818826485,13.119420877563133,13.313400268554688,1981338,0.0,0.0
2022-10-25,13.416855945985953,13.475048276688426,13.003034581659596,13.054762840270996,1685320,0.0,0.0
2022-10-26,12.970704474841003,13.035364012329989,12.375837357217637,12.395235061645508,3828019,0.0,0.0
2022-10-27,12.453429491785863,13.371594393943205,12.40816765393865,13.112957000732422,1923609,0.0,0.0
2022-10-28,13.093558601488905,13.39745781646796,12.957773095131513,13.339263916015625,1816926,0.0,0.0
2022-10-31,12.712067099547372,13.811279303845154,12.712067099547372,13.468583106994629,2714008,0.0,0.0
2022-11-01,13.52677604196005,13.772482909120516,13.07416006837094,13.520310401916504,1981974,0.0,0.0
2022-11-03,13.287536692265256,13.617300024042654,13.022432898804535,13.274603843688965,1588936,0.0,0.0
2022-11-04,13.546177305741969,13.64316663083185,13.261674971840609,13.39099407196045,1837779,0.0,0.0
2022-11-07,13.326330623867742,13.481513812257234,12.776724609121517,12.809054374694824,1656074,0.0,0.0
2022-11-08,12.750863256503454,12.815522013644056,12.414633485263826,12.699135780334473,1719525,0.0,0.0
2022-11-09,12.634475387690385,12.912511256699709,12.466360895013349,12.53748607635498,2232089,0.0,0.0
2022-11-10,12.19479100845627,12.19479100845627,10.888668089024005,11.199033737182617,6829018,0.0,0.0
2022-11-11,10.985656144514927,11.47706908322066,10.688221811697067,10.830472946166992,4507029,0.0,0.0
2022-11-14,10.99858975197009,11.160239408514578,10.623564524704411,10.79814624786377,3701117,0.0,0.0
2022-11-16,10.798144086109998,10.869269262111363,10.287332653698122,10.416651725769043,3321431,0.0,0.0
2022-11-17,10.261469339721058,10.261469339721058,9.54374880126815,9.944637298583984,6755522,0.0,0.0
2022-11-18,10.10410661719848,10.501495388717206,9.745804980914638,9.817465782165527,5434375,0.090275,0.0
2022-11-21,9.8565538671419,10.358176364271829,9.850038817314852,10.325603485107422,4020786,0.0,0.0
2022-11-22,10.384236018702248,10.436352472562223,9.993361429766901,10.117137908935547,2377428,0.0,0.0
2022-11-23,9.97381768973353,10.084564856067663,9.784894658945282,10.006390571594238,2518443,0.0,0.0
2022-11-24,10.117137439165344,10.61224570282158,10.038962367010116,10.423322677612305,1479836,0.0,0.0
2022-11-25,10.416809168067664,10.416809168067664,9.902157296784202,9.980332374572754,1319239,0.0,0.0
2022-11-28,9.999874373868396,10.019417942744374,9.752320658128747,9.7783784866333,1186615,0.0,0.0
2022-11-29,9.823982233326985,10.208342572187027,9.71323427213084,10.051992416381836,2008168,0.0,0.0
2022-11-30,10.058506416478851,10.117137126289357,9.498252408351027,9.804437637329102,4269376,0.0,0.0
2022-12-01,9.778379343475564,9.915185917575759,9.569913537211058,9.687175750732422,2713118,0.0,0.0
2022-12-02,9.765349671235922,10.195312948192925,9.65460251200796,10.084564208984375,4043547,0.0,0.0
2022-12-05,10.012902144353959,10.012902144353959,9.328871808883296,9.34841537475586,4808515,0.0,0.0
2022-12-06,9.43310634532092,9.667631546994526,9.257213431553556,9.569912910461426,3365935,0.0,0.0
2022-12-07,9.504767725902877,10.045478224257252,9.504767725902877,9.771865844726562,3058982,0.0,0.0
2022-12-08,9.73277941969139,9.739293680879754,9.302816851517395,9.38099193572998,2800474,0.0,0.0
2022-12-09,9.44613516066033,9.452649420092287,9.12692064868987,9.179037094116211,2581512,0.0,0.0
2022-12-12,9.21812454920087,9.36796042121542,8.892395766543594,9.061775207519531,2339917,0.0,0.0
2022-12-13,9.120406980584388,9.218124828350472,8.625299531948249,8.644843101501465,3475925,0.0,0.0
2022-12-14,8.553638640131577,8.905426048617805,8.468949312900529,8.820735931396484,3596850,0.0,0.0
2022-12-15,8.788165470798528,9.074807200294577,8.657874709198175,8.775136947631836,2354158,0.0,0.0
2022-12-16,8.762105285026355,8.83376530319039,8.41683292388916,8.41683292388916,5008913,0.0,0.0
2022-12-19,8.475465056294189,8.892397505641368,8.455921483510641,8.794679641723633,3473890,0.0,0.0
2022-12-20,8.781648923819235,9.224640715933301,8.618784526715618,8.944513320922852,3022488,0.0,0.0
2022-12-21,8.983601171597009,9.10086337848727,8.625299501104925,8.924969673156738,2095651,0.0,0.0
2022-12-22,8.937999006822345,8.970571886045501,8.690445282724415,8.840279579162598,1555621,0.0,0.0
2022-12-23,8.892395148648317,9.341901943467372,8.892395148648317,9.100862503051758,2630976,0.0,0.0
2022-12-26,9.081320884205772,9.100865247693553,8.677417731959247,8.905427932739258,1516839,0.0,0.0
2022-12-27,8.944513217904268,9.022688285611677,8.488492911266363,8.540609359741211,2451559,0.0,0.0
2022-12-28,8.586214125641506,8.944515079733941,8.514552512840227,8.905427932739258,2536626,0.0,0.0
2022-12-29,8.937997928613335,9.152978747554533,8.651356310031616,8.749074935913086,2127821,0.0,0.0
2023-01-02,8.638329252963397,8.657872823447187,8.280027564129432,8.390774726867676,2253705,0.0,0.0
2023-01-03,8.468949946010113,8.540609969026455,8.162764703140562,8.201851844787598,2541077,0.0,0.0
2023-01-04,8.227909316175161,8.612269578621602,8.221394266817462,8.566666603088379,4702468,0.0,0.0
2023-01-05,8.651355457995129,8.749074074252693,8.325626737136579,8.560151100158691,3609184,0.0,0.0
2023-01-06,8.560154031921037,8.853309981096547,8.429862498954144,8.807707786560059,3191478,0.0,0.0
2023-01-09,8.66438844276379,8.911943007692527,8.423348929011858,8.677417755126953,3571927,0.0,0.0
2023-01-10,8.566665739525654,9.01617250028544,8.508035041157965,8.91193962097168,4932238,0.0,0.0
2023-01-11,8.905427581173036,9.00966049570427,8.592728047588926,8.951029777526855,2338137,0.0,0.0
2023-01-12,8.918455359106158,9.126921152314695,8.683930156761146,8.977086067199707,4079024,0.0,0.0
2023-01-13,8.885882131610465,8.99011582338312,8.560153326052754,8.599241256713867,3126628,0.0,0.0
2023-01-16,8.586213559644847,8.723019355098543,8.403804779052734,8.403804779052734,2713627,0.0,0.0
2023-01-17,8.436376014853534,8.716502601773728,8.423346705929058,8.534093856811523,2643310,0.0,0.0
2023-01-18,8.63832906983189,9.185552981728495,8.63832906983189,8.859824180603027,4213936,0.0,0.0
2023-01-19,8.794678126127648,8.898911812994553,8.61227016159841,8.892395973205566,3131715,0.0,0.0
2023-01-20,8.879368298020813,9.022689137348765,8.807707483361662,8.95754337310791,3025158,0.0,0.0
2023-01-23,9.02920209528565,9.309329473104341,9.02920209528565,9.198580741882324,3223267,0.0,0.0
2023-01-24,9.237669439573072,9.36144589952408,9.139950017520876,9.283270835876465,2218483,0.0,0.0
2023-01-25,9.309331680375628,9.45265174302049,9.192068661861944,9.32236099243164,2075560,0.0,0.0
2023-01-26,9.472194369494236,9.882613313295577,9.446136537976757,9.622030258178711,4639398,0.0,0.0
2023-01-27,9.622028037634145,9.63505734538119,9.387502868157817,9.459163665771484,2767032,0.0,0.0
2023-01-30,9.504766228029526,9.674145669613036,9.40053333320141,9.446135520935059,1941411,0.0,0.0
2023-01-31,9.498252685945031,9.693689971005789,9.465679805101573,9.543855667114258,3493599,0.0,0.0
2023-02-01,9.517796201236106,9.563399182140769,8.990115850629497,9.055261611938477,4000187,0.0,0.0
2023-02-02,8.983601325770776,9.563398900331656,8.983601325770776,9.120407104492188,3892614,0.0,0.0
2023-02-03,9.09434811005156,9.152979607082418,8.736046448172507,8.781648635864258,3094458,0.0,0.0
2023-02-06,8.768620760256184,8.80119364393472,8.37774615611375,8.403804779052734,5248855,0.0,0.0
2023-02-07,8.436375879010413,8.514550151318037,8.30608437184408,8.371230125427246,2679168,0.0,0.0
2023-02-08,8.43637661446592,8.820736120119669,8.41031799476486,8.73604679107666,3384500,0.0,0.0
2023-02-09,8.742561219622681,8.866337679429623,8.47546315163673,8.534093856811523,2603256,0.0,0.0
2023-02-10,8.508036249612374,8.742561446364762,8.46243406218911,8.638328552246094,2423331,0.0,0.0
2023-02-13,8.63832920080321,8.990115837358198,8.566667599484616,8.827251434326172,1954127,0.0,0.0
2023-02-14,8.89239447604178,8.951026754397486,8.332142157163808,8.462432861328125,4215970,0.0,0.0
2023-02-15,8.423348403990222,8.762106554365634,8.227911100695607,8.57969856262207,5648251,0.0,0.0
2023-02-16,8.560154451729272,8.729533926887191,8.286542851072602,8.481979370117188,3840226,0.0,0.0
2023-02-17,8.455919475995548,8.599240292366533,8.260482214577905,8.442890167236328,4042657,0.0,0.0
2023-02-22,8.44288926822128,8.468947882964951,8.149733407310613,8.266996383666992,4414714,0.0,0.0
2023-02-23,8.286542967043237,8.560154571529118,8.227911457516019,8.306086540222168,6837919,0.0,0.0
2023-02-24,8.325629109987096,8.449406375186594,8.110648250947737,8.201851844787598,4398693,0.0,0.0
2023-02-27,8.234423519222881,8.481977223347162,8.195336383304916,8.423346519470215,2360516,0.0,0.0
2023-02-28,8.468949620206233,8.495007450305025,8.280027389526367,8.280027389526367,2805560,0.0,0.0
2023-03-01,8.332143571905062,8.332143571905062,7.947783282891592,8.032472610473633,3339487,0.0,0.0
2023-03-02,8.04550393717408,8.07807682440964,7.817493726525152,7.824007987976074,3037238,0.0,0.0
2023-03-03,7.889153564254238,7.934755763236491,7.752347757297935,7.758862018585205,2320080,0.0,0.0
2023-03-06,7.76537371795249,8.032470955285756,7.76537371795249,7.967325210571289,2295158,0.0,0.0
2023-03-07,7.980356185449354,8.117161961946827,7.882636757963658,8.104132652282715,2859729,0.0,0.0
2023-03-08,8.071559571780577,8.820735773891323,8.065045312106152,8.781648635864258,6125847,0.0,0.0
2023-03-09,8.69696096212016,9.17903917931513,8.670902338492146,8.951029777526855,4568191,0.0,0.0
2023-03-10,8.85982388417311,8.931484692017284,8.592726592182826,8.892395973205566,2990572,0.0,0.0
2023-03-13,8.853309277886451,9.133436683507314,8.703474184873862,9.055261611938477,3020326,0.0,0.0
2023-03-14,9.055259866865436,9.289785036375728,8.996629166980485,9.09434700012207,2814334,0.0,0.0
2023-03-15,8.990115148490105,9.49825188901596,8.931484441885345,9.426591873168945,4646392,0.0,0.0
2023-03-16,9.420078932793395,9.830497130884067,9.341904639816452,9.713234901428223,4487702,0.0,0.0
2023-03-17,9.354931791817855,9.354931791817855,8.560153346372378,8.67090129852295,10034737,0.0,0.0
2023-03-20,8.703474190126048,8.801192832148487,8.091104507446289,8.091104507446289,4646901,0.0,0.0
2023-03-21,8.117162704467773,8.201852040046072,7.895666789887282,8.117162704467773,3995355,0.0,0.0
2023-03-22,8.201852233733485,8.957543591331783,8.182308661983178,8.488493919372559,8035088,0.0,0.0
2023-03-23,8.540608455974946,8.573182121563844,7.791432317204697,7.928238868713379,5878021,0.0,0.0
2023-03-24,7.989850776692203,8.153175595639736,7.9049212370605995,8.061714172363281,3248443,0.026982,0.0
2023-03-27,8.10744656689332,8.225040308245546,7.996386295308546,8.198908805847168,1965062,0.0,0.0
2023-03-28,8.166242452779848,8.244637738942245,8.029049909771976,8.153176307678223,3288243,0.0,0.0
2023-03-29,8.140107590997166,8.238102459965823,7.813458027768309,7.963717460632324,3980987,0.0,0.0
2023-03-30,8.133577624805216,8.42756232959732,8.061715013856624,8.172775268554688,4091358,0.0,0.0
2023-03-31,8.231573271357908,8.231573271357908,7.761198289630812,7.957188129425049,4149977,0.0,0.0
2023-04-03,7.650136719385233,7.9310544915422145,7.610937490502828,7.872257232666016,5478752,0.0,0.0
2023-04-04,7.970252616773282,8.120511304201203,7.885323070109798,8.02904987335205,2513993,0.0,0.0
2023-04-05,8.002917899220023,8.225039204814678,7.937587171429002,8.18584156036377,3812378,0.0,0.0
2023-04-06,8.1335790259576,8.42756378139376,8.094380583231814,8.329568862915039,3566587,0.0,0.0
2023-04-10,8.381829990707649,8.551687478401345,8.316500065867986,8.460226058959961,2829466,0.0,0.0
2023-04-11,8.57782131921419,9.420577819211934,8.564755173434433,9.289917945861816,6850761,0.0,0.0
2023-04-12,9.335649836067983,9.766827137078407,9.257253747095966,9.596969604492188,5235504,0.0,0.0
2023-04-13,9.590435121166827,10.080408802469977,9.440175648839706,9.832155227661133,6157636,0.0,0.0
2023-04-14,9.766826767070562,9.96935005526117,9.655765711252972,9.786425590515137,3320541,0.0,0.0
2023-04-17,9.890951689150167,10.067342658064536,9.734160332955776,9.832155227661133,2933860,0.0,0.0
2023-04-18,9.884419054446745,9.962815128984014,9.498972150102299,9.61656665802002,3258870,0.0,0.0
2023-04-19,9.342180515535954,9.459774227734323,9.02859701893243,9.048195838928223,3900370,0.0,0.0
2023-04-20,9.054729716219155,9.054729716219155,8.786877292216666,8.963268280029297,5262079,0.0,0.0
2023-04-24,8.871807556100558,9.152726173546673,8.754213808358447,9.022067070007324,3477323,0.0,0.0
2023-04-25,8.969800322880399,9.048196399948013,8.68888177292647,8.79340934753418,3941696,0.0,0.0
2023-04-26,8.754212181008612,9.054729568510254,8.662750746310754,8.950201988220215,3699210,0.0,0.0
2023-04-27,8.943669790011961,9.25725333988214,8.852207558197275,9.244186401367188,3279342,0.0,0.0
2023-04-28,9.211521660620116,9.492440223693848,9.152724402017467,9.492440223693848,2759530,0.0,0.0
2023-05-02,9.51203806686248,9.577368787599344,9.13312463993039,9.165789604187012,1947133,0.0,0.0
2023-05-03,9.152722877012774,9.342179974522246,9.087392952661036,9.296449661254883,2059411,0.0,0.0
2023-05-04,9.492440181531276,9.845222147132816,9.44670906862386,9.694963455200195,4830132,0.0,0.0
2023-05-05,9.734160142691406,10.263333039091275,9.72762746672819,10.224135398864746,5096777,0.0,0.0
2023-05-08,10.289465235802519,10.374393990225418,9.975881715966754,9.99548053741455,2799330,0.0,0.0
2023-05-09,9.917084353301794,10.289464303749567,9.851753634020884,10.119606018066406,2513738,0.0,0.0
2023-05-10,10.119607255069068,10.531185687395997,10.113074578454235,10.472389221191406,3661699,0.0,0.0
2023-05-11,10.439724674220852,10.596516841529997,10.322130944850858,10.524653434753418,2175632,0.0,0.0
2023-05-12,10.15880699687788,10.15880699687788,9.714563539942269,9.845223426818848,10099587,0.0,0.0
2023-05-15,9.845223815899061,10.400528357069991,9.806025372952698,10.328665733337402,3366698,0.0,0.0
2023-05-16,10.374395496368654,10.609583764557604,10.237202934092942,10.263335227966309,3310241,0.0,0.0
2023-05-17,10.269867958687037,10.58345231790175,10.269867958687037,10.498522758483887,2619278,0.0,0.0
2023-05-18,10.478922405156753,10.864370149686298,10.478922405156753,10.74677562713623,3881805,0.0,0.0
2023-05-19,10.757242154859247,11.287898257179576,10.685178128412298,10.901371002197266,4127597,0.036157,0.0
2023-05-22,10.74413820010767,11.11756264687625,10.74413820010767,10.862061500549316,2724435,0.0,0.0
2023-05-23,10.7506897855646,11.150318961621057,10.7506897855646,10.868612289428711,3134639,0.0,0.0
2023-05-24,10.770344212082433,11.006190823498835,10.600010636553261,10.750690460205078,2835569,0.0,0.0
2023-05-25,10.973435213958796,11.484436777292144,10.973435213958796,11.22238540649414,4262636,0.0,0.0
2023-05-26,11.30755008175013,11.432024360241416,11.117561979784496,11.228934288024902,6594670,0.0,0.0
2023-05-29,11.22893617649562,11.622014416785253,11.078256343273418,11.504090309143066,3196564,0.0,0.0
2023-05-30,11.569603972819245,11.753040323357288,11.183076724463564,11.287898063659668,4277259,0.0,0.0
2023-05-31,11.189628078435632,11.589258106633553,11.189628078435632,11.54995059967041,2760675,0.0,0.0
2023-06-01,11.628564391586034,12.01509079117833,11.595807876648857,11.929924011230469,5236903,0.0,0.0
2023-06-02,11.962683931593315,12.264044431470253,11.94303017592496,12.133017539978027,6515706,0.0,0.0
2023-06-05,12.218182350087728,12.277143603636206,11.916821918989568,12.172322273254395,2531794,0.0,0.0
2023-06-06,12.185426194236392,12.519542379356276,12.185426194236392,12.35576057434082,2994641,0.0,0.0
2023-06-07,12.447478007935509,12.611261397293966,12.237836922000405,12.414721488952637,2327583,0.0,0.0
2023-06-09,12.539197759968001,12.676774826160752,12.303350339352274,12.34920883178711,1646156,0.0,0.0
2023-06-12,12.375413019166997,12.70952916896705,12.329553737277333,12.611260414123535,2434520,0.0,0.0
2023-06-13,12.644020028821584,12.696430309061995,12.00199151393281,12.041299819946289,2239591,0.0,0.0
2023-06-14,12.119912129197406,12.342656763397521,11.988886855157638,12.316452026367188,2010329,0.0,0.0
2023-06-15,12.303350339352274,12.624363758616733,12.126464972501507,12.34920883178711,2254214,0.0,0.0
2023-06-16,12.244389881357673,12.414723489742386,12.054401722860382,12.133017539978027,1882538,0.0,0.0
2023-06-19,12.067501932427971,12.296797553637704,11.870963622977971,12.165771484375,1553078,0.0,0.0
2023-06-20,12.113362593172074,12.440927803581763,12.03474678378492,12.33610725402832,1547356,0.0,0.0
2023-06-21,12.37541446598854,12.716082435568667,12.316453206189212,12.630915641784668,4521907,0.0,0.0
2023-06-22,12.473682828028753,12.4802338136733,11.648218914613258,11.792346954345703,5111654,0.0,0.0
2023-06-23,11.897168304900866,12.034745359210028,11.75959045614765,11.982335090637207,2484365,0.0,0.0
2023-06-26,11.995437908203867,12.100258445802266,11.680975500964616,11.890617370605469,3343047,0.0,0.0
2023-06-27,12.054399916877799,12.119912955586678,11.268244246815359,11.517192840576172,2816877,0.0,0.0
2023-06-28,11.477884292602539,11.759590174574804,11.359960992526247,11.477884292602539,4470790,0.0,0.0
2023-06-29,11.563052883586371,11.936476567463266,11.510641817233589,11.851309776306152,1979685,0.0,0.0
2023-06-30,11.943027731734665,12.23783638975885,11.923373980088531,12.06750202178955,2548070,0.0,0.0
2023-07-03,12.159218879272771,12.323002249182915,11.929924068064176,11.975783348083496,1660270,0.0,0.0
2023-07-04,11.982336856454598,12.041298913815696,11.73338744821339,11.844758987426758,1924881,0.0,0.0
2023-07-05,11.792349024181789,12.165773543678984,11.66132293274026,12.113363265991211,1832947,0.0,0.0
2023-07-06,11.956131349437108,12.670223006414378,11.805450722379005,12.35576057434082,3149898,0.0,0.0
2023-07-07,12.460580695428142,13.220532407679794,12.375413905501377,13.03054428100586,3903168,0.0,0.0
2023-07-10,12.919172803782878,13.312250236194947,12.873313518427507,13.076403617858887,3442864,0.0,0.0
2023-07-11,13.017440754574183,13.109159319567391,12.42127246545046,12.886415481567383,3333129,0.0,0.0
2023-07-12,12.92572478558674,13.253289999869235,12.847108975270109,12.932275772094727,2099211,0.0,0.0
2023-07-13,13.037095096484027,13.495687147783785,12.951929102115157,13.279494285583496,3750327,0.0,0.0
2023-07-14,13.233636861186001,13.233636861186001,12.532647111140804,12.6702241897583,2533956,0.0,0.0
2023-07-17,12.67022360066873,13.043648103839606,12.532646528447744,12.932275772094727,3034949,0.0,0.0
2023-07-18,12.991237813199264,13.135365871759118,12.899519235530127,13.069852828979492,1735165,0.0,0.0
2023-07-19,13.076403860408634,13.286045744175981,12.611261601112048,12.925724029541016,2266421,0.0,0.0
2023-07-20,12.971582738979661,13.050197746758291,12.742286318145082,12.860210418701172,1404560,0.0,0.0
2023-07-21,12.879866021214184,13.194329275286812,12.860212266445691,13.004341125488281,2019230,0.0,0.0
2023-07-24,13.102608029295647,13.187775611877441,12.906069715216947,13.187775611877441,1475004,0.0,0.0
2023-07-25,13.358111528063722,14.203228521376941,13.305700457505356,14.006690979003906,6222994,0.0,0.0
2023-07-26,13.967380249005867,14.268739897269962,13.751188183221865,14.262188911437988,3333129,0.0,0.0
2023-07-27,14.170469566826414,14.45872722763497,14.065649032592773,14.065649032592773,2451305,0.0,0.0
2023-07-28,14.091856598623124,14.183575175157255,13.698778346809666,13.88221549987793,1788570,0.0,0.0
2023-07-31,13.993586242580067,14.321151433859784,13.993586242580067,14.235983848571777,1674257,0.0,0.0
2023-08-01,14.2097798371596,14.543896012906712,14.032893681372405,14.439075469970703,2178938,0.0,0.0
2023-08-02,14.439074611102948,14.963178883496312,14.439074611102948,14.615959167480469,5172435,0.0,0.0
2023-08-03,15.009039223338103,15.84760679817108,14.81905108338035,14.904218673706055,5580731,0.0,0.0
2023-08-04,14.891113881874027,15.506936744813984,14.714229318286922,15.199026107788086,3475035,0.0,0.0
2023-08-07,15.19902822753452,15.526593456815688,14.891115958677194,15.00248908996582,3221614,0.0,0.0
2023-08-08,14.83870346867316,15.218678104314952,14.517689291244567,15.061448097229004,3128917,0.0,0.0
2023-08-09,15.10075807828986,15.133514599958843,14.609410253255103,14.884564399719238,5043499,0.0,0.0
2023-08-10,14.87801313907597,15.035244757968188,14.694577574441958,14.904218673706055,2198520,0.0,0.0
2023-08-11,14.936974429187307,15.467629725472923,14.936974429187307,15.362809181213379,3484953,0.0,0.0
2023-08-14,15.461078162830352,15.461078162830352,14.825600757093904,15.15971851348877,3870870,0.0,0.0
2023-08-15,15.120413151618012,15.506938849616184,14.786295347887773,15.467631340026855,3857773,0.0,0.0
2023-08-16,15.375908792023093,15.827949007913015,15.356255836742294,15.526589393615723,3107682,0.0,0.0
2023-08-17,15.559348297533104,15.683823388979905,14.989385495761185,15.362809181213379,3026175,0.0,0.0
2023-08-18,15.120892544516751,15.2983980178833,14.752732040278183,15.2983980178833,3580192,0.064508,0.0
2023-08-21,15.245803824259525,15.252377805457371,14.733007779379637,15.239228248596191,2279772,0.0,0.0
2023-08-22,15.31812095287836,16.30426597595215,15.232654413092432,16.30426597595215,3614397,0.0,0.0
2023-08-23,16.23194934512163,16.40288083393441,15.659985857122757,16.323989868164062,3417179,0.0,0.0
2023-08-24,16.32398825745214,16.37658169795439,16.05444229079015,16.15305519104004,1779923,0.0,0.0
2023-08-25,16.153056765242216,16.22537534398688,15.535073813706415,15.646836280822754,1829260,0.0,0.0
2023-08-28,15.613962928275201,15.830915449857434,15.36414050361345,15.673131942749023,2056360,0.0,0.0
2023-08-29,15.850636733944928,15.88350823012571,15.37728782672779,15.666557312011719,1510354,0.0,0.0
2023-08-30,15.752026313222245,15.752026313222245,15.153765247129522,15.265527725219727,1433170,0.0,0.0
2023-08-31,15.252375936026816,15.252375936026816,14.384569068172363,14.489757537841797,3538358,0.0,0.0
2023-09-01,14.483185513599812,14.890791486546059,14.43716445570878,14.516057014465332,1816163,0.0,0.0
2023-09-04,14.377995479386177,14.470034396312943,14.009833433817782,14.21363639831543,1922465,0.0,0.0
2023-09-05,14.174193793734997,14.174193793734997,13.740290260031319,13.878350257873535,2442786,0.0,0.0
2023-09-06,13.865199335736628,13.904644813208794,13.58907780450083,13.674544334411621,2857313,0.0,0.0
2023-09-08,13.608802390622117,13.77315988816024,13.529909835124553,13.727140426635742,1422743,0.0,0.0
2023-09-11,13.720565743972887,14.568650805348446,13.720565743972887,14.529205322265625,3674542,0.0,0.0
2023-09-12,14.594948023867135,15.140615577707543,14.450314057398007,15.03542709350586,2404512,0.0,0.0
2023-09-13,15.055149471208056,15.429883955244682,14.739582415044698,14.759305953979492,3288243,0.0,0.0
2023-09-14,14.857920430089061,14.89736591341442,14.437164887532276,14.575224876403809,1705029,0.0,0.0
2023-09-15,14.57522407543773,14.779028651272398,13.957239555749284,14.003260612487793,2921781,0.0,0.0
2023-09-18,14.036132582473753,14.660691104188404,14.036132582473753,14.246509552001953,3211950,0.0,0.0
2023-09-19,14.25308455029421,14.364848618833662,13.819181023142352,13.937519073486328,2681075,0.0,0.0
2023-09-20,14.029556030963121,14.417441630831515,13.990110551228078,14.069003105163574,3022869,0.0,0.0
2023-09-21,13.904644917384058,13.911218897934452,13.490463414659922,13.569355964660645,2293505,0.0,0.0
2023-09-22,13.674547181098896,13.713992666782593,13.174899844786063,13.234068870544434,1496748,0.0,0.0
2023-09-25,13.214343520445535,13.260363776151701,12.957945522391658,13.122303009033203,1265833,0.0,0.0
2023-09-26,12.95794598696113,13.115728701454254,12.54376446798903,12.642379760742188,2926613,0.0,0.0
2023-09-27,12.648953233769825,12.846182216893174,12.169029534282876,12.392555236816406,2987266,0.0,0.0
2023-09-28,12.339962636924955,12.629232169419986,12.274220431066379,12.50432014465332,2910591,0.0,0.0
2023-09-29,12.740994521225451,12.885628479877127,12.307091050804999,12.372833251953125,3205592,0.0,0.0
2023-10-02,12.372832867502307,12.405704365671337,11.800868639914638,11.945504188537598,3308588,0.0,0.0
2023-10-03,11.814018176339127,11.925781436917683,11.439282913097026,11.531323432922363,4567301,0.0,0.0
2023-10-04,11.603642549836522,11.86003980365516,11.386689984839357,11.649662017822266,2258410,0.0,0.0
2023-10-05,11.643086560203791,11.754849819502812,11.196033523007705,11.301222801208496,2119810,0.0,0.0
2023-10-06,11.064548137654093,11.228904837489633,10.80815012333452,11.044824600219727,3790508,0.0,0.0
2023-10-09,10.913339428840612,11.215756927449887,10.702962454451262,11.15001392364502,2472540,0.0,0.0
2023-10-10,11.255203896383861,11.485303610241344,11.156588594398126,11.261777877807617,3771434,0.0,0.0
2023-10-11,11.294650641835988,11.511601619862585,11.196035328827662,11.255205154418945,2939201,0.0,0.0
2023-10-13,10.946211276339838,10.952785257555973,10.578049194650351,10.748981475830078,4533605,0.0,0.0
2023-10-16,10.82787367259097,11.14343993109448,10.716110406787099,10.893616676330566,1846299,0.0,0.0
2023-10-17,10.808149900751287,10.946210673785028,10.505731634034067,10.532029151916504,2478008,0.0,0.0
2023-10-18,10.4531390989974,10.499159364175007,9.973215298677419,9.992938041687012,7099096,0.0,0.0
2023-10-19,10.038957398512624,10.347949668480567,10.006085897393326,10.019234657287598,1997995,0.0,0.0
2023-10-20,9.9534912109375,10.144146243086418,9.887748206366533,9.9534912109375,2078993,0.0,0.0
2023-10-23,9.900897407731577,10.334801735566533,9.900897407731577,10.282207489013672,1661542,0.0,0.0
2023-10-24,10.387393076117405,10.446562085206624,9.868023143280125,10.124421119689941,2774280,0.0,0.0
2023-10-25,10.124423420872153,10.236186687203041,9.822005921137077,9.828579902648926,1861176,0.0,0.0
2023-10-26,9.854877231359092,10.150721564990167,9.789135020503425,10.071829795837402,2747578,0.0,0.0
2023-10-27,10.091552001975552,10.308504554912604,9.598479467541866,9.618202209472656,2600077,0.0,0.0
2023-10-30,9.729965785365424,9.736540564372769,9.28948748118583,9.355231285095215,3678611,0.0,0.0
2023-10-31,9.434121633456426,9.539310118312157,9.177723605425536,9.447270393371582,2182117,0.0,0.0
2023-11-01,9.611626025867743,9.664221059639768,9.335506084727962,9.473566055297852,3312784,0.0,0.0
2023-11-03,9.802281939703798,10.374247005798708,9.802281939703798,10.255908966064453,3887527,0.0,0.0
2023-11-06,10.328224864260786,10.361096358814219,10.038955393297536,10.124421119689941,2766778,0.0,0.0
2023-11-07,10.038958089784513,10.83444815275499,10.038958089784513,10.650368690490723,2758640,0.0,0.0
2023-11-08,10.650368743714273,10.97908377918491,10.459712907015358,10.591198921203613,2843961,0.0,0.0
2023-11-09,10.60434647491342,10.965932945585587,10.459710929965354,10.624069213867188,3514453,0.0,0.0
2023-11-10,10.624069361046807,11.011952556619946,10.170442372662558,10.775278091430664,3389713,0.0,0.0
2023-11-13,10.768704049203263,11.005379327793829,10.630644067949984,10.906764030456543,2606816,0.0,0.0
2023-11-14,10.979082657844096,11.62993788326163,10.979082657844096,11.505025863647461,4658090,0.0,0.0
2023-11-16,11.505024954879632,11.95207795993434,11.46557947666077,11.840313911437988,3911051,0.0,0.0
2023-11-17,11.92109804583587,12.046306127571157,11.538884238063867,11.89473819732666,4807625,0.03349,0.0
2023-11-20,11.89473797803993,12.072664954391135,11.73658128726731,11.842019081115723,3174439,0.0,0.0
2023-11-21,11.78270941585889,11.78270941585889,11.103950990388743,11.242338180541992,4842847,0.0,0.0
2023-11-22,11.334598755363887,11.611373962048235,11.16985090453928,11.51911449432373,3711798,0.0,0.0
2023-11-23,11.519114061087103,11.79588925736187,11.242338864812336,11.558653831481934,1702359,0.0,0.0
2023-11-24,11.585011582958625,11.650911192909359,11.393905511029104,11.5388822555542,2184787,0.0,0.0
2023-11-27,11.538884282425053,11.960637864582303,11.538884282425053,11.940868377685547,3241196,0.0,0.0
2023-11-28,11.973816501500842,12.329669624749203,11.670681471560874,12.323080062866211,4408738,0.0,0.0
2023-11-29,12.514187409654658,12.817321671038194,12.092434629438838,12.15174388885498,3833105,0.0,0.0
2023-11-30,12.290131222093558,12.3033111455897,11.855198541454497,12.125383377075195,3045757,0.0,0.0
2023-12-01,12.118793436375777,12.435107594792232,11.80247927795932,12.342849731445312,3331603,0.0,0.0
2023-12-04,12.303310677218908,12.40874846292963,11.815658321159566,11.874967575073242,2230817,0.0,0.0
2023-12-05,11.907918749337561,11.973818374084654,11.60478367199034,11.88814926147461,3105012,0.0,0.0
2023-12-06,12.019947122105927,12.138564850472257,11.57842482290458,11.631144523620605,3020835,0.0,0.0
2023-12-07,11.66409199826962,12.26377010345459,11.64432251334826,12.26377010345459,3822551,0.0,0.0
2023-12-08,12.276951240767753,12.40215851558565,12.00017604514158,12.34943962097168,2469743,0.0,0.0
2023-12-11,12.270361697722912,12.290131183343659,11.927686884392738,11.960637092590332,1299530,0.0,0.0
2023-12-12,12.03971609080063,12.197873587879497,11.94086865402925,12.191283226013184,1108160,0.0,0.0
2023-12-13,11.835429093202801,12.276951337425183,11.45321530621723,12.158332824707031,9611436,0.0,0.0
2023-12-14,12.303310657487037,12.659163783031683,12.303310657487037,12.388978958129883,3426207,0.0,0.0
2023-12-15,12.4680575974451,12.52077649317455,12.039715271069628,12.303311347961426,1756400,0.0,0.0
2023-12-18,12.45487661264456,12.606444523747095,12.237410686836071,12.481236457824707,1214208,0.0,0.0
2023-12-19,12.580085044314352,12.764601568573305,12.349439189210102,12.388978958129883,1694093,0.0,0.0
2023-12-20,12.329671387320243,12.52077749959083,12.164924325471972,12.336261749267578,1449192,0.0,0.0
2023-12-21,12.494417239355817,12.540545772908914,12.125383377075195,12.125383377075195,1424524,0.0,0.0
2023-12-22,12.197871760749262,12.283540059200346,12.000175318574971,12.257180213928223,1661287,0.0,0.0
2023-12-26,12.217641343166521,12.468056678771973,12.217641343166521,12.468056678771973,1146434,0.0,0.0
2023-12-27,12.421927103776293,12.527365684509277,12.309899760485662,12.527365684509277,1849478,0.0,0.0
2023-12-28,12.468056817269861,12.718472954779209,12.323080062866211,12.323080062866211,1715710,0.0,0.0
2024-01-02,12.329670277672074,12.454877553934924,11.512524604797363,11.512524604797363,3050462,0.0,0.0
2024-01-03,11.512524974927231,11.650912978347712,11.20280035674497,11.420267105102539,2604655,0.0,0.0
2024-01-04,11.34118758009966,11.387316911400301,10.840356096027646,10.893074989318848,2432867,0.0,0.0
2024-01-05,10.794227566034307,11.183030931273857,10.767868516993069,10.906255722045898,2045170,0.0,0.0
2024-01-08,10.807406287444609,11.400495613023278,10.701968504768397,11.209388732910156,2354412,0.0,0.0
2024-01-09,11.143491158194374,11.288468714441752,11.01169352508262,11.183030128479004,1201747,0.0,0.0
2024-01-10,11.23574942741322,11.321418531325572,11.08418230368888,11.255518913269043,1497002,0.0,0.0
2024-01-11,11.255520862338459,11.393908885537813,10.95897692490535,10.97874641418457,2805560,0.0,0.0
2024-01-12,10.932615928552869,11.301650645423921,10.69538126557584,11.10395336151123,5470487,0.0,0.0
2024-01-15,11.038054069855182,11.44662694776051,10.873307006112901,10.96556568145752,1458601,0.0,0.0
2024-01-16,10.846946460290585,10.906255719081274,10.642661233129036,10.76127815246582,2319063,0.0,0.0
2024-01-17,10.74809855630277,10.9853339828203,10.655839890922472,10.767868041992188,1215861,0.0,0.0
2024-01-18,10.774458229469257,10.813998002265018,10.464733605286199,10.47132396697998,4525594,0.0,0.0
2024-01-19,10.517452175721246,10.774457893962683,10.108880130077115,10.741508483886719,4138787,0.0,0.0
2024-01-22,10.70855791813336,10.932613402996274,10.352704807190309,10.576760292053223,2025079,0.0,0.0
2024-01-23,10.589941642076111,10.84035700556149,10.497682971734088,10.570171356201172,1441817,0.0,0.0
2024-01-24,10.669019192143077,10.734918006679036,10.346114681267984,10.38565444946289,1578255,0.0,0.0
2024-01-25,10.34611476693469,10.71514861086503,10.306575797534615,10.58335018157959,1936961,0.0,0.0
2024-01-26,10.596530946726569,10.748098872760009,10.444963819815415,10.484502792358398,1761359,0.0,0.0
2024-01-29,10.484503615170292,10.537223314861368,10.313167787663696,10.365886688232422,1345051,0.0,0.0
2024-01-30,10.379064922401959,10.398835207648888,10.102289719290043,10.141829490661621,1758943,0.0,0.0
2024-01-31,10.016620511615105,10.675609449717111,9.930952213372173,10.17477798461914,3033805,0.0,0.0
2024-02-01,10.280216801633564,10.471323700816344,9.97049218532319,10.09570026397705,3193385,0.0,0.0
2024-02-02,10.141829268537071,10.286806029690753,9.878233195866635,10.220907211303711,3521701,0.0,0.0
2024-02-05,10.20772769105938,10.379065105107756,9.898003871702413,10.016621589660645,2136976,0.0,0.0
2024-02-06,9.990263515199315,10.286807439458972,9.9639028654607,10.194549560546875,1634585,0.0,0.0
2024-02-07,10.194550314222045,10.405426737374782,10.089112502206893,10.319758415222168,1143128,0.0,0.0
2024-02-08,10.32634514138897,10.405423878232753,9.85187351944848,9.950721740722656,3344446,0.0,0.0
2024-02-09,10.010031555983876,10.201137648386208,9.818924664459287,10.155008316040039,2480678,0.0,0.0
2024-02-14,10.122058413587302,10.122058413587302,9.891411781311035,9.891411781311035,1296478,0.0,0.0
2024-02-15,10.010031947738582,10.010031947738582,9.753026228267593,9.805745124816895,2249509,0.0,0.0
2024-02-16,9.858463748390282,10.141829307850815,9.733256472442905,10.12205982208252,3237889,0.0,0.0
2024-02-19,9.963901598099977,10.075930549408266,9.858463807290944,9.898003578186035,1676037,0.0,0.0
2024-02-20,9.884823954540696,10.3065767288208,9.785975722986512,10.3065767288208,1855200,0.0,0.0
2024-02-21,10.306576910564914,10.392245219598072,10.168188904475372,10.326346397399902,1591606,0.0,0.0
2024-02-22,10.398836006481325,10.748099618587933,10.332937181588669,10.721739768981934,2260953,0.0,0.0
2024-02-23,10.741508175172724,11.183030417325632,10.649250309084913,11.156670570373535,4409501,0.0,0.0
2024-02-26,11.097360854577909,11.235748037572712,10.991923076974457,11.03805160522461,1953872,0.0,0.0
2024-02-27,11.090773389162628,11.59160332699056,11.07100310289375,11.3477783203125,3246918,0.0,0.0
2024-02-28,11.27528815416205,11.308238362035587,10.84035627829403,10.91284465789795,2174487,0.0,0.0
2024-02-29,10.873305774052604,11.222569349786522,10.741508137992842,11.1237211227417,2304313,0.0,0.0
2024-03-01,11.17643997166962,11.519113983849145,11.071002182901577,11.492754936218262,2633900,0.0,0.0
2024-03-04,11.525704933032888,11.585013392569431,11.308238983154297,11.308238983154297,1915471,0.0,0.0
2024-03-05,11.308239561705733,11.677272659221225,11.295059636982536,11.400497436523438,2601603,0.0,0.0
2024-03-06,11.407086587262945,11.617962963076623,10.781047821044922,10.781047821044922,2929283,0.0,0.0
2024-03-07,10.873306151894313,10.932614610708788,10.418604771160856,10.484502792358398,2190000,0.0,0.0
2024-03-08,10.405425794127465,10.734919925709358,10.32634704272334,10.642662048339844,1970275,0.0,0.0
2024-03-11,10.570170786971083,10.912844802344633,10.530631815595092,10.899664878845215,1393498,0.0,0.0
2024-03-12,10.939204269949716,11.229159380391627,10.912844423865092,11.117131233215332,2196612,0.0,0.0
2024-03-13,11.110540302723265,11.229157997248958,10.873304114549743,11.044641494750977,2239464,0.0,0.0
2024-03-14,11.018284383599081,11.242339906780092,10.860126885605856,11.222570419311523,2474066,0.0,0.0
2024-03-15,11.367547600766292,11.743170220682252,10.6294806859955,11.16985034942627,7444196,0.0,0.0
2024-03-18,11.156671083110318,11.552064010829604,10.807407490116077,10.906255722045898,2980272,0.0,0.0
2024-03-19,11.031465318636625,11.090774585596693,10.6360723365626,10.97874641418457,4244580,0.0,0.0
2024-03-20,10.932614425080642,11.440036291874412,10.932614425080642,11.433445930480957,3739010,0.0,0.0
2024-03-21,11.466394091484062,11.472984452159881,11.163259875817623,11.202798843383789,2612665,0.0,0.0
2024-03-22,11.096900884070253,11.189651415052955,10.792150516640266,10.851775169372559,2820819,0.070899,0.0
2024-03-25,10.85177545581473,10.931275798272287,10.672899886130905,10.725900650024414,2022282,0.0,0.0
2024-03-26,10.719276264714827,10.865025959468328,10.5470253838692,10.626524925231934,2769448,0.0,0.0
2024-03-27,10.706024504248498,10.81864910579997,10.586773602916757,10.745774269104004,4020659,0.0,0.0
2024-03-28,10.73252537589789,10.898149939322844,10.69940030253637,10.798774719238281,1596311,0.0,0.0
2024-04-01,10.82527481351867,11.01077586215251,10.77889955136021,10.911399841308594,1561216,0.0,0.0
2024-04-02,10.851774816241104,10.878275196626,10.639774183309921,10.752400398254395,1441308,0.0,0.0
2024-04-03,10.759024776211604,10.759024776211604,10.202523231506348,10.202523231506348,3448841,0.0,0.0
2024-04-04,10.255522809537663,10.487398310725714,9.917647400588114,10.02364730834961,2807213,0.0,0.0
2024-04-05,10.010399660147627,10.070025125513366,9.818274678136664,9.997149467468262,2484620,0.0,0.0
2024-04-08,10.003774201648099,10.209149360656738,9.89114877754737,10.209149360656738,2508525,0.0,0.0
2024-04-09,10.301899430311323,10.401274658223818,10.162774432586916,10.2621488571167,1948532,0.0,0.0
2024-04-10,10.189273286988687,10.189273286988687,9.91102250793773,9.937522888183594,3058727,0.0,0.0
2024-04-11,9.930898222414106,10.142899675355261,9.82489829932625,10.123023986816406,2300117,0.0,0.0
2024-04-12,10.043524495639657,10.10977464874142,9.513522467442826,9.540022850036621,3669583,0.0,0.0
2024-04-15,9.566523322953078,9.566523322953078,9.15577220916748,9.15577220916748,4257550,0.0,0.0
2024-04-16,9.12927125157977,9.593022298474656,8.976896068276558,9.427397727966309,5259155,0.0,0.0
2024-04-17,9.526772219403538,9.632772138124983,9.010021209716797,9.010021209716797,4954108,0.0,0.0
2024-04-18,9.003396805889585,9.1557728122046,8.824522021750719,8.87089729309082,3261795,0.0,0.0
2024-04-19,8.904021272841193,9.135897621835621,8.817896230861983,8.996771812438965,3983021,0.0,0.0
2024-04-22,8.990145683288574,9.076271522600454,8.86427087797138,8.990145683288574,1514550,0.0,0.0
2024-04-23,8.9106466069888,9.096146879398473,8.778146297641499,8.937146186828613,1658363,0.0,0.0
2024-04-24,8.937145722976982,8.996771180441714,8.751646263577761,8.990145683288574,1845536,0.0,0.0
2024-04-25,8.923895163112668,8.957019430996045,8.75164511388264,8.811269760131836,2308382,0.0,0.0
2024-04-26,8.904019467116285,9.24189567565918,8.877519892164404,9.24189567565918,2242770,0.0,0.0
2024-04-29,9.195520941262943,9.526771672478967,9.142520984944909,9.434021949768066,2280281,0.0,0.0
2024-04-30,9.407521807139844,9.434022187658421,9.029895803354748,9.12264633178711,2744399,0.0,0.0
2024-05-02,9.314770634972733,9.473771300330496,9.122645701329928,9.14914608001709,2338391,0.0,0.0
2024-05-03,9.447272686845379,9.83152339663386,9.394272727457775,9.69902229309082,7269103,0.0,0.0
2024-05-06,9.712274554266846,9.904399532535109,9.612898512798912,9.758649826049805,3496905,0.0,0.0
2024-05-07,9.75864921501362,9.90439891237283,9.705649252030021,9.858023643493652,2136976,0.0,0.0
2024-05-08,9.818272554631463,9.818272554631463,9.440646563548308,9.679146766662598,3216654,0.0,0.0
2024-05-09,9.460522135392681,9.51352209512335,9.16239645810214,9.268396377563477,2856804,0.0,0.0
2024-05-10,9.309482701186418,9.529077998984324,9.076579282141166,9.249593734741211,2123498,0.048557,0.0
2024-05-13,9.249592751128764,9.40929745161018,9.12981402403171,9.1630859375,1025128,0.0,0.0
2024-05-14,9.196357972554852,9.30282777428345,9.0965422308303,9.10319709777832,1045473,0.0,0.0
2024-05-15,9.116506192429489,9.382681532151691,9.04996235749894,9.189704895019531,1407485,0.0,0.0
2024-05-16,9.342753530087908,9.362716516577985,9.163085844733256,9.282864570617676,1203781,0.0,0.0
2024-05-17,9.25624635157765,9.322790175211088,9.083231925964355,9.083231925964355,2056614,0.0,0.0
2024-05-20,9.023344397012417,9.415952534422619,8.96345543042987,9.362717628479004,2325167,0.0,0.0
2024-05-21,9.36937095565325,9.715398997812704,9.336099044040687,9.562348365783691,3454308,0.0,0.0
2024-05-22,9.449224566209587,9.46918836055196,8.916873931884766,8.916873931884766,3409677,0.0,0.0
2024-05-23,8.870293466040302,9.016690058074772,8.763823657439247,8.790441513061523,2106586,0.0,0.0
2024-05-24,8.823712823311217,8.916873697705025,8.657352447509766,8.657352447509766,1528410,0.0,0.0
2024-05-27,8.710587902558911,8.743859818448069,8.584155106346527,8.670661926269531,1818324,0.0,0.0
2024-05-28,8.870292411709015,8.883601337938241,8.550882216927219,8.58415412902832,1483651,0.0,0.0
2024-05-29,8.524265563266383,8.710588135846972,8.477685525329267,8.490994453430176,2712228,0.0,0.0
2024-05-31,8.490992593106453,8.637388349309918,8.41113904199642,8.604116439819336,2858584,0.0,0.0
2024-06-03,8.644043841844363,8.976762991923914,8.63073572139638,8.770478248596191,3110098,0.0,0.0
2024-06-04,8.78378702993099,8.876948721740295,8.657353420610372,8.743860244750977,1767462,0.0,0.0
2024-06-05,8.730551041965983,8.883602503263036,8.664007209034754,8.750514030456543,2842944,0.0,0.0
2024-06-06,8.837022137509502,9.103198290596781,8.837022137509502,9.029998779296875,2282951,0.0,0.0
2024-06-07,8.830367264800692,9.143123429154068,8.817058337328293,8.970108985900879,2778731,0.0,0.0
2024-06-10,8.923528521408238,9.116505960576617,8.803749782968298,8.843676567077637,3199234,0.0,0.0
2024-06-11,8.84367629057079,8.970109085603882,8.803749507709805,8.823713302612305,1750042,0.0,0.0
2024-06-12,8.983417914180759,9.156432357449498,8.530920028686523,8.530920028686523,3123831,0.0,0.0
2024-06-13,8.604117944740587,8.703933690670812,8.49764813852595,8.617426872253418,2009312,0.0,0.0
2024-06-14,8.564191117292339,8.936836208921713,8.537573264914272,8.850329399108887,2166222,0.0,0.0
2024-06-17,8.843676502415269,8.870293551349507,8.63739013671875,8.63739013671875,1235189,0.0,0.0
2024-06-18,8.604117921554806,8.783786425133853,8.557537078857422,8.557537078857422,1196661,0.0,0.0
2024-06-19,8.584154959018111,8.664006910226385,8.437758370229595,8.644043922424316,1320256,0.0,0.0
2024-06-20,8.830366853255489,8.903564740526244,8.570845603942871,8.570845603942871,1380401,0.0,0.0
2024-06-21,8.58415412902832,8.703932851203502,8.484338392725014,8.58415412902832,2838494,0.0,0.0
2024-06-24,8.550883378051967,8.856984688170044,8.550883378051967,8.843676567077637,2059539,0.0,0.0
2024-06-25,8.843674547380031,8.970107317491758,8.790439654335943,8.903563499450684,1569862,0.0,0.0
2024-06-26,8.810405146563925,8.830368136270671,8.650699615021779,8.677316665649414,1467884,0.0,0.0
2024-06-27,8.737205526644237,8.830367211444111,8.617426794004398,8.770478248596191,2118793,0.0,0.0
2024-06-28,8.750512887321843,8.82371238509414,8.550882221551207,8.610771179199219,1888387,0.0,0.0
2024-07-01,8.590808892339107,8.770478200734383,8.490993954803946,8.6506986618042,1763266,0.0,0.0
2024-07-02,8.70393301264357,8.743858985127867,8.58415428824674,8.664006233215332,2196231,0.0,0.0
2024-07-03,8.697278697005942,8.843676090574833,8.6506986618042,8.6506986618042,1907206,0.0,0.0
2024-07-04,8.817059040634874,9.169741208593692,8.817059040634874,9.096543312072754,3193004,0.0,0.0
2024-07-05,9.116506835548803,9.149778755361229,8.870294467548028,9.076580047607422,1737453,0.0,0.0
2024-07-08,9.023344571486122,9.069925417691481,8.883602839814106,8.976763725280762,1533877,0.0,0.0
2024-07-09,8.93018361601276,9.229630873200238,8.856984913422718,9.189704895019531,2266802,0.0,0.0
2024-07-10,9.249593794715597,9.522424000104069,9.249593794715597,9.482497215270996,4450318,0.0,0.0
2024-07-11,9.569004097730568,9.8351794371513,9.569004097730568,9.715400695800781,2800856,0.0,0.0
2024-07-12,9.675472621975588,9.688781548562725,9.489150877531477,9.522422790527344,1908351,0.0,0.0
2024-07-15,9.781943771265356,9.88841438293457,9.695436147114119,9.88841438293457,2506745,0.0,0.0
2024-07-16,9.895068445582533,10.174552691735615,9.855142470536663,9.915031433105469,3084794,0.0,0.0
2024-07-17,9.815215785515932,10.04811919178713,9.682128124789532,9.768635749816895,3409677,0.0,0.0
2024-07-18,9.648855704912545,9.781943358677628,9.475842077795521,9.515768051147461,2752791,0.0,0.0
2024-07-19,9.46253477586251,9.662166290789296,9.41595312071334,9.469189643859863,3017656,0.0,0.0
2024-07-22,9.475843763433659,9.848488937487385,9.475843763433659,9.815217018127441,1256933,0.0,0.0
2024-07-23,9.715401199038599,9.768636915235492,9.495806694030762,9.495806694030762,1867025,0.0,0.0
2024-07-24,9.495804911808914,9.522422764911585,9.109850883483887,9.109850883483887,2840147,0.0,0.0
2024-07-25,9.069925009347768,9.289519495064724,8.963455200195312,8.963455200195312,2189110,0.0,0.0
2024-07-26,8.950146675266316,9.096543274649992,8.950146675266316,8.976763725280762,1186361,0.0,0.0
2024-07-29,8.990073059399371,9.063270958921924,8.903566230797052,8.936838150024414,1007453,0.0,0.0
2024-07-30,8.936836144470675,8.950145070563726,8.630734879050094,8.703932762145996,2893171,0.0,0.0
2024-07-31,8.71724240660595,8.817058966297408,8.657353439123948,8.777132987976074,3466388,0.0,0.0
2024-08-01,8.876947877341708,8.923527911871483,8.604117695534818,8.68397045135498,2479406,0.0,0.0
2024-08-02,8.8836026476701,9.482497153786463,8.703934134446381,9.249593734741211,7282836,0.0,0.0
2024-08-05,8.777133134190203,8.990072764709993,8.60411867571278,8.856985092163086,3510130,0.0,0.0
2024-08-06,8.890255843910241,8.970108598350626,8.544228586241854,8.657352447509766,5125769,0.0,0.0
2024-08-07,8.783787528103675,9.149778641485325,8.770479405899628,9.1431245803833,3602699,0.0,0.0
2024-08-08,9.129813869838914,9.21632068200667,9.016689204568488,9.109850883483887,1464196,0.0,0.0
2024-08-09,9.214757510587505,9.529734811160203,9.214757510587505,9.502928733825684,1732876,0.075922,0.0
2024-08-12,9.516332241177075,9.56324389666945,9.415807613411207,9.47612190246582,1404687,0.0,0.0
2024-08-13,9.415806386759634,9.543137890411462,9.261668806800666,9.281773567199707,2798313,0.0,0.0
2024-08-14,9.288475517878597,9.435911792005202,9.16114481819978,9.362194061279297,1799124,0.0,0.0
2024-08-15,9.368895431495096,9.690574059736281,9.254968176568385,9.57664680480957,1812475,0.0,0.0
2024-08-16,9.603452984791979,9.683872845872527,9.328686006497815,9.368895530700684,3530474,0.0,0.0
2024-08-19,9.509630338529128,9.85141372680664,9.34879061894277,9.85141372680664,2977348,0.0,0.0
2024-08-20,9.918429317458354,10.032357374980679,9.791097815637862,9.945236206054688,2970354,0.0,0.0
2024-08-21,9.958639733014426,10.04576008998883,9.717380171669037,9.7374849319458,1483651,0.0,0.0
2024-08-22,9.68387202587949,9.730783675260412,9.281773567199707,9.281773567199707,1764792,0.0,0.0
2024-08-23,9.281774654600138,9.938535384851221,9.281774654600138,9.925132751464844,3436888,0.0,0.0
2024-08-26,9.945237819881628,9.998850793099415,9.636961801698346,9.938535690307617,2693155,0.0,0.0
2024-08-27,9.965341215644122,10.08597059199809,9.831308394656435,9.985445976257324,1968877,0.0,0.0
2024-08-28,9.931832761756521,9.945236206054688,9.804501259936028,9.945236206054688,1390955,0.0,0.0
2024-08-29,9.898324524822415,9.898324524822415,9.462717056274414,9.462717056274414,1828624,0.0,0.0
2024-08-30,9.40910444246398,9.469419537517176,9.201353893146974,9.442612648010254,2685271,0.0,0.0
2024-09-02,9.321983094936614,9.368894744352456,9.18795108795166,9.18795108795166,1908351,0.0,0.0
2024-09-03,9.248265677775551,9.41580670794042,9.147740247001861,9.201354026794434,1828751,0.0,0.0
2024-09-04,9.254968457106644,9.569944965816072,9.254968457106644,9.435912132263184,1272191,0.0,0.0
2024-09-05,9.40910444246398,9.482822169595881,9.321983270578615,9.442612648010254,1321019,0.0,0.0
2024-09-06,9.462717328883842,9.502928475479372,9.16784642284662,9.22145938873291,2253069,0.0,0.0
2024-09-09,9.288476008502027,9.348791109681684,9.16784743149239,9.194653511047363,1248032,0.0,0.0
2024-09-10,9.248265796134922,9.268370557477054,9.067321318706181,9.147740364074707,1690660,0.0,0.0
2024-09-11,9.167846985741857,9.301879002349619,9.074022867499345,9.181249618530273,1213191,0.0,0.0
2024-09-12,9.174547389025697,9.308580204968445,9.14773968809254,9.24156379699707,1835363,0.0,0.0
2024-09-13,9.348789660105437,9.951937327681613,9.348789660105437,9.878219604492188,4044310,0.0,0.0
2024-09-16,9.91172816161122,9.91172816161122,9.703976803323574,9.858115196228027,1101040,0.0,0.0
2024-09-17,9.80450185205116,9.99884977442485,9.710678548972528,9.965341567993164,1394515,0.0,0.0
2024-09-18,9.96534141468511,10.266915267930836,9.864816796936536,9.958640098571777,1944081,0.0,0.0
2024-09-19,10.052462484189254,10.152987913579157,9.68387222290039,9.68387222290039,1947387,0.0,0.0
2024-09-20,9.62355729480295,9.67046894595238,9.007006139049176,9.02040958404541,5361769,0.0,0.0
2024-09-23,8.879675110125465,8.92658675951487,8.718835401554575,8.852869033813477,2027623,0.0,0.0
2024-09-24,9.00700726558027,9.167847812977062,8.872975236878501,8.933289527893066,2254595,0.0,0.0
2024-09-25,8.973500048246455,9.342089556764686,8.946693154362453,9.000306129455566,2496191,0.0,0.0
2024-09-26,9.134337588304021,9.234862206112139,9.000304764559866,9.047216415405273,1607246,0.0,0.0
2024-09-27,9.047216768953438,9.275072903292598,9.000305116274813,9.027112007141113,2303932,0.0,0.0
2024-09-30,9.027112252625633,9.087426539702808,8.906482865796466,9.06732177734375,1530826,0.0,0.0
2024-10-01,9.187953119671002,9.476122770452212,9.120935882346986,9.288476943969727,3398233,0.0,0.0
2024-10-02,9.38229935580733,9.891624621467997,9.38229935580733,9.657066345214844,3031516,0.0,0.0
2024-10-03,9.415807293133597,9.536437492489293,9.275073144118375,9.308581352233887,1486067,0.0,0.0
2024-10-04,9.234863400348482,9.375597558409433,9.15444434584215,9.328686714172363,1278930,0.0,0.0
2024-10-07,9.4828228966898,9.556542254823636,9.208056727887351,9.308581352233887,1508573,0.0,0.0
2024-10-08,9.442613813525721,9.583348781796053,9.442613813525721,9.569945335388184,1849986,0.0,0.0
2024-10-09,9.516331352661732,9.603452526056236,9.154443214098077,9.355491638183594,2019357,0.0,0.0
2024-10-10,9.402402470404999,9.44931411743164,9.2415635826097,9.44931411743164,1600634,0.0,0.0
2024-10-11,9.308580291713541,9.489524757457385,9.261668643161475,9.462717056274414,1285924,0.0,0.0
2024-10-14,9.549840327945887,9.636961508357253,9.281774657341787,9.529735565185547,3374709,0.0,0.0
2024-10-15,9.677170263784653,9.79779882061706,9.476120231039866,9.6034517288208,2420025,0.0,0.0
2024-10-16,9.529734006531651,9.864816039981791,9.482821546638988,9.6034517288208,3857392,0.0,0.0
2024-10-17,9.482822524381103,9.563243195910685,9.301878857801292,9.422508239746094,1216243,0.0,0.0
2024-10-18,9.449316262904546,9.56994565930867,9.295178655684003,9.33538818359375,2179828,0.0,0.0
2024-10-21,9.348791213894406,9.489526180657458,9.31528300457104,9.382299423217773,836556,0.0,0.0
2024-10-22,9.335386786122964,9.348790230978064,8.95339307746379,8.98690128326416,2110401,0.0,0.0
2024-10-23,8.87967538572508,9.080724621341313,8.859570624698408,9.047216415405273,1224508,0.0,0.0
2024-10-24,9.053917277840766,9.181248779087179,8.94669134928832,9.12763500213623,2033599,0.0,0.0
2024-10-25,9.127635721273004,9.268370677845205,8.96009549946288,8.993603706359863,1101294,0.0,0.0
2024-10-28,9.0874270485339,9.248266781761883,9.047217521564338,9.053918838500977,2647760,0.0,0.0
2024-10-29,9.114234185401006,9.301880004069215,8.99360478859108,9.094128608703613,2274304,0.0,0.0
2024-10-30,9.181250247000508,9.590050891900212,9.154444166913958,9.261670112609863,4598963,0.0,0.0
2024-10-31,9.275072885146464,9.549839858951888,9.275072885146464,9.362194061279297,3032915,0.0,0.0
2024-11-01,9.998849928041656,10.407649727718889,9.965341721095168,9.97204303741455,13913746,0.0,0.0
2024-11-04,10.206600876845984,10.360737647219155,9.89162358203298,10.354036331176758,6810834,0.0,0.0
2024-11-05,10.35403708374392,10.541683698666903,10.152988648436812,10.380843162536621,4279548,0.0,0.0
2024-11-06,10.304386439773586,10.637243052981729,10.056514621674692,10.438945770263672,4591461,0.654349,0.0
2024-11-07,10.353960192667676,10.55225833565267,10.091924955790201,10.162745475769043,3887273,0.0,0.0
2024-11-08,10.127336285939188,10.176910826923997,9.907792135522286,10.077762603759766,3671744,0.0,0.0
2024-11-11,10.056514079090748,10.35395955771697,10.035268096161053,10.127334594726562,5089783,0.0,0.0
2024-11-12,10.134418818869886,10.3114692781075,9.985695196430536,10.035269737243652,3746130,0.0,0.0
2024-11-13,10.035268096161053,10.198155110362375,9.978610996608207,10.127334594726562,3860316,0.0,0.0
2024-11-14,10.120253479666227,10.325632471760814,10.056514668337217,10.183991432189941,7140422,0.0,0.0
2024-11-18,10.191074089183424,10.26897631811121,9.93611970042782,9.971529960632324,4274462,0.0,0.0
2024-11-19,10.014022862177692,10.226485302001224,9.858218389808686,10.05651569366455,2025588,0.0,0.0
2024-11-21,9.999857756044284,10.035268875417168,9.702412254320901,9.822807312011719,3546623,0.0,0.0
2024-11-22,9.936119976203317,10.021103916008599,9.780315514023416,9.978611946105957,2601349,0.0,0.0
2024-11-25,10.056514409082155,10.141499202394844,9.914873373162761,9.943201065063477,2501659,0.0,0.0
2024-11-26,10.02110445885339,10.332715117703842,9.936120514444514,10.205238342285156,3886129,0.0,0.0
2024-11-27,10.2123198615748,10.283140380513832,9.836971282958984,9.836971282958984,5760148,0.0,0.0
2024-11-28,9.744903353943647,9.759066768614426,9.100436210632324,9.100436210632324,6537704,0.0,0.0
2024-11-29,9.142929886127478,9.21375040797755,8.753417015952081,8.965879440307617,5794861,0.0,0.0
2024-12-02,8.965879556787726,8.980042974297488,8.66843318939209,8.66843318939209,4029942,0.0,0.0
2024-12-03,8.718007568748988,8.85256691634576,8.370987494576644,8.44888973236084,4795164,0.0,0.0
2024-12-04,8.470134485186929,8.60469295437548,8.42055995072577,8.44180679321289,3205338,0.0,0.0
2024-12-05,8.61177661245327,8.802991329550354,8.583447202104916,8.703843116760254,3277308,0.0,0.0
2024-12-06,8.654269145586419,8.739253946954888,8.321412507863041,8.569283485412598,3366317,0.0,0.0
2024-12-09,8.625939389524792,8.661349646924139,8.406396137170942,8.45596981048584,1963409,0.0,0.0
2024-12-10,8.611777246805536,8.739254020528762,8.555120139546004,8.654269218444824,2274304,0.0,0.0
2024-12-11,8.64010447782769,9.065027606632068,8.498463434892896,8.859647750854492,4078261,0.0,0.0
2024-12-12,8.73217085522214,8.73217085522214,8.2080986605685,8.23642635345459,3811488,0.0,0.0
2024-12-13,8.250591103451535,8.328494195677207,8.031047821044922,8.031047821044922,4102420,0.0,0.0
2024-12-16,8.038129995977421,8.123113934171998,7.9389809230100035,7.967309474945068,2906013,0.0,0.0
2024-12-17,8.002718890917114,8.229343847260179,7.917734102885856,8.108949661254883,3494871,0.0,0.0
2024-12-18,8.023965748413396,8.151442514961817,7.882323847041991,7.94606351852417,5292088,0.0,0.0
2024-12-19,7.924818204926742,8.179770900806147,7.846915109635834,8.14436149597168,2907666,0.0,0.0
2024-12-20,8.17976980659583,8.420559910658422,8.158523823015077,8.250590324401855,3910161,0.0,0.0
2024-12-23,8.222262570771882,8.271837104624598,7.917734518255575,7.924817085266113,3050335,0.0,0.0
2024-12-26,7.910652606463998,8.023965087663802,7.761929008733358,7.783174991607666,3676322,0.0,0.0
2024-12-27,7.889407102896666,7.903572238955724,7.72652006149292,7.72652006149292,2622202,0.0,0.0
2024-12-30,7.71943776121895,7.797339991941363,7.648617239178458,7.669863224029541,3135784,0.0,0.0
2025-01-02,7.655698603993648,7.705273138956345,7.351170544658912,7.641534328460693,5576026,0.0,0.0
2025-01-03,7.591961514164185,7.719438290821728,7.464483878701262,7.499894142150879,8640858,0.0,0.0
2025-01-06,7.641533816233967,7.797339119041965,7.570714160926942,7.747764587402344,3382338,0.0,0.0
2025-01-07,7.811504364013672,7.938981133490547,7.7336012735295085,7.811504364013672,2825905,0.0,0.0
2025-01-08,7.754848238265625,7.783175932587752,7.478647851091477,7.5140581130981445,3695395,0.0,0.0
2025-01-09,7.542385297716745,7.769011131005442,7.4786473456952685,7.684027194976807,2853498,0.0,0.0
2025-01-10,7.726519897465299,7.726519897465299,7.542386014687362,7.570715427398682,1615384,0.0,0.0
2025-01-13,7.577796553264462,7.599042537656091,7.4574014966381625,7.506975173950195,1842484,0.0,0.0
2025-01-14,7.528220724177595,7.712354582164797,7.485728757844916,7.698191165924072,2080646,0.0,0.0
2025-01-15,7.7548470768712745,8.12311305954348,7.747764510247444,8.045210838317871,2175886,0.0,0.0
2025-01-16,8.080622585999107,8.087704295124384,7.868161006576252,7.938981533050537,2213015,0.0,0.0
2025-01-17,7.96730944689213,8.052294243592785,7.861077806912332,7.988555431365967,2452195,0.0,0.0
2025-01-20,8.016883465994287,8.193933897724106,7.910652691673245,8.094785690307617,1941538,0.0,0.0
2025-01-21,8.09478738251198,8.137279357601185,7.96731059843893,7.981474876403809,2665944,0.0,0.0
2025-01-22,8.01688342831742,8.208098134152447,7.90357094642961,8.201016426086426,2864815,0.0,0.0
2025-01-23,8.243510122069464,8.271838677889049,8.002720832824707,8.002720832824707,1806118,0.0,0.0
2025-01-24,8.009800530431853,8.243508051420509,7.981472840533199,8.087702751159668,1553459,0.0,0.0
2025-01-27,8.03812988953621,8.633022601852511,8.03812988953621,8.555119514465332,3430403,0.0,0.0
2025-01-28,8.533873033420397,8.668433229635822,8.399314554815641,8.49846363067627,2295285,0.0,0.0
2025-01-29,8.51970961584488,8.597611847731564,8.434724816365105,8.49846363067627,1660524,0.0,0.0
2025-01-30,8.512626582691002,9.029617060082892,8.512626582691002,9.001289367675781,4173373,0.0,0.0
2025-01-31,9.01545241165589,9.135847461121887,8.88797565408229,8.994206428527832,4061095,0.0,0.0
2025-02-03,8.909222005638133,9.157093822928106,8.817155502405772,9.001289367675781,2203733,0.0,0.0
2025-02-04,8.987125926198555,9.11460270087537,8.923386250652099,9.086274147033691,2271380,0.0,0.0
2025-02-05,9.079192515836214,9.12168448815776,8.852566659575425,8.895058631896973,1926915,0.0,0.0
2025-02-06,8.86672909787259,9.121683480040753,8.824237130247202,9.065027236938477,1536929,0.0,0.0
2025-02-07,9.057946159762308,9.15001266856938,8.845483730415102,8.951714515686035,1758053,0.0,0.0
2025-02-10,8.958795600264448,9.220831690768417,8.958795600264448,9.065027236938477,2244041,0.0,0.0
2025-02-11,9.065028022387665,9.447459199373435,9.036700327784683,9.256242752075195,2239464,0.0,0.0
2025-02-12,9.107520074034497,9.27748881956779,9.001290144829541,9.128766059875488,2807849,0.0,0.0
2025-02-13,9.107520022523973,9.277488767095953,9.050863774333314,9.234996795654297,2315121,0.0,0.0
2025-02-14,9.319981780340465,9.51827820522628,9.305816645813243,9.454540252685547,2767922,0.0,0.0
2025-02-17,9.51827963160922,9.78031662471979,9.51827963160922,9.659920692443848,2492885,0.0,0.0
2025-02-18,9.695329300325357,9.723656989857425,9.52535972791215,9.603261947631836,3207754,0.0,0.0
2025-02-19,9.482869446717022,9.638673913800126,9.404966354370117,9.404966354370117,2764489,0.0,0.0
2025-02-20,9.426212810810439,9.610345840454102,9.319982877404785,9.610345840454102,2792209,0.0,0.0
2025-02-21,9.574934347173517,9.751986503601074,9.489950411359054,9.751986503601074,3115057,0.0,0.0
2025-02-24,9.744904944957858,9.801561189306504,9.341227808415145,9.348309516906738,2530396,0.0,0.0
2025-02-25,9.39080298812616,9.440376668576793,9.242079370358187,9.298735618591309,1794546,0.0,0.0
2025-02-26,9.369555978232295,9.3978845312516,8.930468559265137,8.930468559265137,3274765,0.0,0.0
2025-02-27,8.93046860376915,9.07919221965363,8.887976632833782,9.036700248718262,3651145,0.0,0.0
2025-02-28,8.923385172740032,9.121683308067356,8.640103962569421,8.675514221191406,8976930,0.0,0.0
2025-03-05,8.68259691326923,8.774663424357927,8.540955862731122,8.654269218444824,2843707,0.0,0.0
2025-03-06,8.654268349955341,9.093355734320422,8.640104074561899,8.958795547485352,3827637,0.0,0.0
2025-03-07,8.852566769851808,9.31998276523829,8.824238215414306,9.220832824707031,4421072,0.0,0.0
2025-03-10,9.17125762023556,9.532441905928092,9.121683087601914,9.37663745880127,3375472,0.0,0.0
2025-03-11,9.383719220069121,9.454539736003188,9.19250365528609,9.334145545959473,3209407,0.0,0.0
2025-03-12,9.284571539695655,9.49703311920166,9.284571539695655,9.49703311920166,2470251,0.0,0.0
2025-03-13,9.511196552871503,9.511196552871503,9.1783399360666,9.41204833984375,2355048,0.0,0.0
2025-03-14,9.844052831840251,11.118822152089386,9.82280684826382,11.076330184936523,13705719,0.0,0.0
2025-03-17,11.04800222474698,11.288792341629373,10.870950920805607,11.132987022399902,3492964,0.0,0.0
2025-03-18,11.097576266908947,11.217971319983228,10.686816573031367,10.778883934020996,2336738,0.0,0.0
2025-03-19,10.750558053831332,11.048003594280555,10.70806436152929,10.906362533569336,2187076,0.0,0.0
2025-03-20,10.870950011422913,11.040918733705123,10.743473255009944,10.963016510009766,2255358,0.0,0.0
2025-03-21,10.904349515966786,11.054409006001919,10.718560626872796,10.968660354614258,2560659,0.108448,0.0
2025-03-24,11.004389383324764,11.004389383324764,10.825747579121886,10.840038299560547,1471444,0.0,0.0
2025-03-25,10.882912471032702,11.268780098990446,10.832892352633266,10.91864013671875,1535912,0.0,0.0
2025-03-26,10.932932532631865,11.204470090761259,10.918640945384357,11.075846672058105,1422616,0.0,0.0
2025-03-27,11.140155867218674,11.19017684844889,10.98295103032047,11.104427337646484,1015464,0.0,0.0
2025-03-28,10.968661227500645,11.075846833633962,10.854330260901545,11.004389762878418,1092775,0.0,0.0
2025-03-31,10.882912458670356,11.05440889317087,10.804308301457791,10.868620872497559,1174154,0.0,0.0
2025-04-01,10.882913182502394,11.032972680986475,10.84718464795624,11.025826454162598,2182625,0.0,0.0
2025-04-02,10.982951649599364,11.111574190006834,10.775725819786418,10.854329109191895,2221408,0.0,0.0
2025-04-03,10.73999770021529,11.283071921082463,10.73285234023356,11.154448509216309,2398790,0.0,0.0
2025-04-04,10.932932216964915,10.947223803799782,10.632812359530297,10.790018081665039,2083571,0.0,0.0
2025-04-07,10.439878232193772,10.854329922889127,10.2826733746466,10.582793235778809,2723672,0.0,0.0
2025-04-08,10.661396107771964,10.739998539813238,10.389858542848778,10.625667572021484,2435411,0.0,0.0
2025-04-09,10.55420937999727,10.982951763484124,10.346983548035551,10.954368591308594,3722225,0.0,0.0
2025-04-10,10.932933017400586,11.061555575282473,10.661396313755613,10.861475944519043,2923688,0.0,0.0
2025-04-11,10.990098015097477,11.133012154523719,10.48275316674409,11.075846672058105,3500720,0.0,0.0
2025-04-14,11.18303281718502,11.275926831799485,10.361275672912598,10.361275672912598,4563995,0.0,0.0
2025-04-15,10.368420935277271,10.504189709104041,10.218361441278745,10.31125545501709,3140743,0.0,0.0
2025-04-16,10.218362144518393,10.547065195053845,10.13261435148905,10.418441772460938,2090437,0.0,0.0
2025-04-17,10.418441260620945,10.475607608531286,10.282673350644897,10.461315155029297,2485764,0.0,0.0
2025-04-22,10.404149099237692,10.639958105037987,10.318401315155063,10.57564640045166,2232597,0.0,0.0
2025-04-23,10.647103224717908,10.72570564719551,10.282672551013635,10.339838027954102,2081409,0.0,0.0
2025-04-24,10.368421686522295,10.682833150520588,10.368421686522295,10.675687789916992,2244804,0.0,0.0
2025-04-25,10.632812569233336,10.647104156350064,10.02542748222986,10.082592964172363,3324355,0.0,0.0
2025-04-28,10.06115584069558,10.25409009708416,10.018281946620071,10.0683012008667,2591939,0.0,0.0
2025-04-29,10.139759318524247,10.154050905649271,9.653850555419922,9.653850555419922,2747705,0.0,0.0
2025-04-30,9.65385017118746,9.789618943684838,9.475208372070224,9.48949909210205,2206276,0.0,0.0
2025-05-02,9.475208592162737,9.53951943337292,9.232254214636985,9.296565055847168,2296557,0.0,0.0
2025-05-05,9.360876130794495,9.360876130794495,9.096485666121362,9.139360427856445,1618817,0.0,0.0
2025-05-06,9.16079732905487,9.410897071740434,9.13936038155813,9.360876083374023,3063432,0.0,0.0
2025-05-07,9.360874336587854,9.468060787118837,9.303708865089114,9.325146675109863,2347165,0.0,0.0
2025-05-08,9.53951962304179,9.83963948756295,9.4466256062083,9.825347900390625,2609741,0.0,0.0
2025-05-09,9.83249282836914,10.039717782158034,9.65384931210047,9.83249282836914,2258537,0.0,0.0
2025-05-12,10.025427109624294,10.025427109624294,9.553810817971241,9.575247764587402,1664212,0.0,0.0
2025-05-13,9.58239375491438,9.84678509130278,9.568103033913198,9.718162536621094,1090359,0.0,0.0
2025-05-14,9.725307598639302,9.732452958920593,9.453770910084128,9.518082618713379,1571770,0.0,0.0
2025-05-15,9.53237341207804,9.868221781297727,9.52522718586738,9.789618492126465,1468138,0.0,0.0
2025-05-16,9.861075584992383,10.218360900878906,9.50379026910586,10.218360900878906,4209358,0.0,0.0
2025-05-19,10.225508526566212,10.232653887252114,9.639559488490587,9.660996437072754,3444517,0.0,0.0
2025-05-20,9.660996448602642,9.775329151909206,9.532374756956136,9.746745109558105,2357846,0.0,0.0
2025-05-21,9.718160807403805,9.718160807403805,9.475207328796387,9.475207328796387,2488816,0.0,0.0
2025-05-22,9.50379128790317,9.646705429578038,9.360876279703868,9.4966459274292,1788697,0.0,0.0
2025-05-23,9.411999493936282,9.592030958610014,9.152756664855,9.484012603759766,1694221,0.080576,0.0
2025-05-26,9.42640289819865,9.556025633381665,9.42640289819865,9.462409019470215,599157,0.0,0.0
2025-05-27,9.556024302442852,9.800865369034623,9.534420807340137,9.707249641418457,1265325,0.0,0.0
2025-05-28,9.671243613820446,9.736054099722724,9.491213904143045,9.728853225708008,1148596,0.0,0.0
2025-05-29,9.656842092861378,9.6784455906237,9.476812362670898,9.476812362670898,1310338,0.0,0.0
2025-05-30,9.484012492122687,9.599231719970703,9.411999383146876,9.599231719970703,1712022,0.0,0.0
2025-06-02,9.728853536496409,9.728853536496409,9.426401972854125,9.520018577575684,1331954,0.0,0.0
2025-06-03,9.570426846739396,9.894481890447528,9.448005004541741,9.88007926940918,1518237,0.0,0.0
2025-06-04,9.937688864211937,10.132121191516656,9.880079253408443,10.016901969909668,2006515,0.0,0.0
2025-06-05,10.081713843384438,10.362561911140654,9.90888500213623,9.90888500213623,1907461,0.0,0.0
2025-06-06,9.908885829395468,10.024105066513535,9.721653477507717,9.772061347961426,1730587,0.0,0.0
2025-06-09,9.757659912109375,9.844074779355728,9.599232801033851,9.757659912109375,1009869,0.0,0.0
2025-06-10,9.707250098958784,9.9448911760594,9.700049224670675,9.851275444030762,948072,0.0,0.0
2025-06-11,9.865678277853132,9.930489646602082,9.685647668280204,9.757659912109375,1163346,0.0,0.0
2025-06-12,9.70005004006911,9.822470152797617,9.635238673001426,9.714451789855957,821679,0.0,0.0
2025-06-13,9.649640047523487,9.671243542665302,9.469608592657426,9.570426940917969,1340219,0.0,0.0
2025-06-16,9.64243935239145,9.736054208656633,9.55602449696493,9.61363410949707,1093792,0.0,0.0
2025-06-17,9.606432796375605,9.757658131518358,9.51281707113216,9.52721881866455,1334625,0.0,0.0
2025-06-18,9.548823481191738,9.649640083312988,9.476811248280868,9.649640083312988,1097861,0.0,0.0
2025-06-20,9.599230981308041,9.613633601994918,9.390395164489746,9.390395164489746,2213524,0.0,0.0
2025-06-23,9.354389087434427,9.498414421632217,9.275175983219391,9.469608306884766,1111721,0.0,0.0
2025-06-24,9.419201217048878,9.714451036902323,9.419201217048878,9.620835304260254,1192210,0.0,0.0
2025-06-25,9.527218084160355,9.577626816407188,9.448004112556328,9.491212844848633,829817,0.0,0.0
2025-06-26,9.563225833856396,9.779262546249116,9.484012721948398,9.584829330444336,1885081,0.0,0.0
2025-06-27,9.620835017657779,9.69284725189209,9.49121404394397,9.69284725189209,1210394,0.0,0.0
2025-06-30,9.685646440599117,10.060110235697884,9.628036827489296,10.024104118347168,1555367,0.0,0.0
2025-07-01,10.045707758468954,10.160926986344359,9.66404308371795,9.98809814453125,1954635,0.0,0.0
2025-07-02,9.872878829264506,10.074512039633357,9.793664846701779,9.9664945602417,982276,0.0,0.0
2025-07-03,10.016902659862112,10.103317518647804,9.84407381554738,9.952092170715332,778700,0.0,0.0
2025-07-04,9.937688040779824,10.124919478691421,9.836871448541471,10.096115112304688,728220,0.0,0.0
2025-07-07,10.045707527899587,10.14652413166246,9.772060339777132,9.829669952392578,1058951,0.0,0.0
2025-07-08,9.908884331456868,9.916085205216916,9.75765812318666,9.836872100830078,614797,0.0,0.0
2025-07-09,9.808067784184402,9.85847740277291,9.45520831337551,9.757659912109375,1750042,0.0,0.0
2025-07-10,9.541621609477312,9.70724956836039,9.383194524488744,9.548823356628418,1611315,0.0,0.0
2025-07-11,9.498414619597064,9.628036462494403,9.440804135414606,9.548823356628418,862369,0.0,0.0
2025-07-14,9.462407948079981,9.584828921193417,9.404798335219724,9.556024551391602,738646,0.0,0.0
2025-07-15,9.620836299531256,9.772061662269817,9.548824928958824,9.757659912109375,695922,0.0,0.0
2025-07-16,9.757659912109375,9.772061662269817,9.58483017761667,9.757659912109375,724914,0.0,0.0
2025-07-17,9.750457910836511,9.82967102769104,9.664043919088558,9.714451789855957,838209,0.0,0.0
2025-07-18,9.649640548724648,9.685646666916693,9.41920121764423,9.42640209197998,2265658,0.0,0.0
2025-07-21,9.397597143154629,9.505615491084491,9.267975300290113,9.375992774963379,1561470,0.0,0.0
2025-07-22,9.47681257763381,9.70005018166935,9.390396838110934,9.404799461364746,1168687,0.0,0.0
2025-07-23,9.469608822216278,9.714450768443152,9.390395713690504,9.556024551391602,1298512,0.0,0.0
2025-07-24,9.52001805883693,9.599231164239452,9.433602333068848,9.433602333068848,1431771,0.0,0.0
2025-07-25,9.40479859512164,9.678444918712554,9.40479859512164,9.620835304260254,946546,0.0,0.0
2025-07-28,9.620835951670966,9.721653438689245,9.39039660509826,9.419201850891113,1324706,0.0,0.0
2025-07-29,9.491213436114482,9.599230907291746,9.404797712659535,9.563224792480469,1173518,0.0,0.0
2025-07-30,9.570426871403253,9.930488032006865,9.520018134267428,9.764859199523926,1373789,0.0,0.0
2025-07-31,9.664042887231329,10.08171367135851,9.62803677009525,9.887280464172363,1948913,0.0,0.0
2025-08-01,9.930488140443956,10.434572897536826,9.930488140443956,10.175329208374023,2642801,0.0,0.0
2025-08-04,10.05290857904864,10.340957520455364,10.05290857904864,10.240140914916992,1803702,0.0,0.0
2025-08-05,10.25454303351605,10.2833474022895,9.973694980121195,10.016901969909668,1247523,0.0,0.0
2025-08-06,10.088914870054813,10.290549831108972,10.02410438107882,10.283348083496094,741952,0.0,0.0
2025-08-07,10.283347661316583,10.665013198173767,10.225738049061961,10.585799217224121,1968622,0.0,0.0
2025-08-08,10.981866474801993,11.05387870825475,10.528188705444336,10.528188705444336,3171133,0.0,0.0
2025-08-11,10.542591436141569,10.672214156306362,10.196933759890864,10.412969589233398,2408454,0.0,0.0
2025-08-12,10.470578802030403,10.701018990576062,10.412969191522283,10.578598022460938,2478771,0.0,0.0
2025-08-13,10.578597549565446,10.693816765431036,10.312152130462652,10.434572219848633,2301770,0.0,0.0
2025-08-14,10.441774293806501,10.65061011152013,10.2545428438441,10.614603996276855,1296096,0.0,0.0
2025-08-15,10.625389117266113,10.757746716133102,10.441558871148832,10.544504165649414,3170878,0.239602,0.0
2025-08-18,10.507739054784494,10.713627878797347,10.426854095944634,10.493032455444336,1307159,0.0,0.0
2025-08-19,10.331260641374474,10.412146484035624,9.853302005267947,9.890068054199219,2852481,0.0,0.0
2025-08-20,9.816535929012796,9.890068026670665,9.691532076344222,9.860654830932617,2532430,0.0,0.0
2025-08-21,9.750357586387384,9.993012438888845,9.735650988502893,9.838595390319824,926837,0.0,0.0
2025-08-22,9.85330201448693,10.147430406212294,9.772417063437357,10.132723808288574,1664720,0.0,0.0
2025-08-25,10.206255908887467,10.32390690893346,10.147430408864471,10.301847457885742,1159023,0.0,0.0
2025-08-26,10.279788070293275,10.470972061157227,10.162137069521044,10.470972061157227,1477166,0.0,0.0
2025-08-27,10.448912595117518,10.61803624286987,10.35332015397782,10.588623046875,1424524,0.0,0.0
2025-08-28,10.618036268439054,11.066581712473768,10.618036268439054,11.051875114440918,1879995,0.0,0.0
2025-08-29,11.029815647973432,11.235705345086654,10.860692000047829,10.86804485321045,2119810,0.0,0.0
2025-09-01,10.853338145257412,10.92687023684656,10.662154172113326,10.72833251953125,755812,0.0,0.0
2025-09-02,10.618036238549342,10.809219337376422,10.522444689135801,10.68421459197998,802478,0.0,0.0
2025-09-03,10.698921165782203,10.735687214834075,10.588623018626585,10.691567420959473,608566,0.0,0.0
2025-09-04,10.691567497599879,10.91216468517968,10.654801448284456,10.875398635864258,881696,0.0,0.0
2025-09-05,10.948929851566435,11.382768663491028,10.948929851566435,11.198939323425293,1467248,0.0,0.0
2025-09-08,11.213645962121282,11.301884659045756,10.993049665653727,11.243059158325195,1060986,0.0,0.0
2025-09-09,11.80190276820957,12.03720566308828,11.573953618235137,11.76513671875,3511528,0.0,0.0
2025-09-10,11.765136777291584,12.088678370820611,11.691604678006557,12.066618919372559,1780559,0.0,0.0
2025-09-11,12.066618932195112,12.448985135533755,11.919554733468782,12.250449180603027,1482888,0.0,0.0
2025-09-12,12.206329404325986,12.397513397970043,12.14750390308446,12.338687896728516,1295969,0.0,0.0
2025-09-15,12.287215237932376,12.46369174150145,12.206329393570185,12.360747337341309,1250066,0.0,0.0
2025-09-16,12.368099207181476,12.625461534649068,12.176915228907514,12.33133316040039,1455168,0.0,0.0
2025-09-17,12.368100214303304,13.037242855218969,12.287215261473419,12.897531509399414,3784659,0.0,0.0
2025-09-18,12.897531521523778,12.904884374810761,12.588697416474064,12.706348419189453,1523451,0.0,0.0
2025-09-19,12.721054142939746,12.765173937783047,12.456338940629056,12.58869743347168,1866898,0.0,0.0
2025-09-22,12.522517209822944,12.55928325943091,12.33133410853643,12.426925659179688,1158133,0.0,0.0
2025-09-23,12.434278457060065,12.566635155543102,12.375452960505203,12.559282302856445,1450336,0.0,0.0
2025-09-24,12.632816250334113,12.721054056043412,12.323981255289747,12.426925659179688,1640307,0.0,0.0
2025-09-25,12.448985074640122,12.448985074640122,11.684251780016222,11.7798433303833,2322496,0.0,0.0
2025-09-26,11.846021729830204,12.140150126970312,11.846021729830204,12.066618919372559,1061113,0.0,0.0
2025-09-29,12.19162179798777,12.243095333387844,11.897494316101074,11.897494316101074,864530,0.0,0.0
2025-09-30,11.904847172765583,12.18426894941723,11.823961334993262,12.088677406311035,1588681,0.0,0.0
2025-10-01,11.993086793308363,12.221036835595324,11.941614145586321,12.037205696105957,1126980,0.0,0.0
2025-10-02,11.948966082789024,12.353392596949394,11.860728283958343,11.912200927734375,2080519,0.0,0.0
2025-10-03,11.912200887115212,12.2136812210083,11.904847142779595,12.2136812210083,1200857,0.0,0.0
2025-10-06,12.272507647111137,12.272507647111137,11.765135845550885,11.971026420593262,1381164,0.0,0.0
2025-10-07,11.956320705252903,11.956320705252903,11.559247014603901,11.691604614257812,1781958,0.0,0.0
2025-10-08,11.691603645846325,11.779842335535909,11.596012103552274,11.676897048950195,1535530,0.0,0.0
2025-10-09,11.676898029318998,11.691604627449864,11.478361183770481,11.537187576293945,1322418,0.0,0.0
2025-10-10,11.537187570333062,11.588660217920864,11.16217422246972,11.29453182220459,1832820,0.0,0.0
2025-10-13,11.397476218225673,11.66954516242243,11.360710168785227,11.522480964660645,1422616,0.0,0.0
2025-10-14,11.41953561736766,11.618072461776254,11.301884616370778,11.331296920776367,1170594,0.0,0.0
2025-10-15,11.301884643403822,11.5151280863689,11.235705397880242,11.360710144042969,4046726,0.0,0.0
2025-10-16,11.309237539865359,11.610719680786133,11.265118637139036,11.610719680786133,1546339,0.0,0.0
2025-10-17,11.529834731276123,11.647485733032227,11.3533573369547,11.647485733032227,1234299,0.0,0.0
2025-10-20,11.77248959120822,12.272508578025443,11.77248959120822,12.191622734069824,2174233,0.0,0.0
2025-10-21,12.140150123588354,12.493104913407977,12.037205719630359,12.3681001663208,1152029,0.0,0.0
2025-10-22,12.390159604279763,12.500457753056551,12.338687848200413,12.3533935546875,1029578,0.0,0.0
2025-10-23,12.33868787817628,12.471044587005249,12.059265187246432,12.250449180603027,1642977,0.0,0.0
2025-10-24,12.228388807656046,12.522516291257332,12.228388807656046,12.375452995300293,1334370,0.0,0.0
2025-10-27,12.493103957308728,12.647521888959002,12.309273723215929,12.500456809997559,1288086,0.0,0.0
2025-10-28,12.456338907299857,13.015183398675424,12.29456811001516,12.823999404907227,2982434,0.0,0.0
2025-10-29,12.809291919425426,13.500493963725841,12.787232469434395,13.301957130432129,3805131,0.0,0.0
2025-10-30,13.191659961580491,13.603439364069583,13.118127861729777,13.537261009216309,1556384,0.0,0.0
2025-10-31,13.574026079549062,13.831388410453576,13.441668487707041,13.640204429626465,2908811,0.0,0.0
2025-11-03,13.824036607110227,14.029925417438996,13.640205465107309,13.76521110534668,3034949,0.0,0.0
2025-11-04,13.757857311683232,13.912274364727537,13.574027062017498,13.779916763305664,1519127,0.0,0.0
2025-11-05,13.7799158430089,13.846095085143672,13.632851653098049,13.750503540039062,1612841,0.0,0.0
2025-11-06,13.750504460147411,13.949040416462221,13.610793113708496,13.610793113708496,1472461,0.0,0.0
2025-11-07,13.64020539981351,13.897567749023438,13.515201543547082,13.897567749023438,1598472,0.0,0.0
2025-11-10,13.971099858184145,14.044631958007812,13.816682805229354,14.044631958007812,1220566,0.0,0.0
2025-11-11,14.051984875502207,14.434352866356601,13.971099922001615,14.081398963928223,2378953,0.0,0.0
2025-11-12,14.074045128560694,14.419645261846254,13.90492059664469,14.338759422302246,2080646,0.0,0.0
2025-11-13,14.33875948778993,14.566709518432617,14.13287069079364,14.566709518432617,2278755,0.0,0.0
2025-11-14,15.02996338236878,15.162320092364466,14.478471740596396,14.632888793945312,4490626,0.0,0.0
2025-11-17,14.76524556123289,15.316736280152826,14.706420062885543,15.184379577636719,5656643,0.0,0.0
2025-11-18,15.147614448423145,15.16232015513647,14.802013398601568,15.044669151306152,2622456,0.0,0.0
2025-11-19,14.881156175612883,15.051315098631706,14.803812233793021,15.004907608032227,1261510,0.793196,0.0
2025-11-21,14.850218539198645,14.997173245509302,14.548573138055112,14.687793731689453,1753348,0.0,0.0
2025-11-24,14.687793587369214,14.95076654670133,14.594979546550645,14.873421669006348,1128887,0.0,0.0
2025-11-25,14.888890638830746,15.020376178866814,14.579510194144492,14.904358863830566,1360183,0.0,0.0
2025-11-26,14.919828990818216,15.00490798550645,14.656856017907867,14.86568832397461,1670570,0.0,0.0
2025-11-27,14.888891064872025,15.267880408748006,14.881156014227846,15.113190650939941,1324325,0.0,0.0
2025-11-28,15.113190404466943,15.67780876159668,15.0281114142292,15.67780876159668,1751568,0.0,0.0
2025-12-01,15.693277180898406,15.917576766082721,15.345225227201372,15.724215507507324,1797980,0.0,0.0
2025-12-02,15.809296223150918,16.033594881569975,15.708747125631614,15.909843444824219,1868297,0.0,0.0
2025-12-03,15.909843444824219,16.064533209717915,15.755153679930523,15.909843444824219,1271555,0.0,0.0
2025-12-04,15.933046047277976,16.296566207647086,15.832496959935467,16.226957321166992,1934163,0.0,0.0
2025-12-05,16.35844353569568,16.443522526133286,14.989439010620117,14.989439010620117,5940327,0.0,0.0
2025-12-08,15.360694830884205,15.793825788288837,14.96623631388795,15.051315307617188,3207626,0.0,0.0
2025-12-09,14.943031737412204,15.19827058826447,14.548573229968998,15.151863098144531,2423204,0.0,0.0
2025-12-10,15.34234344098478,15.568544202649543,14.821096494854446,15.24399471282959,1616600,0.0,1.2715559
2025-12-11,15.243994392066691,15.33250805795927,14.712913334634191,14.860435485839844,1772200,0.0,0.0
2025-12-12,14.88010633417607,15.283334442592617,14.88010633417607,15.057133674621582,1429200,0.0,0.0
2025-12-15,15.194819978817884,15.371847310018115,14.97845334489793,15.066967010498047,1331500,0.0,0.0
2025-12-16,14.909609940759568,14.99812360719759,13.916291365279724,13.975300788879395,2695800,0.0,0.0
2025-12-17,13.93596134702989,13.93596134702989,13.27702732335545,13.601576805114746,3189800,0.0,0.0
2025-12-18,13.581907862523353,13.876952169024303,13.434384771349901,13.719594955444336,2459600,0.0,0.0
2025-12-19,13.758934612880736,13.945797012257476,13.42455005645752,13.42455005645752,2019500,0.0,0.0
2025-12-22,13.375375659965801,13.52289780632012,13.050826187647953,13.109834671020508,1326900,0.0,0.0
2025-12-23,13.13933952241439,13.650751404296662,13.13933952241439,13.40488052368164,1627700,0.0,0.0
2025-12-26,13.375376223001146,13.385210345361916,13.090166040233413,13.296697616577148,1596800,0.0,0.0
2025-12-29,13.23768854086031,13.385210697303407,13.149174871825252,13.316367149353027,1544300,0.0,0.0
2025-12-30,13.385210278514435,13.53273336826491,13.336036853187245,13.503228187561035,1081300,0.0,0.0
2026-01-02,13.591742277963782,13.739265372317787,12.90330398474741,13.473724365234375,5483000,0.0,0.0
2026-01-05,13.434384771349901,13.867118046617788,13.22785319404545,13.719594955444336,1911600,0.0,0.0
2026-01-06,13.847447578467117,14.181832117894897,13.768768973651516,13.857282638549805,2052900,0.0,0.0
2026-01-07,13.906457109619394,13.906457109619394,13.483558901991412,13.758934020996094,1650500,0.0,0.0
2026-01-08,13.778603499560047,14.506381034851074,13.758933380157249,14.506381034851074,2535600,0.0,0.0
2026-01-09,14.516216187516859,14.742416934560167,14.250675201416016,14.250675201416016,2044800,0.0,0.0
2026-01-12,14.270346331415503,14.378529182715297,14.004805326511933,14.044144630432129,1857800,0.0,0.0
2026-01-13,14.044144465353739,14.191667556762695,13.768769341149188,14.191667556762695,2116300,0.0,0.0
2026-01-14,14.35885927467932,14.447372000588151,13.876951653586653,14.162161827087402,1274500,0.0,0.0
2026-01-15,14.103153579201003,14.319520212419803,13.994969793630124,14.122822761535645,1113100,0.0,0.0
2026-01-16,14.211336415502203,14.211336415502203,13.493393909286304,13.80810832977295,1981300,0.0,0.0
2026-01-19,13.926126036695148,14.083483244669996,13.483558654785156,13.483558654785156,2918300,0.0,0.0
2026-01-20,13.463889138610478,13.827778870774504,13.345871227336868,13.621247291564941,2226200,0.0,0.0
2026-01-21,13.808108624853775,14.034310322854724,13.67042059398698,13.876952171325684,1943800,0.0,0.0
2026-01-22,13.955630725926461,14.39819905994177,13.650751360185884,14.083483695983887,3172100,0.0,0.0
2026-01-23,14.162162722725373,14.526052461029627,14.014640565624838,14.368694305419922,1295400,0.0,0.0
2026-01-26,14.535885954820316,15.194819978817884,14.103153624903369,15.066967010498047,4024100,0.0,0.0
2026-01-27,15.1948201633153,15.489865406257174,15.057133071085937,15.076802253723145,3018300,0.0,0.0
2026-01-28,15.096472559668028,15.529204900153218,15.096472559668028,15.401351928710938,2370100,0.0,0.0
2026-01-29,15.607882753821274,15.657057115528017,14.742417176720593,14.88994026184082,2085300,0.0,0.0
2026-01-30,14.830930840208142,15.037462409038111,14.712912934865722,14.88994026184082,1789000,0.0,0.0
2026-02-02,14.870270384728524,15.135811379525814,14.870270384728524,15.00795841217041,1230600,0.0,0.0
2026-02-03,15.184984869840688,15.56854377356714,15.116141324783232,15.27349853515625,1631200,0.0,0.0
2026-02-04,15.243994584809784,15.41118685851573,14.909610037397893,15.184985160827637,2019200,0.0,0.0
2026-02-05,15.04729785788502,16.011112183310477,15.04729785788502,15.539039611816406,2312700,0.0,0.0
2026-02-06,15.53903996284688,15.863588514816424,15.460361355474328,15.716066360473633,1787900,0.0,0.0
2026-02-09,15.725900826131756,15.912763215016781,15.381682166375729,15.578378677368164,1271600,0.0,0.0
2026-02-10,15.53904001653171,15.735736535642646,15.096472614051358,15.352177619934082,1861800,0.0,0.0
2026-02-11,15.499700119721412,15.58821378441572,15.303003608135699,15.371847152709961,2159000,0.0,0.0
2026-02-12,15.342342469955195,15.637386759901203,14.880104977557966,15.086636543273926,1292500,0.0,0.0
2026-02-13,15.0079582289117,15.066966712864147,14.594895089552814,14.998123168945312,1343000,0.0,0.0
2026-02-18,14.998123596682662,15.283333778381348,14.791592021113065,15.283333778381348,822600,0.0,0.0
2026-02-19,15.362012152403969,15.617718087421498,15.26366436519004,15.480030059814453,1608200,0.0,0.0
2026-02-20,15.440690769076669,15.794744491577148,14.998123381470332,15.794744491577148,1643800,0.0,0.0
2026-02-23,15.784908634252913,15.784908634252913,15.273497727581084,15.489864349365234,1827900,0.0,0.0
2026-02-24,15.883258463796,16.247148191361227,15.548874855041504,15.548874855041504,3295400,0.0,0.0
2026-02-25,15.558709215877059,15.873423646786202,15.352177636112188,15.509535789489746,2134900,0.0,0.0
2026-02-26,15.46036148071289,15.735736608747535,15.391516995261986,15.46036148071289,1768900,0.0,0.0
2026-02-27,15.312837917288029,15.588213974794138,15.165315766277798,15.539039611816406,1705000,0.0,0.0
2026-03-02,15.312837117415551,15.411185838233727,14.968618470397764,15.234158515930176,1605200,0.0,0.0
2026-03-03,14.752252044204365,14.83093064673962,14.319519730260458,14.722747802734375,2680800,0.0,0.0
2026-03-04,14.929279731501195,15.214489907099962,14.801426764795133,14.899774551391602,1782000,0.0,0.0
2026-03-05,14.850600926163853,14.929279529545884,14.447371911427275,14.575224876403809,2327000,0.0,0.0
2026-03-06,14.516217231750488,14.673574447608544,14.034310523704445,14.516217231750488,2472200,0.0,0.0
2026-03-09,14.34902501120975,14.427703619444683,13.896622544897399,14.309685707092285,2387700,0.0,0.0
2026-03-10,14.437538736498842,14.752253170671136,14.053979816409115,14.26051139831543,1678400,0.0,0.0
2026-03-11,14.171996799590167,14.594894996210785,14.03430971263308,14.575224876403809,1635300,0.0,0.0
2026-03-12,14.280181523155992,14.329354950066055,13.739265385838326,13.788439750671387,2107200,0.0,0.0
2026-03-13,13.876952336753398,14.378529164544277,13.12950556321425,13.257357597351074,3228500,0.0,0.0
2026-03-16,13.45405488738924,13.640916343970545,13.296697673863303,13.40488052368164,1616000,0.0,0.0
2026-03-17,13.47372321570343,13.650750538655686,13.237687410382366,13.306530952453613,1567100,0.0,0.0
2026-03-18,13.267192253055395,13.43438452388513,13.09016586000029,13.28686237335205,4681500,0.0,0.0
2026-03-19,13.09016511530422,13.542567539237693,12.85412837478722,13.45405387878418,1944300,0.0,0.0
2026-03-20,13.404880632175477,13.404880632175477,12.83446025956571,12.991817474365234,8251700,0.0,0.0
2026-03-23,13.267191854199615,13.86711737429043,13.267191854199615,13.631080627441406,1856600,0.0,0.0
2026-03-24,13.581907750972917,13.709759782514338,13.247523205900352,13.6605863571167,1804600,0.0,0.0
2026-03-25,13.837613354247491,14.211337218657917,13.768769805356074,14.11298942565918,1954600,0.0,0.0
2026-03-26,13.86711768583263,13.965465472799876,13.414715239599031,13.54256820678711,1564300,0.0,0.0
2026-03-27,13.483558450816696,13.493393510647083,13.109834618568359,13.159008979797363,1232100,0.0,0.0
2026-03-30,13.375376093445007,13.40488033608748,13.100000035705383,13.237688064575195,952100,0.0,0.0
2026-03-31,13.493394718427849,13.857283523417136,13.227853706776658,13.749099731445312,1945500,0.0,0.0
2026-04-01,13.86711812128406,14.152328306914184,13.847448000519163,13.985136032104492,1867100,0.0,0.0
2026-04-02,13.414714972477052,14.014639556176931,13.33603636930077,13.945796012878418,2239800,0.0,0.0
2026-04-06,13.94579649177814,14.162162188981462,13.837612705253513,14.02447509765625,1381600,0.0,0.0
2026-04-07,13.945795847329384,14.103153051813976,13.38520963394937,13.414714813232422,2035000,0.0,0.0
2026-04-08,14.132658132614516,14.653904137911017,14.122823072269323,14.191667556762695,2447000,0.0,0.0
2026-04-09,14.20150135123116,14.880105492610877,14.112988623937374,14.801426887512207,1703500,0.0,0.0
2026-04-10,14.801426168925605,14.998122672122962,14.48671082588692,14.762086868286133,1517800,0.0,0.0
2026-04-13,14.65390381587027,15.460360925916428,14.634234633535122,15.27349853515625,3285100,0.0,0.0
2026-04-14,15.303004264557435,15.706232365085338,15.27349908311174,15.617718696594238,1684500,0.0,0.0
2026-04-15,15.539040032906732,15.82425022039889,15.371847757005503,15.509535789489746,2456300,0.0,0.0
2026-04-16,15.519369537291679,15.548874717919237,15.155480750858484,15.175150871276855,1755800,0.0,0.0
2026-04-17,15.24399450107357,15.755406379699707,15.135811651944026,15.755406379699707,2600300,0.0,0.0
2026-04-20,15.755406383023804,16.060285747872737,15.666892716479607,15.912763595581055,2043900,0.0,0.0
2026-04-22,15.853755401738862,15.932434009466148,15.332508453141859,15.509535789489746,2244700,0.0,0.0
2026-04-23,15.470195660644855,15.470195660644855,15.027628254467118,15.09647274017334,1824600,0.0,0.0
2026-04-24,15.106305917602636,15.529204114206701,15.027627314223686,15.253829002380371,3580900,0.0,0.0
2026-04-27,15.253828621574389,15.352176404381396,14.388363068089008,14.398198127746582,1707900,0.0,0.0
2026-04-28,14.260510974322667,14.368693823372157,13.926126428995014,14.132658004760742,1923000,0.0,0.0
2026-04-29,14.004804594351915,14.122822499942625,13.65075087757979,13.69009017944336,1420800,0.0,0.0
2026-04-30,13.827778743222796,13.935961593078279,13.699925772708328,13.719594955444336,1288900,0.0,0.0
2026-05-04,13.768768523322755,13.798272764682887,13.404879753471405,13.414714813232422,1598400,0.0,0.0
2026-05-05,13.434384057917951,13.916290733395726,13.345870395498986,13.522897720336914,2711100,0.0,0.0
2026-05-06,13.876951773959377,14.201501252209159,13.778603987233263,14.063814163208008,1916000,0.0,0.0
2026-05-07,14.142492081832525,14.231005742139088,13.670419539505156,13.81794261932373,1921000,0.0,0.0
2026-05-08,14.250675042399882,14.250675042399882,13.198348045349121,13.198348045349121,3525200,0.0,0.0
2026-05-11,13.198349051017745,13.286862718808116,12.559085131523037,12.677103042602539,2507600,0.0,0.0
2026-05-12,12.765615541353394,13.031156539916992,12.588589146900631,13.031156539916992,1638900,0.0,0.0
2026-05-13,12.962312860128819,13.247523038271847,12.706606924435631,12.814789772033691,4249800,0.0,0.0
2026-05-14,12.854129264661502,13.139339447021484,12.854129264661502,13.139339447021484,1358300,0.0,0.0
2026-05-15,12.626449303682097,12.715647293037707,12.457964422715794,12.576894760131836,2527800,0.102497,0.0
2026-05-18,12.547162303773392,12.755290628748632,12.42823196738387,12.725558280944824,1385400,0.0,0.0
2026-05-19,12.487697161452775,12.66609218706832,12.388588078753045,12.47778606414795,1613200,0.0,0.0
2026-05-20,12.596716548692337,13.340031842410985,12.557073104167646,13.042705535888672,2044300,0.0,0.0
2026-05-21,13.072437726241462,13.30038823840586,12.65618203631053,13.082348823547363,1553900,0.0,0.0
2026-05-22,13.131904037019407,13.131904037019407,12.695826130157347,12.794934272766113,1924300,0.0,0.0
2026-05-25,12.993150963504778,13.300388366732177,12.874220630209283,13.171546936035156,894800,0.0,0.0
2026-05-26,13.03279483761073,13.13190392454494,12.84448870664489,12.943597793579102,1147100,0.0,0.0
2026-05-27,13.121992394201799,13.211190380466988,12.943597366845692,13.171546936035156,1820100,0.0,0.0
2026-05-28,13.181458791310481,13.25083458676141,12.943598111043586,13.102171897888184,637000,0.0,0.0
2026-05-29,13.102171691927257,13.151726235830797,12.923775711944238,13.032794952392578,1653400,0.0,0.0
2026-06-01,12.973330216666476,13.112081804968167,12.705736247500118,12.923775672912598,860900,0.0,0.0
2026-06-02,12.993151150685675,13.171547125786047,12.933686455768408,13.00306224822998,912000,0.0,0.0
2026-06-03,12.854399648349426,12.854399648349426,12.140816688537598,12.140816688537598,2075400,0.0,0.0
2026-06-05,12.279569467455127,12.319212913513184,12.051618943740577,12.319212913513184,1757400,0.0,0.0
2026-06-08,12.329122513276774,12.537250832042124,12.210192180435756,12.457963943481445,1731300,0.0,0.0
2026-06-09,12.557073827614602,12.685915266036316,12.368766746392737,12.497608184814453,1351200,0.0,0.0
2026-06-10,12.497607788009581,12.497607788009581,12.120994582697827,12.358856201171875,12103500,0.0,0.0
2026-06-11,12.36876629398037,12.98324111480039,12.289479403263133,12.854399681091309,1913700,0.0,0.0
2026-06-12,12.765202009467803,13.498606239386426,12.676004018904182,13.01297378540039,2566000,0.0,0.0
2026-06-15,13.32020996992832,13.498605947193983,12.854399721783548,12.963418960571289,1541200,0.0,0.0
2026-06-16,12.963419324621366,13.240923450803281,12.874221333483598,13.231013298034668,2128400,0.0,0.0
2026-06-17,13.27065615674982,13.478784478459874,12.656182289123535,12.656182289123535,1878900,0.0,0.0
2026-06-18,12.676003487473535,12.785022724050581,12.418320624464943,12.547162055969238,1757200,0.0,0.0
2026-06-19,12.53725159361827,12.834577916369055,12.467875798207006,12.626449584960938,1062600,0.0,0.0
2026-06-22,12.656182610046717,12.844488741523898,12.596716968689853,12.814756393432617,2628700,0.0,0.0
2026-06-23,12.685914688206461,13.062527888321533,12.497607615561785,13.00306224822998,2484900,0.0,0.0
2026-06-24,12.943597764789972,13.468873655954647,12.725558341124252,13.31029987335205,1527700,0.0,0.0
2026-06-25,13.409408050000042,13.627447474236632,13.12199283198675,13.181458473205566,1026000,0.0,0.0
2026-06-26,13.052617315759132,13.40940833513588,13.012973869161717,13.231013298034668,674300,0.0,0.0
2026-06-29,13.121993111011031,13.29047799534363,13.121993111011031,13.231013298034668,427400,0.0,0.0
2026-06-30,13.20127934552642,13.20127934552642,12.8048448993324,12.913864135742188,841200,0.0,0.0
2026-07-01,12.82466627312961,13.072438040691555,12.685914688206461,13.00306224822998,2282000,0.0,0.0
2026-07-02,13.062528012975408,13.19136944675805,12.9039542314504,13.092260360717773,819500,0.0,0.0
2026-07-03,13.15172572956954,13.320209660077076,13.082348992705443,13.280566215515137,343000,0.0,0.0
2026-07-06,13.231012799182347,13.231012799182347,12.804845055447291,12.874220848083496,892900,0.0,0.0
2026-07-07,12.884131732203445,12.91386407924435,12.566984176635742,12.566984176635742,1098300,0.0,0.0
2026-07-08,12.517429772631539,12.517429772631539,12.101173128777814,12.28947925567627,1442700,0.0,0.0
2026-07-09,12.289478967496802,12.63635981096556,12.210192079590959,12.606627464294434,833500,0.0,0.0
2026-07-10,13.032794952392578,13.340032368455077,12.983241353663347,13.032794952392578,1496900,0.0,0.0
2026-07-13,12.913864733801837,13.092260715438059,12.646271706521825,12.884132385253906,1248700,0.0,0.0
2026-07-14,13.042705793736788,13.062527988978145,12.358856125872927,12.616538047790527,4524800,0.0,0.0
2026-07-15,12.517430343900505,12.626449586009304,12.061530234357933,12.150728225708008,2604700,0.0,0.0
2026-07-16,12.150728064570439,12.19037151073648,11.92277754023497,11.952510833740234,1641200,0.0,0.0
2026-07-17,11.972331801771334,12.101173235064774,11.793935825645914,11.902956008911133,1999800,0.0,0.0
2026-07-20,11.932688711915512,11.992154354119734,11.684916935550843,11.694828033447266,1647600,0.0,0.0
2026-07-21,11.684916326026277,11.784025409472008,11.476788006929656,11.486699104309082,1143400,0.0,0.0
2026-07-22,11.526342592219386,11.724559814685795,11.456966800649711,11.595718383789062,1728500,0.0,0.0
2026-07-23,11.585807553556991,11.585807553556991,11.169551849365234,11.169551849365234,1592500,0.0,0.0
2026-07-24,11.110086167148971,11.407412479181385,11.050620526672772,11.298392295837402,1321000,0.0,0.0
2026-07-27,11.357857704162598,11.466876940103973,11.258748620452788,11.357857704162598,770000,0.0,0.0
2026-07-28,11.645273236488183,11.873222812114502,11.278571128845215,11.278571128845215,1309700,0.0,0.0
2026-07-29,11.298392611838713,11.308303709724328,10.981245040893555,10.981245040893555,1248100,0.0,0.0
2026-07-30,11.030799397094459,11.387590408325195,11.030799397094459,11.387590408325195,858700,0.0,0.0
2026-07-31,11.387590146509186,11.387590146509186,10.971333503723145,10.971333503723145,1589100,0.0,0.0
2026-08-03,11.09026389888327,11.318214416503906,11.001066856517927,11.318214416503906,2494400,0.0,0.0
2026-08-04,11.437144904504722,11.496610545384767,11.04071044921875,11.04071044921875,1359000,0.0,0.0
2026-08-05,11.13981819152832,11.466876841720621,11.100174747419384,11.13981819152832,1453600,0.0,0.0
2026-08-06,11.070442310472588,11.169551392524909,10.911868535328276,10.92177963256836,2184800,0.0,0.0
2026-08-07,10.802848413679914,11.050620174958574,10.455968514994344,10.66409683227539,4407900,0.0,0.0
2026-08-10,10.703740433778638,10.763205128062953,10.485701015996172,10.6244535446167,3619900,0.0,0.0
2026-08-11,10.584810282162215,10.773116410868319,10.218108177185059,10.218108177185059,2172100,0.0,0.0
2026-08-12,10.23792898638813,10.446057301350999,10.079355212163897,10.208196640014648,2620400,0.0,0.0
2026-08-13,10.188374658983102,10.594720200234702,10.188374658983102,10.515433311462402,2238300,0.0,0.0
2026-08-14,10.529999732971191,10.699999809265137,10.319999694824219,10.670000076293945,3233300,0.094566,0.0
2026-08-17,10.65999984741211,10.890000343322754,10.630000114440918,10.760000228881836,1901700,0.0,0.0
2026-08-18,10.789999961853027,10.819999694824219,10.300000190734863,10.369999885559082,1819400,0.0,0.0
2026-08-19,10.579999923706055,10.609999656677246,10.390000343322754,10.569999694824219,1927200,0.0,0.0
2026-08-20,10.550000190734863,10.609999656677246,10.369999885559082,10.510000228881836,2548000,0.0,0.0
2026-08-21,10.59000015258789,11.460000038146973,10.59000015258789,11.270000457763672,6322500,0.0,0.0
2026-08-24,11.1899995803833,11.260000228881836,10.989999771118164,11.010000228881836,3091300,0.0,0.0
2026-08-25,11.0,11.760000228881836,11.0,11.760000228881836,3724100,0.0,0.0
2026-08-26,11.699999809265137,11.880000114440918,11.5,11.550000190734863,3300100,0.0,0.0
2026-08-27,11.489999771118164,11.890000343322754,11.399999618530273,11.770000457763672,3093300,0.0,0.0
2026-08-28,11.829999923706055,11.9399995803833,11.489999771118164,11.739999771118164,3192000,0.0,0.0
2026-08-31,11.880000114440918,12.069999694824219,11.699999809265137,11.899999618530273,2172000,0.0,0.0
2026-09-01,11.899999618530273,14.149999618530273,11.859999656677246,13.210000038146973,15023800,0.0,0.0
2026-09-02,13.5,13.760000228881836,13.0,13.199999809265137,9091300,0.0,0.0
2026-09-03,13.3100004196167,13.59000015258789,13.039999961853027,13.25,5941300,0.0,0.0
2026-09-04,13.119999885559082,13.229999542236328,12.890000343322754,13.0,2920900,0.0,0.0
2026-09-08,13.119999885559082,13.329999923706055,12.859999656677246,12.989999771118164,4120900,0.0,0.0
2026-09-09,12.979999542236328,12.979999542236328,12.520000457763672,12.789999961853027,3681200,0.0,0.0
2026-09-10,12.739999771118164,13.15999984741211,12.579999923706055,13.140000343322754,3225900,0.0,0.0
2026-09-11,13.109999656677246,13.220000267028809,12.9399995803833,13.09000015258789,2205200,0.0,0.0
2026-09-14,12.920000076293945,13.020000457763672,12.600000381469727,12.859999656677246,1630600,0.0,0.0
2026-09-15,12.970000267028809,13.210000038146973,12.880000114440918,13.100000381469727,1066700,0.0,0.0
2026-09-16,13.109999656677246,13.470000267028809,12.960000038146973,13.350000381469727,1510400,0.0,0.0
2026-09-17,13.34000015258789,13.460000038146973,12.920000076293945,12.949999809265137,1275700,0.0,0.0
2026-09-18,13.399999618530273,13.600000381469727,13.029999732971191,13.380000114440918,6012700,0.0,0.0
2026-09-21,13.420000076293945,13.930000305175781,13.390000343322754,13.819999694824219,4285900,0.0,0.0
2026-09-22,13.819999694824219,13.84000015258789,13.569999694824219,13.800000190734863,1030800,0.0,0.0
2026-09-23,13.680000305175781,13.989999771118164,13.600000381469727,13.8100004196167,2383100,0.0,0.0
2026-09-24,13.8100004196167,13.84000015258789,13.520000457763672,13.569999694824219,3344800,0.0,0.0
2026-09-25,13.550000190734863,13.899999618530273,13.359999656677246,13.699999809265137,2919500,0.0,0.0
