Date,Open,High,Low,Close,Volume,Dividends,Stock splits
2021-07-29,5.446999761471092,5.925146808462616,5.40823130227252,5.808840751647949,9172479,0.0,0.0
2021-07-30,5.815302765318343,6.106067597935701,5.627920840907586,5.718380928039551,3517278,0.0,0.0
2021-08-02,5.79591806510586,5.944531174667814,5.556844536116165,5.6602277755737305,1005031,0.0,0.0
2021-08-03,5.795918686476483,5.860533472771816,5.447000470607379,5.653766632080078,1349814,0.0,0.0
2021-08-04,5.770072917031614,5.770072917031614,5.266079836410109,5.427616119384766,2172092,0.0,0.0
2021-08-05,5.427615895082023,5.466384356874939,5.311309490874782,5.33069372177124,1069071,0.0,0.0
2021-08-06,5.30484802304498,5.750688385313862,5.30484802304498,5.49222993850708,581987,0.0,0.0
2021-08-09,5.459924000676305,5.621459618894987,5.459924000676305,5.530999183654785,1036445,0.0,0.0
2021-08-10,5.421153356575363,5.537460090759386,5.36300066870229,5.505152702331543,1180068,0.0,0.0
2021-08-11,5.492230610786715,5.537461167143393,5.31131008340768,5.479308128356934,497996,0.0,0.0
2021-08-12,5.479307417217649,5.550382589599767,5.33069362461541,5.447000026702881,1232425,0.0,0.0
2021-08-13,5.4599230861110915,5.4599230861110915,5.240233106344613,5.266079425811768,676781,0.0,0.0
2021-08-16,5.382385211348228,5.395308371237415,4.846085452864849,5.039928436279297,2421201,0.0,0.0
2021-08-17,4.981775688053913,5.052851882843763,4.813778335667474,4.975314617156982,2104745,0.0,0.0
2021-08-18,4.975314792023302,5.259618222737018,4.975314792023302,5.104543685913086,1366679,0.0,0.0
2021-08-19,4.943007420465326,5.388847819524063,4.8590084013412165,5.214388370513916,947493,0.0,0.0
2021-08-20,5.240233280304961,5.492229979137735,5.240233280304961,5.459923267364502,746112,0.0,0.0
2021-08-23,5.375924667666161,5.556845188140869,5.375924667666161,5.556845188140869,1518458,0.0,0.0
2021-08-24,5.5245376174819505,5.582690312574555,5.408231887687231,5.427616119384766,746553,0.0,0.0
2021-08-25,5.401770448216888,5.447001006842093,5.2790036326860434,5.388848304748535,386007,0.0,0.0
2021-08-26,5.311309848214835,5.382385705893264,5.104543685913086,5.104543685913086,485320,0.0,0.0
2021-08-27,5.227311877061147,5.227311877061147,5.027006771767391,5.13038969039917,477163,0.0,0.0
2021-08-30,5.143311875899846,5.175619267453335,5.027006149291992,5.027006149291992,645587,0.0,0.0
2021-08-31,5.0463903169153195,5.136850740438428,4.943007072777338,4.955930233001709,1577098,0.0,0.0
2021-09-01,5.0076219817441485,5.098082407555555,4.813778309179564,4.865469932556152,733987,0.0,0.0
2021-09-02,4.865470844837006,4.9300849616610725,4.63931973790492,4.904239654541016,575925,0.0,0.0
2021-09-03,4.936546240984897,4.936546240984897,4.703933760612345,4.7556257247924805,1275633,0.0,0.0
2021-09-06,4.7556254015676656,4.826701253167901,4.594089128214773,4.775009632110596,473195,0.0,0.0
2021-09-08,4.755625644726048,4.82670149996044,4.329169494491168,4.42609167098999,776975,0.0,0.0
2021-09-09,4.510090825037645,4.904239654541016,4.393785075144755,4.904239654541016,1560454,0.0,0.0
2021-09-10,4.962391215250424,4.968852625442693,4.555320335480525,4.710394859313965,764410,0.0,0.0
2021-09-13,4.884854133018504,4.884854133018504,4.548858436754197,4.691010475158691,730240,0.0,0.0
2021-09-14,4.710394537380096,4.7814703842468385,4.587626733289126,4.72977876663208,922803,0.0,0.0
2021-09-15,4.775009860460068,5.007621996537122,4.568243026733398,4.568243026733398,1165187,0.0,0.0
2021-09-16,4.529474047846001,4.65224151239019,4.393783763793891,4.523012638092041,1023548,0.0,0.0
2021-09-17,4.523012880221078,4.568242750920079,4.2839396876979,4.490705490112305,2096478,0.0,0.0
2021-09-20,4.451937196363471,4.451937196363471,4.219325065612793,4.219325065612793,679867,0.0,0.0
2021-09-21,4.348553495769562,4.484244467761181,4.283939733686835,4.393784046173096,438915,0.0,0.0
2021-09-22,4.393784949642999,4.490706461720255,4.30332484906359,4.322709083557129,655728,0.0,0.0
2021-09-23,4.374400937731697,4.41963082051805,4.271017669286594,4.348554611206055,381929,0.0,0.0
2021-09-24,4.283939557656621,4.309784857662015,4.1353254318237305,4.1353254318237305,532606,0.0,0.0
2021-09-27,4.135325651196839,4.225786073866636,3.909175273741336,3.999635696411133,597970,0.0,0.0
2021-09-28,3.9737896667906467,4.038403762936285,3.812253747207629,3.9156363010406494,1746624,0.0,0.0
2021-09-29,3.9414830207824707,4.064250845388952,3.9027145557999745,3.9414830207824707,413453,0.0,0.0
2021-09-30,3.947944066196852,4.064250469207764,3.8380994130277917,4.064250469207764,914536,0.0,0.0
2021-10-01,4.167632961819931,4.587626997023931,4.006096689938549,4.432552814483643,1366238,0.0,0.0
2021-10-04,4.43901383557254,4.4519369952823755,4.271016495049003,4.380860805511475,526765,0.0,0.0
2021-10-05,4.484244839608329,4.749163697342765,4.406706892319515,4.587627410888672,999078,0.0,0.0
2021-10-06,4.5747046433266885,4.607011355224221,4.290400892017341,4.342092514038086,639304,0.0,0.0
2021-10-07,4.348553109562788,4.45839775190294,4.212863168450632,4.277477264404297,415658,0.0,0.0
2021-10-08,4.283940369516732,4.484245133320661,4.199941006021046,4.355016231536865,941210,0.0,0.0
2021-10-11,4.38732310663588,4.38732310663588,4.199941158294678,4.199941158294678,447843,0.0,0.0
2021-10-13,4.19994124789625,4.238710056507907,3.9996364725567424,4.038404941558838,951020,0.0,0.0
2021-10-14,4.0642500658825735,4.135325231775702,4.012558449543959,4.070711135864258,620566,0.0,0.0
2021-10-15,4.109481147281801,4.12240430989206,3.9479448409443876,4.038404941558838,577027,0.0,0.0
2021-10-18,4.031943263195208,4.380861129778689,3.993174800024549,4.361476898193359,548699,0.0,0.0
2021-10-19,4.38732310663588,4.38732310663588,4.109481059610104,4.199941158294678,385346,0.0,0.0
2021-10-20,4.2064021161844884,4.432553187539508,4.1740954024643715,4.30978536605835,572508,0.0,0.0
2021-10-21,4.322708121994355,4.322708121994355,3.960867120947147,4.316246032714844,276333,0.0,0.0
2021-10-22,4.264555524239053,4.458398524928713,3.5537959305896916,4.1030192375183105,1585365,0.0,0.0
2021-10-25,4.103019050799151,4.1805563154683725,4.051327427816502,4.122403621673584,609654,0.0,0.0
2021-10-26,4.12886396123468,4.12886396123468,3.7540998458862305,3.7540998458862305,734649,0.0,0.0
2021-10-27,3.8251763118920135,3.915636735757819,3.637794733047486,3.6377947330474854,469337,0.0,0.0
2021-10-28,3.6442556281802454,3.8251761275851406,3.6054871680567215,3.741177797317505,327698,0.0,0.0
2021-10-29,3.747639648945809,3.7799470424652104,3.6507181476066517,3.77994704246521,436380,0.0,0.0
2021-11-01,3.7476395918948677,3.851022842051703,3.6830254850587423,3.792869806289673,620676,0.0,0.0
2021-11-03,3.7928695496950886,3.999635696411133,3.7153319475182642,3.999635696411133,578460,0.0,0.0
2021-11-04,4.006097316300111,4.064251035320079,3.4116447752455947,3.8704073429107666,2079283,0.0,0.0
2021-11-05,3.947944786174933,4.044866296945149,3.767024247846365,3.8639464378356934,1335375,0.0,0.0
2021-11-08,3.90917566445886,3.9673287020990586,3.8187155723571773,3.8187155723571777,672151,0.0,0.0
2021-11-09,3.831637944323865,3.9544054052029374,3.6830248452005496,3.7476389408111572,659145,0.0,0.0
2021-11-10,3.7605621961149205,4.044865608215332,3.7476393754939017,4.044865608215332,492925,0.0,0.0
2021-11-11,4.012559258017224,4.329169750213623,3.9802518639425646,4.329169750213623,548258,0.0,0.0
2021-11-12,4.367938669493067,4.413168886537482,3.876868372285692,4.387322902679443,1119995,0.0,0.0
2021-11-16,4.322707787840155,4.322707787840155,3.715331553396395,3.7476389408111572,3004180,0.0,0.0
2021-11-17,3.7928696682829153,3.909175395965576,3.5796417650441086,3.909175395965576,1142922,0.0,0.0
2021-11-18,3.8962520603447226,4.0900957066298185,3.77994634802691,4.006096363067627,1151630,0.0,0.0
2021-11-19,4.038403933318529,4.32916907628873,4.006096544273184,4.264554977416992,1079432,0.0,0.0
2021-11-22,4.303323787367773,4.303323787367773,4.12886436152949,4.1353254318237305,661790,0.0,0.0
2021-11-23,4.219325018012614,4.245170998698608,4.051327332186885,4.167633056640625,1003267,0.0,0.0
2021-11-24,4.090096416086936,4.161172273569016,4.070711844330354,4.1030192375183105,486643,0.0,0.0
2021-11-25,4.148249156487274,4.232248175900389,4.128864924134796,4.1547112464904785,273908,0.0,0.0
2021-11-26,4.064250773224186,4.122403809274892,3.96086752255415,4.1030192375183105,480139,0.0,0.0
2021-11-29,4.103018692430492,4.180555950327402,3.986712296170917,4.031942844390869,680308,0.0,0.0
2021-11-30,3.9996358680806536,4.1611721500046395,3.922098602185325,3.960867404937744,1041184,0.0,0.0
2021-12-01,3.999635416939509,4.316245855332389,3.922098159790039,3.922098159790039,588821,0.0,0.0
2021-12-02,3.9608669910047425,4.316245891113682,3.9608669910047425,4.238708972930908,489949,0.0,0.0
2021-12-03,4.232247959169224,4.361476847453711,4.154711033729939,4.225786209106445,317227,0.0,0.0
2021-12-06,4.122403621673584,4.225786188419875,4.1094804612207945,4.122403621673584,537567,0.0,0.0
2021-12-07,4.190048587601882,4.2227835034910655,3.987093210220337,3.987093210220337,195539,0.075594,0.0
2021-12-08,4.026375210628465,4.275159321865826,4.013281382479877,4.144220352172852,1102249,0.0,0.0
2021-12-09,4.144219532471947,4.248970825148589,3.960904598236084,3.960904598236084,182312,0.0,0.0
2021-12-10,4.03292193035973,4.111485239568907,3.9936401037033766,4.085297584533691,159936,0.0,0.0
2021-12-13,4.111485313999425,4.150766797263364,3.9150772094726567,3.9150772094726562,479809,0.0,0.0
2021-12-14,3.9347185161172984,4.000187664291685,3.731763124465942,3.7317631244659424,801666,0.0,0.0
2021-12-15,3.7644968003891988,3.9543586785653053,3.718668403412172,3.738309144973755,947162,0.0,0.0
2021-12-16,3.7579506737707704,3.928171157836914,3.7579506737707704,3.928171157836914,481242,0.0,0.0
2021-12-17,3.928170245882621,3.9543585889113877,3.7775905424507195,3.895435333251953,372339,0.0,0.0
2021-12-20,3.8954348918098702,3.901982492980359,3.7841370273266643,3.7972311973571777,732114,0.0,0.0
2021-12-21,3.862701639799212,3.9478115220871706,3.771044155282016,3.849607467651367,418965,0.0,0.0
2021-12-22,3.9281703490202307,3.9281703490202307,3.810325555124877,3.9150772094726562,190358,0.0,0.0
2021-12-23,3.803778130394825,3.9085294360470035,3.790684647317704,3.836513042449951,223315,0.0,0.0
2021-12-27,3.9085292041283184,3.9543582847482677,3.816872075198922,3.8234193325042725,183634,0.0,0.0
2021-12-28,3.823420514231419,3.928171157836914,3.7710448483250643,3.928171157836914,150346,0.0,0.0
2021-12-29,3.928171157836914,4.059110150550997,3.8823430953631166,3.928171157836914,407942,0.0,0.0
2021-12-30,3.9870927029579075,4.320987701416016,3.980546133537239,4.320987701416016,563469,0.0,0.0
2022-01-03,4.320988139993955,4.320988139993955,4.039468765258789,4.039468765258789,515852,0.0,0.0
2022-01-04,4.065656916858162,4.150766797263364,3.7906848134929074,3.9150772094726562,451150,0.0,0.0
2022-01-05,3.9609054272947612,3.9609054272947612,3.5026190280914307,3.5026190280914307,628723,0.0,0.0
2022-01-06,3.600822842091259,3.7055741496432777,3.3193038320840307,3.666292667388916,1600025,0.0,0.0
2022-01-07,3.653198273450123,3.836512878453676,3.574634969621031,3.7448554039001465,387110,0.0,0.0
2022-01-10,3.7972314761899066,3.862701298839495,3.627010694328707,3.7644965648651123,529520,0.0,0.0
2022-01-11,3.6597456056535007,3.7972314761899066,3.620463436780937,3.7644965648651123,1051105,0.0,0.0
2022-01-12,3.771043936808557,3.9543585511191695,3.6728391998551064,3.862701416015625,485651,0.0,0.0
2022-01-13,3.8627011792618835,3.9609048778856346,3.777590274810791,3.777590274810791,525442,0.0,0.0
2022-01-14,3.7775904861297063,3.895435275173963,3.6859333515167236,3.6859333515167236,732665,0.0,0.0
2022-01-17,3.7972317724092015,3.888888911882408,3.7186684608459473,3.7186684608459473,248006,0.0,0.0
2022-01-18,3.7186685552562238,3.8561540959047726,3.705574382910294,3.8299667835235596,1334934,0.0,0.0
2022-01-19,3.8299667255849155,3.9478115220871706,3.7906848973484677,3.849607467651367,700700,0.0,0.0
2022-01-20,3.843061035516445,4.5370374499186,3.843061035516445,4.235877990722656,1275523,0.0,0.0
2022-01-21,4.190047554102041,4.327534098104039,4.137672596267197,4.229330062866211,277877,0.0,0.0
2022-01-24,4.222782485824212,4.222782485824212,3.8757940438975074,3.960904598236084,832308,0.0,0.0
2022-01-25,3.947811678743875,4.091844481153773,3.9150774514377087,3.993640422821045,558840,0.0,0.0
2022-01-26,4.0329216481282435,4.242423906059194,3.8888885232036774,3.980545997619629,1617110,0.0,0.0
2022-01-27,4.026374639874455,4.183501243591309,3.993639730039737,4.183501243591309,774109,0.0,0.0
2022-01-28,4.131126314546311,4.288253289760479,4.09184448471688,4.196596145629883,437372,0.0,0.0
2022-01-31,4.242424421003684,4.471567790753427,4.2162367646224785,4.3995513916015625,431310,0.0,0.0
2022-02-01,4.393004438389097,4.484661571831218,4.26861204911901,4.320987701416016,664546,0.0,0.0
2022-02-02,4.288253602918342,4.445380245503424,4.288253602918342,4.373363494873047,153984,0.0,0.0
2022-02-03,4.373363270274693,4.393005045873958,4.255518466439708,4.386457443237305,293308,0.0,0.0
2022-02-04,4.26206464596111,4.275158816665893,3.980545997619629,3.980545997619629,478155,0.0,0.0
2022-02-07,4.059109184704386,4.091844097145587,3.9543585660238256,3.967452049255371,353160,0.0,0.0
2022-02-08,4.026374734827605,4.065656558734942,3.849607043399846,3.980545997619629,424917,0.0,0.0
2022-02-09,4.085297785986818,4.098391270046558,3.8561540726115555,3.9543588161468506,667852,0.0,0.0
2022-02-10,3.934718162131806,3.987093131855835,3.8168726737090797,3.8888890743255615,778518,0.0,0.0
2022-02-11,3.869247822062682,3.9478111265608735,3.744855435793908,3.7710437774658203,736523,0.0,0.0
2022-02-14,3.757950475772113,3.810326138918902,3.5811823975869577,3.6597464084625244,789761,0.0,0.0
2022-02-15,3.7317623159284445,3.91507692340986,3.6662924937318215,3.8757944107055664,701692,0.0,0.0
2022-02-16,3.8299667086416997,3.9281704185395205,3.8103256225585938,3.8103256225585938,576145,0.0,0.0
2022-02-17,3.836513699851842,3.869248617516227,3.7252154615379465,3.75140380859375,467904,0.0,0.0
2022-02-18,3.7448557576364023,3.7972317572745364,3.6335578767418686,3.7055742740631104,404635,0.0,0.0
2022-02-21,3.705574555378837,3.7710443878450017,3.568089008331299,3.568089008331299,390086,0.0,0.0
2022-02-22,3.6335577964782715,3.7775905879391374,3.6008228834534215,3.6335577964782715,316455,0.0,0.0
2022-02-23,3.725215141491628,3.725215141491628,3.5026190280914307,3.5026190280914307,472313,0.0,0.0
2022-02-24,3.3520393568904256,3.469884157180786,3.2472876968581565,3.469884157180786,788659,0.0,0.0
2022-02-25,3.4698834903078,3.482977316256513,3.352038712665894,3.4240550994873047,734979,0.0,0.0
2022-03-02,3.430602684585063,3.463337603257203,3.3716804503616733,3.4044153690338135,459307,0.0,0.0
2022-03-03,3.417507761078903,3.5026186686002,3.378226280212402,3.3782262802124023,286254,0.0,0.0
2022-03-04,3.391320822322569,3.424055737396427,3.3193040779807923,3.352039337158203,765953,0.0,0.0
2022-03-07,3.345491974272362,3.4044145382198683,3.155630111694336,3.155630111694336,1142481,0.0,0.0
2022-03-08,3.1883656640157403,3.3520395621645696,3.14908383211102,3.3389453887939453,574492,0.0,0.0
2022-03-09,3.319303775844401,3.594275867483661,3.319303775844401,3.522259473800659,793509,0.0,0.0
2022-03-10,3.5222601815841825,3.5353543555151927,3.378227021171793,3.4044153690338135,251423,0.0,0.0
2022-03-11,3.4829778190188962,3.5026189048806144,3.240740971690731,3.2734758853912354,375646,0.0,0.0
2022-03-14,3.2800228345044924,3.2996635785339015,3.1490838527679443,3.1490838527679443,666971,0.0,0.0
2022-03-15,3.2014593921718775,3.2014593921718775,3.0181447559120573,3.10980224609375,1019911,0.0,0.0
2022-03-16,3.2014591440708333,3.2734758853912354,3.1098020050957893,3.2734758853912354,539881,0.0,0.0
2022-03-17,3.2800224552070905,3.2800224552070905,3.1556304025315423,3.2734758853912354,417862,0.0,0.0
2022-03-18,3.2407414991376893,3.3913212319984187,3.2407414991376893,3.3323986530303955,913764,0.0,0.0
2022-03-21,3.332397811085445,3.384773805939101,3.240740680350316,3.293116331100464,558730,0.0,0.0
2022-03-22,3.345491677205535,3.469883363267537,3.3389444203674,3.450242280960083,250541,0.0,0.0
2022-03-23,3.4502430500691186,3.476431395052468,3.332398250472467,3.352039337158203,280412,0.0,0.0
2022-03-24,3.4567901859291457,3.757949574624584,3.3847737954105193,3.7448554039001465,817317,0.0,0.0
2022-03-25,3.8074894369464243,3.893871769662112,3.7211064057344867,3.814133882522583,459197,0.076442,0.0
2022-03-28,3.754330226158685,3.8805820094031227,3.754330226158685,3.840712547302246,301465,0.0,0.0
2022-03-29,3.940385785892341,3.9669646142817805,3.8407128220072484,3.9204514026641846,398132,0.0,0.0
2022-03-30,3.966965145776188,4.12644162996053,3.887227602180317,3.9736106395721436,635005,0.0,0.0
2022-03-31,3.9868987640528375,4.000188701341505,3.8340678030899427,3.907161235809326,637210,0.0,0.0
2022-04-01,3.9337403774261475,4.033413343450762,3.8938716101140343,3.9337403774261475,434065,0.0,0.0
2022-04-04,3.9337401195376462,4.020123141547007,3.920451229801024,4.006833553314209,344673,0.0,0.0
2022-04-05,4.006833606963972,4.059992309855023,3.887226962019224,3.953674554824829,706101,0.0,0.0
2022-04-06,3.9005163738744324,3.933739994149333,3.6878815719350717,3.7011711597442627,710950,0.0,0.0
2022-04-07,3.741040289042367,3.887226803337243,3.67459165120501,3.840712547302246,600836,0.0,0.0
2022-04-08,3.774265045392454,3.8407129924348675,3.6878820157410788,3.8207786083221436,460630,0.0,0.0
2022-04-11,3.8008438749613007,3.873937315204193,3.707816399853803,3.8207786083221436,519379,0.0,0.0
2022-04-12,3.8606464737887505,3.9935437337898643,3.8141329217356126,3.827422857284546,359553,0.0,0.0
2022-04-13,3.8606481007904714,3.9071623709422982,3.787555694580078,3.787555694580078,411910,0.0,0.0
2022-04-14,3.7875546928281705,3.840712697126723,3.6480126177758625,3.7211060523986816,423484,0.0,0.0
2022-04-18,3.674591957400443,3.774264922462001,3.581564136074808,3.588209629058838,276995,0.0,0.0
2022-04-19,3.614788038924752,3.6413679122924805,3.52840572059207,3.6413679122924805,196751,0.0,0.0
2022-04-20,3.6413685966310103,3.694527305612618,3.554985563567848,3.621434211730957,1812979,0.0,0.0
2022-04-22,3.601499436710934,3.601499436710934,3.455313250606615,3.554985523223877,192673,0.0,0.0
2022-04-25,3.5350509078576033,3.6014995574951167,3.3888647168506094,3.601499557495117,403643,0.0,0.0
2022-04-26,3.568275039491619,3.568275039491619,3.315771092584677,3.3290610313415527,265531,0.0,0.0
2022-04-27,3.375574572874947,3.4752475412928234,3.24267798014735,3.2958366870880127,658263,0.0,0.0
2022-04-28,3.322416833209166,3.4420234969415118,3.222743856727892,3.408799171447754,558179,0.0,0.0
2022-04-29,3.408799578170443,3.4486683544221397,3.2559685707092285,3.2559685707092285,347318,0.0,0.0
2022-05-02,3.275902941240011,3.275902941240011,3.0765576640594676,3.096492052078247,408162,0.0,0.0
2022-05-03,3.129715825477326,3.129715825477326,3.016753614938171,3.0699126720428467,332658,0.0,0.0
2022-05-04,3.076556974250212,3.2360334396362305,2.9436603854260084,3.2360334396362305,4513932,0.0,0.0
2022-05-05,3.162940133489531,3.202809251500283,2.9569504471382437,2.9901747703552246,1281365,0.0,0.0
2022-05-06,2.9968191945806764,3.0964914650262765,2.9569504261016846,2.9569504261016846,376418,0.0,0.0
2022-05-09,2.9303713826467184,2.9436606235062284,2.7576053142547607,2.7576053142547607,618802,0.0,0.0
2022-05-10,2.7642503262492917,3.0233988761901855,2.7576050080611325,3.0233988761901855,594002,0.0,0.0
2022-05-11,3.0101091438592493,3.043333466956171,2.8838571701135045,2.9436604976654053,480360,0.0,0.0
2022-05-12,2.9901748015829868,3.049977955351482,2.8240538822594523,3.0101091861724854,536354,0.0,0.0
2022-05-13,3.043333334156728,3.1562955388096525,3.0300433959490083,3.0499777793884277,504389,0.0,0.0
2022-05-16,3.1164266865204695,3.1164266865204695,2.9370161726324167,3.083202362060547,252856,0.0,0.0
2022-05-17,3.069912980154824,3.089847366633699,3.003465025225239,3.0632681846618652,305984,0.0,0.0
2022-05-18,3.030043365456397,3.0499777486952087,2.824053690911036,2.837343454360962,668404,0.0,0.0
2022-05-19,2.830698775354682,2.897147428887702,2.7908298277085826,2.883857488632202,352940,0.0,0.0
2022-05-20,2.8838568467713497,3.016753251138197,2.7974738259536136,2.8240535259246826,3003960,0.0,0.0
2022-05-23,2.8439881700745686,2.9237260549673922,2.81740916615039,2.8572781085968018,393613,0.0,0.0
2022-05-24,2.850632693938733,2.857278012223825,2.7443158087076873,2.837343454360962,293859,0.0,0.0
2022-05-25,2.837343288598196,2.8705669094737942,2.7642502050780156,2.8240535259246826,220890,0.0,0.0
2022-05-26,2.8572779018666257,2.9237258434295654,2.8107636442763884,2.9237258434295654,190799,0.0,0.0
2022-05-27,2.9237259626488843,2.9370159007514793,2.8506327000770284,2.8705670833587646,762315,0.0,0.0
2022-05-30,2.8572779526943766,2.8772123355178687,2.7775393736561202,2.830698251724243,263106,0.0,0.0
2022-05-31,2.8373436515152575,2.8971471546352725,2.770895004272461,2.770895004272461,210309,0.0,0.0
2022-06-01,2.7841845959297062,2.817408915406214,2.7044460196372384,2.8107635974884033,269720,0.0,0.0
2022-06-02,2.7908291094775963,2.843987809074513,2.7708945534727434,2.8041188716888428,185618,0.0,0.0
2022-06-03,2.8041193379173386,2.8174092769622803,2.7177363057417985,2.8174092769622803,221662,0.0,0.0
2022-06-06,2.8107640795289597,2.8107640795289597,2.5848398208618164,2.5848398208618164,665538,0.0,0.0
2022-06-07,2.5981296475348334,2.624708652496338,2.518391759529998,2.624708652496338,449497,0.0,0.0
2022-06-08,2.5582607730764155,2.6512884280269726,2.4851675033569336,2.4851675033569336,341476,0.0,0.0
2022-06-09,2.4918117765695076,2.5516150985530546,2.4851671570424965,2.525036096572876,335634,0.0,0.0
2022-06-10,2.498456397977839,2.5449704809423888,2.3655598163604736,2.3655598163604736,252415,0.0,0.0
2022-06-13,2.338980859155198,2.3655598616644173,2.2393085956573486,2.2393085956573486,529410,0.0,0.0
2022-06-14,2.31904623437323,2.378849730435442,2.2260185932346825,2.2858219146728516,1119003,0.0,0.0
2022-06-15,2.29246666315576,2.3987842477067005,2.232663338351952,2.325690984725952,1947013,0.0,0.0
2022-06-17,2.2991121747649097,2.2991121747649097,2.139635871844309,2.2260189056396484,908143,0.0,0.0
2022-06-20,2.2525978259528383,2.2525978259528383,2.146281109603835,2.152925729751587,224417,0.0,0.0
2022-06-21,2.1861500477409335,2.212729052141901,2.0598978996276855,2.0598978996276855,253186,0.0,0.0
2022-06-22,2.0466081600788613,2.292466791382518,2.0000945962262526,2.186150074005127,962263,0.0,0.0
2022-06-23,2.206084325005521,2.206084325005521,2.0864768028259277,2.0864768028259277,204246,0.0,0.0
2022-06-24,2.099766484785168,2.1462807386446636,2.0466077865503944,2.1130564212799072,672592,0.0,0.0
2022-06-27,2.1462811199914658,2.1595701857272247,2.0997668578674116,2.1396358013153076,163463,0.0,0.0
2022-06-28,2.126345747497606,2.1728600071068507,2.0598978030504145,2.1462810039520264,446851,0.0,0.0
2022-06-29,2.126345868751275,2.1396358076466697,2.066542540714499,2.0931222438812256,220449,0.0,0.0
2022-06-30,2.0665423726746766,2.3256909213404677,2.046607989824726,2.2393085956573486,647461,0.0,0.0
2022-07-01,2.239308803684199,2.325691137392046,2.1595702171325684,2.1595702171325684,399455,0.0,0.0
2022-07-04,2.1795048166064084,2.3190465598339256,2.1795048166064084,2.2260189056396484,241392,0.0,0.0
2022-07-05,2.22601889903421,2.4984567165374756,2.186150129014484,2.4984567165374756,910678,0.0,0.0
2022-07-06,2.458587301373821,2.637998129119816,2.3987839831652127,2.4519426822662354,11475850,0.0,0.0
2022-07-07,2.478522441552548,2.6512887030961894,2.4452989865927224,2.598129987716675,339713,0.0,0.0
2022-07-08,2.618064013728145,2.857278199924865,2.564905305684429,2.7841849327087402,329572,0.0,0.0
2022-07-11,2.784184786173288,2.784184786173288,2.5183916091918945,2.5183916091918945,436160,0.0,0.0
2022-07-12,2.5516148497246305,2.631353419505621,2.4918115335729842,2.538325786590576,315794,0.0,0.0
2022-07-13,2.684512138366699,2.7642507295365037,2.6114188663545645,2.684512138366699,608662,0.0,0.0
2022-07-14,2.6911572708709484,2.7642505378134765,2.604774239655205,2.737670660018921,2716052,0.0,0.0
2022-07-15,2.7243817075001573,2.824053983260512,2.6645776784724795,2.790829658508301,298599,0.0,0.0
2022-07-18,2.8506330757578295,2.8572783949330076,2.6978020852936013,2.7310264110565186,385346,0.0,0.0
2022-07-19,2.764250696151831,2.8041194673830026,2.624708774474223,2.6313540935516357,359994,0.0,0.0
2022-07-20,2.6778671967093186,2.7310260764929573,2.63799842977571,2.7110915184020996,727815,0.0,0.0
2022-07-21,2.691157482616411,2.8240540880607505,2.691157482616411,2.7642507553100586,267626,0.0,0.0
2022-07-22,2.7642504598058024,2.9037914964321576,2.7509605212835693,2.8572781085968018,338831,0.0,0.0
2022-07-25,2.897146683295465,2.9370156206811346,2.8041188716888428,2.8041188716888428,401439,0.0,0.0
2022-07-26,2.863922785804225,2.9436604976654053,2.731026191912781,2.9436604976654053,356357,0.0,0.0
2022-07-27,2.923726123921263,3.0566227182929397,2.890501800704282,2.9901747703552246,411690,0.0,0.0
2022-07-28,3.023399645257576,3.1031375465808813,2.943661045437897,3.096492052078247,237865,0.0,0.0
2022-07-29,3.096491271171003,3.156295467889822,2.9635946860647557,3.0566225051879883,343901,0.0,0.0
2022-08-01,3.030043586831605,3.030043586831605,2.8174092769622803,2.8174092769622803,413012,0.0,0.0
2022-08-02,2.8439883484507393,2.870567354041965,2.7576053142547607,2.7576053142547607,215048,0.0,0.0
2022-08-03,2.7908295771716087,2.9037916144654656,2.7841849568885166,2.850632905960083,91266,0.0,0.0
2022-08-04,2.883857220792965,3.0167536423958032,2.883857220792965,2.996819257736206,165998,0.0,0.0
2022-08-05,3.0101097039968696,3.1230719345996607,2.976885374717383,3.096492052078247,153212,0.0,0.0
2022-08-08,3.1363618758603673,3.176230651897926,3.056623276040688,3.096492052078247,112539,0.0,0.0
2022-08-09,3.109781086160987,3.1430054057483536,3.0699123217538498,3.1164262294769287,143733,0.0,0.0
2022-08-10,3.1562957980935566,3.1961645682475424,3.1031370886401075,3.129715919494629,179887,0.0,0.0
2022-08-11,3.1164266244945757,3.255968016103072,2.9503057039975236,2.9835293292999268,505712,0.0,0.0
2022-08-12,3.0101091547365395,3.0233990935722055,2.890501800704282,2.9901747703552246,467133,0.0,0.0
2022-08-15,2.9569504884170126,3.056622760963125,2.923726164736223,2.996819257736206,300914,0.0,0.0
2022-08-16,3.056622760963125,3.103137023665107,2.990174812097802,2.996819257736206,232354,0.0,0.0
2022-08-17,3.069912802447487,3.196164608001709,2.996819357759767,3.196164608001709,284931,0.0,0.0
2022-08-18,3.2227432044682054,3.2426775861809984,3.129715391312351,3.1363608837127686,203365,0.0,0.0
2022-08-19,3.1562951546518434,3.1562951546518434,2.8506323756707626,2.9104363918304443,2068260,0.0,0.0
2022-08-22,2.9237260929776068,3.0300435070489726,2.8772125299134887,2.970240354537964,118712,0.0,0.0
2022-08-23,2.956950729772575,3.0699129505602096,2.956950729772575,3.0433337688446045,95344,0.0,0.0
2022-08-24,3.0699129400601644,3.236033872958981,3.049978204593487,3.0898473262786865,281183,0.0,0.0
2022-08-25,3.182874811213278,3.182874811213278,3.0034649859984244,3.0898473262786865,98871,0.0,0.0
2022-08-26,3.156295753435444,3.156295753435444,2.950305713561843,3.030043601989746,493477,0.0,0.0
2022-08-29,3.056622322795926,3.056622322795926,2.9037911891937256,2.9037911891937256,159275,0.0,0.0
2022-08-30,2.963594608367329,2.963594608367329,2.850632583838197,2.9237258434295654,129183,0.0,0.0
2022-08-31,2.990174822706292,3.0699127108757,2.917081554822926,2.9835293292999268,291875,0.0,0.0
2022-09-01,3.056622781716337,3.089847105622706,2.976884893288434,3.030043601989746,200168,0.0,0.0
2022-09-02,2.9835293495295296,3.0699127316910193,2.963594964664046,3.016753673553467,124223,0.0,0.0
2022-09-05,2.956950234533873,3.116426345862446,2.956950234533873,3.0233988761901855,251423,0.0,0.0
2022-09-06,3.0167535893808872,3.0366883229382893,2.9436604976654053,2.9436604976654053,207663,0.0,0.0
2022-09-08,2.956949914236001,3.049977373831494,2.9170809780345,2.9370155334472656,971963,0.0,0.0
2022-09-09,2.923726184587122,3.0499779867846892,2.923726184587122,3.030043601989746,143733,0.0,0.0
2022-09-12,3.030043857948913,3.1562960200596044,3.0167539177148357,3.0632681846618652,572839,0.0,0.0
2022-09-13,3.0566225051879883,3.109781209080107,2.983529069056263,3.0566225051879883,158283,0.0,0.0
2022-09-14,3.0034647933326517,3.1562957763671875,2.9635949757087037,3.1562957763671875,326706,0.0,0.0
2022-09-15,3.156295720906521,3.156295720906521,3.003464740557446,3.0101091861724854,109563,0.0,0.0
2022-09-16,2.9768844495219895,3.10978102684021,2.943660130568395,3.10978102684021,163243,0.0,0.0
2022-09-19,3.030043581416996,3.103137023665107,2.9768848730766093,2.996819257736206,193665,0.0,0.0
2022-09-20,3.0167537131407025,3.1164266865204695,2.9768849428865596,3.083202362060547,318660,0.0,0.0
2022-09-21,3.076556766573621,3.1629397879519225,2.9968188885112608,3.1164262294769287,439577,0.0,0.0
2022-09-22,3.096491271171003,3.156295467889822,3.0366881221964808,3.0566225051879883,176911,0.0,0.0
2022-09-23,3.0366883233972026,3.0366883233972026,2.9104368735045614,3.003464698791504,707864,0.0,0.0
2022-09-26,3.003464638356446,3.003464638356446,2.8439881700745686,2.8572781085968018,411028,0.0,0.0
2022-09-27,2.9037911891937256,2.956950064537845,2.843987869163685,2.9037911891937256,397250,0.0,0.0
2022-09-28,2.9037915750599312,2.9768848419189453,2.850632867275932,2.9768848419189453,153102,0.0,0.0
2022-09-29,2.970240235579304,2.970240235579304,2.917081356048584,2.917081356048584,355916,0.0,0.0
2022-09-30,2.9170814400615486,2.937015998631684,2.863922733623892,2.8905017375946045,306756,0.0,0.0
2022-10-03,2.9370160627569293,3.0433334779535204,2.8971471193702385,2.9901747703552246,1463897,0.0,0.0
2022-10-04,3.0034647715112857,3.069912720827763,2.976884893288434,3.030043601989746,596537,0.0,0.0
2022-10-05,3.0566229856471767,3.083202516395223,2.956950705774426,2.963595151901245,465479,0.0,0.0
2022-10-06,2.9702403159230357,2.9768847613119798,2.8572781085968018,2.8572781085968018,422602,0.0,0.0
2022-10-07,2.857277854304364,2.897146793202514,2.8107635974884033,2.8107635974884033,282616,0.0,0.0
2022-10-10,2.8107640438107437,2.824053983260512,2.770895098581788,2.790829658508301,226512,0.0,0.0
2022-10-11,2.790829658508301,2.8107640438107437,2.7576053337560897,2.790829658508301,151779,0.0,0.0
2022-10-13,2.7775394533107334,2.804119155043123,2.724381446838379,2.724381446838379,258146,0.0,0.0
2022-10-14,2.7376706806510627,2.790829563520487,2.7243816147739457,2.770895004272461,130175,0.0,0.0
2022-10-17,2.7642503649566263,2.7908293679688048,2.6845117843036266,2.691157102584839,278538,0.0,0.0
2022-10-18,2.6978017223698445,2.757605046675414,2.664577401076454,2.691157102584839,237314,0.0,0.0
2022-10-19,2.7110913277357294,2.7376703291981594,2.644642689023385,2.6645772457122803,380716,0.0,0.0
2022-10-20,2.6911572854877734,2.6911572854877734,2.544970750808716,2.544970750808716,441781,0.0,0.0
2022-10-21,2.5516151755845287,2.691157079337686,2.5516151755845287,2.657932758331299,332879,0.0,0.0
2022-10-24,2.6446430371855145,2.657932976226428,2.5981296475348334,2.624708652496338,224638,0.0,0.0
2022-10-25,2.624708774474223,2.657933099748344,2.5914844492001015,2.6313540935516357,482454,0.0,0.0
2022-10-26,2.6313539184121795,2.6313539184121795,2.505101944796272,2.571549892425537,400006,0.0,0.0
2022-10-27,2.578194899134654,2.691157102584839,2.558260515907482,2.691157102584839,270932,0.0,0.0
2022-10-28,2.6579331111414977,2.671223050857,2.5781952190892152,2.6180641651153564,266854,0.0,0.0
2022-10-31,2.5582604387990586,2.6512880815940765,2.5582604387990586,2.604773998260498,273798,0.0,0.0
2022-11-01,2.591484308242798,2.671222894112395,2.53168098002482,2.591484308242798,984419,0.0,0.0
2022-11-03,2.558260503012678,2.7310260298976146,2.558260503012678,2.6446428298950195,448615,0.0,0.0
2022-11-04,2.6579327812914477,2.7310260436632356,2.624708459998057,2.691157102584839,982765,0.0,0.0
2022-11-07,2.7044461441688514,2.737670465175239,2.5848394965909165,2.657932758331299,810263,0.0,0.0
2022-11-08,2.677867108128838,2.750960368961448,2.6180637850825903,2.637998342514038,1303189,0.0,0.0
2022-11-09,2.6379984075508416,2.737670498669189,2.6379984075508416,2.6778671741485596,335194,0.0,0.0
2022-11-10,2.7044460860162003,2.7243813417627627,2.5582604387990586,2.604773998260498,750191,0.0,0.0
2022-11-11,2.611418826978761,2.67786747732759,2.5715500558672364,2.5848398208618164,481793,0.0,0.0
2022-11-14,2.604774243078154,2.6446430120780042,2.5051019713304026,2.558260679244995,709297,0.0,0.0
2022-11-16,2.591484012863258,2.591484012863258,2.465232750597823,2.491811752319336,586066,0.0,0.0
2022-11-17,2.4918122989399167,2.4918122989399167,2.3522710686429216,2.398784637451172,595655,0.0,0.0
2022-11-18,2.4253638635730086,2.4851671862596403,2.325690902391087,2.3522706031799316,516293,0.0,0.0
2022-11-21,2.398784482231481,2.398784482231481,2.2858222667960666,2.3389811515808105,593120,0.0,0.0
2022-11-22,2.3522705448729604,2.372205101690407,2.272532142979131,2.299111843109131,512876,0.0,0.0
2022-11-23,2.3256914461390994,2.3256914461390994,2.2459537221222137,2.2592434883117676,411800,0.0,0.0
2022-11-24,2.3124015968823817,2.425364343499559,2.272532648994086,2.398784637451172,1114925,0.0,0.0
2022-11-25,2.3655599261365086,2.405428867547065,2.3190463648855877,2.325690984725952,766283,0.0,0.0
2022-11-28,2.32569071983992,2.3323360374196236,2.259242782763878,2.292466402053833,305984,0.0,0.0
2022-11-29,2.2991121459928783,2.4652330672335117,2.2924668271808324,2.432008743286133,1199137,0.0,0.0
2022-11-30,2.4320084545859606,2.531680716099887,2.412074072132793,2.525036096572876,249328,0.0,0.0
2022-12-01,2.5117459140821903,2.538325786590576,2.438652836300379,2.538325786590576,325163,0.0,0.0
2022-12-02,2.525036159524169,2.6379983614045406,2.4718774557423417,2.6114184856414795,556195,0.0,0.0
2022-12-05,2.6180640073688335,2.624708627578079,2.525036355830328,2.558260679244995,311385,0.0,0.0
2022-12-06,2.5582609115265034,2.5981298587703834,2.498456879476409,2.511746644973755,961492,0.0,0.0
2022-12-07,2.5383260341230773,2.564905036103256,2.4452983921361615,2.525036096572876,2512026,0.0,0.0
2022-12-08,2.5250364484431524,2.5914843992134022,2.385494529457145,2.4851675033569336,786895,0.0,0.0
2022-12-09,2.4918116192799857,2.5649048741999008,2.4054286022727984,2.4519426822662354,1581617,0.0,0.0
2022-12-12,2.4386528246367503,2.498456140502368,2.385493952994367,2.4785215854644775,413564,0.0,0.0
2022-12-13,2.4386532624913384,2.5051019076310266,2.3987843198812073,2.458587646484375,270492,0.0,0.0
2022-12-14,2.445298581027859,2.491811969054219,2.39213969984092,2.458587646484375,230700,0.0,0.0
2022-12-15,2.4585877913055394,2.5316810607910156,2.4452987250662415,2.5316810607910156,119373,0.0,0.0
2022-12-16,2.4785222499367787,2.5183918945733783,2.3655602067685697,2.3921399116516113,262004,0.0,0.0
2022-12-19,2.3921400165312177,2.438653585339468,2.338981302930769,2.398784637451172,220670,0.0,0.0
2022-12-20,2.4054287307001063,2.5516150737208805,2.3921394917754144,2.491811752319336,217143,0.0,0.0
2022-12-21,2.531680986463318,2.5649053100147805,2.4918120426752517,2.544970750808716,137450,0.0,0.0
2022-12-22,2.551614837520725,2.598129090315848,2.458587205050614,2.4785215854644775,140206,0.0,0.0
2022-12-23,2.4718775964512574,2.5383262418971313,2.4386532737283204,2.5051019191741943,276664,0.0,0.0
2022-12-26,2.505101981644713,2.544970750808716,2.4519430988871855,2.544970750808716,118161,0.0,0.0
2022-12-27,2.5449707923853997,2.5516154127305555,2.412074369128764,2.4187188148498535,191570,0.0,0.0
2022-12-28,2.425363856127332,2.604773998260498,2.4054287750048156,2.604773998260498,115405,0.0,0.0
2022-12-29,2.6047742471784603,2.6645775753964376,2.551615364556125,2.591484308242798,171950,0.0,0.0
2023-01-02,2.571549630604091,2.591484012863258,2.491811752319336,2.491811752319336,150787,0.0,0.0
2023-01-03,2.5250362916240627,2.558260614193907,2.458587646484375,2.458587646484375,207222,0.0,0.0
2023-01-04,2.485167637851299,2.531681205907734,2.4519433114199747,2.511746644973755,190468,0.0,0.0
2023-01-05,2.5383264745703435,2.6114188736667705,2.4253642559051514,2.4253642559051514,379945,0.0,0.0
2023-01-06,2.451943026444088,2.491811969054219,2.345625613318327,2.458587646484375,250320,0.0,0.0
2023-01-09,2.4187185170357597,2.5715496556302666,2.4187185170357597,2.525036096572876,176139,0.0,0.0
2023-01-10,2.5383260908464047,2.5914840959946703,2.5316807726747137,2.5781948566436768,87077,0.0,0.0
2023-01-11,2.5715496556302666,2.5981293561066243,2.505101714119709,2.525036096572876,178564,0.0,0.0
2023-01-12,2.5250363290850517,2.611418661003096,2.518391708946186,2.571549892425537,205900,0.0,0.0
2023-01-13,2.5649056596364126,2.6114190553772483,2.52503671041382,2.598129987716675,144835,0.0,0.0
2023-01-16,2.5981297298269794,2.6313540546094036,2.5582607845617686,2.5649054050445557,130285,0.0,0.0
2023-01-17,2.5715497130960343,2.624708416740494,2.5649050934205375,2.5781948566436768,171069,0.0,0.0
2023-01-18,2.5848396880230924,2.697801898863405,2.551615364556125,2.591484308242798,387661,0.0,0.0
2023-01-19,2.5781948566436768,2.5848394763191735,2.5117462151520287,2.5781948566436768,85534,0.0,0.0
2023-01-20,2.578195067803387,2.591484308242798,2.538326298740777,2.591484308242798,96336,0.0,0.0
2023-01-23,2.5582605508142926,2.6114185575639772,2.5183916091918945,2.5183916091918945,122570,0.0,0.0
2023-01-24,2.5316809760395733,2.5781950637449205,2.498456652624906,2.558260679244995,164565,0.0,0.0
2023-01-25,2.5649054050445557,2.5781951698823393,2.5250364597793444,2.5649054050445557,103501,0.0,0.0
2023-01-26,2.5715496556302666,2.6047739756336354,2.525036096572876,2.525036096572876,217694,0.0,0.0
2023-01-27,2.544970971405079,2.578195297836404,2.511746644973755,2.511746644973755,129734,0.0,0.0
2023-01-30,2.5383261673151205,2.551615232442407,2.5051018455683924,2.5183916091918945,48498,0.0,0.0
2023-01-31,2.518391800043607,2.538326359677537,2.478522156903545,2.4984567165374756,144504,0.0,0.0
2023-02-01,2.505101981644713,2.544970750808716,2.4918120426752517,2.544970750808716,139324,0.0,0.0
2023-02-02,2.544970318381009,2.5649048741999008,2.4253636819637916,2.4519426822662354,374654,0.0,0.0
2023-02-03,2.465232717129936,2.4851670991184753,2.425363778528818,2.471877336502075,117499,0.0,0.0
2023-02-06,2.4253642064305443,2.4320088269749793,2.3722054958343506,2.3722054958343506,302126,0.0,0.0
2023-02-07,2.3854944705963135,2.412074348744845,2.3589154655681055,2.3854944705963135,92148,0.0,0.0
2023-02-08,2.3921396278663365,2.3987842477067005,2.3190463648855877,2.325690984725952,283167,0.0,0.0
2023-02-09,2.3323364222470633,2.3323364222470633,2.1396358013153076,2.1396358013153076,429436,0.0,0.0
2023-02-10,2.139635785950891,2.232663436410672,2.0532534541195497,2.0598978996276855,1056065,0.0,0.0
2023-02-13,2.0598976270225173,2.0997665649078976,2.013383546012171,2.0399632453918457,1075685,0.0,0.0
2023-02-14,2.0466081855463747,2.1263458991957185,1.9137115886746505,1.9801602363586426,2188406,0.0,0.0
2023-02-15,1.9801602080072458,2.1064114842803705,1.9469358846409466,2.0931222438812256,1344964,0.0,0.0
2023-02-16,2.0931218387252613,2.1927940910348096,2.0532530775006648,2.079832077026367,1009770,0.0,0.0
2023-02-17,2.0864768982243906,2.1197013957854325,2.059897893897362,2.1064114570617676,146048,0.0,0.0
2023-02-22,2.1263457342514567,2.1595700555161854,2.0598977902182045,2.099766731262207,158062,0.0,0.0
2023-02-23,2.0931218657858595,2.1130564212799072,2.013383469185638,2.1130564212799072,186941,0.0,0.0
2023-02-24,2.1197014169033905,2.1462811199914658,2.0931222376875014,2.1396358013153076,152330,0.0,0.0
2023-02-27,2.139635925604566,2.1994392569382932,2.099766979840724,2.179504871368408,155527,0.0,0.0
2023-02-28,2.1728599693994197,2.1927943523876396,2.066542387008667,2.066542387008667,138222,0.0,0.0
2023-03-01,2.079832357640075,2.1197012988678696,2.046608036222185,2.0864768028259277,173273,0.0,0.0
2023-03-02,2.0798324734554945,2.1396358013153076,2.053253468863667,2.1396358013153076,114964,0.0,0.0
2023-03-03,2.1396357134878103,2.212728977203369,2.0997667716764497,2.212728977203369,234338,0.0,0.0
2023-03-06,2.212728880312342,2.2393085811455045,2.1861498779753683,2.1927943229675293,121467,0.0,0.0
2023-03-07,2.206084367200306,2.252597754503594,2.119701339410445,2.19943904876709,175478,0.0,0.0
2023-03-08,2.1994394531467307,2.2592434883117676,2.1795050657985313,2.2592434883117676,202924,0.0,0.0
2023-03-09,2.259242754113518,2.319046071347599,2.1130564212799072,2.1130564212799072,564241,0.0,0.0
2023-03-10,2.113056617460419,2.1927943229675293,2.113056617460419,2.1927943229675293,138222,0.0,0.0
2023-03-13,2.1818886647027163,2.2091628419253357,2.1068870067514927,2.2023446559906006,221221,0.076213,0.0
2023-03-14,2.175070654031572,2.1955257493552742,2.147797193599969,2.168252468109131,77818,0.0,0.0
2023-03-15,2.168252626564491,2.2159810066223145,2.120523350579304,2.2159810066223145,166549,0.0,0.0
2023-03-16,2.215980880123135,2.3182574334902952,2.181888695667415,2.2568912506103516,197192,0.0,0.0
2023-03-17,2.270528577935831,2.277346585498101,2.2228000164031982,2.2228000164031982,90384,0.0,0.0
2023-03-20,2.222799402105991,2.236435771832921,2.1137046813964844,2.1137046813964844,161920,0.0,0.0
2023-03-21,2.134160284198708,2.2227997473432555,2.134160284198708,2.168252468109131,133372,0.0,0.0
2023-03-22,2.1682525278710854,2.331893832527406,2.1682525278710854,2.27734637260437,173824,0.0,0.0
2023-03-23,2.3182572989127195,2.3796227614884757,2.2500729339594625,2.2637100219726562,245691,0.0,0.0
2023-03-24,2.2773460984542706,2.3659857325568243,2.2773460984542706,2.338712453842163,144504,0.0,0.0
2023-03-27,2.3591675758361816,2.3864408548811156,2.331893580049467,2.3591675758361816,84983,0.0,0.0
2023-03-28,2.318257236896057,2.406896156385176,2.3114383347009713,2.3796226978302,86967,0.0,0.0
2023-03-29,2.352348904721676,2.4614436442834644,2.2909834384918213,2.2909834384918213,192011,0.0,0.0
2023-03-30,2.3318936078026504,2.4137148793948144,2.3318936078026504,2.3796226978302,83440,0.0,0.0
2023-03-31,2.400078565099899,2.400078565099899,2.284165620803833,2.284165620803833,164345,0.0,0.0
2023-04-03,2.2909835743755496,2.386441230773926,2.2841653879294546,2.386441230773926,145166,0.0,0.0
2023-04-04,2.3591679173600473,2.3932601034542516,2.297802448272705,2.297802448272705,102288,0.0,0.0
2023-04-05,2.304620765972959,2.379623149609487,2.2228000164031982,2.2228000164031982,172061,0.0,0.0
2023-04-06,2.256891224026268,2.2909834080804137,2.2159808540209376,2.236436128616333,127199,0.0,0.0
2023-04-10,2.2500731930241855,2.2841653794260566,2.2159810066223145,2.2159810066223145,85203,0.0,0.0
2023-04-11,2.2568911578053505,2.352348804473877,2.2432549654885503,2.352348804473877,126868,0.0,0.0
2023-04-12,2.372804320325316,2.4205334173027135,2.297802477563538,2.386441230773926,198735,0.0,0.0
2023-04-13,2.3523488936510306,2.4273514483531424,2.318257426046624,2.4068963527679443,133923,0.0,0.0
2023-04-14,2.4068961626841863,2.440988344338022,2.3455305224039975,2.41371488571167,101958,0.0,0.0
2023-04-17,2.4137150798296507,2.447806547483431,2.3932599842148283,2.440988540649414,136789,0.0,0.0
2023-04-18,2.427351451868608,2.440988540649414,2.386441081453501,2.440988540649414,81676,0.0,0.0
2023-04-19,2.4205332623435383,2.475080721460452,2.40007816675834,2.4068963527679443,85644,0.0,0.0
2023-04-20,2.427351605105301,2.427351605105301,2.318257575753769,2.4205334186553955,158944,0.0,0.0
2023-04-24,2.4137149782566936,2.4137149782566936,2.3182573318481445,2.3182573318481445,124884,0.0,0.0
2023-04-25,2.34553059655941,2.365985870361328,2.290983319211263,2.365985870361328,82668,0.0,0.0
2023-04-26,2.3455307423045313,2.3455307423045313,2.27734637260437,2.27734637260437,96997,0.0,0.0
2023-04-27,2.2909833408591758,2.352348804473877,2.2773462526150996,2.352348804473877,110004,0.0,0.0
2023-04-28,2.318257548160933,2.3796230173344175,2.3114386450502953,2.3318939208984375,187051,0.0,0.0
2023-05-02,2.3046202943410705,2.3728039397198755,2.3046202943410705,2.325075387954712,172832,0.0,0.0
2023-05-03,2.3523490442451376,2.386441230773926,2.338712850538421,2.386441230773926,156629,0.0,0.0
2023-05-04,2.3796226406923195,2.4137148214383357,2.325075366521225,2.338712453842163,111106,0.0,0.0
2023-05-05,2.38644120370317,2.38644120370317,2.304620637867014,2.3318939208984375,116728,0.0,0.0
2023-05-08,2.3523487980673012,2.427351349721811,2.3182573318481445,2.3182573318481445,200499,0.0,0.0
2023-05-09,2.3182573318481445,2.365985886274237,2.3182573318481445,2.3182573318481445,178013,0.0,0.0
2023-05-10,2.325075387954712,2.4000779354277317,2.3046202943410705,2.325075387954712,315022,0.0,0.0
2023-05-11,2.3318939473504328,2.386441230773926,2.2841653879294546,2.386441230773926,150126,0.0,0.0
2023-05-12,2.352349017561109,2.3659861070404986,2.304620637867014,2.3318939208984375,202152,0.0,0.0
2023-05-15,2.331893917625025,2.3591679173600473,2.297802448272705,2.297802448272705,120475,0.0,0.0
2023-05-16,2.318257544906662,2.3387128207260903,2.284165358812458,2.297802448272705,105485,0.0,0.0
2023-05-17,2.2978023644191836,2.3250756464170403,2.2500730906065134,2.27734637260437,169305,0.0,0.0
2023-05-18,2.290983807945053,2.318257810808375,2.250073430799291,2.284165620803833,213946,0.0,0.0
2023-05-19,2.2978022370941047,2.379622795295718,2.270528239865688,2.3182573318481445,190909,0.0,0.0
2023-05-22,2.3455307076414265,2.4205332623435383,2.3455307076414265,2.4068963527679443,994229,0.0,0.0
2023-05-23,2.406896483040012,2.4273515797323317,2.3796230207835856,2.400078296661377,258367,0.0,0.0
2023-05-24,2.4000778568124854,2.4614433148288115,2.386440769812522,2.454625129699707,412461,0.0,0.0
2023-05-25,2.4614434580394735,2.5500829160274714,2.4546252725136766,2.515990734100342,179776,0.0,0.0
2023-05-26,2.543264495260395,2.556901585635612,2.4818990220557846,2.5500833988189697,118602,0.0,0.0
2023-05-29,2.5432641236430005,2.5432641236430005,2.5091728361701837,2.5228090286254883,80353,0.0,0.0
2023-05-30,2.5364461170080768,2.556901212025589,2.488717561967215,2.5228090286254883,82889,0.0,0.0
2023-05-31,2.4955357782468113,2.5978116129536124,2.488717592343211,2.5773563385009766,126868,0.0,0.0
2023-06-01,2.59099350981595,2.611448605736538,2.4546254869368362,2.5637195110321045,124223,0.0,0.0
2023-06-02,2.563719516830348,2.6387220729318623,2.563719516830348,2.631903886795044,147811,0.0,0.0
2023-06-05,2.62508560613606,2.7273614406585693,2.5909934223812785,2.7273614406585693,269169,0.0,0.0
2023-06-06,2.7341796265498837,2.822819089289765,2.6523588872576926,2.7273614406585693,365395,0.0,0.0
2023-06-07,2.7409987937073295,2.802364264505912,2.706906606662429,2.747816801071167,579562,0.0,0.0
2023-06-09,2.7546349694446324,2.9523691871181112,2.7546349694446324,2.8978219032287598,293308,0.0,0.0
2023-06-12,2.8910032342742773,2.9182765132966426,2.8296370573794793,2.863729238510132,199066,0.0,0.0
2023-06-13,2.8637294907347886,2.8637294907347886,2.768271841043629,2.7819087505340576,127309,0.0,0.0
2023-06-14,2.781908653107407,2.8841844851837357,2.7614535583663233,2.8432741165161133,344232,0.0,0.0
2023-06-15,2.88418481347821,2.8978219032287598,2.8160011565802083,2.8978219032287598,229267,0.0,0.0
2023-06-16,2.8910038231439725,2.8978220098992793,2.836456537246704,2.836456537246704,93801,0.0,0.0
2023-06-19,2.8364561099733274,2.8910033876537935,2.8160008360467894,2.8432741165161133,232574,0.0,0.0
2023-06-20,2.850092515450221,2.8637296046686638,2.781908861212684,2.822819232940674,98982,0.0,0.0
2023-06-21,2.8228190976236607,2.8364561861883852,2.7205432627991994,2.795545816421509,256603,0.0,0.0
2023-06-22,2.7887267789484222,2.795545681272046,2.7273613168575244,2.7682716846466064,116287,0.0,0.0
2023-06-23,2.8500926454639637,2.8500926454639637,2.747816801071167,2.747816801071167,148142,0.0,0.0
2023-06-26,2.747816274183943,2.7887266399336914,2.7409982681274414,2.7409982681274414,57647,0.0,0.0
2023-06-27,2.7409985332791527,2.7750898211575863,2.67963217238374,2.761453628540039,180768,0.0,0.0
2023-06-28,2.761453521137283,2.8432740781839945,2.7205431530212016,2.7546346187591553,182863,0.0,0.0
2023-06-29,2.7750898252035037,2.816000911712217,2.7205432627991994,2.795545816421509,158393,0.0,0.0
2023-06-30,2.7955454490939453,2.8910030854640727,2.754634367960844,2.802363634109497,232243,0.0,0.0
2023-07-03,2.8705476805225416,2.8978216787251623,2.8160009384155273,2.8160009384155273,235771,0.0,0.0
2023-07-04,2.884184441843201,2.897821529836575,2.8364560673500057,2.8705475330352783,528197,0.0,0.0
2023-07-05,2.870547795656634,2.938732166748862,2.8637296094070663,2.8910036087036133,296725,0.0,0.0
2023-07-06,2.8773662769849055,2.891003365076706,2.8023639051490816,2.8569111824035645,162140,0.0,0.0
2023-07-07,2.8637298218243754,2.904640196654586,2.8296376337494715,2.836456537246704,275452,0.0,0.0
2023-07-10,2.8364562093103127,2.8637294907347886,2.7819087505340576,2.7819087505340576,116948,0.0,0.0
2023-07-11,2.8023638668538675,2.8296371467375043,2.7273613168575244,2.7682716846466064,239849,0.0,0.0
2023-07-12,2.77508981701052,2.8432741845200833,2.7137243521341063,2.7273614406585693,469448,0.0,0.0
2023-07-13,2.7341796306358135,2.8091820049633145,2.713724356189468,2.761453628540039,393833,0.0,0.0
2023-07-14,2.7887266399336914,2.7887266399336914,2.720542995659846,2.7409982681274414,176470,0.0,0.0
2023-07-17,2.742712158361394,2.7909512712569526,2.6669086142376783,2.7771685123443604,194767,0.038546,0.0
2023-07-18,2.7771681729815993,2.8185155391693115,2.7771681729815993,2.8185155391693115,137670,0.0,0.0
2023-07-19,2.8116247016762204,2.8116247016762204,2.7220384038861614,2.763385772705078,163573,0.0,0.0
2023-07-20,2.7633858778537594,2.7702776193677145,2.6875821541852867,2.722038507461548,240400,0.0,0.0
2023-07-21,2.722038156055352,2.7840591130872174,2.7082553992047553,2.770277261734009,168754,0.0,0.0
2023-07-24,2.77027733766586,2.8322982963976866,2.7564945804374843,2.8185155391693115,538118,0.0,0.0
2023-07-25,2.825407892541359,2.859863525386027,2.790951535298603,2.8529725074768066,756032,0.0,0.0
2023-07-26,2.85297180942602,2.859862825649181,2.8185154606138703,2.839189052581787,169305,0.0,0.0
2023-07-27,2.846081118142177,2.8529721351520907,2.8047330239882107,2.811624765396118,364734,0.0,0.0
2023-07-28,2.8254075050354004,2.8460810992262346,2.7909511525183492,2.8254075050354004,135686,0.0,0.0
2023-07-31,2.8254075050354004,2.8460810992262346,2.7633858169654126,2.8254075050354004,232464,0.0,0.0
2023-08-01,2.8254074738752832,2.9149930477142334,2.8254074738752832,2.9149930477142334,428334,0.0,0.0
2023-08-02,2.9218851055124624,2.9563407369839236,2.866755153440648,2.9012107849121094,237644,0.0,0.0
2023-08-03,2.942558387715153,2.9563404215136426,2.8667548475300197,2.908102035522461,391188,0.0,0.0
2023-08-04,2.9081015727637447,3.135512700430284,2.9081015727637447,3.087273597717285,378181,0.0,0.0
2023-08-07,3.059709246331535,3.0872740378700962,3.011470317840576,3.011470317840576,162912,0.0,0.0
2023-08-08,3.0321436603010574,3.1148391097237984,2.90121001366265,3.087273597717285,393723,0.0,0.0
2023-08-09,3.1355134608794244,3.1355134608794244,2.9632324099456375,3.004579782485962,257816,0.0,0.0
2023-08-10,3.03214417134173,3.03214417134173,2.7909511525183492,2.8254075050354004,502184,0.0,0.0
2023-08-11,2.8460811323083823,2.8598631663968095,2.756494832042117,2.8047330379486084,291324,0.0,0.0
2023-08-14,2.7702776001379137,2.8047330476774976,2.7289302300327134,2.73582124710083,222654,0.0,0.0
2023-08-15,2.735821271053126,2.770277624391877,2.6875821590594726,2.7151474952697754,226071,0.0,0.0
2023-08-16,2.7220384038861614,2.790951107816509,2.6944737931727074,2.763385772705078,247895,0.0,0.0
2023-08-17,2.790951056301766,2.790951056301766,2.680690985587657,2.6944737434387207,144504,0.0,0.0
2023-08-18,2.687582015991211,2.7013647739124145,2.6048872794589077,2.687582015991211,351948,0.0,0.0
2023-08-21,2.6875820564664084,2.7771683544079817,2.6324528349462617,2.7564947605133057,301906,0.0,0.0
2023-08-22,2.7496034886570686,2.7978418699378147,2.7151471398290092,2.770277261734009,356467,0.0,0.0
2023-08-23,2.818515723296828,2.846081058454879,2.73582116661863,2.7564947605133057,381268,0.0,0.0
2023-08-24,2.756494880066691,2.7633858972309624,2.687582173030944,2.7082557678222656,170517,0.0,0.0
2023-08-25,2.7082555386522804,2.749603630233599,2.618669968803867,2.6324527263641357,532496,0.0,0.0
2023-08-28,2.6324529491197595,2.7289302681110983,2.6186701903932073,2.7082557678222656,229157,0.0,0.0
2023-08-29,2.7358211347686425,2.7358211347686425,2.6393436399853525,2.673799991607666,291875,0.0,0.0
2023-08-30,2.687582015991211,2.735821125416948,2.687582015991211,2.687582015991211,191019,0.0,0.0
2023-08-31,2.7564946656789546,2.7564946656789546,2.6186699867248535,2.6186699867248535,338059,0.0,0.0
2023-09-01,2.660017485609964,2.7358212076594106,2.6255611330696262,2.6669085025787354,258918,0.0,0.0
2023-09-04,2.6875821016100425,2.7220384542122584,2.639343715045533,2.660017490386963,270932,0.0,0.0
2023-09-05,2.6875819640029275,2.742711908024363,2.6186699867248535,2.6186699867248535,272916,0.0,0.0
2023-09-06,2.673799930746289,2.6875819640029275,2.6186699867248535,2.6186699867248535,210309,0.0,0.0
2023-09-08,2.6186702445155627,2.6324530035269755,2.58421389028555,2.6048874855041504,209317,0.0,0.0
2023-09-11,2.618669903394511,2.6875818784796937,2.618669903394511,2.6462345123291016,449938,0.0,0.0
2023-09-12,2.6531264781951904,2.6944738478531924,2.632452883915938,2.6531264781951904,274239,0.0,0.0
2023-09-13,2.6600174951887765,2.687582106461615,2.632452883915938,2.6531264781951904,273137,0.0,0.0
2023-09-14,2.6462347368036125,2.6806910894680285,2.632452883915938,2.6531264781951904,204357,0.0,0.0
2023-09-15,2.6600173359872374,2.6669083525683974,2.6255609853850275,2.6324527263641357,201050,0.0,0.0
2023-09-18,2.6393435754484402,2.666908366313092,2.625560998916626,2.625560998916626,189366,0.0,0.0
2023-09-19,2.6600174951887765,2.6600174951887765,2.60488736714561,2.6531264781951904,229708,0.0,0.0
2023-09-20,2.6531264781951904,2.6669085121823626,2.6393437198100265,2.6531264781951904,209978,0.0,0.0
2023-09-21,2.653126319406077,2.6600173359872374,2.5911046347828175,2.6324527263641357,181099,0.0,0.0
2023-09-22,2.6393438253264847,2.65312658426266,2.57043111724264,2.61177921295166,297166,0.0,0.0
2023-09-25,2.6255611852061023,2.6255611852061023,2.5221928499304656,2.56354022026062,233897,0.0,0.0
2023-09-26,2.542866449433138,2.61177915601468,2.5221928547780763,2.5566492080688477,123782,0.0,0.0
2023-09-27,2.549757326862284,2.591104695006672,2.5221927165985107,2.5221927165985107,125987,0.0,0.0
2023-09-28,2.5153017358405876,2.6117790502906724,2.5153017358405876,2.597996473312378,138662,0.0,0.0
2023-09-29,2.6186699822999513,2.673799926228231,2.577322614903485,2.625560998916626,180768,0.0,0.0
2023-10-02,2.6738000270752607,2.6944738021029853,2.563540135060057,2.591104745864868,183083,0.0,0.0
2023-10-03,2.5911049601278893,2.618670297610106,2.4808456022936296,2.5084102153778076,354152,0.0,0.0
2023-10-04,2.5428663600323325,2.6048873229165164,2.522192766104103,2.591104745864868,177903,0.0,0.0
2023-10-05,2.6186701731335327,2.6186701731335327,2.5359756134137865,2.5566492080688477,117169,0.0,0.0
2023-10-06,2.556649203155012,2.5842138148759473,2.494627513811527,2.56354022026062,111216,0.0,0.0
2023-10-09,2.584213514723417,2.584213514723417,2.4601715992397355,2.501518964767456,244919,0.0,0.0
2023-10-10,2.5350825628562887,2.576755095423173,2.5003552394395734,2.5211915969848633,204577,0.025697,0.0
2023-10-11,2.548972969306545,2.5559189085192053,2.486464262008667,2.486464262008667,154645,0.0,0.0
2023-10-13,2.507300539118963,2.5142457485198975,2.46562800504744,2.5142457485198975,108020,0.0,0.0
2023-10-16,2.5211915969848633,2.5350825628562887,2.5003552394395734,2.5211915969848633,90494,0.0,0.0
2023-10-17,2.528136666895337,2.528136666895337,2.410064458847046,2.410064458847046,368151,0.0,0.0
2023-10-18,2.430900812149048,2.465628138702106,2.3961734855959897,2.430900812149048,153874,0.0,0.0
2023-10-19,2.4309006389056327,2.4725731722662214,2.368391930126599,2.389228105545044,274901,0.0,0.0
2023-10-20,2.3892280296923185,2.4170095960349083,2.3545007067166948,2.3961732387542725,209317,0.0,0.0
2023-10-23,2.3961734534446473,2.4170098125921617,2.340610680828588,2.3614468574523926,466582,0.0,0.0
2023-10-24,2.3614464707920133,2.3961730610981786,2.3475555061269238,2.3545005321502686,149905,0.0,0.0
2023-10-25,2.382283129457373,2.396173365794016,2.3267194462552516,2.333664655685425,195759,0.0,0.0
2023-10-26,2.340610471116481,2.3961732387542725,2.319773383741071,2.3961732387542725,166219,0.0,0.0
2023-10-27,2.39617320775634,2.4517368872938032,2.3683918242968356,2.3822829723358154,135907,0.0,0.0
2023-10-30,2.4031193781403486,2.4031193781403486,2.3475558757781982,2.3475558757781982,106587,0.0,0.0
2023-10-31,2.3614470189210826,2.382283379493325,2.340610840872562,2.3683922290802,99863,0.0,0.0
2023-11-01,2.403119173955232,2.4239553486778753,2.3614466419862508,2.4170095920562744,290773,0.0,0.0
2023-11-03,2.4378465088631143,2.500355215862159,2.4378465088631143,2.4517369270324707,258918,0.0,0.0
2023-11-06,2.458682984402111,2.4864645542334776,2.3753373622894287,2.3753373622894287,192452,0.0,0.0
2023-11-07,2.3822830894969926,2.4378465892433896,2.3822830894969926,2.4239554405212402,137119,0.0,0.0
2023-11-08,2.45173734041479,2.493409697091313,2.45173734041479,2.4725735187530518,148032,0.0,0.0
2023-11-09,2.5350825628562887,2.5906453311998145,2.4934093001946214,2.5211915969848633,305212,0.0,0.0
2023-11-10,2.5350828170776367,2.569809413881996,2.4656281632792045,2.5350828170776367,359223,0.0,0.0
2023-11-13,2.562864065170288,2.5698092746406154,2.507300564170627,2.562864065170288,246573,0.0,0.0
2023-11-14,2.5698094367980957,2.5906456140949734,2.542028049592641,2.5698094367980957,323951,0.0,0.0
2023-11-16,2.5906456140949734,2.5975915540984134,2.542028049592641,2.5698094367980957,663333,0.0,0.0
2023-11-17,2.5698093915104363,2.722609117470384,2.5350827950083903,2.660100221633911,578901,0.0,0.0
2023-11-20,2.660100139760633,2.7295540607219038,2.65315511271192,2.6878817081451416,496012,0.0,0.0
2023-11-21,2.729553907334099,2.736499846611019,2.6392638151583165,2.7156636714935303,176911,0.0,0.0
2023-11-22,2.7156639636409583,2.7503912909534174,2.604536771774292,2.604536771774292,390196,0.0,0.0
2023-11-23,2.604536771774292,2.632318889157462,2.597591561845003,2.604536771774292,148473,0.0,0.0
2023-11-24,2.569809219779516,2.667045253191245,2.569809219779516,2.639263868331909,575815,0.0,0.0
2023-11-27,2.660100276445767,2.67399142639921,2.583700594415276,2.604536771774292,208325,0.0,0.0
2023-11-28,2.6045364304924923,2.6114816395117257,2.5211915494536927,2.5767550468444824,525883,0.0,0.0
2023-11-29,2.6045365996581817,2.6045365996581817,2.5211917132060986,2.562864065170288,411359,0.0,0.0
2023-11-30,2.5559189204015786,2.597591270444767,2.5142456577399113,2.5211915969848633,379945,0.0,0.0
2023-12-01,2.5281368629883505,2.715663916128291,2.50730068599388,2.6948275566101074,659916,0.0,0.0
2023-12-04,2.7017726748611026,2.708717884433523,2.625372814232584,2.6878817081451416,520702,0.0,0.0
2023-12-05,2.646209077653968,2.694827368145383,2.62537271959299,2.639263868331909,344342,0.0,0.0
2023-12-06,2.6739911926081055,2.6739911926081055,2.62537271959299,2.639263868331909,198074,0.0,0.0
2023-12-07,2.667045253191245,2.667045253191245,2.62537271959299,2.639263868331909,131167,0.0,0.0
2023-12-08,2.646209138951357,2.6878816735149242,2.6045366043877896,2.6184277534484863,298599,0.0,0.0
2023-12-11,2.6184279139190068,2.6184279139190068,2.5628642268895185,2.5698094367980957,345775,0.0,0.0
2023-12-12,2.5975916385650635,2.5975916385650635,2.5003555937799664,2.5975916385650635,218686,0.0,0.0
2023-12-13,2.5975913949048506,2.625372780407721,2.54897310328723,2.6184277534484863,364293,0.0,0.0
2023-12-14,2.6392639393121757,2.6878816835400134,2.6184277632145307,2.6531550884246826,508577,0.0,0.0
2023-12-15,2.6601000438691864,2.687881611252223,2.6323186590098504,2.639263868331909,360545,0.0,0.0
2023-12-18,2.6601000438691864,2.6739911926081055,2.639263868331909,2.639263868331909,330785,0.0,0.0
2023-12-19,2.6392637924188436,2.667045176479105,2.6392637924188436,2.6462090015411377,229708,0.0,0.0
2023-12-20,2.646209013088458,2.680936336517334,2.639263803935857,2.680936336517334,342248,0.0,0.0
2023-12-21,2.6809364985727213,2.7017726748611026,2.660100139760633,2.6878817081451416,259138,0.0,0.0
2023-12-22,2.6878816472125266,2.7364999383543904,2.667045288872786,2.7087178230285645,498216,0.0,0.0
2023-12-26,2.743445228762669,2.8128998802947467,2.7226090523314954,2.757336378097534,445639,0.0,0.0
2023-12-27,2.764281343953837,2.778172492980957,2.750391107545237,2.778172492980957,190578,0.0,0.0
2023-12-28,2.7781728084450945,2.7781728084450945,2.750391419854772,2.7712275981903076,203034,0.0,0.0
2024-01-02,2.771227325917201,2.778172535489621,2.6809364985727213,2.6878817081451416,282396,0.0,0.0
2024-01-03,2.687881966300596,2.7503914137879435,2.680936756061129,2.7365002632141113,231692,0.0,0.0
2024-01-04,2.7712272630951924,2.7712272630951924,2.68093643779755,2.7087178230285645,220008,0.0,0.0
2024-01-05,2.7087178230285645,2.7295539988446027,2.6878816472125266,2.7087178230285645,228937,0.0,0.0
2024-01-08,2.743445219482026,2.743445219482026,2.687881717472776,2.722609043121338,147370,0.0,0.0
2024-01-09,2.6739912890003015,2.7295540607219038,2.6739912890003015,2.6878817081451416,149244,0.0,0.0
2024-01-10,2.6948273023936236,2.708717720698825,2.646209013088458,2.680936336517334,254068,0.0,0.0
2024-01-11,2.6809365078762544,2.764281395842714,2.6601001489918588,2.722609043121338,367379,0.0,0.0
2024-01-12,2.708718144590171,2.7365002632141113,2.694827724111237,2.7365002632141113,163794,0.0,0.0
2024-01-15,2.7365001863788794,2.74344539642334,2.701772858490543,2.74344539642334,131057,0.0,0.0
2024-01-16,2.7434452251505235,2.750391164856227,2.6809365134155962,2.701772689819336,179005,0.0,0.0
2024-01-17,2.701772588278609,2.701772588278609,2.6114817638276393,2.6739912033081055,493587,0.0,0.0
2024-01-18,2.67399142639921,2.67399142639921,2.590645621820849,2.604536771774292,212513,0.0,0.0
2024-01-19,2.639263929468418,2.639263929468418,2.576755218884919,2.6184277534484863,191681,0.0,0.0
2024-01-22,2.6184277032722933,2.6739912033081055,2.6114817638276393,2.6739912033081055,395597,0.0,0.0
2024-01-23,2.6739912033081055,2.701772588278609,2.6253727300984426,2.6739912033081055,163684,0.0,0.0
2024-01-24,2.6739912033081055,2.701772588278609,2.639263878892947,2.6739912033081055,147480,0.0,0.0
2024-01-25,2.673991512118897,2.6809367222708276,2.6253730332944407,2.6323189735412598,217473,0.0,0.0
2024-01-26,2.6323186590098504,2.646209077653968,2.6184276927946315,2.639263868331909,196971,0.0,0.0
2024-01-29,2.6045367012588714,2.6392640276311203,2.5906455516815186,2.5906455516815186,180768,0.0,0.0
2024-01-30,2.6045368486994795,2.618427999063199,2.5698095203613462,2.5975916385650635,171179,0.0,0.0
2024-01-31,2.5906455516815186,2.6392640276311203,2.569809374886623,2.5906455516815186,285813,0.0,0.0
2024-02-01,2.604536695258268,2.632318811825255,2.5767553087861237,2.6114819049835205,141859,0.0,0.0
2024-02-02,2.6323189669031968,2.6670455651464433,2.5420281322525162,2.5975916385650635,549030,0.0,0.0
2024-02-05,2.6114817935942525,2.6184277331180796,2.5350826646380655,2.5489730834960938,543408,0.0,0.0
2024-02-06,2.5767553087861237,2.632318811825255,2.5628641592407746,2.6114819049835205,313810,0.0,0.0
2024-02-07,2.644377245770505,2.6796357820087677,2.616170898600722,2.6584808826446533,224638,0.051394,0.0
2024-02-08,2.630273613576732,2.679635786776979,2.609118714174974,2.6232223510742188,219678,0.0,0.0
2024-02-09,2.6232225700040086,2.6514289195780374,2.587964030760387,2.61617112159729,289671,0.0,0.0
2024-02-14,2.6091186814150094,2.637325769543629,2.5879637822788717,2.6302735805511475,157401,0.0,0.0
2024-02-15,2.6373260332294977,2.686687469482422,2.623222580412943,2.686687469482422,183083,0.0,0.0
2024-02-16,2.6937396629168,2.764256000518799,2.679636024764961,2.764256000518799,235109,0.0,0.0
2024-02-19,2.7642557190564125,2.8206691540253153,2.7289971832140734,2.813617706298828,203144,0.0,0.0
2024-02-20,2.813617921365697,3.0886332988739014,2.792463020622099,3.0886332988739014,742254,0.0,0.0
2024-02-21,3.05337481968176,3.05337481968176,2.8629794120788574,2.8629794120788574,269720,0.0,0.0
2024-02-22,2.898237917361353,2.898237917361353,2.8488757406487597,2.870030641555786,335414,0.0,0.0
2024-02-23,2.870030415980544,2.870030415980544,2.785410633687568,2.8559277057647705,184957,0.0,0.0
2024-02-26,2.8559279516876153,2.8559279516876153,2.799514511546956,2.820669412612915,114413,0.0,0.0
2024-02-27,2.8277208643623055,2.9264442920684814,2.8136179675995954,2.9264442920684814,187713,0.0,0.0
2024-02-28,2.9475991734570073,2.9475991734570073,2.884134285291852,2.9193928241729736,169856,0.0,0.0
2024-02-29,2.919393065790841,2.919393065790841,2.8700308848930463,2.8911867141723633,159164,0.0,0.0
2024-03-01,2.8911862432159503,2.9264440380089707,2.8559277071601223,2.88413405418396,228606,0.0,0.0
2024-03-04,2.862979378551543,2.9334964561711625,2.8277208397417333,2.870030641555786,601828,0.0,0.0
2024-03-05,2.877082617251586,2.961702585220337,2.8488755288586964,2.961702585220337,262555,0.0,0.0
2024-03-06,2.954651367924268,3.0322198941485894,2.9123413806391856,2.9969613552093506,379504,0.0,0.0
2024-03-07,2.996961342854063,3.0181162437515328,2.940547717846996,2.954651355743408,188705,0.0,0.0
2024-03-08,2.9969613543065106,3.0674776909008767,2.9546513670341743,3.02516770362854,458646,0.0,0.0
2024-03-11,3.0604264545542224,3.081581356997942,2.968754469368521,3.053375005722046,455449,0.0,0.0
2024-03-12,3.060426243479116,3.060426243479116,2.9405477299697127,2.9969613552093506,419405,0.0,0.0
2024-03-13,2.9969611214089698,2.9969611214089698,2.961702585220337,2.961702585220337,307527,0.0,0.0
2024-03-14,2.9899099339737982,2.9969613823835792,2.9475992050422053,2.968754291534424,181209,0.0,0.0
2024-03-15,2.9687542795666375,2.9828577322765017,2.8982379425959075,2.9264442920684814,323840,0.0,0.0
2024-03-18,2.9264440490317045,2.9899096736132265,2.891186254105882,2.961702585220337,181760,0.0,0.0
2024-03-19,2.961702585220337,2.96875403301608,2.9052889643816657,2.961702585220337,257816,0.0,0.0
2024-03-20,2.9687544989812085,3.004013040703896,2.912341610550981,2.947599411010742,306204,0.0,0.0
2024-03-21,3.053374790100372,3.053374790100372,2.862979384342039,2.9193928241729736,948265,0.0,0.0
2024-03-22,2.9334964817127083,2.9405477447783457,2.8629794034791063,2.9264442920684814,276444,0.0,0.0
2024-03-25,2.9264442725071946,2.9264442725071946,2.862979384342039,2.9193928241729736,184185,0.0,0.0
2024-03-26,2.9123413888596144,2.9334964752197266,2.891186487815219,2.9334964752197266,134805,0.0,0.0
2024-03-27,2.9475991942310262,2.9475991942310262,2.820669417006142,2.898237943649292,244699,0.0,0.0
2024-03-28,2.912341123694165,2.9334962081281306,2.877082587865656,2.9052889347076416,214497,0.0,0.0
2024-04-01,2.9546511248520293,2.9546511248520293,2.8488755167362254,2.8559277057647705,301906,0.0,0.0
2024-04-02,2.855927972643843,2.870030684177479,2.792463083664556,2.7995145320892334,528638,0.0,0.0
2024-04-03,2.799514511546956,2.8277208609858504,2.7501523344635146,2.820669412612915,306976,0.0,0.0
2024-04-04,2.820669169726169,2.8911862418033714,2.8136177219604313,2.8559277057647705,344232,0.0,0.0
2024-04-05,2.891186260896559,2.898237708708864,2.8277206361659717,2.834772825241089,186169,0.0,0.0
2024-04-08,2.8347730701929175,2.870030682932448,2.806565793980692,2.827720880508423,358561,0.0,0.0
2024-04-09,2.841824533274569,2.9052894266922724,2.83477326967248,2.8911867141723633,184957,0.0,0.0
2024-04-10,2.8911862257099945,2.8911862257099945,2.813617706298828,2.813617706298828,292096,0.0,0.0
2024-04-11,2.820669412612915,2.820669412612915,2.792463063174021,2.820669412612915,205349,0.0,0.0
2024-04-12,2.8206693878329023,2.8206693878329023,2.7148945128009205,2.7360494136810303,499649,0.0,0.0
2024-04-15,2.736049188126042,2.750152083585399,2.6302735805511475,2.6302735805511475,645477,0.0,0.0
2024-04-16,2.630273837139826,2.693739652633667,2.5950162244205783,2.693739652633667,267846,0.0,0.0
2024-04-17,2.693739418882916,2.7078421291785504,2.6584808826446533,2.6584808826446533,131388,0.0,0.0
2024-04-18,2.637326259395657,2.6866876998816136,2.609119166027905,2.6443777084350586,143402,0.0,0.0
2024-04-19,2.7007908894954418,2.7007908894954418,2.644377449545853,2.665532350540161,113311,0.0,0.0
2024-04-22,2.672584572613025,2.736049461682504,2.6655323829154494,2.686687469482422,138552,0.0,0.0
2024-04-23,2.6866876998816136,2.7360496963147756,2.6443777084350586,2.6443777084350586,353822,0.0,0.0
2024-04-24,2.6584808639529602,2.679635763168335,2.623222327962599,2.679635763168335,201491,0.0,0.0
2024-04-25,2.7078425835867463,2.7078425835867463,2.6302740502876296,2.637326240539551,166108,0.0,0.0
2024-04-26,2.6514286565839966,2.707842091399305,2.644377208876708,2.7007906436920166,137781,0.0,0.0
2024-04-29,2.70079091573551,2.7148945538335094,2.6725845661181054,2.693739652633667,83991,0.0,0.0
2024-04-30,2.6725845661181054,2.70079091573551,2.609118935939984,2.693739652633667,205789,0.0,0.0
2024-05-02,2.6443777084350586,2.6725848018028104,2.6302740690933146,2.6443777084350586,662341,0.0,0.0
2024-05-03,2.6584808439198198,2.686687190678734,2.651428654954066,2.672584295272827,362860,0.0,0.0
2024-05-06,2.65848110924763,2.66553237233863,2.5950162204299794,2.61617112159729,521364,0.0,0.0
2024-05-07,2.6161708604921983,2.672584295272827,2.6091186715264443,2.672584295272827,400337,0.0,0.0
2024-05-08,2.6655321451346192,2.6796357820087677,2.623222346406391,2.6584808826446533,142300,0.0,0.0
2024-05-09,2.6655321354243338,2.6655321354243338,2.602067252247485,2.609118700027466,363632,0.0,0.0
2024-05-10,2.6091189265431254,2.616171116198164,2.5668089389801025,2.5668089389801025,242605,0.0,0.0
2024-05-13,2.559757677009422,2.5738611297470007,2.531550400902828,2.538602590560913,300032,0.0,0.0
2024-05-14,2.531550441124264,2.5668089808705417,2.503344091148117,2.5244991779327393,299260,0.0,0.0
2024-05-15,2.5244989175635677,2.609118700027466,2.475137485893787,2.609118700027466,510010,0.0,0.0
2024-05-16,2.6514289406704354,2.6655323935432222,2.552705511823808,2.5950162410736084,488076,0.0,0.0
2024-05-17,2.602067471575892,2.60911891995024,2.538602583049584,2.5738611221313477,224969,0.0,0.0
2024-05-20,2.5738611339469504,2.6302738330950084,2.5244991419427363,2.61617112159729,369253,0.0,0.0
2024-05-21,2.6161711424092084,2.6443774922076217,2.5879640513479147,2.5950162410736084,148803,0.0,0.0
2024-05-22,2.6232225908720217,2.6232225908720217,2.5668089646965946,2.5950162410736084,175698,0.0,0.0
2024-05-23,2.595016208517262,2.595016208517262,2.538602583049584,2.5738611221313477,139875,0.0,0.0
2024-05-24,2.545654038956125,2.5879640265374246,2.524499137823334,2.538602590560913,268838,0.0,0.0
2024-05-27,2.559757892556168,2.6584813287694433,2.5315506140743547,2.637326240539551,529520,0.0,0.0
2024-05-28,2.6373258124325267,2.6655321597570425,2.5456538400889985,2.5527052879333496,294741,0.0,0.0
2024-05-29,2.5738609084029958,2.5809123561918055,2.5315501831974134,2.545653820037842,116617,0.0,0.0
2024-05-31,2.5527052535016104,2.587963789457713,2.524498906557551,2.531550168991089,232574,0.0,0.0
2024-06-03,2.5668089646965946,2.6443774922076217,2.5103955238368876,2.5950162410736084,544841,0.0,0.0
2024-06-04,2.602067266356758,2.6373258026577604,2.580912366955,2.6232223510742188,219127,0.0,0.0
2024-06-05,2.6161713865139364,2.6443777389441743,2.5174479484558105,2.5174479484558105,284931,0.0,0.0
2024-06-06,2.566808719351377,2.5879638039806148,2.538602372249032,2.545653820037842,105044,0.0,0.0
2024-06-07,2.5668087395691632,2.5738609286763294,2.524498940608834,2.5527052879333496,132931,0.0,0.0
2024-06-10,2.524499165091623,2.5738611575484716,2.4962926299432304,2.5103955268859863,252745,0.0,0.0
2024-06-11,2.510395758072105,2.538602851765292,2.4680857661374045,2.5174479484558105,248887,0.0,0.0
2024-06-12,2.609118952683515,2.630273854019115,2.5456540633609945,2.5950162410736084,379614,0.0,0.0
2024-06-13,2.609118952683515,2.6161711424092084,2.5597577015495014,2.5950162410736084,266523,0.0,0.0
2024-06-14,2.609118700027466,2.644377236137285,2.538602369070636,2.609118700027466,619794,0.0,0.0
2024-06-17,2.5397613120272977,2.591293192190272,2.473506839014272,2.525038719177246,754710,0.141334,0.0
2024-06-18,2.517676554099009,2.532399920805211,2.4882304010702874,2.5029537677764893,295182,0.0,0.0
2024-06-19,2.495591878890991,2.517676834680933,2.4808692843889424,2.495591878890991,186831,0.0,0.0
2024-06-20,2.5397611381521488,2.547123304648674,2.4661452770233154,2.4661452770233154,339051,0.0,0.0
2024-06-21,2.473506975577968,2.4955917366478797,2.4366986535389734,2.4514222145080566,297607,0.0,0.0
2024-06-24,2.473507188794653,2.4955919517682745,2.4514224258210318,2.4587836265563965,422712,0.0,0.0
2024-06-25,2.4661454477415985,2.517676554099009,2.4440606878741367,2.5029537677764893,350515,0.0,0.0
2024-06-26,2.510315133183714,2.5765696055148175,2.4808689804805493,2.532399892807007,276554,0.0,0.0
2024-06-27,2.5397610664367676,2.5765693828842533,2.5397610664367676,2.5397610664367676,179556,0.0,0.0
2024-06-28,2.5765693828842533,2.5765693828842533,2.517676308721726,2.5397610664367676,271373,0.0,0.0
2024-07-01,2.547123232725407,2.591292941616698,2.5250384750103656,2.5397610664367676,507916,0.0,0.0
2024-07-02,2.5692081642481357,2.591293116918439,2.547123405039054,2.5765695571899414,403974,0.0,0.0
2024-07-03,2.6133779520408713,2.6133779520408713,2.525038719177246,2.525038719177246,1513168,0.0,0.0
2024-07-04,2.5397613120272977,2.554484872183485,2.5029537658654193,2.525038719177246,1526615,0.0,0.0
2024-07-05,2.5250387211051786,2.5544848741339004,2.5029537677764893,2.5029537677764893,821616,0.0,0.0
2024-07-08,2.5324002030279775,2.5544851588179194,2.495591878890991,2.495591878890991,731232,0.0,0.0
2024-07-09,2.5250387211051786,2.539761313966471,2.4955916007703203,2.5029537677764893,455339,0.0,0.0
2024-07-10,2.532399920805211,2.539761313966471,2.4955916007703203,2.5029537677764893,623101,0.0,0.0
2024-07-11,2.5029540467176354,2.5324002030279775,2.495591878890991,2.495591878890991,1121869,0.0,0.0
2024-07-12,2.5029540467176354,2.5544851588179194,2.495591878890991,2.495591878890991,830324,0.0,0.0
2024-07-15,2.517676834680933,2.5324002030279775,2.495591878890991,2.495591878890991,880146,0.0,0.0
2024-07-16,2.517676834680933,2.517676834680933,2.488230678370591,2.495591878890991,636549,0.0,0.0
2024-07-17,2.510315198601462,2.517676591873169,2.4882304384026495,2.517676591873169,691220,0.0,0.0
2024-07-18,2.5176766422325865,2.5176766422325865,2.4293372127478823,2.4735069274902344,1262075,0.0,0.0
2024-07-19,2.5029538339380415,2.5029538339380415,2.4587833457294055,2.4882304668426514,515411,0.0,0.0
2024-07-22,2.4955916007703203,2.5029537677764893,2.4882304010702874,2.5029537677764893,926440,0.0,0.0
2024-07-23,2.5029540467176354,2.510315440699284,2.488230678370591,2.495591878890991,588380,0.0,0.0
2024-07-24,2.50295357453816,2.50295357453816,2.4735066499379528,2.4808688163757324,857219,0.0,0.0
2024-07-25,2.4808688163757324,2.4955914081003803,2.458783090907243,2.4808688163757324,749419,0.0,0.0
2024-07-26,2.480869026574561,2.5397613330750977,2.480869026574561,2.510315179824829,1092659,0.0,0.0
2024-07-29,2.517676834680933,2.517676834680933,2.488230678370591,2.495591878890991,465590,0.0,0.0
2024-07-30,2.4955916667372655,2.5029538339380415,2.4587833457294055,2.4882304668426514,897010,0.0,0.0
2024-07-31,2.4808690079090274,2.510315160937749,2.4808690079090274,2.5029537677764893,1604765,0.0,0.0
2024-08-01,2.4955916667372655,2.532399987745125,2.4735069062860284,2.4882304668426514,1009219,0.0,0.0
2024-08-02,2.5029538339380415,2.5029538339380415,2.4735069062860284,2.4882304668426514,534921,0.0,0.0
2024-08-05,2.4661452770233154,2.48086883617151,2.4440605186846653,2.4661452770233154,907151,0.0,0.0
2024-08-06,2.48823075103291,2.48823075103291,2.4514224258210318,2.4587836265563965,648673,0.0,0.0
2024-08-07,2.4882302288231792,2.4882302288231792,2.4587831105267903,2.4661452770233154,1030272,0.0,0.0
2024-08-08,2.5029535434522883,2.716440503677043,2.5029535434522883,2.7017171382904053,1651720,0.0,0.0
2024-08-09,2.7385255183739066,2.8121421535487845,2.679632248926247,2.7974185943603516,1118673,0.0,0.0
2024-08-12,2.7900573634944017,2.8931193818721663,2.7826951965507964,2.871034622192383,610315,0.0,0.0
2024-08-13,2.8342273639187088,2.8710349135309468,2.7900576466157894,2.8268651962280273,356357,0.0,0.0
2024-08-14,2.8268649673628614,2.848949920956929,2.790057420730591,2.790057420730591,376087,0.0,0.0
2024-08-15,2.7753341601506025,2.9446514348326085,2.7606105992422973,2.9078431129455566,792848,0.0,0.0
2024-08-16,2.9078431129455566,2.922566673853862,2.878396958435131,2.9078431129455566,290993,0.0,0.0
2024-08-19,2.9078429977300124,2.9961822316060287,2.9078429977300124,2.966736078262329,570303,0.0,0.0
2024-08-20,2.9593751835910203,2.9961825405082805,2.907843297524611,2.9520130157470703,537677,0.0,0.0
2024-08-21,2.9888207717957185,3.0477138472042564,2.952012454569473,2.981459379196167,726713,0.0,0.0
2024-08-22,3.018267901080746,3.018267901080746,2.871034622192383,2.871034622192383,393723,0.0,0.0
2024-08-23,2.9004814160624015,2.9740972782923247,2.8563117052632307,2.9446511268615723,467464,0.0,0.0
2024-08-26,2.9446512903909356,2.9520126835615215,2.8268649369757832,2.8415884971618652,469337,0.0,0.0
2024-08-27,2.8783970771991516,2.893119671408733,2.841588753793371,2.848950147628784,168864,0.0,0.0
2024-08-28,2.8710345026732886,2.8710345026732886,2.775333881378174,2.775333881378174,781935,0.0,0.0
2024-08-29,2.8047802072300234,2.8121423743246585,2.7532491002534014,2.790057420730591,212293,0.0,0.0
2024-08-30,2.790057201688564,2.8121421535487845,2.7385255183739066,2.7974185943603516,476943,0.0,0.0
2024-09-02,2.8195033527593574,2.8195033527593574,2.7679716694447,2.7974185943603516,673584,0.0,0.0
2024-09-03,2.7826952934265137,2.8047802473363803,2.7532491396229006,2.7826952934265137,480139,0.0,0.0
2024-09-04,2.7826950351719186,2.7974185943603516,2.7679716694447,2.7974185943603516,476612,0.0,0.0
2024-09-05,2.8047802448272705,2.856311932878348,2.7826952909371605,2.8047802448272705,404084,0.0,0.0
2024-09-06,2.767971886752834,2.841588527707213,2.767971886752834,2.790057420730591,292426,0.0,0.0
2024-09-09,2.819503614430036,2.8342271749849237,2.7606105329778794,2.7826952934265137,536134,0.0,0.0
2024-09-10,2.812142088804401,2.8342268466949463,2.7606102132149553,2.8342268466949463,994890,0.0,0.0
2024-09-11,2.797418921129349,2.952012828364287,2.797418921129349,2.9078431129455566,821616,0.0,0.0
2024-09-12,2.9078429419144736,2.9078429419144736,2.8563118359949784,2.871034622192383,720981,0.0,0.0
2024-09-13,2.8710344907867817,2.9446511268615723,2.8636730980250062,2.9446511268615723,1133332,0.0,0.0
2024-09-16,2.9446513367807503,2.9888210507287045,2.9372899434941937,2.974097490310669,1078551,0.0,0.0
2024-09-17,2.981459657442148,2.981459657442148,2.952012730067307,2.974097490310669,552557,0.0,0.0
2024-09-18,2.9740972782923247,2.9814594448989675,2.929927567493154,2.9446511268615723,983647,0.0,0.0
2024-09-19,2.981459379196167,2.981459379196167,2.9446510619699215,2.981459379196167,480911,0.0,0.0
2024-09-20,2.9814599744926653,2.9814599744926653,2.753249406814575,2.753249406814575,1163755,0.0,0.0
2024-09-23,2.7238018961785473,2.760610212914537,2.6796321869410535,2.7017171382904053,907041,0.0,0.0
2024-09-24,2.723801851272583,2.7606101674017327,2.6796321427632934,2.723801851272583,639304,0.0,0.0
2024-09-25,2.731164526062379,2.775334242796426,2.6943562030792236,2.6943562030792236,703676,0.0,0.0
2024-09-26,2.7090798816308332,2.7606108008839474,2.701717713716456,2.753249406814575,383031,0.0,0.0
2024-09-27,2.797418813980307,2.8121423743246585,2.7532491002534014,2.790057420730591,235881,0.0,0.0
2024-09-30,2.8268647254912804,2.8268647254912804,2.74588669821581,2.8121421337127686,277215,0.0,0.0
2024-10-01,2.812142240690752,2.8268648330293322,2.74588680267334,2.74588680267334,569642,0.0,0.0
2024-10-02,2.7826954065034464,2.907843161309444,2.760610645157381,2.885758399963379,738617,0.0,0.0
2024-10-03,2.8857582826984034,2.8857582826984034,2.7679719263328586,2.7826952934265137,531174,0.0,0.0
2024-10-04,2.8121421535487845,2.826864745431145,2.753248884101125,2.7974185943603516,253737,0.0,0.0
2024-10-07,2.8121423743246585,2.856311894590334,2.7826952536359557,2.790057420730591,368371,0.0,0.0
2024-10-08,2.8342270575604096,2.863673210144043,2.826864890665522,2.863673210144043,214607,0.0,0.0
2024-10-09,2.8636730428190846,2.8636730428190846,2.804779967248054,2.8121421337127686,261453,0.0,0.0
2024-10-10,2.8636730428190846,2.8636730428190846,2.8121421337127686,2.8121421337127686,237204,0.0,0.0
2024-10-11,2.8121425980679837,2.848950147628784,2.7974190365521774,2.848950147628784,169746,0.0,0.0
2024-10-14,2.848950077464123,2.9299279226555095,2.804780361310752,2.885758399963379,487414,0.0,0.0
2024-10-15,2.8415884317099804,2.9078429033314523,2.8415884317099804,2.856311798095703,327257,0.0,0.0
2024-10-16,2.8857581822346896,2.929927701594257,2.8636732290936804,2.871034622192383,208104,0.0,0.0
2024-10-17,2.8636729970877965,2.8636729970877965,2.797418529954951,2.8342268466949463,358782,0.0,0.0
2024-10-18,2.8489496316995564,2.893119147480647,2.804779922457256,2.8342268466949463,256934,0.0,0.0
2024-10-21,2.8636729970877965,2.8636729970877965,2.819503287845496,2.8342268466949463,181650,0.0,0.0
2024-10-22,2.8342268466949463,2.8489496316995564,2.797418529954951,2.8342268466949463,189697,0.0,0.0
2024-10-23,2.8342269119477903,2.8489496972913657,2.7974185943603516,2.7974185943603516,195539,0.0,0.0
2024-10-24,2.8268651922775647,2.848950147628784,2.782695475036371,2.848950147628784,1030823,0.0,0.0
2024-10-25,2.8489496771957206,2.8489496771957206,2.775333816384965,2.8121421337127686,381819,0.0,0.0
2024-10-28,2.819503287845496,2.8563116045854913,2.804779922457256,2.8342268466949463,407060,0.0,0.0
2024-10-29,2.86367319109673,2.885758143944703,2.8121422793222037,2.856311798095703,396479,0.0,0.0
2024-10-30,2.856311817094053,2.900481529622564,2.8415884506104,2.863673210144043,156850,0.0,0.0
2024-10-31,2.8636735156833453,2.8857584710345647,2.8047804303875905,2.848950147628784,250431,0.0,0.0
2024-11-01,2.856311984545522,2.856311984545522,2.760610580444336,2.760610580444336,455780,0.0,0.0
2024-11-04,2.79005754838567,2.90048174102462,2.753249226224369,2.8931195735931396,548038,0.0,0.0
2024-11-05,2.8931195046436575,2.9299278259277344,2.863673350615604,2.9299278259277344,311165,0.0,0.0
2024-11-06,2.9225665102152774,3.0109057426452637,2.8857581903891747,3.0109057426452637,586947,0.0,0.0
2024-11-07,3.010905765627172,3.010905765627172,2.8195035457611084,2.8195035457611084,483336,0.0,0.0
2024-11-08,2.8268649673628614,2.8268649673628614,2.7606104935031177,2.790057420730591,429877,0.0,0.0
2024-11-11,2.7974190365521774,2.848950147628784,2.775334274662203,2.848950147628784,318109,0.0,0.0
2024-11-12,2.826865007785015,2.8415885683399025,2.7826952934265137,2.7826952934265137,333099,0.0,0.0
2024-11-13,2.790057182008329,2.8563116501992223,2.7532488646805247,2.8121421337127686,420728,0.0,0.0
2024-11-14,2.8342269119477903,2.8342269119477903,2.7606102767729124,2.7974185943603516,294631,0.0,0.0
2024-11-18,2.7974187839097575,2.8415884971618652,2.775334024014317,2.8415884971618652,383031,0.0,0.0
2024-11-19,2.8415884317099804,2.9152050701773717,2.8195034788620075,2.856311798095703,436601,0.0,0.0
2024-11-21,2.8563118638867198,2.8636732570573056,2.8047801770803433,2.8415884971618652,370686,0.0,0.0
2024-11-22,2.8636732570573056,2.8857582104139734,2.8195035438051974,2.8415884971618652,417201,0.0,0.0
2024-11-25,2.848950147628784,2.893119671408733,2.834227359957958,2.848950147628784,407722,0.0,0.0
2024-11-26,2.848950009066842,2.966736173929687,2.8268650547897494,2.9225666522979736,683394,0.0,0.0
2024-11-27,2.966736195811355,2.9740975893430335,2.863673397526826,2.9078431129455566,300252,0.0,0.0
2024-11-28,2.907843112650042,2.907843112650042,2.767971992492676,2.767971992492676,492485,0.0,0.0
2024-11-29,2.7974187074100194,2.8047801003792965,2.7017173099686373,2.738525629043579,772015,0.0,0.0
2024-12-02,2.7238023584665165,2.7458871201029185,2.67963264173247,2.6943562030792236,562698,0.0,0.0
2024-12-03,2.694356011746577,2.731164332115886,2.657547691377268,2.672271251678467,547707,0.0,0.0
2024-12-04,2.6722712538247877,2.70171740714469,2.635462933425915,2.65018630027771,497555,0.0,0.0
2024-12-05,2.6649091534002785,2.70907964198291,2.6133780452444073,2.635462999343872,481242,0.0,0.0
2024-12-06,2.657547588006906,2.6649089809487116,2.5618461909226653,2.5765695571899414,487635,0.0,0.0
2024-12-09,2.583931993352869,2.6207395422827684,2.547123670578003,2.547123670578003,544952,0.0,0.0
2024-12-10,2.583931826558935,2.6575476935117637,2.5618462926281693,2.65018630027771,479809,0.0,0.0
2024-12-11,2.613378145565875,2.7238023399184224,2.613378145565875,2.686994791030884,419736,0.0,0.0
2024-12-12,2.6943560648301172,2.6943560648301172,2.5765697081734515,2.6060166358947754,399455,0.0,0.0
2024-12-13,2.635462980661525,2.6575477411432002,2.576569705660025,2.6281015872955322,534370,0.0,0.0
2024-12-16,2.6281014358560184,2.635462828797824,2.5765695571899414,2.5765695571899414,328470,0.0,0.0
2024-12-17,2.598654509860245,2.6060164831857153,2.525038645829972,2.5765695571899414,742805,0.0,0.0
2024-12-18,2.5765694350795845,2.5765694350795845,2.4808688163757324,2.4808688163757324,716021,0.0,0.0
2024-12-19,2.4808690451309423,2.5544849124603166,2.466145484742607,2.517676591873169,373662,0.0,0.0
2024-12-20,2.5618462562561035,2.5986545761323865,2.517676543250281,2.5618462562561035,350074,0.0,0.0
2024-12-23,2.5765693828842533,2.591292941616698,2.5250384750103656,2.5397610664367676,261784,0.0,0.0
2024-12-26,2.5692085271649634,2.5692085271649634,2.495591878890991,2.495591878890991,430207,0.0,0.0
2024-12-27,2.510315227293888,2.525038787850511,2.4882304668426514,2.4882304668426514,278758,0.0,0.0
2024-12-30,2.495591526372977,2.5765695571899414,2.473506767163895,2.5765695571899414,359223,0.0,0.0
2025-01-02,2.547123232725407,2.547123232725407,2.480868766119074,2.5397610664367676,346988,0.0,0.0
2025-01-03,2.561846356974939,2.561846356974939,2.4735069274902344,2.4735069274902344,400116,0.0,0.0
2025-01-06,2.4735068595130003,2.532399939858452,2.466145466296355,2.510315179824829,275121,0.0,0.0
2025-01-07,2.510315227293888,2.576569702108831,2.4882304668426514,2.4882304668426514,364403,0.0,0.0
2025-01-08,2.4808688163757324,2.50295357453816,2.444060499182595,2.4808688163757324,554762,0.0,0.0
2025-01-09,2.5029537384540466,2.5618462372827837,2.4735068119253905,2.5544848442077637,178013,0.0,0.0
2025-01-10,2.5692083087529847,2.5692083087529847,2.4882304668426514,2.4882304668426514,225410,0.0,0.0
2025-01-13,2.5397614028731454,2.5397614028731454,2.4661455340712823,2.4735069274902344,349743,0.0,0.0
2025-01-14,2.4735066499379528,2.50295357453816,2.4661452573450227,2.4808688163757324,243266,0.0,0.0
2025-01-15,2.4661458135910266,2.5692086219787598,2.4661458135910266,2.5692086219787598,347539,0.0,0.0
2025-01-16,2.569208260170281,2.5765696533869265,2.510315179824829,2.510315179824829,209317,0.0,0.0
2025-01-17,2.510315160937749,2.5544848741339004,2.4735068409028584,2.5029537677764893,317447,0.0,0.0
2025-01-20,2.525038758989797,2.5544849124603166,2.4955916382131265,2.517676591873169,211521,0.0,0.0
2025-01-21,2.539761284212823,2.569208210741479,2.4955915715341264,2.5544848442077637,355806,0.0,0.0
2025-01-22,2.5692083087529847,2.5692083087529847,2.466145512930182,2.4882304668426514,706982,0.0,0.0
2025-01-23,2.50295357453816,2.532399725293517,2.4735066499379528,2.4808688163757324,526434,0.0,0.0
2025-01-24,2.4955916667372655,2.532399987745125,2.4882304668426514,2.4882304668426514,197192,0.0,0.0
2025-01-27,2.4882304010702874,2.539761313966471,2.4661454477415985,2.5029537677764893,688134,0.0,0.0
2025-01-28,2.495591878890991,2.539761597009626,2.473507116562298,2.495591878890991,405186,0.0,0.0
2025-01-29,2.5250385261618,2.5250385261618,2.4661452573450227,2.4808688163757324,468456,0.0,0.0
2025-01-30,2.502954139086383,2.5765700162320724,2.4882307701959894,2.5692086219787598,746333,0.0,0.0
2025-01-31,2.5692079904404483,2.5765693828842533,2.5397610664367676,2.5397610664367676,433735,0.0,0.0
2025-02-03,2.5765696533869265,2.5765696533869265,2.5029537866081837,2.510315179824829,226732,0.0,0.0
2025-02-04,2.5544849659245497,2.650186369300645,2.532400011802279,2.6133780479431152,727374,0.0,0.0
2025-02-05,2.598654972837035,2.6133783417274294,2.5397616907367158,2.5692086219787598,442002,0.0,0.0
2025-02-06,2.5692082297693224,2.5692082297693224,2.502953756991202,2.5618462562561035,427231,0.0,0.0
2025-02-07,2.5763472000846734,2.5839244493746523,2.530881513870379,2.553614854812622,495020,0.08994,0.0
2025-02-10,2.5839245319366455,2.5990798275370013,2.5611921859382463,2.5839245319366455,256824,0.0,0.0
2025-02-11,2.583924699541102,2.6369668436445752,2.5763474495175207,2.621812343597412,946501,0.0,0.0
2025-02-12,2.6218123452697135,2.6218123452697135,2.5611923537018204,2.5915019512176514,424476,0.0,0.0
2025-02-13,2.5915016938258875,2.644544430097083,2.5687691494622427,2.606656789779663,608441,0.0,0.0
2025-02-14,2.606657193671045,2.6748546381948697,2.606657193671045,2.644544839859009,481242,0.0,0.0
2025-02-17,2.6521215827749285,2.750629404185472,2.6521215827749285,2.735474109649658,616598,0.0,0.0
2025-02-18,2.727897066043122,2.727897066043122,2.6596998285693876,2.682432174682617,390526,0.0,0.0
2025-02-19,2.697586764218847,2.697586764218847,2.6066569784508014,2.629389524459839,283278,0.0,0.0
2025-02-20,2.629389265333296,2.6521216099680065,2.606656721564552,2.61423397064209,310944,0.0,0.0
2025-02-21,2.61423397064209,2.6218120162557583,2.5915016260073793,2.61423397064209,331666,0.0,0.0
2025-02-24,2.614234298705068,2.64454469275713,2.583924701189237,2.5915019512176514,233456,0.0,0.0
2025-02-25,2.5839245319366455,2.5990798275370013,2.56876923633629,2.5839245319366455,397581,0.0,0.0
2025-02-26,2.599079997782297,2.6066570486766536,2.5611923537018204,2.5915019512176514,328139,0.0,0.0
2025-02-27,2.614234217448201,2.614234217448201,2.553615024300733,2.561192274093628,451260,0.0,0.0
2025-02-28,2.576347371081572,2.614234217448201,2.515727381397898,2.561192274093628,540543,0.0,0.0
2025-03-05,2.5990801222463213,2.5990801222463213,2.500572282746578,2.530881881713867,458976,0.0,0.0
2025-03-06,2.515727294807403,2.5839245319366455,2.5081492487391364,2.5839245319366455,506263,0.0,0.0
2025-03-07,2.5990798473358154,2.621812193507381,2.561192205448447,2.5990798473358154,412461,0.0,0.0
2025-03-10,2.621812243416878,2.621812243416878,2.5460369581996627,2.5763473510742188,509680,0.0,0.0
2025-03-11,2.606657099779306,2.606657099779306,2.5308818101328034,2.5687694549560547,346767,0.0,0.0
2025-03-12,2.56876923633629,2.606656877935045,2.5611921859382463,2.5839245319366455,149354,0.0,0.0
2025-03-13,2.5611921859382463,2.5915017814687342,2.5611921859382463,2.5839245319366455,206561,0.0,0.0
2025-03-14,2.5990798597895433,2.6521218019766395,2.576347314375006,2.6369667053222656,348751,0.0,0.0
2025-03-17,2.6521218817632537,2.7203191217904212,2.644544631909183,2.69758677482605,582428,0.0,0.0
2025-03-18,2.697586673823346,2.712741969500257,2.6521217824628405,2.682432174682617,550683,0.0,0.0
2025-03-19,2.6900096126246114,2.7203192104306764,2.6142343237380605,2.705164909362793,854022,0.0,0.0
2025-03-20,2.7051647712444735,2.7960943565562917,2.6900094752800796,2.7506296634674072,803319,0.0,0.0
2025-03-21,2.750629404185472,2.7809389975869463,2.7203188151138447,2.735474109649658,431861,0.0,0.0
2025-03-24,2.743051666908536,2.7582067640134205,2.712742070100926,2.7278971672058105,271594,0.0,0.0
2025-03-25,2.727897339340675,2.833982229232788,2.727897339340675,2.833982229232788,499319,0.0,0.0
2025-03-26,2.8339819022689294,2.849136401179515,2.8036715105094596,2.826403856277466,281955,0.0,0.0
2025-03-27,2.849136401179515,2.856714447170978,2.8036715105094596,2.826403856277466,222103,0.0,0.0
2025-03-28,2.8415593208174874,2.8794469642868377,2.773362080321198,2.8642916679382324,512656,0.0,0.0
2025-03-31,2.8642914330482756,2.8642914330482756,2.7582065577822643,2.7809391021728516,449166,0.0,0.0
2025-04-01,2.788517464281029,2.8567147069199783,2.7657849173120055,2.841559410095215,247565,0.0,0.0
2025-04-02,2.8415593208174874,2.8794469642868377,2.818826973696742,2.8642916679382324,415437,0.0,0.0
2025-04-03,2.8642915986278776,2.9249117868851355,2.8339820023343725,2.90217924118042,477053,0.0,0.0
2025-04-04,2.902179301163193,2.902179301163193,2.773362070531519,2.7960944175720215,606567,0.0,0.0
2025-04-07,2.7809392069739913,2.7885172530805384,2.6445445328924766,2.682432174682617,987395,0.0,0.0
2025-04-08,2.7127420595308336,2.7430516562203433,2.6596999168395996,2.6596999168395996,441671,0.0,0.0
2025-04-09,2.6521219004900276,2.7430516872576796,2.636966803272716,2.7127420902252197,639525,0.0,0.0
2025-04-10,2.7278972570678865,2.7278972570678865,2.659700014818546,2.705164909362793,274129,0.0,0.0
2025-04-11,2.697586470712216,2.7809389975869463,2.6900092217123706,2.735474109649658,959397,0.0,0.0
2025-04-14,2.735474507168858,2.773362151612133,2.697586862725583,2.705164909362793,905938,0.0,0.0
2025-04-15,2.7127421594637644,2.758206854873952,2.697586862725583,2.705164909362793,774220,0.0,0.0
2025-04-16,2.7203190199365754,2.7203190199365754,2.6521217824628405,2.682432174682617,785022,0.0,0.0
2025-04-17,2.6900093887008194,2.7657846712796266,2.667277042888029,2.743051528930664,468345,0.0,0.0
2025-04-22,2.7657846712796266,2.780939170220068,2.712741933647653,2.743051528930664,554762,0.0,0.0
2025-04-23,2.7582064717862473,2.8188266546491296,2.7582064717862473,2.803671360015869,561485,0.0,0.0
2025-04-24,2.8112495766393746,2.8718695640563965,2.7885172307085244,2.8718695640563965,341476,0.0,0.0
2025-04-25,2.8794466784526542,2.9173343181610107,2.8491362878983204,2.9173343181610107,533268,0.0,0.0
2025-04-28,2.9097566100871792,2.9400670041584,2.8794470125521903,2.9324891567230225,520261,0.0,0.0
2025-04-29,2.8870240144000108,2.9324889046292126,2.8642914697183897,2.894602060317993,293969,0.0,0.0
2025-04-30,2.894602074571605,2.962799310684204,2.856714433537656,2.962799310684204,462724,0.0,0.0
2025-05-02,2.9324892330429235,3.0006872729934653,2.9249119828125165,2.9931092262268066,488516,0.0,0.0
2025-05-05,3.0158413213216435,3.0158413213216435,2.9097564417163273,2.9249117374420166,380386,0.0,0.0
2025-05-06,2.9324892330429235,3.015841574320216,2.9097566858154513,2.9931092262268066,602710,0.0,0.0
2025-05-07,3.0006869658292303,3.030996561050415,2.9931089198382956,3.030996561050415,172942,0.0,0.0
2025-05-08,3.023419311595651,3.0991937974837196,3.023419311595651,3.030996561050415,416760,0.0,0.0
2025-05-09,3.0309963907985575,3.0537287352880966,2.9931087517145967,3.023419141769409,399455,0.0,0.0
2025-05-12,3.0385738993144495,3.0613062457452753,2.9855317576425238,3.0082643032073975,213946,0.0,0.0
2025-05-13,3.008264209411354,3.099193791433569,2.9931089139952407,3.084038496017456,460740,0.0,0.0
2025-05-14,3.0916167003913264,3.0916167003913264,3.00826436353856,3.0537290573120117,429656,0.0,0.0
2025-05-15,3.053729128026494,3.1067720685267,2.9703767892435575,3.015841484069824,637651,0.0,0.0
2025-05-16,3.0234195306097065,3.053729128026494,2.993109136656691,3.015841484069824,784801,0.0,0.0
2025-05-19,3.0385738993144495,3.0385738993144495,2.9855317576425238,3.0082643032073975,252304,0.0,0.0
2025-05-20,3.0082641331743374,3.0082641331743374,2.9552211979643093,3.0006868839263916,242715,0.0,0.0
2025-05-21,3.0082645046344645,3.0082645046344645,2.9400670625075342,2.9779539108276367,327368,0.0,0.0
2025-05-22,2.9855318270722466,2.9855318270722466,2.9249118369122065,2.97037672996521,359002,0.0,0.0
2025-05-23,2.947644312691118,2.9779539108276367,2.8870243198818324,2.9779539108276367,435829,0.0,0.0
2025-05-26,2.9779537806835954,2.9931090769246853,2.940066934019243,2.97037672996521,301355,0.0,0.0
2025-05-27,2.9855315026854483,3.0537287352880966,2.9855315026854483,3.023419141769409,1148874,0.0,0.0
2025-05-28,3.023419399961996,3.0385738993144495,3.0006870535311707,3.0082643032073975,260902,0.0,0.0
2025-05-29,3.0006869517181527,3.030996546796803,2.962799310684204,2.962799310684204,280963,0.0,0.0
2025-05-30,3.0158414043330932,3.0158414043330932,2.932489067753934,2.95522141456604,259910,0.0,0.0
2025-06-02,2.95522124465269,2.9855316360615944,2.9249116497799466,2.947643995285034,217253,0.0,0.0
2025-06-03,2.9627996095945317,2.9779539108276367,2.909756667834768,2.9779539108276367,287025,0.0,0.0
2025-06-04,2.9855316360615944,2.99310888542925,2.947643995285034,2.947643995285034,259469,0.0,0.0
2025-06-05,2.947643995285034,2.962799290556507,2.9324888991476024,2.947643995285034,185177,0.0,0.0
2025-06-06,2.9552211613332284,2.9552211613332284,2.887023927606677,2.9173343181610107,265201,0.0,0.0
2025-06-09,2.9173345371622967,2.9249117868851355,2.879446894609754,2.90217924118042,201380,0.0,0.0
2025-06-10,2.902179192121575,2.9324889870367685,2.894602141660869,2.9249117374420166,237424,0.0,0.0
2025-06-11,2.9173346566566147,2.9627995507942426,2.894602309154829,2.9324891567230225,206782,0.0,0.0
2025-06-12,2.932488967476263,2.9703766091356263,2.9097564223074537,2.9400668144226074,215600,0.0,0.0
2025-06-13,2.9400666630251826,2.9552211613332284,2.9097562724708492,2.9173343181610107,145166,0.0,0.0
2025-06-16,2.917334468387843,2.955221313511027,2.917334468387843,2.9400668144226074,130726,0.0,0.0
2025-06-17,2.932488884159595,2.932488884159595,2.8794467449188232,2.8794467449188232,246132,0.0,0.0
2025-06-18,2.879447062401711,2.9249119573264357,2.8718698122373283,2.909756660461426,209427,0.0,0.0
2025-06-20,2.924911655247393,2.924911655247393,2.871869515636372,2.894602060317993,200609,0.0,0.0
2025-06-23,2.8794469642868377,2.8946022606354433,2.8036716773481367,2.8642916679382324,396368,0.0,0.0
2025-06-24,2.909756490903259,2.909756490903259,2.856714548039088,2.90217924118042,218906,0.0,0.0
2025-06-25,2.902179311407583,2.902179311407583,2.8567146171660927,2.8642916679382324,114964,0.0,0.0
2025-06-26,2.8794469144248467,2.887024164199829,2.8491365213865603,2.887024164199829,199066,0.0,0.0
2025-06-27,2.8718695640563965,2.887024063075542,2.8339819225702247,2.8718695640563965,287466,0.0,0.0
2025-06-30,2.8642915986278776,2.909756490903259,2.8491365017800505,2.90217924118042,221882,0.0,0.0
2025-07-01,2.9097563599475915,2.9173344058655735,2.8870240144000108,2.894602060317993,179997,0.0,0.0
2025-07-02,2.902179110565772,2.9173344058655735,2.803671483323427,2.894602060317993,300473,0.0,0.0
2025-07-03,2.8718694292986315,2.9173343181610107,2.8718694292986315,2.9173343181610107,191240,0.0,0.0
2025-07-04,2.917334587059768,2.97037672996521,2.9021792908186783,2.97037672996521,196090,0.0,0.0
2025-07-07,2.9703765454765945,2.9703765454765945,2.894602060317993,2.894602060317993,242494,0.0,0.0
2025-07-08,2.9021791594968196,2.909756409006392,2.864291518010648,2.8718695640563965,168864,0.0,0.0
2025-07-09,2.8794469642868377,2.8946022606354433,2.849136570723681,2.8642916679382324,295292,0.0,0.0
2025-07-10,2.833981750148358,2.8642913437447195,2.7885170610527683,2.803671360015869,463936,0.0,0.0
2025-07-11,2.826403856277466,2.826403856277466,2.77336191528616,2.826403856277466,265972,0.0,0.0
2025-07-14,2.8339820609076325,2.8339820609076325,2.75820677423641,2.7960944175720215,443104,0.0,0.0
2025-07-15,2.811249804283166,2.818827054406314,2.773362159729004,2.773362159729004,177241,0.0,0.0
2025-07-16,2.7960944175720215,2.8036716674514683,2.750629723491017,2.7960944175720215,221772,0.0,0.0
2025-07-17,2.7960944175720215,2.8264040144919704,2.7809393204109663,2.7960944175720215,345224,0.0,0.0
2025-07-18,2.7885174565115407,2.7960945075006287,2.74305176529799,2.773362159729004,308629,0.0,0.0
2025-07-21,2.773361920749847,2.780939170220068,2.7354742794604436,2.743051528930664,254840,0.0,0.0
2025-07-22,2.743051528930664,2.7657846712796266,2.727897029990223,2.743051528930664,236432,0.0,0.0
2025-07-23,2.7506295556282665,2.773361901281481,2.720318964887814,2.758206605911255,404856,0.0,0.0
2025-07-24,2.765784499587255,2.765784499587255,2.7203188151138447,2.735474109649658,144725,0.0,0.0
2025-07-25,2.735474417057173,2.7582067640134205,2.7278971672058105,2.7278971672058105,163463,0.0,0.0
2025-07-28,2.7203192104306764,2.780939401713105,2.697586862725583,2.705164909362793,590915,0.0,0.0
2025-07-29,2.7657845173709417,2.940066622106831,2.7657845173709417,2.803671360015869,691661,0.0,0.0
2025-07-30,2.8188267589470057,2.8794467449188232,2.8036714637529925,2.8794467449188232,314582,0.0,0.0
2025-07-31,2.8870243048992013,2.8946023515797044,2.811249812115992,2.841559410095215,514860,0.0,0.0
2025-08-01,2.871869804610681,2.9324891997031877,2.841559410095215,2.841559410095215,339492,0.0,0.0
2025-08-04,2.871869543483692,2.871869543483692,2.780939164741453,2.826403856277466,385677,0.0,0.0
2025-08-05,2.8567146171660927,2.8718697143806438,2.811249723790548,2.8642916679382324,238967,0.0,0.0
2025-08-06,2.87186957718427,2.947644063966817,2.86429153110388,2.9400668144226074,341807,0.0,0.0
2025-08-07,2.9855319575474675,3.0309968525874003,2.924911964738182,2.9779539108276367,560714,0.0,0.0
2025-08-08,2.9855318270722466,2.9855318270722466,2.940066934019243,2.97037672996521,341476,0.0,0.0
2025-08-11,2.9400669926927128,3.015841484069824,2.9324891452868878,3.015841484069824,341587,0.0,0.0
2025-08-12,3.0385737432065643,3.0991937288424873,3.0006868993697364,3.0688841342926025,572728,0.0,0.0
2025-08-13,3.0764612965881524,3.1067716868171202,3.0385736572865,3.09161639213562,385897,0.0,0.0
2025-08-14,3.1067721843719482,3.1673913814658903,3.084038840440849,3.1067721843719482,803650,0.0,0.0
2025-08-15,3.162045333336683,3.169950194261257,3.114614713582347,3.1541404724121094,575153,0.154159,0.0
2025-08-18,3.122519725740953,3.2252864543830597,3.122519725740953,3.2173807621002197,393172,0.0,0.0
2025-08-19,3.2252863274449677,3.2490017414093018,3.1778559150039865,3.2490017414093018,757245,0.0,0.0
2025-08-20,3.2410969734191895,3.272717041543366,3.209476074319614,3.2410969734191895,365616,0.0,0.0
2025-08-21,3.2490018346423466,3.272717041543366,3.209476074319614,3.2410969734191895,401659,0.0,0.0
2025-08-22,3.249001618028538,3.256906270980835,3.2173805132933198,3.256906270980835,432302,0.0,0.0
2025-08-25,3.2806220346107993,3.3517686968924063,3.2727171730699554,3.288527727127075,875406,0.0,0.0
2025-08-26,3.2885275787703745,3.399199166995002,3.256906472082671,3.3675782680511475,955319,0.0,0.0
2025-08-27,3.3675782925074684,3.501965088492284,3.3596734312658327,3.4703450202941895,718005,0.0,0.0
2025-08-28,3.4861553225142274,3.549395458121405,3.478249838139673,3.5098705291748047,643713,0.0,0.0
2025-08-29,3.50987050553706,3.628446953529071,3.4703449536251076,3.5810165405273438,604253,0.0,0.0
2025-09-01,3.588921218043396,3.612636840191668,3.4940603914010864,3.5098705291748047,428444,0.0,0.0
2025-09-02,3.478249839260734,3.5335861524619734,3.4624401169696157,3.501965045928955,305433,0.0,0.0
2025-09-03,3.4782499896228423,3.5019651973162538,3.3912936048487645,3.422914505004883,365505,0.0,0.0
2025-09-04,3.4071040104140935,3.5098705291748047,3.4071040104140935,3.5098705291748047,263988,0.0,0.0
2025-09-05,3.50987050553706,3.5889211938732726,3.50987050553706,3.5810165405273438,322297,0.0,0.0
2025-09-08,3.5810164890425975,3.5889211422748803,3.517775523795159,3.5573012828826904,303118,0.0,0.0
2025-09-09,3.5573014105638237,3.5810166175749334,3.5177756500576063,3.5256803035736084,305212,0.0,0.0
2025-09-10,3.549395685552391,3.581016794101371,3.5256804773722386,3.5414910316467285,367159,0.0,0.0
2025-09-11,3.55730133402648,3.6205423001831423,3.5414907808715452,3.5810165405273438,139324,0.0,0.0
2025-09-12,3.573111887181415,3.5889211938732726,3.5256802277166104,3.5810165405273438,325714,0.0,0.0
2025-09-15,3.5731117118753457,3.652162396333128,3.5652058124542236,3.5652058124542236,433514,0.0,0.0
2025-09-16,3.5731120609463,3.6126369915488605,3.5652061607528207,3.596827268600464,210860,0.0,0.0
2025-09-17,3.604731848647244,3.6442576094172923,3.581016641477838,3.6284470558166504,200719,0.0,0.0
2025-09-18,3.6442574953041245,3.6442574953041245,3.5968270824505075,3.6126368045806885,112208,0.0,0.0
2025-09-19,3.6047320697165572,3.667973041534424,3.6047320697165572,3.667973041534424,227945,0.0,0.0
2025-09-22,3.667972660449943,3.667972660449943,3.5573012828826904,3.5573012828826904,290222,0.0,0.0
2025-09-23,3.6047316952025046,3.6047316952025046,3.5019649708675344,3.5573012828826904,584853,0.0,0.0
2025-09-24,3.5889211706448427,3.667972689444798,3.56520596429747,3.652162551879883,309401,0.0,0.0
2025-09-25,3.6442573810011765,3.6442573810011765,3.5810164170255634,3.588921070098877,311165,0.0,0.0
2025-09-26,3.588921070098877,3.6205421753182008,3.5810164170255634,3.588921070098877,187382,0.0,0.0
2025-09-29,3.588921283110688,3.667972804387876,3.5810166295682118,3.660067319869995,347649,0.0,0.0
2025-09-30,3.6363521127794605,3.667972804387876,3.604731836658747,3.660067319869995,208986,0.0,0.0
2025-10-01,3.660067406857188,3.660067406857188,3.5573015070224785,3.596827268600464,327478,0.0,0.0
2025-10-02,3.6126368935897464,3.6126368935897464,3.438724129045171,3.5256803035736084,588270,0.0,0.0
2025-10-03,3.5256803035736084,3.533586203552714,3.4703450282915362,3.5256803035736084,340925,0.0,0.0
2025-10-06,3.501964994604958,3.517775547639751,3.4229143068694374,3.4782497882843018,355695,0.0,0.0
2025-10-07,3.4782497140291375,3.557301231052411,3.3991990279812248,3.533586025238037,507255,0.0,0.0
2025-10-08,3.5335863280542483,3.58101674374762,3.470345150564846,3.517775774002075,424696,0.0,0.0
2025-10-09,3.5177754641398926,3.5256801172381262,3.4308190864633303,3.4545342922210693,248226,0.0,0.0
2025-10-10,3.4782499385099506,3.4782499385099506,3.3675783476687804,3.3991992473602295,216040,0.0,0.0
2025-10-13,3.3991989684548183,3.446629586996806,3.383388416034428,3.430819034576416,286915,0.0,0.0
2025-10-14,3.430818981967182,3.430818981967182,3.343862606939144,3.4071037769317627,375756,0.0,0.0
2025-10-15,3.4229143482980007,3.470344969257225,3.3833885884641592,3.446629762649536,165888,0.0,0.0
2025-10-16,3.4703448448805747,3.4703448448805747,3.4150085338038254,3.4545342922210693,190138,0.0,0.0
2025-10-17,3.4545344160310716,3.4782498303826075,3.4229143482980007,3.446629762649536,140977,0.0,0.0
2025-10-20,3.462440212476002,3.588921318195311,3.462440212476002,3.5731120109558105,377189,0.0,0.0
2025-10-21,3.581016664575561,3.612636941005388,3.53358624993082,3.5731120109558105,428664,0.0,0.0
2025-10-22,3.5493953831873486,3.5652059361149733,3.494060317635252,3.5573012828826904,288128,0.0,0.0
2025-10-23,3.565206026455137,3.636352062225342,3.565206026455137,3.636352062225342,251974,0.0,0.0
2025-10-24,3.6363522989671146,3.6916886159870854,3.628447229532183,3.6442577838897705,289340,0.0,0.0
2025-10-27,3.6442576337219426,3.7233083248138428,3.5889213189821985,3.7233083248138428,548920,0.0,0.0
2025-10-28,3.739118699721768,3.762833905915318,3.6837823876281104,3.7312140464782715,457102,0.0,0.0
2025-10-29,3.7312144336608455,3.794454574584961,3.6837827698887713,3.794454574584961,507696,0.0,0.0
2025-10-30,3.754929593530479,3.810265079671914,3.7470236931062537,3.7707393169403076,285041,0.0,0.0
2025-10-31,3.7786445501324524,3.810264825820923,3.691688376501462,3.810264825820923,465369,0.0,0.0
2025-11-03,3.8735059867475177,4.173900698276193,3.8735059867475177,4.079038619995117,2228638,0.0,0.0
2025-11-04,4.07903820375412,4.189709993890416,3.968366413617824,4.086944103240967,1726122,0.0,0.0
2025-11-05,4.086944807287283,4.134375226526963,4.015797931964523,4.10275411605835,594222,0.0,0.0
2025-11-06,4.142279412282445,4.284571900366695,4.126468858836839,4.237140655517578,1251604,0.0,0.0
2025-11-07,4.23714046885156,4.324096639276911,4.094848818011329,4.260855674743652,1527276,0.0,0.0
2025-11-10,4.260855862454436,4.260855862454436,4.158089965728051,4.237140655517578,736302,0.0,0.0
2025-11-11,4.21342495755333,4.355717429054989,4.21342495755333,4.316191673278809,691330,0.0,0.0
2025-11-12,4.316191690212398,4.332002241877491,4.205519905995019,4.2450456619262695,637871,0.0,0.0
2025-11-13,4.245046362031251,4.3082877481462605,4.158090183226625,4.284572124481201,706321,0.0,0.0
2025-11-14,4.284571836101343,4.284571836101343,4.221330869730588,4.252951145172119,901419,0.0,0.0
2025-11-17,4.260855526377015,4.284571562418657,4.158089637756348,4.158089637756348,537567,0.0,0.0
2025-11-18,4.1580896603061905,4.3161918592476525,4.118563902826991,4.292476654052734,664656,0.0,0.0
2025-11-19,4.292477160578227,4.292477160578227,4.2055205669603755,4.213425636291504,462614,0.0,0.0
2025-11-21,4.221330893834884,4.229235962740406,4.102753613788972,4.18180513381958,541094,0.0,0.0
2025-11-24,4.1659951800665205,4.197616291214724,4.134375315381584,4.173901081085205,261012,0.0,0.0
2025-11-25,4.173900555691584,4.300381660461426,4.142279448523716,4.300381660461426,481131,0.0,0.0
2025-11-26,4.252951158324347,4.490104886819999,4.252951158324347,4.3952436447143555,692212,0.0,0.0
2025-11-27,4.411053469551954,4.4584838839636705,4.387338262346096,4.4347686767578125,347980,0.0,0.0
2025-11-28,4.434769088157871,4.474294852655358,4.403148808950076,4.450579643249512,339823,0.0,0.0
2025-12-01,4.45057935505647,4.47429456292666,4.347812623310212,4.426864147186279,599623,0.0,0.0
2025-12-02,4.434768386347451,4.466389491526633,4.41105318069458,4.41105318069458,414225,0.0,0.0
2025-12-03,4.4268642751665706,4.450579483722366,4.371527957560924,4.403148651123047,751403,0.0,0.0
2025-12-04,4.403148621794364,4.52172507927125,4.403148621794364,4.474294662475586,364403,0.0,0.0
2025-12-05,4.474294101481525,4.482198754468645,4.142279148101807,4.142279148101807,1137411,0.0,0.0
2025-12-08,4.245045538922868,4.403147727091435,4.197615131764883,4.268761157989502,1034350,0.0,0.0
2025-12-09,4.308287206337016,4.308287206337016,4.173900212590473,4.292476654052734,541976,0.0,0.0
2025-12-10,4.292477006901015,4.300381660461426,4.252951246172735,4.300381660461426,212623,0.0,0.0
2025-12-11,4.292477165622673,4.387338413195414,4.276666611454117,4.35571813583374,253076,0.0,0.0
2025-12-12,4.325827723375386,4.485158322101382,4.325827723375386,4.453292369842529,836938,0.03854,0.0
2025-12-15,4.445325527772788,4.588723571172677,4.445325527772788,4.580756664276123,649004,0.0,0.0
2025-12-16,4.564824374253152,4.564824374253152,4.445325788389449,4.524991512298584,430869,0.0,0.0
2025-12-17,4.524991483981538,4.564824345686835,4.461259156482601,4.532957553863525,634234,0.0,0.0
2025-12-18,4.54092493529411,4.676355661826276,4.524991539188061,4.644489288330078,656940,0.0,0.0
2025-12-19,4.660422777467369,4.676355755175572,4.540925025939941,4.540925025939941,384685,0.0,0.0
2025-12-22,4.540924760045901,4.564824225208771,4.405492782592773,4.405492782592773,492815,0.0,0.0
2025-12-23,4.437359299741716,4.524991512298584,4.437359299741716,4.524991512298584,234668,0.0,0.0
2025-12-26,4.477191869621776,4.572790145874023,4.477191869621776,4.572790145874023,246132,0.0,0.0
2025-12-29,4.564824492502246,4.5727905626404395,4.501092162953527,4.540925025939941,409375,0.0,0.0
2025-12-30,5.512412031252252,5.512412031252252,4.861572383897726,4.891156196594238,939400,0.566404,1.1022494887525562
2026-01-02,4.999629267969701,4.999629267969701,4.812266385359769,4.822127342224121,431200,0.0,0.0
2026-01-05,4.822127342224121,4.901016878013834,4.792544001412341,4.822127342224121,609800,0.0,0.0
2026-01-06,4.8221275379149295,4.920739461653925,4.812266580650402,4.871433734893799,414900,0.0,0.0
2026-01-07,4.861572265625,4.891156077601796,4.693932231818957,4.861572265625,605500,0.0,0.0
2026-01-08,4.851711195612535,4.920739304921822,4.79254404325369,4.83198881149292,442000,0.0,0.0
2026-01-09,4.831988923866944,4.861572265625,4.802405111890149,4.861572265625,254500,0.0,0.0
2026-01-12,4.861572322876935,4.861572322876935,4.70379324439259,4.75309944152832,536400,0.0,0.0
2026-01-13,4.753099364318049,4.7629603214537655,4.68407078349309,4.733376979827881,337300,0.0,0.0
2026-01-14,4.733376772934639,4.871433458331441,4.723515346011224,4.802404880523682,441900,0.0,0.0
2026-01-15,4.841849690385612,4.841849690385612,4.7826825389806285,4.8122663497924805,249400,0.0,0.0
2026-01-16,4.812266385359769,4.822127342224121,4.7235154224869795,4.822127342224121,355400,0.0,0.0
2026-01-19,4.822127572655774,4.8812947273254395,4.792544230430315,4.8812947273254395,220600,0.0,0.0
2026-01-20,4.881294692158327,4.901017076906126,4.812266580650402,4.871433734893799,270300,0.0,0.0
2026-01-21,4.901016986110978,4.9799069938594185,4.8714336446467055,4.970045566558838,549100,0.0,0.0
2026-01-22,4.9799067933270775,5.157408245621236,4.95032298283536,5.039073944091797,954400,0.0,0.0
2026-01-23,5.039074302555935,5.068657644933404,4.960184762591019,5.009490489959717,434600,0.0,0.0
2026-01-26,5.058796518535212,5.10810224425663,4.920739357990281,5.088379859924316,563400,0.0,0.0
2026-01-27,5.108102363388042,5.177130945270395,5.078519021308994,5.117963790893555,446900,0.0,0.0
2026-01-28,5.078519120917363,5.315187743066666,5.078519120917363,5.2658820152282715,452200,0.0,0.0
2026-01-29,5.25602031330857,5.30532650879328,5.1179636242576,5.196853160858154,620600,0.0,0.0
2026-01-30,5.1968533908901,5.256020545959473,5.137686235820728,5.256020545959473,401600,0.0,0.0
2026-02-02,5.17713074550523,5.206714556661499,4.920739282879983,5.068657398223877,1628000,0.0,0.0
2026-02-03,5.0686575523626916,5.147547090886821,5.009490398469595,5.108102321624756,1351300,0.0,0.0
2026-02-04,5.108102511953597,5.108102511953597,4.910878658294678,4.910878658294678,570300,0.0,0.0
2026-02-05,4.910878489507153,5.029212797635339,4.910878489507153,4.989768028259277,487400,0.0,0.0
2026-02-06,4.999629289223792,5.068657398223877,4.930600710004981,5.068657398223877,326900,0.0,0.0
2026-02-09,5.068657619286173,5.285604323310701,5.009490464611869,5.246159553527832,577100,0.0,0.0
2026-02-10,5.246159320472375,5.354632197447092,5.177130741309507,5.186992168426514,401200,0.0,0.0
2026-02-11,5.186992508875334,5.325049206043711,5.16726965334681,5.275743007659912,365600,0.0,0.0
2026-02-12,5.305326472518237,5.305326472518237,5.108102162146639,5.186992168426514,444300,0.0,0.0
2026-02-13,5.186992330367626,5.186992330367626,5.029212783100627,5.108102321624756,400000,0.0,0.0
2026-02-18,5.108102120556872,5.27574261843126,5.108102120556872,5.177130699157715,326100,0.0,0.0
2026-02-19,5.226437279494871,5.285604435424174,5.137686310491535,5.275743007659912,398400,0.0,0.0
2026-02-20,5.27574289575561,5.27574289575561,5.137686201515568,5.246159553527832,491600,0.0,0.0
2026-02-23,5.236298178031558,5.24615960568469,5.127824824940862,5.137686252593994,458600,0.0,0.0
2026-02-24,5.1081023890690425,5.285604323310701,5.1081023890690425,5.246159553527832,661500,0.0,0.0
2026-02-25,5.246159683616006,5.325049225137956,5.157408714294434,5.157408714294434,529100,0.0,0.0
2026-02-26,5.1968530830124235,5.216575466867133,5.088379736702163,5.177130699157715,547900,0.0,0.0
2026-02-27,5.177130818553263,5.246159398746051,5.127824622670025,5.206714630126953,549500,0.0,0.0
2026-03-02,5.177130971298437,5.31518766553848,5.088380004177608,5.246159553527832,778600,0.0,0.0
2026-03-03,5.236298202350231,5.315187743066666,5.088380078397541,5.2658820152282715,1295100,0.0,0.0
2026-03-04,5.236298202350231,5.364493941123814,5.236298202350231,5.2658820152282715,452700,0.0,0.0
2026-03-05,5.28560408850295,5.28560408850295,5.167269314192501,5.186992168426514,536000,0.0,0.0
2026-03-06,5.226436893903848,5.27574261843126,5.127824504411581,5.177130699157715,384200,0.0,0.0
2026-03-09,5.186992508875334,5.275743007659912,5.137686310491535,5.275743007659912,543400,0.0,0.0
2026-03-10,5.275742989572481,5.48282826972445,5.265882032060783,5.394077301025391,893600,0.0,0.0
2026-03-11,5.4039384776153785,5.5715789794921875,5.364493708964216,5.5715789794921875,905000,0.0,0.0
2026-03-12,5.571578880569426,5.571578880569426,5.256020266744098,5.305326461791992,1091400,0.0,0.0
2026-03-13,5.3250487674623415,5.403938302203918,5.285604000091553,5.285604000091553,637200,0.0,0.0
2026-03-16,5.364493603345636,5.443383139094749,5.32504883547108,5.423660755157471,500500,0.0,0.0
2026-03-17,5.453244891602965,5.463105849050709,5.34477153836527,5.38421630859375,618500,0.0,0.0
2026-03-18,5.3546325488989845,5.403938747282783,5.275743007659912,5.275743007659912,552600,0.0,0.0
2026-03-19,5.315187468155836,5.699774664585058,5.2560203156787395,5.680052280426025,1928900,0.0,0.0
2026-03-20,5.689913321511456,5.788525243764419,5.532134245906715,5.581439971923828,1609400,0.0,0.0
2026-03-23,5.640607350964686,6.025194568467254,5.640607350964686,6.005472183227539,1954000,0.0,0.0
2026-03-24,6.015332751905108,6.390058517456055,5.9463046431374815,6.390058517456055,1309600,0.0,0.0
2026-03-25,6.399919840727669,6.6070051193237305,6.36047507053973,6.6070051193237305,1109100,0.0,0.0
2026-03-26,6.5675600831241105,6.626727236009521,6.429503393058153,6.5379767417907715,582700,0.0,0.0
2026-03-27,6.597144049950987,6.715478358507004,6.488670698665266,6.57742166519165,826500,0.0,0.0
2026-03-30,6.616866407429945,6.626727364659586,6.153389662168276,6.449225902557373,994000,0.0,0.0
2026-03-31,6.449225821022668,7.02117543967319,6.449225821022668,6.912702560424805,2206300,0.0,0.0
2026-04-01,6.902841210043099,7.01131456071931,6.656311166827274,6.932425022125244,1168300,0.0,0.0
2026-04-02,6.883118640807776,6.991591988575022,6.636588604203227,6.764784336090088,1287000,0.0,0.0
2026-04-06,6.814090387200239,6.814090387200239,6.557699381381969,6.725339889526367,840100,0.0,0.0
2026-04-07,6.666172677135899,6.892979868304172,6.616866479792254,6.833812713623047,1408700,0.0,0.0
2026-04-08,6.883118960896115,7.346595244369644,6.804229420749025,7.090204238891602,2310100,0.0,0.0
2026-04-09,7.100065211151383,7.583264350891113,7.060620440995335,7.583264350891113,1715500,0.0,0.0
2026-04-10,7.652292465829689,7.652292465829689,7.119787160848652,7.34659481048584,3196000,0.0,0.0
2026-04-13,7.29728917420669,7.484652058366851,7.16909344237836,7.247982978820801,1270800,0.0,0.0
2026-04-14,7.287428026566438,7.317011838976465,6.942286056282759,6.952147483825684,1763300,0.0,0.0
2026-04-15,6.952147197791262,7.040897690932362,6.85353480729424,7.001452922821045,833700,0.0,0.0
2026-04-16,6.991592272588663,7.100065154543583,6.93242511782632,7.080342769622803,676100,0.0,0.0
2026-04-17,7.08034253734277,7.178954928930311,6.863396310331389,7.021175384521484,1065500,0.0,0.0
2026-04-20,7.0211754264850965,7.080342579660008,6.902841120135275,7.031036853790283,764400,0.0,0.0
2026-04-22,6.971869713710852,7.060620208530554,6.873257321348705,6.912702560424805,685400,0.0,0.0
2026-04-23,6.892979705777387,6.95214732928217,6.794367783633976,6.912702560424805,631200,0.0,0.0
2026-04-24,6.912702609731808,6.912702609731808,6.705617336644176,6.804229259490967,556400,0.0,0.0
2026-04-27,6.82395169431135,6.853535036273867,6.666172616594611,6.695755958557129,563300,0.0,0.0
2026-04-28,6.695755725540533,6.695755725540533,6.567559994247604,6.6365885734558105,399800,0.0,0.0
2026-04-29,6.616866434710323,6.6464497767399555,6.488670698665266,6.57742166519165,796500,0.0,0.0
2026-04-30,6.528115215749919,6.823951445919089,6.528115215749919,6.754922866821289,866300,0.0,0.0
2026-05-04,6.754922944298821,6.7746453285217285,6.626727211740554,6.7746453285217285,624300,0.0,0.0
2026-05-05,6.784506797790527,6.912702531143306,6.7746453705085905,6.784506797790527,842800,0.0,0.0
2026-05-06,6.7845069021520015,6.932425022125244,6.73520070542134,6.932425022125244,765400,0.0,0.0
2026-05-07,6.9324249287012725,6.9324249287012725,6.666172504425049,6.666172504425049,780600,0.0,0.0
2026-05-08,6.676033483535331,6.814090174669975,6.676033483535331,6.794367790222168,520100,0.0,0.0
2026-05-11,6.784506940274052,6.784506940274052,6.557699280432314,6.57742166519165,460800,0.0,0.0
2026-05-12,6.567560237702611,6.636588819469659,6.518254510913642,6.57742166519165,357000,0.0,0.0
2026-05-13,6.587282405324566,6.587282405324566,6.271724259576968,6.281585216522217,783300,0.0,0.0
2026-05-14,6.330891483816308,6.537976754424784,6.330891483816308,6.419642448425293,634300,0.0,0.0
2026-05-15,6.409781183649276,6.409781183649276,6.133667325765059,6.340752601623535,922100,0.0,0.0
2026-05-18,6.350613784810975,6.429503321108709,6.311169016662109,6.399919509887695,483400,0.0,0.0
2026-05-19,6.32103018172061,6.399919720615915,6.222418258101478,6.3308916091918945,465200,0.0,0.0
2026-05-20,6.2815853498813885,6.567560160645809,6.2815853498813885,6.557699203491211,585700,0.0,0.0
2026-05-21,6.56755997313974,6.56755997313974,6.390058517456055,6.390058517456055,785600,0.0,0.0
2026-05-22,6.429503454391103,6.449225838874377,6.202695797724076,6.311169147491455,747400,0.0,0.0
2026-05-25,6.311169175310014,6.439364910125732,6.291446790739807,6.439364910125732,336300,0.0,0.0
2026-05-26,6.419642448425293,6.4492257898158,6.252001946483314,6.419642448425293,501400,0.0,0.0
2026-05-27,6.4196425606497085,6.528115441269468,6.409781133201326,6.449225902557373,409400,0.0,0.0
2026-05-28,6.399919823148671,6.626727486215717,6.330891710618755,6.478809833526611,644700,0.0,0.0
2026-05-29,6.508393042021237,6.567560195922852,6.3999196914255725,6.567560195922852,711000,0.0,0.0
2026-06-01,6.567559984055064,6.577421411163243,6.271724224090576,6.271724224090576,656900,0.0,0.0
2026-06-02,6.30130788996935,6.360475045013811,6.2322797775268555,6.2322797775268555,483200,0.0,0.0
2026-06-03,6.271724582756138,6.281585540209518,6.074500261282281,6.242140769958496,725400,0.0,0.0
2026-06-05,6.232279460148502,6.232279460148502,6.084361344960696,6.1533894538879395,497300,0.0,0.0
2026-06-08,6.0942222767334995,6.192834666597998,6.02519416809082,6.02519416809082,582500,0.0,0.0
2026-06-09,6.044916876490455,6.1731126140204315,5.9857497215271,5.9857497215271,532900,0.0,0.0
2026-06-10,5.975888346398098,6.035055501881,5.877276420593262,5.877276420593262,857000,0.0,0.0
2026-06-11,5.906859711357211,6.084361646466024,5.896998753972693,5.9857497215271,680900,0.0,0.0
2026-06-12,6.025194125826787,6.133667001566888,5.985749358245165,6.0153326988220215,492000,0.0,0.0
2026-06-15,6.113944831087606,6.15338960004543,5.90685955894966,5.946304798126221,566100,0.0,0.0
2026-06-16,5.966027153470813,6.044916691001215,5.818109035491943,5.818109035491943,538500,0.0,0.0
2026-06-17,5.906859659593096,5.936443471924893,5.729358196258545,5.729358196258545,550300,0.0,0.0
2026-06-18,5.768802651905824,5.778664078885937,5.630745965715281,5.650468349456787,577900,0.0,0.0
2026-06-19,5.620884895324707,5.729358247893912,5.571579167952341,5.620884895324707,424100,0.0,0.0
2026-06-22,5.611023617333307,5.73921934757032,5.611023617333307,5.660329341888428,492500,0.0,0.0
2026-06-23,5.680052510652062,5.877276360236336,5.591301543229765,5.739219665527344,665600,0.0,0.0
2026-06-24,5.729358161064433,5.778664357908305,5.670191006983034,5.719497203826904,567500,0.0,0.0
2026-06-25,5.73921954649153,5.847692426403695,5.7096357345581055,5.7096357345581055,525100,0.0,0.0
2026-06-26,5.69977461173928,5.798386531620155,5.69977461173928,5.788525104522705,336400,0.0,0.0
2026-06-29,5.768802852512792,5.798386664263171,5.699774742126465,5.699774742126465,346400,0.0,0.0
2026-06-30,5.699774633281478,5.719497017332192,5.492689365639602,5.551856517791748,1488800,0.0,0.0
2026-07-01,5.522273063659668,5.6307464180615225,5.463105907681953,5.522273063659668,1089900,0.0,0.0
2026-07-02,5.522273011221684,5.6899135200093856,5.512412053761747,5.630746364593506,909800,0.0,0.0
2026-07-03,5.650468427144559,5.729357963195229,5.611023659119224,5.670190811157227,291900,0.0,0.0
2026-07-06,5.699774579838735,5.729357920528063,5.60116219029105,5.660329341888428,526500,0.0,0.0
2026-07-07,5.680052192816894,5.7786641120910645,5.660329338743338,5.7786641120910645,1731900,0.0,0.0
2026-07-08,5.778664494788426,5.877276420593262,5.699774954144558,5.877276420593262,525400,0.0,0.0
2026-07-09,5.887137238614834,5.985749632302575,5.4433833478949625,5.719497203826904,2985900,0.0,0.0
2026-07-10,5.7194971135789405,5.847692376956476,5.640607105829805,5.818109035491943,1568800,0.0,0.0
2026-07-13,5.7786641120910645,5.887136988183292,5.7786641120910645,5.7786641120910645,475300,0.0,0.0
2026-07-14,5.778664189671889,5.827969914861562,5.719497037313044,5.798386573791504,925200,0.0,0.0
2026-07-15,5.7885254457025175,5.798386873381207,5.541995396360311,5.630746364593506,1040700,0.0,0.0
2026-07-16,5.611023627285014,5.660329351927583,5.522272664622177,5.541995048522949,515400,0.0,0.0
2026-07-17,5.620884954724796,5.620884954724796,5.512412071228027,5.512412071228027,430100,0.0,0.0
2026-07-20,5.571579262083809,5.571579262083809,5.512412106106094,5.522273063659668,228600,0.0,0.0
2026-07-21,5.5617178343114775,5.5617178343114775,5.502550678333764,5.522273063659668,580400,0.0,0.0
2026-07-22,5.522272783568868,5.640607089522356,5.522272783568868,5.5715789794921875,440400,0.0,0.0
2026-07-23,5.620884990289192,5.620884990289192,5.522273063659668,5.522273063659668,556000,0.0,0.0
2026-07-24,5.522272874342208,5.522272874342208,5.423660951093349,5.472967147827148,662800,0.0,0.0
2026-07-27,5.449999809265137,5.579999923706055,5.449999809265137,5.519999980926514,334600,0.077033,0.0
2026-07-28,5.550000190734863,5.630000114440918,5.420000076293945,5.429999828338623,463600,0.0,0.0
2026-07-29,5.429999828338623,5.429999828338623,5.230000019073486,5.360000133514404,836100,0.0,0.0
2026-07-30,5.400000095367432,5.409999847412109,5.340000152587891,5.380000114440918,346800,0.0,0.0
2026-07-31,5.340000152587891,5.409999847412109,5.239999771118164,5.400000095367432,964200,0.0,0.0
2026-08-03,5.420000076293945,5.46999979019165,5.369999885559082,5.46999979019165,2474900,0.0,0.0
2026-08-04,5.489999771118164,5.53000020980835,5.260000228881836,5.300000190734863,1028500,0.0,0.0
2026-08-05,5.309999942779541,5.409999847412109,5.289999961853027,5.289999961853027,533000,0.0,0.0
2026-08-06,5.289999961853027,5.309999942779541,5.199999809265137,5.289999961853027,585800,0.0,0.0
2026-08-07,5.300000190734863,5.300000190734863,5.159999847412109,5.260000228881836,627200,0.0,0.0
2026-08-10,5.260000228881836,5.269999980926514,5.190000057220459,5.239999771118164,1285300,0.0,0.0
2026-08-11,5.260000228881836,5.260000228881836,5.0,5.0,802600,0.0,0.0
2026-08-12,5.0,5.239999771118164,5.0,5.21999979019165,729800,0.0,0.0
2026-08-13,5.159999847412109,5.190000057220459,4.710000038146973,4.769999980926514,3347200,0.0,0.0
2026-08-14,4.829999923706055,4.840000152587891,4.579999923706055,4.730000019073486,1941000,0.0,0.0
2026-08-17,4.760000228881836,4.789999961853027,4.639999866485596,4.789999961853027,1453500,0.0,0.0
2026-08-18,4.809999942779541,4.809999942779541,4.519999980926514,4.519999980926514,1655800,0.0,0.0
2026-08-19,4.579999923706055,4.590000152587891,4.449999809265137,4.480000019073486,2034300,0.0,0.0
2026-08-20,4.480000019073486,4.510000228881836,4.260000228881836,4.260000228881836,1621300,0.0,0.0
2026-08-21,4.340000152587891,4.550000190734863,4.340000152587891,4.550000190734863,987600,0.0,0.0
2026-08-24,4.550000190734863,4.599999904632568,4.420000076293945,4.579999923706055,682100,0.0,0.0
2026-08-25,4.599999904632568,4.650000095367432,4.539999961853027,4.650000095367432,551600,0.0,0.0
2026-08-26,4.610000133514404,4.730000019073486,4.610000133514404,4.639999866485596,535800,0.0,0.0
2026-08-27,4.690000057220459,4.710000038146973,4.639999866485596,4.650000095367432,541300,0.0,0.0
2026-08-28,4.699999809265137,4.739999771118164,4.610000133514404,4.739999771118164,493200,0.0,0.0
2026-08-31,4.75,4.869999885559082,4.71999979019165,4.869999885559082,741000,0.0,0.0
2026-09-01,4.869999885559082,4.900000095367432,4.78000020980835,4.809999942779541,1032700,0.0,0.0
2026-09-02,4.849999904632568,5.110000133514404,4.829999923706055,5.079999923706055,1011200,0.0,0.0
2026-09-03,5.099999904632568,5.139999866485596,4.96999979019165,4.96999979019165,743700,0.0,0.0
2026-09-04,5.010000228881836,5.010000228881836,4.840000152587891,4.920000076293945,912100,0.0,0.0
2026-09-08,4.960000038146973,5.079999923706055,4.929999828338623,5.059999942779541,739600,0.0,0.0
2026-09-09,5.079999923706055,5.090000152587891,4.980000019073486,5.090000152587891,843900,0.0,0.0
2026-09-10,5.090000152587891,5.190000057220459,5.010000228881836,5.099999904632568,840200,0.0,0.0
2026-09-11,5.099999904632568,5.130000114440918,5.019999980926514,5.03000020980835,522800,0.0,0.0
2026-09-14,5.010000228881836,5.179999828338623,4.949999809265137,5.179999828338623,892700,0.0,0.0
2026-09-15,5.159999847412109,5.260000228881836,5.119999885559082,5.199999809265137,608200,0.0,0.0
2026-09-16,5.230000019073486,5.230000019073486,5.099999904632568,5.110000133514404,659400,0.0,0.0
2026-09-17,5.130000114440918,5.170000076293945,5.059999942779541,5.119999885559082,245300,0.0,0.0
2026-09-18,5.119999885559082,5.230000019073486,5.010000228881836,5.230000019073486,969800,0.0,0.0
2026-09-21,5.230000019073486,5.239999771118164,5.150000095367432,5.190000057220459,331800,0.0,0.0
2026-09-22,5.199999809265137,5.199999809265137,5.090000152587891,5.119999885559082,432600,0.0,0.0
2026-09-23,5.110000133514404,5.170000076293945,5.059999942779541,5.059999942779541,348600,0.0,0.0
2026-09-24,5.119999885559082,5.119999885559082,4.980000019073486,5.03000020980835,412100,0.0,0.0
2026-09-25,5.03000020980835,5.079999923706055,5.010000228881836,5.070000171661377,191300,0.0,0.0
