Date,Open,High,Low,Close,Volume,Dividends,Stock splits
2020-09-17,12.842564358069449,12.982686935592554,12.830379482976923,12.897395133972168,854900,0.0,0.0
2020-09-18,12.927852421713814,13.03142150602689,12.897391404803685,12.982683181762695,1682500,0.0,0.0
2020-09-21,12.812100232007793,13.287298625488653,12.732899725085408,13.177637100219727,2049800,0.0,0.0
2020-09-22,13.195912455276057,13.37868086233002,13.171543876608352,13.281204223632812,1690100,0.0,0.0
2020-09-23,13.305575370788574,13.524898412047575,13.287298063345887,13.305575370788574,1584800,0.0,0.0
2020-09-24,13.342128308049174,13.65283555048759,13.311667292168519,13.622374534606934,2213100,0.0,0.0
2020-09-25,13.579727415580539,13.579727415580539,13.403050285864191,13.421327590942383,998900,0.0,0.0
2020-09-28,13.524899598948013,13.555360618679002,13.092345914284762,13.25074577331543,1314200,0.0,0.0
2020-09-29,13.281206782908107,13.287299219252338,13.11062321332331,13.183730125427246,1555200,0.0,0.0
2020-09-30,13.244650929566443,13.281204379002217,13.049697649891382,13.275113105773926,1806300,0.0,0.0
2020-10-01,13.299482657839746,13.39695930480957,13.134990380323186,13.39695930480957,1383300,0.0,0.0
2020-10-02,13.427420618052658,13.439604326628862,13.15935927515148,13.189820289611816,1725100,0.0,0.0
2020-10-05,13.281204062776862,13.396958005582782,13.080158352647201,13.232465744018555,1416900,0.0,0.0
2020-10-06,13.342128580320503,13.378682032525886,13.14108285017096,13.171545028686523,1989600,0.0,0.0
2020-10-07,13.202009646183704,13.256840420454129,12.98268654910201,13.159363746643066,2423300,0.0,0.0
2020-10-08,13.171545045866553,13.421329099953505,13.159360174444435,13.293390274047852,1249500,0.0,0.0
2020-10-09,13.2263747489589,13.366498447406691,13.080159776764658,13.086252212524414,1959000,0.0,0.0
2020-10-13,13.189821775622175,13.378682642983042,13.134991013805577,13.299483299255371,977900,0.0,0.0
2020-10-14,13.317759418561735,13.598004476600046,13.281204805937678,13.524897575378418,1043000,0.0,0.0
2020-10-15,13.403050446480023,13.555357837917295,13.378680706083733,13.47006607055664,872300,0.0,0.0
2020-10-16,13.47006718104776,13.628467020642809,13.46397474544642,13.518805503845215,747500,0.0,0.0
2020-10-19,13.549266155114546,13.579728332301261,13.451789512143547,13.524897575378418,772000,0.0,0.0
2020-10-20,13.567544681171485,13.878251944329612,13.506621483334204,13.847789764404297,2964300,0.0,0.0
2020-10-21,13.823420733521136,13.8477893146566,13.701574341803891,13.768589973449707,1276200,0.0,0.0
2020-10-22,13.75031341586545,14.0671131219941,13.738128543626647,13.945266723632812,1605700,0.0,0.0
2020-10-23,13.957448368853873,14.06710986962218,13.926987357312946,13.951355934143066,651500,0.0,0.0
2020-10-26,13.951356485014001,14.268156130406181,13.926987907221685,14.061017990112305,1235400,0.0,0.0
2020-10-27,14.19504604809032,14.725076193119344,14.140215303362734,14.475292205810547,3714600,0.0,0.0
2020-10-28,14.231605770808233,14.65806585182257,14.061021041194458,14.43265151977539,4146800,0.0,0.0
2020-10-29,14.463109582001602,14.682432594946048,14.231602861014926,14.402186393737793,2951300,0.0,0.0
2020-10-30,14.505760794758512,14.578868879938431,14.231608089864396,14.322992324829102,3537200,0.0,0.0
2020-11-03,14.475295310828635,15.035786584484084,14.444833133882927,14.846925735473633,4174800,0.0,0.0
2020-11-04,14.950494278190579,15.431785036581664,14.877386218149644,15.322123527526855,2688100,0.0,0.0
2020-11-05,15.342095299320512,15.758932488479395,15.323430522499407,15.57228946685791,2868600,0.522095,0.0
2020-11-06,15.54740003126318,15.964237138206968,15.466521720951919,15.846029281616211,2517500,0.0,0.0
2020-11-09,16.11977785789885,16.33130726599014,15.995348375498978,16.125999450683594,2790200,0.0,0.0
2020-11-10,16.163323886843287,16.28775333895897,15.93935253434114,16.262866973876953,1891500,0.0,0.0
2020-11-11,16.244204579940387,16.30019771884073,16.063781979784316,16.18821144104004,2291500,0.0,0.0
2020-11-12,16.213095178996234,16.661040250350098,15.970459056444344,16.11355209350586,3802300,0.0,0.0
2020-11-13,16.194434628172495,16.418406019191277,16.076226746998962,16.318862915039062,1376100,0.0,0.0
2020-11-16,16.399738571034288,16.5988247325068,16.325080667158534,16.549053192138672,1161700,0.0,0.0
2020-11-17,16.4868375698984,16.623709001776316,16.244201472181672,16.5179443359375,1600100,0.0,0.0
2020-11-18,16.517947915574318,16.71703529596916,16.349969681254414,16.368633270263672,1992100,0.0,0.0
2020-11-19,16.387297750602702,16.53661239322253,16.381076158829295,16.449512481689453,1063800,0.0,0.0
2020-11-23,16.418404343627216,16.480619074034937,16.188211383760112,16.44329071044922,1127400,0.0,0.0
2020-11-24,16.430843628084,16.63615135905792,16.34374373816991,16.580158233642578,1074100,0.0,0.0
2020-11-25,16.493062729091317,16.903678300218296,16.493062729091317,16.741920471191406,1849200,0.0,0.0
2020-11-26,16.741920176205152,16.885013227060544,16.673483853340706,16.822799682617188,605000,0.0,0.0
2020-11-27,16.853903720353763,16.94722520852502,16.74813905065378,16.909896850585938,831700,0.0,0.0
2020-11-30,16.909899117218405,17.04054898084128,16.853905979480814,16.92234230041504,1397800,0.0,0.0
2020-12-01,17.084094623148843,17.090316213176756,16.654815591045573,16.79168701171875,2070700,0.0,0.0
2020-12-02,16.74191776273428,16.916118747346285,16.53661001038486,16.549053192138672,1550800,0.0,0.0
2020-12-03,16.66104268487641,16.947228800817207,16.61127113485856,16.76058578491211,1137000,0.0,0.0
2020-12-04,16.79168701171875,16.82279496185831,16.64237241098975,16.79168701171875,869300,0.0,0.0
2020-12-07,16.74191717128046,17.351618815912435,16.729473989966234,17.295625686645508,1573200,0.0,0.0
2020-12-08,17.295626510939698,17.438720729578847,17.08409716510492,17.18364143371582,1034000,0.0,0.0
2020-12-09,17.25829587618452,17.320510590870015,17.04676655824202,17.196081161499023,1140900,0.0,0.0
2020-12-10,17.19608545829754,17.56937265303708,17.046770817731176,17.469829559326172,1832200,0.0,0.0
2020-12-11,17.532041888863798,17.961322163364528,17.457383985480014,17.799564361572266,1212400,0.0,0.0
2020-12-14,18.042204567071863,18.259955549176347,17.93021827989542,17.948883056640625,1305600,0.0,0.0
2020-12-15,17.948878881064946,18.035978778985115,17.7497927220205,17.93643569946289,1190000,0.0,0.0
2020-12-16,18.029755816473163,18.08574894277532,17.76845495594542,17.95509910583496,1477600,0.0,0.0
2020-12-17,18.024010093992374,18.139343453900004,17.799752140965523,17.851011276245117,1507300,0.837549,0.0
2020-12-18,17.908674390602272,17.998377553953212,17.64597122183399,17.774118423461914,1337400,0.0,0.0
2020-12-21,17.588306888924325,17.793343416447094,17.23589928789472,17.59471321105957,1290400,0.0,0.0
2020-12-22,17.710050031074914,17.76771671849651,17.517828554412496,17.645977020263672,918300,0.0,0.0
2020-12-23,17.69723271956009,17.851010115398765,17.601120777811076,17.812564849853516,752700,0.0,0.0
2020-12-28,17.921492008907602,18.171381365331698,17.79975232518002,17.934307098388672,1196200,0.0,0.0
2020-12-29,18.017602838542548,18.17778778076172,17.908677028948947,18.17778778076172,675500,0.0,0.0
2020-12-30,18.171383110497636,18.171383110497636,17.8189754486084,17.8189754486084,2488000,0.0,0.0
2021-01-04,17.876636673609834,18.100895804101132,17.562674379767593,17.774118423461914,2443000,0.0,0.0
2021-01-05,17.774122041451708,17.79975222026278,17.460159683701242,17.658788681030273,1108700,0.0,0.0
2021-01-06,17.639568223887984,17.67160472702181,17.38967885540999,17.549863815307617,1024400,0.0,0.0
2021-01-07,17.581904081686915,17.594717951523894,17.126978094327303,17.242311477661133,1237300,0.0,0.0
2021-01-08,17.319200046112083,17.98556891081227,17.28075477194744,17.927902221679688,1418800,0.0,0.0
2021-01-11,17.85100971432714,18.043231149278178,17.479380710538145,17.613935470581055,870700,0.0,0.0
2021-01-12,17.671603699853502,18.094491871633576,17.54986279521555,18.068862915039062,1455600,0.0,0.0
2021-01-13,17.97916087526874,18.1457533924335,17.92790173322684,18.107309341430664,1300400,0.0,0.0
2021-01-14,18.126531592883797,18.350789570731195,17.99197558406104,18.094493865966797,1461700,0.0,0.0
2021-01-15,18.03682479366142,18.190602196177892,17.94712161438869,18.024009704589844,801900,0.0,0.0
2021-01-18,18.07527219617892,18.139346431324213,17.85101420634197,17.98556900024414,551500,0.0,0.0
2021-01-19,18.049640070747135,18.049640070747135,17.754899129601448,17.921491622924805,707200,0.0,0.0
2021-01-20,17.979157719639808,18.017602986009237,17.60112115513936,17.63956642150879,1108900,0.0,0.0
2021-01-21,17.652383152234687,17.678013333972732,17.338420758629628,17.498605728149414,854000,0.0,0.0
2021-01-22,17.33841973127964,17.453753098038355,17.171827226196417,17.364049911499023,1751300,0.0,0.0
2021-01-26,17.31278866766324,17.51782519602557,17.171825137828556,17.248714447021484,2143000,0.0,0.0
2021-01-27,17.29997406768018,17.460159012751294,17.216678433973424,17.319196701049805,1430000,0.0,0.0
2021-01-28,17.29357291931742,17.428128958442574,17.210277254803447,17.255128860473633,1714500,0.0,0.0
2021-01-29,17.248716850613476,17.280753354341556,16.82582864640858,16.883495330810547,1880100,0.0,0.0
2021-02-01,17.062898263759475,17.152602655901358,16.82582525093901,17.082120895385742,1584800,0.0,0.0
2021-02-02,17.152604952364857,17.402493086392255,16.838642593118742,16.877086639404297,1682700,0.0,0.0
2021-02-03,16.973196416377487,17.29997384680415,16.973196416377487,16.986011505126953,1295800,0.0,0.0
2021-02-04,17.043682645017824,17.15260848368064,16.6784610748291,16.6784610748291,3254600,0.0,0.0
2021-02-05,16.83864037379866,16.845047917687445,16.601566138369858,16.704084396362305,1350900,0.0,0.0
2021-02-08,16.710492597173584,16.806603315055547,16.52467870555033,16.640010833740234,919900,0.0,0.0
2021-02-09,16.63360722432178,16.640014769978176,16.473422249254977,16.51186752319336,825300,0.0,0.0
2021-02-10,16.473422751564705,16.531089442116283,16.26197862691372,16.364498138427734,1410400,0.0,0.0
2021-02-11,16.46701702168329,16.51827616823167,16.21072006682694,16.24275779724121,911500,0.0,0.0
2021-02-12,16.274793066970037,16.294015703755687,16.088979133166198,16.178682327270508,1282000,0.0,0.0
2021-02-17,16.178683813564312,16.22353541473687,15.851906290874227,15.922388076782227,1313800,0.0,0.0
2021-02-18,15.928790478967128,16.114604369834996,15.877531348164192,16.01849365234375,1325200,0.0,0.0
2021-02-19,16.018496320816805,16.165866193660893,15.935200677678843,16.012088775634766,1018100,0.0,0.0
2021-02-22,15.58279170988565,15.73656911493021,15.384162714467363,15.48668098449707,2026600,0.0,0.0
2021-02-23,16.185090310705792,16.691274205277608,16.0569418395635,16.434978485107422,4505400,0.0,0.0
2021-02-24,16.678453282387423,16.947563980285388,16.531082236264005,16.78097152709961,3458700,0.0,0.0
2021-02-25,16.889900655753486,16.93475224392264,16.473418829350507,16.52467918395996,3990000,0.0,0.0
2021-02-26,16.866074535993548,16.89253172904422,15.761511957095955,15.80781078338623,4140600,0.806156,0.0
2021-03-01,15.959934854569697,16.078989692709893,15.543244182627332,15.556472778320312,1816800,0.0,0.0
2021-03-02,15.470491072699293,15.688757896423342,15.186082519639477,15.68875789642334,2034600,0.0,0.0
2021-03-03,15.662300237066491,15.83426820978494,15.33159288834988,15.768126487731934,2419500,0.0,0.0
2021-03-04,15.847495260832039,16.336943238320075,15.78796909975482,16.237730026245117,2308100,0.0,0.0
2021-03-05,16.2972569317012,16.2972569317012,15.940093668829956,16.21788787841797,1622600,0.0,0.0
2021-03-08,16.1583630393136,16.217890469560935,15.64245906435287,15.68875789642334,1265600,0.0,0.0
2021-03-09,15.688755058476062,16.14513152063527,15.668913426348483,16.09221839904785,2143900,0.0,0.0
2021-03-10,16.092218885871766,16.11867607824003,15.68875553309435,15.953322410583496,2289900,0.0,0.0
2021-03-11,15.993004425658595,16.224499776327775,15.860721007691016,15.926862716674805,1235000,0.0,0.0
2021-03-12,15.926863492041592,16.05914691644912,15.827651554510062,15.940092086791992,1097400,0.0,0.0
2021-03-15,15.973159690325462,16.489063446977795,15.966545394035915,16.41630744934082,1993800,0.0,0.0
2021-03-16,16.462610766343285,16.766862171171972,16.436154835494218,16.66765022277832,2016300,0.0,0.0
2021-03-17,16.661033825148742,16.674261158132257,16.46260869181749,16.58827781677246,1875300,0.0,0.0
2021-03-18,16.614732537503006,16.70733016237209,16.475834838651352,16.535362243652344,1163000,0.0,0.0
2021-03-19,16.54198247442463,16.72056475349456,16.46261215209961,16.46261215209961,5380200,0.0,0.0
2021-03-22,16.436153999405867,16.5882790633076,16.138516907816996,16.370012283325195,1524700,0.0,0.0
2021-03-23,16.330324120672774,16.561819444614773,16.284025308193982,16.41630744934082,822000,0.0,0.0
2021-03-24,16.528751828267676,16.528751828267676,15.933478900037601,15.9863920211792,1853300,0.0,0.0
2021-03-25,15.999621471229066,16.303871618653098,15.735055851393303,16.224502563476562,2167700,0.0,0.0
2021-03-26,16.502295103148132,16.958670277918955,16.403081901934403,16.925600051879883,2291800,0.0,0.0
2021-03-29,17.315834979427063,17.50103026591402,17.104182502557236,17.375362396240234,3791100,0.0,0.0
2021-03-30,17.262922372869472,17.42166173523595,17.14386753570754,17.395204544067383,2208100,0.0,0.0
2021-03-31,17.310606847730853,17.41291644295982,17.058246475164786,17.276504516601562,2639700,0.795967,0.0
2021-04-01,17.38563353731995,17.556147794807497,17.15373404306324,17.276504516601562,1400600,0.0,0.0
2021-04-05,17.365171337113537,17.528866168913922,17.30378740133907,17.378812789916992,984800,0.0,0.0
2021-04-06,17.37881378098307,17.412917414936548,17.16737645415398,17.324249267578125,1035400,0.0,0.0
2021-04-07,17.358352757178885,17.610713141732894,17.276505337291805,17.344711303710938,1772900,0.0,0.0
2021-04-08,17.358351843580202,17.576609883897664,17.29696660712585,17.48794174194336,1339400,0.0,0.0
2021-04-09,17.494763757429155,17.515225938061885,17.146914492196544,17.194658279418945,1175000,0.0,0.0
2021-04-12,17.256041463670385,17.290145093993498,17.11281011907474,17.215118408203125,1105500,0.0,0.0
2021-04-13,17.215123179113604,17.38563747522319,17.112814861632017,17.262866973876953,1333800,0.0,0.0
2021-04-14,17.26968652121147,17.440200805664062,17.194659819757685,17.440200805664062,1389400,0.0,0.0
2021-04-15,17.4811210361491,17.508403941681173,17.351531137633376,17.38563346862793,881900,0.0,0.0
2021-04-16,17.42655689874672,17.944920406658653,17.392454567022746,17.815330505371094,1679900,0.0,0.0
2021-04-19,17.80850987451477,18.019947194364565,17.740303909779833,17.80168914794922,1205700,0.0,0.0
2021-04-20,17.78122805614783,17.965383781923055,17.631175965286904,17.733484268188477,1572000,0.0,0.0
2021-04-22,17.753945530509725,17.903997613606634,17.603892146492228,17.678918838500977,1083000,0.0,0.0
2021-04-23,17.7130220872399,17.808510964079264,17.603893057355467,17.733484268188477,1096600,0.0,0.0
2021-04-26,17.81532988984522,17.869894399270695,17.535685315504065,17.61753273010254,1059500,0.0,0.0
2021-04-27,17.672095373279152,17.719839151369435,17.52204331343536,17.61071014404297,913800,0.0,0.0
2021-04-28,17.69255840340138,17.972201660779128,17.535684309497405,17.876712799072266,1461400,0.0,0.0
2021-04-29,17.91081759121567,18.599695340984027,17.8357909023445,18.381437301635742,2053300,0.0,0.0
2021-04-30,18.32005502015387,18.57241543100638,17.849435233831173,18.415542602539062,5603200,0.0,0.0
2021-05-03,18.415542676388668,18.64062147928548,18.15636153705203,18.210926055908203,3345900,0.0,0.0
2021-05-04,18.210923957979645,18.326873709806506,17.187838371596982,17.460660934448242,3060900,0.0,0.0
2021-05-05,17.569791780884845,17.62435629911129,17.290148462359223,17.47430419921875,1105000,0.0,0.0
2021-05-06,17.50840396253806,17.556147746355524,17.140092542939573,17.2833251953125,1793600,0.0,0.0
2021-05-07,17.392453257085155,17.48112009344176,17.290144968698158,17.43337631225586,1080800,0.0,0.0
2021-05-10,17.501585118556815,17.549328907509434,17.065068989937814,17.29014778137207,1125900,0.0,0.0
2021-05-11,17.17419603292593,17.392454071956134,17.0991693441641,17.303787231445312,533300,0.0,0.0
2021-05-12,17.310603161334164,17.310603161334164,16.812701947722502,16.846805572509766,1374600,0.0,0.0
2021-05-13,16.996860520824143,17.017322699190174,16.730858706668176,16.89455223083496,1789300,0.0,0.0
2021-05-14,16.996863019610924,17.303789235621586,16.942298503533546,17.29014778137207,1022900,0.0,0.0
2021-05-17,17.26968629289643,17.685741557754916,17.119634192893393,17.569791793823242,1313200,0.0,0.0
2021-05-18,17.590253664803804,17.835793342199057,17.535687846581848,17.80851173400879,937400,0.0,0.0
2021-05-19,17.835790396952813,18.149537295316097,17.706199201916643,17.86989402770996,1169200,0.0,0.0
2021-05-20,17.91082011866196,18.067692943965238,17.82215196458917,17.992666244506836,639500,0.0,0.0
2021-05-21,18.03358838757174,18.16317828768767,17.9858446032216,18.135896682739258,964100,0.0,0.0
2021-05-24,18.135893830650947,18.449639393280467,18.115431654467145,18.388254165649414,895000,0.0,0.0
2021-05-25,18.415539612498552,18.490566301288485,18.27230826217653,18.483745574951172,640200,0.0,0.0
2021-05-26,18.52466607170072,18.565589123147973,18.231381384334654,18.388254165649414,964600,0.0,0.0
2021-05-27,18.442822917745158,18.442822917745158,18.060870040096784,18.12907600402832,947000,0.0,0.0
2021-05-28,18.16317742940157,18.19728106012624,17.801688050163516,17.97220230102539,1417500,0.0,0.0
2021-05-31,18.03358836596481,18.279128013888553,17.972203128753737,18.238204956054688,948700,0.0,0.0
2021-06-01,18.27230895664221,18.783851743097983,18.217743143869836,18.66790199279785,1602100,0.0,0.0
2021-06-02,18.695181303023194,18.845233366963324,18.272306713319,18.333690643310547,1427600,0.0,0.0
2021-06-04,18.347334607966985,18.688363137114774,18.306411548727016,18.531490325927734,955500,0.0,0.0
2021-06-07,18.749749252845845,18.80431376802315,18.572414253289434,18.592876434326172,817400,0.0,0.0
2021-06-08,18.633797838049453,18.633797838049453,18.190461029052454,18.2586669921875,1338000,0.0,0.0
2021-06-09,18.32687574759863,18.599698340785434,18.190463800544862,18.415542602539062,768900,0.0,0.0
2021-06-10,18.42236033883587,18.53831008472916,18.279127687593313,18.483745574951172,686500,0.0,0.0
2021-06-11,18.504206665171502,18.52466884441802,18.25866701881599,18.354154586791992,452000,0.0,0.0
2021-06-14,18.436001799227625,18.736105952671924,18.3814372894268,18.681541442871094,827100,0.0,0.0
2021-06-15,18.674723521204733,18.688364975933823,18.49056908604493,18.640621185302734,826300,0.0,0.0
2021-06-16,18.551950658984623,18.681540550496045,18.35415350732961,18.422359466552734,752100,0.0,0.0
2021-06-17,18.490569488202397,18.51103036982032,18.21092616477764,18.29277229309082,810900,0.0,0.0
2021-06-18,18.285947799682617,18.395076815572814,17.89717551795873,18.285947799682617,1329700,0.0,0.0
2021-06-21,18.272308540530503,18.285948692492394,18.033588318770022,18.245025634765625,1130300,0.0,0.0
2021-06-22,18.299588698550085,18.354153204845243,17.74030218379459,17.876712799072266,1876000,0.0,0.0
2021-06-23,17.93128222316677,18.054051411404043,17.80851173400879,17.80851173400879,632600,0.0,0.0
2021-06-24,17.88353713222256,17.910820041333537,17.624356000271817,17.80851173400879,1045600,0.0,0.0
2021-06-25,17.81533091429271,17.835791793428513,17.447019478801078,17.658456802368164,1311700,0.0,0.0
2021-06-28,17.54932399220061,17.603888492995267,17.344707439450723,17.45383644104004,1864600,0.0,0.0
2021-06-29,17.419736977295177,17.453839308048448,17.146913127586892,17.303787231445312,1031400,0.0,0.0
2021-06-30,17.262864129759656,17.30378849074653,16.990041561116957,17.112812042236328,1940900,0.0,0.0
2021-07-01,17.146913668654353,17.146913668654353,16.458035898152538,16.730859756469727,2559400,0.0,0.0
2021-07-02,16.969579279985666,17.392455234564462,16.853629526385077,17.324249267578125,2421400,0.0,0.0
2021-07-05,17.392456784226525,17.672100102958076,17.358354448155158,17.569791793823242,2831500,0.0,0.0
2021-07-06,17.597070831090118,17.597070831090118,17.105990238450584,17.378812789916992,2712800,0.0,0.0
2021-07-07,17.269258786579478,17.422331230592356,16.921368798688366,17.22751235961914,2244600,0.502542,0.0
2021-07-08,17.05356901025393,17.44320546268041,16.97007482118641,17.359712600708008,1805300,0.0,0.0
2021-07-12,17.39450107201399,17.39450107201399,17.150977791586772,17.359712600708008,1392600,0.0,0.0
2021-07-13,17.304044370033417,17.345790786833188,17.199676337391992,17.255338668823242,1178100,0.0,0.0
2021-07-14,17.33187660535781,17.41537077440128,17.220551931363044,17.311002731323242,990600,0.0,0.0
2021-07-15,17.331879090567476,17.338837049576696,17.22055440060992,17.22751235961914,920200,0.0,0.0
2021-07-16,17.283173992432932,17.5614857058588,17.269258074987906,17.373624801635742,1201700,0.0,0.0
2021-07-19,17.359707442689306,17.380579988433077,17.10226831939348,17.11618423461914,1125500,0.0,0.0
2021-07-20,17.192719063726187,17.338833518977463,17.074437765939283,17.10922622680664,1229200,0.0,0.0
2021-07-21,17.178809630307647,17.49886781302705,17.123147279961007,17.359712600708008,1398900,0.0,0.0
2021-07-22,17.35275226133651,17.519739289476455,17.28317400117113,17.45711898803711,875100,0.0,0.0
2021-07-23,17.471035517495594,17.52669786215875,17.21359634399414,17.21359634399414,791600,0.0,0.0
2021-07-26,17.255337411946968,17.33883156655947,17.178802541237953,17.185760498046875,700300,0.0,0.0
2021-07-27,17.144014005960745,17.366663331685743,17.144014005960745,17.255338668823242,960500,0.0,0.0
2021-07-28,17.311005360481182,17.359711073959158,17.14401832412741,17.24838638305664,1006700,0.0,0.0
2021-07-29,17.290136254518682,17.359714531966304,17.185769501894878,17.192726135253906,690900,0.0,0.0
2021-07-30,17.00485818399744,17.17184517184014,16.789165496826172,16.789165496826172,1772300,0.0,0.0
2021-08-02,16.851786434173018,17.533651653074152,16.84482847685728,17.255338668823242,1867600,0.0,0.0
2021-08-03,17.262298717353534,17.38058135186094,17.109227619147703,17.199678421020508,1127400,0.0,0.0
2021-08-04,17.19968095395543,17.44320421699168,17.09531422039561,17.123146057128906,1630800,0.0,0.0
2021-08-05,17.199681683186874,17.297091788788375,16.893539428710938,16.893539428710938,1128100,0.0,0.0
2021-08-06,16.942241335216444,17.178806614432542,16.92136745984036,16.97702980041504,1818000,0.0,0.0
2021-08-09,16.96311378479004,17.255341402880354,16.9491991950485,16.96311378479004,1434100,0.0,0.0
2021-08-10,17.03268935016869,17.116183510897553,16.719589233398438,16.719589233398438,2220300,0.0,0.0
2021-08-11,16.851786747838723,16.87266062017447,16.552602540261148,16.601306915283203,2078300,0.0,0.0
2021-08-12,16.691757202148438,16.9491963114439,16.559558668883486,16.691757202148438,1348100,0.0,0.0
2021-08-13,16.77525322870354,16.78916781762625,16.615222848691854,16.68480110168457,1326500,0.0,0.0
2021-08-16,16.67088427333743,16.712632019105254,16.4204044342041,16.4204044342041,1774300,0.0,0.0
2021-08-17,16.420407819643916,16.636099242201798,16.31604108789623,16.5247745513916,1625300,0.0,0.0
2021-08-18,16.580436103589694,16.63609844633191,16.044685225261542,16.1073055267334,5023500,0.0,0.0
2021-08-19,16.044683738308578,16.24646054148363,15.898570599812007,16.00293731689453,5127400,0.0,0.0
2021-08-20,15.968146568192658,16.935280042952584,15.961188611103678,16.803081512451172,6048400,0.0,0.0
2021-08-23,16.803084168084172,16.851788548309877,16.594350730804052,16.663928985595703,1422000,0.0,0.0
2021-08-24,16.69871619329636,17.116184363547713,16.663927732064884,17.053564071655273,2374500,0.0,0.0
2021-08-25,17.046607701669657,17.17880625543243,16.90049455837516,17.17184829711914,993600,0.0,0.0
2021-08-26,17.088353976499082,17.38753954590579,17.018775721063477,17.15097427368164,1486600,0.0,0.0
2021-08-27,17.185765835210052,17.359710828169284,17.137060122421687,17.21359634399414,1071000,0.0,0.0
2021-08-30,17.21359639841008,17.304048538208008,17.074441199859784,17.304048538208008,811700,0.0,0.0
2021-08-31,17.304045108881386,17.373622030820247,17.08139444655499,17.11618423461914,1042000,0.0,0.0
2021-09-01,17.15793178425765,17.46407530392964,17.15793178425765,17.331876754760742,1621600,0.0,0.0
2021-09-02,17.32492103332045,17.40841521386267,17.12314553157713,17.21359634399414,1362100,0.0,0.0
2021-09-03,17.304047124474003,17.471034145348572,17.046607971191406,17.046607971191406,2786000,0.0,0.0
2021-09-06,17.046607872332302,17.144016635503846,16.90745135886307,17.032691955566406,783800,0.0,0.0
2021-09-08,17.03269174082167,17.03269174082167,16.427363967180558,16.4551944732666,2248200,0.0,0.0
2021-09-09,16.51781402716594,16.977028637217202,16.44127781645913,16.837873458862305,1368900,0.0,0.0
2021-09-10,16.990942226112338,17.0813930133002,16.83091319572903,16.942237854003906,1362300,0.0,0.0
2021-09-13,17.01877747412561,17.30404848350613,16.9074527847993,17.21359634399414,1095200,0.0,0.0
2021-09-14,17.227509938915436,17.63106221508064,17.206636064820845,17.317960739135742,1353400,0.0,0.0
2021-09-15,17.39449794239544,17.422329776108814,17.088354407022717,17.130102157592773,1182000,0.0,0.0
2021-09-16,17.130100969931654,17.450159072875977,17.053564759621146,17.450159072875977,1541400,0.0,0.0
2021-09-17,17.429285363329527,17.429285363329527,17.18576346840023,17.311002731323242,1075700,0.0,0.0
2021-09-20,17.060525751574012,17.29013309624362,16.879622794092654,17.123146057128906,1923100,0.0,0.0
2021-09-21,17.220550360341406,17.311001152049823,17.123141611256234,17.276212692260742,637500,0.0,0.0
2021-09-22,17.41537317283244,17.464077558525826,17.185765835210052,17.21359634399414,1058100,0.0,0.0
2021-09-23,17.262298352337382,17.41537077440128,17.206636015340003,17.311002731323242,1057300,0.0,0.0
2021-09-24,17.213593793108313,17.422328549983934,17.213593793108313,17.36666488647461,999600,0.0,0.0
2021-09-27,17.38753936019548,17.415371192910396,17.06748124654291,17.206636428833008,2518900,0.0,0.0
2021-09-28,17.12314219223197,17.185762483652717,16.97702773655198,17.11618423461914,966000,0.0,0.0
2021-09-29,17.227511058469435,17.26925748227677,17.067481994628906,17.067481994628906,1268100,0.0,0.0
2021-09-30,17.185764761211797,17.185764761211797,16.886579179683867,16.921367645263672,1060000,0.0,0.0
2021-10-01,16.94224123663029,16.997903576881072,16.817000639292317,16.96311378479004,1047000,0.0,0.0
2021-10-04,16.9492012926632,16.977031802685428,16.733508536289513,16.907453536987305,1015800,0.0,0.0
2021-10-05,16.907452151804073,16.92832602793188,16.684802781487186,16.817001342773438,1026400,0.0,0.0
2021-10-06,16.733503246553656,16.88657564811983,16.53868575669797,16.87961769104004,1865800,0.0,0.0
2021-10-07,16.89353418508013,16.977027018714335,16.636095072669573,16.719589233398438,1264700,0.0,0.0
2021-10-08,16.775258130054247,17.116190209526923,16.775258130054247,16.983991622924805,797400,0.0,0.0
2021-10-11,16.997903173399184,17.255340993287625,16.942240834469672,17.15097427368164,944600,0.0,0.0
2021-10-13,17.192720577068656,17.373623509110782,17.150974154934268,17.297088623046875,901700,0.0,0.0
2021-10-14,17.359708437403896,17.429285363329527,17.25534039432586,17.311002731323242,669700,0.0,0.0
2021-10-15,17.366671499240837,17.38754538100505,17.18576983233212,17.241432189941406,778400,0.0,0.0
2021-10-18,17.20663626234725,17.38058123384796,17.01181874360714,17.345792770385742,1066500,0.0,0.0
2021-10-19,17.29708906573897,17.359709364090637,16.928325234011915,17.032691955566406,1341000,0.0,0.0
2021-10-20,17.123142321212953,17.22750903200211,16.96311194910187,17.053564071655273,704700,0.0,0.0
2021-10-21,16.900495520189732,16.921368069222613,16.608267889875087,16.817001342773438,1527600,0.0,0.0
2021-10-22,16.76829345542137,16.90744861924759,16.309078893315018,16.698715209960938,1768900,0.0,0.0
2021-10-25,16.844827905641083,16.93528002058375,16.636094501625813,16.87961769104004,801300,0.0,0.0
2021-10-26,16.740461203633448,17.053562636750968,16.726546616568484,16.87961769104004,813100,0.0,0.0
2021-10-27,16.94224139611201,17.26925748227677,16.90745160369349,17.067481994628906,1248600,0.0,0.0
2021-10-28,17.046608581732677,17.234469484605572,16.886579513549805,16.886579513549805,1134500,0.0,0.0
2021-10-29,17.213595268256658,17.26229965090634,16.85178938700917,16.921367645263672,2670600,0.0,0.0
2021-11-01,17.164892012562728,17.53365587655623,17.06748324086802,17.304048538208008,2096000,0.0,0.0
2021-11-03,17.4084167495532,17.519741448700064,17.130105001686044,17.324922561645508,3303200,0.0,0.0
2021-11-04,17.435303457953438,17.435303457953438,16.957926006146682,17.038713455200195,2488500,1.310301,0.0
2021-11-05,17.163567637296953,17.163567637296953,16.906517786860046,16.913862228393555,1182500,0.0,0.0
2021-11-08,16.91386163218609,17.053401813977082,16.789008932135406,16.847763061523438,1245600,0.0,0.0
2021-11-09,16.869798980474236,16.921210081574294,16.781668465921253,16.789012908935547,1348600,0.0,0.0
2021-11-10,16.81838764461717,17.07543752188261,16.81838764461717,16.935895919799805,1626900,0.0,0.0
2021-11-11,16.972617345402362,17.156224191974665,16.92120765249157,16.965272903442383,984800,0.0,0.0
2021-11-12,16.943238820593713,17.178255349577032,16.884484688347882,16.957927703857422,1092000,0.0,0.0
2021-11-16,17.024026949459024,17.046058874414904,16.64212437438774,16.722911834716797,1373600,0.0,0.0
2021-11-17,16.752287009326356,16.847763346703612,16.436483033216746,16.590713500976562,1610900,0.0,0.0
2021-11-18,16.693529430952196,16.86979178569348,16.561332314694067,16.576021194458008,1033500,0.0,0.0
2021-11-19,16.612748369408795,16.8036982602951,16.568681716918945,16.568681716918945,1049500,0.0,0.0
2021-11-22,16.612748681692857,16.737601397809538,16.487895965576172,16.487895965576172,954300,0.0,0.0
2021-11-23,16.583369426137683,16.671501324064078,16.43648339653003,16.612747192382812,1182700,0.0,0.0
2021-11-24,16.61275051059899,16.847767084266046,16.61275051059899,16.752290725708008,1677600,0.0,0.0
2021-11-25,16.8257327914206,17.053404909018575,16.81104390620545,16.840421676635742,818400,0.0,0.0
2021-11-26,16.70088006871025,16.840421676635742,16.627437043443717,16.840421676635742,1312000,0.0,0.0
2021-11-29,17.053402870620086,17.06074731234978,16.891829354994005,17.00199317932129,852500,0.0,0.0
2021-11-30,16.965269400513822,17.20763033191507,16.921204158661443,17.112154006958008,1866500,0.0,0.0
2021-12-01,17.163567738696038,17.44264951457325,17.112156647657738,17.15622329711914,1913200,0.0,0.0
2021-12-02,17.31779556308992,17.897993798629447,17.244352553415325,17.765796661376953,1581000,0.0,0.0
2021-12-03,17.80252058137799,18.21379954640003,17.72907755885034,17.86127471923828,1228300,0.0,0.0
2021-12-06,17.890649058272594,18.19910857309829,17.78782828612478,17.846582412719727,1034400,0.0,0.0
2021-12-07,17.956751957252813,18.066915796090537,17.707046508789062,17.707046508789062,740700,0.0,0.0
2021-12-08,17.74376452440928,17.93471580200484,17.73642008286995,17.897994995117188,590700,0.0,0.0
2021-12-09,17.809861608901212,17.942058743942063,17.743763041380788,17.846582412719727,666100,0.0,0.0
2021-12-10,17.84658448620443,18.096289903446912,17.758453986477107,17.787830352783203,1009000,0.0,0.0
2021-12-13,17.846585664694867,18.015505035143317,17.80986485418515,17.920028686523438,1087800,0.0,0.0
2021-12-14,17.964092332722966,18.110978363243714,17.765798012571658,17.83924102783203,1315600,0.0,0.0
2021-12-15,17.839241313977116,18.066913404208083,17.633601148111357,17.986125946044922,1447100,0.0,0.0
2021-12-16,17.956748043237933,18.169731231792564,17.85392726869982,18.00815773010254,1573600,0.0,0.0
2021-12-17,17.97877936668109,18.140354263796496,17.905336358974893,17.942058563232422,1403000,0.0,0.0
2021-12-20,17.934714070583443,18.000812637247233,17.70704200807975,17.80251693725586,1173400,0.0,0.0
2021-12-21,17.809861608901212,17.986123988686057,17.809861608901212,17.846582412719727,523700,0.0,0.0
2021-12-22,17.846584166276724,18.103634020689974,17.846584166276724,18.081602096557617,992400,0.0,0.0
2021-12-23,18.02531280427341,18.269397812289153,17.95134735107422,17.95134735107422,702200,0.173896,0.0
2021-12-27,18.091877775581185,18.114067831848136,17.951344984877633,17.973533630371094,530400,0.0,0.0
2021-12-28,18.003124636221383,18.054900035667462,17.88478046298068,17.936555862426758,688600,0.0,0.0
2021-12-29,17.988327786715338,18.077086604885498,17.788621503912637,17.847793579101562,895800,0.0,0.0
2021-12-30,17.94394831200518,18.003120384651613,17.82560416671232,17.98093032836914,1252300,0.0,0.0
2022-01-03,17.980930725687333,18.15105167273173,17.82560456059833,17.9217586517334,943600,0.0,0.0
2022-01-04,17.94394874572754,18.069689579487164,17.825604597574188,17.94394874572754,1036200,0.0,0.0
2022-01-05,17.943946436966602,17.988325134120732,17.662878063185957,17.677671432495117,921000,0.0,0.0
2022-01-06,17.781224462152522,17.788619736389464,17.53713808913102,17.596311569213867,1012500,0.0,0.0
2022-01-07,17.58891713062347,17.729449931448553,17.455779604979845,17.500158309936523,733900,0.0,0.0
2022-01-10,17.53714113655324,17.57412456803162,17.38181495666504,17.38181495666504,891900,0.0,0.0
2022-01-11,17.396606793624102,17.507554256718365,17.293054605399057,17.30784797668457,798200,0.0,0.0
2022-01-12,17.307847236962637,17.51495019378779,17.2782619064296,17.455778121948242,1066800,0.0,0.0
2022-01-13,17.448382882956952,17.566727036445858,17.3892108062125,17.477968215942383,825000,0.0,0.0
2022-01-14,17.492761636014304,17.566727084842043,17.48536495005417,17.50755500793457,1017700,0.0,0.0
2022-01-17,17.48536457591573,17.670277488641652,17.48536457591573,17.581520080566406,875000,0.0,0.0
2022-01-18,17.529743546710687,17.89956934802717,17.529743546710687,17.781225204467773,927400,0.0,0.0
2022-01-19,17.75903851879734,18.062295620566715,17.751641832074462,17.81821060180664,1327700,0.0,0.0
2022-01-20,17.86258588317295,17.929154640129216,17.714656409427278,17.759035110473633,1194300,0.0,0.0
2022-01-21,17.75163720005937,17.92915340276716,17.662878393318792,17.906963348388672,919000,0.0,0.0
2022-01-24,17.93655432562029,18.128863943352776,17.810813475978808,17.855192184448242,1074300,0.0,0.0
2022-01-25,17.810810484086232,17.936551312605538,17.729448356581543,17.751638412475586,1100700,0.0,0.0
2022-01-26,17.810810522265605,17.97353336685033,17.773828506469727,17.773828506469727,916200,0.0,0.0
2022-01-27,17.884778930610334,18.032708429099678,17.78862341635724,17.855192184448242,1300100,0.0,0.0
2022-01-28,17.855190264846872,17.958742454507654,17.80341487540326,17.847793579101562,1076500,0.0,0.0
2022-01-31,17.87738035885623,17.92915574840634,17.78862154050349,17.869983673095703,1257300,0.0,0.0
2022-02-01,17.884775887859018,17.936551274060385,17.714656358690675,17.729448318481445,2129600,0.0,0.0
2022-02-02,17.744241689045683,17.936551274060385,17.6850696175622,17.729448318481445,1342600,0.0,0.0
2022-02-03,17.788620466323994,17.906964609798973,17.744241765214248,17.773828506469727,1239100,0.0,0.0
2022-02-04,17.818205619385438,17.832998988694598,17.677671432495117,17.677671432495117,1056000,0.0,0.0
2022-02-07,17.722052477635273,17.869983368779465,17.64069175720215,17.64069175720215,1309300,0.0,0.0
2022-02-08,17.685074654723678,17.714661404279216,17.551937103271484,17.551937103271484,1089300,0.0,0.0
2022-02-09,17.603706804422142,17.736844312766546,17.56672479022577,17.574121475219727,1426900,0.0,0.0
2022-02-10,17.588914038186854,17.722050129649247,17.574120668877693,17.677671432495117,1359900,0.0,0.0
2022-02-11,17.751641558991974,17.781228305428346,17.588918685913086,17.588918685913086,1384100,0.0,0.0
2022-02-14,17.625898760129502,17.74424291124788,17.566726684570312,17.566726684570312,1478100,0.0,0.0
2022-02-15,17.618505079832488,17.818211397952215,17.596316429446166,17.685073852539062,1721300,0.0,0.0
2022-02-16,17.722052853873098,17.825605044181852,17.566726684570312,17.566726684570312,2199800,0.0,0.0
2022-02-17,17.611107742311802,17.729451909247153,17.529747009277344,17.529747009277344,1582400,0.0,0.0
2022-02-18,17.625904053296406,17.840403773347525,17.58892202400607,17.603713989257812,1481500,0.0,0.0
2022-02-21,17.64069091664295,17.884775887859018,17.61850086079659,17.729448318481445,1638400,0.0,0.0
2022-02-22,17.803416068793375,18.128863209534448,17.788622696311133,18.025312423706055,2256200,0.0,0.0
2022-02-23,18.08448506154909,18.513483001371675,18.062295002140203,18.483896255493164,2157000,0.0,0.0
2022-02-24,17.96614178407619,18.18803674599441,17.61110786992377,18.047502517700195,2997300,0.0,0.0
2022-02-25,18.099276037838997,18.21022491806629,17.951346548825295,18.069690704345703,1477100,0.0,0.0
2022-03-02,18.06229468049438,18.387741825494132,17.943950520635134,18.225017547607422,2181800,0.0,0.0
2022-03-03,18.31377560345662,18.51348189386879,18.254603526013046,18.365550994873047,2049500,0.0,0.0
2022-03-04,18.372949109306855,18.787153683614257,18.34336236289804,18.750171661376953,3189500,0.0,0.0
2022-03-07,18.742773964205853,18.742773964205853,18.328569412231445,18.328569412231445,1771400,0.0,0.0
2022-03-08,18.476499673558333,18.550465127899397,18.12146718564966,18.180639266967773,1347300,0.0,0.0
2022-03-09,18.23241506893442,18.269398502317703,17.92915796906015,18.12146759033203,1413200,0.0,0.0
2022-03-10,18.114067882461057,18.276790729886226,17.951345035035885,18.00312042236328,2022500,0.0,0.0
2022-03-11,18.032706490762383,18.269396202296207,18.032706490762383,18.195430755615234,2014500,0.0,0.0
2022-03-14,18.22501796374364,18.446914326626583,18.151053920223024,18.173242568969727,2096200,0.0,0.0
2022-03-15,18.14365535394792,18.343360225846393,18.121465296726512,18.188034057617188,1499200,0.0,0.0
2022-03-16,18.298984516540674,18.328571264343996,18.158450286022465,18.291587829589844,2194000,0.0,0.0
2022-03-17,18.335962560349497,18.535667406211683,18.269393808137647,18.528270721435547,1549100,0.0,0.0
2022-03-18,18.52827343484568,18.779755110969553,18.42472265436182,18.764963150024414,5713900,0.0,0.0
2022-03-21,18.772360158564272,19.075618663706774,18.75756819625323,19.023841857910156,1244400,0.0,0.0
2022-03-22,19.083008240752694,19.304904538438315,18.986854165963557,19.0460262298584,1206000,0.0,0.0
2022-03-23,19.134788776302116,19.48982122916098,19.046029957700622,19.341890335083008,1801500,0.0,0.0
2022-03-24,19.3862705185076,19.807873175573395,19.37887524293552,19.748701095581055,1907400,0.0,0.0
2022-03-25,19.748698359882138,19.97059327642188,19.696921562634287,19.844852447509766,1577000,0.0,0.0
2022-03-28,19.86704056716612,19.94100459162161,19.711713012108255,19.83005714416504,1035500,0.0,0.0
2022-03-29,19.80787394370871,19.844855966097935,19.585977577052205,19.600770950317383,1585500,0.0,0.0
2022-03-30,19.615559013901702,19.689524449432376,19.452834773579557,19.556386947631836,1339600,0.0,0.0
2022-03-31,19.563783632262236,19.652541026280367,19.46762814284036,19.556386947631836,956800,0.0,0.0
2022-04-01,19.652541026280367,19.756091789559303,19.297508628661156,19.556386947631836,2544200,0.0,0.0
2022-04-04,19.52680281488743,19.807871225256818,19.43804540902496,19.72650909423828,1428400,0.0,0.0
2022-04-05,19.733903146441442,19.733903146441442,19.556386947631836,19.556386947631836,1315200,0.0,0.0
2022-04-06,19.563784799268497,19.571180073566694,19.304906464855375,19.371475219726562,1818200,0.0,0.0
2022-04-07,19.349288135928262,19.57118307905906,19.245737350570376,19.467632293701172,1493900,0.0,0.0
2022-04-08,19.46023405510381,19.793077854021895,19.42325203779004,19.72650909423828,983900,0.0,0.0
2022-04-11,19.793078278693926,19.874440411458135,19.652544070493988,19.682130813598633,879200,0.0,0.0
2022-04-12,19.8300606264504,19.933612818264518,19.563786987949953,19.57857894897461,1701200,0.0,0.0
2022-04-13,19.62295906436934,19.8004752936275,19.512010186656102,19.57857894897461,921800,0.0,0.0
2022-04-14,19.578580451997034,19.637752532958984,19.438047641445955,19.637752532958984,1172900,0.0,0.0
2022-04-18,19.652545228466057,19.689528659526008,19.46763230548723,19.47502899169922,977100,0.0,0.0
2022-04-19,19.452838595394073,19.608166181602353,19.17177157808552,19.216150283813477,1292800,0.0,0.0
2022-04-20,19.21615027189444,19.26792566367388,19.06822078263513,19.20875358581543,836600,0.0,0.0
2022-04-22,19.230941005624196,19.25313106081681,18.942477341987328,19.031234741210938,1209600,0.0,0.0
2022-04-25,19.009049103054938,19.290116126078086,18.764964100428063,19.149581909179688,1774600,0.0,0.0
2022-04-26,19.127393988072978,19.475029789638143,19.097807242012777,19.349288940429688,1685700,0.0,0.0
2022-04-27,19.43064769794843,19.526801784353793,19.319700241088867,19.319700241088867,1026800,0.0,0.0
2022-04-28,19.37887455610535,19.467631967561267,19.216150283813477,19.216150283813477,823200,0.0,0.0
2022-04-29,19.378876723558264,19.40106537351715,18.609638214111328,18.609638214111328,2717300,0.0,0.0
2022-05-02,18.727978121557854,19.068218588167536,18.57265196409526,18.65401268005371,2638500,0.0,0.0
2022-05-03,18.690996469882833,19.038632217711132,18.68359978451115,18.912891387939453,2008200,0.0,0.0
2022-05-04,18.7723591936817,18.87591138917874,18.46170542873786,18.62442970275879,2625200,0.0,0.0
2022-05-05,18.535670313039475,18.57265374272002,17.79601864871162,17.825605392456055,2797800,0.0,0.0
2022-05-06,17.840396006799953,18.21022178180119,17.840396006799953,17.906963348388672,2609300,0.0,0.0
2022-05-09,17.92175897777585,18.284188113683896,17.788621456264007,18.165843963623047,1829600,0.0,0.0
2022-05-10,18.269393889737888,18.44691009283791,17.832999361410316,17.929153442382812,1331000,0.0,0.0
2022-05-11,17.966143469572472,18.06969427341244,17.80341916551093,17.840402603149414,2128000,0.0,0.0
2022-05-12,17.82560488489149,18.247206095829963,17.803414827715,18.165843963623047,1888700,0.0,0.0
2022-05-13,18.2694023284513,18.306384358805943,18.084489355130028,18.106678009033203,1379600,0.0,0.0
2022-05-16,18.121468031199697,18.262002259927698,17.97353711561509,18.08448600769043,1563300,0.0,0.0
2022-05-17,18.254601338048392,18.454307604524118,18.099273771642792,18.151050567626953,1430700,0.0,0.0
2022-05-18,18.158448839309983,18.439517277953236,18.158448839309983,18.262001037597656,1873300,0.0,0.0
2022-05-19,18.269400314671724,18.55786406980875,18.180641476520556,18.446916580200195,1714500,0.0,0.0
2022-05-20,18.617036158318243,18.67620824682773,18.417329830558515,18.446916580200195,1492700,0.0,0.0
2022-05-23,18.63182562610312,18.883307302226992,18.57265355000183,18.764963150024414,1566900,0.0,0.0
2022-05-24,18.646621613485134,18.986862182617188,18.646621613485134,18.986862182617188,917100,0.0,0.0
2022-05-25,18.713187055578192,18.957272055058827,18.587446212768555,18.587446212768555,2059300,0.0,0.0
2022-05-26,18.587445595960755,18.602238967747134,18.11406898498535,18.11406898498535,1839800,0.0,0.0
2022-05-27,18.15104982096096,18.15104982096096,17.92175682335511,17.966136932373047,1294600,0.0,0.0
2022-05-30,18.047499485232198,18.121464930368,17.83300124618926,17.9217586517334,1204800,0.0,0.0
2022-05-31,18.017914215881966,18.084482975656783,17.8551899538664,17.958742141723633,1575100,0.0,0.0
2022-06-01,17.921760605485073,18.047501452691588,17.83300319026499,17.95134735107422,2199100,0.0,0.0
2022-06-02,17.99572714288378,18.06229591369629,17.855192914415838,18.06229591369629,1588300,0.0,0.0
2022-06-03,18.010521490919942,18.106675603532203,17.655488967895508,17.655488967895508,1947000,0.0,0.0
2022-06-06,17.648088512690347,17.67767384457217,17.307848026021396,17.337434768676758,2584900,0.0,0.0
2022-06-07,17.37441870917969,17.426194103783406,17.307849941611003,17.344833374023438,1314000,0.0,0.0
2022-06-08,17.248672900070506,17.404000449985517,17.159915509353322,17.204294204711914,2053200,0.0,0.0
2022-06-09,17.21169282287028,17.359622294277155,17.085951996249037,17.21908950805664,2002000,0.0,0.0
2022-06-10,17.152518463486004,17.22648389470693,16.967605590820312,16.967605590820312,2059200,0.0,0.0
2022-06-13,16.960210421835967,17.20429537913015,16.90103835372748,17.026779174804688,2820200,0.0,0.0
2022-06-14,17.108140294504437,17.26346785872492,16.938020770984295,16.975004196166992,1846900,0.0,0.0
2022-06-15,17.08595928082175,17.182113407692714,16.93802833557129,16.93802833557129,1258000,0.0,0.0
2022-06-17,16.923229559213816,17.27086674639994,16.886247540088043,17.18210792541504,2355800,0.0,0.0
2022-06-20,17.26346776269098,17.396605271061222,17.145123624311523,17.248674392700195,1110400,0.0,0.0
2022-06-21,17.30784493666641,17.41139710670314,17.18950080871582,17.18950080871582,1261500,0.0,0.0
2022-06-22,17.145124793905474,17.440985160036913,17.026780647452902,17.404003143310547,1848900,0.0,0.0
2022-06-23,17.37441642736614,17.455778557214362,17.078556060791016,17.078556060791016,1130400,0.0,0.0
2022-06-24,17.21908874885062,17.21908874885062,16.95281373697573,17.026779174804688,1222800,0.0,0.0
2022-06-27,17.026780648067223,17.248675569980428,16.952815203838316,17.063762664794922,1818600,0.0,0.0
2022-06-28,17.122936628542785,17.344832985728768,17.019385841653527,17.04897117614746,1291300,0.0,0.0
2022-06-29,17.100744533257444,17.1821052447956,16.96021034311208,16.982398986816406,947000,0.0,0.0
2022-06-30,16.97500944298863,17.15252570641398,16.88625060588903,16.98980140686035,1834100,0.0,0.0
2022-07-01,17.078555311062676,17.566725247174922,16.88624572853763,17.21908950805664,3405000,0.0,0.0
2022-07-04,17.21169480253561,17.27826356609606,16.886247670770484,16.908437728881836,1735400,0.0,0.0
2022-07-05,16.90843808378875,16.95281679016935,16.753110495296184,16.819679260253906,1457000,0.0,0.0
2022-07-06,16.790095042144095,17.026783372936027,16.590388733998253,16.952817916870117,1934300,0.0,0.0
2022-07-07,17.01198461678994,17.367017000641706,17.01198461678994,17.18950080871582,1586800,0.0,0.0
2022-07-08,17.18950501338132,17.330039228738215,17.085954228788676,17.122936248779297,786700,0.0,0.0
2022-07-11,17.06376418212929,17.330039240721504,16.975006769780975,17.130332946777344,1344000,0.0,0.0
2022-07-12,17.14512402864714,17.33743361074237,17.13033065830748,17.1968994140625,1271400,0.0,0.0
2022-07-13,17.19690089797583,17.33003842097425,17.041574728326715,17.24127960205078,1327200,0.0,0.0
2022-07-14,17.100747577414225,17.23388369566028,17.04157549904699,17.108142852783203,1054000,0.0,0.0
2022-07-15,17.100746868204737,17.115538829102867,16.86405715377827,16.930625915527344,1395600,0.0,0.0
2022-07-18,16.975006054909304,17.093350206905633,16.878850549678805,16.945419311523438,1150600,0.0,0.0
2022-07-19,16.97500648042901,16.989798441719167,16.819678895306684,16.90104103088379,1308500,0.0,0.0
2022-07-20,16.901041042844717,17.085953961451832,16.849265651358504,16.908437728881836,1647300,0.0,0.0
2022-07-21,16.92323081183397,17.063765034306428,16.864058730388788,17.041576385498047,1370500,0.0,0.0
2022-07-22,17.05636450347224,17.122933256440962,16.923226997534794,17.026779174804688,1311300,0.0,0.0
2022-07-25,17.056366004257814,17.226486949465333,17.056366004257814,17.078556060791016,927300,0.0,0.0
2022-07-26,17.130332225364395,17.27826312074659,16.945419311523438,16.945419311523438,1250100,0.0,0.0
2022-07-27,17.085952008956205,17.285658276816136,16.989796512235447,17.226486206054688,1278700,0.0,0.0
2022-07-28,17.219088258602074,17.433586470348295,17.189501520003507,17.352224349975586,1385600,0.0,0.0
2022-07-29,17.08595631320931,17.17471373632431,16.64956165236809,16.856664657592773,5126900,0.0,0.0
2022-08-01,16.871450462589245,17.625895337551768,16.812278398520025,17.204294204711914,3832300,0.0,0.0
2022-08-02,17.226487959738417,17.67767451618592,17.19690121595899,17.48536491394043,2369400,0.0,0.0
2022-08-03,17.470571839173843,17.522347226713855,17.233882136346846,17.367019653320312,1774100,0.0,0.0
2022-08-04,17.455778121948242,17.64808770812014,17.337433978269146,17.455778121948242,1797600,0.0,0.0
2022-08-05,17.463177410996266,17.71465910650308,17.359625211757546,17.633296966552734,1795000,0.0,0.0
2022-08-08,17.751641558991974,17.751641558991974,17.551935252867622,17.588918685913086,2616400,0.0,0.0
2022-08-09,17.67027861953112,17.833002896039293,17.566727833224945,17.714658737182617,1481800,0.0,0.0
2022-08-10,17.825602330927776,17.906963040704184,17.618499392607195,17.69246482849121,1347800,0.0,0.0
2022-08-11,17.818207173502284,17.818207173502284,17.33003722990826,17.418794631958008,2199400,0.0,0.0
2022-08-12,17.38921073868519,17.78862190246582,17.307848604437424,17.78862190246582,1340400,0.0,0.0
2022-08-15,17.75903814917426,17.96614114078319,17.67767600768973,17.899572372436523,1495800,0.0,0.0
2022-08-16,17.980933080166214,18.003123139844647,17.7072627313341,17.88477897644043,1378900,0.0,0.0
2022-08-17,17.869987998510638,18.491295645046097,17.773833881896913,18.343364715576172,2738300,0.0,0.0
2022-08-18,18.41732335360122,18.565254228237926,17.899568113919496,17.929153442382812,3838500,0.0,0.0
2022-08-19,17.966139932816844,18.114069421928182,17.833002405075106,18.07708740234375,1263500,0.0,0.0
2022-08-22,18.02531090149845,18.136258364198635,17.892173381948815,17.958742141723633,1062700,0.0,0.0
2022-08-23,17.98093154043929,18.032706931148336,17.79601862460778,17.81081199645996,875200,0.0,0.0
2022-08-24,17.803413798788217,17.892172611590922,17.640690954552305,17.751638412475586,1055100,0.0,0.0
2022-08-25,17.751640396673515,17.833002533272495,17.389211241200933,17.44098663330078,1602200,0.0,0.0
2022-08-26,17.389211666355507,17.574124591675186,17.293056155156023,17.396608352661133,1098600,0.0,0.0
2022-08-29,17.30784529718122,17.869980622042192,17.293051928185935,17.744239807128906,1433100,0.0,0.0
2022-08-30,17.781229829480058,17.951349403749205,17.59631688072477,17.655488967895508,1389000,0.0,0.0
2022-08-31,17.67767377460143,18.02531094555822,17.603708329029335,17.64069175720215,2539400,0.0,0.0
2022-09-01,17.64068979711214,17.803412630671488,17.47057027874009,17.611103057861328,2111800,0.0,0.0
2022-09-02,17.69246791244692,17.825605438090548,17.500158309936523,17.500158309936523,2194600,0.0,0.0
2022-09-05,17.603709902440663,17.7368474342155,17.293056131890594,17.38181495666504,2682900,0.0,0.0
2022-09-06,17.38181227203918,17.389208957192434,17.15991736053529,17.17470932006836,1986000,0.0,0.0
2022-09-08,17.241280761790296,17.492762453086954,17.167315309507693,17.396608352661133,2218500,0.0,0.0
2022-09-09,17.45577814726962,17.603707621696337,17.396606075344238,17.470571517944336,1069000,0.0,0.0
2022-09-12,17.44098663330078,17.58891753424918,17.426193261051218,17.44098663330078,1009500,0.0,0.0
2022-09-13,17.359620274875834,17.50015445552181,17.16731071472168,17.16731071472168,1936600,0.0,0.0
2022-09-14,17.174709409711653,17.374415677571584,17.093348694148066,17.226486206054688,1885500,0.0,0.0
2022-09-15,17.241280381802888,17.34483257702577,17.07116083284379,17.108142852783203,2002100,0.0,0.0
2022-09-16,17.10814136702286,17.26346894098091,17.04896929379444,17.063762664794922,1899200,0.0,0.0
2022-09-19,17.093349784864188,17.4335888607596,17.04896967088115,17.337434768676758,1753700,0.0,0.0
2022-09-20,17.396608768627154,17.477969498387118,17.241281174042317,17.344833374023438,1192100,0.0,0.0
2022-09-21,17.352228211482338,17.49276242955285,17.322642877073296,17.38181495666504,1043200,0.0,0.0
2022-09-22,17.49275935105961,17.662878873600388,17.433587281881366,17.574121475219727,1574900,0.0,0.0
2022-09-23,17.574122291120386,17.648087733720484,17.440984776594906,17.470571517944336,1280800,0.0,0.0
2022-09-26,17.440984821090154,17.44838150644638,17.145124460708445,17.1599178314209,1896800,0.0,0.0
2022-09-27,17.389211752298873,17.389211752298873,16.98979915446298,17.085954666137695,3503800,0.0,0.0
2022-09-28,17.093352142317976,17.145127538331995,16.945421230186152,16.952817916870117,3024100,0.0,0.0
2022-09-29,16.93802154786002,16.97500497473899,16.804884032642697,16.84926414489746,2557400,0.0,0.0
2022-09-30,16.9306293190519,17.08595693128274,16.812285143435002,16.98980140686035,3377900,0.0,0.0
2022-10-03,17.011990817569682,17.722055844088125,16.930628670907602,17.662883758544922,2524900,0.0,0.0
2022-10-04,17.862585952459682,17.973533410892653,17.46317481994629,17.46317481994629,1465700,0.0,0.0
2022-10-05,17.5297439752631,17.5297439752631,17.367019715810677,17.404003143310547,1177400,0.0,0.0
2022-10-06,17.448381373156902,17.514950130080948,17.352225875033962,17.418794631958008,1578000,0.0,0.0
2022-10-07,17.359622294277155,17.4853631208984,17.189502767311197,17.21908950805664,2227500,0.0,0.0
2022-10-10,17.32264284204097,17.37441823523233,17.182108624254667,17.3596248626709,1242900,0.0,0.0
2022-10-11,17.330040395170816,17.522350015767813,17.22648960360848,17.27826499938965,1443400,0.0,0.0
2022-10-13,17.233883449873353,17.256073507984706,16.908437728881836,16.908437728881836,2938100,0.0,0.0
2022-10-14,16.98240257866424,17.05636803179387,16.77530100282969,16.79009437561035,1800000,0.0,0.0
2022-10-17,16.841869228839137,17.23388371952479,16.804885798074885,17.122936248779297,1907600,0.0,0.0
2022-10-18,17.2708687085438,17.367022815659045,17.12293779368707,17.21169662475586,1207100,0.0,0.0
2022-10-19,17.226487641208173,17.367020439241116,17.159918879708965,17.24127960205078,1207400,0.0,0.0
2022-10-20,17.344828385916294,17.418792407922854,17.11553540322144,17.204294204711914,2494400,0.0,0.0
2022-10-21,17.19690047041797,17.63329504683024,17.130331710573824,17.625898361206055,1664100,0.0,0.0
2022-10-24,17.5371395690918,17.840398037014747,17.522347608596206,17.64069175720215,1798300,0.0,0.0
2022-10-25,17.61850089865826,17.936551312605538,17.507553440734984,17.751638412475586,1827000,0.0,0.0
2022-10-26,17.751639952618973,17.751639952618973,17.3892108062125,17.477968215942383,2502200,0.0,0.0
2022-10-27,17.45577653595111,17.78861888076712,17.33003571836995,17.677671432495117,1954600,0.0,0.0
2022-10-28,17.64069398561879,18.003123162854134,17.618503925911995,17.899572372436523,1871500,0.0,0.0
2022-10-31,17.677676265148747,18.12146759033203,17.42619456123734,18.12146759033203,2953600,0.0,0.0
2022-11-01,17.90696609195197,18.210224571827343,17.699864529115775,17.81081199645996,3307500,0.0,0.0
2022-11-03,17.75164253263622,18.165847130047737,17.596316337647078,18.010520935058594,2237400,0.0,0.0
2022-11-04,18.010520145444588,18.262001849826753,17.9661414360753,18.143657684326172,1958700,0.0,0.0
2022-11-07,18.077086308866704,18.165843714809874,17.625898361206055,17.625898361206055,1389000,0.0,0.0
2022-11-08,17.78122322961712,17.825601925829655,17.54453355801251,17.744239807128906,1954400,0.0,0.0
2022-11-09,17.81820711830849,17.980929962077955,17.685069604872805,17.7220516204834,1095000,0.0,0.0
2022-11-10,17.67767068920532,17.72204938449347,17.078553365108807,17.18950080871582,2385900,0.0,0.0
2022-11-11,17.38181603948768,17.529746953069417,17.152524393132364,17.49276351928711,2118700,0.0,0.0
2022-11-14,17.5963157795252,17.648091176212695,17.41879811834842,17.529747009277344,1116100,0.0,0.0
2022-11-16,17.529742377746057,17.529742377746057,16.94541697346028,16.982398986816406,2610800,0.0,0.0
2022-11-17,16.96021307229371,16.982401719568557,16.760506782178435,16.87885093688965,2976100,0.0,0.0
2022-11-18,17.034180469060168,17.145127950438948,16.797490721805335,16.893646240234375,1894500,0.0,0.0
2022-11-21,16.923228436900448,17.46317519143437,16.893643105716585,17.389209747314453,2638600,0.0,0.0
2022-11-22,17.411399490438722,17.44838150644638,17.0859523886321,17.1599178314209,1277400,0.0,0.0
2022-11-23,17.108143337712384,17.130333396769185,16.938023783931264,17.10074806213379,1080400,0.0,0.0
2022-11-24,17.167315251693232,17.42619362842369,17.108143172221155,17.3596248626709,734500,0.0,0.0
2022-11-25,17.359624610528854,17.404004727568548,17.056367531292448,17.152523040771484,803400,0.0,0.0
2022-11-28,17.152523409020844,17.211695488903842,17.02678256292277,17.0711612701416,860200,0.0,0.0
2022-11-29,17.137726612932262,17.182105311286023,16.952813723889303,17.01938247680664,1598800,0.0,0.0
2022-11-30,17.026780635591095,17.08595270877616,16.901039803726142,17.056365966796875,1306100,0.0,0.0
2022-12-01,17.056367168956466,17.167314637651526,16.80488548750174,16.87885093688965,1832800,0.0,0.0
2022-12-02,16.92323008098797,17.115539690073177,16.812282609416332,16.841869354248047,1308100,0.0,0.0
2022-12-05,16.849266385882345,16.93802380064981,16.69393879387877,16.74571418762207,1886000,0.0,0.0
2022-12-06,16.819678847588918,16.98240170750787,16.767903456286234,16.8714542388916,1420500,0.0,0.0
2022-12-07,16.79009130257377,17.17470904905987,16.79009130257377,16.975004196166992,1287000,0.0,0.0
2022-12-08,16.938022692025175,16.997194768255124,16.619972253249117,16.634765625,1505800,0.0,0.0
2022-12-09,16.634767906735192,16.67175134118529,16.40547625623968,16.55340576171875,1851400,0.0,0.0
2022-12-12,16.546008981257017,16.5903876877885,16.25014717565077,16.494232177734375,2410700,0.0,0.0
2022-12-13,16.494229197155374,16.582988004952874,16.065231349476466,16.08002471923828,2388800,0.0,0.0
2022-12-14,16.08002814124798,16.272337756757043,15.717598969594869,16.146596908569336,2710200,0.0,0.0
2022-12-15,16.131802466006242,16.21316460084272,15.983872979035986,16.05044174194336,2155100,0.0,0.0
2022-12-16,16.043042679409087,16.10961143245516,15.961680556625359,16.065231323242188,4815600,0.0,0.0
2022-12-19,16.124406814575195,16.190975581753587,15.9912706909921,16.124406814575195,1631500,0.0,0.0
2022-12-20,16.124407546448715,16.53861354119777,16.124407546448715,16.331510543823242,1600700,0.0,0.0
2022-12-21,16.383283960263363,16.642162322998047,16.27233649359809,16.642162322998047,1679600,0.0,0.0
2022-12-22,16.98240249127119,17.300452950550305,16.952817156635795,17.10074806213379,18516200,0.0,0.0
2022-12-23,17.196903102897387,17.522350266312955,17.122937646106518,17.49276351928711,2028800,0.0,0.0
2022-12-26,17.59631381657852,17.677674540536827,17.30784870742613,17.500158309936523,2127600,0.0,0.0
2022-12-27,17.64916188459905,17.656904841519843,17.323903041234747,17.51750946044922,2377100,1.062404,0.0
2022-12-28,17.594954353342857,17.734351239296725,17.354882759255666,17.54074478149414,3148700,0.0,0.0
2022-12-29,17.59494697800983,17.811786651611328,17.43231833063328,17.811786651611328,2893800,0.0,0.0
2023-01-02,17.804049074373243,17.804049074373243,17.463301306687153,17.641420364379883,1613200,0.0,0.0
2023-01-03,17.587206688004287,17.625928858713763,17.176762018182295,17.215482711791992,2563200,0.0,0.0
2023-01-04,17.277437419705144,17.300670723088107,17.083830989479985,17.230972290039062,1754200,0.0,0.0
2023-01-05,17.261947812564006,17.27743520239856,16.967665249212725,17.12255096435547,2017200,0.0,0.0
2023-01-06,17.122555100656054,17.122555100656054,16.820528030876908,16.91345977783203,2681700,0.0,0.0
2023-01-09,16.82052582881727,17.029621124267578,16.696617833831862,17.029621124267578,1512600,0.0,0.0
2023-01-10,17.014129883037782,17.30841243791596,16.913455205063425,17.285179138183594,1398500,0.0,0.0
2023-01-11,17.261950326025723,17.471044151684413,17.176763022583376,17.432323455810547,2407800,0.0,0.0
2023-01-12,17.610437278339834,17.742089684277406,17.440064184755737,17.587203979492188,1377600,0.0,0.0
2023-01-13,17.440066581039314,17.548485703026138,17.378112586032593,17.424577713012695,972900,0.0,0.0
2023-01-16,17.424576812899847,17.548484796512497,17.2696910948342,17.323902130126953,1046400,0.0,0.0
2023-01-17,17.362621931080998,17.44780921936035,17.26969020958538,17.44780921936035,865400,0.0,0.0
2023-01-18,17.50201881732121,17.79629989475679,17.432320395304963,17.765323638916016,9575900,0.0,0.0
2023-01-19,17.718858213466966,17.912464625872897,17.656904220581055,17.656904220581055,4271300,0.0,0.0
2023-01-20,17.65690633884959,17.765326947231742,17.563976076921893,17.610441207885742,1404800,0.0,0.0
2023-01-23,17.618183340835795,17.68788176672576,17.517508657383452,17.571718215942383,1169800,0.0,0.0
2023-01-24,17.58720618768087,17.726603044069844,17.401344204862152,17.47104263305664,1846700,0.0,0.0
2023-01-25,17.471045040557502,17.64141965611033,17.40909103774737,17.625930786132812,1698900,0.0,0.0
2023-01-26,17.625932962784816,17.734352111816406,17.509769377808095,17.734352111816406,1163000,0.0,0.0
2023-01-27,17.734347080963367,17.80404550759748,17.587205793946943,17.656904220581055,1117200,0.0,0.0
2023-01-30,17.687880935834198,17.7343460585449,17.50201896789176,17.532995223999023,1270200,0.0,0.0
2023-01-31,17.532995865168825,17.91246424823232,17.532995865168825,17.71111488342285,1739300,0.0,0.0
2023-02-01,17.69562678548326,17.804045906185912,17.393599770940572,17.47104263305664,1558500,0.0,0.0
2023-02-02,17.471041413227557,17.62592712664556,17.292923876766594,17.393598556518555,1771000,0.0,0.0
2023-02-03,17.347138595676054,17.409092604060252,17.03736855375507,17.17676544189453,1876200,0.0,0.0
2023-02-06,17.19224978353046,17.22322604101104,17.045108498473574,17.161272048950195,1737500,0.0,0.0
2023-02-07,17.199990998624653,17.23871316292947,16.928943233988598,17.021873474121094,1562700,0.0,0.0
2023-02-08,17.1302963888553,17.199993339892067,16.975410664752008,17.153528213500977,1285400,0.0,0.0
2023-02-09,17.16127436173389,17.169018796422655,16.82827105561642,16.88248062133789,1761200,0.0,0.0
2023-02-10,16.882479826309975,17.04510999291571,16.859248000437596,17.029621124267578,1685400,0.0,0.0
2023-02-13,17.02187799722775,17.0760875645597,16.952179560058127,17.03736686706543,1208100,0.0,0.0
2023-02-14,17.037365558591645,17.16127355357705,16.928946432254364,17.029621124267578,1587200,0.0,0.0
2023-02-15,17.037364658973377,17.161272647416116,16.967666230836873,17.153528213500977,2003300,0.0,0.0
2023-02-16,17.091574815853367,17.230971676991963,16.967666823085676,17.145784378051758,1150900,0.0,0.0
2023-02-17,17.145785175954714,17.486532910472924,17.145785175954714,17.409090042114258,1247000,0.0,0.0
2023-02-22,17.409089134040034,17.424578002323827,17.114808022146914,17.215482711791992,954700,0.0,0.0
2023-02-23,17.230970868833836,17.300669296134174,17.1302961833443,17.199993133544922,1006200,0.0,0.0
2023-02-24,17.378112983469133,17.416833677321467,16.77406041051413,16.921201705932617,4089900,0.0,0.0
2023-02-27,17.006385496403322,17.006385496403322,16.78954727337207,16.897966384887695,1813900,0.0,0.0
2023-02-28,16.874738584875526,17.029622855805705,16.76631797041444,16.851505279541016,2235400,0.0,0.0
2023-03-01,16.882480232194588,16.928946839256113,16.72759597328904,16.843759536743164,2823300,0.0,0.0
2023-03-02,16.9909014428105,17.145785707227155,16.758572830535666,16.836015701293945,2216500,0.0,0.0
2023-03-03,16.92120300683804,17.02187770485387,16.805039439250574,16.836015701293945,1546800,0.0,0.0
2023-03-06,16.959922989118784,16.959922989118784,16.743084732651226,16.820526123046875,2511800,0.0,0.0
2023-03-07,16.820525132816073,16.952177556678024,16.681129752050264,16.789548873901367,2158500,0.0,0.0
2023-03-08,16.78954868508395,16.99089953561426,16.727594690851525,16.928945541381836,1857700,0.0,0.0
2023-03-09,16.851504258925893,17.114809128370037,16.851504258925893,16.952178955078125,3195800,0.0,0.0
2023-03-10,16.952174658807362,17.091571492843887,16.8824762417891,16.983152389526367,1416400,0.0,0.0
2023-03-13,16.952178557842885,17.362624721676163,16.866992732971706,17.230972290039062,2785800,0.0,0.0
2023-03-14,17.269692192591116,17.409089052291094,17.25420480147983,17.37811279296875,1656100,0.0,0.0
2023-03-15,17.261951790191517,17.61044251391504,17.192253350026814,17.52525520324707,2681800,0.0,0.0
2023-03-16,17.540741871835262,17.602695868971157,17.416833877563477,17.416833877563477,1653100,0.0,0.0
2023-03-17,17.29292628537949,17.29292628537949,16.820526123046875,16.820526123046875,6842500,0.0,0.0
2023-03-20,16.882479127745242,17.0218759856108,16.719850444968586,16.789548873901367,3462900,0.0,0.0
2023-03-21,16.805038638435054,16.859248202252616,16.526244907830655,16.572710037231445,2446700,0.0,0.0
2023-03-22,16.580452585525247,16.87473515148683,16.518498594338546,16.665639877319336,1757100,0.0,0.0
2023-03-23,16.727595167084168,16.73533960122117,16.425568144140158,16.580453872680664,2081400,0.0,0.0
2023-03-24,16.595944829261256,17.014133985582696,16.510757520134682,16.851505279541016,2460600,0.0,0.0
2023-03-27,16.921198372749465,17.014128610529333,16.88247620942494,16.890220642089844,2670500,0.0,0.0
2023-03-28,16.921205196713416,17.114811660114942,16.85925118750893,16.94443702697754,1651700,0.0,0.0
2023-03-29,16.952176952604482,16.952176952604482,16.665640290179937,16.797292709350586,2905100,0.0,0.0
2023-03-30,16.890222959882983,16.99089912124273,16.758570540712334,16.797292709350586,1995900,0.0,0.0
2023-03-31,16.805036431302423,16.9057111112984,16.688871407407532,16.781803131103516,2351400,0.0,0.0
2023-04-03,16.805040357468197,16.84376105641306,16.61143390854391,16.712108612060547,2059200,0.0,0.0
2023-04-04,16.913456080706823,17.19224978353046,16.73533853816936,17.161272048950195,2503700,0.0,0.0
2023-04-05,17.161274066328748,17.23871693478345,17.060599371307532,17.184507369995117,1680900,0.0,0.0
2023-04-06,17.161270941024426,17.215480495940454,17.06059626433746,17.1070613861084,1106700,0.0,0.0
2023-04-10,17.13804086295735,17.169018601360463,17.006388428943858,17.114809036254883,2510300,0.0,0.0
2023-04-11,17.192252584874673,17.447813028404706,17.16127484524683,17.354881286621094,2596100,0.0,0.0
2023-04-12,17.42457892114793,17.68013935290744,17.30067092254331,17.50202178955078,3299100,0.0,0.0
2023-04-13,17.540740460657467,17.540740460657467,17.28518005839463,17.47878646850586,2325700,0.0,0.0
2023-04-14,17.5020218900634,17.525253716747773,17.19999484926775,17.432323455810547,1344500,0.0,0.0
2023-04-17,17.44006678871321,17.478787482141087,17.269692192591116,17.37811279296875,1833000,0.0,0.0
2023-04-18,17.463297993955255,17.463297993955255,17.20773758594468,17.292924880981445,1156900,0.0,0.0
2023-04-19,17.28518154633851,17.455556147246387,17.223227548853774,17.347135543823242,1511300,0.0,0.0
2023-04-20,17.347135056546634,17.424577920502152,17.269692192591116,17.37811279296875,1221600,0.0,0.0
2023-04-24,17.35487930021719,17.587206412434654,17.33164599815554,17.51750946044922,1404800,0.0,0.0
2023-04-25,17.378111190673664,17.51750803752099,17.347133457107752,17.486530303955078,2639400,0.0,0.0
2023-04-26,17.416835502404584,17.56397681324178,17.215484623653673,17.30841636657715,1762700,0.0,0.0
2023-04-27,17.308414045952492,17.440066469134493,17.27743631009802,17.401344299316406,889800,0.0,0.0
2023-04-28,17.40908542389051,17.92795058402094,17.35487587354993,17.850507736206055,2564800,0.0,0.0
2023-05-02,17.81179048304015,17.95118734054773,17.71885875233518,17.904722213745117,1960500,0.0,0.0
2023-05-03,17.974418678633207,18.34614411428662,17.951186854410917,18.160282135009766,2220500,0.0,0.0
2023-05-04,18.330655749821258,18.547495470145247,18.24546845306902,18.446819305419922,2495300,0.0,0.0
2023-05-05,18.470055720398523,18.756592440695982,18.36937953870482,18.617197036743164,2682700,0.0,0.0
2023-05-08,18.555236552414204,18.926961960714515,18.555236552414204,18.764331817626953,2713600,0.0,0.0
2023-05-09,18.764332551313057,18.957938957687563,18.710122993864143,18.872753143310547,2492900,0.0,0.0
2023-05-10,18.895987764110476,19.00440837215865,18.741103502341463,18.973430633544922,1412100,0.0,0.0
2023-05-11,18.97342684609378,19.190266541804988,18.77207601659757,19.06635856628418,2769400,0.0,0.0
2023-05-12,19.043129355129437,19.159292922480674,18.94245318021844,19.081850051879883,1552500,0.0,0.0
2023-05-15,19.066364348883223,19.30643593962817,18.996665906876622,19.221248626708984,2397100,0.0,0.0
2023-05-16,19.22124522676132,19.391619822463003,19.11282610375099,19.128314971923828,1693000,0.0,0.0
2023-05-17,19.128315850030948,19.298688976454034,19.089593677821266,19.136058807373047,1333400,0.0,0.0
2023-05-18,19.128313129348005,19.314175098219206,18.950194116717597,18.965682983398438,2803500,0.0,0.0
2023-05-19,18.97343024432316,19.19026997887137,18.926965114455633,18.934709548950195,2613300,0.0,0.0
2023-05-22,18.934708520076803,19.236734063454055,18.934708520076803,18.94245147705078,1210700,0.0,0.0
2023-05-23,18.91147772408557,19.283201746289226,18.888244418785355,19.02764129638672,1385100,0.0,0.0
2023-05-24,19.050869499220884,19.167033040409514,18.981171079087794,19.112823486328125,1053200,0.0,0.0
2023-05-25,19.1747845771169,19.329668863715188,19.1747845771169,19.27545928955078,770800,0.0,0.0
2023-05-26,19.36064136719243,19.430339794282297,19.198012688715874,19.3374080657959,1286600,0.0,0.0
2023-05-29,19.337407880432846,19.56199202714734,19.32966344670824,19.476804733276367,1294600,0.0,0.0
2023-05-30,19.577483633934296,19.62394876568377,19.38387719502826,19.51552963256836,1380400,0.0,0.0
2023-05-31,19.51552799580529,19.51552799580529,18.895986557006836,18.895986557006836,2119100,0.0,0.0
2023-06-01,18.903731789593543,18.98117465735174,18.65591579444719,18.74884605407715,2919600,0.0,0.0
2023-06-02,18.803056397771073,18.888242219754325,18.67140397059719,18.8262882232666,1892400,0.0,0.0
2023-06-05,18.834029726018613,18.942448833722153,18.679145497456357,18.702377319335938,1254300,0.0,0.0
2023-06-06,18.71787159313982,18.988920917807626,18.67140645885676,18.91147804260254,1532000,0.0,0.0
2023-06-07,18.911474638912694,19.105081053530107,18.911474638912694,19.043127059936523,1140700,0.0,0.0
2023-06-09,19.043128552330717,19.631692276144864,19.043128552330717,19.546504974365234,2250300,0.0,0.0
2023-06-12,19.585225852512345,19.662667237631698,19.469060820633832,19.631690979003906,1138800,0.0,0.0
2023-06-13,19.639438129283423,19.654925522189526,19.36064437757437,19.48455238342285,1128500,0.0,0.0
2023-06-14,19.492295915991463,19.86401991632721,19.391621219812986,19.701391220092773,2751300,0.0,0.0
2023-06-15,19.70139059766488,19.70139059766488,19.368387303972263,19.523271560668945,1902200,0.0,0.0
2023-06-16,19.3993628679293,19.61620259203873,19.283199310302734,19.283199310302734,2044000,0.0,0.0
2023-06-19,19.461319078413784,19.72462396011679,19.345155507568325,19.48455238342285,1541800,0.0,0.0
2023-06-20,19.484547482093532,19.7323634314525,19.34515064130422,19.65492057800293,2064300,0.0,0.0
2023-06-21,19.65492329162758,19.7013898963724,19.469061303947623,19.6007137298584,2465400,0.0,0.0
2023-06-22,19.577480894596555,19.616201586119885,19.39936187313,19.476804733276367,788000,0.0,0.0
2023-06-23,19.585226562977358,20.127323663976423,19.461317092672076,19.96469497680664,2569200,0.0,0.0
2023-06-26,19.949206303745104,19.98792699808859,19.802065006460197,19.825298309326172,1197800,0.0,0.0
2023-06-27,19.515524561203673,19.678153218615602,19.190265769280295,19.345149993896484,4117400,0.0,0.0
2023-06-28,19.360641179088216,19.45357290667171,19.252222061157227,19.252222061157227,1502800,0.0,0.0
2023-06-29,19.32966076382693,19.61619886346821,19.213497228280275,19.5310115814209,1772400,0.0,0.0
2023-06-30,19.60845707966959,19.864017483234964,19.53101421981045,19.639434814453125,2293200,0.0,0.0
2023-07-03,19.670413890508335,19.73236789185246,19.360643883787713,19.422597885131836,2267900,0.0,0.0
2023-07-04,19.42259567689178,19.569736967267403,19.368386116516483,19.538759231567383,1103500,0.0,0.0
2023-07-05,19.515524705381456,19.67815336399486,19.422592988245558,19.592966079711914,1224600,0.0,0.0
2023-07-06,19.538759421895403,19.57748159189762,19.30643231028109,19.399362564086914,1455800,0.0,0.0
2023-07-07,19.399362375116766,19.63943539549271,19.368386116516483,19.538759231567383,960800,0.0,0.0
2023-07-10,19.569739691356162,19.623949259277378,19.453576120510704,19.48455238342285,933700,0.0,0.0
2023-07-11,19.515529115400703,19.515529115400703,19.10508294404089,19.267711639404297,1935400,0.0,0.0
2023-07-12,19.29868998456612,19.585228165486406,19.275456680026664,19.3528995513916,1219600,0.0,0.0
2023-07-13,19.399361892798208,19.585225348177808,19.368385634968075,19.56973648071289,1023900,0.0,0.0
2023-07-14,19.283199325305834,19.507783483711737,19.275454891178068,19.376131057739258,2011900,0.0,0.0
2023-07-17,19.360644908571878,19.391622649433586,19.167038459486157,19.321924209594727,2211600,0.0,0.0
2023-07-18,19.383877503562715,19.41485376618878,19.221247324201098,19.306434631347656,1258600,0.0,0.0
2023-07-19,19.31417906089261,19.360644193368714,19.14380444664701,19.213502883911133,678600,0.0,0.0
2023-07-20,19.24448193307786,19.31418037508446,19.08959617815207,19.221248626708984,1000400,0.0,0.0
2023-07-21,19.221247324201098,19.383877503562715,19.2057584543381,19.306434631347656,893700,0.0,0.0
2023-07-24,19.314177243862826,19.54650436148652,19.298688375461303,19.46131706237793,754800,0.0,0.0
2023-07-25,19.461317871443963,19.55424960861677,19.321922481334532,19.407108306884766,1531100,0.0,0.0
2023-07-26,19.422592988245558,19.68589779684781,19.39161673393328,19.592966079711914,1492500,0.0,0.0
2023-07-27,19.600713225867686,19.670411654092995,19.4535734125918,19.538759231567383,1359900,0.0,0.0
2023-07-28,19.538758217152896,19.67041063284337,19.345151810378653,19.41485023498535,970000,0.0,0.0
2023-07-31,19.44582999035819,19.554249116749418,19.39162042716258,19.438085556030273,1884800,0.0,0.0
2023-08-01,19.47680456970541,19.817552265227924,19.430339444847696,19.70913314819336,2015800,0.0,0.0
2023-08-02,19.778830366107577,20.0498781421407,19.747852633361166,19.856271743774414,1515800,0.0,0.0
2023-08-03,19.910483923307165,20.06536965325494,19.817553667018334,19.871763229370117,1429100,0.0,0.0
2023-08-04,19.879507047893263,20.197021455062714,19.75559905861249,19.786575317382812,1093100,0.0,0.0
2023-08-07,20.08085778951984,20.088602223444845,19.47680523726708,19.538759231567383,2662500,0.0,0.0
2023-08-08,19.5387615628166,19.670414001050197,19.4380868639791,19.445831298828125,1820200,0.0,0.0
2023-08-09,19.50003923338174,19.554248795687283,19.352897937766844,19.46131706237793,1734000,0.0,0.0
2023-08-10,19.461317381914213,19.59296981128919,19.360642689850906,19.438085556030273,965100,0.0,0.0
2023-08-11,19.445827522043956,19.771086337031416,19.360640232349738,19.763341903686523,1740400,0.0,0.0
2023-08-14,19.771089553833008,19.871764249497396,19.647181554353825,19.771089553833008,1376600,0.0,0.0
2023-08-15,19.747854309082033,19.77108761061332,19.360641479492188,19.360641479492188,1388800,0.0,0.0
2023-08-16,19.39161622502461,19.577478177319154,19.306428942977295,19.5310115814209,2314900,0.0,0.0
2023-08-17,19.55424832290589,19.616202317914276,19.414851464862085,19.58522605895996,1490200,0.0,0.0
2023-08-18,19.585227035867412,19.685901728865264,19.438085736470708,19.523271560668945,996800,0.0,0.0
2023-08-21,19.523270553894513,19.57748159189762,19.345153003183558,19.399362564086914,1880700,0.0,0.0
2023-08-22,19.422597885131836,19.445831189548347,19.259969185515974,19.422597885131836,2087300,0.0,0.0
2023-08-23,19.422599300147105,19.48455330600483,19.30643572380137,19.453577041625977,1536300,0.0,0.0
2023-08-24,19.453572221802713,19.55424690246582,19.352896064039957,19.55424690246582,2418900,0.0,0.0
2023-08-25,19.56199202714734,19.6316904535691,19.438084041753033,19.476804733276367,1617300,0.0,0.0
2023-08-28,19.47680404505593,19.561991335916773,19.33740719713805,19.55424690246582,972100,0.0,0.0
2023-08-29,19.569738776551112,19.65492460340239,19.469062603317955,19.60845947265625,1165300,0.0,0.0
2023-08-30,19.63169105684204,19.64717992476722,19.368386210512977,19.46906089782715,2173200,0.0,0.0
2023-08-31,19.48454895729223,19.48454895729223,19.25996629009458,19.298686981201172,1238100,0.0,0.0
2023-09-01,19.32192129622803,19.407107116553405,19.198013305664062,19.198013305664062,2411800,0.0,0.0
2023-09-04,19.252224068445262,19.34515432861821,19.112827201085988,19.182525634765625,2048300,0.0,0.0
2023-09-05,19.01214860686789,19.066359641678027,18.803054809570312,18.803054809570312,4297900,0.0,0.0
2023-09-06,18.834029726018613,18.92696144483562,18.679145497456357,18.702377319335938,2665600,0.0,0.0
2023-09-08,18.73335979476847,18.787569362346606,18.6481724873743,18.671405792236328,1441600,0.0,0.0
2023-09-11,18.671406777217495,18.849524359256232,18.555241723879178,18.79531478881836,2379800,0.0,0.0
2023-09-12,18.84951859200471,18.903728145856476,18.648167765484168,18.702377319335938,2739900,0.0,0.0
2023-09-13,18.75658988822687,18.75658988822687,18.439075469970703,18.439075469970703,4566000,0.0,0.0
2023-09-14,18.501030961227567,18.62493896484375,18.45456582914648,18.62493896484375,1945300,0.0,0.0
2023-09-15,18.694637121970185,18.76433555759956,18.547497293063632,18.609451293945312,2931700,0.0,0.0
2023-09-18,18.624935353173303,18.764332199485224,18.49328294022311,18.57847023010254,3048400,0.0,0.0
2023-09-19,18.63267987654936,18.686889433243742,18.431329039470484,18.508771896362305,2035900,0.0,0.0
2023-09-20,18.508774413820582,18.756590407901218,18.508774413820582,18.593961715698242,1826900,0.0,0.0
2023-09-21,18.655917736102282,18.710127306045045,18.508776419757638,18.617197036743164,2988700,0.0,0.0
2023-09-22,18.66365821335205,18.66365821335205,18.47779623706444,18.501028060913086,1849600,0.0,0.0
2023-09-25,18.524267205227147,18.58622121686603,18.43133544921875,18.43133544921875,2839200,0.0,0.0
2023-09-26,18.454562394724963,18.485540128413962,18.121559143066406,18.121559143066406,5712100,0.0,0.0
2023-09-27,18.18351524616162,18.268702546604988,17.47878797094776,17.664649963378906,5879500,0.0,0.0
2023-09-28,17.74209363502356,18.082841375167803,17.72660476567612,18.02088737487793,4909700,0.0,0.0
2023-09-29,18.137048009910906,18.206746433611517,17.974417862242934,18.121559143066406,4429800,0.0,0.0
2023-10-02,18.17576787712045,18.191256743263782,17.95118522644043,17.95118522644043,1309000,0.0,0.0
2023-10-03,17.951184942607586,18.044115183799075,17.587203979492188,17.587203979492188,3553700,0.0,0.0
2023-10-04,17.695629223931707,17.726605486786806,17.49427834552378,17.625930786132812,2615200,0.0,0.0
2023-10-05,17.69562689870309,17.881488882710986,17.49427604675293,17.49427604675293,2609800,0.0,0.0
2023-10-06,17.50976448317447,17.532996307415576,17.230970775483506,17.269691467285156,3703000,0.0,0.0
2023-10-09,17.269690768931458,17.31615736973407,17.014130372915687,17.12255096435547,5112800,0.0,0.0
2023-10-10,17.169019093057713,17.23097309453835,17.045111090096444,17.083831787109375,4452800,0.0,0.0
2023-10-11,17.10706387902884,17.161273441844536,16.990900319123806,17.00638771057129,3601100,0.0,0.0
2023-10-13,17.05285523029095,17.099320361323656,16.88248062133789,16.88248062133789,3263100,0.0,0.0
2023-10-16,16.99864457073707,17.138039954865345,16.913457271742192,16.921201705932617,3145300,0.0,0.0
2023-10-17,16.95217462630959,17.08382702741398,16.866988821194624,16.890220642089844,3393200,0.0,0.0
2023-10-18,16.95992129311243,16.95992129311243,16.84375774203557,16.86699104309082,3970100,0.0,0.0
2023-10-19,16.89022435830752,17.176762521555666,16.88247992393867,16.959922790527344,3605100,0.0,0.0
2023-10-20,16.990899532582286,17.254204377298034,16.89022336878523,17.153528213500977,3929600,0.0,0.0
2023-10-23,17.08382911941523,17.579462530965497,17.08382911941523,17.323902130126953,3917300,0.0,0.0
2023-10-24,17.50202330756898,17.50202330756898,17.207740677533845,17.27743911743164,2779400,0.0,0.0
2023-10-25,17.277437308945004,17.40134530532678,17.207738876342773,17.207738876342773,2028500,0.0,0.0
2023-10-26,17.21548102005759,17.50201914675101,17.21548102005759,17.393598556518555,3516100,0.0,0.0
2023-10-27,17.47103983155471,17.54073824857297,16.952174658807362,16.983152389526367,8457900,0.0,0.0
2023-10-30,17.060598041983127,17.316158454001044,16.75857102625305,16.766315460205078,7193600,0.0,0.0
2023-10-31,17.029621865288817,17.029621865288817,16.39459299408121,16.41008186340332,10996300,0.0,0.0
2023-11-01,16.472033470223433,16.789547859692743,16.448800169616046,16.665639877319336,7491200,0.0,0.0
2023-11-03,16.998645623531413,17.927955627441406,16.983156754191278,17.927955627441406,8519500,0.0,0.0
2023-11-06,19.910485086905915,20.04213752192555,18.655916213989258,18.655916213989258,14201900,0.0,0.0
2023-11-07,18.64816767995484,18.996659777545805,18.50102640796093,18.772075653076172,5418900,0.0,0.0
2023-11-08,18.756592225020416,18.934711280484223,18.50103177172885,18.66366195678711,3242600,0.0,0.0
2023-11-09,18.671402484274157,18.888240716170042,18.62493588278246,18.733356475830078,2109300,0.0,0.0
2023-11-10,18.75659229219237,19.07410675114323,18.679150894087268,18.91147804260254,4480600,0.0,0.0
2023-11-13,18.926963806152344,19.089592487997106,18.880497202396917,18.926963806152344,3855300,0.0,0.0
2023-11-14,18.973426704300234,19.205753787390613,18.934706016151694,18.950193405151367,2556800,0.0,0.0
2023-11-16,18.981173692078773,20.31318533680193,18.981173692078773,20.30544090270996,11020100,0.0,0.0
2023-11-17,20.274460867698586,20.289949732998004,19.5310115814209,19.5310115814209,4639600,0.0,0.0
2023-11-20,19.55424779993532,19.716876478570484,19.345152518461784,19.430339813232422,2860700,0.0,0.0
2023-11-21,19.4303431335771,19.57748444684336,19.30643512570024,19.368389129638672,1607200,0.0,0.0
2023-11-22,19.368385634968075,19.74785402526033,19.368385634968075,19.56973648071289,2003400,0.0,0.0
2023-11-23,19.592971026450847,19.662669462625015,19.48455189333544,19.51552963256836,1608900,0.0,0.0
2023-11-24,19.523275276916966,19.56974189216072,19.120574951171875,19.120574951171875,2584900,0.0,0.0
2023-11-27,19.120573362526276,19.20575919586188,18.91147804260254,18.91147804260254,1176700,0.0,0.0
2023-11-28,18.911474826369485,19.05861611652515,18.841776398248363,18.903730392456055,1365700,0.0,0.0
2023-11-29,18.92696623731891,19.004409109759074,18.671405792236328,18.671405792236328,1936800,0.0,0.0
2023-11-30,18.663661036400452,18.772080169692682,18.508775294183057,18.694637298583984,1863900,0.0,0.0
2023-12-01,18.71012812813666,19.12057435403761,18.64817412017992,19.03538703918457,2997800,0.0,0.0
2023-12-04,19.035381430783893,19.26770852289605,18.942449707679256,19.05861473083496,2826500,0.0,0.0
2023-12-05,19.066360085570114,19.608457152395278,19.066360085570114,19.476804733276367,2405900,0.0,0.0
2023-12-06,19.546503159698126,19.685900012541648,19.476804733276367,19.476804733276367,1957700,0.0,0.0
2023-12-07,19.4922914068226,19.92596930689121,19.476802541116694,19.592966079711914,2005300,0.0,0.0
2023-12-08,19.592971129659862,19.662669566201174,19.445831298828125,19.445831298828125,1580200,0.0,0.0
2023-12-11,20.677166976330227,20.793330537008522,20.104090653064308,20.390628814697266,21537000,0.0,0.0
2023-12-12,20.43709354796356,20.607468145620413,20.034393310546875,20.034393310546875,4136800,0.0,0.0
2023-12-13,20.111834591942,20.452582308357318,20.096347200772946,20.32867431640625,4019000,0.0,0.0
2023-12-14,20.585748406540375,20.68719677541651,19.90941895989756,20.086956024169922,5626400,2.204083,0.0
2023-12-15,20.120773544928294,20.222223536055047,19.98550796508789,19.98550796508789,2617700,0.0,0.0
2023-12-18,20.03623436630106,20.349035424354895,20.03623436630106,20.298311233520508,1817300,0.0,0.0
2023-12-19,20.37439496386794,21.52415223717633,20.315216482244537,21.363525390625,6715800,0.0,0.0
2023-12-20,21.363530946556306,21.811597631084886,21.346622343840068,21.414255142211914,2963700,0.0,0.0
2023-12-21,21.574877820161536,21.710143380398254,21.47342784373766,21.498790740966797,1892500,0.0,0.0
2023-12-22,21.634056091308594,21.684780272782067,21.515699130372937,21.634056091308594,1513000,0.0,0.0
2023-12-26,21.64251127389615,21.870772518584925,21.608694076538086,21.608694076538086,1338500,0.0,0.0
2023-12-27,21.650965081187582,22.065216064453125,21.56642370220646,22.065216064453125,1981200,0.0,0.0
2023-12-28,22.082126022733853,22.55555551669578,22.022945925057428,22.40338134765625,12457500,0.0,0.0
2024-01-02,22.30193377293387,22.55555795289095,21.963769812150723,22.149761199951172,2271400,0.0,0.0
2024-01-03,22.14130403102146,22.276569597811417,21.97222126628764,22.039854049682617,2016200,0.0,0.0
2024-01-04,22.03985584330316,22.16666712092715,21.845411776780185,22.10748863220215,1939900,0.0,0.0
2024-01-05,22.099033401706624,22.910628446820947,21.989130729057266,22.115942001342773,4010800,0.0,0.0
2024-01-08,22.107486833077598,22.192028215444505,21.95531266731571,22.039854049682617,3344400,0.0,0.0
2024-01-09,21.972221419728367,22.606279373168945,21.896134336316077,22.606279373168945,3185600,0.0,0.0
2024-01-10,22.657002159263833,22.92753489052496,22.564008094995085,22.86835479736328,3194800,0.0,0.0
2024-01-11,22.859905311695005,22.859905311695005,22.504832765470685,22.77536392211914,1583600,0.0,0.0
2024-01-12,22.77536581766131,22.885268504511867,22.61473732534771,22.657007217407227,1160300,0.0,0.0
2024-01-15,22.657007348540244,22.7415487456416,22.53019605913472,22.707733154296875,1069600,0.0,0.0
2024-01-16,22.63164434134661,22.69927713139855,22.344204580502634,22.555557250976562,2037500,0.0,0.0
2024-01-17,22.454108231068634,22.80918079732581,22.454108231068634,22.56401252746582,1970400,0.0,0.0
2024-01-18,22.614736207033282,22.614736207033282,22.21739375884642,22.28502655029297,2092900,0.0,0.0
2024-01-19,22.403382482593372,22.487923871063995,22.27657120613387,22.361112594604492,1595600,0.0,0.0
2024-01-22,22.352659296925015,22.564011971333365,22.217393714303107,22.268117904663086,1076300,0.0,0.0
2024-01-23,22.26811659169393,22.47101495366353,22.225846704301745,22.462560653686523,1078400,0.0,0.0
2024-01-24,22.479467823364196,22.59782479052602,22.12439530938599,22.20893669128418,1472400,0.0,0.0
2024-01-25,22.21739280802617,22.25966269618642,22.065218630660674,22.175121307373047,1074100,0.0,0.0
2024-01-26,22.1751226066802,22.318842492336053,22.05676562290231,22.082128524780273,1054300,0.0,0.0
2024-01-29,22.039856047282104,22.175121626331958,21.98913185826163,22.073673248291016,730300,0.0,0.0
2024-01-30,22.05676437562215,22.175121352707116,21.422706376964925,21.557971954345703,2361300,0.0,0.0
2024-01-31,21.55797095944475,21.921497786563645,21.51570107314884,21.65096664428711,1723500,0.0,0.0
2024-02-01,21.65096836486059,21.836958136832866,21.43961569159953,21.803142547607422,1353500,0.0,0.0
2024-02-02,21.803142387436434,21.938407968330385,21.600242403602593,21.853866577148438,1517900,0.0,0.0
2024-02-05,21.94686035700049,22.132851737563715,21.676329198900774,22.073673248291016,1702100,0.0,0.0
2024-02-06,22.073672291351393,22.699275970458984,22.03140079192281,22.699275970458984,1861000,0.0,0.0
2024-02-07,22.716184570230418,22.952898517059175,22.487923310794546,22.699275970458984,2427500,0.0,0.0
2024-02-08,22.699276307739808,22.859904782969494,22.3695650572691,22.49637794494629,2233900,0.0,0.0
2024-02-09,22.28502160359468,22.55555270932997,21.92994912419396,22.428741455078125,2589500,0.0,0.0
2024-02-14,22.403384142402494,22.420292743847906,21.95531587905697,22.378021240234375,1795300,0.0,0.0
2024-02-15,22.378017519528704,22.580915865659584,22.26811485339258,22.411834716796875,2863800,0.0,0.0
2024-02-16,22.487923893524634,22.50483249373422,22.073672863346985,22.259662628173828,1321700,0.0,0.0
2024-02-19,22.33575037482232,22.3949288648069,22.158213292375677,22.369565963745117,1138500,0.0,0.0
2024-02-20,22.36956463436779,22.673912979050723,22.285024860838373,22.66545867919922,1381800,0.0,0.0
2024-02-21,22.82608845057887,23.299517981759525,21.7693250963854,21.820049285888672,5277000,0.0,0.0
2024-02-22,21.904587935192126,22.141303477402108,21.591786924496386,21.760868072509766,2916600,0.0,0.0
2024-02-23,21.845409995938144,21.92149707880848,21.36352621275451,21.422704696655273,2012500,0.0,0.0
2024-02-26,21.422705646767803,21.57487981925751,21.262077174418355,21.312801361083984,1930400,0.0,0.0
2024-02-27,21.355072602737344,21.718599429856244,21.312801103948637,21.65096664428711,1601200,0.0,0.0
2024-02-28,21.53260698193189,21.82850100866484,21.422704315570197,21.71014404296875,4502800,0.0,0.0
2024-02-29,21.61714994792827,21.913043996358574,21.507247273507616,21.811594009399414,3519900,0.0,0.0
2024-03-01,21.828499241601364,21.870770734851373,21.55796813477167,21.6594181060791,1596200,0.0,0.0
2024-03-04,21.642511755509833,21.642511755509833,20.704105470346427,20.73792266845703,4075400,0.0,0.0
2024-03-05,20.737925184645203,21.000002051829842,20.704107982431466,20.83091926574707,2346800,0.0,0.0
2024-03-06,20.873189259866592,21.03381612129338,20.54347801208496,20.54347801208496,2032000,0.0,0.0
2024-03-07,20.54348242228192,20.90700933538083,20.47584962071653,20.873193740844727,2476800,0.0,0.0
2024-03-08,20.881641636778944,21.405795284993758,20.687195980996652,21.262075424194336,2812800,0.0,0.0
2024-03-11,21.19444688994547,21.312803876967738,21.0000028076966,21.092998504638672,1746400,0.0,0.0
2024-03-12,21.135266012146765,21.346618672268235,21.050724625599614,21.245168685913086,1783800,0.0,0.0
2024-03-13,20.940823841563244,21.008456634405682,20.526572783841697,20.712562561035156,3119700,0.0,0.0
2024-03-14,20.75483326506908,20.80555907105812,20.62802197508256,20.77174186706543,1185200,0.0,0.0
2024-03-15,20.771738207386285,20.87318818899731,20.611109741707477,20.72101402282715,2143200,0.0,0.0
2024-03-18,20.746375932416036,20.957728572579235,20.628017357429627,20.814008712768555,2424000,0.0,0.0
2024-03-19,20.85628193510426,21.04227170772934,20.560387869001637,20.966184616088867,1751400,0.0,0.0
2024-03-20,21.000001702102136,21.194445774114044,20.932368911293953,21.033817291259766,1763400,0.0,0.0
2024-03-21,21.169082269354817,21.439613404267902,20.957729618642375,21.355072021484375,1527400,0.0,0.0
2024-03-22,21.380432710318352,21.50724396514084,21.262074141657116,21.456518173217773,1928700,0.0,0.0
2024-03-25,21.448069230901357,21.549517607470527,20.907005310058594,20.907005310058594,2328900,0.0,0.0
2024-03-26,20.966179820046886,21.160625461144466,20.940818536963448,21.059175491333008,1538900,0.0,0.0
2024-03-27,21.05917800325556,21.329709138364773,21.033815104654288,21.25362205505371,1361300,0.0,0.0
2024-03-28,21.253626358959753,21.371984963907483,20.96618656657584,20.983095169067383,2418300,0.0,0.0
2024-04-01,21.008458881306275,21.211357281534013,20.957734684372628,21.042274475097656,2082700,0.0,0.0
2024-04-02,21.050726837955025,21.23671823040435,20.949278453430846,21.143722534179688,2787300,0.0,0.0
2024-04-03,21.194443448044264,21.473428881071246,20.991545097887617,21.422704696655273,2107500,0.0,0.0
2024-04-04,21.41425277200288,21.929953810316704,21.41425277200288,21.684783935546875,2027600,0.0,0.0
2024-04-05,21.727054437781337,21.853865713295125,21.608695849807994,21.77777862548828,1744300,0.0,0.0
2024-04-08,21.727054013142762,22.073672245269393,21.642512626954915,21.94685935974121,2192700,0.0,0.0
2024-04-09,21.99758539763705,22.487923507855648,21.94685959787824,22.44565200805664,3053000,0.0,0.0
2024-04-10,22.403384186603645,22.69082396177083,22.3611142953997,22.394929885864258,4683400,0.0,0.0
2024-04-11,22.36111223344431,22.57246489496082,22.293479446258736,22.44565200805664,3193600,0.0,0.0
2024-04-12,22.403382619222008,22.52173959630697,22.13285146446045,22.19202995300293,4936000,0.0,0.0
2024-04-15,21.98067577993664,22.521738052368164,21.90458869631436,22.521738052368164,3338900,0.0,0.0
2024-04-16,22.3611109032386,22.631642035887673,22.192028139086556,22.225845336914062,4270400,0.0,0.0
2024-04-17,22.234302114219783,22.335752113872843,21.81159673856927,21.989133834838867,4120700,0.0,0.0
2024-04-18,21.989131108715437,22.175120870445912,21.887681121639737,21.92995262145996,1937800,0.0,0.0
2024-04-19,21.896133289199426,22.031398850465326,21.346616744995117,21.346616744995117,4282400,0.0,0.0
2024-04-22,21.48188516272025,21.524155051551737,21.109904013530123,21.338165283203125,6903100,0.0,0.0
2024-04-23,21.160630554334155,21.2958961383117,20.712562299600435,20.949277877807617,5789400,0.0,0.0
2024-04-24,20.90700437944596,20.983091464732485,20.661836136572674,20.91545867919922,2964900,0.0,0.0
2024-04-25,20.91545894263305,21.414251346908063,20.79710196958231,21.312801361083984,3937100,0.0,0.0
2024-04-26,21.321259439765708,21.61715353732746,21.26208094275198,21.414255142211914,3125200,0.0,0.0
2024-04-29,21.38043305855717,21.566422794493334,21.12680893228864,21.371978759765625,3533800,0.0,0.0
2024-04-30,21.439614585341026,21.58333446024249,21.08454204808405,21.10990333557129,3714000,0.0,0.0
2024-05-02,21.270533933054846,21.980679078434477,21.236718342199772,21.7270565032959,4897800,0.0,0.0
2024-05-03,21.972221312766756,22.276569644934337,21.862318644202215,22.0567626953125,3067700,0.0,0.0
2024-05-06,22.09903412909627,22.56401095943827,22.006040053022165,22.361112594604492,2484400,0.0,0.0
2024-05-07,22.445653686384603,22.57246658277096,22.048311233520508,22.048311233520508,3424600,0.0,0.0
2024-05-08,22.065221165435457,22.217395360282186,21.735509872436523,21.735509872436523,3946300,0.0,0.0
2024-05-09,21.634055322694817,21.684779502366162,21.152171584585528,21.388885498046875,4029200,0.0,0.0
2024-05-10,21.39734377256437,21.583335153405883,21.270532493577,21.338165283203125,2586700,0.0,0.0
2024-05-13,21.38043578641614,21.583334145822526,21.34661858693533,21.43115997314453,1873000,0.0,0.0
2024-05-14,21.48188522217963,21.89613626134785,21.464976621603075,21.88768196105957,2315100,0.0,0.0
2024-05-15,21.879227737964246,22.716185732034763,21.853866449502835,22.555557250976562,3627100,0.0,0.0
2024-05-16,22.589373721428018,22.75845650940369,21.845413001819594,21.879228591918945,4121900,0.0,0.0
2024-05-17,21.879225569703046,22.504830831301298,21.811592786353607,22.14130401611328,4296900,0.0,0.0
2024-05-20,22.11594118253923,23.291061401367188,22.03985409948635,23.291061401367188,6048200,0.0,0.0
2024-05-21,23.24879517426362,23.975848921165625,23.181162380074575,23.460147857666016,5212700,0.0,0.0
2024-05-22,23.22342872751951,23.34178730865683,22.606279373168945,22.606279373168945,3729000,0.0,0.0
2024-05-23,22.403381924430207,22.927537229894853,22.403381924430207,22.699275970458984,2485000,0.0,0.0
2024-05-24,22.699277600605356,23.096620048812188,22.631644809155407,22.81763458251953,2158300,0.0,0.0
2024-05-27,22.826087490233544,22.98671596481096,22.462560653686523,22.462560653686523,1707000,0.0,0.0
2024-05-28,22.657007348540244,22.969810034067358,22.657007348540244,22.707733154296875,3161500,0.0,0.0
2024-05-29,22.631642601215546,22.842995255438716,22.40338134765625,22.40338134765625,1722000,0.0,0.0
2024-05-31,22.276570699301256,22.352657785944412,21.245168685913086,21.245168685913086,5478700,0.0,0.0
2024-06-03,21.532608060171523,21.89613488729042,21.532608060171523,21.65096664428711,2563300,0.0,0.0
2024-06-04,21.777780727164572,21.913046315765538,21.625606536865234,21.625606536865234,1969200,0.0,0.0
2024-06-05,21.60869695713107,21.701692649770017,21.033817425350207,21.084543228149414,5845000,0.0,0.0
2024-06-06,21.13526610317157,21.71014559917669,21.076087616081544,21.27898597717285,3914200,0.0,0.0
2024-06-07,21.059181138747537,21.329712314136014,21.059181138747537,21.143722534179688,5286700,0.0,0.0
2024-06-10,21.169082658876412,21.245168131039566,20.949275704591784,21.0676326751709,1819200,0.0,0.0
2024-06-11,21.092998504638672,21.321258177825474,21.050727000349998,21.092998504638672,2098500,0.0,0.0
2024-06-12,21.13527055992251,21.26208186078341,20.74638235561666,20.83937644958496,3029900,0.0,0.0
2024-06-13,20.847822865677323,21.228258236854582,20.780190089967206,21.059175491333008,2724400,0.0,0.0
2024-06-14,21.10990120653345,21.405795226487363,20.966181346126845,21.346616744995117,2038900,0.0,0.0
2024-06-17,21.338162493146676,21.557969433814097,21.219805529899865,21.363525390625,1782800,0.0,0.0
2024-06-18,21.38888998247998,21.49033997558546,21.067634627216346,21.084543228149414,2544400,0.0,0.0
2024-06-19,21.084539667908928,21.49033634682397,21.05072247175301,21.46497344970703,1883800,0.0,0.0
2024-06-20,21.811592531605278,21.896133912927866,21.49879151695226,21.541061401367188,3779500,0.0,0.0
2024-06-21,21.54106481860227,22.58937392082308,21.490340626759018,22.378021240234375,9147800,0.0,0.0
2024-06-24,22.394928182497022,23.054349077576447,22.327295394219096,22.361112594604492,2458400,0.0,0.0
2024-06-25,22.33574983053162,22.42029121951782,22.19202995300293,22.19202995300293,1875500,0.0,0.0
2024-06-26,22.149758439605964,22.192028324751245,21.97222137451172,21.97222137451172,1770900,0.0,0.0
2024-06-27,22.04831092977925,22.28502650561406,21.9384082485838,22.268117904663086,1669900,0.0,0.0
2024-06-28,22.276570407791038,22.386473080119174,22.014493564167935,22.200483322143555,2563200,0.0,0.0
2024-07-01,22.175120094096958,22.665458187395004,22.04830882406161,22.40338134765625,2176100,0.0,0.0
2024-07-02,22.445654532123605,22.733094313108772,22.445654532123605,22.657007217407227,1701300,0.0,0.0
2024-07-03,22.690822876310033,22.809179856013625,22.572465896606445,22.572465896606445,1250200,0.0,0.0
2024-07-04,22.580919121613082,22.80072609807212,22.580919121613082,22.750001907348633,1031200,0.0,0.0
2024-07-05,22.783818018129832,22.859905106816903,22.606280940362375,22.809179306030273,1363300,0.0,0.0
2024-07-08,22.80072686857079,22.95290105837658,22.657006979586768,22.792272567749023,1476800,0.0,0.0
2024-07-09,22.775363360501842,23.16425148547119,22.733091860509838,23.113527297973633,1585500,0.0,0.0
2024-07-10,23.121979524497707,23.409419248695652,23.121979524497707,23.26569938659668,1446000,0.0,0.0
2024-07-11,23.231884614660963,23.417875992375652,22.910629272460938,22.910629272460938,2328900,0.0,0.0
2024-07-12,21.557972445097395,22.20048475852886,21.557972445097395,21.93840789794922,6663000,0.0,0.0
2024-07-15,21.811595075311004,21.87922786575798,21.456522522341153,21.853866577148438,4336300,0.0,0.0
2024-07-16,21.794687254931294,22.310386657714844,21.684782966843116,22.310386657714844,2899300,0.0,0.0
2024-07-17,22.14975734825541,22.318838492998417,21.81159183378404,22.03139877319336,2653600,0.0,0.0
2024-07-18,21.811592797998994,21.870772894392505,21.3719805122393,21.422704696655273,3680100,0.0,0.0
2024-07-19,20.628021931715622,21.262079992808275,20.41666924468474,20.754833221435547,22609500,0.0,0.0
2024-07-22,20.721018523537314,20.957734123717028,20.64493142392573,20.847829818725586,10420500,0.0,0.0
2024-07-23,20.88164237961548,20.94082086337467,20.704105315845172,20.788646697998047,6839100,0.0,0.0
2024-07-24,20.797104726337544,20.96618590846643,20.58575203930666,20.754833221435547,12162900,0.0,0.0
2024-07-25,20.7971021062057,20.81401070603626,20.551932246141046,20.628019332885742,4964200,0.0,0.0
2024-07-26,20.644925804648345,20.957728419298885,20.63647150560453,20.86473274230957,1952800,0.0,0.0
2024-07-29,20.90700612536693,21.02536471930374,20.839373334185726,20.966184616088867,2130500,0.0,0.0
2024-07-30,20.966184732474613,20.991547633993207,20.73792506877903,20.89855194091797,2826200,0.0,0.0
2024-07-31,20.898552175205882,20.90700647580686,20.644929607148416,20.763286590576172,3602500,0.0,0.0
2024-08-01,20.74638000097974,20.96618537086185,20.57729721069336,20.57729721069336,4399700,0.0,0.0
2024-08-02,20.661838208350368,20.88164518649689,20.560388213631605,20.763286590576172,4820500,0.0,0.0
2024-08-05,20.551933173862732,20.721015954815147,20.213769224450814,20.619565963745117,4198900,0.0,0.0
2024-08-06,20.58575056050356,20.830918821351037,20.425122078400985,20.467391967773438,2049500,0.0,0.0
2024-08-07,20.551934338754638,20.61111283169437,20.391307461487646,20.475847244262695,2356500,0.0,0.0
2024-08-08,20.543482162518917,20.585753670771023,20.34903806203873,20.442033767700195,3425700,0.0,0.0
2024-08-09,20.543478963158638,20.653383255004883,20.35748919329418,20.653383255004883,5068600,0.0,0.0
2024-08-12,20.653382324192748,20.847826385627727,20.484299550123207,20.661836624145508,3150000,0.0,0.0
2024-08-13,20.712563372571253,20.788650469061775,20.594206383582904,20.77174186706543,3127700,0.0,0.0
2024-08-14,20.780193987968662,21.09299664211212,20.695652599349387,20.89009666442871,4151900,0.0,0.0
2024-08-15,20.890098037561685,20.983093732404903,20.543479772682577,20.712562561035156,3106000,0.0,0.0
2024-08-16,20.814009488557875,20.864733672589708,20.687196609739186,20.856279373168945,2185500,0.0,0.0
2024-08-19,20.86473395145741,21.2958935527225,20.75482967001132,21.25362205505371,3339200,0.0,0.0
2024-08-20,21.211354004215757,21.346619583468,21.016909935602264,21.338165283203125,2079600,0.0,0.0
2024-08-21,21.338163704205947,21.363526603123756,20.974636882181223,21.135265350341797,3184200,0.0,0.0
2024-08-22,21.118356797340493,21.22826108039906,20.907004143373932,21.15217399597168,1885200,0.0,0.0
2024-08-23,21.14372040311198,21.304348876994077,21.109903203350346,21.27898597717285,1669100,0.0,0.0
2024-08-26,21.270533972449826,21.304351175860543,20.907007098249707,20.974639892578125,2062700,0.0,0.0
2024-08-27,21.008453537757184,21.016907837177946,20.805555189137113,20.856279373168945,1619800,0.0,0.0
2024-08-28,20.8562821841382,20.949277877807617,20.737925201281083,20.949277877807617,1433800,0.0,0.0
2024-08-29,20.949274273473588,20.966181259192208,20.61110875921833,20.814008712768555,4971700,0.0,0.0
2024-08-30,20.771739687857448,21.00000095338163,20.636474111063755,20.89009666442871,2281900,0.0,0.0
2024-09-02,20.940821578458994,20.96618286522597,20.72946892210594,20.91545867919922,1397400,0.0,0.0
2024-09-03,20.923914931635494,21.008456324564936,20.847827839248293,20.932369232177734,1385900,0.0,0.0
2024-09-04,20.96618033849456,21.43115709393046,20.957727652252775,21.321252822875977,1879100,0.0,0.0
2024-09-05,21.321256957993945,21.431161250363647,21.202899977743115,21.21980857849121,1846300,0.0,0.0
2024-09-06,21.219806015485112,21.329708682087446,20.99999906978772,21.008453369140625,1666800,0.0,0.0
2024-09-09,21.03381465470662,21.067631852118247,20.84782490642085,21.008453369140625,1226300,0.0,0.0
2024-09-10,21.008456235005603,21.008456235005603,20.822464848855127,20.89855194091797,1229100,0.0,0.0
2024-09-11,20.907001543778048,21.008451514564438,20.8309144688114,20.92391014099121,1623800,0.0,0.0
2024-09-12,20.89009666442871,20.92391386487357,20.75483108763502,20.89009666442871,1719600,0.0,0.0
2024-09-13,20.92391318197171,21.08454165385655,20.85628039578222,20.881643295288086,1819200,0.0,0.0
2024-09-16,20.92391014099121,20.974634320138115,20.8309144688114,20.92391014099121,872300,0.0,0.0
2024-09-17,20.923917854323285,20.95773506121589,20.763289346569785,20.83937644958496,1369700,0.0,0.0
2024-09-18,21.10990190582085,21.135264804083135,20.8224621754859,20.856279373168945,3546800,0.0,0.0
2024-09-19,20.88164518649689,20.898552175205882,20.729471000665225,20.763286590576172,2210700,0.0,0.0
2024-09-20,20.797102198404,20.830917785722207,20.61111082442894,20.661836624145508,3762500,0.0,0.0
2024-09-23,20.687197773831485,20.721014973417464,20.526570913276565,20.61111068725586,2215800,0.0,0.0
2024-09-24,20.71255998814736,20.754829873738306,20.399757352298924,20.602657318115234,2142800,0.0,0.0
2024-09-25,20.611113778182556,20.661839585168572,20.526573991525332,20.585752487182617,1651300,0.0,0.0
2024-09-26,20.687198914294264,20.712561815381978,20.45048495411394,20.5688419342041,1561600,0.0,0.0
2024-09-27,20.568842940306848,20.64493003479879,20.46739294348659,20.475847244262695,1957700,0.0,0.0
2024-09-30,20.56038661196973,20.568840911912112,20.37439685071579,20.54347801208496,7209900,0.0,0.0
2024-10-01,20.54347821578583,20.814010979146104,20.4927540281214,20.509662628173828,2512800,0.0,0.0
2024-10-02,20.585750464827544,20.797103135693344,20.55193326349242,20.653383255004883,1920100,0.0,0.0
2024-10-03,20.585747968709132,20.61110925414239,20.247584058826394,20.357486724853516,2772500,0.0,0.0
2024-10-04,20.357485596198217,20.475842554972076,20.264489921451542,20.399755477905273,2565600,0.0,0.0
2024-10-07,20.458942371001037,20.5096665684104,20.33212945873789,20.442033767700195,2797100,0.0,0.0
2024-10-08,20.399759408690525,20.467392199949405,20.29831102804867,20.33212661743164,2677800,0.0,0.0
2024-10-09,20.340580535862074,20.365943436792637,20.070049375907686,20.103866577148438,3420600,0.0,0.0
2024-10-10,20.163044204310257,21.177536010742188,20.12077270456757,21.177536010742188,9945500,0.0,0.0
2024-10-11,21.07608804188969,21.422706283985136,20.72101549968303,20.89009666442871,3648000,0.0,0.0
2024-10-14,20.890093818670188,21.01690669057042,20.72101267695763,20.999998092651367,2093900,0.0,0.0
2024-10-15,20.97463649582046,21.109902062571578,20.80555534362793,20.80555534362793,1692500,0.0,0.0
2024-10-16,20.873188792925728,21.050724250265752,20.771738808379432,20.91545867919922,1664100,0.0,0.0
2024-10-17,20.771739298545718,20.78864789845124,20.636473724287224,20.661836624145508,1795300,0.0,0.0
2024-10-18,20.721014861681287,20.830917534757422,20.602657888754244,20.678743362426758,1025100,0.0,0.0
2024-10-21,20.678746125104986,20.830920317766108,20.66183913563722,20.754833221435547,892300,0.0,0.0
2024-10-22,20.712562561035156,20.754832451876812,20.56038837401643,20.712562561035156,1058500,0.0,0.0
2024-10-23,20.636473632801025,20.670290832462147,20.526570958888037,20.628019332885742,1177500,0.0,0.0
2024-10-24,20.62801731039656,20.797100067138672,20.602656025630118,20.797100067138672,1262700,0.0,0.0
2024-10-25,20.754831634024438,20.83937302486934,20.50966337431642,20.653383255004883,1465800,0.0,0.0
2024-10-28,20.65337924194708,20.780190497327897,20.619562047182807,20.68719482421875,872500,0.0,0.0
2024-10-29,20.62801871423781,20.73792299734753,20.535024642944336,20.535024642944336,1700500,0.0,0.0
2024-10-30,20.619566053669757,20.695653144180877,20.55193326349242,20.653383255004883,1406700,0.0,0.0
2024-10-31,20.670290212546465,20.82246276897927,20.501207444297414,20.535024642944336,2677300,0.0,0.0
2024-11-01,20.543480365922875,20.55193466683394,20.315220691296236,20.374399185180664,1823100,0.0,0.0
2024-11-04,20.442027567974378,20.81400866531142,20.433573268888004,20.797100067138672,1844300,0.0,0.0
2024-11-05,20.687196609739186,20.856279373168945,20.55193104399247,20.856279373168945,1390000,0.0,0.0
2024-11-06,20.551932226252973,21.050724633322044,20.526570939024506,20.729469299316406,2081900,0.0,0.0
2024-11-07,20.71256078594697,20.940822046912828,20.467390925096343,20.54347801208496,1777500,0.0,0.0
2024-11-08,20.543477220798025,20.763284173355046,20.357487466707976,20.602657318115234,3021600,0.0,0.0
2024-11-11,20.60265710100013,20.85627963685863,20.53502431727168,20.73792266845703,1805800,0.0,0.0
2024-11-12,20.721017460069174,20.746380362802366,20.3236749922073,20.374399185180664,2500600,0.0,0.0
2024-11-13,20.374394241728826,20.492751200780653,20.298307164483326,20.416664123535156,2094100,0.0,0.0
2024-11-14,20.416665194767297,20.68719632250449,20.37439531074313,20.45893669128418,1940600,0.0,0.0
2024-11-18,20.458933803956242,20.746373489734406,20.29830536484668,20.349029541015625,1035600,0.0,0.0
2024-11-19,20.357488791168947,20.425121580010323,20.264493101827224,20.306764602661133,1444400,0.0,0.0
2024-11-21,20.306764602661133,20.306764602661133,20.306764602661133,20.306764602661133,0,0.0,0.0
2024-11-22,20.306764602661133,20.306764602661133,20.306764602661133,20.306764602661133,0,0.0,0.0
2024-11-25,20.619565144950364,20.8224635065405,20.560386657714844,20.560386657714844,2027700,0.0,0.0
2024-11-26,20.839372611816714,20.94082260131836,20.670291445971138,20.94082260131836,1350600,0.0,0.0
2024-11-27,20.93236706952171,21.016908453716642,20.374396191325054,20.433574676513672,4193400,0.0,0.0
2024-11-28,20.4335752341751,20.509662320777785,20.04468550126217,20.09541130065918,4147100,0.0,0.0
2024-11-29,20.239131543665096,20.43357560742698,19.774154715655936,20.425121307373047,3874100,0.0,0.0
2024-12-02,20.408212155836885,20.475844941948058,20.188405197852372,20.24758529663086,2546000,0.0,0.0
2024-12-03,20.28139965636483,20.425119519717263,20.222221173659598,20.25603675842285,2427200,0.0,0.0
2024-12-04,20.25604131184265,20.560389705590946,20.222225719477887,20.51811981201172,2608500,0.0,0.0
2024-12-05,20.535023245431805,20.847824249164237,20.535023245431805,20.797100067138672,2646600,0.0,0.0
2024-12-06,20.754829655019577,21.09299518615458,20.71255976987408,20.73792266845703,4107200,0.0,0.0
2024-12-09,20.754830190983178,21.016908645629883,20.63647321952518,21.016908645629883,2859600,0.0,0.0
2024-12-10,21.008455887387107,21.219808559066067,20.907005895484325,21.101449966430664,2751500,0.0,0.0
2024-12-11,21.10144798074268,21.464974799820766,20.83937114402074,21.287439346313477,3440900,0.0,0.0
2024-12-12,21.1521762087971,21.262078890860305,20.712562255558367,20.932369232177734,3981300,0.0,0.0
2024-12-13,21.084541286301643,21.11835687256049,20.408211823704008,20.450483322143555,8683400,0.0,0.0
2024-12-16,20.45893669128418,20.628017839873568,20.340578113529624,20.45893669128418,5403500,0.0,0.0
2024-12-17,20.526572000034836,20.847827350646035,20.458939209774957,20.55193328857422,3034200,0.0,0.0
2024-12-18,20.551933185354414,20.611111674972978,19.90942087486605,19.98550796508789,3404700,0.0,0.0
2024-12-19,20.120772019503526,20.163043517806972,19.638888226293744,19.69806671142578,3753900,0.0,0.0
2024-12-20,19.76570200342649,20.264494459227674,19.73188641298713,20.01087188720703,5016300,0.0,0.0
2024-12-23,19.993958024733125,20.053136501800115,19.554344177246094,19.554344177246094,2811900,0.0,0.0
2024-12-26,19.571256637573242,19.723430815780006,19.503623848647223,19.571256637573242,2948200,0.0,0.0
2024-12-27,19.69806412839919,19.75724421826367,19.4782588160157,19.486711502075195,2967100,0.0,0.0
2024-12-30,19.689611642551274,19.740335821886898,19.402171938828438,19.452896118164062,3640900,0.0,0.0
2025-01-02,19.621984048838502,19.621984048838502,19.27536574710282,19.359907150268555,7094000,0.0,0.0
2025-01-03,19.35990468730713,19.444446079717533,19.064010620117188,19.064010620117188,5519400,0.0,0.0
2025-01-06,19.309179018729328,19.714975736243765,19.26690913200638,19.52898597717285,4040700,0.0,0.0
2025-01-07,19.689613915058022,19.833332171014312,19.596618231798985,19.76569938659668,4228300,0.0,0.0
2025-01-08,19.63043222445559,19.824877874805257,19.60507094016541,19.664249420166016,10294200,0.0,0.0
2025-01-09,19.782609779327498,19.993962451355554,19.681161399750064,19.83333396911621,5528400,0.0,0.0
2025-01-10,19.953125036874077,20.35551247754897,19.76067988517897,19.778175354003906,3676000,0.786945,0.0
2025-01-13,19.80441603102871,19.98811510881486,19.80441603102871,19.839406967163086,1940800,0.0,0.0
2025-01-14,19.85690351609203,19.95312525877983,19.699447631835938,19.699447631835938,2441700,0.0,0.0
2025-01-15,19.786925353546078,20.110583221559832,19.769429882718324,20.075593948364258,2557400,0.0,0.0
2025-01-16,20.07559270546219,20.110581976491538,19.804417929800557,19.81316566467285,2870500,0.0,0.0
2025-01-17,19.94437958561605,20.233048180434235,19.874399370764976,20.075593948364258,3104300,0.0,0.0
2025-01-20,20.08433784938484,20.329269409179688,20.07559178337409,20.329269409179688,1242300,0.0,0.0
2025-01-21,20.3030240912382,20.36425822615428,20.15431762610645,20.180559158325195,1998500,0.0,0.0
2025-01-22,20.18056193294236,20.33801782174167,20.145572662353516,20.145572662353516,2016000,0.0,0.0
2025-01-23,20.189310078870463,20.43424165181975,20.189310078870463,20.215553283691406,2471300,0.0,0.0
2025-01-24,20.25054236684591,20.338018046976483,20.066844940185547,20.066844940185547,2877900,0.0,0.0
2025-01-27,20.16306617127308,20.626686096191406,20.1280769011912,20.626686096191406,4700400,0.0,0.0
2025-01-28,20.626689275734897,20.71416496711339,20.53046584837255,20.63543701171875,1911200,0.0,0.0
2025-01-29,20.68791644968884,20.71415965090518,20.477975845336914,20.477975845336914,1212200,0.0,0.0
2025-01-30,20.556708532055275,21.029076252376065,20.556708532055275,20.96784210205078,1986000,0.0,0.0
2025-01-31,20.994085135390502,21.081560823813295,20.784144484251797,20.819133758544922,2027800,0.0,0.0
2025-02-03,20.76664666809807,20.994082764933356,20.69666645895335,20.976587295532227,2981400,0.0,0.0
2025-02-04,20.97658669957566,20.99408216847973,20.81038475036621,20.81038475036621,9710200,0.0,0.0
2025-02-05,20.95034836331171,21.002833109577384,20.705416766638564,20.792892456054688,5272700,0.0,0.0
2025-02-06,20.819133123953364,20.967841289201314,20.78414385072675,20.827880859375,1579200,0.0,0.0
2025-02-07,20.862869670013623,21.064062558780513,20.845374200957437,20.906606674194336,1801600,0.0,0.0
2025-02-10,21.03782122339855,21.151540113902488,20.932851736659426,21.10780143737793,1992000,0.0,0.0
2025-02-11,21.134045228759263,21.405218356884067,21.072812748388497,21.352733612060547,2981700,0.0,0.0
2025-02-12,21.078801041165836,21.2595804727804,20.94321732947513,21.051685333251953,4272300,0.786945,0.0
2025-02-13,20.925140505714406,21.13303565979004,20.89802479590314,21.13303565979004,2642600,0.0,0.0
2025-02-14,21.133037560279597,21.494596481323242,21.069765266309172,21.494596481323242,2009600,0.0,0.0
2025-02-17,21.512673268680096,21.63018043643612,21.36805038839632,21.485557556152344,1912600,0.0,0.0
2025-02-18,21.422284307910882,21.467478309472458,21.09688197973745,21.304777145385742,2355700,0.0,0.0
2025-02-19,21.25958295927341,21.268622104315387,21.142075797768328,21.241504669189453,1866200,0.0,0.0
2025-02-20,21.17822984806194,21.241502131756874,21.078800988518225,21.196308135986328,1995600,0.0,0.0
2025-02-21,21.23246166750521,21.386123657226562,21.19630681794506,21.386123657226562,1260600,0.0,0.0
2025-02-24,21.386127577065764,21.40420586717955,21.105920976464656,21.169193267822266,1320300,0.0,0.0
2025-02-25,21.16919223249286,21.566905975341797,21.15111394326324,21.566905975341797,2458300,0.0,0.0
2025-02-26,21.5669059812164,21.5669059812164,21.04264766169841,21.13303565979004,2671600,0.0,0.0
2025-02-27,21.133036248948432,21.40420542290478,21.096881393511946,21.187271118164062,1399700,0.0,0.0
2025-02-28,21.20534778562901,21.32285494545287,20.888986333889246,20.9703369140625,2091900,0.0,0.0
2025-03-05,20.988414032867052,21.377088654149144,20.988414032867052,21.160154342651367,3361100,0.0,0.0
2025-03-06,21.322855507284864,21.322855507284864,21.0697646151838,21.160154342651367,3259000,0.0,0.0
2025-03-07,21.160150916804152,21.449396618638715,21.024567209574247,21.28669548034668,2043400,0.0,0.0
2025-03-10,21.28669476077279,21.566903033488213,21.21438333775856,21.530746459960938,3725600,0.0,0.0
2025-03-11,21.53075112167986,21.53075112167986,21.078804198977792,21.14207649230957,3475300,0.0,0.0
2025-03-12,21.073740547969347,21.176629321029658,20.858605584521108,20.970849990844727,3266100,0.786945,0.0
2025-03-13,20.961496833655403,21.1766300201416,20.69959439963022,21.1766300201416,2298600,0.0,0.0
2025-03-14,21.242106203752076,21.438533484729426,21.064388406754066,21.373058319091797,1834700,0.0,0.0
2025-03-17,21.429179680036746,21.634959027341747,21.326289114352015,21.60689926147461,1957400,0.0,0.0
2025-03-18,21.597547880575657,21.663023053836856,21.382414658698963,21.504011154174805,1676500,0.0,0.0
2025-03-19,21.513363556842236,21.793971933088272,21.44788838798913,21.71914291381836,4248500,0.0,0.0
2025-03-20,21.70978728033598,21.81267784240572,21.532069489206574,21.634958267211914,1879800,0.0,0.0
2025-03-21,21.63495754134466,21.784617346636008,21.485299520117657,21.58819007873535,3698900,0.0,0.0
2025-03-24,21.625608630115057,21.63496069674942,21.298230991909648,21.382413864135742,1911100,0.0,0.0
2025-03-25,21.33564313124535,21.578837880361746,21.316937215209073,21.363704681396484,1605800,0.0,0.0
2025-03-26,21.50400779727873,21.50400779727873,21.23275329553174,21.3262882232666,1782200,0.0,0.0
2025-03-27,21.326288809235077,21.36370420860857,21.083095849565122,21.148571014404297,1770100,0.0,0.0
2025-03-28,21.11115565364135,21.120509503501832,20.91473015876458,20.989559173583984,1400600,0.0,0.0
2025-03-31,20.98955759679588,21.02697120936276,20.839899578399756,20.896020889282227,1882400,0.0,0.0
2025-04-01,20.858608163065124,20.87731586377576,20.60606133972966,20.78377914428711,2563000,0.0,0.0
2025-04-02,20.7837812652503,20.896025696904015,20.708952238836062,20.77442741394043,1383700,0.0,0.0
2025-04-03,20.73701057954433,21.120509503501832,20.72765672968385,20.989559173583984,2150500,0.0,0.0
2025-04-04,20.78378004026547,20.811841592541146,20.540585272736784,20.671537399291992,3007600,0.0,0.0
2025-04-07,20.4657576422209,20.80248915616528,20.32545343943232,20.61541748046875,3650500,0.0,0.0
2025-04-08,20.68089246897117,20.886671845594144,20.606063442556934,20.77442741394043,2799600,0.0,0.0
2025-04-09,20.71830090445978,21.37305605975099,20.596704435995896,20.91472816467285,4201300,0.0,0.0
2025-04-10,20.896022838195055,20.9521441543118,20.54058367330523,20.737010955810547,1631100,0.0,0.0
2025-04-11,20.830547672048105,20.886668988164853,20.587352923456244,20.737010955810547,855800,0.0,0.0
2025-04-14,20.877315946634493,20.90537749781182,20.69024429097927,20.85860824584961,1635500,0.0,0.0
2025-04-15,20.83990219955934,21.06438925538861,20.755719330615296,20.942790985107422,1407600,0.0,0.0
2025-04-16,20.94278813916597,21.055032543859838,20.84925321666275,20.90537452697754,1484400,0.0,0.0
2025-04-17,20.90537736783481,20.99891408711314,20.755719330615296,20.942790985107422,1153000,0.0,0.0
2025-04-22,20.91472889074687,21.045679212725464,20.718301623714645,20.961496353149414,1535700,0.0,0.0
2025-04-23,21.026974515314045,21.373059852308298,21.026974515314045,21.232755661010742,2157600,0.0,0.0
2025-04-24,21.28887175245377,21.606895459460294,21.28887175245377,21.44788360595703,2067100,0.0,0.0
2025-04-25,21.43853328098043,21.95298253529924,21.401117881506256,21.775264739990234,2652700,0.0,0.0
2025-04-28,21.775265756799108,21.9716912610174,21.737850355577798,21.887508392333984,3825700,0.0,0.0
2025-04-29,21.840740500922777,22.252300986045775,21.840740500922777,21.90621566772461,1874500,0.0,0.0
2025-04-30,21.606899965953517,22.439373016357422,21.541424798042808,22.439373016357422,3035600,0.0,0.0
2025-05-02,22.35518868732625,22.81351661682129,21.971689771135207,22.81351661682129,4134600,0.0,0.0
2025-05-05,22.598386787592457,22.626448340779145,21.822034990074098,21.97169303894043,4247000,0.0,0.0
2025-05-06,22.093288122436864,22.12134788749946,21.775264368588402,21.943628311157227,1437400,0.0,0.0
2025-05-07,21.878153242173326,22.02781127003782,21.04568023916903,21.15792465209961,2859300,0.0,0.0
2025-05-08,21.34499634562336,21.737849115717356,21.28887503105691,21.391765594482422,1367000,0.0,0.0
2025-05-09,21.50400751928421,21.77526380158891,21.457240056021373,21.65366554260254,2249100,0.0,0.0
2025-05-12,21.700437651642183,21.700437651642183,21.36370616273781,21.382413864135742,2075100,0.0,0.0
2025-05-13,21.513361368749653,21.78461765105435,21.391764893827652,21.65366554260254,1443200,0.0,0.0
2025-05-14,21.68173126272949,21.756560288786325,21.38241515850213,21.56013298034668,1869800,0.0,0.0
2025-05-15,21.691082467071595,22.018460085145243,21.578838049650965,21.90621566772461,1728100,0.0,0.0
2025-05-16,21.89686270049973,22.252301883276246,21.67237564067146,22.102642059326172,4267600,0.0,0.0
2025-05-19,22.083936060561207,22.083936060561207,21.784619981899237,22.027812957763672,1800400,0.0,0.0
2025-05-20,22.02781422518489,22.140058653173647,21.887510028247434,22.055875778198242,1182000,0.0,0.0
2025-05-21,21.981044430150106,22.214885328343193,21.83138639803169,22.074581146240234,2314200,0.0,0.0
2025-05-22,22.074581316243577,22.18682394916457,21.80332501589962,21.83138656616211,1679300,0.0,0.0
2025-05-23,21.812680927279253,21.981046676635742,21.513364832452,21.981046676635742,1151100,0.0,0.0
2025-05-26,21.962338548866082,22.14005814574821,21.840742056724384,21.999753952026367,956300,0.0,0.0
2025-05-27,22.083935460757463,22.392605381502158,22.018460293336542,22.289714813232422,1189000,0.0,0.0
2025-05-28,22.140057035358694,22.28036122204386,22.074581867176583,22.121349334716797,959600,0.0,0.0
2025-05-29,22.05587450916244,22.177470997094655,21.878154918432685,22.027812957763672,1223200,0.0,0.0
2025-05-30,22.102641597162933,22.214886016762332,21.691082888115687,21.887508392333984,2797300,0.0,0.0
2025-06-02,21.8687984225199,21.934275367863012,21.485299520117657,21.58819007873535,4959400,0.0,0.0
2025-06-03,21.56013374994193,21.96234044837859,21.522720127610373,21.765914916992188,1322300,0.0,0.0
2025-06-04,21.915568794072676,22.00910550815668,21.737849215719514,21.859447479248047,1089700,0.0,0.0
2025-06-05,21.88750771115652,21.934276961227614,21.55077803096698,21.68172836303711,1932400,0.0,0.0
2025-06-06,21.681729213780834,21.89686242035582,21.522717325428772,21.64431381225586,1280000,0.0,0.0
2025-06-09,21.56948016532679,21.65366301663119,21.251456456857774,21.52271270751953,1512800,0.0,0.0
2025-06-10,21.550777734036984,21.962336424605283,21.550777734036984,21.616252899169922,2022500,0.0,0.0
2025-06-11,21.522716184380965,21.81267839456873,21.419825619706668,21.616252899169922,2569400,0.0,0.0
2025-06-12,21.541424095698677,21.616253111451808,21.35435066428361,21.60689926147461,1617900,0.0,0.0
2025-06-13,21.532073621191703,21.784622257973428,21.316940390184197,21.6256103515625,1519700,0.0,0.0
2025-06-16,21.7752670181902,22.093290810735606,21.747205465648676,21.915571212768555,1192300,0.0,0.0
2025-06-17,22.04652249192565,22.04652249192565,21.765914090862825,21.952985763549805,1165700,0.0,0.0
2025-06-18,21.850094904880432,22.186824597548426,21.803325653076172,21.803325653076172,2105000,0.0,0.0
2025-06-20,21.7565569919126,21.86879962195685,21.541423797607422,21.541423797607422,2285400,0.0,0.0
2025-06-23,21.532068737344105,21.747201919555664,21.429178178867122,21.747201919555664,1112200,0.0,0.0
2025-06-24,21.793974325352238,21.915572610053694,21.6256103515625,21.6256103515625,1060400,0.0,0.0
2025-06-25,21.61625187033393,21.625605719774068,21.38241098652353,21.419824600219727,1016600,0.0,0.0
2025-06-26,21.466594696044922,21.560129626015247,21.40111774737549,21.466594696044922,783500,0.0,0.0
2025-06-27,21.38241165698957,21.485300435928558,21.288874943719605,21.316936492919922,1283500,0.0,0.0
2025-06-30,21.316937132804917,21.78461892912905,21.3075832827907,21.68172836303711,1067600,0.0,0.0
2025-07-01,21.681728277227744,21.775264992935277,21.504008695789878,21.60689926147461,1542300,0.0,0.0
2025-07-02,21.606901653726755,21.606901653726755,21.24210860048502,21.429182052612305,2010900,0.0,0.0
2025-07-03,21.466593994306514,21.840739054150387,21.354349584321167,21.72849464416504,1263100,0.0,0.0
2025-07-04,21.70043686723587,21.90621622298101,21.634959914709906,21.803325653076172,857600,0.0,0.0
2025-07-07,21.775268406529875,21.88751105572303,21.513365918304597,21.6256103515625,1076800,0.0,0.0
2025-07-08,21.616251626739544,21.63495754134466,21.391764594899037,21.58819007873535,1553700,0.0,0.0
2025-07-09,21.60689943051288,21.616253280563257,21.260814114906804,21.363704681396484,1569000,0.0,0.0
2025-07-10,21.185987413254097,21.475949660237877,21.176633562181756,21.344999313354492,1093900,0.0,0.0
2025-07-11,21.307582308158263,21.410471085479486,21.185984047599923,21.3262882232666,1095600,0.0,0.0
2025-07-14,21.288876004842702,21.429180189708767,21.204693137110166,21.27016830444336,843000,0.0,0.0
2025-07-15,21.279521431192336,21.447887160933398,21.092448001687945,21.223400115966797,1124100,0.0,0.0
2025-07-16,21.2982284585719,21.335642072852966,21.12050888455977,21.3262882232666,922200,0.0,0.0
2025-07-17,21.326286791107744,21.35434833798237,20.91472814133214,21.073740005493164,2087000,0.0,0.0
2025-07-18,21.04568048868243,21.157924902943755,20.87731475932266,20.989559173583984,1969500,0.0,0.0
2025-07-21,20.998911721451687,21.16727565630797,20.91472886199138,21.120508193969727,1263400,0.0,0.0
2025-07-22,21.04568237394158,21.15792679825769,20.718304735756234,20.755720138549805,1567200,0.0,0.0
2025-07-23,20.765072129125773,21.07374203826387,20.765072129125773,20.989559173583984,1203400,0.0,0.0
2025-07-24,20.9802061735208,21.0830967420892,20.811840437341424,20.952144622802734,1150600,0.0,0.0
2025-07-25,20.94278771605231,21.03632442073007,20.830545097690404,20.924081802368164,885300,0.0,0.0
2025-07-28,20.94279180032386,20.989561053815823,20.690244967725658,20.755720138549805,3352400,0.0,0.0
2025-07-29,20.765070688032107,20.942788470854325,20.72765529118681,20.811838150024414,858700,0.0,0.0
2025-07-30,20.8024843643628,21.31693536817135,20.8024843643628,21.045679092407227,1424400,0.0,0.0
2025-07-31,20.774424482040605,20.774424482040605,20.194500055191323,20.269329071044922,4940900,0.0,0.0
2025-08-01,20.447052211745927,20.48446583415273,20.203857421875,20.203857421875,2386700,0.0,0.0
2025-08-04,20.334802186126282,20.390923496340484,19.633279564223777,19.801645278930664,2868000,0.0,0.0
2025-08-05,19.829708398778923,20.054195441504245,19.7361716849606,19.895183563232422,1895300,0.0,0.0
2025-08-06,20.026135415918983,20.175793455789947,19.932598694983493,20.147733688354492,2908600,0.0,0.0
2025-08-07,20.110317822111,20.512524464003544,20.110317822111,20.241268157958984,2362700,0.0,0.0
2025-08-08,20.28803904843564,20.615416698568726,20.1851484710629,20.409635543823242,1796100,0.0,0.0
2025-08-11,20.409635466229705,20.708951562105558,20.316098740252336,20.334806442260742,1548700,0.0,0.0
2025-08-12,20.344157464557764,20.718302532380427,20.344157464557764,20.690242767333984,1762100,0.0,0.0
2025-08-13,20.634121458376658,20.671536860435562,20.334805378163672,20.381574630737305,2259800,0.0,0.0
2025-08-14,20.297392210870235,20.86796283242147,20.297392210870235,20.596708297729492,2188900,0.0,0.0
2025-08-15,20.606061469018314,20.81184082593284,20.549938366534267,20.699596405029297,1754200,0.0,0.0
2025-08-18,20.718303893042535,20.914731181589932,20.699596192406684,20.70895004272461,2051300,0.0,0.0
2025-08-19,20.62476735128959,20.652828902484686,20.418987994719206,20.465755462646484,1886700,0.0,0.0
2025-08-20,20.46575406574193,20.643473643051394,20.46575406574193,20.606060028076172,2215400,0.0,0.0
2025-08-21,20.493816248612845,20.746364847745017,20.44704878243184,20.577999114990234,1778700,0.0,0.0
2025-08-22,20.690243952358827,20.998913873999513,20.484462815222027,20.952144622802734,1923300,0.0,0.0
2025-08-25,20.952143562449432,21.1205092901081,20.849254783152578,20.998912811279297,1172800,0.0,0.0
2025-08-26,21.01761763594839,21.223398751991063,20.980204022890657,21.120508193969727,1501200,0.0,0.0
2025-08-27,21.223401810382292,21.363706001679848,21.120511237533947,21.232755661010742,1890000,0.0,0.0
2025-08-28,21.37305698596121,21.681726879045854,21.335641588465204,21.66301918029785,2399200,0.0,0.0
2025-08-29,21.616254339167572,21.76591237917381,21.59754663815065,21.709789276123047,2522800,0.0,0.0
2025-09-01,21.700435463264746,21.73784907822304,21.438533022299016,21.550777435302734,1783200,0.0,0.0
2025-09-02,21.401120499573814,21.532072629688773,21.401120499573814,21.429182052612305,1249400,0.0,0.0
2025-09-03,21.41982672023898,21.475948038370042,21.298230233610926,21.410472869873047,937200,0.0,0.0
2025-09-04,21.429180653088466,21.578838691390374,21.373059334741388,21.485301971435547,1545900,0.0,0.0
2025-09-05,21.50401088409641,21.691084334548574,21.494657033167336,21.67237663269043,944500,0.0,0.0
2025-09-08,21.70043606306555,21.70043606306555,21.522716480924327,21.68172836303711,1109900,0.0,0.0
2025-09-09,21.578837711543013,21.681728277227744,21.578837711543013,21.60689926147461,863700,0.0,0.0
2025-09-10,21.60689816873992,21.822031355142098,21.597544319235777,21.72849464416504,1125800,0.0,0.0
2025-09-11,21.728495914446658,21.859448031095955,21.64431304805228,21.75655746459961,1164500,0.0,0.0
2025-09-12,21.64431304805228,21.75655746459961,21.64431304805228,21.75655746459961,1023800,0.0,0.0
2025-09-15,21.85009418104497,21.924923197388367,21.73784976449764,21.75655746459961,1114500,0.0,0.0
2025-09-16,21.79397272394116,21.924924850463867,21.72849755271211,21.924924850463867,890700,0.0,0.0
2025-09-17,21.906217042770564,22.280362150883484,21.840741871858878,22.242948532104492,1872400,0.0,0.0
2025-09-18,22.07458453342664,22.233596439959754,22.07458453342664,22.093292236328125,1380800,0.0,0.0
2025-09-19,22.102640621215727,22.401958465576172,22.08393470549556,22.401958465576172,1885600,0.0,0.0
2025-09-22,22.261654422349956,22.30842367584749,22.00910758972168,22.00910758972168,1664200,0.0,0.0
2025-09-23,21.99975196444643,22.37389704192386,21.99975196444643,22.31777572631836,1153100,0.0,0.0
2025-09-24,22.317776363869033,22.411311297862056,22.168118328602787,22.289714813232422,1404900,0.0,0.0
2025-09-25,22.289714302984557,22.36454331890472,22.149410121142306,22.233592987060547,1296300,0.0,0.0
2025-09-26,22.364543282183877,22.925761792695866,22.327129666317457,22.785457611083984,2964300,0.0,0.0
2025-09-29,22.860288459482394,23.48698218604803,22.850934608749817,23.337324142456055,10655900,0.0,0.0
2025-09-30,23.477628958847,23.692762179216018,23.038006883063307,23.075422286987305,5680100,0.0,0.0
2025-10-01,23.084774268847664,23.786296979040046,23.084774268847664,23.309261322021484,4365900,0.0,0.0
2025-10-02,23.440211272368,23.440211272368,23.131541356311228,23.168956756591797,1558800,0.0,0.0
2025-10-03,23.15025072342007,23.197018193073863,22.5516185483414,22.94447135925293,3346800,0.0,0.0
2025-10-06,22.94447157238819,23.056714214225778,22.691922952156677,22.935117721557617,1209500,0.0,0.0
2025-10-07,22.860284118151043,22.860284118151043,22.289711820272,22.41130828857422,8449300,0.0,0.0
2025-10-08,22.224239391314267,22.66385964186656,22.214885541209178,22.458080291748047,1624700,0.0,0.0
2025-10-09,22.58903267962947,22.64515400129992,22.271008883389168,22.373899459838867,1856700,0.0,0.0
2025-10-10,22.514198535490475,22.62644293736752,22.196174811580466,22.34583282470703,2019800,0.0,0.0
2025-10-13,22.373897848446713,22.617092603589718,22.271007279407304,22.439373016357422,1003400,0.0,0.0
2025-10-14,22.401958465576172,22.57967626133664,22.317775600609867,22.401958465576172,983100,0.0,0.0
2025-10-15,22.401957795268128,22.589029435323376,22.242945919985754,22.504846572875977,3892100,0.0,0.0
2025-10-16,22.504846450145486,22.60773701125661,22.317774811110436,22.58902931213379,1078700,0.0,0.0
2025-10-17,22.495494582236788,22.710629572971925,22.41131171283272,22.663860321044922,1966900,0.0,0.0
2025-10-20,22.66385943040134,22.95382342876015,22.66385943040134,22.860286712646484,1349100,0.0,0.0
2025-10-21,22.860285260003348,22.888345024209276,22.607736677763842,22.682565689086914,2526600,0.0,0.0
2025-10-22,22.691920895321243,22.878992542782264,22.56097056369208,22.785457611083984,3437100,0.0,0.0
2025-10-23,22.822873295655405,22.935117721557617,22.682569101326106,22.935117721557617,1593500,0.0,0.0
2025-10-24,23.00994653039408,23.13154302193271,22.888348254790845,22.94447135925293,1921700,0.0,0.0
2025-10-27,23.094128035739676,23.234432220458984,22.925762300450707,23.234432220458984,1244500,0.0,0.0
2025-10-28,23.187663783832196,23.440210592139273,23.168956084234804,23.2718448638916,1370200,0.0,0.0
2025-10-29,23.412150826807615,23.561808855457894,23.22507739896255,23.2718448638916,2269900,0.0,0.0
2025-10-30,23.337322532291676,23.833064098462064,23.215724265222516,23.795650482177734,4192600,0.0,0.0
2025-10-31,23.82868065485179,24.11179297234149,23.394574861369687,23.696561813354492,3379000,0.224999,0.0
2025-11-03,23.781496341835886,24.243914096262486,23.611628227968104,24.18729019165039,2153300,0.0,0.0
2025-11-04,24.168414539312764,24.583645658156733,24.111790641301642,24.536460876464844,1442600,0.0,0.0
2025-11-05,24.53645886725364,24.8856323431267,24.470399458300765,24.68745231628418,1866400,0.0,0.0
2025-11-06,24.54589608215321,24.857320294499534,24.54589608215321,24.83844566345215,1431000,0.0,0.0
2025-11-07,24.82901032934283,25.140434566541554,24.706328817712315,25.07437515258789,1477500,0.0,0.0
2025-11-10,25.074374796546575,25.22536825486351,24.876196557499597,25.215930938720703,1577200,0.0,0.0
2025-11-11,25.24424242379602,25.867090877917132,25.24424242379602,25.659475326538086,3115600,0.0,0.0
2025-11-12,25.593418499062736,25.952027542198266,25.291429757494104,25.923715591430664,1766900,0.0,0.0
2025-11-13,25.923716941022242,25.970903528091455,25.697226723042778,25.819910049438477,1448100,0.0,0.0
2025-11-14,25.819909497663367,26.09358449687932,25.744412759950254,25.87653160095215,1246300,0.0,0.0
2025-11-17,25.81047266649776,25.904844040412343,25.50848570995848,25.89540672302246,1301400,0.0,0.0
2025-11-18,25.77272052447471,25.895403836885443,25.65003901204802,25.857654571533203,1221100,0.0,0.0
2025-11-19,25.81047114539774,25.819908462231453,25.508484206655595,25.602853775024414,1081300,0.0,0.0
2025-11-21,25.60285148494928,25.725534792829823,25.11212365337905,25.5839786529541,2702800,0.0,0.0
2025-11-24,25.621729677510405,25.99921336963153,25.50848546986618,25.885969161987305,2590200,0.0,0.0
2025-11-25,25.805091867991624,26.1000610586304,25.75751502119754,26.042970657348633,843300,0.224999,0.0
2025-11-26,26.042967243133887,26.4330882613451,26.02393650691117,26.195209503173828,974000,0.0,0.0
2025-11-27,26.195209445906535,26.36648062692387,26.176178709725423,26.290359497070312,495500,0.0,0.0
2025-11-28,26.280844904058643,26.632904435125653,26.19520840950271,26.499692916870117,1479600,0.0,0.0
2025-12-01,26.59484431258945,26.613873232812978,26.0144195963084,26.10957145690918,1389100,0.0,0.0
2025-12-02,26.157148789514412,26.423573659748406,26.109573762448424,26.404542922973633,1039400,0.0,0.0
2025-12-03,26.47114788993191,26.499693994234725,26.13811726588264,26.24278450012207,1307500,0.0,0.0
2025-12-04,26.31890645630743,26.64242172241211,26.280846797579734,26.64242172241211,1355000,0.0,0.0
2025-12-05,26.642421509739826,26.680482983034647,25.35787582397461,25.35787582397461,1855200,0.0,0.0
2025-12-08,25.767025306136947,25.862177166078354,25.5196311962376,25.58623695373535,1207900,0.0,0.0
2025-12-09,25.567209530870343,25.567209530870343,25.100965571341085,25.291269302368164,1152800,0.0,0.0
2025-12-10,25.38641973220612,25.652842762731982,25.24369284944287,25.491086959838867,902700,0.0,0.0
2025-12-11,25.462542410727316,25.871694163848264,25.310300151175923,25.719451904296875,2468800,0.0,0.0
2025-12-12,25.814601568408374,26.02393603330683,25.7194515187682,25.852663040161133,975900,0.0,0.0
2025-12-15,26.452115765959793,27.5653883671709,26.452115765959793,27.01350975036621,5201100,0.0,0.0
2025-12-16,26.889813559080363,26.9944807876643,26.566298320612546,26.585329055786133,2366700,0.0,0.0
2025-12-17,26.347453968575095,26.57581737774971,25.624302265419946,25.824119567871094,3901000,0.0,0.0
2025-12-18,25.809723837595854,26.04959116290816,25.377963750059173,25.93445587158203,2325200,0.224999,0.0
2025-12-19,25.905669196149066,26.279861610035454,25.75215426583453,25.87688446044922,2530600,0.0,0.0
2025-12-22,25.76175187129197,26.21270179748535,25.732967132582495,26.21270179748535,9658300,0.0,0.0
2025-12-23,26.289458143424337,26.730814967832504,26.289458143424337,26.64446258544922,2097100,0.0,0.0
2025-12-26,26.577302723163566,26.826763153076172,26.481355418558845,26.826763153076172,539300,0.0,0.0
2025-12-29,26.951496579480395,26.951496579480395,26.260679244995117,26.260679244995117,1032300,0.0,0.0
2025-12-30,26.299943681728976,26.667911529541016,26.27089300523329,26.667911529541016,1532500,0.250553,0.0
2026-01-02,26.66791258012196,26.774428037568985,25.95134397393249,26.04817771911621,1882000,0.0,0.0
2026-01-05,26.048176883225647,26.290260314941406,25.922294311391457,26.290260314941406,1212700,0.0,0.0
2026-01-06,26.396775053335187,26.68727440441257,26.028807238557352,26.145008087158203,1894200,0.0,0.0
2026-01-07,26.115960396585542,26.232161258460412,25.83514457139217,25.961027145385742,2491000,0.0,0.0
2026-01-08,26.06754248213915,26.06754248213915,25.767359561448533,25.95134162902832,1450400,0.0,0.0
2026-01-09,25.941663396462744,26.009446466971433,25.7092616590756,25.873878479003906,2797500,0.0,0.0
2026-01-12,25.89324656026415,26.115962899338527,25.554329348179103,25.65116310119629,1212200,0.0,0.0
2026-01-13,25.670527745241767,25.68021130430452,24.983009827386724,25.089527130126953,3006800,0.0,0.0
2026-01-14,25.17667666939221,25.38002586364746,24.953960357507896,25.38002586364746,1479700,0.0,0.0
2026-01-15,25.486543565669585,25.534961360505978,25.27351080923953,25.457494735717773,991200,0.0,0.0
2026-01-16,25.534959825619033,25.534959825619033,25.070158257878653,25.118576049804688,1245400,0.0,0.0
2026-01-19,25.10889463632059,25.176677703857422,25.002377331934092,25.176677703857422,532700,0.0,0.0
2026-01-20,25.079844146180758,25.244460960122353,24.818393586341152,25.225093841552734,904600,0.0,0.0
2026-01-21,25.438128998283435,25.80609502425903,25.350978809798406,25.786727905273438,1486600,0.0,0.0
2026-01-22,25.864192388396116,26.82284438219516,25.806092883209804,26.580760955810547,2828500,0.0,0.0
2026-01-23,26.68727866670227,27.345745937722885,26.280578402068958,27.103662490844727,2796100,0.0,0.0
2026-01-26,27.10366282548694,27.23922896638847,26.726013234718305,27.181129455566406,1822200,0.0,0.0
2026-01-27,27.307012580979336,27.800861169830718,27.258594785145824,27.752445220947266,1988000,0.0,0.0
2026-01-28,27.79117818891587,27.90737719971156,27.181126917913584,27.461944580078125,3241500,0.0,0.0
2026-01-29,27.481310780334653,27.60719520106392,26.997143909422167,27.248910903930664,2190300,0.0,0.0
2026-01-30,27.308073577789987,27.39600669842665,26.98565275663641,27.22014045715332,2881700,0.250553,0.0
2026-02-02,27.26899428339267,27.982228015135863,27.220143372714343,27.943147659301758,3611600,0.0,0.0
2026-02-03,28.10924266551373,28.57821810511667,28.011538983044098,28.431663513183594,2018100,0.0,0.0
2026-02-04,28.304645825758925,28.55867463375148,27.640264939712146,27.669574737548828,1505700,0.0,0.0
2026-02-05,27.84544219036741,28.48051330621112,27.698887604179276,28.44143295288086,2242300,0.0,0.0
2026-02-06,28.441432115859534,28.568445589873246,28.177632750358807,28.265565872192383,1554300,0.0,0.0
2026-02-09,28.324188979667685,28.79316441436226,28.24602640721859,28.78339385986328,1282700,0.0,0.0
2026-02-10,28.773624054861827,28.93971974782817,28.656379268956258,28.793163299560547,1600800,0.0,0.0
2026-02-11,29.04719217195699,29.574790914233176,28.8420161256558,29.408695220947266,3735300,0.0,0.0
2026-02-12,29.408692684771886,29.760423285747134,29.16443444297734,29.613868713378906,2035000,0.0,0.0
2026-02-13,29.09604369962893,29.31099029088677,28.627066438682384,28.920177459716797,2005200,0.0,0.0
2026-02-18,28.920179006751617,29.183978380731308,28.587987616601495,28.773624420166016,2324600,0.0,0.0
2026-02-19,28.969031275797963,29.027652740478516,28.656380979444666,29.027652740478516,1567600,0.0,0.0
2026-02-20,29.01788293506106,29.07650439749061,28.63683877041226,29.03742218017578,2009400,0.0,0.0
2026-02-23,29.037422686208522,29.0471932407075,28.529366897060765,28.78339385986328,2044100,0.0,0.0
2026-02-24,28.871326306440658,29.555250196910194,28.715001165226365,29.271909713745117,4559000,0.0,0.0
2026-02-25,29.271907891195323,29.340301766818026,27.972454071044922,27.972454071044922,9070000,0.0,0.0
2026-02-26,27.991996312387755,28.61729872718703,27.816130066461163,28.412120819091797,3619500,0.0,0.0
2026-02-27,28.432377080531683,28.481652544762092,27.85091757986822,28.04802131652832,2130900,0.250553,0.0
2026-03-02,27.772075410639328,28.304257561611667,27.515838863971737,28.156429290771484,1452500,0.0,0.0
2026-03-03,27.446854323612694,27.614393543186548,26.914670256823307,27.505985260009766,2679600,0.0,0.0
2026-03-04,27.69323425799697,28.107154554911087,27.624247855134364,28.02831268310547,1452100,0.0,0.0
2026-03-05,27.88048334496917,27.9888897397303,27.23003557771026,27.427141189575195,1734800,0.0,0.0
2026-03-06,27.318733601516207,27.48627281188965,26.885104252098987,27.48627281188965,1732700,0.0,0.0
2026-03-09,27.614390900205333,27.969178364369537,27.230035151064715,27.82135009765625,2162800,0.0,0.0
2026-03-10,28.067730967342456,28.491506707354326,27.712943505724223,28.018455505371094,1560500,0.0,0.0
2026-03-11,27.821350194842438,28.166284071537298,27.772074732345345,27.91004753112793,1057900,0.0,0.0
2026-03-12,27.722797228601305,27.722797228601305,27.072351352789376,27.358154296875,5033900,0.0,0.0
2026-03-13,27.3990782094578,27.914173411548113,27.329738834052623,27.41888999938965,4306900,0.141311,0.0
2026-03-16,27.438700319858192,28.19152940338822,27.438700319858192,27.94388771057129,1882800,0.0,0.0
2026-03-17,27.81511383376262,28.300491307024753,27.81511383376262,27.953792572021484,1726700,0.0,0.0
2026-03-18,27.82502120544698,28.181625853456683,27.775493621826172,27.775493621826172,1692600,0.0,0.0
2026-03-19,27.38917009805677,28.003322310750512,27.092000830552262,27.805208206176758,3171800,0.0,0.0
2026-03-20,27.607096056958355,27.676435426918097,26.84435920868891,26.9830379486084,6281900,0.0,0.0
2026-03-23,27.48822664383765,28.310396950763774,27.408981381339565,28.102378845214844,2087400,0.0,0.0
2026-03-24,28.1023793193612,28.151906900749605,27.537754689010367,28.042943954467773,1508200,0.0,0.0
2026-03-25,28.310398385981447,28.577851868979767,28.08256848091896,28.508512496948242,8151800,0.0,0.0
2026-03-26,28.340116659986226,28.775964690225507,28.042945487343562,28.32030487060547,5085300,0.0,0.0
2026-03-27,28.300492403986656,28.300492403986656,27.706151962280273,27.706151962280273,1548000,0.0,0.0
2026-03-30,27.993417739868164,28.231153542981048,27.815115415194445,27.993417739868164,1055300,0.0,0.0
2026-03-31,28.369832187351324,28.815587997436523,28.201435757914272,28.815587997436523,2184900,0.0,0.0
2026-04-01,28.875021690939782,29.162286968326658,28.409455977545715,28.558040618896484,2750800,0.0,0.0
2026-04-02,28.042945432148016,28.81558821227072,27.844833206799066,28.558040618896484,3111700,0.0,0.0
2026-04-06,28.62902600123255,28.887842178344727,28.479709487153887,28.887842178344727,1478800,0.141311,0.0
2026-04-07,28.678798024351536,28.947568893432617,28.449845905650996,28.947568893432617,1586700,0.0,0.0
2026-04-08,29.763834037022676,30.082376442713656,29.57469877164522,29.923105239868164,3285900,0.0,0.0
2026-04-09,29.923104676792953,30.70950788737418,29.883287826162086,30.510417938232422,3398600,0.0,0.0
2026-04-10,30.669690598849783,31.147506119815418,30.281467268061355,30.60996437072754,3960100,0.0,0.0
2026-04-13,31.05791421459393,32.04340357272587,30.58009871845463,30.918550491333008,9293900,0.0,0.0
2026-04-14,30.84886993943189,31.525773493096704,30.819005877242272,31.386411666870117,5596300,0.0,0.0
2026-04-15,31.306776124589874,31.72486350270974,31.266957374929653,31.62531852722168,3905300,0.0,0.0
2026-04-16,31.754726284550888,31.754726284550888,31.077822716447873,31.197277069091797,2843300,0.0,0.0
2026-04-17,31.75472596922181,31.794544719261886,30.858824978607636,30.888689041137695,3745600,0.0,0.0
2026-04-20,30.829999923706055,31.030000686645508,30.6200008392334,30.829999923706055,2972700,0.141311,0.0
2026-04-22,30.690000534057617,30.860000610351562,30.309999465942383,30.469999313354492,2073700,0.0,0.0
2026-04-23,30.479999542236328,30.5,29.860000610351562,30.020000457763672,2001400,0.0,0.0
2026-04-24,29.899999618530273,29.989999771118164,29.290000915527344,29.489999771118164,2966000,0.0,0.0
2026-04-27,29.350000381469727,29.530000686645508,28.889999389648438,29.209999084472656,3863800,0.0,0.0
2026-04-28,28.8799991607666,29.170000076293945,28.540000915527344,29.170000076293945,4305300,0.0,0.0
2026-04-29,29.170000076293945,29.170000076293945,28.579999923706055,28.729999542236328,1386800,0.0,0.0
2026-04-30,28.989999771118164,29.719999313354492,28.84000015258789,29.510000228881836,5035200,0.0,0.0
2026-05-04,29.510000228881836,29.719999313354492,29.1299991607666,29.31999969482422,3825400,0.0,0.0
2026-05-05,29.770000457763672,29.959999084472656,29.270000457763672,29.270000457763672,3878000,0.0,0.0
2026-05-06,29.399999618530273,30.610000610351562,29.260000228881836,30.510000228881836,3043900,0.0,0.0
2026-05-07,30.43000030517578,30.670000076293945,29.56999969482422,29.81999969482422,3227200,0.0,0.0
2026-05-08,29.899999618530273,30.729999542236328,29.899999618530273,30.3700008392334,2030200,0.0,0.0
2026-05-11,30.25,30.450000762939453,29.700000762939453,30.079999923706055,1701400,0.0,0.0
2026-05-12,29.969999313354492,30.1200008392334,29.510000228881836,29.739999771118164,1503100,0.0,0.0
2026-05-13,29.709999084472656,29.729999542236328,28.760000228881836,28.809999465942383,2469400,0.0,0.0
2026-05-14,28.979999542236328,29.209999084472656,28.6299991607666,28.889999389648438,2099400,0.0,0.0
2026-05-15,28.5,28.610000610351562,28.170000076293945,28.540000915527344,2738900,0.0,0.0
2026-05-18,28.540000915527344,28.549999237060547,28.15999984741211,28.34000015258789,2330700,0.0,0.0
2026-05-19,28.020000457763672,28.190000534057617,27.690000534057617,27.940000534057617,1548900,0.0,0.0
2026-05-20,28.010000228881836,28.940000534057617,27.969999313354492,28.639999389648438,2221400,0.0,0.0
2026-05-21,28.56999969482422,28.760000228881836,28.170000076293945,28.40999984741211,2796000,0.0,0.0
2026-05-22,28.170000076293945,28.350000381469727,27.899999618530273,28.200000762939453,1569000,0.0,0.0
2026-05-25,28.229999542236328,28.440000534057617,27.850000381469727,28.100000381469727,2045800,0.0,0.0
2026-05-26,28.079999923706055,28.09000015258789,27.520000457763672,27.780000686645508,2737100,0.0,0.0
2026-05-27,27.790000915527344,27.920000076293945,27.09000015258789,27.3799991607666,4269400,0.0,0.0
2026-05-28,27.3799991607666,27.5,26.969999313354492,27.09000015258789,1828200,0.0,0.0
2026-05-29,27.079999923706055,27.239999771118164,26.56999969482422,27.030000686645508,4754000,0.0,0.0
2026-06-01,27.15999984741211,27.190000534057617,26.59000015258789,26.860000610351562,3047000,0.0,0.0
2026-06-02,27.290000915527344,27.600000381469727,26.93000030517578,27.5,4321800,0.0,0.0
2026-06-03,26.920000076293945,27.239999771118164,26.899999618530273,27.18000030517578,2283400,0.0,0.0
2026-06-05,27.200000762939453,27.200000762939453,26.670000076293945,26.950000762939453,1977400,0.0,0.0
2026-06-08,26.860000610351562,27.030000686645508,26.670000076293945,26.790000915527344,1263600,0.0,0.0
2026-06-09,26.8700008392334,27.360000610351562,26.809999465942383,27.360000610351562,2590300,0.0,0.0
2026-06-10,27.239999771118164,27.239999771118164,26.649999618530273,26.8700008392334,5084700,0.0,0.0
2026-06-11,26.860000610351562,27.420000076293945,26.709999084472656,27.40999984741211,2418300,0.0,0.0
2026-06-12,27.110000610351562,27.540000915527344,27.110000610351562,27.329999923706055,1814300,0.0,0.0
2026-06-15,27.639999389648438,27.8799991607666,27.40999984741211,27.6200008392334,2097600,0.0,0.0
2026-06-16,27.510000228881836,27.700000762939453,27.15999984741211,27.700000762939453,2381000,0.0,0.0
2026-06-17,27.700000762939453,27.979999542236328,27.030000686645508,27.110000610351562,2317100,0.0,0.0
2026-06-18,27.030000686645508,27.899999618530273,27.020000457763672,27.899999618530273,2753700,0.0,0.0
2026-06-19,27.829999923706055,27.959999084472656,27.5,27.649999618530273,1072500,0.0,0.0
2026-06-22,27.709999084472656,28.020000457763672,27.649999618530273,27.989999771118164,2488200,0.0,0.0
2026-06-23,27.799999237060547,28.040000915527344,27.719999313354492,27.850000381469727,2230500,0.0,0.0
2026-06-24,27.719999313354492,27.920000076293945,27.309999465942383,27.829999923706055,2481300,0.0,0.0
2026-06-25,27.979999542236328,28.229999542236328,27.809999465942383,28.049999237060547,1932200,0.0,0.0
2026-06-26,28.049999237060547,28.350000381469727,27.829999923706055,28.200000762939453,1995200,0.0,0.0
2026-06-29,28.200000762939453,28.280000686645508,27.899999618530273,28.25,1706700,0.0,0.0
2026-06-30,27.770000457763672,28.229999542236328,27.670000076293945,28.110000610351562,1628200,0.0,0.0
2026-07-01,27.799999237060547,28.420000076293945,27.639999389648438,28.420000076293945,2587100,0.0,0.0
2026-07-02,28.5,29.079999923706055,28.5,28.889999389648438,3563600,0.0,0.0
2026-07-03,28.450000762939453,28.6299991607666,27.5,27.649999618530273,6532600,0.0,0.0
2026-07-06,27.3700008392334,27.770000457763672,27.270000457763672,27.579999923706055,2625200,0.0,0.0
2026-07-07,27.59000015258789,28.270000457763672,27.489999771118164,28.260000228881836,2537400,0.0,0.0
2026-07-08,28.1200008392334,28.899999618530273,27.940000534057617,28.790000915527344,2115600,0.0,0.0
2026-07-09,28.790000915527344,29.420000076293945,28.760000228881836,29.329999923706055,1617400,0.0,0.0
2026-07-10,29.75,30.290000915527344,29.75,30.0,2157400,0.0,0.0
2026-07-13,29.959999084472656,29.959999084472656,29.15999984741211,29.200000762939453,1723000,0.0,0.0
2026-07-14,29.290000915527344,29.290000915527344,28.809999465942383,29.25,4589100,0.0,0.0
2026-07-15,28.649999618530273,29.09000015258789,27.75,27.780000686645508,7998000,0.0,0.0
2026-07-16,27.780000686645508,28.0,27.270000457763672,28.0,5148800,0.0,0.0
2026-07-17,27.84000015258789,28.469999313354492,27.81999969482422,28.010000228881836,3157300,0.0,0.0
2026-07-20,28.020000457763672,28.260000228881836,27.8700008392334,28.110000610351562,1457100,0.0,0.0
2026-07-21,28.06999969482422,28.43000030517578,27.8799991607666,28.43000030517578,2701600,0.0,0.0
2026-07-22,28.579999923706055,28.84000015258789,27.799999237060547,28.530000686645508,4444700,0.0,0.0
2026-07-23,28.15999984741211,28.729999542236328,27.93000030517578,28.5,3970300,0.0,0.0
2026-07-24,27.549999237060547,27.81999969482422,26.459999084472656,26.459999084472656,11054100,0.0,0.0
2026-07-27,26.440000534057617,26.8799991607666,26.079999923706055,26.68000030517578,4919600,0.0,0.0
2026-07-28,26.920000076293945,27.1299991607666,26.75,26.84000015258789,4623700,0.0,0.0
2026-07-29,26.809999465942383,26.93000030517578,26.290000915527344,26.290000915527344,3375400,0.0,0.0
2026-07-30,26.459999084472656,26.860000610351562,26.270000457763672,26.760000228881836,1991300,0.0,0.0
2026-07-31,26.8700008392334,27.020000457763672,26.65999984741211,26.889999389648438,1965400,0.0,0.0
2026-08-03,27.059999465942383,27.200000762939453,26.549999237060547,26.84000015258789,2331000,0.0,0.0
2026-08-04,27.010000228881836,27.18000030517578,26.5,26.610000610351562,3996200,0.0,0.0
2026-08-05,26.770000457763672,26.979999542236328,26.579999923706055,26.709999084472656,2778600,0.0,0.0
2026-08-06,26.610000610351562,26.81999969482422,26.5,26.649999618530273,2690700,0.0,0.0
2026-08-07,26.649999618530273,26.850000381469727,26.190000534057617,26.270000457763672,3441900,0.0,0.0
2026-08-11,25.8799991607666,26.149999618530273,25.25,25.3700008392334,3439900,0.0,0.0
2026-08-12,25.469999313354492,25.649999618530273,25.219999313354492,25.559999465942383,4376400,0.0,0.0
2026-08-13,25.5,25.8799991607666,25.5,25.829999923706055,2927200,0.0,0.0
2026-08-14,25.739999771118164,25.93000030517578,25.1200008392334,25.549999237060547,4301700,0.0,0.0
2026-08-17,25.489999771118164,25.780000686645508,25.43000030517578,25.600000381469727,3492000,0.0,0.0
2026-08-18,25.59000015258789,25.850000381469727,25.329999923706055,25.329999923706055,2733300,0.0,0.0
2026-08-19,25.700000762939453,25.799999237060547,25.43000030517578,25.530000686645508,2098100,0.0,0.0
2026-08-20,25.399999618530273,25.969999313354492,25.25,25.5,3662600,0.0,0.0
2026-08-21,25.600000381469727,26.309999465942383,25.600000381469727,26.020000457763672,1855900,0.0,0.0
2026-08-24,25.950000762939453,26.389999389648438,25.729999542236328,26.079999923706055,2035800,0.0,0.0
2026-08-25,26.079999923706055,26.639999389648438,26.06999969482422,26.459999084472656,2160700,0.0,0.0
2026-08-26,26.479999542236328,26.950000762939453,26.399999618530273,26.75,2344500,0.0,0.0
2026-08-27,26.600000381469727,26.90999984741211,26.600000381469727,26.649999618530273,1595400,0.0,0.0
2026-08-28,26.760000228881836,26.799999237060547,26.31999969482422,26.700000762939453,2060500,0.0,0.0
2026-08-31,26.93000030517578,27.290000915527344,26.6299991607666,26.6299991607666,12488200,0.0,0.0
2026-09-01,26.899999618530273,27.149999618530273,26.610000610351562,26.959999084472656,2358300,0.0,0.0
2026-09-02,27.030000686645508,27.670000076293945,26.989999771118164,27.639999389648438,5018200,0.0,0.0
2026-09-03,27.850000381469727,28.25,27.639999389648438,27.639999389648438,4258800,0.0,0.0
2026-09-04,27.670000076293945,27.899999618530273,27.350000381469727,27.700000762939453,2635200,0.0,0.0
2026-09-08,28.110000610351562,28.280000686645508,27.75,27.899999618530273,3408100,0.0,0.0
2026-09-09,27.6200008392334,27.860000610351562,27.40999984741211,27.690000534057617,5578300,0.0,0.0
2026-09-10,27.549999237060547,28.139999389648438,27.389999389648438,28.079999923706055,2682900,0.0,0.0
2026-09-11,28.079999923706055,28.229999542236328,27.68000030517578,27.719999313354492,1690900,0.0,0.0
2026-09-14,27.110000610351562,27.459999084472656,26.809999465942383,27.280000686645508,2131100,0.0,0.0
2026-09-15,27.299999237060547,27.540000915527344,27.149999618530273,27.389999389648438,2577000,0.0,0.0
2026-09-16,27.350000381469727,27.56999969482422,27.059999465942383,27.350000381469727,4064500,0.0,0.0
2026-09-17,27.420000076293945,27.510000228881836,26.90999984741211,27.280000686645508,2902100,0.0,0.0
2026-09-18,27.100000381469727,27.389999389648438,26.969999313354492,27.389999389648438,4541100,0.0,0.0
2026-09-21,27.65999984741211,27.719999313354492,27.299999237060547,27.3700008392334,1328500,0.0,0.0
2026-09-22,27.260000228881836,27.549999237060547,27.1200008392334,27.399999618530273,2747300,0.0,0.0
2026-09-23,27.209999084472656,27.40999984741211,26.959999084472656,27.079999923706055,2100300,0.0,0.0
2026-09-24,27.09000015258789,27.260000228881836,26.90999984741211,26.979999542236328,2059100,0.0,0.0
2026-09-25,26.899999618530273,27.059999465942383,26.809999465942383,26.90999984741211,957900,0.0,0.0
2026-09-28,26.799999237060547,26.940000534057617,26.579999923706055,26.84000015258789,920600,0.0,0.0
