Date,Open,High,Low,Close,Volume,Dividends,Stock splits
2020-09-16,15.661139312784611,15.778305144799363,15.120875608574591,15.192477226257324,12655500,0.0,0.0
2020-09-17,15.101350168882918,15.459355806742106,15.01022049041205,15.159933090209961,13402500,0.0,0.0
2020-09-18,15.166441294993321,15.628595317072296,14.951637662627556,15.1469144821167,15176400,0.0,0.0
2020-09-21,14.9060720064411,15.088330105415634,14.82145292856147,14.964654922485352,11097200,0.0,0.0
2020-09-22,14.95163631164097,15.023237929803791,14.64570426940918,14.64570426940918,10644000,0.0,0.0
2020-09-23,14.77588880538649,14.77588880538649,14.059876348284936,14.072895050048828,16664600,0.0,0.0
2020-09-24,14.10544066348939,14.30071622521303,13.93620126394742,14.098931312561035,11050800,0.0,0.0
2020-09-25,14.072894189248826,14.164022612958533,13.76696092416911,14.05987548828125,6516900,0.0,0.0
2020-09-28,14.170534128013268,14.216098346828126,13.356883816228379,13.421976089477539,25884600,0.0,0.0
2020-09-29,13.428482641328959,13.734415917643295,13.246225787216627,13.252735137939453,13725200,0.0,0.0
2020-09-30,13.40895506093816,13.545647693675438,13.181132764844401,13.454519271850586,14899400,0.0,0.0
2020-10-01,13.474049414571352,13.532632335276327,13.10302383626257,13.350374221801758,9969000,0.0,0.0
2020-10-02,13.285282070016766,13.43499342804854,13.070478439331055,13.070478439331055,9079600,0.0,0.0
2020-10-05,13.148589058561281,13.43499306402756,13.090006138913223,13.317827224731445,9140000,0.0,0.0
2020-10-06,13.40244825519817,13.454521826346513,13.024914553989708,13.090006828308105,12583100,0.0,0.0
2020-10-07,13.129059716708513,13.272261705391733,12.953310975007504,12.992365837097168,15141300,0.0,0.0
2020-10-08,13.037931785721458,13.142078916264282,12.829636283104081,13.096514701843262,13362000,0.0,0.0
2020-10-09,13.005383360777895,13.076984969402432,12.51719328349766,12.56275749206543,25070400,0.0,0.0
2020-10-13,12.62785344147262,12.881713200096488,12.432577850099118,12.80360221862793,23856700,0.0,0.0
2020-10-14,12.875203018391355,14.05336832568186,12.70596360405999,13.981766700744629,51021500,0.0,0.0
2020-10-15,13.806016799595485,14.925600334407433,13.69536155783842,14.580612182617188,49042000,0.0,0.0
2020-10-16,14.645702398375729,15.264076996253113,14.600138189559168,15.101346969604492,28220100,0.0,0.0
2020-10-19,15.17294983835052,15.192477891718925,14.268171138321454,14.411373138427734,32906200,0.0,0.0
2020-10-20,14.548065615940095,14.821452128885753,14.365807526799102,14.554574966430664,22089200,0.0,0.0
2020-10-21,14.587122324655926,14.665233298903036,14.326754479718586,14.378828048706055,13399100,0.0,0.0
2020-10-22,14.430900653683844,14.626176213959141,14.17704217701961,14.33977222442627,12620400,0.0,0.0
2020-10-23,14.320244831935716,14.36580904866497,13.77347174812108,13.86460018157959,21845000,0.0,0.0
2020-10-26,13.792999449393403,14.177042468491358,13.597722643571593,13.727907180786133,17676300,0.0,0.0
2020-10-27,13.727906574976615,13.773470788531437,13.246225794990101,13.291790008544922,17518800,0.0,0.0
2020-10-28,13.103022220481378,13.233206748557091,12.959820232823432,13.00538444519043,14382300,0.0,0.0
2020-10-29,13.005385319885706,13.161606019164399,12.692943921328323,12.790581703186035,22164600,0.0,0.0
2020-10-30,12.686434645878643,12.875202101255148,12.497668432033903,12.660398483276367,21641600,0.0,0.0
2020-11-03,13.011893219850908,13.018402570119763,12.387010492420336,12.43908405303955,20522900,0.0,0.0
2020-11-04,12.595306834044527,12.745018190584371,12.452103587326569,12.679925918579102,14065800,0.0,0.0
2020-11-05,12.88171187935764,13.063968748211256,12.562759875800205,13.011895179748535,14088300,0.0,0.0
2020-11-06,12.946803576501258,13.109533641531316,12.784073511471199,13.090006828308105,13011300,0.0,0.0
2020-11-09,13.298300060129186,13.389428492041555,13.096515143095328,13.181134223937988,19045200,0.0,0.0
2020-11-10,13.343863820958445,13.74092553194541,13.044441131155095,13.630269050598145,31841600,0.0,0.0
2020-11-11,13.740925882813938,13.988275013683452,13.604231994585495,13.727907180786133,21033500,0.0,0.0
2020-11-12,14.092425285358205,14.313738302992359,13.636781786694737,13.66281795501709,39111100,0.0,0.0
2020-11-13,13.799508188144522,13.962238231676737,13.565176528167987,13.786489486694336,13884000,0.0,0.0
2020-11-16,13.92969070165798,14.059875225840395,13.643285493375652,13.760451316833496,14030300,0.0,0.0
2020-11-17,13.708378426784511,14.04685721300924,13.708378426784511,13.799508094787598,14903200,0.0,0.0
2020-11-18,13.890637658184268,14.469956259365832,13.845073441219219,14.0794038772583,21503400,0.0,0.0
2020-11-19,14.31373369684759,14.391844659742691,13.981764277223775,14.216095924377441,13694600,0.0,0.0
2020-11-23,14.450427506104381,14.886544046592649,14.417880754407268,14.535046577453613,22906200,0.0,0.0
2020-11-24,14.632686430661678,14.801925838962383,14.50250312995239,14.697778701782227,14509600,0.0,0.0
2020-11-25,14.723815923002249,15.029747979457625,14.704287869450368,14.762870788574219,16665100,0.0,0.0
2020-11-26,14.788905314373768,15.029746315387586,14.782395963910513,14.912580490112305,11930400,0.0,0.0
2020-11-27,14.971165137866501,15.257570383785025,14.912582218439262,15.016729354858398,13773300,0.0,0.0
2020-11-30,15.088330887094141,15.342189375416355,15.016729265656885,15.068802833557129,27337800,0.0,0.0
2020-12-01,15.296625661512602,15.583030915144304,15.107858195711849,15.290116310119629,21028000,0.0,0.0
2020-12-02,15.3942610955849,15.537464321271116,15.172948148189514,15.283604621887207,12593200,0.0,0.0
2020-12-03,15.283604779515775,15.387751903889892,14.873525632484144,15.140402793884277,22697900,0.0,0.0
2020-12-04,15.1534219366455,15.355206840812382,14.893052876586916,14.958145141601562,14110000,0.0,0.0
2020-12-07,14.958145651512604,15.062292782473651,14.69126847323345,14.873526573181152,25492800,0.0,0.0
2020-12-08,14.840979220476108,15.283605129981721,14.814943059551375,14.971163749694824,17812300,0.0,0.0
2020-12-09,15.02323871941021,15.153423260815577,14.691269256205144,14.710797309875488,19314700,0.0,0.0
2020-12-10,14.749849630202947,14.77588703060329,14.352787964818818,14.502500534057617,13877500,0.0,0.0
2020-12-11,14.38533694563299,14.63919543123682,14.157514622934583,14.56108570098877,12091400,0.0,0.0
2020-12-14,14.62617446136449,14.697776070933848,14.41788022428809,14.502500534057617,9818100,0.0,0.0
2020-12-15,14.502502446908116,14.893053572173471,14.391845963674466,14.847489356994629,12696700,0.0,0.0
2020-12-16,14.808435484477098,15.478883779736751,14.808435484477098,15.329171180725098,25976100,0.0,0.0
2020-12-17,15.309645652770998,15.43982896699132,15.17946109701874,15.309645652770996,9097900,0.0,0.0
2020-12-18,15.270588927088133,15.719724260688338,15.264080816940957,15.407282829284668,15060800,0.0,0.0
2020-12-21,15.062292443542717,15.40077123231556,14.997201419305537,15.120875358581543,11565000,0.0,0.0
2020-12-22,15.185968045532393,15.804342725189837,15.15993188342175,15.661139488220215,18762500,0.0,0.0
2020-12-23,15.752268352519463,15.849906128113378,15.400770870543365,15.4788818359375,8374800,0.0,0.0
2020-12-28,15.556992955374723,15.615575874292718,15.400772252104,15.524447441101074,5950600,0.0,0.0
2020-12-29,15.583028280634128,15.882450944898718,15.498407968363443,15.628592491149902,8819500,0.0,0.0
2020-12-30,15.680667984134162,15.73274155135894,15.316153013560713,15.400772094726562,11094800,0.0,0.0
2021-01-04,15.556990681480922,15.732739412546524,15.159930250945418,15.23803997039795,10914500,0.0,0.0
2021-01-05,15.159930776133459,15.45935344696045,14.840978812469372,15.45935344696045,17855900,0.0,0.0
2021-01-06,15.459355001806877,15.680667972734232,15.264079435238868,15.322662353515625,14518700,0.0,0.0
2021-01-07,15.368225886319374,15.869433482634662,15.361716535518951,15.511427879333496,16820400,0.0,0.0
2021-01-08,15.563503143600114,16.0191478171282,15.550484440577744,15.882453918457031,19156200,0.0,0.0
2021-01-11,15.745760921576466,16.04518363543928,15.674159298030213,15.784815788269043,13802500,0.0,0.0
2021-01-12,15.901976544113813,16.17536300659115,15.778301390687261,16.03215980529785,13456200,0.0,0.0
2021-01-13,16.155837827103376,16.364132075204463,15.908488717866245,16.181875228881836,12275200,0.0,0.0
2021-01-14,16.266494839216808,16.338096454942406,15.921506703440015,15.98659896850586,11789900,0.0,0.0
2021-01-15,15.986599045815515,16.110274225885533,15.745759277898411,15.89547061920166,13193800,0.0,0.0
2021-01-18,15.960564550683388,16.03216493269781,15.752270272947198,15.784815788269043,9924500,0.0,0.0
2021-01-19,15.91500206099726,16.077732138342704,15.583032554228717,15.928019523620605,11480100,0.0,0.0
2021-01-20,15.954056455302634,16.338099525687127,15.869436122353143,16.11027717590332,11555100,0.0,0.0
2021-01-21,16.116787009276663,16.24046221568815,15.836891077597384,15.928019523620605,12178400,0.0,0.0
2021-01-22,15.76528454447179,16.032161689017286,15.693684176943792,15.954051971435547,8024000,0.0,0.0
2021-01-26,15.954053014858154,16.21442082637841,15.511427114507883,15.713212013244629,20716200,0.0,0.0
2021-01-27,15.72623236096762,15.86943436191617,15.42030030558726,15.524447441101074,11882700,0.0,0.0
2021-01-28,15.556993037826244,15.908490553197137,15.459355252956039,15.817360877990723,6816700,0.0,0.0
2021-01-29,15.66764856586947,16.175366754255094,15.66764856586947,15.739250183105469,10929100,0.0,0.0
2021-02-01,15.856414630598138,15.93452435028284,15.478881008037783,15.771794319152832,13019300,0.0,0.0
2021-02-02,15.954053355375256,16.188385011510803,15.739249751094901,15.960562705993652,12505600,0.0,0.0
2021-02-03,16.012638341922543,16.468281770399017,16.012638341922543,16.162349700927734,16705100,0.0,0.0
2021-02-04,16.19489716702772,16.598468315482148,16.064713846727447,16.33810043334961,15451100,0.0,0.0
2021-02-05,16.43573588734524,16.657048865942926,16.318570046730954,16.370643615722656,8269600,0.0,0.0
2021-02-08,16.455262791203555,16.761194832456187,16.286023393426017,16.663557052612305,16404400,0.0,0.0
2021-02-09,16.62450029749382,16.774211625656175,16.422714168372472,16.70261001586914,11704000,0.0,0.0
2021-02-10,16.709123799486093,16.787234780118492,16.390173008173306,16.565921783447266,11471500,0.0,0.0
2021-02-11,16.565921106393844,17.23636817932129,16.565921106393844,17.23636817932129,20939900,0.0,0.0
2021-02-12,17.203821688585084,17.57484601696481,16.943453847751226,17.464189529418945,17903500,0.0,0.0
2021-02-17,17.444661024905002,18.147654797752654,17.242876108665595,17.99143409729004,21486000,0.0,0.0
2021-02-18,17.971904558339947,18.07605167617671,17.548805495405073,17.620407104492188,11551400,0.0,0.0
2021-02-19,17.581356170271903,17.887288242017416,17.203822473456054,17.262405395507812,13562700,0.0,0.0
2021-02-22,16.917415521415606,17.405605661961953,16.578936726002524,16.624502182006836,25181600,0.0,0.0
2021-02-23,16.82628604282533,17.028070940701337,16.617991794497627,16.67657470703125,16320500,0.0,0.0
2021-02-24,16.780719727203508,17.24287237754376,16.663553916826682,17.09967041015625,10863400,0.0,0.0
2021-02-25,17.15174897309858,17.626920461434477,16.74817786859416,16.845815658569336,17099800,0.0,0.0
2021-02-26,17.01505313996254,17.41211484780067,16.806758880615234,16.806758880615234,22291200,0.0,0.0
2021-03-01,17.086655849826897,17.83521385779867,17.05411033529709,17.464189529418945,17486500,0.0,0.0
2021-03-02,17.340512521469517,17.718046161480945,17.11919956958023,17.600881576538086,18852500,0.0,0.0
2021-03-03,17.516263347485317,18.12161936201786,17.17127517750123,17.574846267700195,17704000,0.0,0.0
2021-03-04,17.796160656518015,18.206239888994272,17.718049676196298,18.102092742919922,19327600,0.0,0.0
2021-03-05,18.193220689564658,18.28434912329464,17.997943878173828,17.997943878173828,12166600,0.0,0.0
2021-03-08,17.854741793583994,18.38198682298391,17.58786460329936,17.70503044128418,20588500,0.0,0.0
2021-03-09,17.828704471581155,18.258311718496476,17.70503052338527,17.997943878173828,13624400,0.0,0.0
2021-03-10,18.10859733893593,18.232272507993255,17.29494719795907,17.477205276489258,15807900,0.0,0.0
2021-03-11,17.63342993503846,17.639939286619448,17.086656817554175,17.23636817932129,14993800,0.0,0.0
2021-03-12,17.132218884454506,17.412114759609185,16.982507541498375,17.125709533691406,8429700,0.0,0.0
2021-03-15,17.125711926857512,17.34702491760254,17.021564783157718,17.34702491760254,7621100,0.0,0.0
2021-03-16,17.366552972620706,17.509754984824948,17.18429485038013,17.34702491760254,7156600,0.0,0.0
2021-03-17,17.28843981047006,17.76361249030722,17.14523781635289,17.652956008911133,10054400,0.0,0.0
2021-03-18,17.431643142888973,17.55531708514102,17.119200507986168,17.37306022644043,10102200,0.0,0.0
2021-03-19,17.40560599064811,18.17369202492392,17.30145885802072,18.0955810546875,14677700,0.0,0.0
2021-03-22,17.95237983605079,18.323404167313456,17.737576210502308,17.8547420501709,9181100,0.0,0.0
2021-03-23,17.757100496009333,18.245290563340472,17.744081796246263,17.93284797668457,8610700,0.0,0.0
2021-03-24,18.095577365557347,18.44707479766411,17.848228286377083,17.913320541381836,12470300,0.0,0.0
2021-03-25,18.290856199155787,18.479622394333227,18.095579412056917,18.206235885620117,25753200,0.0,0.0
2021-03-26,18.35595325814278,18.83112478698067,18.29737033085789,18.68792152404785,16066400,0.0,0.0
2021-03-29,18.681409404817853,19.202145045019257,18.616317139409755,19.169599533081055,14255900,0.0,0.0
2021-03-30,19.013377877343522,19.508077363530063,19.013377877343522,19.39742088317871,12873600,0.0,0.0
2021-03-31,19.2477078228203,19.709861755371094,19.071959091785565,19.709861755371094,23660200,0.0,0.0
2021-04-01,19.774954944541008,19.963722396708516,19.49506030404879,19.820520401000977,13689200,0.0,0.0
2021-04-05,19.820517804402293,19.97022913141966,19.534112608976162,19.742406845092773,7610000,0.0,0.0
2021-04-06,19.703353377786698,20.341254831329596,19.57967820078335,20.01579475402832,13603000,0.0,0.0
2021-04-07,20.002779731150305,20.41936955094147,19.92466999349264,20.29569435119629,11122100,0.0,0.0
2021-04-08,20.36729414956103,20.653698150627637,20.354275447276606,20.588605880737305,13376800,0.0,0.0
2021-04-09,20.49096826460761,20.686245075879057,20.347766262900652,20.406349182128906,6615600,0.0,0.0
2021-04-12,20.438897362143585,21.10283513076589,20.438897362143585,20.99217987060547,10466200,0.0,0.0
2021-04-13,21.057264563019285,21.200467781784155,20.809915467519673,21.050756454467773,11018300,0.0,0.0
2021-04-14,21.141885791503668,21.779787228994262,21.09632158047315,21.675640106201172,17182400,0.0,0.0
2021-04-15,21.753751813820397,22.48929233243038,21.714698191121627,22.463254928588867,13324600,0.0,0.0
2021-04-16,22.437222158118306,22.57391481679116,21.721208382237368,21.74724578857422,11242600,0.0,0.0
2021-04-19,21.883936409122835,22.840789896845322,21.883936409122835,22.560894012451172,17726300,0.0,0.0
2021-04-20,22.57391468651735,23.237853645893008,22.57391468651735,22.814754486083984,12485000,0.0,0.0
2021-04-22,23.049085419642534,23.276906508643506,22.8147537377766,22.997013092041016,9452100,0.0,0.0
2021-04-23,23.270395701272147,23.511235465020583,22.736641369146778,22.78220558166504,12705700,0.0,0.0
2021-04-26,22.912389354590186,23.10766489938075,22.81475034066327,23.02304458618164,15681900,0.0,0.0
2021-04-27,23.146719111636212,23.192283318931587,21.87091385817651,21.92949676513672,18536400,0.0,0.0
2021-04-28,22.05317581718298,22.131285541483415,20.42587416818928,20.582096099853516,32725700,0.0,0.0
2021-04-29,20.70092081203348,20.8959580560216,20.351197353350866,20.714370727539062,18866700,1.016679,0.0
2021-04-30,20.546235003277587,20.61348971324177,20.095630114127555,20.257041931152344,18828700,0.0,0.0
2021-05-03,20.17633419005825,20.331019110982268,19.739180539162344,20.00147247314453,12429400,0.0,0.0
2021-05-04,20.0687294276762,20.647118149811817,19.91404448940451,20.485706329345703,13950900,0.0,0.0
2021-05-05,20.58658865205564,20.88250732421875,20.20323847188037,20.88250732421875,9913400,0.0,0.0
2021-05-06,20.842152750938894,20.95648536094078,20.411724705179697,20.606761932373047,8066100,0.0,0.0
2021-05-07,20.31084680577074,20.969940185546875,20.041827947858295,20.969940185546875,7438200,0.0,0.0
2021-05-10,21.1111725000334,21.24568191986937,20.694195607540305,21.212055206298828,8463800,0.0,0.0
2021-05-11,20.9295863152,21.45417022705078,20.92286071597411,21.45417022705078,9516700,0.0,0.0
2021-05-12,21.259132941276153,21.333111967070334,20.88923268119771,21.037193298339844,9583200,0.0,0.0
2021-05-13,21.28603353074479,21.494521970115866,20.526058797231403,20.58658790588379,17766200,0.0,0.0
2021-05-14,20.842155574753125,20.909410286709242,20.418453070150374,20.660568237304688,7495200,0.0,0.0
2021-05-17,20.579863438413756,20.727822777267946,20.364649388161506,20.485706329345703,34071700,0.0,0.0
2021-05-18,20.5126079287064,20.56641143917554,19.786259895984596,19.907318115234375,20788800,0.0,0.0
2021-05-19,19.840063996046702,20.270492092590967,19.510517324282887,20.10235595703125,18072600,0.0,0.0
2021-05-20,20.162885832312682,20.472257000506882,19.927494977056064,20.33774757385254,16624700,0.0,0.0
2021-05-21,20.45208005216657,20.694196505263676,20.156160085356433,20.236865997314453,10952600,0.0,0.0
2021-05-24,20.290666838829384,20.438626161360336,19.934217805687855,20.2099609375,7828800,0.0,0.0
2021-05-25,20.364648506054685,20.600038061586467,20.223413489958745,20.431901931762695,11183300,0.0,0.0
2021-05-26,20.566410769629982,20.88923182193528,20.41845144135093,20.44535255432129,8890400,0.0,0.0
2021-05-27,20.52606007225885,20.660568213237465,20.209963311266396,20.24359130859375,14383600,0.0,0.0
2021-05-28,20.324295358339626,20.398275667577913,20.014925488392056,20.257041931152344,7436200,0.0,0.0
2021-05-31,20.34446907043457,20.425174966705978,20.189784158922468,20.34446907043457,6626800,0.0,0.0
2021-06-01,20.45207763952238,20.84215338862051,19.98802158675462,20.74127197265625,18737200,0.0,0.0
2021-06-02,20.855604681377088,20.976662894197638,20.324293921281736,20.4251766204834,12978100,0.0,0.0
2021-06-04,20.458802920030138,20.499155229232755,19.947668966615446,20.00147247314453,12400500,0.0,0.0
2021-06-07,19.988022894149147,20.15615902601278,19.739182137346024,20.00819969177246,9817200,0.0,0.0
2021-06-08,20.176337122177486,20.243591835806804,19.597948380853104,19.665203094482422,12821300,0.0,0.0
2021-06-09,19.752630402719678,20.00819672078187,19.67865010519631,19.853511810302734,9718500,0.0,0.0
2021-06-10,19.97457158579619,20.021649494191227,19.60467135182112,19.712278366088867,13111300,0.0,0.0
2021-06-11,19.914042770424416,20.135982400936335,19.54414253105334,19.70555305480957,12267000,0.0,0.0
2021-06-14,19.826611896992365,19.90731780281795,19.63157465564389,19.840063095092773,7998600,0.0,0.0
2021-06-15,19.873687786348714,19.873687786348714,19.409633044072255,19.483612060546875,10186300,0.0,0.0
2021-06-16,19.50378836505352,19.591218576061326,19.106987050866504,19.315475463867188,16102100,0.0,0.0
2021-06-17,19.28185150201958,19.3827329237902,18.85142341831727,18.95230484008789,9086000,0.0,0.0
2021-06-18,19.026283965495676,19.033008281455828,18.656383731624242,18.90522575378418,12430900,0.0,0.0
2021-06-21,18.93212833029429,18.9590307273229,18.555503751332004,18.945579528808594,8880700,0.0,0.0
2021-06-22,18.84469652262619,19.08681166166251,18.730363910411864,19.012832641601562,8884000,0.0,0.0
2021-06-23,19.100263752569973,19.53069310957091,19.066637040312532,19.20114517211914,11390300,0.0,0.0
2021-06-24,19.402908361465812,19.685377092293777,19.30875126267197,19.61139678955078,9849700,0.0,0.0
2021-06-25,19.766081636242138,19.79970962953313,19.127165157034636,19.194419860839844,11214200,0.0,0.0
2021-06-28,19.24822325140349,19.530691979462723,19.2414976527858,19.436534881591797,8190000,0.0,0.0
2021-06-29,19.523970827472716,19.58449994604082,19.214599634482738,19.362560272216797,5925200,0.0,0.0
2021-06-30,19.275124987001938,19.73918104442929,19.228047077931027,19.571044921875,12044100,0.0,0.0
2021-07-01,19.63830004857017,19.71900467077182,19.416360413350368,19.59122085571289,8779600,0.0,0.0
2021-07-02,19.712278421811664,19.967846043502593,19.56431909746946,19.860239028930664,9358500,0.0,0.0
2021-07-05,19.840062622331146,20.02164994402909,19.44998686615232,19.671926498413086,5937500,0.0,0.0
2021-07-06,19.584497996683712,19.67192822437017,19.19442220628078,19.288578033447266,7539400,0.0,0.0
2021-07-07,19.44998639469486,19.604671317083557,19.039733851790515,19.5037899017334,7239700,0.0,0.0
2021-07-08,19.221322764976932,19.759357880033786,19.10699014268024,19.510517120361328,8637800,0.0,0.0
2021-07-12,19.51724157227491,19.739181204535676,19.14061573109914,19.671926498413086,7971100,0.0,0.0
2021-07-13,19.530691762012957,19.87368830825904,19.530691762012957,19.72572898864746,6336700,0.0,0.0
2021-07-14,19.860239000965095,20.008198325098952,19.745906387796314,19.786258697509766,7699000,0.0,0.0
2021-07-15,19.84006259187848,19.880414902379364,19.38945772915864,19.463438034057617,8972100,0.0,0.0
2021-07-16,19.497066938419156,19.631576365585495,19.207872567955402,19.248226165771484,7637600,0.0,0.0
2021-07-19,19.086815499029985,19.47689132216577,18.911955028983808,19.295305252075195,11334100,0.0,0.0
2021-07-20,19.248224482037315,20.58658790588379,19.241498882989625,20.58658790588379,28985500,0.0,0.0
2021-07-21,20.573136839784503,20.64711714700693,20.283942492762506,20.478981018066406,6754500,0.0,0.0
2021-07-22,20.49915640104063,20.700920524140866,20.223413253969476,20.58658790588379,9518400,0.0,0.0
2021-07-23,20.546234156092424,20.848879697063765,20.391549227496782,20.620214462280273,7655800,0.0,0.0
2021-07-26,20.633666194167237,21.42054333827622,20.62021499582561,21.144800186157227,14168600,0.0,0.0
2021-07-27,21.00356516912388,21.353288629344956,20.848880236525783,21.144800186157227,10724900,0.0,0.0
2021-07-28,21.22550630091697,21.555052986763403,21.070821357458293,21.467622756958008,10177400,0.0,0.0
2021-07-29,21.494521387121697,21.79044260608654,21.218778247529503,21.48107147216797,9361000,0.0,0.0
2021-07-30,21.32638844650016,21.82407257458873,21.178429097713593,21.5550537109375,12138900,0.0,0.0
2021-08-02,21.857698064650155,22.45626230885503,21.776993436304995,22.328479766845703,14655900,0.0,0.0
2021-08-03,22.126716277216776,22.341930323653884,21.85769743639349,22.1199893951416,10545100,0.0,0.0
2021-08-04,21.898050152260776,22.07291059588189,21.655933718359464,21.931676864624023,6777400,0.0,0.0
2021-08-05,22.046009757114014,22.315028606131065,21.34656408488972,21.50797462463379,10016300,0.0,0.0
2021-08-06,21.7299174718272,22.146894415493133,21.622310435863277,21.92495346069336,8627500,0.0,0.0
2021-08-09,21.830795215769765,22.671475893199784,21.830795215769765,22.160343170166016,10449600,0.0,0.0
2021-08-10,22.274674766690357,22.274674766690357,21.85097354759751,21.87114906311035,7425700,0.0,0.0
2021-08-11,21.84424348469863,22.20069122314453,21.53487365263036,22.20069122314453,10695600,0.0,0.0
2021-08-12,22.22759750530863,22.32175333453494,20.64711879345802,20.902685165405273,30820900,0.0,0.0
2021-08-13,21.070819854736328,21.393640917916887,20.90940932314605,21.070819854736328,16706300,0.0,0.0
2021-08-16,20.97666451360909,21.38019149323786,20.559686335344754,21.312936782836914,16922800,0.0,0.0
2021-08-17,21.369428238421897,21.369428238421897,20.654104045007955,20.862451553344727,17531400,1.001341,0.0
2021-08-18,20.827727346101597,21.174971886032534,20.59854600273249,21.015239715576172,12791900,0.0,0.0
2021-08-19,20.904119749358237,21.994467297900655,20.827725533339983,21.813899993896484,15616600,0.0,0.0
2021-08-20,21.675000909423506,22.10558466938629,21.66805718514661,22.022245407104492,10446100,0.0,0.0
2021-08-23,22.02224466189313,22.848688233937605,21.8069534515133,22.779237747192383,16581700,0.0,0.0
2021-08-24,23.057036350137437,23.070926448663915,21.987522606987298,22.036136627197266,19104300,0.0,0.0
2021-08-25,22.02918961718712,22.15419784353344,21.584717100962514,22.070859909057617,16396100,0.0,0.0
2021-08-26,21.918072348686074,22.411160224786048,21.772230295310994,21.79306411743164,17750600,0.0,0.0
2021-08-27,21.959742668754192,21.973631441973875,21.56388282775879,21.56388282775879,10283700,0.0,0.0
2021-08-30,21.49443691690173,21.84168144657941,21.390262498292216,21.6541690826416,11316000,0.0,0.0
2021-08-31,21.647220611572266,21.793062655161645,21.07079483640142,21.647220611572266,39961300,0.0,0.0
2021-09-01,21.52915743715739,21.94585107183533,21.473598374175836,21.647220611572266,18238300,0.0,0.0
2021-09-02,21.529158774062534,21.73750494202299,20.86244997688297,20.994401931762695,12402400,0.0,0.0
2021-09-03,21.112463326027072,21.59860610961914,21.08468445747946,21.59860610961914,16715000,0.0,0.0
2021-09-06,21.306921579974905,22.293094635009766,21.147189436522712,22.293094635009766,9821400,0.0,0.0
2021-09-08,22.084749306158887,22.154198469940795,21.508323498644508,21.716670989990234,20205900,0.0,0.0
2021-09-09,21.8277900911594,22.779239305920267,21.81389999285989,22.452831268310547,14588900,0.0,0.0
2021-09-10,22.70284440825502,22.779238621975917,22.27226197095985,22.39727020263672,10414100,0.0,0.0
2021-09-13,22.62645359034402,23.195934375988156,22.563949472443305,23.03619956970215,12372400,0.0,0.0
2021-09-14,23.147321176206628,23.439005303896586,22.980642639479893,23.112594604492188,11665000,0.0,0.0
2021-09-15,23.105649364827357,23.105649364827357,22.43894056016293,22.682010650634766,7311800,0.0,0.0
2021-09-16,22.591727948153473,23.327887294870095,22.570894124418963,22.93897247314453,8956400,0.0,0.0
2021-09-17,22.925081194928236,23.05703580316678,22.397270709770094,22.64034080505371,10610000,0.0,0.0
2021-09-20,22.098641942045095,22.64728894184272,22.098641942045095,22.619508743286133,8062800,0.0,0.0
2021-09-21,22.57089314224292,23.140373926505973,22.466718729572577,22.7514591217041,7137700,0.0,0.0
2021-09-22,22.84868656276127,23.348716784428245,22.682008056028952,22.98063850402832,14031300,0.0,0.0
2021-09-23,23.105650323988108,23.66124101760545,22.855633849543953,23.522342681884766,9573600,0.0,0.0
2021-09-24,23.418168663817607,24.515459846975634,23.376498372331174,24.397397994995117,16255800,0.0,0.0
2021-09-27,24.314061078686965,24.932158573921033,24.251556956663993,24.57102394104004,10040000,0.0,0.0
2021-09-28,24.550187894647152,24.772424188091847,24.362678174581486,24.439069747924805,8512800,0.0,0.0
2021-09-29,24.58490940135062,26.043335107674366,24.494625097849802,25.959997177124023,21898900,0.0,0.0
2021-09-30,26.133621902631265,26.355858171462508,25.57108485694046,25.744707107543945,13313100,0.0,0.0
2021-10-01,26.66143394217289,27.050348760065553,25.126613792662337,25.23773193359375,25485800,0.0,0.0
2021-10-04,24.883544683969813,25.633591502983265,24.702976041932764,25.51552963256836,14834800,0.0,0.0
2021-10-05,25.703036578707085,26.453085966105146,25.675259032306073,26.091951370239258,10640500,0.0,0.0
2021-10-06,25.77942928342987,26.44614069407543,25.640530962492665,26.21001434326172,13693800,0.0,0.0
2021-10-07,26.26557021053912,26.32807431804391,25.32106487458446,25.487743377685547,11347100,0.0,0.0
2021-10-08,25.682205238262643,26.216962134818484,25.501639247514234,25.96694564819336,8113400,0.0,0.0
2021-10-11,25.95305337619214,26.43919620956649,25.814155045332996,26.119731903076172,7390400,0.0,0.0
2021-10-13,26.328080829192274,26.87672783638976,26.154458559770205,26.585041046142578,9690200,0.0,0.0
2021-10-14,26.60587272749729,26.710044480826877,26.12667365467982,26.383636474609375,6973300,0.0,0.0
2021-10-15,26.55031233964276,26.723934577790512,26.16834394557072,26.383636474609375,6357400,0.0,0.0
2021-10-18,26.112788894692706,26.939232612715667,26.112788894692706,26.744773864746094,60316900,0.0,0.0
2021-10-19,26.473918578515814,27.223967931640917,25.93221803410223,26.34196662902832,26585700,0.0,0.0
2021-10-20,26.321135372338404,26.85588959562143,26.20307085928114,26.50170135498047,18597600,0.0,0.0
2021-10-21,25.932221724887768,26.29335635565011,25.182172265012394,25.96694564819336,12280700,0.0,0.0
2021-10-22,25.494688649313144,26.230847888045716,25.216894659627993,25.91832733154297,13107800,0.0,0.0
2021-10-25,25.61275577643549,26.17529018660141,25.369683030094155,25.81415557861328,7790200,0.0,0.0
2021-10-26,25.994728054640472,25.994728054640472,25.286348832118556,25.61970329284668,8862300,0.0,0.0
2021-10-27,26.02944789203234,26.855888863852677,26.02250416757837,26.057228088378906,9837300,0.0,0.0
2021-10-28,26.022501924337963,26.42530413957872,25.828043215940422,26.02944564819336,7685100,0.0,0.0
2021-10-29,26.112785268496772,27.62677149627529,26.078061348445303,27.119794845581055,13074200,0.0,0.0
2021-11-01,27.217020721362207,27.411479426894797,25.800265291139485,25.807209014892578,12418600,0.0,0.0
2021-11-03,25.7377620324688,25.98777583483415,24.869650825010176,25.5294132232666,15538300,0.0,0.0
2021-11-04,25.529413780826406,26.480865592451586,25.50857995915724,26.30724334716797,11413800,0.0,0.0
2021-11-05,26.341966015350188,27.029508590432314,26.09194957013302,26.925336837768555,10573700,0.0,0.0
2021-11-08,26.82116903273849,27.05729543915814,26.168350214644512,26.36280632019043,5526100,0.0,0.0
2021-11-09,26.26557208207753,26.647540477706006,25.834989671510797,26.21001434326172,6129400,0.0,0.0
2021-11-10,26.133621881907125,26.515590303078834,25.88360541735392,26.293354034423828,5840800,0.0,0.0
2021-11-11,27.30036691496795,27.335090839402834,26.293357210762576,26.522537231445312,13457000,0.0,0.0
2021-11-12,26.835055317406418,27.001733847935903,26.189180316660874,26.543371200561523,6484800,0.0,0.0
2021-11-16,26.710044480826877,26.80032878645794,25.869713484015374,26.383636474609375,7650300,0.0,0.0
2021-11-17,26.711738992570353,26.711738992570353,25.684637027820255,25.927146911621094,14208800,1.0,0.0
2021-11-18,26.034135892937506,26.704603070661243,25.84868845089008,26.62614631652832,7258700,0.0,0.0
2021-11-19,26.44783519637226,27.16823076911873,26.44783519637226,26.597620010375977,6132600,0.0,0.0
2021-11-22,26.761667502146267,26.939983514777133,26.141128540039062,26.141128540039062,6306100,0.0,0.0
2021-11-23,26.369374019996698,26.476361999918026,25.784497689589813,26.29091453552246,6177700,0.0,0.0
2021-11-24,26.219583276423375,26.397899275291802,25.841554229505903,25.862951278686523,5404000,0.0,0.0
2021-11-25,25.912883030561993,25.912883030561993,25.221016063737434,25.228147506713867,7426300,0.0,0.0
2021-11-26,24.579078140899423,25.49918940459546,24.300905600918384,24.522018432617188,8377200,0.0,0.0
2021-11-29,24.885780072818072,25.135424100817133,24.650404371952522,24.771657943725586,6171500,0.0,0.0
2021-11-30,24.793058654283897,25.499191302940023,24.6218767958068,25.427865982055664,16211200,0.0,0.0
2021-12-01,25.670375751519945,25.862954661103895,24.086928603797837,24.236713409423828,11146700,0.0,0.0
2021-12-02,24.40789528060395,25.04983125674923,24.32943580420162,25.042699813842773,8913900,0.0,0.0
2021-12-03,24.536289067057325,24.557686121936324,23.666105890152075,23.830156326293945,12749600,0.0,0.0
2021-12-06,23.865814988353257,24.300906503827587,23.587642438036614,24.06553077697754,7322200,0.0,0.0
2021-12-07,24.193916379214816,24.90718046191648,24.101194007501913,24.54341697692871,6933100,0.0,0.0
2021-12-08,24.735996659488794,24.964240930323705,24.329436382008712,24.714599609375,5888800,0.0,0.0
2021-12-09,24.92857867679953,25.05696642133373,24.47209012773854,24.764528274536133,4766100,0.0,0.0
2021-12-10,25.085496354802878,25.349406023096414,24.778795304019166,25.099761962890625,5070400,0.0,0.0
2021-12-13,25.17821869819519,25.506319485734657,24.778792598890185,25.242412567138672,6682000,0.0,0.0
2021-12-14,25.442130814606365,26.697477236881955,25.385071097713908,26.590486526489258,11875700,0.0,0.0
2021-12-15,26.975646511383385,27.78163566042967,26.975646511383385,27.239553451538086,13672000,0.0,0.0
2021-12-16,27.111165916331025,27.417869681984424,26.226719999333792,26.86152458190918,94175000,0.0,0.0
2021-12-17,26.86152495127383,27.325147688302653,26.148260876390417,26.419301986694336,13678000,0.0,0.0
2021-12-20,26.347971855612293,26.997042003408396,26.105461980562858,26.79732894897461,8010100,0.0,0.0
2021-12-21,27.09690424732181,27.28235171538662,26.69034120873959,26.939985275268555,4878100,0.0,0.0
2021-12-22,27.068373536303756,27.15396446771123,26.362240869753812,26.57621955871582,5011300,0.0,0.0
2021-12-23,26.654675723112703,27.275217380890904,26.57621624540146,26.904319763183594,4640700,0.0,0.0
2021-12-27,27.089770965754575,27.089770965754575,26.576219928392902,26.72600746154785,2738800,0.0,0.0
2021-12-28,26.78306196057981,27.032705986631214,26.369370266179388,27.025571823120117,3505600,0.0,0.0
2021-12-29,27.046972935193047,27.182494853401998,26.747403323989914,27.139698028564453,3349300,0.0,0.0
2021-12-30,27.260954357010352,27.282351409000373,26.911453756149406,27.06837272644043,6620300,0.0,0.0
2022-01-03,27.09690222935164,27.09690222935164,25.813024773414018,25.927146911621094,9037300,0.0,0.0
2022-01-04,26.084065751536357,26.39076950671777,25.52772067045676,25.848690032958984,7333100,0.0,0.0
2022-01-05,25.741701521845332,26.11259918098584,25.114028350923967,25.791629791259766,6381500,0.0,0.0
2022-01-06,25.877222084557335,26.04840667505671,25.427867636159146,25.805896759033203,6786100,0.0,0.0
2022-01-07,25.57764850355605,25.805892775060503,25.07123169621093,25.135425567626953,5853100,0.0,0.0
2022-01-10,25.12829373988634,26.005608250213985,25.007040149764112,25.606182098388672,6498800,0.0,0.0
2022-01-11,25.534853131039515,25.670375045543498,25.106895777910033,25.470659255981445,5949100,0.0,0.0
2022-01-12,25.39933463297689,26.141129938209275,25.078365248896855,25.984210968017578,7441000,0.0,0.0
2022-01-13,25.820161383171897,26.71174152263994,25.813027218359625,26.433568954467773,6254200,0.0,0.0
2022-01-14,26.4264335101226,27.2680853386997,26.39790229402827,26.668943405151367,5956500,0.0,0.0
2022-01-17,26.447834849882508,26.94711755668718,26.169659557808455,26.376506805419922,4021100,0.0,0.0
2022-01-18,26.554824019705517,26.554824019705517,25.805897205206474,26.105466842651367,5062300,0.0,0.0
2022-01-19,26.248115697701003,26.497759740141973,25.912883454597115,26.11259651184082,6525800,0.0,0.0
2022-01-20,26.283777418157904,26.490624632008824,25.755963579715278,25.90574836730957,7752800,0.0,0.0
2022-01-21,25.841552461663262,26.262378299039142,25.556248515523396,25.89861488342285,5486900,0.0,0.0
2022-01-24,26.034137798724156,26.469229304126852,25.42786444519063,25.62044334411621,8139400,0.0,0.0
2022-01-25,25.492056944336536,25.87008599939405,25.29947533490546,25.777360916137695,5844000,0.0,0.0
2022-01-26,25.96994135555292,26.276645084063883,24.857248569265273,24.971370697021484,11421600,0.0,0.0
2022-01-27,25.007039442222045,25.242415172047078,24.557682313245955,25.163955688476562,11873200,0.0,0.0
2022-01-28,24.97137500557405,25.941414619315204,24.949977953204844,25.720304489135742,7720500,0.0,0.0
2022-01-31,25.75597027401251,25.927152155502217,24.892921259210603,25.028440475463867,9749800,0.0,0.0
2022-02-01,24.957112039447576,25.755967069063413,24.57194877269318,24.94997787475586,10873100,0.0,0.0
2022-02-02,24.964245707725564,25.04983664544659,24.65754189993113,24.821592330932617,7152000,0.0,0.0
2022-02-03,24.85725312411531,25.17109107361725,23.994204204758276,24.158254623413086,9608600,0.0,0.0
2022-02-04,24.14398585054159,24.83585281666772,24.04412932365458,24.422161102294922,6260600,0.0,0.0
2022-02-07,25.11402652214007,25.741699647354768,24.885782244041348,25.62044334411621,10497200,0.0,0.0
2022-02-08,25.520588687806207,26.939985447360627,25.463528974532,26.804466247558594,14364900,0.0,0.0
2022-02-09,27.02557721448869,27.681781623222673,26.62615104654224,27.225290298461914,9127600,0.0,0.0
2022-02-10,27.253819191532354,28.245255803662847,26.875790108863264,27.275218963623047,14785700,0.0,0.0
2022-02-11,27.375073284174082,27.87435863204149,27.26095115216607,27.474929809570312,8532500,0.0,0.0
2022-02-14,27.70317736753904,27.9171560503857,26.96138206084316,27.489198684692383,7862800,0.0,0.0
2022-02-15,27.62471867636646,27.85296297408203,27.35367755249672,27.58905601501465,6094700,0.0,0.0
2022-02-16,26.761665369002564,26.882918941901075,26.15538934185139,26.519155502319336,67648900,0.0,0.0
2022-02-17,26.462094833419894,26.79732980338208,26.36223830301917,26.583351135253906,16928700,0.0,0.0
2022-02-18,26.733137035070285,26.811596518164887,25.748831855960173,25.8914852142334,7124000,0.0,0.0
2022-02-21,26.019873033205734,26.091201072973693,25.385068444146704,25.57765007019043,4302500,0.0,0.0
2022-02-22,25.841558888709084,26.340844319738505,25.70603968465416,26.24098777770996,13022100,0.0,0.0
2022-02-23,26.319448131359668,26.547692440890938,25.506324717656884,26.09833526611328,8647600,0.0,0.0
2022-02-24,25.32086996836205,26.119724822417222,25.199616404116306,26.034133911132812,8638300,0.0,0.0
2022-02-25,25.79162833007858,25.877219255527653,24.764529062030334,25.59904670715332,28011100,0.0,0.0
2022-03-02,24.964240734851607,26.497759468347017,24.957109291831628,26.069799423217773,10247500,0.0,0.0
2022-03-03,26.262381516360616,26.262381516360616,25.249547894023095,25.634708404541016,12411700,0.0,0.0
2022-03-04,25.634706370506862,25.905747443790982,25.213880514968153,25.556249618530273,7065300,0.0,0.0
2022-03-07,25.28521422537776,25.72030578471209,24.871519719490447,25.03557014465332,12210000,0.0,0.0
2022-03-08,25.014169944899294,25.47779266443922,24.821588325439006,25.128292083740234,8715200,0.0,0.0
2022-03-09,25.306607040938452,25.977074238572655,25.10689398651258,25.820158004760742,9529100,0.0,0.0
2022-03-10,25.74882824881467,25.74882824881467,24.99990162390526,25.199617385864258,7976200,0.0,0.0
2022-03-11,25.40646782275985,25.670377512744555,24.700337850140823,25.03557014465332,8471400,0.0,0.0
2022-03-14,25.22815108065814,25.31374473381871,24.900050239536,25.114028930664062,5718200,0.0,0.0
2022-03-15,24.94997775556523,25.6561104079083,24.928580703365515,25.43499755859375,8818700,0.0,0.0
2022-03-16,25.7203032127786,26.069801081602886,25.335139963926682,25.955678939819336,8069600,0.0,0.0
2022-03-17,26.248117015770305,26.590483440045855,25.927147642734955,26.369373321533203,14685300,0.0,0.0
2022-03-18,26.48349175161895,26.875786387737286,26.16252242356355,26.61901092529297,38105100,0.0,0.0
2022-03-21,26.61901131856939,26.854389736249594,26.45496093089204,26.840124130249023,7144700,0.0,0.0
2022-03-22,27.42500239474417,28.088338157825408,26.26238126835961,26.355106353759766,17042400,0.0,0.0
2022-03-23,26.33370844503715,26.47636180476734,25.784497499538684,25.934282302856445,9251300,0.0,0.0
2022-03-24,26.11260001770563,26.447835026704343,25.691774075666267,26.24098777770996,6836100,0.0,0.0
2022-03-25,26.36937255544015,26.426432264051783,24.971372962488783,25.263811111450195,10971800,0.0,0.0
2022-03-28,25.392200674374585,25.998476787196424,24.8857838203217,25.677507400512695,11531600,0.0,0.0
2022-03-29,25.9984757633206,26.148260564245295,25.584781298801175,25.955678939819336,8669300,0.0,0.0
2022-03-30,26.04127047393293,26.405036679970475,25.884354225871004,26.29091453552246,6838600,0.0,0.0
2022-03-31,26.383639161205263,26.78306529926068,26.16965776337672,26.554821014404297,7251100,0.0,0.0
2022-04-01,26.63327828448462,26.961379076592394,26.376502805135488,26.754531860351562,9340000,0.0,0.0
2022-04-04,26.768797559407844,27.161094943592232,26.64040981929046,27.104032516479492,12481200,0.0,0.0
2022-04-05,26.99704443928392,27.4464015731906,26.640412397967687,26.95425033569336,13436700,0.0,0.0
2022-04-06,26.961382633180317,27.20389253779096,26.355109232097035,26.81159782409668,11741700,0.0,0.0
2022-04-07,26.640411478780543,27.01130911545854,26.390770146827297,26.818727493286133,9731500,0.0,0.0
2022-04-08,26.733137204063603,27.995614943299678,26.733137204063603,27.646114349365234,22462200,0.0,0.0
2022-04-11,27.62471878660949,27.995616452099114,27.118301919087504,27.17536163330078,10585900,0.0,0.0
2022-04-12,27.460667393324282,27.474933001593435,26.576218726842708,26.647546768188477,10374000,0.0,0.0
2022-04-13,26.65467615774666,26.99704256716231,26.433566048830965,26.71173858642578,35291300,0.0,0.0
2022-04-14,26.661814045698943,27.60332248331647,26.654679880674426,27.44640350341797,13573100,0.0,0.0
2022-04-18,27.36081173776132,27.738840845969204,27.08977061368888,27.517730712890625,6536700,0.0,0.0
2022-04-19,27.389340221731622,27.43926848685593,26.405035084777698,26.82586097717285,12222600,0.0,0.0
2022-04-20,26.668942458529152,27.674644662621166,26.58335153417076,27.36794090270996,29723700,0.0,0.0
2022-04-22,27.061236205855497,27.581918619078273,26.797329277703973,27.332277297973633,9698300,0.0,0.0
2022-04-25,27.225289637755314,27.396474220497108,26.997045341357346,27.16109848022461,7680000,0.0,0.0
2022-04-26,26.932848950630778,27.524859409799546,26.56908548745562,26.82586097717285,9378900,0.0,0.0
2022-04-27,27.068373607018682,28.00988201762049,26.690341777282,27.83869743347168,11857900,0.0,0.0
2022-04-28,28.052677223472525,28.395043651107372,27.574788880956078,27.710308074951172,8745900,0.0,0.0
2022-04-29,28.05981222213753,28.081209276298658,26.911456486785053,26.997047424316406,7621000,0.0,0.0
2022-05-02,27.232421802562808,27.496328740725346,26.447832431425997,26.88292121887207,6638600,0.0,0.0
2022-05-03,26.947114192786472,26.982779571008876,26.16252484784781,26.533422470092773,9368200,0.0,0.0
2022-05-04,26.419301159996273,26.419301159996273,25.156823460451,25.727434158325195,12300100,0.0,0.0
2022-05-05,25.39933276591965,25.577648774980148,24.443558848519906,25.149688720703125,12083200,0.0,0.0
2022-05-06,25.106894196275586,25.463526208379257,25.00703766822837,25.270944595336914,6329300,0.0,0.0
2022-05-09,25.2424151817813,25.984210472878498,24.857251928224695,25.755966186523438,8148500,0.0,0.0
2022-05-10,25.977076092058184,26.027007080113567,25.313743010973432,25.470659255981445,5729000,0.0,0.0
2022-05-11,25.47065625706333,25.67750346577251,25.064096003192823,25.499187469482422,11595300,0.0,0.0
2022-05-12,25.998473976283478,26.191055587472103,25.007037427520274,26.062667846679688,13868900,0.0,0.0
2022-05-13,26.390769010948645,26.676075710232354,26.148259132823394,26.355106353759766,5879200,0.0,0.0
2022-05-16,26.355106353759766,26.355106353759766,26.355106353759766,26.355106353759766,0,0.0,0.0
2022-05-17,26.061863322339327,26.369768653639394,26.032538472392346,26.259801864624023,11940200,1.0,0.0
2022-05-18,26.171834537897386,26.384435541113593,25.468054799566573,25.651330947875977,7864200,0.0,0.0
2022-05-19,25.468050386911735,25.58534698964378,25.233454384876037,25.350753784179688,5792900,0.0,0.0
2022-05-20,25.643996466953446,25.643996466953446,25.152817767635476,25.33609390258789,6286500,0.0,0.0
2022-05-23,25.556025715285834,25.563355530482006,24.998864676929156,25.431396484375,9587600,0.0,0.0
2022-05-24,25.174809562027928,26.05453555349716,25.152817321127046,25.995885848999023,8904700,0.0,0.0
2022-05-25,26.003215534615382,26.259800971495636,25.731964876688803,25.90058135986328,4581800,0.0,0.0
2022-05-26,25.937238061975776,25.937238061975776,25.38740968551445,25.86392593383789,7145900,0.0,0.0
2022-05-27,25.783285652827715,25.973894401698644,25.585349885528398,25.761293411254883,5690900,0.0,0.0
2022-05-30,25.84926453020795,26.003218607098496,25.673321008864253,25.819942474365234,3828300,0.0,0.0
2022-05-31,26.083864461795653,26.28913286631477,25.944572790238592,26.09852409362793,17732700,0.0,0.0
2022-06-01,26.02521066929072,26.597031304586235,26.01788085452337,26.311120986938477,8510100,0.0,0.0
2022-06-02,26.54571837196367,26.69233985943687,25.981227462963822,26.09852409362793,5694200,0.0,0.0
2022-06-03,25.98122166248765,26.142505542357725,25.460718154907227,25.460718154907227,5046800,0.0,0.0
2022-06-06,25.460716369013074,25.592675389365002,25.152813852572876,25.284772872924805,4162200,0.0,0.0
2022-06-07,25.248117552192646,25.761291252949228,25.05017900490489,25.70264434814453,5162700,0.0,0.0
2022-06-08,25.438730123063102,25.76862775164804,25.321433499185357,25.387413024902344,5120400,0.0,0.0
2022-06-09,25.233457908555263,25.790618946764905,25.21879827816679,25.475383758544922,7136300,0.0,0.0
2022-06-10,25.475381340865038,25.93723795828627,25.233455513834766,25.497373580932617,8942200,0.0,0.0
2022-06-13,25.40940163033862,25.534030848438604,24.32440731565434,24.449033737182617,9761700,0.0,0.0
2022-06-14,24.478359889892587,24.478359889892587,23.957856343055028,24.19244956970215,6795300,0.0,0.0
2022-06-15,24.61032045370106,24.778934171011084,24.104479301770997,24.353734970092773,10713400,0.0,0.0
2022-06-17,24.119141023284655,24.34640164595409,23.605967274509503,24.00184440612793,13377600,0.0,0.0
2022-06-20,24.119141155832878,24.119141155832878,23.62795964614656,23.965187072753906,3268000,0.0,0.0
2022-06-21,24.01650227324532,24.346399858709898,23.583970504874365,23.737924575805664,4808700,0.0,0.0
2022-06-22,23.620629311172955,24.51501495350932,23.371372255973487,24.119140625,9184600,0.0,0.0
2022-06-23,24.24376565648042,24.742276941546958,23.789241648298013,24.009172439575195,10774000,0.0,0.0
2022-06-24,24.25109608885591,24.375722500640208,23.767244476315025,24.221771240234375,4693500,0.0,0.0
2022-06-27,24.295083756788785,24.397717943875417,24.075152956378588,24.19244956970215,6064800,0.0,0.0
2022-06-28,24.41237933732256,24.822918864872666,23.972517755110946,24.280420303344727,6515100,0.0,0.0
2022-06-29,24.192448317296563,24.346399589956693,23.65728237192679,23.862550735473633,6591100,0.0,0.0
2022-06-30,23.53265358340528,23.811234079428953,23.122116848814354,23.158771514892578,9173800,0.0,0.0
2022-07-01,23.034145196626966,23.708601443820015,22.894854939520254,23.25407600402832,9686400,0.0,0.0
2022-07-04,23.27606873214245,23.576641476348186,22.96083356180816,23.4593448638916,3853300,0.0,0.0
2022-07-05,23.246742496647364,23.576640073480494,23.114784864199944,23.39336395263672,3850200,0.0,0.0
2022-07-06,23.210090586160145,23.70127210252779,22.99749098786057,23.525325775146484,5346300,0.0,0.0
2022-07-07,23.649950963049513,23.92120165332056,23.151441056034738,23.23941421508789,7683800,0.0,0.0
2022-07-08,23.239415305403977,23.422691446934653,22.616276144542486,22.770227432250977,6803300,0.0,0.0
2022-07-11,22.58695128422233,22.94617235372479,22.476985878992757,22.8142147064209,5635000,0.0,0.0
2022-07-12,22.77755559867508,22.858197537612345,22.359686275610706,22.51363754272461,5959600,0.0,0.0
2022-07-13,22.374350745226824,22.57961912013702,22.23506049204781,22.315702438354492,5018000,0.0,0.0
2022-07-14,22.015129303330916,22.63826702852356,21.927156145427983,22.432998657226562,4996300,0.0,0.0
2022-07-15,22.432997791717245,22.469652457095812,21.963809964813635,22.007797241210938,3019100,0.0,0.0
2022-07-18,22.015130002937074,22.264385660249445,21.670569971677406,21.83185386657715,6133700,0.0,0.0
2022-07-19,21.853842795707926,21.985801817612142,21.479959366407893,21.72188377380371,6247700,0.0,0.0
2022-07-20,21.56793314332441,22.044450759887695,21.406650666448062,22.044450759887695,5784300,0.0,0.0
2022-07-21,21.99313787016202,22.6969176108299,21.66324024279517,22.630939483642578,8760500,0.0,0.0
2022-07-22,22.711577366369692,22.858198827568863,22.22039728912412,22.528301239013672,5921300,0.0,0.0
2022-07-25,22.638266585711722,23.378702306387087,22.506308948867318,23.18076515197754,8049700,0.0,0.0
2022-07-26,23.28339816781984,24.04582609058611,23.22474986606859,23.869882583618164,9967500,0.0,0.0
2022-07-27,24.02383672761626,24.522348051329164,23.840560587915103,24.32440948486328,7343000,0.0,0.0
2022-07-28,24.26575806316159,24.353732617533584,23.415358345187176,23.517993927001953,8295100,0.0,0.0
2022-07-29,23.517995083934093,23.715930849578832,23.188096081953756,23.415359497070312,4908900,0.0,0.0
2022-08-01,23.488670114702135,23.598634117674383,23.268737913899812,23.32005500793457,4592200,0.0,0.0
2022-08-02,23.430020876418357,23.86988528679448,23.056138784341996,23.635292053222656,4667600,0.0,0.0
2022-08-03,23.67927581549587,23.745255335214253,23.085461536316355,23.23941421508789,4428000,0.0,0.0
2022-08-04,23.39336332206296,23.39336332206296,22.83620376192195,23.070796966552734,5679000,0.0,0.0
2022-08-05,23.16610392048994,23.539987406538202,22.77022679469086,22.784889221191406,5732200,0.0,0.0
2022-08-08,22.821542149547387,22.821542149547387,21.80252735629656,21.956480026245117,13496500,0.0,0.0
2022-08-09,22.0811077367237,22.0811077367237,21.340672037963504,21.545940399169922,9543000,0.0,0.0
2022-08-10,21.729216358344477,22.418334961654256,21.487291935668868,22.39634132385254,9097700,0.0,0.0
2022-08-11,22.484316080035097,23.166103519359687,22.38901310600365,22.902185440063477,17779700,0.0,0.0
2022-08-12,23.004820351995615,23.004820351995615,22.11776451041437,22.301040649414062,14505100,0.0,0.0
2022-08-15,22.220398226582013,22.440330427659507,21.861177169603316,22.0297908782959,8910800,0.0,0.0
2022-08-16,22.095771125284486,23.12211863415317,22.081110096692694,23.10745620727539,14422200,0.0,0.0
2022-08-17,23.122116924490996,23.99451028492374,22.960833037332826,23.796571731567383,13688000,0.0,0.0
2022-08-18,23.81856652407605,23.855221189898028,23.393364570140236,23.64995002746582,6177300,0.0,0.0
2022-08-19,23.642620967566117,23.928531285303794,23.327385797606155,23.730592727661133,5777400,0.0,0.0
2022-08-22,23.811235628099244,23.8918775766593,23.21742132963818,23.298063278198242,4707100,0.0,0.0
2022-08-23,23.38603249913448,23.38603249913448,22.784887052684375,22.997488021850586,6608700,0.0,0.0
2022-08-24,22.997486998480973,23.10012117307776,22.425665029400825,22.47698211669922,8087900,0.0,0.0
2022-08-25,22.57961769403732,22.718907938418944,22.29370739087817,22.52096939086914,5499700,0.0,0.0
2022-08-26,22.638266027118917,22.682253303267558,21.641244871942412,21.956480026245117,7260500,0.0,0.0
2022-08-29,22.03711954756649,22.21306444914614,21.773202894339907,22.066444396972656,5221700,0.0,0.0
2022-08-30,22.147088010740514,22.35235779022201,21.88317132087685,21.98580551147461,6643100,0.0,0.0
2022-08-31,22.103100228655425,22.44032902322091,21.64124501238422,21.692562103271484,14603500,0.0,0.0
2022-09-01,21.773205236253915,21.91249409105769,21.179389556480604,21.318679809570312,6969600,0.0,0.0
2022-09-02,21.186720260118566,21.61192082401654,21.098748501124998,21.3626651763916,16272000,0.0,0.0
2022-09-05,21.626584940943225,21.88317182159467,20.922805220822017,21.260032653808594,6098200,0.0,0.0
2022-09-06,21.113409283905273,21.567934694387038,21.040099951689466,21.282024383544922,8076800,0.0,0.0
2022-09-08,20.974122893839855,21.09875073082289,20.013754868382232,20.219024658203125,17262700,0.0,0.0
2022-09-09,20.438955299128803,20.878818331606123,20.350983531604957,20.482942581176758,7196300,0.0,0.0
2022-09-12,20.798177206718417,20.83483187579928,20.52692790134763,20.82016944885254,5219600,0.0,0.0
2022-09-13,20.607570417073898,21.047432051265186,20.424294270065516,20.482942581176758,8390200,0.0,0.0
2022-09-14,20.570911156485348,20.658884308643458,20.292332071508653,20.468276977539062,6263700,0.0,0.0
2022-09-15,20.380306356500853,20.592907351620084,20.285003378255464,20.475610733032227,4216200,0.0,0.0
2022-09-16,20.314324695288295,20.49760081732425,20.204359301723887,20.350980758666992,9365000,0.0,0.0
2022-09-19,20.350981911535914,20.41696143106942,19.97709843360802,20.270339965820312,4402600,0.0,0.0
2022-09-20,20.438953551199898,20.519595496438658,19.76449733195677,20.19702911376953,7831600,0.0,0.0
2022-09-21,20.11638732298884,20.380303984958005,19.559227750387095,19.617876052856445,7846800,0.0,0.0
2022-09-22,19.75716578264479,19.80115165878339,19.229329675838436,19.661861419677734,7040600,0.0,0.0
2022-09-23,19.375950876959955,19.639868926952616,19.207337188702763,19.2659854888916,4749500,0.0,0.0
2022-09-26,19.35395841478156,19.35395841478156,18.826123681043413,18.848115921020508,3830900,0.0,0.0
2022-09-27,19.112032954721382,19.126695379438047,18.87010854003956,19.00206756591797,8402600,0.0,0.0
2022-09-28,18.987406311547723,18.987406311547723,18.51821987798101,18.606191635131836,8197600,0.0,0.0
2022-09-29,18.400925667673096,18.64285012879525,18.298290073240086,18.56220817565918,6750800,0.0,0.0
2022-09-30,18.51822065865563,18.57686896532391,18.3056196730544,18.415586471557617,6241400,0.0,0.0
2022-10-03,18.701495229234837,19.258654795174756,18.606190864933033,18.8847713470459,10114800,0.0,0.0
2022-10-04,19.229331146260225,19.39794484958984,18.34960656478881,18.488895416259766,7387700,0.0,0.0
2022-10-05,18.62818662764486,18.62818662764486,17.88041964607835,18.034372329711914,11602000,0.0,0.0
2022-10-06,18.137005487513655,18.29095816238362,17.931735720448994,18.144336700439453,7747700,0.0,0.0
2022-10-07,18.15899811341066,18.305618168890703,17.814438116546643,17.9610595703125,7688700,0.0,0.0
2022-10-10,18.034369542942265,18.877439371121614,17.931733970284377,18.826122283935547,11259500,0.0,0.0
2022-10-11,18.76747436995521,18.818791458195143,18.05636215209961,18.05636215209961,9309900,0.0,0.0
2022-10-13,17.814438485381995,18.371598063627705,17.689810666586432,18.158998489379883,9806200,0.0,0.0
2022-10-14,18.210315468828597,18.356936924736857,17.653155893977374,17.77045249938965,6768100,0.0,0.0
2022-10-17,17.843763961911204,18.283626949457826,17.77045323093912,18.144336700439453,5252700,0.0,0.0
2022-10-18,18.298287685891633,18.760144304867353,18.26896423294088,18.650178909301758,9740200,0.0,0.0
2022-10-19,18.613521324695267,18.870108158911354,18.496224725902614,18.826122283935547,6407400,0.0,0.0
2022-10-20,18.87744103949604,19.317304022986136,18.57686830373975,18.679502487182617,10878300,0.0,0.0
2022-10-21,18.620854544371948,19.06071753640777,18.43757841421418,18.87744140625,7496400,0.0,0.0
2022-10-24,18.6721713705068,19.375952427373377,18.6721713705068,19.06804847717285,7674000,0.0,0.0
2022-10-25,19.20000867633568,19.375953601643914,18.70149735548604,18.987407684326172,8034900,0.0,0.0
2022-10-26,18.833452037656425,18.833452037656425,18.137002312759076,18.17365837097168,10249900,0.0,0.0
2022-10-27,18.239640549208485,18.56953815530761,17.94639900950146,18.276296615600586,5251300,0.0,0.0
2022-10-28,18.180992161255432,19.082711814529404,18.093020398873453,18.906766891479492,7182600,0.0,0.0
2022-10-31,18.906764475078493,19.024061075453872,18.07835566185589,18.29828643798828,9900400,0.0,0.0
2022-11-01,18.364266462297927,18.459570826687667,17.865756595951968,18.254301071166992,8303800,0.0,0.0
2022-11-03,18.166331212996198,18.474235179260063,17.799778938790926,18.276296615600586,6527000,0.0,0.0
2022-11-04,18.510891419848708,18.92876082421457,18.452243106925184,18.7381534576416,6595200,0.0,0.0
2022-11-07,18.782139227679707,18.950752938963046,18.422916766895607,18.6208553314209,5171400,0.0,0.0
2022-11-08,18.532883687449587,18.89210475225783,18.254303173003375,18.67217254638672,7530100,0.0,0.0
2022-11-09,18.532881544841935,19.273317228928704,18.532881544841935,18.569536209106445,6463100,0.0,0.0
2022-11-10,18.30561867311856,18.767475286402767,17.895080548866037,18.210315704345703,9814100,0.0,0.0
2022-11-11,18.290955939293138,20.424289701407773,18.115009647030362,20.38030242919922,16192100,0.0,0.0
2022-11-14,20.526928342527523,20.526928342527523,19.17068458309618,19.74983787536621,12829900,0.0,0.0
2022-11-16,18.76747537729473,19.397944293021606,18.679502222528775,18.848115921020508,12054100,0.0,0.0
2022-11-17,18.61928495374739,18.61928495374739,17.970927747179985,18.26078224182129,13478200,1.0,0.0
2022-11-18,18.41333704971426,18.53538059539742,17.55140432646771,17.589542388916016,13314300,0.0,0.0
2022-11-21,17.848882715929587,18.153991536183998,17.642933716680254,17.90990447998047,5738100,0.0,0.0
2022-11-22,17.97092636986764,18.382824371250504,17.597167880579647,17.75735092163086,6523600,0.0,0.0
2022-11-23,17.62768114191003,17.879396125826535,17.47512598898389,17.72684097290039,4852800,0.0,0.0
2022-11-24,17.871766915522638,18.26840912022054,17.703955968603097,18.024320602416992,4495600,0.0,0.0
2022-11-25,18.001439701247413,18.359942419985575,17.642935527635487,17.78786277770996,4324300,0.0,0.0
2022-11-28,17.81837456948303,17.90227859521302,17.337826850409886,17.35308265686035,6168600,0.0,0.0
2022-11-29,17.42173240343858,17.543775945802082,17.10899564427288,17.131877899169922,5865200,0.0,0.0
2022-11-30,17.20052782716596,17.20052782716596,16.376733176631657,16.819141387939453,11784100,0.0,0.0
2022-12-01,16.773373277916082,17.101365806492833,16.40724269224262,16.4530086517334,8127500,0.0,0.0
2022-12-02,16.521660089011466,17.711585347409788,16.308083163709707,16.94881248474121,8548100,0.0,0.0
2022-12-05,17.017461333321894,17.21578244258081,16.178410934110705,16.285200119018555,8554400,0.0,0.0
2022-12-06,16.445381876965225,16.52928735417956,15.743630812203323,15.850419998168945,8704200,0.0,0.0
2022-12-07,15.827536369389275,16.58268130351264,15.697864928890896,16.369104385375977,9722000,0.0,0.0
2022-12-08,16.361475686999853,16.51402936050977,16.063993332139482,16.16315460205078,6757200,0.0,0.0
2022-12-09,16.254688395749284,16.567425135730893,16.04111293715133,16.102134704589844,6127600,0.0,0.0
2022-12-12,16.09450731849097,16.1936671481843,15.636843320572632,15.934324264526367,7187900,0.0,0.0
2022-12-13,15.980090482514917,16.437752991185903,15.690236008491416,15.736001968383789,11911700,0.0,0.0
2022-12-14,15.697865574116204,15.835164923213599,15.278341078428637,15.652099609375,12061100,0.0,0.0
2022-12-15,15.583449520766486,15.903814175190236,15.438522272250712,15.659727096557617,8424600,0.0,0.0
2022-12-16,15.682608651271021,16.13264472800114,15.491915447737027,15.575820922851562,14253500,0.0,0.0
2022-12-19,15.652096453363233,16.010599105484555,15.392753613999387,15.560563087463379,7398800,0.0,0.0
2022-12-20,15.423267348549585,15.964836858265775,15.423267348549585,15.766515731811523,8274400,0.0,0.0
2022-12-21,15.835165548969414,15.896187322660335,15.293596034447873,15.438523292541504,9432300,0.0,0.0
2022-12-22,15.499543975709758,15.972463779695913,15.3775004369147,15.934324264526367,5999200,0.0,0.0
2022-12-23,15.99534552041717,16.308082260398773,15.736002645085051,16.102134704589844,8709800,0.0,0.0
2022-12-26,16.163154094874887,16.20129214833727,15.82753369588669,16.048738479614258,2895100,0.0,0.0
2022-12-27,16.10976277854857,16.208922606112118,15.842791997590806,16.063995361328125,4496900,0.0,0.0
2022-12-28,16.117390528161234,16.590310360182176,16.117390528161234,16.506404876708984,6173200,0.0,0.0
2022-12-29,16.575053444741066,16.857280035357068,16.460637809848965,16.773374557495117,6171000,0.0,0.0
2023-01-02,16.773375402888263,16.80388701632996,16.13264606935068,16.361478805541992,3552200,0.0,0.0
2023-01-03,16.36910373922223,16.54454259052916,16.010601043701172,16.010601043701172,8052700,0.0,0.0
2023-01-04,16.20129481309977,16.361477864710082,15.850420007939395,16.247060775756836,7129800,0.0,0.0
2023-01-05,16.330967043123557,16.910674599363258,15.980092220987677,16.857280731201172,9633400,0.0,0.0
2023-01-06,16.971694700370204,17.124249841424113,16.65133006805591,16.94118309020996,5562700,0.0,0.0
2023-01-09,16.727610402382968,17.55903300326296,16.7199824985826,17.45224380493164,8526700,0.0,0.0
2023-01-10,17.375967169321118,17.391221521602567,17.040346686273857,17.276805877685547,7712600,0.0,0.0
2023-01-11,16.99457873075147,17.23103789448958,16.567424909637474,17.093738555908203,12433600,0.0,0.0
2023-01-12,17.093739456504277,17.253922511579805,16.75811899505335,16.80388641357422,7975100,0.0,0.0
2023-01-13,16.72760879906398,16.8267686292167,16.26231689595612,16.399616241455078,8963200,0.0,0.0
2023-01-16,16.37673312443557,16.544544088279622,16.170785553613747,16.300457000732422,4421000,0.0,0.0
2023-01-17,16.369106175764347,16.689470860572705,16.262318432452858,16.52928924560547,6128900,0.0,0.0
2023-01-18,16.681841780116113,16.68946822782911,16.216549906445763,16.44538116455078,7631100,0.0,0.0
2023-01-19,16.460636426658333,16.64370171807743,16.27757113523924,16.552169799804688,5237100,0.0,0.0
2023-01-20,16.46063530964651,16.704722348308323,16.36910194271157,16.47589111328125,6387400,0.0,0.0
2023-01-23,16.52165823124199,16.910672522045303,16.468264369638838,16.613191604614258,5969300,0.0,0.0
2023-01-24,16.67421541684239,16.933558309235778,16.636075900388192,16.857280731201172,4913100,0.0,0.0
2023-01-25,16.83439826965332,16.979325533178518,16.597939069598244,16.83439826965332,3979700,0.0,0.0
2023-01-26,16.83439587166947,16.986951017320347,16.605564608066853,16.719980239868164,5223800,0.0,0.0
2023-01-27,16.674216418007475,16.704726578128955,16.193668665947722,16.346223831176758,5913300,0.0,0.0
2023-01-30,16.34622242411998,16.64370337034865,15.842792459022036,15.949580192565918,9733500,0.0,0.0
2023-01-31,15.88093145098824,15.980092742129207,15.125786459053872,15.316479682922363,21254400,0.0,0.0
2023-02-01,15.263085519091275,15.51480051155535,14.980858913056375,15.339363098144531,13720700,0.0,0.0
2023-02-02,15.377499969368726,15.552937369193309,15.072391131657778,15.141040802001953,10766700,0.0,0.0
2023-02-03,15.102903131044956,15.278342007152574,14.965605228475425,15.018999099731445,8949400,0.0,0.0
2023-02-06,14.828305112679812,14.828305112679812,14.393524806260565,14.58421802520752,17521000,0.0,0.0
2023-02-07,14.63761218418114,14.63761218418114,14.210458317754982,14.332503318786621,14814600,0.0,0.0
2023-02-08,14.439290305850916,14.507939978848128,14.141809359445503,14.355384826660156,7859200,0.0,0.0
2023-02-09,14.256224055062162,14.629982552888869,13.890092004955035,14.18757438659668,20987400,0.0,0.0
2023-02-10,14.134180638207587,14.568960905440656,14.126552735552345,14.37063980102539,8683600,0.0,0.0
2023-02-13,14.629983348956712,14.957975903944856,14.46980029552992,14.790164947509766,9491700,0.0,0.0
2023-02-14,14.889327765147943,15.263086321804334,14.515569208491554,14.629984855651855,9971500,0.0,0.0
2023-02-15,14.629981710628465,15.148667418118201,14.515566088064217,14.988484382629395,9022700,0.0,0.0
2023-02-16,14.813047625021126,14.980857114896985,14.340127855554778,14.500310897827148,9713700,0.0,0.0
2023-02-17,14.37064047509372,14.660493515220372,14.248596936632632,14.279107093811035,10826000,0.0,0.0
2023-02-22,13.882466382261702,14.157063617569117,13.638377849393036,13.661261558532715,12234700,0.0,0.0
2023-02-23,13.569728856245222,14.446917288237984,13.386662103337095,14.41640567779541,18568500,0.0,0.0
2023-02-24,14.340128482992345,14.507939435084237,14.057903353358402,14.347756385803223,11602600,0.0,0.0
2023-02-27,14.363011319266807,14.568960318033643,14.24859569379866,14.301989555358887,6433000,0.0,0.0
2023-02-28,14.25622496441301,14.706261062004543,14.25622496441301,14.637611389160156,9947600,0.0,0.0
2023-03-01,14.736769841318726,15.293593620207647,14.515566492185897,14.645237922668457,15566900,0.0,0.0
2023-03-02,14.63761051288191,14.942719343439585,14.34012813007372,14.75965404510498,11511000,0.0,0.0
2023-03-03,14.820674489743286,15.31647647705094,14.759652729072707,14.996111869812012,11010200,0.0,0.0
2023-03-06,15.049508966827634,15.46140703113964,14.935093322810026,15.270713806152344,8807200,0.0,0.0
2023-03-07,15.263084647258918,15.324106416041175,14.881698228651368,14.950347900390625,11819000,0.0,0.0
2023-03-08,15.011369897293896,15.24020116998638,14.80542087894641,15.148669242858887,8613400,0.0,0.0
2023-03-09,15.148669222633817,15.301222919267214,14.927464398435832,14.973230361938477,7404300,0.0,0.0
2023-03-10,14.988486165552874,15.01899777779869,14.546077972104769,14.576589584350586,7077000,0.0,0.0
2023-03-13,14.401151540485786,14.530822990137686,14.164692351664263,14.332503318786621,8423800,0.0,0.0
2023-03-14,14.33250140795129,14.53844895533914,14.195202073110297,14.500310897827148,7488000,0.0,0.0
2023-03-15,14.248595126198119,14.744397120058629,14.195201266764863,14.683375358581543,10380200,0.0,0.0
2023-03-16,14.87407131307496,15.980092582406987,14.843559699221524,15.240201950073242,15009100,0.0,0.0
2023-03-17,15.13341411130234,15.75888764242516,15.110530401063524,15.629216194152832,15643100,0.0,0.0
2023-03-20,15.621587849843452,15.621587849843452,14.492684364318848,14.492684364318848,13796500,0.0,0.0
2023-03-21,14.538451225102579,14.950349293931662,14.370641709028062,14.599472999572754,10750100,0.0,0.0
2023-03-22,13.958741634945731,14.553704941715454,13.844326006109847,14.12655258178711,20994000,0.0,0.0
2023-03-23,14.637609466276876,14.774908793929194,13.76042109556586,13.905346870422363,10345600,0.0,0.0
2023-03-24,13.90534895312619,14.05790410778328,13.661261869573867,13.813817024230957,15121700,0.0,0.0
2023-03-27,13.966369420008858,14.05027489272359,13.729910261754375,13.943487167358398,4662500,0.0,0.0
2023-03-28,13.829071060935787,13.935860248713874,13.447684637850287,13.661261558532715,13517900,0.0,0.0
2023-03-29,13.676517608246945,13.82907130727435,13.462940683760051,13.691773414611816,9927700,0.0,0.0
2023-03-30,13.806188825850217,13.97399832848642,13.684145286683206,13.890092849731445,6952600,0.0,0.0
2023-03-31,13.897721795354768,14.080787117838305,13.539219054017074,13.615496635437012,9025500,0.0,0.0
2023-04-03,13.531591017300816,13.607868597970542,13.012905214595282,13.19597053527832,11163000,0.0,0.0
2023-04-04,13.249364888628348,13.577355988172181,13.218853276648233,13.310386657714844,8851700,0.0,0.0
2023-04-05,13.302757766800935,13.417173393481914,13.073925058565354,13.134946823120117,9471200,0.0,0.0
2023-04-06,13.234109646684013,13.272247708410891,12.745934018311969,12.806957244873047,9995300,0.0,0.0
2023-04-10,12.845094414617238,13.256990981185218,12.791700549957842,13.096809387207031,6073800,0.0,0.0
2023-04-11,13.150204868662902,13.417175679657209,13.127321157478061,13.348526000976562,7109200,0.0,0.0
2023-04-12,13.424802589691168,13.546846130562326,13.127320185803178,13.287503242492676,11107300,0.0,0.0
2023-04-13,13.318014475854142,13.333270283413558,12.85272398428304,12.898489952087402,10913300,0.0,0.0
2023-04-14,12.94425482389221,12.94425482389221,12.517102432513068,12.654401779174805,9579400,0.0,0.0
2023-04-17,12.845095936028168,13.104438842125736,12.700168675591556,12.997651100158691,7136900,0.0,0.0
2023-04-18,13.051043499109001,13.218852996826172,12.967138022813563,13.218852996826172,6672800,0.0,0.0
2023-04-19,13.211226584092783,13.356153844529395,12.80695787243247,12.997651100158691,18424700,0.0,0.0
2023-04-20,13.02053264151457,13.112066025942303,12.875605389034742,13.081554412841797,9114900,0.0,0.0
2023-04-24,13.07392618071368,13.18071536900556,12.929000386753009,13.043416023254395,6195300,0.0,0.0
2023-04-25,12.959508934447934,12.959508934447934,12.662028025521144,12.852721214294434,9858300,0.0,0.0
2023-04-26,12.860350922772074,12.890861080726944,12.623890287971385,12.669657707214355,9318700,0.0,0.0
2023-04-27,12.692539721557795,13.066298242386859,12.54761392798803,12.982394218444824,9255700,0.0,0.0
2023-04-28,12.982393679629565,13.653633117675781,12.928999815280553,13.653633117675781,9265700,0.0,0.0
2023-05-02,13.64600626467218,13.729911746460163,13.08918241523545,13.264619827270508,10240300,0.0,0.0
2023-05-03,13.31801284935413,13.554473473024997,13.218853022075873,13.447684288024902,8317500,0.0,0.0
2023-05-04,13.50108019967223,13.836699210456787,13.455312780577614,13.691773414611816,8639200,0.0,0.0
2023-05-05,13.745166066770443,13.966369420008858,13.600238828865082,13.943487167358398,15235900,0.0,0.0
2023-05-08,13.34852599984184,13.653634874577737,13.127321156362145,13.577357292175293,13269400,0.0,0.0
2023-05-09,13.462940615851002,13.684145442404544,13.38666303928517,13.569729804992676,9836800,0.0,0.0
2023-05-10,13.516335210192102,13.531591017300816,13.096810698819365,13.19597053527832,14434400,0.0,0.0
2023-05-11,13.119694409482436,13.379037310835203,13.112066505928079,13.19597053527832,13007900,0.0,0.0
2023-05-12,11.868746861082377,12.524731305199213,11.53312637158116,12.31115436553955,60004300,0.0,0.0
2023-05-15,12.395059554218301,12.700168421501214,12.082322783394085,12.334037780761719,19132700,0.0,0.0
2023-05-16,12.402687785320158,12.49421972048551,12.181483668838714,12.372176170349121,15219700,0.0,0.0
2023-05-17,12.417942009597883,12.486591679656446,12.273014766710507,12.35692024230957,11535300,0.0,0.0
2023-05-18,12.40268701828682,12.562868622356836,12.31115363390839,12.509474754333496,10929900,0.0,0.0
2023-05-19,12.56286816112633,12.967138290405273,12.48659204096411,12.967138290405273,18286500,0.0,0.0
2023-05-22,12.967139186156343,13.318014018736427,12.929001123440711,13.07392692565918,16098900,0.0,0.0
2023-05-23,13.073924936662987,13.195968464634568,12.814582076004973,12.951881408691406,10515500,0.0,0.0
2023-05-24,12.867977270930457,12.867977270930457,12.303524140802821,12.318779945373535,17072900,0.0,0.0
2023-05-25,12.532358169555664,12.570496230140476,12.318781247608948,12.532358169555664,10451700,0.0,0.0
2023-05-26,12.593380235440907,12.81458361080528,12.44845298303914,12.509474754333496,7186300,0.0,0.0
2023-05-29,12.555239345149603,12.646772719511416,12.433195815916271,12.517101287841797,5461200,0.0,0.0
2023-05-30,12.601006759767323,12.677284329256564,12.227248269631042,12.517101287841797,6505600,0.0,0.0
2023-05-31,12.433196413794635,12.936626359809102,12.326408684298748,12.814582824707031,21852000,0.0,0.0
2023-06-01,12.921371387723227,12.967137347467318,12.433195815916271,12.517101287841797,12096600,0.0,0.0
2023-06-02,12.623889413967417,12.79170036315918,12.486591530365532,12.79170036315918,13816100,0.0,0.0
2023-06-05,12.883231578102464,13.005275104518137,12.700166288478956,12.875603675842285,6771000,0.0,0.0
2023-06-06,12.898488294735726,13.501079522039575,12.829838624413169,13.440057754516602,13006900,0.0,0.0
2023-06-07,13.470566749572754,13.577354469813594,13.272245658501499,13.470566749572754,9715200,0.0,0.0
2023-06-09,13.592611274811597,13.600239177515178,13.379035818606084,13.53158950805664,9688200,0.0,0.0
2023-06-12,13.615495217745268,13.729910850524902,13.447684265119682,13.729910850524902,8416000,0.0,0.0
2023-06-13,13.78330624250531,13.90534979164089,13.676518500730142,13.798562049865723,10745200,0.0,0.0
2023-06-14,13.928233923325655,13.943489731146807,13.58498552171928,13.790934562683105,13761700,0.0,0.0
2023-06-15,13.76042339486779,13.981626772590243,13.653634202808925,13.897721290588379,9662000,0.0,0.0
2023-06-16,13.882467652181907,13.882467652181907,13.462941675486821,13.638379096984863,19973400,0.0,0.0
2023-06-19,13.729912547498838,14.439291595232765,13.661262868371432,14.164692878723145,13689700,0.0,0.0
2023-06-20,14.60710120235887,14.835933952463368,14.424035875199607,14.752028465270996,20038300,0.0,0.0
2023-06-21,14.881699951943054,14.896955759623662,14.363014129793493,14.408780097961426,16403600,0.0,0.0
2023-06-22,14.4698006742594,14.507940190299148,13.973998604732886,14.324874877929688,15971300,0.0,0.0
2023-06-23,14.3409864304484,14.526292487125854,13.777015951817349,13.841469764709473,15318900,1.0,0.0
2023-06-26,13.841468569850921,13.849525487854441,13.261382767197343,13.414461135864258,18258300,0.0,0.0
2023-06-27,13.551427672950043,13.817299859592099,13.390293899145886,13.744789123535156,11833100,0.0,0.0
2023-06-28,13.81730038932078,13.85758498684141,13.108308376660645,13.164705276489258,16295300,0.0,0.0
2023-06-29,13.57559809643521,14.179853190905321,13.430576627890355,14.042888641357422,19132600,0.0,0.0
2023-06-30,14.179851014151428,14.373212430294865,14.010658814588462,14.067055702209473,16242700,0.0,0.0
2023-07-03,14.228192181773597,14.340985966510852,14.042887667790943,14.187909126281738,8090900,0.0,0.0
2023-07-04,14.187908578423315,14.236248550486936,14.067056343214253,14.131511688232422,4342100,0.0,0.0
2023-07-05,14.09928517967056,14.759937153645959,14.050945203616298,14.647143363952637,10448500,0.0,0.0
2023-07-06,14.502121979490596,14.614915769809256,14.12345601434928,14.212079048156738,11831100,0.0,0.0
2023-07-07,14.260421894802251,14.421555676512275,14.123457335163575,14.300704956054688,9604100,0.0,0.0
2023-07-10,14.276534238260517,14.308761916715195,14.123457375701667,14.155683517456055,5760700,0.0,0.0
2023-07-11,14.187911398979358,14.20402370173702,13.833414614405513,13.889811515808105,9475600,0.0,0.0
2023-07-12,14.91301629470316,15.267513056072229,14.784108660878083,15.146660804748535,35138600,0.0,0.0
2023-07-13,15.21916918962611,15.694516592181396,15.21916918962611,15.565608978271484,20577700,0.0,0.0
2023-07-14,15.630064312747937,15.742859638467543,15.203058376202685,15.315852165222168,19142100,0.0,0.0
2023-07-17,15.211112835829455,15.348077372776068,14.864674571035112,15.098319053649902,13953400,0.0,0.0
2023-07-18,14.961355945531565,15.090263576533332,14.510179237025385,14.679369926452637,15252700,0.0,0.0
2023-07-19,14.67936925080762,14.751879981996193,14.477950894550489,14.67131233215332,10529900,0.0,0.0
2023-07-20,14.71159735172172,14.792165003899196,14.518235908515868,14.542405128479004,6860600,0.0,0.0
2023-07-21,14.429610904405148,14.614915423162085,14.373214010583482,14.58268928527832,10631600,0.0,0.0
2023-07-24,14.518236336734738,14.574633233912365,14.075115005038722,14.413497924804688,11086100,0.0,0.0
2023-07-25,14.590747873474648,14.639087854181662,14.357101816106892,14.44572639465332,8550900,0.0,0.0
2023-07-26,14.42960982792652,14.792163456447282,14.316816048697833,14.70353889465332,6252700,0.0,0.0
2023-07-27,14.824391950659166,14.913016526554323,14.534350538393602,14.574633598327637,6271600,0.0,0.0
2023-07-28,14.631029904137195,15.033866633957492,14.429611539227047,14.896902084350586,9495000,0.0,0.0
2023-07-31,14.985526060658914,15.162773661518388,14.872730735839149,15.130547523498535,7205000,0.0,0.0
2023-08-01,15.066092619880985,15.501155440198511,14.977468057518156,15.323907852172852,10326300,0.0,0.0
2023-08-02,15.307793739514473,15.831481112736817,15.211112260801132,15.710630416870117,12231400,0.0,0.0
2023-08-03,15.831481655991169,15.96038927423242,15.589780255963834,15.83953857421875,9533800,0.0,0.0
2023-08-04,15.670348302859212,16.18597878902957,15.630063710689614,16.016786575317383,11786000,0.0,0.0
2023-08-07,16.016785462125277,16.08929618629088,15.428644287626453,15.670347213745117,16057500,0.0,0.0
2023-08-08,15.549496901309295,15.847596752634358,15.509213843668137,15.686461448669434,6400300,0.0,0.0
2023-08-09,15.7025746040125,15.89593603834733,15.468930113787113,15.5172700881958,8840500,0.0,0.0
2023-08-10,15.613951683044434,15.726747017489089,15.396421006923099,15.613951683044434,7331700,0.0,0.0
2023-08-11,15.605893689860302,15.86370891969238,15.460872238904763,15.5897798538208,8277200,0.0,0.0
2023-08-14,15.654236279881898,15.807314674463774,15.509214804667513,15.613951683044434,7296500,0.0,0.0
2023-08-15,15.22722898899201,16.31488853178435,15.19500284776645,15.823427200317383,13702700,0.0,0.0
2023-08-16,15.783142671232556,15.91205029754246,15.573667394303932,15.622007369995117,10470000,0.0,0.0
2023-08-17,15.670347213745117,15.887877849541972,15.565608818083708,15.670347213745117,9581900,0.0,0.0
2023-08-18,15.62200739540605,15.630064314151038,15.436702874371658,15.476985931396484,7446000,0.0,0.0
2023-08-21,15.460873518322366,15.493099656368159,14.985526072721045,15.058036804199219,9660100,0.0,0.0
2023-08-22,15.066093186241877,15.130546996737776,14.792164107459294,14.929128646850586,9002800,0.0,0.0
2023-08-23,14.969412393324507,15.098320020268304,14.566575674950112,15.025809288024902,10682600,0.0,0.0
2023-08-24,15.074148716803208,15.283623987158526,14.800221172015561,14.969411849975586,9988600,0.0,0.0
2023-08-25,15.025808594244404,15.066093186241877,14.671311868166933,14.929128646850586,7192700,0.0,0.0
2023-08-28,14.985527441284402,15.203059655585202,14.80022290467272,15.090264320373535,9263900,0.0,0.0
2023-08-29,15.195000519467099,15.307794301523792,14.937185282366071,15.243340492248535,7609900,0.0,0.0
2023-08-30,15.307796115379988,15.38030685149412,15.098320826239183,15.146660804748535,6724800,0.0,0.0
2023-08-31,15.227226136100535,15.227226136100535,14.824389457702637,14.824389457702637,11179400,0.0,0.0
2023-09-01,14.880785787575274,15.025807232220497,14.824388900591002,14.913013458251953,7887500,0.0,0.0
2023-09-04,15.041922021787562,15.211112693473488,14.985525131225588,14.985525131225586,2102400,0.0,0.0
2023-09-05,15.03386604813979,15.146659836350235,14.864675365824123,15.058036804199219,7772100,0.0,0.0
2023-09-06,15.082206476483563,15.235284862723397,14.904958870158598,14.945241928100586,6549400,0.0,0.0
2023-09-08,14.945241236191176,15.074148859677779,14.735767500550514,14.84856128692627,5797400,0.0,0.0
2023-09-11,14.872732380997826,15.154718419189177,14.792166258686253,15.082207679748535,11056800,0.0,0.0
2023-09-12,15.066093321284324,15.275567054748535,15.009694891982345,15.275567054748535,7519800,0.0,0.0
2023-09-13,15.283625837095169,15.420590394417278,15.146661279773062,15.3319673538208,5861900,0.0,0.0
2023-09-14,15.396419695830946,15.533384240014533,15.227227476921758,15.291681289672852,5553500,0.0,0.0
2023-09-15,15.364191192552138,15.396418865539781,15.098319037204199,15.243340492248535,9517000,0.0,0.0
2023-09-18,15.20305882923594,15.243341887457538,14.937186649552968,15.041923522949219,7487900,0.0,0.0
2023-09-19,15.058037242003538,15.20305870917631,14.921072693751494,15.017752647399902,4933400,0.0,0.0
2023-09-20,15.066094134376304,15.195001763480473,14.9694126441981,15.001640319824219,5989300,0.0,0.0
2023-09-21,14.904958752543997,14.937186428003407,14.695483472158282,14.759937286376953,10103400,0.0,0.0
2023-09-22,14.808277557454401,14.832448314529799,14.631029949002018,14.679369926452637,6417400,0.0,0.0
2023-09-25,14.679368955920076,14.735767385367197,14.486007522201598,14.59074592590332,6930400,0.0,0.0
2023-09-26,14.526293110126215,14.558519249604325,14.284590148889565,14.373214721679688,7833200,0.0,0.0
2023-09-27,14.461838074143465,14.598802612943432,14.1637382414494,14.236248970031738,6403100,0.0,0.0
2023-09-28,14.228192437954057,14.397384654806334,14.147624788819645,14.324873924255371,5400600,0.0,0.0
2023-09-29,14.510178989628104,14.856618818301147,14.510178989628104,14.542405128479004,8810200,0.0,0.0
2023-10-02,14.550462020822366,14.679369649391102,14.429611311126694,14.52629280090332,5237600,0.0,0.0
2023-10-03,14.469894105995538,14.977469228879192,14.469894105995538,14.62297248840332,12001600,0.0,0.0
2023-10-04,14.647143112890532,14.913015281681941,14.647143112890532,14.67131233215332,9971900,0.0,0.0
2023-10-05,14.67936925080762,14.759936900650493,14.477950894550489,14.67131233215332,7074200,0.0,0.0
2023-10-06,14.542405232681869,14.72771129502791,14.469894498872582,14.639086723327637,10476500,0.0,0.0
2023-10-09,14.582688611587656,14.832446931273898,14.397384101391411,14.808276176452637,9749000,0.0,0.0
2023-10-10,14.864675080835609,15.211113357511437,14.695482865063617,15.138604164123535,12459400,0.0,0.0
2023-10-11,15.307793882176798,15.493098386679362,15.18694318518382,15.444758415222168,11682500,0.0,0.0
2023-10-13,15.372249219455503,15.452816871035171,15.16277394002842,15.283624649047852,9986500,0.0,0.0
2023-10-16,15.348078304876896,15.630064314151038,15.34002292283203,15.476985931396484,9590200,0.0,0.0
2023-10-17,15.396421172754719,15.517271891168283,15.291682756549442,15.3319673538208,7059500,0.0,0.0
2023-10-18,15.227228925025008,15.597839536113794,15.227228925025008,15.493101119995117,12195600,0.0,0.0
2023-10-19,15.501156847302916,15.517270684958879,15.251398510436069,15.283624649047852,8692100,0.0,0.0
2023-10-20,15.203057140619162,15.517269262608272,15.195000222529698,15.468929290771484,9037800,0.0,0.0
2023-10-23,15.4205877965256,15.775084509290556,15.412530878428669,15.6300630569458,5913500,0.0,0.0
2023-10-24,15.718688710627099,15.831482498415163,15.541441110288696,15.581724166870117,6294300,0.0,0.0
2023-10-25,15.581723369998537,15.694517152018166,15.452815751490382,15.549495697021484,5295100,0.0,0.0
2023-10-26,15.662290446418256,16.105410176845172,15.654233528466861,16.089296340942383,10016800,0.0,0.0
2023-10-27,16.121524978258275,16.443794032114752,15.871766653607017,16.016786575317383,7528500,0.0,0.0
2023-10-30,16.105410304614903,16.2665455915212,15.928162718377967,16.040956497192383,6742100,0.0,0.0
2023-10-31,16.105414226828497,16.258492632999257,15.928166597425761,16.13764190673828,5555900,0.0,0.0
2023-11-01,16.129582254849623,16.733837320510524,16.129582254849623,16.48407745361328,10271800,0.0,0.0
2023-11-03,16.604930711601437,16.96748285115026,16.604930711601437,16.79829216003418,8696800,0.0,0.0
2023-11-06,16.862744051014687,17.33003454888652,16.83857329645752,17.176956176757812,9242900,0.0,0.0
2023-11-07,17.185014941306797,17.53951169606578,17.185014941306797,17.46700096130371,7689400,0.0,0.0
2023-11-08,17.499227132050926,17.644248601833976,17.19307189105352,17.321979522705078,9975500,0.0,0.0
2023-11-09,17.321980007147804,17.434773803822367,16.79829254682989,16.975540161132812,8132400,0.0,0.0
2023-11-10,17.03999191647729,17.362260965616098,17.015822698229407,17.168899536132812,7469100,0.0,0.0
2023-11-13,17.176957017166256,17.265581584845286,16.87080179462975,16.91914176940918,6770600,0.0,0.0
2023-11-14,16.79829095567689,17.185013824816195,16.282658926791072,16.822460174560547,14366100,0.0,0.0
2023-11-16,16.766064905837336,17.499227659204212,16.621043431685607,17.45088768005371,11447800,0.0,0.0
2023-11-17,17.45088632882429,17.837609205484632,17.434772491455078,17.434772491455078,9812300,0.0,0.0
2023-11-20,17.50728319869271,17.628133905394343,17.305864841956623,17.57979393005371,5631000,0.0,0.0
2023-11-21,17.579793150047305,17.62007774162718,17.05610575310924,17.168899536132812,8142600,0.0,0.0
2023-11-22,17.225297413535184,17.96651703732819,17.225297413535184,17.861780166625977,12303800,0.0,0.0
2023-11-23,17.966517478401713,18.44186494102016,17.853723686153327,18.425752639770508,8151000,0.0,0.0
2023-11-24,18.401582171106327,18.506319046020508,18.15182382577236,18.506319046020508,7124700,0.0,0.0
2023-11-27,18.53854628199078,18.70773696899414,18.39352481501638,18.70773696899414,8490700,0.0,0.0
2023-11-28,18.7319059299583,18.836642792343397,18.538544504762733,18.80441665649414,7328700,0.0,0.0
2023-11-29,18.917212532068007,18.957497127216044,18.619114211473423,18.69968032836914,8709300,0.0,0.0
2023-11-30,18.707737247398747,18.90109869400879,18.570772697295777,18.69968032836914,18510200,0.0,0.0
2023-12-01,18.69968061046527,19.223369598388672,18.651340632258563,19.223369598388672,6808000,0.0,0.0
2023-12-04,19.134743554115058,19.287821932824002,18.96555287504208,19.021949768066406,4051000,0.0,0.0
2023-12-05,19.118631186123913,19.28782341489768,19.038063531312602,19.223369598388672,5428600,0.0,0.0
2023-12-06,19.25559552167553,19.287823197917586,18.62717120195728,18.941383361816406,9732700,0.0,0.0
2023-12-07,18.94138429636798,19.086405773212096,18.86887355794592,19.01389503479004,4454900,0.0,0.0
2023-12-08,19.11057334548777,19.255594809815353,18.89304268569652,19.23948097229004,5190000,0.0,0.0
2023-12-11,19.23948123787627,19.311991971041017,19.134744365916163,19.14280128479004,3996100,0.0,0.0
2023-12-12,19.175028813849966,19.199199572224074,19.005838115332004,19.01389503479004,3939800,0.0,0.0
2023-12-13,19.013893716553724,19.618148803710938,18.96555373985719,19.618148803710938,6426600,0.0,0.0
2023-12-14,19.706772463665367,19.763170897751497,19.15891579141621,19.311992645263672,7535500,0.0,0.0
2023-12-15,19.440900731856374,19.52146838858724,18.901099429469884,19.11057472229004,14701300,0.0,0.0
2023-12-18,19.175026199355102,19.183083117714585,18.941381713730298,19.078346252441406,7989100,0.0,0.0
2023-12-19,19.126687677825867,19.513410568237305,19.038063105844017,19.513410568237305,9284900,0.0,0.0
2023-12-20,19.448955437535396,20.391593379585707,19.39255854525291,20.174062728881836,13693500,0.0,0.0
2023-12-21,20.302971498487945,20.36742531284155,19.85985018019427,19.996814727783203,7837500,0.0,0.0
2023-12-22,20.101551740786434,20.166005550664664,19.843734964573468,20.037097930908203,6896600,0.0,0.0
2023-12-26,20.117665409770122,20.20628998064625,20.020985456723572,20.141836166381836,2389400,0.0,0.0
2023-12-27,20.08543954856551,20.20629025989391,19.972645756219027,20.133779525756836,2335200,0.0,0.0
2023-12-28,20.141835223147538,20.246572090159873,20.037098356135203,20.069324493408203,2621300,0.0,0.0
2024-01-02,20.06932568123271,20.375482455296808,19.972645726991534,20.27880096435547,4261800,0.0,0.0
2024-01-03,20.278802474875977,20.40771011459968,19.71483039855957,19.71483039855957,5590800,0.0,0.0
2024-01-04,19.65843174301144,19.68260249956409,19.303934997073327,19.432844161987305,4164000,0.0,0.0
2024-01-05,19.21531145161292,19.602034325960073,19.102516127403256,19.392559051513672,4090300,0.0,0.0
2024-01-08,19.255595047939497,19.457013409396396,19.23948121021491,19.287822723388672,3050400,0.0,0.0
2024-01-09,19.279763770404315,19.59397588938191,19.263649934379828,19.33616065979004,5939200,0.0,0.0
2024-01-10,19.336161310156797,19.561750411987305,19.295878255440652,19.561750411987305,4094900,0.0,0.0
2024-01-11,19.497298400592502,19.58592143648144,19.38450307092449,19.465070724487305,7743700,0.0,0.0
2024-01-12,19.448954299691945,19.964586291893948,19.40061432866362,19.908187866210938,6487000,0.0,0.0
2024-01-15,19.980699947621474,20.10155218844707,19.859849243495955,19.92430305480957,2371300,0.0,0.0
2024-01-16,19.738997874019386,19.916245464982246,19.553693364826394,19.610090255737305,8494900,0.0,0.0
2024-01-17,19.61815043211636,19.690661171529992,19.50535509486166,19.62620735168457,5748400,0.0,0.0
2024-01-18,19.65843010974525,19.738997754860193,19.207253448481595,19.27976417541504,6269800,0.0,0.0
2024-01-19,19.27976611260337,19.27976611260337,18.941383198480654,19.13474464416504,6596700,0.0,0.0
2024-01-22,19.134744498989427,19.295879804187297,18.957496892631898,19.09446144104004,4399700,0.0,0.0
2024-01-23,19.166970636308942,19.6423165214196,19.013892262327523,19.561750411987305,4933300,0.0,0.0
2024-01-24,19.64231805214519,19.71482878564504,19.352276654845937,19.473127365112305,4676900,0.0,0.0
2024-01-25,19.47312653128894,19.593977236380578,19.376445045195577,19.497297286987305,1992200,0.0,0.0
2024-01-26,19.537579528366127,19.78733784670016,19.473125719225088,19.610090255737305,1670500,0.0,0.0
2024-01-29,19.537581089409134,19.577864147078373,19.038062876129786,19.14280128479004,4990200,0.0,0.0
2024-01-30,19.134744247090563,19.134744247090563,18.844701316232726,18.957496643066406,3770100,0.0,0.0
2024-01-31,18.957494062691083,19.263649252824543,18.87692642211914,18.87692642211914,4225700,0.0,0.0
2024-02-01,18.87692946251405,18.957497116062545,18.45797889342202,18.61105728149414,6361900,0.0,0.0
2024-02-02,18.611054702932723,18.7399623160701,18.200161109794863,18.530487060546875,7729900,0.0,0.0
2024-02-05,18.68356758943868,19.005836659574506,18.433807715470792,18.901098251342773,7060400,0.0,0.0
2024-02-06,18.933326279489616,19.24753843663922,18.844701707288376,19.13474464416504,3419800,0.0,0.0
2024-02-07,19.070290433199947,19.16697192238594,18.828589015285175,18.957496643066406,4324300,0.0,0.0
2024-02-08,19.021948296070587,19.021948296070587,18.449919418161027,18.530487060546875,5304100,0.0,0.0
2024-02-09,18.449920110771192,18.578827728747758,17.990686529642172,18.08736801147461,5039100,0.0,0.0
2024-02-14,17.998742494811083,18.4338052982702,17.998742494811083,18.15987777709961,5142500,0.0,0.0
2024-02-15,18.15987833191075,18.449919697511376,18.111536823727324,18.14376449584961,5142400,0.0,0.0
2024-02-16,18.135707984040817,18.22433254766221,17.813438939099402,18.08736801147461,4934800,0.0,0.0
2024-02-19,17.942346330432937,18.039026274344113,17.652303425299397,17.894004821777344,3234200,0.0,0.0
2024-02-20,17.70870192762434,17.958461801650536,17.644248113582126,17.902063369750977,5877500,0.0,0.0
2024-02-21,17.83760913264416,17.98263059497462,17.4267155016079,17.869836807250977,6633500,0.0,0.0
2024-02-22,17.90206229590956,17.96651610608556,17.410602569580078,17.410602569580078,6483100,0.0,0.0
2024-02-23,17.434773767935386,17.467001445033343,17.048050862961272,17.120561599731445,6887100,0.0,0.0
2024-02-26,17.12056134374524,18.0309716943469,17.088333667129152,17.837610244750977,8784300,0.0,0.0
2024-02-27,18.055142737062507,18.466036400208136,17.9584627790872,18.449922561645508,5705000,0.0,0.0
2024-02-28,18.3371263292167,18.68356612879123,18.014857284275287,18.08736801147461,5475200,0.0,0.0
2024-02-29,18.304901602530286,18.941384413343442,18.256561622183803,18.57883071899414,9181400,0.0,0.0
2024-03-01,18.58688646973721,18.8366448119726,18.135709762573242,18.135709762573242,5866600,0.0,0.0
2024-03-04,18.11959634664042,18.337128554638422,17.982631793830592,18.167936325073242,3533600,0.0,0.0
2024-03-05,18.119594004277243,18.602998336215233,18.047083277651545,18.280729293823242,4177600,0.0,0.0
2024-03-06,18.377409151176142,18.441862959349358,17.281694412231445,17.281694412231445,14243200,0.0,0.0
2024-03-07,17.330035646336142,17.434772515983127,17.168900345817583,17.289751052856445,6239900,0.0,0.0
2024-03-08,17.20112877940952,17.523397857963058,17.176958022255437,17.46700096130371,5482900,0.0,0.0
2024-03-11,17.289752437466912,17.885952175110813,17.273640135484833,17.781213760375977,4695000,0.0,0.0
2024-03-12,17.950405653775448,18.280731657016766,17.81344110096562,18.167936325073242,5604800,0.0,0.0
2024-03-13,18.248502264095563,18.9574957190345,18.240445345664433,18.73996353149414,6702800,0.0,0.0
2024-03-14,18.812476149614696,19.09446217621796,18.772191553414107,18.973609924316406,5582600,0.0,0.0
2024-03-15,19.094460542146642,19.303934277662435,18.73190689086914,18.73190689086914,12457800,0.0,0.0
2024-03-18,18.683568440032715,18.78830531633259,18.474093150732756,18.64328384399414,7898500,0.0,0.0
2024-03-19,18.691623965726187,18.820531590038776,18.554659422806555,18.68356704711914,7264700,0.0,0.0
2024-03-20,18.586885982380878,18.756078203568677,18.50631833118193,18.71579360961914,5452800,0.0,0.0
2024-03-21,18.731907022061336,18.884985402195067,18.538545585592455,18.68356704711914,5940800,0.0,0.0
2024-03-22,18.643282903531922,18.8124751249586,18.345184591385117,18.570772171020508,4349500,0.0,0.0
2024-03-25,18.586886021762677,18.62717061579757,18.18404930161455,18.337127685546875,5119500,0.0,0.0
2024-03-26,18.329069165284924,18.369352219100055,17.845664836003344,18.039026260375977,7015300,0.0,0.0
2024-03-27,17.587852064489812,17.740930456466835,17.305866038226945,17.644248962402344,15790300,0.0,0.0
2024-03-28,17.660362439965464,17.6845331971627,17.185014971987776,17.321979522705078,13473200,0.0,0.0
2024-04-01,17.152786686290582,17.217240494051985,16.7902330571952,16.806346893310547,10333600,0.0,0.0
2024-04-02,16.838573028841253,16.878857619129626,16.564643961680297,16.806346893310547,7043900,0.0,0.0
2024-04-03,16.798291340211573,17.09638964906778,16.621042201940202,16.91108512878418,15236100,0.0,0.0
2024-04-04,17.10444583701902,17.458942561716324,17.10444583701902,17.265581130981445,10953700,0.0,0.0
2024-04-05,17.265583073271795,17.354207648590947,16.983597045465586,17.120561599731445,5406800,0.0,0.0
2024-04-08,17.1527889751781,17.442830380457867,16.999710585055322,17.362262725830078,9001600,0.0,0.0
2024-04-09,17.402544562339482,18.079310295192126,17.378373808773333,18.055139541625977,13704800,0.0,0.0
2024-04-10,17.91012011673892,18.039027743586423,17.676475619340366,18.00680160522461,8163800,0.0,0.0
2024-04-11,17.966516494750977,18.087368736057886,17.757042759672515,17.966516494750977,7617500,0.0,0.0
2024-04-12,17.765099087436962,17.861780578290436,17.62813453846964,17.805383682250977,6907300,0.0,0.0
2024-04-15,17.72481655952911,18.764136086317603,17.6361919849874,18.55466079711914,14180500,0.0,0.0
2024-04-16,18.554660719266074,18.812475985905433,18.119596304287008,18.224334716796875,11443200,0.0,0.0
2024-04-17,18.30490199872674,18.345186597137634,17.869839092791224,18.047086715698242,6657500,0.0,0.0
2024-04-18,18.04708397484894,18.15987929656867,17.813439486351065,18.07125473022461,8218700,0.0,0.0
2024-04-19,18.030972632957628,18.18405103145221,17.82149887084961,17.82149887084961,7139300,0.0,0.0
2024-04-22,17.98263265221734,17.98263265221734,17.75704505096246,17.82149887084961,4851600,0.0,0.0
2024-04-23,17.73287335957663,17.902064051619156,17.61202264573194,17.748987197875977,3618400,0.0,0.0
2024-04-24,17.64424933989578,17.958463049802724,17.628135501090245,17.732873916625977,4601200,0.0,0.0
2024-04-25,17.789268216052,17.8859496980561,17.54756681609179,17.797325134277344,6801300,0.0,0.0
2024-04-26,17.96651603386781,18.57077107810148,17.853722250688204,18.457977294921875,8910900,0.0,0.0
2024-04-29,18.522432416292784,18.852758407592773,18.49020627740262,18.852758407592773,6087700,0.0,0.0
2024-04-30,18.73996540458602,18.909156098450495,18.715794646876716,18.884986877441406,4228900,0.0,0.0
2024-05-02,18.90915562443584,19.69065986707685,18.90915562443584,19.231426239013672,9069400,0.0,0.0
2024-05-03,19.497298702727,19.505354085177952,19.030008148861654,19.223369598388672,7196200,0.0,0.0
2024-05-06,19.336162460741804,19.481183925069388,18.85275809188323,19.23948097229004,8086900,0.0,0.0
2024-05-07,19.29588082784808,19.61009299928294,19.255596231061407,19.585922241210938,5924700,0.0,0.0
2024-05-08,19.40061821882058,19.85179495785354,19.368392077239793,19.71483039855957,4189400,0.0,0.0
2024-05-09,19.56175120005199,19.90013409807983,19.43284357572711,19.82762336730957,4949700,0.0,0.0
2024-05-10,19.835681915283203,20.14183716402834,19.59397894729473,19.835681915283203,8902600,0.0,0.0
2024-05-13,19.851793336935504,20.246573143442724,19.84373641802309,20.23851776123047,5154900,0.0,0.0
2024-05-14,20.26268768310547,20.415766074343143,20.109609291867795,20.26268768310547,6272800,0.0,0.0
2024-05-15,20.947509612328417,22.18824745775163,20.88305579806618,21.906261444091797,20938700,0.0,0.0
2024-05-16,21.922373205414498,22.921409606933594,21.793465580063668,22.921409606933594,13125200,0.0,0.0
2024-05-17,22.800556371622946,23.59011746342229,22.719990261808764,23.517606735229492,17089200,0.0,0.0
2024-05-20,23.485381633065433,23.872104534631127,23.453155492951733,23.686800003051758,7082800,0.0,0.0
2024-05-21,23.557893298097028,23.767368595546557,23.163113461761476,23.75931167602539,10462100,0.0,0.0
2024-05-22,23.565947244232188,24.162145383272,23.39675656573579,23.646514892578125,11167000,0.0,0.0
2024-05-23,23.364528361459392,23.751251220703125,23.283960714941937,23.751251220703125,7614200,0.0,0.0
2024-05-24,23.767367233985937,23.98489943849487,23.453155074162048,23.654573440551758,5042100,0.0,0.0
2024-05-27,23.646513847144707,23.646513847144707,23.06642803406013,23.332300186157227,3326900,0.0,0.0
2024-05-28,23.56594685724955,23.574003775621847,22.881124162604852,23.32424545288086,9740900,0.0,0.0
2024-05-29,23.11476939500199,23.565946051524406,23.050315586927358,23.292016983032227,7892500,0.0,0.0
2024-05-31,23.23562240600586,23.46121152507296,22.993920985841225,23.23562240600586,8797100,0.0,0.0
2024-06-03,23.35647132873513,23.364528247017414,22.72804553301713,23.187280654907227,5002000,0.0,0.0
2024-06-04,22.929464988905426,23.138940264275554,22.671649738203765,22.921409606933594,7125000,0.0,0.0
2024-06-05,22.67970639758133,23.23562148598864,22.63136642280246,23.018089294433594,7856300,0.0,0.0
2024-06-06,23.114770585612142,23.63040107676861,23.034202937193925,23.501493453979492,5807700,0.0,0.0
2024-06-07,23.28396274567284,23.662630256320682,23.243679687250815,23.557891845703125,7724800,0.0,0.0
2024-06-10,23.565948486328125,23.88821755999771,23.44509777578955,23.565948486328125,5402100,0.0,0.0
2024-06-11,23.68679848108318,23.912387594184967,23.485380124038766,23.775423049926758,6862100,0.0,0.0
2024-06-12,23.8559896212292,23.880158839493436,23.27590379568682,23.517606735229492,10028200,0.0,0.0
2024-06-13,23.517606901976993,23.582060712305363,23.30813163423478,23.41286849975586,3906500,0.0,0.0
2024-06-14,23.38870067281301,23.445097568118115,22.881125541666766,23.050317764282227,6742800,0.0,0.0
2024-06-17,23.05837493249285,23.10671490946281,22.373552189167732,22.421892166137695,6752900,0.0,0.0
2024-06-18,22.49440448524973,23.283964157104492,22.438007585360143,23.283964157104492,9346600,0.0,0.0
2024-06-19,23.122827355954442,23.847933113671814,23.122827355954442,23.694854736328125,5051900,0.0,0.0
2024-06-20,23.82376246846653,24.113805387574835,23.574004141845528,23.791536331176758,6045600,0.0,0.0
2024-06-21,23.654571189981,24.895307409809956,23.58206046204359,24.710002899169922,14539700,0.0,0.0
2024-06-24,24.78251441937755,25.048386584747686,24.60526682136415,24.975875854492188,6100400,0.0,0.0
2024-06-25,24.97587766457322,25.41094207763672,24.766402377176,25.41094207763672,7187900,0.0,0.0
2024-06-26,25.427052336234837,25.813776740119454,25.427052336234837,25.69292449951172,8249900,0.0,0.0
2024-06-27,25.70098334377378,26.418033775861293,25.70098334377378,26.313295364379883,8966100,0.0,0.0
2024-06-28,26.152161332756112,26.37775200491444,25.692927679055998,25.99908447265625,8110100,0.0,0.0
2024-07-01,25.97491145994827,26.611391102608543,25.910456113481363,26.321348190307617,6116400,0.0,0.0
2024-07-02,26.321348025129844,26.82892311847121,26.321348025129844,26.42608642578125,4658600,0.0,0.0
2024-07-03,26.64362029856511,26.853097113154394,25.120897995359464,25.14506721496582,8150700,0.0,0.0
2024-07-04,25.30620369806224,25.54790512560755,25.032274593937448,25.265920639038086,4591300,0.0,0.0
2024-07-05,25.491507696466748,25.684869141808953,25.02421715271471,25.137012481689453,3344600,0.0,0.0
2024-07-08,25.12895393371582,25.209521581560608,24.790571042127755,25.12895393371582,2887600,0.0,0.0
2024-07-09,25.17729490219132,25.217577959354777,24.911422729492188,24.911422729492188,2773100,0.0,0.0
2024-07-10,24.94364820230161,25.12089733717151,24.476357682853845,24.830854415893555,4806000,0.0,0.0
2024-07-11,24.935591684041643,25.620412826538086,24.830853284264528,25.620412826538086,6572800,0.0,0.0
2024-07-12,25.65264212059205,26.119931111577213,25.588188307694086,25.86211585998535,3849800,0.0,0.0
2024-07-15,25.749323128151843,26.00713839032255,25.620415497066492,25.797664642333984,4709300,0.0,0.0
2024-07-16,25.797662643621962,25.942684101532276,25.46733667247072,25.555959701538086,4336600,0.0,0.0
2024-07-17,25.660698961890212,26.12798948816598,25.459280605104105,25.974912643432617,5299700,0.0,0.0
2024-07-18,25.83794513397177,25.950738915791156,24.919477969556688,25.338428497314453,6222600,0.0,0.0
2024-07-19,25.3384299118245,25.684868194852438,24.95170549869778,25.15312385559082,8048900,0.0,0.0
2024-07-22,25.056443735532362,25.3625989597931,24.83085462412438,25.257862091064453,3671300,0.0,0.0
2024-07-23,25.137009384304772,25.29008621590094,24.50858361185216,24.63749122619629,5295700,0.0,0.0
2024-07-24,24.564982761601215,25.153123998256742,24.444132054119958,24.871139526367188,3975500,0.0,0.0
2024-07-25,24.87113911729188,24.927536010742188,24.387734758617675,24.927536010742188,5140000,0.0,0.0
2024-07-26,25.8218321440034,26.982003819949984,25.8218321440034,26.603336334228516,9296400,0.0,0.0
2024-07-29,26.788642125751863,27.135081954002032,26.474429973013407,27.054515838623047,6489000,0.0,0.0
2024-07-30,27.175363841496143,27.932695743008225,26.90143475824281,27.844074249267578,6964100,0.0,0.0
2024-07-31,27.69099663240449,27.87630116389845,26.990061565727277,27.16731071472168,10988100,0.0,0.0
2024-08-01,27.51374803551859,27.87629860938329,27.191477443860922,27.795732498168945,8796700,0.0,0.0
2024-08-02,27.787680347130387,27.860191085013785,26.546942420414684,26.71613311767578,7284000,0.0,0.0
2024-08-05,26.27301076364106,26.772527424357822,25.8701740529404,26.546939849853516,7152800,0.0,0.0
2024-08-06,26.474429508149505,26.6839032484969,25.60430226171374,25.72515296936035,8720700,0.0,0.0
2024-08-07,25.725153793132392,25.837947585654433,25.137012536838647,25.61236000061035,7675500,0.0,0.0
2024-08-08,25.684867336381984,26.61944989489305,25.676811954671596,26.377748489379883,5174600,0.0,0.0
2024-08-09,26.58722475002053,26.97394765030369,26.43414789576274,26.836984634399414,3964200,0.0,0.0
2024-08-12,26.99005954754663,27.191477902379066,26.836982704298045,26.982004165649414,4277900,0.0,0.0
2024-08-13,27.304273814598623,28.190516488883112,27.159252341959352,28.118005752563477,9559300,0.0,0.0
2024-08-14,29.826031785199817,30.083847045898438,28.818939962658227,30.083847045898438,22563300,0.0,0.0
2024-08-15,30.188583535170558,30.921746212395508,29.89048216181745,30.55113410949707,15794400,0.0,0.0
2024-08-16,30.663931179100057,30.994257155212846,29.366796493530273,29.366796493530273,10443700,0.0,0.0
2024-08-19,29.664894803468634,30.88951875932168,29.40707955733117,30.744497299194336,10223200,0.0,0.0
2024-08-20,31.16111289883895,31.65424749410096,30.395900129687032,30.718990325927734,14297200,2.0,0.0
2024-08-21,30.863527311801334,31.220627668980658,30.73599401832854,31.076086044311523,7361000,0.0,0.0
2024-08-22,31.178113671896092,31.288645122170262,30.548941633019215,30.787006378173828,4544000,0.0,0.0
2024-08-23,30.991065353299994,30.991065353299994,29.52866016474472,29.613685607910156,9107100,0.0,0.0
2024-08-26,29.698710201335157,29.96228423130794,29.22257741140056,29.75822639465332,8305200,0.0,0.0
2024-08-27,29.860250942573625,30.055804594530564,29.69870746749328,29.74121856689453,5210000,0.0,0.0
2024-08-28,29.741221058536187,29.89426362391338,29.562672480059213,29.792236328125,4505400,0.0,0.0
2024-08-29,29.7582258097798,29.911268373415517,29.401128656889263,29.707210540771484,4689800,0.0,0.0
2024-08-30,29.97078515461513,30.013296257929635,29.392625068047863,29.75822639465332,12041600,0.0,0.0
2024-09-02,29.613689011591365,29.613689011591365,28.78045578974665,29.14605712890625,4143900,0.0,0.0
2024-09-03,29.16305911731952,29.19706929487691,28.610408327262622,28.780452728271484,5025600,0.0,0.0
2024-09-04,28.99301040900396,29.409626960321372,28.83146693661787,29.22257423400879,7835700,0.0,0.0
2024-09-05,29.299096589202843,30.047304278649,29.095042010601468,29.418128967285156,8739400,0.0,0.0
2024-09-06,29.341609473789365,29.43513584608131,29.052529433700293,29.197071075439453,4404500,0.0,0.0
2024-09-09,29.05252812297949,29.724214545146076,28.695430983127338,28.822967529296875,6618300,0.0,0.0
2024-09-10,28.52538147895769,29.239578955555057,28.304321822496338,29.086536407470703,14196500,0.0,0.0
2024-09-11,29.078036782571296,29.14605389398302,28.355335108063915,28.55939292907715,5985300,0.0,0.0
2024-09-12,28.35533533456871,28.64441535800305,28.21079694454607,28.4743709564209,5097900,0.0,0.0
2024-09-13,28.440363432603668,28.788959677798125,27.615634385738264,28.10877227783203,9431200,0.0,0.0
2024-09-16,28.185290707840092,28.66992438393386,28.151280530439713,28.55939292907715,4443000,0.0,0.0
2024-09-17,29.273592120966224,29.664699453394743,29.010018096039584,29.018522262573242,9401400,0.0,0.0
2024-09-18,28.882483608976408,28.899488697960013,27.768674605968336,27.802684783935547,7273300,0.0,0.0
2024-09-19,28.015243056193178,28.499876732147964,27.56461631423998,27.921716690063477,9621600,0.0,0.0
2024-09-20,28.00674082732498,28.559394896287067,27.437084911880625,27.496601104736328,25320800,0.0,0.0
2024-09-23,26.56984546218608,27.615634190371004,26.40830034770148,27.045976638793945,10939300,0.0,0.0
2024-09-24,27.46259021694511,27.632637867886864,26.943947962792475,27.224525451660156,8217900,0.0,0.0
2024-09-25,27.03747298099017,27.03747298099017,26.348783069025945,26.552839279174805,11384200,0.0,0.0
2024-09-26,26.552839217174395,26.799408150754324,26.450811923185498,26.680374145507812,6978000,0.0,0.0
2024-09-27,26.45931393071726,26.7909050619902,26.21274500214385,26.4508113861084,5592000,0.0,0.0
2024-09-30,26.416803609666758,26.901437344576312,26.229752476347457,26.892934799194336,16395000,0.0,0.0
2024-10-01,27.03747236486729,28.091765192486683,26.867426337798843,27.564617156982422,16087400,0.0,0.0
2024-10-02,28.193793783577192,28.5678960333834,27.71766099377807,28.10026741027832,12037300,0.0,0.0
2024-10-03,27.80268490031314,28.236303319348355,27.284041036003984,27.54761505126953,9456900,0.0,0.0
2024-10-04,27.24152912917644,27.581621170043945,27.13950021956058,27.581621170043945,4456400,0.0,0.0
2024-10-07,27.819691562302477,27.887708678978235,27.3605638620313,27.411579132080078,5740800,0.0,0.0
2024-10-08,27.530611414214896,27.607132697302717,27.31805265490308,27.505102157592773,4223400,0.0,0.0
2024-10-09,27.33505760423013,27.70915985107422,26.93544610089515,27.70915985107422,9910200,0.0,0.0
2024-10-10,27.709157695459268,27.81968914928306,27.130997658611896,27.530609130859375,7433300,0.0,0.0
2024-10-11,27.522106470249778,27.522106470249778,26.81641309582757,27.09699058532715,5083300,0.0,0.0
2024-10-14,26.952449558360723,27.870701651686662,26.952449558360723,27.836694717407227,4119200,0.0,0.0
2024-10-15,27.71765992161569,28.55089308238072,27.692153909298714,28.542388916015625,7671500,0.0,0.0
2024-10-16,28.62741004576126,29.19706916546089,28.151280535624412,28.98451042175293,11127100,0.0,0.0
2024-10-17,28.55939374663724,29.426633834838867,28.533887734551325,29.426633834838867,5423300,0.0,0.0
2024-10-18,29.418129439389794,29.707209466538465,29.05252813319033,29.511655807495117,5869100,0.0,0.0
2024-10-21,29.579677465302872,29.8177422357635,29.4011288874574,29.622188568115234,7593000,0.0,0.0
2024-10-22,29.511657556607798,29.928274154663086,29.21407658898923,29.928274154663086,4921300,0.0,0.0
2024-10-23,29.919768195684732,30.038803818990985,29.43513450979969,29.885761260986328,5339000,0.0,0.0
2024-10-24,29.758226408375254,30.030301361780687,29.2905977849215,29.54566764831543,8126000,0.0,0.0
2024-10-25,29.23107840920257,29.800734267317885,28.950499319643257,29.43513298034668,8784000,0.0,0.0
2024-10-28,29.58817937373017,30.821020856675045,29.52016225564342,30.667978286743164,6300400,0.0,0.0
2024-10-29,30.659473076253395,31.01657019390332,30.608457812279593,30.94855308532715,6399100,0.0,0.0
2024-10-30,31.11859928046185,31.280146004039207,30.45541702734369,31.203624725341797,7808800,0.0,0.0
2024-10-31,31.305652034193837,31.620238071961676,30.616960525512695,30.616960525512695,9774900,0.0,0.0
2024-11-01,30.701985839987174,30.80401313008042,30.123825790476985,30.18334197998047,6022400,0.0,0.0
2024-11-04,30.608459114933158,30.718990569886014,30.327880016219535,30.684980392456055,3728900,0.0,0.0
2024-11-05,30.582954291322448,30.778507954055996,30.293874258718688,30.625465393066406,3331500,0.0,0.0
2024-11-06,30.676478204913206,31.56922424361045,30.09831818599922,31.4246826171875,7834000,0.0,0.0
2024-11-07,31.220630184213583,31.37367274342162,29.86025224051871,30.48942756652832,8821600,0.0,0.0
2024-11-08,30.30237337897355,30.327879389824698,29.613685138880765,29.732717514038086,6850100,0.0,0.0
2024-11-11,29.73271978758305,30.378896977871577,29.73271978758305,29.919769287109375,4096500,0.0,0.0
2024-11-12,30.523435468344385,30.667973850488977,30.05580365931451,30.3533878326416,9901200,0.0,0.0
2024-11-13,30.353392661122818,30.974063873291016,29.928275125934515,30.974063873291016,4726200,0.0,0.0
2024-11-14,31.32265910588602,31.62874424023043,29.732720484029556,29.928274154663086,21223400,0.0,0.0
2024-11-18,29.979284387285418,30.55744444124821,29.673202514648438,29.673202514648438,12644000,0.0,0.0
2024-11-19,29.70721090372445,29.860253469229995,29.265088297085022,29.63068962097168,26292700,0.0,0.0
2024-11-21,29.443636903482766,29.715711825025423,29.197067992275702,29.46914291381836,5876400,0.0,0.0
2024-11-22,29.741221494121547,30.421408881654738,29.503156719332257,30.310880661010742,6956500,0.0,0.0
2024-11-25,30.127175398171698,30.529573440551758,29.95222349982526,30.529573440551758,6371900,1.0,0.0
2024-11-26,30.590805000022424,30.70452305810168,30.293382123135693,30.66953468322754,4240900,0.0,0.0
2024-11-27,30.722020204916323,30.853237461436116,30.48583114537676,30.792003631591797,4243700,0.0,0.0
2024-11-28,30.722020301488364,32.11290920959783,30.564560927967033,31.824235916137695,11298400,0.0,0.0
2024-11-29,31.876717754232224,33.14513890696421,31.806737669588237,32.64651870727539,12161200,0.0,0.0
2024-12-02,32.436573584929825,33.14513734209058,32.25286878030199,32.91769790649414,7711900,0.0,0.0
2024-12-03,32.88270879405427,33.78372368579054,32.75149154281411,33.608768463134766,6809700,0.0,0.0
2024-12-04,33.573779966625956,34.177371978759766,33.35508677334646,34.177371978759766,4116300,0.0,0.0
2024-12-05,34.36107376908872,34.43105719332398,33.47755472857516,34.11613845825195,5966600,0.0,0.0
2024-12-06,34.44855522961243,34.50103946411725,33.783726005274076,34.133636474609375,6211600,0.0,0.0
2024-12-09,34.168628431931566,35.02590541720666,34.07240288533037,34.92967987060547,5953700,0.0,0.0
2024-12-10,35.07838558606988,35.20085657290778,33.37258141038535,33.56502914428711,11656200,0.0,0.0
2024-12-11,33.46880340862589,34.15112841181114,33.18887640008589,33.879947662353516,8429100,0.0,0.0
2024-12-12,33.50379552358432,33.98491986676115,33.057662891145895,33.2501106262207,7961300,0.0,0.0
2024-12-13,33.24136386348266,34.62350638377365,33.23261760442715,33.62626266479492,9018000,0.0,0.0
2024-12-16,33.626266584623046,34.92967957738126,33.59127820732925,34.54478073120117,7137200,0.0,0.0
2024-12-17,34.55352693117747,35.53327157056406,34.45730138555143,35.40205764770508,10470700,0.0,0.0
2024-12-18,35.26209232074556,35.393306236880335,33.74873579643631,34.05490493774414,11208600,0.0,0.0
2024-12-19,34.17736852883558,34.72847625462824,33.32883795672547,33.54753112792969,5880700,0.0,0.0
2024-12-20,33.37258244186502,33.49505009549497,32.112907519972346,32.81272506713867,14925000,0.0,0.0
2024-12-23,32.51530125814884,33.048913165340345,32.077914886613925,32.55029296875,6169300,0.0,0.0
2024-12-26,32.57654007606126,32.76898782016336,32.25287174203828,32.532798767089844,3637000,0.0,0.0
2024-12-27,32.366591204978725,32.471562998853,31.474322614564453,31.675519943237305,6766500,0.0,0.0
2024-12-30,31.66677363416232,32.52405051293387,31.66677363416232,31.754249572753906,8809400,0.0,0.0
2025-01-02,31.929204922460876,32.78648180487133,31.308117079642052,32.45406723022461,8364400,0.0,0.0
2025-01-03,32.261620957349216,32.41033072771575,31.59679177796394,31.78049659729004,5857700,0.0,0.0
2025-01-06,31.75425142549587,31.964198362155717,31.49182025741607,31.83298110961914,11830400,0.0,0.0
2025-01-07,31.87671964334552,32.3053597837929,31.316865585042063,31.343111038208008,8887500,0.0,0.0
2025-01-08,31.229390088778068,31.86797384177322,30.95820931545405,31.159406661987305,8075000,0.0,0.0
2025-01-09,31.1769020704662,31.50056707223662,30.704523957400127,31.343111038208008,2943300,0.0,0.0
2025-01-10,31.27312823534363,31.27312823534363,30.223400186618715,30.9232177734375,6306500,0.0,0.0
2025-01-13,30.92321903095077,31.141912244287038,30.58205815206517,31.010698318481445,4223700,0.0,0.0
2025-01-14,30.905725459375134,31.124418665273936,30.363363906110795,30.57331085205078,10922300,0.0,0.0
2025-01-15,30.896974190605217,31.0019459893985,30.14466906910119,30.590805053710938,6991800,0.0,0.0
2025-01-16,30.529573756810695,30.739517371798673,29.26115245869796,29.357378005981445,9125800,0.0,0.0
2025-01-17,29.444851654537135,30.179660923546702,29.287392287106993,29.61105728149414,7182900,0.0,0.0
2025-01-20,29.611058066345237,30.109678297425685,29.49734000451526,29.995960235595703,2881000,0.0,0.0
2025-01-21,29.960970864257863,29.960970864257863,28.48260591198155,29.444854736328125,10433100,0.0,0.0
2025-01-22,29.64604764277426,29.917228393657307,29.18241915812912,29.567317962646484,6822300,0.0,0.0
2025-01-23,29.786012737918465,30.66953512174107,29.436105625220886,30.039697647094727,8924300,0.0,0.0
2025-01-24,30.013456236423284,30.013456236423284,29.427356719970703,29.427356719970703,6504400,0.0,0.0
2025-01-27,29.523583008359513,30.704524993896484,29.523583008359513,30.704524993896484,7010400,0.0,0.0
2025-01-28,30.62579220924046,31.001944755015465,30.36336105420964,30.42459487915039,4751100,0.0,0.0
2025-01-29,30.63454448772965,30.98445161274419,30.389609166520124,30.47708511352539,4629200,0.0,0.0
2025-01-30,30.617046609565303,31.11566681596162,30.083434691879674,30.63454246520996,6861100,0.0,0.0
2025-01-31,30.643288796530502,31.360602194680435,30.564559114441202,31.00194549560547,7385500,0.0,0.0
2025-02-03,31.246884286723127,31.824234179124254,30.783252451330036,31.17690086364746,11103000,0.0,0.0
2025-02-04,31.176902185629725,31.264381468183657,29.80350915097047,29.995960235595703,7938800,0.0,0.0
2025-02-05,30.12717398650754,30.678281784057617,30.083436013970353,30.678281784057617,6401400,0.0,0.0
2025-02-06,30.678282226175458,31.264381744999174,30.678282226175458,31.238136291503906,3965400,0.0,0.0
2025-02-07,31.25563169685941,31.41309106758361,29.960968355233074,30.232149124145508,7070700,0.0,0.0
2025-02-10,30.590807991540647,31.080678657616893,30.477086585347102,30.69577980041504,5024200,0.0,0.0
2025-02-11,30.687029731017912,30.835739497048348,30.13592196309554,30.284631729125977,5030100,0.0,0.0
2025-02-12,30.057192870621506,30.14466881270633,28.648808178900158,28.858755111694336,13379800,0.0,0.0
2025-02-13,28.858755232990443,29.00746500255834,27.99272871994024,28.290151596069336,19956600,0.0,0.0
2025-02-14,28.43011549297056,29.506085617342247,27.931495272822545,29.339879989624023,11185500,0.0,0.0
2025-02-17,29.488591165844205,29.49734076282124,28.26391121154634,28.526342391967773,8307500,0.0,0.0
2025-02-18,28.596320987347234,28.718791979666452,28.16768419370664,28.307647705078125,6375900,0.0,0.0
2025-02-19,28.15893419681358,28.64006188874347,27.599080159287833,27.68655776977539,11009500,0.0,0.0
2025-02-20,27.59908136490315,27.61657722146426,26.8030382448363,27.109209060668945,14319600,0.0,0.0
2025-02-21,27.109208782154713,27.555343108899354,26.951749411715817,27.502857208251953,7766500,0.0,0.0
2025-02-24,27.572838094238882,27.686557820131895,26.73305536792622,26.750551223754883,7257800,0.0,0.0
2025-02-25,26.855526883967197,27.29291330443248,26.855526883967197,27.117958068847656,8456000,0.0,0.0
2025-02-26,27.249172053985394,27.345397594730827,26.811785659319508,27.05672264099121,4704000,0.0,0.0
2025-02-27,27.01298253352842,27.59908035899033,26.70681339735154,27.354145050048828,6532700,0.0,0.0
2025-02-28,27.319154333912177,27.54659546371652,26.77679612849135,27.109209060668945,10402900,0.0,0.0
2025-03-05,27.98398121738613,28.02772085777392,26.785543435204104,27.214181900024414,6153700,0.0,0.0
2025-03-06,27.20543393742143,27.292911549589324,26.59309232074284,26.88176727294922,7684100,0.0,0.0
2025-03-07,26.698066671055535,27.817774804606515,26.698066671055535,27.555343627929688,6048600,0.0,0.0
2025-03-10,27.32790121262206,28.50884478919387,27.32790121262206,28.290151596069336,6223900,0.0,0.0
2025-03-11,28.360132355772325,28.403873665030094,27.85276587091737,28.08895492553711,6304800,0.0,0.0
2025-03-12,28.228920338266605,29.077451072658402,28.132694790614718,28.867504119873047,6593400,0.0,0.0
2025-03-13,29.05120451787613,29.12993420506523,28.438862877182395,28.84126091003418,6372700,0.0,0.0
2025-03-14,29.04245676767136,29.34862590381065,28.745033890996066,29.06869888305664,4397300,0.0,0.0
2025-03-17,29.199917235823378,29.199917235823378,27.65156896679239,28.6488094329834,9380000,0.0,0.0
2025-03-18,31.623038331728626,34.20361544473269,31.59679287834327,33.77497863769531,31084200,0.0,0.0
2025-03-19,33.86245588456598,34.43105956618694,33.43381906106156,34.229862213134766,13236200,0.0,0.0
2025-03-20,34.1948702996014,36.871676379617774,34.159878585275905,35.690731048583984,19307100,0.0,0.0
2025-03-21,35.76946327865391,37.02913838792017,35.507032076554694,36.60049819946289,16829600,0.0,0.0
2025-03-24,36.60049378880081,36.69671932993976,35.437044372474745,35.865684509277344,6807200,0.0,0.0
2025-03-25,36.02314730780232,36.154364574025884,35.37581391115637,35.638248443603516,5904400,0.0,0.0
2025-03-26,36.34681086538208,36.48677438642087,33.941185553344845,34.675994873046875,19179800,0.0,0.0
2025-03-27,34.88594066978095,37.0553768426579,34.86844481310532,36.696720123291016,12738900,0.0,0.0
2025-03-28,36.69672335359872,36.86292900115768,36.040643686980125,36.3730583190918,5414600,0.0,0.0
2025-03-31,36.20684556332382,36.91541273078705,35.716974932281644,35.961910247802734,5554100,0.0,0.0
2025-04-01,35.97940913235576,36.705468880326876,35.708228340924265,36.68797302246094,5513300,0.0,0.0
2025-04-02,36.705465905346706,36.79294518758619,36.11936973081254,36.25058364868164,6166900,0.0,0.0
2025-04-03,36.16311092206043,36.521767668680305,35.52452712134671,35.92692184448242,6437800,0.0,0.0
2025-04-04,35.8569391782655,36.600494736697925,35.55951628749383,35.681983947753906,5776100,0.0,0.0
2025-04-07,34.97341888151343,36.47802928314226,34.929680905488006,35.69948196411133,12473300,0.0,0.0
2025-04-08,35.97940659073649,36.3293137123564,34.43980457722984,34.920928955078125,9288800,0.0,0.0
2025-04-09,34.90343626088084,36.6967198440704,34.52728368770042,36.34680938720703,10280200,0.0,0.0
2025-04-10,35.935668936675825,37.41403379660483,35.926919339786416,36.38180160522461,24989800,0.0,0.0
2025-04-11,36.591751989318425,36.71421966133436,35.90942685852512,36.15436553955078,4056700,0.0,0.0
2025-04-14,36.63548625572664,37.76394064569961,36.23308822658799,37.55399703979492,8476400,0.0,0.0
2025-04-15,37.615234375,38.1051083960852,37.4052874125367,37.615234375,8156200,0.0,0.0
2025-04-16,37.615232169319526,38.787427909936206,37.44027693369142,38.008880615234375,11189600,0.0,0.0
2025-04-17,38.148843008467125,38.411274185653724,37.68521448420436,38.09635543823242,4558000,0.0,0.0
2025-04-22,38.367536973278824,39.30354363723852,38.28005768781923,38.927391052246094,6187300,0.0,0.0
2025-04-23,40.5807121013269,41.95410521305541,39.92463246182627,41.411746978759766,21316400,0.0,0.0
2025-04-24,41.40299668772137,41.45548091809591,40.15207136323118,40.869384765625,13236100,0.0,0.0
2025-04-25,40.85189124559031,41.971599384178205,40.84314164869876,41.87537384033203,9900100,0.0,0.0
2025-04-28,41.98909587961003,42.33900634673753,40.9481174122457,41.3067741394043,10077100,0.0,0.0
2025-04-29,41.1668092223209,41.560454313233,39.98586393860436,40.15207290649414,18809500,0.0,0.0
2025-04-30,39.786222963507335,40.316707611083984,39.32891005588081,40.316707611083984,12066100,2.0,0.0
2025-05-02,39.89597523390481,39.89597523390481,38.981349461075126,39.73134231567383,8195300,0.0,0.0
2025-05-05,39.795365083619025,39.88682975257431,37.792335935273215,38.6246452331543,14738400,0.0,0.0
2025-05-06,39.09110812569047,39.09110812569047,38.441721157720636,38.78927993774414,6086900,0.0,0.0
2025-05-07,38.871596468071594,39.30147171020508,38.46916237244954,39.30147171020508,5265100,0.0,0.0
2025-05-08,39.82280897873673,39.92341837702483,38.560624372157925,38.87159729003906,7385800,0.0,0.0
2025-05-09,39.054522257687466,39.072815192323034,38.36855290944595,38.74354934692383,5486400,0.0,0.0
2025-05-12,38.743550177356376,38.981351354674786,37.9569714162699,38.31367492675781,9020600,0.0,0.0
2025-05-13,38.414282115036336,38.569766820295975,37.36246109008789,37.36246109008789,13803100,0.0,0.0
2025-05-14,37.31672846139399,37.47221664718116,34.89297241088762,35.99052047729492,26683100,0.0,0.0
2025-05-15,36.091131325439925,36.52100654523405,35.487478468866655,35.83503723144531,31610000,0.0,0.0
2025-05-16,34.85638620039012,36.0271059871298,34.85638620039012,35.578941345214844,12466700,0.0,0.0
2025-05-19,35.167361262246054,37.060636311301145,34.956997755575536,36.6673469543457,18417800,0.0,0.0
2025-05-20,37.70087586537803,38.835009881653335,36.996613594278145,38.42342758178711,37144200,0.0,0.0
2025-05-21,38.67952403195614,40.042314453605826,37.90209004647954,38.48745346069336,20371600,0.0,0.0
2025-05-22,38.54233023271067,39.767928930882746,37.62770444270227,38.65208435058594,20232400,0.0,0.0
2025-05-23,38.64294078601222,39.85024658588551,37.79233849668959,38.176483154296875,40102200,0.0,0.0
2025-05-26,38.616903201274944,38.91676725160249,36.339808111520405,36.78960418701172,13088300,1.0,0.0
2025-05-27,37.295627892041594,37.379964883636795,36.40540488623929,36.90205764770508,12412700,0.0,0.0
2025-05-28,37.014505620046904,38.307671627424675,36.94891057960456,37.867244720458984,13172600,0.0,0.0
2025-05-29,37.86724326142612,38.75746622912238,37.86724326142612,38.12962341308594,8366800,0.0,0.0
2025-05-30,38.40137936000948,38.49508911776155,37.38933899891933,37.59549331665039,14173400,0.0,0.0
2025-06-02,37.82976067490525,38.51382579024464,37.04261661793115,37.67982864379883,12622600,0.0,0.0
2025-06-03,37.717311037957074,37.78290607552843,36.386664761896455,36.40540313720703,28548600,0.0,0.0
2025-06-04,36.658417591643854,36.82709158279724,35.66511917114258,35.66511917114258,22612400,0.0,0.0
2025-06-05,35.8431618489635,36.13365673514051,34.69992783041199,35.880645751953125,15007300,0.0,0.0
2025-06-06,35.983722260086616,37.53926838215663,35.983722260086616,36.57407760620117,94414300,0.0,0.0
2025-06-09,73.56047597862599,74.96609016930037,72.34227415364546,73.27935028076172,1258349,0.0,0.0
2025-06-10,74.07586826101644,74.07586826101644,71.49890899658203,71.49890899658203,2323433,0.0,0.0
2025-06-11,71.63946190715026,72.67025129231914,71.03973380086454,71.8268814086914,2818277,0.0,0.0
2025-06-12,71.87373717481238,72.06115669265827,70.16825888369449,71.31149291992188,3502893,0.0,0.0
2025-06-13,71.6863217433465,73.09193589517682,70.40252491091842,71.85499572753906,8596177,0.0,0.0
2025-06-16,71.92059020760641,73.83222629710197,71.49890882507613,73.23249816894531,5648211,0.0,0.0
2025-06-17,72.59528402879063,74.00089812879513,70.91791701153316,71.21778106689453,5800529,0.0,0.0
2025-06-18,71.65821019725661,71.78002751596705,69.71846296471946,70.14014434814453,4828516,0.0,0.0
2025-06-20,69.81216695607557,70.73987026012439,69.02502649187004,70.44937896728516,4013084,0.0,0.0
2025-06-23,69.3436299879283,70.19637265323874,67.00093978563342,68.46277618408203,5540484,0.0,0.0
2025-06-24,68.92195081199985,70.74924636840821,68.45341275657992,70.28070831298828,4028062,0.0,0.0
2025-06-25,70.30881749277405,71.88310560107935,69.34363026940245,71.14281463623047,3974624,0.0,0.0
2025-06-26,72.13612242672781,75.34092102189445,71.17092802353757,75.06916809082031,6376682,0.0,0.0
2025-06-27,75.43462651330204,77.26192205979555,74.5912565882576,75.10665130615234,3325538,0.0,0.0
2025-06-30,75.43462425304656,76.44666813277591,73.2887191772461,73.2887191772461,2690697,0.0,0.0
2025-07-01,73.40117575352619,73.58858812177502,71.0397398773788,71.33023834228516,3667581,0.0,0.0
2025-07-02,71.4520523122672,72.15485938419114,70.14014434814453,70.14014434814453,2658086,0.0,0.0
2025-07-03,69.82154083251953,71.81751031230515,68.88446475104445,69.82154083251953,2213202,0.0,0.0
2025-07-04,69.82154523372736,70.69302633040603,69.82154523372736,70.56183624267578,287252,0.0,0.0
2025-07-07,70.74924690556338,71.86436977371271,69.71846460567814,70.44001007080078,2223770,0.0,0.0
2025-07-08,69.90587853292777,70.28071041835706,67.75060770302562,67.88179779052734,3661835,0.0,0.0
2025-07-09,68.50025839600444,69.24054933959265,67.37576998636231,67.3945083618164,5160361,0.0,0.0
2025-07-10,66.47617772808175,69.9995785525952,65.81085458596368,69.12809753417969,3570547,0.0,0.0
2025-07-11,69.15621748534828,70.27133315774469,67.84430954497056,69.42796325683594,2419077,0.0,0.0
2025-07-14,69.43733620993562,70.15888879631834,67.94738867201177,68.28473663330078,2650902,0.0,0.0
2025-07-15,68.5471156512361,68.64082182796257,67.12275602743087,67.37577056884766,2763019,0.0,0.0
2025-07-16,67.13213336151159,69.89650508446924,66.81353090908057,69.43733978271484,2406110,0.0,0.0
2025-07-17,69.65287044972676,70.64616885961473,69.53104597727548,70.02770233154297,1314452,0.0,0.0
2025-07-18,69.81216748192818,70.62742623970163,68.95005921006943,69.0718765258789,1502921,0.0,0.0
2025-07-21,68.87509492019127,69.40922802339533,67.79745595075896,67.93801879882812,1542671,0.0,0.0
2025-07-22,68.23788321223607,70.02770204464711,67.93801913787631,69.06250762939453,1352682,0.0,0.0
2025-07-23,69.17496034462091,69.56853060744552,68.2659953452472,68.63145446777344,1828555,0.0,0.0
2025-07-24,68.40655173877923,69.6247534650894,68.07857655071815,69.54041290283203,1384632,0.0,0.0
2025-07-25,69.35300123547646,69.57789748817325,68.87509044283817,69.5029296875,740972,0.0,0.0
2025-07-28,69.5216758139256,72.07988947746158,69.35300183561266,71.02099609375,1448983,0.0,0.0
2025-07-29,71.02100042634788,71.21778555483057,70.25259828922923,70.42127227783203,1906785,0.0,0.0
2025-07-30,70.2713376141582,71.21778651571714,69.44671318615374,70.16825866699219,1947841,0.0,0.0
2025-07-31,70.16825573934668,72.55780265220649,69.83090777166474,72.0517807006836,2735536,0.0,0.0
2025-08-01,71.65820850142273,72.37038831926202,70.60868072509766,70.60868072509766,1283298,0.0,0.0
2025-08-04,70.75861619086662,72.0611513588597,70.75861619086662,71.57386779785156,857060,0.0,0.0
2025-08-05,72.16423216693539,72.52031850971906,71.22715607077743,71.49890899658203,16516753,0.0,0.0
2025-08-06,71.32086083830086,72.26730967849022,70.51497483961653,70.98351287841797,813985,0.0,0.0
2025-08-07,71.68632422829296,71.96744992813332,70.74924809458977,71.92059326171875,670915,0.0,0.0
2025-08-08,71.92058993378106,72.52969082236828,71.03037050768503,72.08926391601562,2206177,0.0,0.0
2025-08-11,72.08926099969004,72.61402130126953,71.42393786038093,72.61402130126953,1783552,0.0,0.0
2025-08-12,72.3610170928084,73.24187090858952,71.60198774476403,71.87373352050781,1409509,0.0,0.0
2025-08-13,72.30479276810344,73.61669354256675,71.60198571778824,73.52298736572266,1489706,0.0,0.0
2025-08-14,72.8014414404861,72.8014414404861,69.19369288748537,70.27133178710938,4187002,0.0,0.0
2025-08-15,70.09329699061975,72.70773308725232,69.87776633622619,71.95807647705078,2708424,0.0,0.0
2025-08-18,73.12004496349039,76.78401584716936,72.9138870831688,75.80945587158203,3541665,0.0,0.0
2025-08-19,76.11869704154596,78.13340499777426,75.7157540204356,78.08655548095703,3206179,0.0,0.0
2025-08-20,77.70234566507828,78.86432513425433,76.79338073730469,76.79338073730469,1989282,0.0,0.0
2025-08-21,77.35563777063271,78.76125197252678,76.74653685328057,78.24585723876953,3247352,0.0,0.0
2025-08-22,78.24585392223247,79.22041391882338,77.53367408831542,77.64612579345703,2101580,0.0,0.0
2025-08-25,77.13073134908025,79.53901663529466,77.13073134908025,78.78936004638672,3027863,0.0,0.0
2025-08-26,78.43326880562195,80.79470464432893,78.2927131063256,80.58854675292969,4616275,0.0,0.0
2025-08-27,80.80407150933574,84.08383770755813,80.6822470464065,83.9620132446289,4314219,0.0,0.0
2025-08-28,84.2431413263544,84.70230660540355,82.35024363429174,82.50955200195312,1998172,0.0,0.0
2025-08-29,82.46269854808061,83.6715276006247,81.61932861033783,81.7692642211914,1870778,0.0,0.0
2025-09-01,81.68491853989737,83.16550043244776,81.68491853989737,82.60325622558594,360925,0.0,0.0
2025-09-02,81.65681190333545,82.84690257029837,81.43191563805777,82.55640411376953,2010871,0.0,0.0
2025-09-03,82.66885402146973,82.80004410246947,81.5537311836487,81.68492126464844,1126560,0.0,0.0
2025-09-04,81.75988995304752,81.85359613344423,80.60728320113039,81.27261352539062,2238364,0.0,0.0
2025-09-05,80.87903772027617,81.75051879882812,80.21371453224755,81.75051879882812,1257694,0.0,0.0
2025-09-08,81.90045097876704,82.12534723658742,79.0985954960098,79.63272857666016,1986245,0.0,0.0
2025-09-09,79.46405606918505,79.79203127402924,78.63942452635023,79.53901672363281,1847058,0.0,0.0
2025-09-10,79.10796077673623,79.745172795651,78.68627940143044,79.4359359741211,1201835,0.0,0.0
2025-09-11,79.52027903406706,80.28868115604769,78.98614593890154,79.50153350830078,4449808,0.0,0.0
2025-09-12,79.24852380648227,79.98881476766509,78.91117584570725,79.06111145019531,630130,0.0,0.0
2025-09-15,79.06111071646404,79.36097477333415,78.43326431515092,78.50823211669922,1060923,0.0,0.0
2025-09-16,78.70501875765467,79.16419118903615,77.70234762783254,78.23648071289062,846755,0.0,0.0
2025-09-17,77.82416846117992,78.51760273324157,77.26191711425781,77.26191711425781,1119682,0.0,0.0
2025-09-18,77.09324484398294,79.04236477810836,76.84961021420953,77.38374328613281,1574260,0.0,0.0
2025-09-19,77.4399683106394,77.68361009838254,76.41855879359703,77.23381042480469,2436853,0.0,0.0
2025-09-22,77.0182867015458,77.04639784056458,75.91253662109375,75.91253662109375,2165280,0.0,0.0
2025-09-23,75.92190012949742,76.40918369005615,75.05979185998338,75.43462371826172,1589941,0.0,0.0
2025-09-24,75.4346252384483,75.60329922060659,74.21642346182483,75.16287231445312,1068602,0.0,0.0
2025-09-25,75.16286924988272,75.49084443811725,74.04774646056238,74.16957092285156,4132007,0.0,0.0
2025-09-26,74.26327746312687,74.41321306381262,72.98885345458984,72.98885345458984,1797307,0.0,0.0
2025-09-29,72.82017953477431,75.29405975341797,72.72647335893475,75.29405975341797,1024394,0.0,0.0
2025-09-30,75.03168598284172,75.86568317259491,74.26328383668742,74.5818862915039,958495,0.0,0.0
2025-10-01,74.43195204675452,74.58188049934104,73.12004412733819,73.73851776123047,872815,0.0,0.0
2025-10-02,73.25123336316413,74.07586486555083,72.45472014780484,73.20438385009766,760403,0.0,0.0
2025-10-03,72.62339487698425,73.3074635486244,71.6113510131836,71.6113510131836,840699,0.0,0.0
2025-10-06,71.33960123264586,72.03304269720498,67.22583770751953,67.22583770751953,4278461,0.0,0.0
2025-10-07,67.39451142501618,67.638153212931,65.84833442948954,66.08260345458984,1963061,0.0,0.0
2025-10-08,66.06386542175808,66.65422079432379,63.76803182356816,64.15222930908203,2711000,0.0,0.0
2025-10-09,64.1990834676433,64.36775744598012,63.26200739895505,63.31822967529297,1055306,0.0,0.0
2025-10-10,63.47752886612657,65.14552307128906,62.8028329743029,65.14552307128906,2320785,0.0,0.0
2025-10-13,64.71447171763542,65.04245406469161,63.440047678452835,64.04914855957031,906646,0.0,0.0
2025-10-14,63.496274823096186,65.64217982447337,63.26200581180159,65.32357025146484,1374774,0.0,0.0
2025-10-15,65.59532541643547,66.485544830215,64.81755055637448,64.83629608154297,2054239,0.0,0.0
2025-10-16,64.81755315128981,65.74526365254643,64.03977826009127,64.88314819335938,1301083,0.0,0.0
2025-10-17,64.5176848770552,66.15756797127612,64.33027252601627,66.07323455810547,956367,0.0,0.0
2025-10-20,65.51099406091413,66.00764325364801,64.96748820310887,65.49224853515625,1055735,0.0,0.0
2025-10-21,65.36105749227983,65.98889675880538,64.05852229484549,64.3864974975586,1342828,0.0,0.0
2025-10-22,64.43335605524,66.41058724168174,64.04915141411294,65.82959747314453,1271826,0.0,0.0
2025-10-23,65.80148554307637,67.00094181916407,64.52706146240234,64.52706146240234,966492,0.0,0.0
2025-10-24,64.66762446136947,65.43602658688529,63.992928517146154,64.33027648925781,721558,0.0,0.0
2025-10-27,64.04914981518056,65.55784290365199,64.04914981518056,64.7613296508789,910629,0.0,0.0
2025-10-28,64.76132852644785,67.26331994674864,64.48957560505337,66.1575698852539,1442567,0.0,0.0
2025-10-29,66.01701153778575,66.53240627712674,64.71447626853154,65.3610610961914,1377800,0.0,0.0
2025-10-30,65.60470158156194,66.79478511585225,64.88314896093739,66.18568420410156,2051340,0.0,0.0
2025-10-31,65.87645380274239,66.99156951904297,65.41728135847171,66.99156951904297,1780920,0.0,0.0
2025-11-03,67.07591104783502,67.65689367240543,66.44807175707251,67.32891845703125,1129091,0.0,0.0
2025-11-04,67.3195421199583,68.022349179587,67.0946458626876,67.71311950683594,840934,0.0,0.0
2025-11-05,67.71312422132016,68.73453378742043,67.32891957029804,67.469482421875,1625035,0.0,0.0
2025-11-06,67.48821968316678,67.92864660780789,67.0665382847319,67.32891845703125,1218508,0.0,0.0
2025-11-07,67.46947711447011,68.03172132722608,64.65824890136719,64.65824890136719,1501072,0.0,0.0
2025-11-10,64.61139238784084,66.75729745340189,64.47083669631836,65.22986602783203,1840852,0.0,0.0
2025-11-11,65.4079127695246,65.95141145849868,65.03308091037749,65.22986602783203,757156,0.0,0.0
2025-11-12,65.14552600278391,65.97015752959737,65.11741486424674,65.38916778564453,972179,0.0,0.0
2025-11-13,65.38917086087446,66.43869869466728,65.23924239851746,65.43602752685547,1473589,0.0,0.0
2025-11-14,65.26735007732576,67.05716166357797,64.18971116081964,65.80148315429688,3101485,0.0,0.0
2025-11-17,66.57925896897774,69.4092256114519,66.12945930065148,69.21244049072266,3526114,0.0,0.0
2025-11-18,68.43466411474093,69.4185968460512,68.31284679963481,68.71578979492188,1786393,0.0,0.0
2025-11-19,68.59396814265212,68.96880001515274,67.31954406574397,67.61941528320312,880565,0.0,0.0
2025-11-21,69.53104420536263,70.11203396483813,68.83760988873424,69.15621948242188,1950045,0.0,0.0
2025-11-24,69.57790186423749,73.06382617223649,69.21244274962373,72.37039184570312,3918624,0.0,0.0
2025-11-25,72.33290486745774,73.64480565935493,71.16155976803304,73.09193420410156,1934623,0.0,0.0
2025-11-26,73.18563902491692,74.50691970423911,73.18563902491692,73.935302734375,1501431,0.0,0.0
2025-11-27,73.74788293299697,74.46943550155302,73.44801888029554,73.56047058105469,404735,0.0,0.0
2025-11-28,73.44802454146166,73.92593536987037,72.64213849721307,73.65418243408203,422903,0.0,0.0
2025-12-01,73.59795985650932,74.90049510081046,73.23250073900459,74.63811492919922,1460365,0.0,0.0
2025-12-02,74.47881122817175,75.31280838135672,73.80411529541016,73.80411529541016,987153,0.0,0.0
2025-12-03,73.74788920210808,74.40384678831323,73.31683503653969,73.63544464111328,910641,0.0,0.0
2025-12-04,73.62607177773093,74.96609093924283,73.3355804631249,74.5818862915039,1058460,0.0,0.0
2025-12-05,74.32887811688838,74.7974161804465,71.59261754154655,73.27935028076172,2122708,0.0,0.0
2025-12-08,73.27935116669832,73.84160256922439,69.69972060380996,70.75862121582031,1393987,0.0,0.0
2025-12-09,71.20841402316127,71.81751494527802,70.23385397763919,70.5430908203125,721384,0.0,0.0
2025-12-10,71.19904584678397,72.13612195498457,70.65553998819003,72.01429748535156,772443,0.0,0.0
2025-12-11,71.68632486123167,72.44535424844939,70.983517754749,71.13345336914062,811061,0.0,0.0
2025-12-12,71.61135690035854,72.84829711914062,71.22715940062076,72.84829711914062,765954,0.0,0.0
2025-12-15,72.84829539560212,73.66355419184053,71.79877471923828,71.79877471923828,770692,0.0,0.0
2025-12-16,71.03036992885727,73.64480590820312,71.03036992885727,73.64480590820312,1411587,0.0,0.0
2025-12-17,73.27934822090837,74.2070587081888,72.47346220229565,73.39179992675781,760566,0.0,0.0
2025-12-18,73.73851854951384,74.24454048738349,73.08256100813182,73.68228912353516,964966,0.0,0.0
2025-12-19,74.30076154279831,74.8723785104785,73.71977181272189,74.32887268066406,1624951,0.0,0.0
2025-12-22,74.05712548735728,75.76260375976562,73.3918022922812,75.76260375976562,1294872,0.0,0.0
2025-12-23,75.02230659721353,75.86567647569787,74.78803758370805,75.50959014892578,1531382,0.0,0.0
2025-12-26,75.01294040575044,75.9031597904775,74.9660837436815,75.52832794189453,310598,0.0,0.0
2025-12-29,75.65015421641219,75.9874950239657,75.24721122066093,75.63140869140625,601662,0.0,0.0
2025-12-30,74.96608424035843,75.80945411792705,73.97278591195702,74.15082550048828,513101,0.0,0.0
2026-01-02,74.02900783227801,74.02900783227801,71.65820657343976,72.23918914794922,926452,0.0,0.0
2026-01-05,72.20171419275292,72.21107980595842,70.58056944281805,70.80546569824219,913970,0.0,0.0
2026-01-06,71.06784587654157,71.3302331821615,67.71311897190189,68.32221984863281,1315184,0.0,0.0
2026-01-07,69.2499225676811,69.2686609432612,66.79478070595351,68.34095764160156,1329682,0.0,0.0
2026-01-08,68.86572224320393,69.80279836573781,67.75060651892856,69.27803802490234,1286221,0.0,0.0
2026-01-09,69.97146757554064,70.05580813845742,68.73452746423729,69.69971466064453,803712,0.0,0.0
2026-01-12,70.28071054540649,72.07989501953125,69.54041953640939,72.07989501953125,1490475,0.0,0.0
2026-01-13,71.78003036829517,73.80411824754259,71.22715888142066,72.68899536132812,1206847,0.0,0.0
2026-01-14,72.89515144346102,74.75993090025993,71.95807533360703,73.9446792602539,1136276,0.0,0.0
2026-01-15,73.58858314157946,75.80008325400298,73.57921037900427,75.6126708984375,957300,0.0,0.0
2026-01-16,75.612673434448,76.0999498648551,72.78269958496094,72.78269958496094,1066914,0.0,0.0
2026-01-19,73.55109725010341,74.02900803798181,72.19233983571772,72.63276672363281,352569,0.0,0.0
2026-01-20,72.29541875317794,77.393107608279,72.24856209090612,76.67156219482422,1674952,0.0,0.0
2026-01-21,76.8683508046846,77.02765202473947,75.42525276279888,75.53770446777344,911151,0.0,0.0
2026-01-22,75.39714147597928,77.64612552579614,75.39714147597928,75.73448944091797,1028892,0.0,0.0
2026-01-23,75.73448778945239,77.72109163418,75.63140884967312,76.97142791748047,766864,0.0,0.0
2026-01-26,76.97142781482358,77.54304478944692,75.62203598629334,76.99017333984375,989767,0.0,0.0
2026-01-27,76.37170205742478,77.95536295228857,75.71575164794922,75.71575164794922,656059,0.0,0.0
2026-01-28,75.63141345365001,76.37170445289134,74.79741627144776,75.20973205566406,648844,0.0,0.0
2026-01-29,75.01294181902716,76.63407940690641,74.77867280291441,76.0437240600586,861142,0.0,0.0
2026-01-30,75.5845597656663,77.62737874918076,75.5845597656663,77.14947509765625,814124,0.0,0.0
2026-02-02,76.74652971665263,79.16418763493107,76.47477680497114,77.06513214111328,1357124,0.0,0.0
2026-02-03,77.27129526763548,78.7518772390925,76.93394729567507,78.33956146240234,983765,0.0,0.0
2026-02-04,78.63005588146443,79.3234901663045,77.2994024384604,77.77731323242188,803138,0.0,0.0
2026-02-05,77.69297996080465,78.94865845590603,77.29940258012059,77.58052825927734,541304,0.0,0.0
2026-02-06,77.68360718572472,78.15214521802787,75.99686740970424,76.81212615966797,676973,0.0,0.0
2026-02-09,76.83086738433089,79.05174031355934,76.83086738433089,78.77061462402344,1235669,0.0,0.0
2026-02-10,78.65817133663776,78.72376637867794,77.60864351467171,78.71439361572266,709532,0.0,0.0
2026-02-11,78.41452982036202,79.43593935704821,77.83354005359267,79.08922576904297,1044823,0.0,0.0
2026-02-12,78.24585084067904,78.34892977900182,76.54974546353269,76.65282440185547,1732038,0.0,0.0
2026-02-13,76.65282837597401,78.62068676987602,76.11869528121028,77.98347473144531,392584,0.0,0.0
2026-02-18,78.71438974016588,79.07984883487082,77.95536041259766,77.95536041259766,559437,0.0,0.0
2026-02-19,77.9553625965491,79.18292999267578,77.9553625965491,79.18292999267578,467986,0.0,0.0
2026-02-20,78.46138081627241,79.18292622910778,77.79605052933375,79.17355346679688,397228,0.0,0.0
2026-02-23,79.1735534167404,79.1735534167404,77.54304309249709,77.63674926757812,1002458,0.0,0.0
2026-02-24,78.33018470537355,79.73579880042766,77.6554959451789,79.31411743164062,700675,0.0,0.0
2026-02-25,79.33286407751963,80.06378227338413,77.32751469619593,78.686279296875,924446,0.0,0.0
2026-02-26,78.21774232144618,79.91384775537563,78.16152004386895,79.77328491210938,836326,0.0,0.0
2026-02-27,79.82013855506436,81.29134767367555,79.47341784137429,80.31678771972656,1124360,0.0,0.0
2026-03-02,80.30742159564348,81.98478872865118,79.74517734670744,81.33821105957031,1646958,0.0,0.0
2026-03-03,79.51090256055161,81.62869646593708,79.3703397211577,80.08251953125,2275835,0.0,0.0
2026-03-04,80.65414230727035,80.7291101135862,78.33956311986388,79.22978973388672,1420490,0.0,0.0
2026-03-05,79.00488398957816,79.6702071650709,76.596598689822,76.84024047851562,1572954,0.0,0.0
2026-03-06,76.67156469041002,76.90583371074851,74.90986423122085,75.96875762939453,707403,0.0,0.0
2026-03-09,75.95938541202334,76.11869378048264,74.54440566653444,75.35965728759766,974755,0.0,0.0
2026-03-10,75.11602099052212,76.11869209661465,74.67559409497552,75.0597915649414,1078562,0.0,0.0
2026-03-11,74.96608746632802,75.09727754744823,72.85766625633754,73.41053771972656,743421,0.0,0.0
2026-03-12,73.4105388161825,74.96608858601755,72.426613193085,74.31950378417969,592103,0.0,0.0
2026-03-13,74.52566083364434,75.11602335018755,73.5136169332759,74.55377197265625,503580,0.0,0.0
2026-03-16,74.9660840991256,75.85630348807355,74.34761047363281,74.34761047363281,442382,0.0,0.0
2026-03-17,74.71307677179097,75.44399494846056,74.40383995879293,74.93797302246094,672055,0.0,0.0
2026-03-18,75.05979097221582,75.20035381107307,72.59528350830078,72.59528350830078,791486,0.0,0.0
2026-03-19,72.57653964447074,74.0571215689156,72.3422706241215,73.6635513305664,768591,0.0,0.0
2026-03-20,75.07853837599903,75.11602227725392,70.39315795898438,70.39315795898438,11118165,0.0,0.0
2026-03-23,71.10532849960444,73.8884455276274,70.90854338591795,73.7760009765625,773657,0.0,0.0
2026-03-24,73.7760048037379,75.80945823330788,72.90452374116174,75.30343627929688,1293558,0.0,0.0
2026-03-25,75.13475861418424,76.81212561587324,74.90986236208134,76.65282440185547,562406,0.0,0.0
2026-03-26,76.98080219728055,84.26188026841123,75.44399798214714,81.13204956054688,4186226,0.0,0.0
2026-03-27,81.52562044979481,84.02761191327852,80.60728272891099,83.39977264404297,1497787,0.0,0.0
2026-03-30,83.57781839826777,86.2016271494784,83.57781839826777,85.36763000488281,1063719,0.0,0.0
2026-03-31,85.76119941558878,87.23240857040723,84.53363204258446,87.13870239257812,1311936,0.0,0.0
2026-04-01,87.1387072709218,87.82277599108477,86.16414723842892,87.28864288330078,959543,0.0,0.0
2026-04-02,86.67953601277841,87.8415083315717,85.28329467773438,85.28329467773438,825152,0.0,0.0
2026-04-06,85.41448724230423,87.07310877995933,85.37700334069376,86.11729431152344,559716,0.0,0.0
2026-04-07,85.2832987202127,85.84554295600061,84.3087387084961,84.3087387084961,512282,0.0,0.0
2026-04-08,86.26722591493349,86.91381072998047,83.6902665671443,86.91381072998047,834294,0.0,0.0
2026-04-09,86.77324597493917,87.64472703938367,86.02358937982643,86.82947540283203,699172,0.0,0.0
2026-04-10,86.91380613341416,87.76654879507747,85.57378705745975,86.37030029296875,583256,0.0,0.0
2026-04-13,85.4613386847565,86.65142935242909,82.09723886923102,82.37836456298828,2790533,0.0,0.0
2026-04-14,83.15612977362814,84.87098072486182,82.25653759002763,84.61797332763672,1902875,0.0,0.0
2026-04-15,84.374332061884,84.5242605187432,82.65010833740234,82.65010833740234,781511,0.0,0.0
2026-04-16,82.65010657633195,83.77460215077015,82.01289456228055,83.13739013671875,3158793,0.0,0.0
2026-04-17,83.4934791413906,83.55907418246579,81.99415881015527,82.23780059814453,889066,0.0,0.0
2026-04-20,82.18156931989557,83.44662774679412,81.12267592372058,81.54435729980469,602172,0.0,0.0
2026-04-22,82.5376604204852,82.93123064669983,80.95399960396827,81.28197479248047,1233917,0.0,0.0
2026-04-23,80.68225202625105,81.39443187506099,78.61131467118477,78.71439361572266,785158,0.0,0.0
2026-04-24,79.01425478663359,79.12670648999988,76.74653238867005,77.52430725097656,703913,0.0,0.0
2026-04-27,77.121366756369,77.73046050875497,75.46273803710938,75.46273803710938,766282,0.0,0.0
2026-04-28,75.06916686746096,76.10932190936092,73.35431589034773,74.94734954833984,1175539,0.0,0.0
2026-04-29,75.43462796658008,75.97813383422661,73.46676953644703,73.49488067626953,654480,0.0,0.0
2026-04-30,73.27934810204084,75.47210989194652,71.96744728254193,74.17894744873047,1777863,0.0,0.0
2026-05-04,74.30076389519648,75.27532388489442,73.56984569025383,73.8228530883789,1785474,0.0,0.0
2026-05-05,73.56984856366303,75.5095958561264,73.27935010342006,74.83489990234375,1073533,0.0,0.0
2026-05-06,75.15350010727812,77.08388172831961,74.92860384584571,76.68093872070312,596716,0.0,0.0
2026-05-07,76.60597429179334,77.05577398379614,74.94735267301284,75.15350341796875,552588,0.0,0.0
2026-05-08,74.88175423527531,75.80008480539385,73.56047350872997,73.80411529541016,615430,0.0,0.0
2026-05-11,73.78537080745063,74.86300976246962,71.49890996344571,71.83625793457031,1520800,0.0,0.0
2026-05-12,71.68631806244721,72.2391895021035,68.66893202756103,69.3436279296875,3382638,0.0,0.0
2026-05-13,68.219138822998,69.02502479231212,64.40523961212334,68.61270904541016,9938287,0.0,0.0
2026-05-14,67.37577306598565,68.39718258400967,65.31420135498047,65.31420135498047,1180363,0.0,0.0
2026-05-15,65.17364528415263,66.20442755905958,64.14285585992242,64.18971252441406,1821176,0.0,0.0
2026-05-18,63.93670659476563,64.97685450703284,62.58731469879438,63.92733383178711,1958376,0.0,0.0
2026-05-19,63.599998474121094,64.4000015258789,62.54999923706055,62.54999923706055,1055385,4.29267,0.0
2026-05-20,63.099998474121094,64.9000015258789,62.75,64.06999969482422,816503,0.0,0.0
2026-05-21,63.83000183105469,67.13999938964844,63.5099983215332,65.94999694824219,2225659,0.0,0.0
2026-05-22,66.8499984741211,67.83999633789062,65.86000061035156,66.23999786376953,1215439,0.0,0.0
2026-05-25,66.69999694824219,67.48999786376953,65.81999969482422,66.44999694824219,324693,0.0,0.0
2026-05-26,66.44999694824219,66.77999877929688,63.709999084472656,65.0,1830815,0.0,0.0
2026-05-27,65.12000274658203,67.80999755859375,65.0,66.83000183105469,2909730,0.0,0.0
2026-05-28,66.83000183105469,67.19000244140625,65.02999877929688,65.02999877929688,986005,0.0,0.0
2026-05-29,65.7300033569336,65.7300033569336,61.0,61.0,4646660,0.0,0.0
2026-06-01,61.060001373291016,61.58000183105469,60.349998474121094,60.599998474121094,2363919,0.0,0.0
2026-06-02,61.279998779296875,61.560001373291016,60.61000061035156,60.61000061035156,1488752,0.0,0.0
2026-06-03,60.61000061035156,62.400001525878906,59.79999923706055,59.900001525878906,2596922,0.0,0.0
2026-06-05,60.4900016784668,63.13999938964844,60.34000015258789,62.5,5149741,0.0,0.0
2026-06-08,62.369998931884766,62.900001525878906,59.5099983215332,60.27000045776367,1567557,0.0,0.0
2026-06-09,60.40999984741211,61.81999969482422,60.27000045776367,61.06999969482422,992095,0.0,0.0
2026-06-10,61.06999969482422,62.34000015258789,60.93000030517578,61.29999923706055,675915,0.0,0.0
2026-06-11,62.0,62.54999923706055,61.47999954223633,62.0,713545,0.0,0.0
2026-06-12,62.20000076293945,63.52000045776367,61.790000915527344,62.97999954223633,1766499,0.0,0.0
2026-06-15,63.59000015258789,63.81999969482422,61.38999938964844,61.45000076293945,801177,0.0,0.0
2026-06-16,61.349998474121094,62.77000045776367,61.09000015258789,62.77000045776367,714550,0.0,0.0
2026-06-17,62.529998779296875,63.54999923706055,62.18000030517578,62.33000183105469,1013987,0.0,0.0
2026-06-18,62.650001525878906,63.369998931884766,61.209999084472656,61.81999969482422,460538,0.0,0.0
2026-06-19,62.279998779296875,62.349998474121094,59.5099983215332,59.52000045776367,1248097,0.0,0.0
2026-06-22,60.59000015258789,61.900001525878906,60.2400016784668,61.900001525878906,1653020,0.0,0.0
2026-06-23,61.5,63.130001068115234,61.22999954223633,62.79999923706055,503380,0.0,0.0
2026-06-24,63.04999923706055,64.23999786376953,62.79999923706055,63.4900016784668,390420,0.0,0.0
2026-06-25,63.4900016784668,63.9900016784668,62.130001068115234,62.130001068115234,580801,0.0,0.0
2026-06-26,62.2400016784668,63.34000015258789,62.2400016784668,62.66999816894531,1582477,0.0,0.0
2026-06-29,62.650001525878906,63.5,62.029998779296875,62.869998931884766,982304,0.0,0.0
2026-06-30,62.58000183105469,62.900001525878906,60.810001373291016,60.849998474121094,1346811,0.0,0.0
2026-07-01,60.95000076293945,62.720001220703125,60.900001525878906,62.54999923706055,1041738,0.0,0.0
2026-07-02,62.15999984741211,64.41000366210938,62.15999984741211,63.439998626708984,1548007,0.0,0.0
2026-07-03,63.70000076293945,64.0999984741211,62.709999084472656,63.0,153418,0.0,0.0
2026-07-06,63.5,63.5,61.63999938964844,62.0,845636,0.0,0.0
2026-07-07,62.06999969482422,64.08000183105469,62.06999969482422,63.20000076293945,1035553,0.0,0.0
2026-07-08,62.290000915527344,62.40999984741211,60.5099983215332,60.900001525878906,796386,0.0,0.0
2026-07-09,60.900001525878906,61.11000061035156,60.0099983215332,60.04999923706055,446884,0.0,0.0
2026-07-10,60.65999984741211,61.02000045776367,60.130001068115234,60.779998779296875,914052,0.0,0.0
2026-07-13,60.7400016784668,61.38999938964844,60.13999938964844,60.61000061035156,811353,0.0,0.0
2026-07-14,60.650001525878906,60.650001525878906,59.2599983215332,59.75,557324,0.0,0.0
2026-07-15,59.900001525878906,61.7400016784668,59.720001220703125,61.43000030517578,5765754,0.0,0.0
2026-07-16,61.58000183105469,62.84000015258789,61.0,61.5,644967,0.0,0.0
2026-07-17,61.619998931884766,62.68000030517578,59.81999969482422,60.20000076293945,492030,0.0,0.0
2026-07-20,60.25,61.34000015258789,60.25,60.790000915527344,292647,0.0,0.0
2026-07-21,60.790000915527344,61.22999954223633,59.599998474121094,60.220001220703125,602450,0.0,0.0
2026-07-22,60.369998931884766,62.29999923706055,60.369998931884766,61.79999923706055,403265,0.0,0.0
2026-07-23,61.099998474121094,62.880001068115234,60.939998626708984,61.81999969482422,316603,0.0,0.0
2026-07-24,61.790000915527344,62.459999084472656,61.33000183105469,62.040000915527344,281271,0.0,0.0
2026-07-27,62.90999984741211,69.44999694824219,62.90999984741211,69.2300033569336,1969430,0.0,0.0
2026-07-28,69.9000015258789,72.4800033569336,69.9000015258789,70.56999969482422,1473946,0.0,0.0
2026-07-29,70.98999786376953,72.75,70.16000366210938,72.37999725341797,866460,0.0,0.0
2026-07-30,72.69999694824219,72.69999694824219,70.93000030517578,72.1500015258789,905957,0.0,0.0
2026-07-31,71.04000091552734,71.22000122070312,70.68000030517578,70.69999694824219,511122,0.0,0.0
2026-08-03,70.5999984741211,71.06999969482422,68.83000183105469,69.56999969482422,689298,0.0,0.0
2026-08-04,70.04000091552734,70.55000305175781,68.87999725341797,70.06999969482422,669827,0.0,0.0
2026-08-05,70.0999984741211,70.66000366210938,69.44999694824219,70.54000091552734,459369,0.0,0.0
2026-08-06,70.05999755859375,70.48999786376953,68.52999877929688,69.9000015258789,564849,0.0,0.0
2026-08-07,71.30000305175781,73.01000213623047,70.5999984741211,72.08999633789062,1173795,0.0,0.0
2026-08-11,68.91000366210938,69.22000122070312,65.54000091552734,67.02999877929688,4280050,0.0,0.0
2026-08-12,67.33000183105469,68.9800033569336,66.87999725341797,68.0999984741211,1793032,0.0,0.0
2026-08-13,68.01000213623047,69.94999694824219,67.55999755859375,69.16999816894531,1119574,0.0,0.0
2026-08-14,68.91999816894531,71.18000030517578,68.91999816894531,70.87999725341797,1682838,0.0,0.0
2026-08-17,70.87999725341797,71.44999694824219,68.69000244140625,69.58000183105469,1172222,0.0,0.0
2026-08-18,69.4000015258789,71.61000061035156,69.4000015258789,71.44999694824219,1671499,0.0,0.0
2026-08-19,71.80000305175781,73.8499984741211,70.81999969482422,71.51000213623047,2215404,0.0,0.0
2026-08-20,71.47000122070312,72.58999633789062,70.41999816894531,70.61000061035156,660821,0.0,0.0
2026-08-21,70.5,71.72000122070312,69.01000213623047,71.72000122070312,758712,0.0,0.0
2026-08-24,70.97000122070312,72.83999633789062,70.97000122070312,71.37000274658203,773427,0.0,0.0
2026-08-25,71.37000274658203,72.87999725341797,70.43000030517578,72.87999725341797,734616,0.0,0.0
2026-08-26,72.27999877929688,73.25,70.94999694824219,71.33999633789062,729874,0.0,0.0
2026-08-27,70.94999694824219,71.52999877929688,69.08000183105469,70.44999694824219,1065400,0.0,0.0
2026-08-28,70.13999938964844,70.75,68.87999725341797,70.08999633789062,587324,0.0,0.0
2026-08-31,70.16000366210938,71.44999694824219,69.25,70.23999786376953,527790,0.0,0.0
2026-09-01,70.25,71.44999694824219,69.23999786376953,69.5199966430664,708511,0.0,0.0
2026-09-02,69.36000061035156,70.56999969482422,69.36000061035156,69.52999877929688,630973,0.0,0.0
2026-09-03,69.69999694824219,69.9000015258789,65.87999725341797,67.44999694824219,1300061,0.0,0.0
2026-09-04,68.0,68.58999633789062,66.0,67.36000061035156,1019099,0.0,0.0
2026-09-08,67.5,67.5,64.83000183105469,65.9000015258789,1954350,0.0,0.0
2026-09-09,65.30999755859375,65.75,64.0999984741211,64.0999984741211,1230512,0.0,0.0
2026-09-10,64.0999984741211,64.77999877929688,63.90999984741211,64.55000305175781,1439033,0.0,0.0
2026-09-11,64.55000305175781,64.58999633789062,63.189998626708984,64.44000244140625,2220894,0.0,0.0
2026-09-14,64.9000015258789,66.37000274658203,64.2699966430664,64.83999633789062,1541653,0.0,0.0
2026-09-15,65.0,65.0,62.38999938964844,63.29999923706055,1339307,0.0,0.0
2026-09-16,63.43000030517578,63.650001525878906,62.56999969482422,62.56999969482422,1051075,0.0,0.0
2026-09-17,63.20000076293945,63.400001525878906,61.81999969482422,61.90999984741211,1062539,0.0,0.0
2026-09-18,61.95000076293945,62.630001068115234,61.150001525878906,62.5,2280067,0.0,0.0
2026-09-21,62.5,62.5099983215332,60.599998474121094,60.9900016784668,1714639,0.0,0.0
2026-09-22,61.150001525878906,62.130001068115234,60.029998779296875,60.97999954223633,1933395,0.0,0.0
2026-09-23,60.97999954223633,61.099998474121094,58.93000030517578,59.619998931884766,3529733,0.0,0.0
2026-09-24,59.79999923706055,59.959999084472656,58.119998931884766,59.0,2449229,0.0,0.0
2026-09-25,59.119998931884766,60.560001373291016,58.65999984741211,59.58000183105469,1842473,0.0,0.0
