Date,Open,High,Low,Close,Volume,Dividends,Stock splits
2020-09-17,5.56063239212312,5.686873799092541,5.488494527183563,5.6207475662231445,1084500,0.0,0.0
2020-09-18,5.620747453153359,5.650804466297941,5.302137839453643,5.440402507781982,748500,0.0,0.0
2020-09-21,5.530574544546424,5.530574544546424,5.236011466593908,5.332195281982422,441600,0.0,0.0
2020-09-22,5.356240969070846,5.482482363806218,5.229999574335474,5.272080421447754,339300,0.0,0.0
2020-09-23,5.272080061455436,5.524562260385259,5.055665929086025,5.199941635131836,267000,0.0,0.0
2020-09-24,5.199942650026354,5.230000237977536,4.755092182911432,5.169885635375977,368700,0.0,0.0
2020-09-25,5.109769821166992,5.109769821166992,4.989540057682033,5.109769821166992,350600,0.0,0.0
2020-09-28,5.290115297460226,5.362253162975041,4.77913803343763,4.899367809295654,247600,0.0,0.0
2020-09-29,4.989539945655429,4.989539945655429,4.839252601348343,4.881332874298096,702700,0.0,0.0
2020-09-30,4.893356422181073,5.229999771998003,4.85127557347839,5.007574558258057,379100,0.0,0.0
2020-10-01,5.007574900009176,5.12179361718198,4.917402711336578,4.9895405769348145,478500,0.0,0.0
2020-10-02,4.989540412227483,4.989540412227483,4.821218731387983,4.929425239562988,253600,0.0,0.0
2020-10-05,4.9354368714895935,5.067689907371016,4.845264685793627,4.929425239562988,459800,0.0,0.0
2020-10-06,4.929424253595574,5.169884322856736,4.929424253595574,5.073699951171875,271600,0.0,0.0
2020-10-07,5.169885635375977,5.344218957531868,4.899367917116141,5.169885635375977,462600,0.0,0.0
2020-10-08,5.169885173459999,5.6508042445068085,5.169885173459999,5.500516891479492,494600,0.0,0.0
2020-10-09,5.6087237859053305,5.801091408040328,5.055666298966476,5.602712154388428,991300,0.0,0.0
2020-10-13,5.530574853465926,5.530574853465926,5.362253167134138,5.410345077514648,171000,0.0,0.0
2020-10-14,5.500517107371923,5.500517107371923,5.36225301234436,5.440402507781982,56400,0.0,0.0
2020-10-15,5.4704601150899075,5.476471173761282,5.368264664766413,5.392310619354248,60400,0.0,0.0
2020-10-16,5.410344877671287,5.410344877671287,4.971506068333432,5.09173583984375,115200,0.0,0.0
2020-10-19,5.199941868622853,5.4343903314501665,5.049654524751664,5.067689418792725,508300,0.0,0.0
2020-10-20,5.157862394010803,5.163874026288166,5.001563394604219,5.121793746948242,79700,0.0,0.0
2020-10-21,5.350230059056943,5.524563382600125,5.308149779570909,5.3802876472473145,42900,0.0,0.0
2020-10-22,5.338206896123138,5.63878160486903,5.338206896123138,5.494505882263184,201800,0.0,0.0
2020-10-23,5.530574535923026,5.608724029129531,5.470459938049316,5.470459938049316,139400,0.0,0.0
2020-10-26,5.5005159482351855,5.530573528346439,5.41034378120208,5.452424049377441,35500,0.0,0.0
2020-10-27,5.524562585992453,5.524562585992453,5.416356086730957,5.416356086730957,27600,0.0,0.0
2020-10-28,5.350229781872813,5.350229781872813,5.145839454029103,5.2540459632873535,365500,0.0,0.0
2020-10-29,5.344218899509879,5.344218899509879,5.0496552287473255,5.2901153564453125,120000,0.0,0.0
2020-10-30,5.230000261436732,5.620747759953192,5.121793746948242,5.121793746948242,136800,0.0,0.0
2020-11-03,5.530574853465926,5.530574853465926,5.242023391182859,5.410345077514648,120000,0.0,0.0
2020-11-04,5.488494109614633,5.5005167995394695,5.356241080636965,5.362252712249756,585700,0.0,0.0
2020-11-05,5.440402709776225,5.440402709776225,5.31416130065918,5.31416130065918,33500,0.0,0.0
2020-11-06,5.296127065487751,5.590690167224199,5.29011543321538,5.428379535675049,70500,0.0,0.0
2020-11-09,5.614735000603786,5.686872853549146,5.362252228644679,5.386298179626465,46100,0.0,0.0
2020-11-10,5.61473566090713,5.650804304971203,5.428379088906884,5.470459938049316,21900,0.0,0.0
2020-11-11,5.590689522394477,6.011493986811106,5.169885057977848,5.572655200958252,100700,0.0,0.0
2020-11-12,5.620747021887749,5.921321716677452,5.620747021887749,5.813114643096924,91800,0.0,0.0
2020-11-13,5.915310034923386,6.005482213273754,5.807102962262361,5.957390308380127,66700,0.0,0.0
2020-11-16,5.975425771531177,6.011494993746021,5.849184353730477,5.879241943359375,65700,0.0,0.0
2020-11-17,5.951379309954382,6.017506116192162,5.891264709093697,5.927333354949951,42300,0.0,0.0
2020-11-18,5.903286805217832,5.915310068159156,5.74698840008573,5.861206531524658,71400,0.0,0.0
2020-11-19,5.831149735944034,5.939356823844494,5.746989177177728,5.801092147827148,60600,0.0,0.0
2020-11-23,6.017505681973662,6.1617814015894306,5.831149114161068,5.921321868896484,203700,0.0,0.0
2020-11-24,5.897275915627189,5.981436465419347,5.897275915627189,5.921321868896484,163200,0.0,0.0
2020-11-25,5.921321658210068,5.9934595154512165,5.921321658210068,5.981436252593994,55900,0.0,0.0
2020-11-26,5.9814366029203025,6.01149418852307,5.933344695276179,5.939356327056885,48000,0.0,0.0
2020-11-27,5.903286763924235,6.00548220500771,5.903286763924235,5.981436252593994,134300,0.0,0.0
2020-11-30,5.981436212402615,6.2519533185644045,5.92132161842262,6.10166597366333,142200,0.0,0.0
2020-12-01,6.071608971354019,6.263976589625589,6.023517066786127,6.077620029449463,177600,0.0,0.0
2020-12-02,6.047563198837448,6.245942454402125,5.951378813541801,5.975424766540527,193600,0.0,0.0
2020-12-03,6.095654956534692,6.095654956534692,5.957390300180278,5.981436252593994,177200,0.0,0.0
2020-12-04,5.9874483920907275,6.011494346544875,5.909298896789551,5.909298896789551,133400,0.0,0.0
2020-12-07,6.005482220944409,6.113689293743644,5.927332732067264,6.071609020233154,112700,0.0,0.0
2020-12-08,6.077620714192203,6.4623565673828125,5.987448526293223,6.4623565673828125,1315700,0.0,0.0
2020-12-09,6.462356724914778,6.60663245839045,6.312069359219086,6.4322991371154785,845400,0.0,0.0
2020-12-10,6.576574325561523,6.600620279148008,6.37218400672678,6.576574325561523,112200,0.0,0.0
2020-12-11,6.510447800461903,6.612643241882325,6.414263990489913,6.612643241882324,205400,0.0,0.0
2020-12-14,6.6366893404317775,6.913218086837299,6.438310084673549,6.606631755828857,353800,0.0,0.0
2020-12-15,6.60663213778374,6.77495439197115,6.4383104568971055,6.4924139976501465,343500,0.0,0.0
2020-12-16,6.49842609492566,6.552529066252196,6.43831091793953,6.516460418701172,152900,0.0,0.0
2020-12-17,6.534494443302434,6.5885979854527195,6.330103538868374,6.438310623168945,230600,0.0,0.0
2020-12-18,6.444321479155543,6.65472341703341,6.239930599336509,6.474379062652588,746600,0.0,0.0
2020-12-21,6.372183848722789,6.6306777000427255,6.197850546218335,6.630677700042725,173900,0.0,0.0
2020-12-22,6.582585947936324,6.750907622802707,6.426286963195733,6.600620269775391,229800,0.0,0.0
2020-12-23,6.594609065968135,6.624666650571054,6.4743793008572,6.606631755828857,211000,0.0,0.0
2020-12-28,6.612644243238326,6.6968053763587445,6.510448786342396,6.516460418701172,352700,0.0,0.0
2020-12-29,6.516460268293356,6.564552179451913,6.426287504895458,6.4322991371154785,331100,0.0,0.0
2020-12-30,6.528482446610354,6.558540032048584,6.4383102635964224,6.504436492919922,152800,0.0,0.0
2021-01-04,6.570563651502218,6.6006206652680195,6.444322244463174,6.4623565673828125,193900,0.0,0.0
2021-01-05,6.456344501354168,6.546517256493087,6.22189659925463,6.227907657623291,298200,0.0,0.0
2021-01-06,6.348138094958693,6.348138094958693,5.981436583723207,5.987448215484619,1346300,0.0,0.0
2021-01-07,5.984695417101226,6.00283127354522,5.706618626571685,5.912153720855713,1349400,0.055446,0.0
2021-01-08,5.912153547988782,6.0814180774559645,5.851702424473478,6.045146942138672,398700,0.0,0.0
2021-01-11,6.039100917410582,6.039100917410582,5.803340584500001,5.918198108673096,572800,0.0,0.0
2021-01-12,5.918199087472039,6.039101916205398,5.8093862533569345,5.809386253356934,247400,0.0,0.0
2021-01-13,5.8154316918183895,5.881928105242497,5.742889992671134,5.754980564117432,183800,0.0,0.0
2021-01-14,5.754979590065188,5.821475992234525,5.573625084636901,5.712663173675537,585500,0.0,0.0
2021-01-15,5.700573363244762,5.754979774265649,5.597805826096439,5.621986389160156,378300,0.0,0.0
2021-01-18,5.676393086028146,5.676393086028146,5.501083850860596,5.501083850860596,244200,0.0,0.0
2021-01-19,5.5252645117887225,5.5615350705901685,5.33786470294746,5.470858097076416,258400,0.0,0.0
2021-01-20,5.470858193834778,5.519219324098787,5.386225927617691,5.440632343292236,188200,0.0,0.0
2021-01-21,5.446677910558301,5.603851880304864,5.44063262483493,5.531309604644775,373000,0.0,0.0
2021-01-22,5.531309106712678,5.555489670919232,5.386225721473358,5.458767414093018,233200,0.0,0.0
2021-01-26,5.458767860607788,5.58571597720379,5.289503897316507,5.313684463500977,310300,0.0,0.0
2021-01-27,5.440631703788146,5.881927109703901,5.440631703788146,5.712663173675537,896700,0.0,0.0
2021-01-28,5.694528523586328,5.8275219190901035,5.658257387899791,5.688483238220215,299600,0.0,0.0
2021-01-29,5.597805983248504,5.779160499572754,5.585715413122167,5.779160499572754,309200,0.0,0.0
2021-02-01,5.785205345536665,5.924244022741429,5.682437803062315,5.894018173217773,475100,0.0,0.0
2021-02-02,5.960514697939647,6.1418692221306195,5.7126637646997125,5.936334133148193,465400,0.0,0.0
2021-02-03,6.039101307578392,6.039101307578392,5.894017927720016,5.948424339294434,820600,0.0,0.0
2021-02-04,6.033056524251245,6.135824070989887,5.906108988702496,6.020966529846191,366800,0.0,0.0
2021-02-05,6.045146734159807,6.087462576815687,5.8456569380533425,6.063282012939453,1294600,0.0,0.0
2021-02-08,6.099553258166475,6.099553258166475,5.803341201156936,5.894018173217773,636400,0.0,0.0
2021-02-09,5.92424387527518,5.92424387527518,5.5071284305538555,5.597805976867676,1546100,0.0,0.0
2021-02-10,5.621986773194891,5.6824378967285165,5.531309223129246,5.682437896728516,306900,0.0,0.0
2021-02-11,5.682437706279177,5.82752166621963,5.591760735762747,5.742889404296875,683100,0.0,0.0
2021-02-12,5.742889387772634,5.887972770785515,5.664302411179795,5.8517022132873535,722300,0.0,0.0
2021-02-17,5.845657217806911,5.851702503192806,5.700573827606299,5.7610249519348145,254100,0.0,0.0
2021-02-18,5.76102450745882,5.779160362217283,5.640121691619567,5.694528102874756,247600,0.0,0.0
2021-02-19,5.797296341078705,5.797296341078705,5.652212944538029,5.706618785858154,318200,0.0,0.0
2021-02-22,5.628031294660437,5.658256564069983,5.440631511166928,5.48294734954834,528300,0.0,0.0
2021-02-23,5.501083947084379,5.5615350705901685,5.41645168236411,5.470858097076416,1123400,0.0,0.0
2021-02-24,5.670347734032298,5.8275216882648,5.609896035785914,5.815431118011475,450500,0.0,0.0
2021-02-25,5.881927777101991,6.10559872429895,5.706618536482049,5.7610249519348145,538200,0.0,0.0
2021-02-26,5.785206095871489,5.851703088750143,5.573626274784491,5.7005743980407715,321400,0.0,0.0
2021-03-01,5.82147676166902,6.099553553010256,5.603851672297244,5.9846954345703125,837200,0.0,0.0
2021-03-02,6.057236771103755,6.057236771103755,5.815430577118716,5.918198108673096,856800,0.0,0.0
2021-03-03,5.918199171529269,6.027012007189862,5.640122373237887,5.706618785858154,368000,0.0,0.0
2021-03-04,5.706618082909064,5.863792031388979,5.6522122482907236,5.803340911865234,307900,0.0,0.0
2021-03-05,5.79729561549963,5.924243715711669,5.597805826096439,5.621986389160156,461700,0.0,0.0
2021-03-08,5.621986922022576,5.827522015800221,5.20487144900085,5.628032207489014,510300,0.0,0.0
2021-03-09,5.57362547804618,5.815431118011475,5.422496808940341,5.815431118011475,563000,0.0,0.0
2021-03-10,5.791251055428634,5.791251055428634,5.50108426234728,5.706618785858154,332900,0.0,0.0
2021-03-11,5.754980261422598,5.8637925161651925,5.603851585353855,5.833566665649414,444900,0.0,0.0
2021-03-12,5.7670697219400555,5.857746688584452,5.5071282386779785,5.5071282386779785,331000,0.0,0.0
2021-03-15,5.51317413728448,5.59176111949646,5.410406589508057,5.410406589508057,406700,0.0,0.0
2021-03-16,5.476903676241011,5.476903676241011,5.356000269722136,5.380180835723877,209500,0.0,0.0
2021-03-17,5.458767585247301,5.458767585247301,5.295548915863037,5.295548915863037,425000,0.0,0.0
2021-03-18,5.349954818180745,5.362044811248779,5.150465032222421,5.362044811248779,478200,0.0,0.0
2021-03-19,5.362045820487896,5.434587522080099,5.198827136032988,5.368091106414795,412200,0.0,0.0
2021-03-22,5.349955601032765,5.428542008749658,5.277413325969187,5.313684463500977,234500,0.0,0.0
2021-03-23,5.331819208929915,5.410406185270279,5.301593936615257,5.307638645172119,157000,0.0,0.0
2021-03-24,5.319728918177759,5.410405883077289,5.204870814360932,5.21696138381958,200000,0.0,0.0
2021-03-25,5.30159355459995,5.313683547352626,4.969110394505312,5.138374328613281,676400,0.0,0.0
2021-03-26,5.198826560703838,5.223007125225293,4.963065624237061,4.9630656242370605,396700,0.0,0.0
2021-03-29,4.957020378984469,5.0114267937243575,4.908659249551265,4.926794528961182,241100,0.0,0.0
2021-03-30,4.914704719124728,5.041652832774082,4.902614148058047,5.017472267150879,188400,0.0,0.0
2021-03-31,5.09605849765796,5.102103205789277,4.957019833456329,5.029561519622803,281900,0.0,0.0
2021-04-01,5.090013599234488,5.1081488780246485,4.963065494683124,5.059787750244141,318700,0.0,0.0
2021-04-05,5.253232046196208,5.253232046196208,5.059787542997573,5.077922821044922,249000,0.0,0.0
2021-04-06,5.180690765380859,5.180690765380859,5.047697947216106,5.180690765380859,242300,0.0,0.0
2021-04-07,5.144420485328294,5.283458596359246,5.126284628359775,5.241142749786377,443200,0.0,0.0
2021-04-08,5.210916868480415,5.271368571679165,5.083968752971175,5.126284599304199,457700,0.0,0.0
2021-04-09,5.126284599304199,5.156510450903574,5.035607621016243,5.126284599304199,697200,0.0,0.0
2021-04-12,5.168601290395629,5.180691285756744,5.035607882362179,5.114194869995117,251900,0.0,0.0
2021-04-13,5.150465269001505,5.362045057754688,5.029561873702412,5.307638645172119,528100,0.0,0.0
2021-04-14,5.362045553518512,5.4104066855054755,5.265323289544586,5.3499555587768555,643600,0.0,0.0
2021-04-15,5.380180932833053,5.5313096171992635,5.265323386379211,5.319729804992676,679100,0.0,0.0
2021-04-16,5.325774349079453,5.380180183606357,5.198826248829816,5.3318190574646,464900,0.0,0.0
2021-04-19,5.331819787854975,5.591761308858123,5.259278088705064,5.531309604644775,645800,0.0,0.0
2021-04-20,5.585715868205566,5.585715868205566,5.428541902818486,5.555490016937256,327200,0.0,0.0
2021-04-22,5.591760735762747,5.742889404296875,5.5192190440475795,5.742889404296875,414500,0.0,0.0
2021-04-23,5.791251139912645,5.833566987060113,5.652213026993722,5.827522277832031,317200,0.0,0.0
2021-04-26,5.748934413683483,5.887972505341799,5.712663281310394,5.8637919425964355,282800,0.0,0.0
2021-04-27,5.863792047526898,6.039101274695399,5.694528105280438,6.014920711517334,699500,0.0,0.0
2021-04-28,5.960514195748548,6.166049267414031,5.960514195748548,6.153959274291992,503100,0.0,0.0
2021-04-29,6.1539596741071225,6.166049668014633,6.045146846388882,6.075372695922852,453700,0.0,0.0
2021-04-30,6.093213005209433,6.154145367699158,5.916509851302123,6.0749335289001465,343900,0.079279,0.0
2021-05-03,6.111491947124766,6.483178279842186,6.062746293832977,6.355220794677734,796100,0.0,0.0
2021-05-04,6.397872944772374,6.67206738332953,6.276008814424083,6.349127292633057,761400,0.0,0.0
2021-05-05,6.3674072742270615,6.495364766561123,6.343034446215529,6.464898586273193,423900,0.0,0.0
2021-05-06,6.48317864456565,6.598949432373047,6.42833963625381,6.598949432373047,426500,0.0,0.0
2021-05-07,6.611136237579144,6.824398340701463,6.5867634091910485,6.702534198760986,431900,0.0,0.0
2021-05-10,6.988914572648852,6.995007343231835,6.739092964832572,6.824397563934326,559100,0.0,0.0
2021-05-11,6.848770754364749,7.141245258405274,6.702533792891502,7.037660598754883,405100,0.0,0.0
2021-05-12,7.129058569083928,7.129058569083928,6.812211818572703,6.854864120483398,323200,0.0,0.0
2021-05-13,6.854864799916558,6.909703811290945,6.53192466538239,6.763466835021973,521500,0.0,0.0
2021-05-14,6.848770389548256,6.8670504445792035,6.623321607345906,6.824397563934326,237600,0.0,0.0
2021-05-17,6.824397890695547,6.854864069445219,6.739093287509295,6.818304538726807,216800,0.0,0.0
2021-05-18,6.854864471854131,6.885330652392295,6.64769514150749,6.800025463104248,277800,0.0,0.0
2021-05-19,6.76346618626475,6.830491315352067,6.672067649043099,6.806118488311768,381500,0.0,0.0
2021-05-20,6.824398389944414,6.824398389944414,6.586763456719292,6.739093780517578,481700,0.0,0.0
2021-05-21,6.733000379519622,6.787839388666352,6.519737695303236,6.702534198760986,405600,0.0,0.0
2021-05-24,6.757373105030796,6.757373105030796,6.531924300599718,6.598949432373047,287200,0.0,0.0
2021-05-25,6.6416019404822855,6.653788645412798,6.489271615415315,6.538017272949219,248200,0.0,0.0
2021-05-26,6.501458317611768,6.653788642614679,6.422246478878965,6.507551670074463,172600,0.0,0.0
2021-05-27,6.513643695846904,6.580669403076172,6.4222457437448215,6.580669403076172,200700,0.0,0.0
2021-05-28,6.611136868159248,6.696441485107031,6.525831670117344,6.574577331542969,238200,0.0,0.0
2021-05-31,6.702533262884865,6.7147199659243135,6.525830136470751,6.653787612915039,249400,0.0,0.0
2021-06-01,6.739093337685497,7.007194434271918,6.653788152770074,6.854864120483398,972000,0.0,0.0
2021-06-02,6.867050947161824,6.964542256752694,6.726906753804419,6.7756524085998535,602300,0.0,0.0
2021-06-04,6.8609577998856155,6.879237275706162,6.720813602343943,6.848771095275879,318600,0.0,0.0
2021-06-07,6.940169297902252,6.988914951774403,6.708627151462523,6.720813274383545,1045700,0.0,0.0
2021-06-08,6.7147206030632445,6.7634662576583935,6.55629693508199,6.690347194671631,582100,0.0,0.0
2021-06-09,6.678160907747293,6.7269065611466585,6.477084942201406,6.519737243652344,447900,0.0,0.0
2021-06-10,6.836584320524393,7.3118547142439265,6.781745317192523,7.074219226837158,2307700,0.0,0.0
2021-06-11,7.177804746442685,7.177804746442685,6.800025610429287,7.104686260223389,690500,0.0,0.0
2021-06-14,7.159524559699151,7.372787225829924,7.031567076239491,7.080312728881836,559400,0.0,0.0
2021-06-15,7.189990726709254,7.2082702011482445,6.854863929493015,6.946261882781982,541000,0.0,0.0
2021-06-16,7.00719422979753,7.208270191643329,6.824397742366617,7.129058361053467,1532000,0.0,0.0
2021-06-17,7.129059416240718,7.348415466062774,7.037661449544261,7.068127632141113,1382500,0.0,0.0
2021-06-18,7.11077888663858,7.189990717228443,6.988914755382643,7.129058361053467,1676000,0.0,0.0
2021-06-21,7.122966289520264,7.189992009578941,7.0315683199236725,7.122966289520264,486400,0.0,0.0
2021-06-22,7.062033905571427,7.220457581813561,7.037661077002951,7.20217752456665,350600,0.0,0.0
2021-06-23,7.159524850255631,7.470278834282487,7.159524850255631,7.305761814117432,524400,0.0,0.0
2021-06-24,7.397159968896661,7.409346091373085,7.189990656951359,7.275295257568359,293100,0.0,0.0
2021-06-25,7.275295579627741,7.275295579627741,7.0193811853540335,7.238736629486084,270400,0.0,0.0
2021-06-28,7.238736981077027,7.238736981077027,7.092500011219486,7.183897972106934,206700,0.0,0.0
2021-06-29,7.183897848078371,7.263109683990478,6.824398200898059,7.2631096839904785,499600,0.0,0.0
2021-06-30,7.238736360662983,7.311854839324951,7.135151703951692,7.311854839324951,378300,0.0,0.0
2021-07-01,7.311855518496714,7.348415051770587,7.165618547589356,7.250923156738281,528500,0.0,0.0
2021-07-02,7.653075698128429,8.152718972592863,7.56167715549372,7.683541297912598,2159900,0.0,0.0
2021-07-05,7.805405400153847,7.835870997513105,7.506837548624537,7.598236083984375,533900,0.0,0.0
2021-07-06,7.622609104017123,7.665261406277968,7.403253078460693,7.403253078460693,423100,0.0,0.0
2021-07-07,7.45199848247173,7.543397017081495,7.311854876268381,7.42762565612793,508900,0.0,0.0
2021-07-08,7.311855121874872,7.403253078460693,7.080312973284217,7.403253078460693,829200,0.0,0.0
2021-07-12,7.354507895060192,7.48855874358445,7.196084798906876,7.372787952423096,581700,0.0,0.0
2021-07-13,7.3240428429898,7.512932134453969,7.263110476075743,7.391067981719971,386000,0.0,0.0
2021-07-14,7.421533043101502,7.604328954018185,7.3606006853999215,7.567770004272461,377600,0.0,0.0
2021-07-15,7.567770658889508,7.6774486798019606,7.488558819463189,7.555583953857422,246700,0.0,0.0
2021-07-16,7.573863660024585,7.665261619148604,7.4946518242732125,7.610422611236572,229800,0.0,0.0
2021-07-19,7.378880449940238,7.531210769080083,7.208270655209946,7.445906162261963,424100,0.0,0.0
2021-07-20,7.4459060219042605,7.659168116023554,7.384973662959296,7.6043291091918945,213100,0.0,0.0
2021-07-21,7.63479540867832,7.653075465305585,7.4398127867399015,7.494651794433594,770000,0.0,0.0
2021-07-22,7.439812462394732,7.555583243850026,7.360600630412046,7.500744819641113,353100,0.0,0.0
2021-07-23,7.464186191558838,7.506838498131922,7.4032538269452095,7.464186191558838,328100,0.0,0.0
2021-07-26,7.464185763291253,7.464185763291253,7.269203137465581,7.366694450378418,832400,0.0,0.0
2021-07-27,7.269203313080466,7.378880752210045,6.988915491137627,7.189991474151611,521200,0.0,0.0
2021-07-28,7.214363864441278,7.220457216548668,6.9523555347639485,6.958448886871338,576000,0.0,0.0
2021-07-29,6.970634981892174,7.062033519852446,6.684254407127821,6.873143672943115,400000,0.0,0.0
2021-07-30,6.934075888749956,7.007194368955601,6.745186045731521,7.001101016998291,523200,0.0,0.0
2021-08-02,7.189991556697598,7.202177680698978,6.891424254987754,6.909703731536865,612700,0.0,0.0
2021-08-03,6.8731434146048604,7.232643038662669,6.635508503246932,7.080312728881836,734300,0.0,0.0
2021-08-04,7.196085200616977,7.275296462568442,7.055940991815089,7.220458030700684,516300,0.0,0.0
2021-08-05,7.275296061401745,7.275296061401745,7.019381650181248,7.104686260223389,457700,0.0,0.0
2021-08-06,7.0681265859725055,7.263109195982004,6.9462618736225545,7.129058361053467,581800,0.0,0.0
2021-08-09,7.129058302791622,7.232642958786132,7.037660350370118,7.062033176422119,425500,0.0,0.0
2021-08-10,7.122964757450293,7.122964757450293,6.793931324142206,6.940168857574463,1661000,0.0,0.0
2021-08-11,6.988915524069212,6.988915524069212,6.659882042941924,6.708627700805664,532000,0.0,0.0
2021-08-12,6.714720903502066,6.763466560278257,6.641601837243714,6.702534198760986,267200,0.0,0.0
2021-08-13,6.54410982131958,6.54410982131958,6.416152340742091,6.54410982131958,329700,0.0,0.0
2021-08-16,6.568483132801114,6.568483132801114,6.062746524810791,6.062746524810791,566300,0.0,0.0
2021-08-17,6.1053995101287555,6.178517994064578,5.867764001516791,6.032280445098877,965300,0.0,0.0
2021-08-18,6.1541451660859705,6.190704117506854,5.898230181763564,6.032280445098877,1159100,0.0,0.0
2021-08-19,5.9286957052556515,6.087119375641862,5.7885520914406525,6.01400089263916,570100,0.0,0.0
2021-08-20,6.074933503719677,6.1480519897478265,5.8982303505447975,6.123679161071777,254900,0.0,0.0
2021-08-23,6.1175856578894905,6.129772362474266,5.983534812927246,5.983534812927246,272500,0.0,0.0
2021-08-24,6.09321310485205,6.276009614216428,6.062746923108973,6.208983898162842,463800,0.0,0.0
2021-08-25,6.269915386108962,6.54410982131958,6.172424083020209,6.54410982131958,475400,0.0,0.0
2021-08-26,6.635508776414062,6.653788251633957,6.343034267425537,6.343034267425537,417900,0.0,0.0
2021-08-27,6.361313924765012,6.739093630751993,6.318661620999474,6.7330002784729,691800,0.0,0.0
2021-08-30,6.733000091188221,6.733000091188221,6.4100599836019025,6.477085113525391,354400,0.0,0.0
2021-08-31,6.544110572630806,6.544110572630806,6.208983743967731,6.306475639343262,593400,0.0,0.0
2021-09-01,6.367407250911112,6.611136111228021,6.2211702833774005,6.513644218444824,1292000,0.0,0.0
2021-09-02,6.501458269574822,6.501458269574822,6.032280593107287,6.172424793243408,1066300,0.0,0.0
2021-09-03,6.184611252763368,6.184611252763368,5.91651012386463,6.001815319061279,1080900,0.0,0.0
2021-09-06,5.971348935951482,6.093213081359863,5.825111961461425,6.093213081359863,488500,0.0,0.0
2021-09-08,5.946975670118557,6.111492109064115,5.654501161523952,5.6971540451049805,999800,0.0,0.0
2021-09-09,5.721526882185966,5.86167049407959,5.550916509758023,5.86167049407959,494700,0.0,0.0
2021-09-10,5.922602947004589,6.0322803811994925,5.654501260985827,5.666687965393066,497600,0.0,0.0
2021-09-13,5.819018169372289,5.910416126251221,5.6605945017610395,5.910416126251221,433400,0.0,0.0
2021-09-14,5.910416323887796,5.934789151943443,5.788552183609565,5.819018363952637,338800,0.0,0.0
2021-09-15,5.837297762546015,5.855577238072563,5.630128436264975,5.80073881149292,216400,0.0,0.0
2021-09-16,5.764178992050214,5.770272343953378,5.593569206419773,5.60575532913208,576200,0.0,0.0
2021-09-17,5.721526679880108,5.7885518074035645,5.496077889744093,5.7885518074035645,380800,0.0,0.0
2021-09-20,5.648408931639486,5.721527420519384,5.301095383092356,5.33156156539917,854300,0.0,0.0
2021-09-21,5.374213523155356,5.617942384696391,5.343747923920026,5.55091667175293,1013800,0.0,0.0
2021-09-22,5.727619513934463,5.7519923406752635,5.587475905448364,5.642314910888672,346500,0.0,0.0
2021-09-23,5.733712900802457,5.825111437457453,5.624034889254073,5.75808572769165,384300,0.0,0.0
2021-09-24,5.6666878657168285,5.6971540451049805,5.532637025065383,5.6971540451049805,372400,0.0,0.0
2021-09-27,5.800738869849134,6.032280445098878,5.709340329108815,6.032280445098877,568500,0.0,0.0
2021-09-28,6.001814474850778,6.001814474850778,5.654500971262631,5.7885518074035645,638800,0.0,0.0
2021-09-29,5.831204822006728,5.9104166630059805,5.636222186374163,5.678874492645264,565400,0.0,0.0
2021-09-30,5.666687965393066,5.782458751791589,5.642315137672639,5.666687965393066,300100,0.0,0.0
2021-10-01,5.6666877099192785,5.904322624206542,5.6666877099192785,5.904322624206543,355500,0.0,0.0
2021-10-04,5.916509911274019,5.922603263803571,5.544824123382568,5.544824123382568,314900,0.0,0.0
2021-10-05,5.544824123382568,5.569196952406695,5.416866625732383,5.544824123382568,416100,0.0,0.0
2021-10-06,5.422959148379998,5.422959148379998,5.252349353038138,5.301095008850098,707400,0.0,0.0
2021-10-07,5.337654925672385,5.477798550951357,5.197510719299316,5.197510719299316,473400,0.0,0.0
2021-10-08,5.234069877382166,5.477798156441966,5.227976525132158,5.301095008850098,586700,0.0,0.0
2021-10-11,5.416866080038909,5.489984559745355,5.288908595279122,5.422958850860596,367900,0.0,0.0
2021-10-13,5.447331909088557,5.581382751464844,5.374213426272595,5.581382751464844,487700,0.0,0.0
2021-10-14,5.581382514104907,5.611848692589431,5.325467544585335,5.422958850860596,1164300,0.0,0.0
2021-10-15,5.4534255559717915,5.624035358428955,5.416866603135153,5.624035358428955,769300,0.0,0.0
2021-10-18,5.52654359551986,5.642314959353609,5.4777979416195555,5.575289249420166,212400,0.0,0.0
2021-10-19,5.575289732463628,5.575289732463628,5.215790649075362,5.276722431182861,453700,0.0,0.0
2021-10-20,5.325467860725506,5.325467860725506,5.1365785888775015,5.252349376678467,656700,0.0,0.0
2021-10-21,5.179231032343956,5.179231032343956,4.752706240016797,4.783172130584717,1167400,0.0,0.0
2021-10-22,4.831917582082814,4.831917582082814,4.4297656355611865,4.710053443908691,1313300,0.0,0.0
2021-10-25,4.813637716674504,4.825824129504687,4.636934585363342,4.770985126495361,877700,0.0,0.0
2021-10-26,4.752705736204602,4.752705736204602,4.466324593832468,4.484604358673096,606200,0.0,0.0
2021-10-27,4.539443379507208,4.636934981014241,4.435859006885712,4.527256965637207,1085000,0.0,0.0
2021-10-28,4.5211640548970315,4.5211640548970315,4.313994721644455,4.399299621582031,649100,0.0,0.0
2021-10-29,4.362740378751642,4.5211640548970315,4.338367550198049,4.399299621582031,611200,0.0,0.0
2021-11-01,4.417579460893128,4.551630020141602,4.356647388507459,4.551630020141602,736900,0.0,0.0
2021-11-03,4.50897723738353,4.667400608814123,4.399299228153804,4.6430277824401855,615800,0.0,0.0
2021-11-04,4.691774222117711,4.691774222117711,4.417579734148035,4.478511810302734,779100,0.0,0.0
2021-11-05,4.5516295945014145,4.685680431761324,4.472418053080936,4.588189125061035,763600,0.0,0.0
2021-11-08,4.594282514060026,4.618655342473048,4.454138605411637,4.582096099853516,682800,0.0,0.0
2021-11-09,4.722240405468589,4.868477388239867,4.448045917498914,4.478511810302734,1472400,0.0,0.0
2021-11-10,4.5089772724994575,4.673493997078296,4.448045206090075,4.636934757232666,1233300,0.0,0.0
2021-11-11,4.691773641669642,4.819731131037635,4.643027986776507,4.716146469116211,1039400,0.0,0.0
2021-11-12,4.752705908123946,4.838010802522925,4.6430278962068146,4.655214309692383,1113300,0.0,0.0
2021-11-16,4.777079637303329,4.777079637303329,4.326181672085827,4.344461441040039,980600,0.0,0.0
2021-11-17,4.40539302506592,4.429765853902069,4.2347829326658415,4.3018083572387695,922900,0.0,0.0
2021-11-18,4.295715381294997,4.46023212450582,4.283528966632975,4.362740516662598,556400,0.0,0.0
2021-11-19,4.387112887992717,4.423672418709185,4.271342106062952,4.313994407653809,940600,0.0,0.0
2021-11-22,4.368833344640869,4.368833344640869,4.0763591373267145,4.112918376922607,926200,0.0,0.0
2021-11-23,4.106825146391229,4.11901185049694,3.9057491773992625,4.0337066650390625,1181100,0.0,0.0
2021-11-24,4.0215202792768565,4.131198292610211,3.9484017974193004,4.119011878967285,1160900,0.0,0.0
2021-11-25,4.167757591760425,4.350553798957884,4.10682523214758,4.320087909698486,696700,0.0,0.0
2021-11-26,4.131197625580867,4.350553035736084,4.088545039443867,4.350553035736084,981100,0.0,0.0
2021-11-29,4.4053926754413295,4.417579088892255,4.2286895351294005,4.265248775482178,501300,0.0,0.0
2021-11-30,4.26524906453727,4.399299621582031,4.125105155080592,4.399299621582031,962400,0.0,0.0
2021-12-01,4.441951915794107,4.441951915794107,4.216503121678475,4.265248775482178,1142100,0.0,0.0
2021-12-02,4.271342354113802,4.3688336668939876,4.246969235371726,4.289621829986572,919500,0.0,0.0
2021-12-03,4.234782433476551,4.740519298578788,4.234782433476551,4.624748229980469,960700,0.0,0.0
2021-12-06,4.6734941037666955,4.746612585127132,4.576002795286113,4.7405195236206055,706900,0.0,0.0
2021-12-07,4.7831717166151835,4.856290196306443,4.618654992036346,4.636934757232666,529400,0.0,0.0
2021-12-08,4.636934916447584,4.844103949352889,4.551629729998378,4.807544708251953,685100,0.0,0.0
2021-12-09,4.80754477827065,4.838010958238661,4.636934983981462,4.6613078117370605,259700,0.0,0.0
2021-12-10,4.673494222456159,4.984248211950543,4.673494222456159,4.917222499847412,459600,0.0,0.0
2021-12-13,4.89894238957042,5.020806512476357,4.789264678955078,4.789264678955078,448500,0.0,0.0
2021-12-14,4.8441043326164,4.8441043326164,4.636935283319965,4.703960418701172,371700,0.0,0.0
2021-12-15,4.6734941037666955,4.795358239367424,4.569909443232568,4.7405195236206055,278000,0.0,0.0
2021-12-16,4.856290158485641,4.856290158485641,4.6125618947462685,4.6430277824401855,480300,0.0,0.0
2021-12-17,4.624748931660984,4.734426665135651,4.508977845497536,4.6491217613220215,324500,0.0,0.0
2021-12-20,4.655214309692383,4.72833308115281,4.582095828778972,4.655214309692383,526500,0.0,0.0
2021-12-21,4.703960625123575,4.734426808395275,4.490698213862844,4.612562656402588,316300,0.0,0.0
2021-12-22,4.67958713666352,4.7222397291365175,4.563816063277112,4.655214309692383,241000,0.0,0.0
2021-12-23,4.649121560470235,4.710053631990434,4.576003074645996,4.576003074645996,274700,0.0,0.0
2021-12-27,4.569217622968829,4.637693421246977,4.444715604868023,4.5131916999816895,338000,0.1591,0.0
2021-12-28,4.50074112977392,4.562991984900605,4.432265040716822,4.494515895843506,232400,0.0,0.0
2021-12-29,4.5131916999816895,4.538092044234747,4.432265432741493,4.5131916999816895,229400,0.0,0.0
2021-12-30,4.569217497580078,4.687494277954102,4.475841060775795,4.687494277954102,306300,0.0,0.0
2022-01-03,4.625243047096805,4.681268967636815,4.42604030177322,4.587892532348633,410300,0.0,0.0
2022-01-04,4.488291406536454,4.587892784676179,4.3015385256889465,4.357564449310303,348000,0.0,0.0
2022-01-05,4.4073647580209006,4.432265100406911,4.257962703704834,4.257962703704834,667500,0.0,0.0
2022-01-06,4.345114368126321,4.38246488571167,4.1210109657787,4.38246488571167,659000,0.0,0.0
2022-01-07,4.4509405056141675,4.4509405056141675,4.189486613725555,4.257962703704834,368600,0.0,0.0
2022-01-10,4.282863619839349,4.282863619839349,3.9778339394945474,4.0712103843688965,367300,0.0,0.0
2022-01-11,4.071210258813018,4.127236183376898,3.9840590514746133,4.077435493469238,354300,0.0,0.0
2022-01-12,4.145911196002782,4.233062698123548,4.008959301983108,4.220612525939941,220600,0.0,0.0
2022-01-13,4.195711581575333,4.2455125635469,4.0898852740789335,4.226837158203125,787800,0.0,0.0
2022-01-14,4.2579631691966835,4.2579631691966835,4.114786036406867,4.2143874168396,166000,0.0,0.0
2022-01-17,4.257963110839706,4.257963110839706,4.133461090169609,4.158361434936523,129600,0.0,0.0
2022-01-18,4.170811591714213,4.170811591714213,4.064985275268555,4.064985275268555,221900,0.0,0.0
2022-01-19,4.0649848595820455,4.152136057028049,4.0027337074279785,4.0027337074279785,547500,0.0,0.0
2022-01-20,4.002734099360867,4.226837497286601,4.002734099360867,4.189486980438232,713000,0.0,0.0
2022-01-21,4.164586760771388,4.345114412703743,4.127236242802852,4.183261871337891,316900,0.0,0.0
2022-01-24,4.201937265214861,4.201937265214861,4.033859786479687,4.089885711669922,280800,0.0,0.0
2022-01-25,4.046309252570582,4.276637554168701,4.046309252570582,4.276637554168701,363200,0.0,0.0
2022-01-26,4.320213733850276,4.450940685065172,4.264187812805176,4.264187812805176,380900,0.0,0.0
2022-01-27,4.301537895053066,4.382464151344992,4.276637554168701,4.276637554168701,233000,0.0,0.0
2022-01-28,4.276638336685034,4.357564607784415,4.23306288058193,4.270413398742676,293800,0.0,0.0
2022-01-31,4.289088203554685,4.44471549987793,4.257962922391343,4.44471549987793,320300,0.0,0.0
2022-02-01,4.388689978716402,4.525641872108219,4.388689978716402,4.5131916999816895,573800,0.0,0.0
2022-02-02,4.5318676223262395,4.619018837129951,4.450941345876447,4.482066631317139,305800,0.0,0.0
2022-02-03,4.488290963969868,4.544316882066805,4.320213506514547,4.370014190673828,362900,0.0,0.0
2022-02-04,4.3700144351898,4.3700144351898,4.16458645312068,4.307763576507568,349300,0.0,0.0
2022-02-07,4.320213937825284,4.320213937825284,4.170811573596287,4.189486980438232,435200,0.0,0.0
2022-02-08,4.189486426529305,4.264187450349518,4.127235573345795,4.2081618309021,304900,0.0,0.0
2022-02-09,4.251737776273277,4.60656812611315,4.189486915819487,4.469615936279297,964100,0.0,0.0
2022-02-10,4.4696157024733205,4.531866856506263,4.357564159517925,4.407364845275879,332600,0.0,0.0
2022-02-11,4.376240304616123,4.482066631317139,4.257963507536168,4.482066631317139,428400,0.0,0.0
2022-02-14,4.413590567367596,4.488291604263263,4.320214122830245,4.45094108581543,386900,0.0,0.0
2022-02-15,4.475840757579266,4.525641441345215,4.401139731930342,4.525641441345215,523100,0.0,0.0
2022-02-16,4.5380920570239,4.575442573508746,4.426040507569359,4.556767463684082,364900,0.0,0.0
2022-02-17,4.538092560680157,4.575443081310319,4.450941345876447,4.482066631317139,337800,0.0,0.0
2022-02-18,4.55676741556106,4.712394714355469,4.494516258574884,4.712394714355469,595300,0.0,0.0
2022-02-21,4.699944360741342,4.892922168170381,4.681268954999917,4.830671310424805,1306500,0.0,0.0
2022-02-22,4.905371951771826,5.0360988911165805,4.818220460985003,4.980072975158691,1193800,0.0,0.0
2022-02-23,5.023648965447292,5.042324668561144,4.8182209805631215,4.8680219650268555,584700,0.0,0.0
2022-02-24,4.631468715759203,4.78709602355957,4.426040716956403,4.78709602355957,1494700,0.0,0.0
2022-02-25,4.824446247533963,4.980073545841511,4.749745215586865,4.8368964195251465,1403600,0.0,0.0
2022-03-02,4.699944633938389,4.88669721803062,4.64391871029296,4.737295150756836,463900,0.0,0.0
2022-03-03,4.706169617163547,4.799546058530331,4.562992486223952,4.7497453689575195,566000,0.0,0.0
2022-03-04,4.7497457477320095,4.7497457477320095,4.482066574678447,4.681269645690918,664200,0.0,0.0
2022-03-07,4.6812692793800705,4.6812692793800705,4.307763810189716,4.581667900085449,1080700,0.0,0.0
2022-03-08,4.612792809891975,5.017424122662939,4.46961569030975,4.942722797393799,1340900,0.0,0.0
2022-03-09,4.992523763866414,5.0672247920608715,4.892922096104971,5.0174241065979,606700,0.0,0.0
2022-03-10,4.980073439902176,5.197951890366303,4.936497690442249,5.104575157165527,664200,0.0,0.0
2022-03-11,5.191727059597289,5.197952294362049,4.762195656401385,4.911597728729248,560600,0.0,0.0
2022-03-14,4.911597451472246,4.911597451472246,4.699944527622131,4.8368964195251465,649200,0.0,0.0
2022-03-15,4.843121810324303,4.843121810324303,4.675044334598302,4.7497453689575195,567400,0.0,0.0
2022-03-16,4.849346498379976,4.849346498379976,4.681269031309335,4.811995983123779,426300,0.0,0.0
2022-03-17,4.793320623226875,4.874246888812195,4.6874943107332,4.824446201324463,547900,0.0,0.0
2022-03-18,4.849346865259306,4.9364980741172255,4.7870960017893625,4.911597728729248,498200,0.0,0.0
2022-03-21,4.905372515393355,4.917822687388343,4.6190182626731255,4.668818950653076,731200,0.0,0.0
2022-03-22,4.706169329268518,4.799545764923096,4.681268986005366,4.799545764923096,534200,0.0,0.0
2022-03-23,4.793320390069118,4.818220732601776,4.6999442539894,4.762195110321045,484500,0.0,0.0
2022-03-24,4.793321150538153,4.899147771509282,4.712395172885711,4.880472660064697,575300,0.0,0.0
2022-03-25,4.905371951771826,4.980072975158691,4.830670928384961,4.980072975158691,379100,0.0,0.0
2022-03-28,5.023649024258288,5.092125415802002,4.899147303730214,5.092125415802002,815800,0.0,0.0
2022-03-29,5.2353021087098,5.316228373348732,5.04232459536936,5.104575157165527,734200,0.0,0.0
2022-03-30,5.1855016855788305,5.1855016855788305,4.93649794155038,5.08590030670166,450600,0.0,0.0
2022-03-31,5.104574680803466,5.104574680803466,4.855571269513916,4.980072975158691,585700,0.0,0.0
2022-04-01,4.9364976416961674,5.017424202371489,4.880472017898646,4.924047470092773,247300,0.0,0.0
2022-04-04,4.942723216825128,4.942723216825128,4.824446430017343,4.886697292327881,295000,0.0,0.0
2022-04-05,4.948947968958055,4.948947968958055,4.668818950653076,4.668818950653076,393300,0.0,0.0
2022-04-06,4.681269090186563,4.749745184101915,4.426040417641401,4.531867027282715,400100,0.0,0.0
2022-04-07,4.500741435451239,4.544317185417203,4.4260404042257395,4.488291263580322,315200,0.0,0.0
2022-04-08,4.482066137685678,4.482066137685678,4.332664071619397,4.388689994812012,344800,0.0,0.0
2022-04-11,4.351339075966369,4.357564310319299,4.239287529133228,4.320213794708252,409100,0.0,0.0
2022-04-12,4.357564097421586,4.407364782469868,4.289088007062451,4.351338863372803,455700,0.0,0.0
2022-04-13,4.357564675741662,4.513191985589578,4.307763984084014,4.419815540313721,487100,0.0,0.0
2022-04-14,4.450941040303384,4.469616150918576,4.32643901658147,4.438490867614746,519900,0.0,0.0
2022-04-18,4.4384905623794655,4.475841077876783,4.351339062716881,4.44471549987793,422500,0.0,0.0
2022-04-19,4.432265010866315,4.525641441345215,4.376239390047368,4.525641441345215,317000,0.0,0.0
2022-04-20,4.494516111369545,4.631468296051025,4.494516111369545,4.631468296051025,323700,0.0,0.0
2022-04-22,4.619018311474943,4.619018311474943,4.444715604868023,4.5131916999816895,322000,0.0,0.0
2022-04-25,4.513191607322155,4.538091951063988,4.320213794905193,4.488291263580322,493300,0.0,0.0
2022-04-26,4.500741731057937,4.544317483885937,4.382464942098108,4.438490867614746,310400,0.0,0.0
2022-04-27,4.482066369437524,4.482066369437524,4.388690221735707,4.45094108581543,218200,0.0,0.0
2022-04-28,4.482066042812587,4.531867027282715,4.376239730006785,4.531867027282715,336000,0.0,0.0
2022-04-29,4.544317291522467,4.606568152330545,4.494516306040485,4.556767463684082,383000,0.0,0.0
2022-05-02,4.606568079566174,4.606568079566174,4.289088249206543,4.289088249206543,486500,0.0,0.0
2022-05-03,4.313988961701484,4.313988961701484,4.127236366271973,4.127236366271973,481600,0.0,0.0
2022-05-04,4.158360945019703,4.158360945019703,3.7973056916016033,3.990283489227295,1054900,0.0,0.0
2022-05-05,3.940483162321754,3.9653835064094496,3.741280409620191,3.7661807537078857,954600,0.0,0.0
2022-05-06,3.7765937809697028,3.7959610643264563,3.634568165072772,3.7443153858184814,682200,0.21613,0.0
2022-05-09,3.6345678534664625,3.7055805014104615,3.544187615993647,3.5570993423461914,483500,0.0,0.0
2022-05-10,3.576466407411722,3.6087451084512083,3.3569719791412354,3.3569719791412354,1188900,0.0,0.0
2022-05-11,3.408618037216805,3.5829223494258593,3.331149214587492,3.5441877841949463,936000,0.0,0.0
2022-05-12,3.4989977296937056,3.621656356907349,3.486086311451874,3.524820566177368,484200,0.0,0.0
2022-05-13,3.5635548865672066,3.7120363530005274,3.544187604931339,3.6410233974456787,485300,0.0,0.0
2022-05-16,3.6733022328639007,3.731403772079119,3.563555017827381,3.634567975997925,329200,0.0,0.0
2022-05-17,3.7701382520195956,3.9573539918653946,3.705580845590676,3.9057083129882812,730700,0.0,0.0
2022-05-18,3.8669735134384586,3.9121636336544667,3.7443151873982403,3.7701380252838135,535600,0.0,0.0
2022-05-19,3.821784019470215,3.9057084035068157,3.7120367953965885,3.821784019470215,346400,0.0,0.0
2022-05-20,3.8217836819062065,3.905708058530078,3.7765935619166204,3.8346951007843018,212600,0.0,0.0
2022-05-23,3.892796793941281,4.028366543618271,3.8476066721606035,3.9186196327209473,823000,0.0,0.0
2022-05-24,3.8411508466296627,3.950898066447514,3.7636823295226582,3.9444425106048584,375200,0.0,0.0
2022-05-25,3.963809665926931,4.008999790207296,3.866973861230455,4.002543926239014,290600,0.0,0.0
2022-05-26,3.9960881067099248,4.073556622227924,3.9379865661551667,4.047733783721924,270000,0.0,0.0
2022-05-27,4.125202176211401,4.260772228240967,4.0671009452219495,4.260772228240967,381300,0.0,0.0
2022-05-30,4.293051584610204,4.389887394816798,4.0800129868552295,4.299507141113281,440000,0.0,0.0
2022-05-31,4.318873969262608,4.318873969262608,4.170392491413549,4.234949588775635,409600,0.0,0.0
2022-06-01,4.20267120647535,4.4027983628076255,4.131658245250181,4.305962562561035,418200,0.0,0.0
2022-06-02,4.351152297438128,4.3769754438202915,4.2091266854150735,4.254316806793213,554700,0.0,0.0
2022-06-03,4.260771876492507,4.305961992715857,4.060644746644785,4.118746280670166,285500,0.0,0.0
2022-06-06,4.112291177166594,4.118747041175893,3.918619874375706,3.9379868507385254,249400,0.0,0.0
2022-06-07,3.9121640735164234,3.9573541988133574,3.834695551149574,3.8992526531219482,209900,0.0,0.0
2022-06-08,3.8669738111492187,3.925075354781138,3.7959611554130213,3.886341094970703,702800,0.0,0.0
2022-06-09,3.8669738111492187,3.950898194654761,3.8217839952866446,3.886341094970703,399600,0.0,0.0
2022-06-10,3.873429559070303,3.88634097862057,3.7572267831179027,3.8088724613189697,267000,0.0,0.0
2022-06-13,3.724948170359608,3.73785959022195,3.498998168852368,3.5183651447296143,516000,0.0,0.0
2022-06-14,3.5506437823697814,3.5570996460973388,3.4538079812841005,3.5377323627471924,312300,0.0,0.0
2022-06-15,3.5570993883408715,3.6539348745770814,3.486086431646148,3.6022891998291016,445200,0.0,0.0
2022-06-17,3.5054537965400163,3.5635553410247667,3.434441139761475,3.5506439208984375,207900,0.0,0.0
2022-06-20,3.5635553410247667,3.582922625130529,3.466719536161029,3.5506439208984375,347600,0.0,0.0
2022-06-21,3.5570997754992972,3.595834035776159,3.4086182905217264,3.479630947113037,332100,0.0,0.0
2022-06-22,3.4344409018649618,3.498997998024873,3.3440606594085693,3.3440606594085693,410800,0.0,0.0
2022-06-23,3.36988367553106,3.4602639227522523,3.3117824398403313,3.3827950954437256,888800,0.0,0.0
2022-06-24,3.447352502839587,3.4602639227522523,3.3182379958803976,3.3827950954437256,395700,0.0,0.0
2022-06-27,3.3957070294678,3.4473527122557805,3.3634283238090363,3.408618450164795,413100,0.0,0.0
2022-06-28,3.4150738202774034,3.4279852402699773,3.2278580764688147,3.2988710403442383,460400,0.0,0.0
2022-06-29,3.298870944548071,3.3311493396759033,3.19557927977444,3.3311493396759033,569800,0.0,0.0
2022-06-30,3.2601366475749183,3.3246937449082536,3.2084906618757283,3.305326461791992,415400,0.0,0.0
2022-07-01,3.285959677680813,3.285959677680813,3.1826680081055887,3.2084908485412598,385800,0.0,0.0
2022-07-04,3.214946374341848,3.292414887498879,3.1955790921363367,3.2214019298553467,309500,0.0,0.0
2022-07-05,3.2214019437893993,3.2214019437893993,3.0858321990944475,3.1374778747558594,474500,0.0,0.0
2022-07-06,3.169756447052668,3.240769409011864,3.105199348831819,3.1762123107910156,672800,0.0,0.0
2022-07-07,3.2278579498230524,3.279503627767018,3.1439335692478476,3.1503894329071045,696900,0.0,0.0
2022-07-08,3.195579247191813,3.2214020861637955,3.0987437549631394,3.1503894329071045,590900,0.0,0.0
2022-07-11,3.131022187137457,3.143933606777574,2.9696292877197266,2.9696292877197266,604800,0.0,0.0
2022-07-12,2.9696292444017813,2.9696292444017813,2.859882025145402,2.9244394302368164,1059800,0.0,0.0
2022-07-13,2.846970903118644,2.9502625773563476,2.827603925833955,2.9050724506378174,853600,0.0,0.0
2022-07-14,2.898616224085268,2.9631736278533936,2.8405149916594765,2.9631736278533936,880100,0.0,0.0
2022-07-15,2.9631737318159312,3.0019079907362833,2.8921607698790224,2.9696292877197266,254400,0.0,0.0
2022-07-18,3.0277305811759354,3.0406419997549,2.905071950759522,2.9502620697021484,430900,0.0,0.0
2022-07-19,3.001907830558453,3.027730668460815,2.9502621547537284,3.0212748050689697,312200,0.0,0.0
2022-07-20,3.0148194370984975,3.1310222148895264,2.9567178942867187,3.1310222148895264,370100,0.0,0.0
2022-07-21,3.1568450314084266,3.208490710050544,3.0600092300381934,3.1955792903900146,1137600,0.0,0.0
2022-07-22,3.20849078271317,3.2472253504045057,3.0858324470765637,3.227858066558838,526600,0.0,0.0
2022-07-25,3.253680828656034,3.253680828656034,3.1439336077643283,3.1762123107910156,342300,0.0,0.0
2022-07-26,3.2149463542579637,3.247225055121334,2.995451927185059,2.9954519271850586,389400,0.0,0.0
2022-07-27,3.0600092300381934,3.2020351541365426,3.014819415142604,3.1955792903900146,457500,0.0,0.0
2022-07-28,3.1955791658990016,3.285959407834267,3.1633007719214197,3.25368070602417,317600,0.0,0.0
2022-07-29,3.2278579407530317,3.285959482192993,3.2214020771119154,3.285959482192993,160600,0.0,0.0
2022-08-01,3.266591985080478,3.363427778525053,3.2343135924872874,3.240769147872925,299000,0.0,0.0
2022-08-02,3.234313667334051,3.324693599652011,3.137477871648554,3.273047924041748,224700,0.0,0.0
2022-08-03,3.3246937850582094,3.5377323627471924,3.318237921330652,3.5377323627471924,733100,0.0,0.0
2022-08-04,3.557099732665739,3.912163934844326,3.537732448844255,3.886341094970703,1720800,0.0,0.0
2022-08-05,3.86051825509708,3.9573540585394333,3.78304973547621,3.886341094970703,588800,0.0,0.0
2022-08-08,3.892796754837036,3.9379865683312487,3.808872375729903,3.892796754837036,530100,0.0,0.0
2022-08-09,3.847606624181308,3.9508979780119415,3.7443152703506737,3.8411507606506348,362000,0.0,0.0
2022-08-10,3.918619552230383,4.189759353847527,3.879885294856505,4.1768479347229,699500,0.0,0.0
2022-08-11,4.189759757637079,4.222038462475772,4.086468394685331,4.125202655792236,578700,0.0,0.0
2022-08-12,4.151024917657275,4.273683547973633,4.099379243383545,4.273683547973633,391200,0.0,0.0
2022-08-15,4.1962151527404785,4.254316691823288,4.170392314888677,4.1962151527404785,424900,0.0,0.0
2022-08-16,4.196215097208383,4.196215097208383,3.9121635767651455,3.9638092517852783,546600,0.0,0.0
2022-08-17,3.9896322230220047,4.118746722732572,3.8927967330297233,4.112290859222412,671800,0.0,0.0
2022-08-18,4.125202080120563,4.163936335822106,4.008999313015935,4.138113498687744,591400,0.0,0.0
2022-08-19,4.163936916899142,4.163936916899142,3.9573541909956456,4.125202655792236,499700,0.0,0.0
2022-08-22,4.125202436290601,4.125202436290601,3.944442560743258,4.04127836227417,323100,0.0,0.0
2022-08-23,4.067101267794767,4.105835527470689,3.9896324406103902,4.021911144256592,285400,0.0,0.0
2022-08-24,4.047733994388291,4.125202513938179,3.9960883146883663,4.092924118041992,302800,0.0,0.0
2022-08-25,4.11874665825431,4.1768478897736125,4.073556537888178,4.13165807723999,397600,0.0,0.0
2022-08-26,4.163936089061033,4.1703919518782895,4.015454630421435,4.118746280670166,198300,0.0,0.0
2022-08-29,4.125202390968535,4.1897594886690355,4.021911034647734,4.1703925132751465,228500,0.0,0.0
2022-08-30,4.17039271413372,4.2220383947815305,4.021911228354995,4.1445698738098145,289000,0.0,0.0
2022-08-31,4.170392334197028,4.1897593087592915,4.0283664175220455,4.13165807723999,586500,0.0,0.0
2022-09-01,4.189759551014194,4.189759551014194,3.899252453122827,3.9250752925872803,1330000,0.0,0.0
2022-09-02,4.002544013261764,4.002544013261764,3.8088727074905746,3.879885673522949,311800,0.0,0.0
2022-09-05,3.892797034003588,3.9379868507385254,3.8153282050546933,3.9379868507385254,461600,0.0,0.0
2022-09-06,3.9702654784762452,4.00899973828668,3.828239551338784,3.886341094970703,485800,0.0,0.0
2022-09-08,3.9315313580244076,3.9444427784188827,3.847606971544049,3.8992526531219482,604300,0.0,0.0
2022-09-09,3.918619572760711,4.0348223454911505,3.879885315183898,3.9573538303375244,409300,0.0,0.0
2022-09-12,3.9573539125871853,4.04773384881154,3.9379866294799912,4.028366565704346,303200,0.0,0.0
2022-09-13,3.931530896286268,4.0025435461995365,3.8346951007843018,3.8346951007843018,294900,0.0,0.0
2022-09-14,3.873429559070303,3.873429559070303,3.7120366607757074,3.8088724613189697,572300,0.0,0.0
2022-09-15,3.7895052005966967,3.815328039850684,3.705580819104975,3.7443153858184814,366500,0.0,0.0
2022-09-16,3.692669112577281,3.7314036762813183,3.628112019458054,3.66684627532959,276900,0.0,0.0
2022-09-19,3.64747953414917,3.7120366313894384,3.595833856356955,3.64747953414917,243800,0.0,0.0
2022-09-20,3.666846369469983,3.6926692073806335,3.5764664367827064,3.634567975997925,236400,0.0,0.0
2022-09-21,3.6539351940155034,3.808872539637051,3.589378094936746,3.653935194015503,930900,0.0,0.0
2022-09-22,3.679757872861561,3.7443152769520407,3.5764665188488207,3.705580711364746,522800,0.0,0.0
2022-09-23,3.6410237209700065,3.7443153858184814,3.602289462089025,3.7443153858184814,436200,0.0,0.0
2022-09-26,3.77659387173617,3.77659387173617,3.6087454125511904,3.660391092300415,398800,0.0,0.0
2022-09-27,3.6926693982182615,3.731403964918554,3.5377323627471924,3.5377323627471924,423100,0.0,0.0
2022-09-28,3.5570994814723966,3.589377875118741,3.498997941943461,3.5700109004974365,318900,0.0,0.0
2022-09-29,3.5635550215562137,3.5635550215562137,3.350516454654173,3.498997926712036,655400,0.0,0.0
2022-09-30,3.4538079221335836,3.595833843382229,3.440896502732118,3.5764665603637695,349100,0.0,0.0
2022-10-03,3.6152006936486822,3.705580626335959,3.5893778557380314,3.634567975997925,588300,0.0,0.0
2022-10-04,3.679757833480835,3.7120365351806286,3.608745182273311,3.679757833480835,455000,0.0,0.0
2022-10-05,3.6152007521261593,3.7507708072662354,3.6152007521261593,3.7507708072662354,266500,0.0,0.0
2022-10-06,3.757226689579503,3.854062179879464,3.712036568362343,3.8411507606506348,790900,0.0,0.0
2022-10-07,3.808872526876399,3.8540623421638673,3.7507709839839065,3.7895052433013916,292600,0.0,0.0
2022-10-10,3.7959610248917435,3.8153280002147754,3.6862138052861537,3.7184925079345703,187100,0.0,0.0
2022-10-11,3.7120366828347344,3.750770941715716,3.6797579798509874,3.7443153858184814,269900,0.0,0.0
2022-10-13,3.731403966191488,3.7636823613427093,3.5893780424620316,3.7443153858184814,710800,0.0,0.0
2022-10-14,3.7443153858184814,3.815328039850684,3.699125263207741,3.7443153858184814,342300,0.0,0.0
2022-10-17,3.795961041768703,3.8605181395200363,3.7572267831179027,3.8088724613189697,399700,0.0,0.0
2022-10-18,3.873429177860725,3.970264968873742,3.78304924990374,3.931530714035034,742000,0.0,0.0
2022-10-19,3.98317666734436,4.1316581419203775,3.9379865462707837,4.112290859222412,639100,0.0,0.0
2022-10-20,4.144569279229729,4.170392115849089,4.021910651371521,4.086467742919922,649900,0.0,0.0
2022-10-21,4.03482226225046,4.3188737864527935,4.03482226225046,4.1962151527404785,514400,0.0,0.0
2022-10-24,4.138113579182232,4.293050912834741,4.125202160363899,4.189759254455566,248800,0.0,0.0
2022-10-25,4.151025195557416,4.325329511816717,4.054189703727544,4.163936614990234,340300,0.0,0.0
2022-10-26,4.151025496530173,4.222038462475772,4.086468394685331,4.125202655792236,507300,0.0,0.0
2022-10-27,4.080012448640575,4.570646683622077,4.080012448640575,4.519001007080078,835800,0.0,0.0
2022-10-28,4.512544851533673,4.751406551829503,4.473810596634145,4.693305015563965,704600,0.0,0.0
2022-10-31,4.6481156326788655,4.957990028712959,4.544824269945015,4.925711631774902,721300,0.0,0.0
2022-11-01,4.854698063942075,5.035458234142567,4.732039431990403,4.932166576385498,990200,0.0,0.0
2022-11-03,4.893432334818761,5.229129838743958,4.874065360566156,5.138749599456787,686700,0.0,0.0
2022-11-04,5.293687234661026,5.3388776673432305,5.041914385544421,5.235585689544678,802900,0.0,0.0
2022-11-07,5.183939329081769,5.3065982672886545,5.041913724761823,5.087103843688965,552400,0.0,0.0
2022-11-08,5.1064712425118115,5.2614082782976315,5.035458588359574,5.177484512329102,391300,0.0,0.0
2022-11-09,5.222674678160338,5.222674678160338,4.874066016382354,4.906344413757324,556600,0.0,0.0
2022-11-10,4.919255864273119,4.932167284868354,4.473811391988656,4.525457382202148,596700,0.0,0.0
2022-11-11,4.538368280153538,4.564191118370221,4.286595145792106,4.312417984008789,651800,0.0,0.0
2022-11-14,4.312418150712924,4.557735431087101,4.312418150712924,4.486722469329834,575100,0.0,0.0
2022-11-16,4.44153265546488,4.44153265546488,4.047733895613794,4.105835437774658,511100,0.0,0.0
2022-11-17,4.163936817984913,4.163936817984913,3.7765939082846365,3.9121639728546143,1988600,0.0,0.0
2022-11-18,4.0025436135663846,4.0993794106981944,3.7765936254805017,3.8153278827667236,482500,0.0,0.0
2022-11-21,3.815327783739101,3.8605179033163637,3.641023476558952,3.8282392024993896,608100,0.0,0.0
2022-11-22,3.8282393072013607,3.8476065897877394,3.608745182273311,3.679757833480835,1994800,0.0,0.0
2022-11-23,3.6603911300434495,3.7314040943471287,3.602289585810208,3.686213970184326,398700,0.0,0.0
2022-11-24,3.6926692751471943,3.9960880879143375,3.6926692751471943,3.9573538303375244,379100,0.0,0.0
2022-11-25,3.9638096145915727,3.9638096145915727,3.8153281314019725,3.886341094970703,355100,0.0,0.0
2022-11-28,3.841150821332462,3.8863409432635283,3.776593724168454,3.8024165630340576,370600,0.0,0.0
2022-11-29,3.8282394868400837,3.9508981280894915,3.8153280671208054,3.9057083129882812,340800,0.0,0.0
2022-11-30,3.905708416739753,3.950898233041388,3.7572269321075176,3.9121639728546143,633100,0.0,0.0
2022-12-01,3.905708378792187,3.93153121866581,3.847606835160268,3.886341094970703,219300,0.0,0.0
2022-12-02,3.8992525149075146,3.9702654784762452,3.879885538918564,3.886341094970703,289600,0.0,0.0
2022-12-05,3.9186196457617926,3.9186196457617926,3.776593724168454,3.8024165630340576,331700,0.0,0.0
2022-12-06,3.828239341421806,3.912163720325454,3.757226689579503,3.8411507606506348,353600,0.0,0.0
2022-12-07,3.8217837749024204,4.002543643594215,3.8088723557101494,3.9573538303375244,277200,0.0,0.0
2022-12-08,3.879885387463388,3.9315310651945943,3.731403910069909,3.8024165630340576,1430100,0.0,0.0
2022-12-09,3.828239162043907,3.834695025272081,3.615200600834209,3.66684627532959,721000,0.0,0.0
2022-12-12,3.6668465230890295,3.692669362081503,3.4989980696379495,3.5312764644622803,520200,0.0,0.0
2022-12-13,3.53773232812666,3.602289425607845,3.466719366981096,3.5312764644622803,466400,0.0,0.0
2022-12-14,3.4989979514370537,3.5312763451709768,3.3892507355101884,3.453807830810547,394900,0.0,0.0
2022-12-15,3.4279849926904036,3.6216565864239905,3.4279849926904036,3.453807830810547,403800,0.0,0.0
2022-12-16,3.447352275196767,3.511909370497125,3.421529437076624,3.453807830810547,374900,0.0,0.0
2022-12-19,3.4731749501074454,3.5570993239704407,3.4538076685111783,3.486086368560791,347300,0.0,0.0
2022-12-20,3.498998115461061,3.6603910151938956,3.4667194123814835,3.6087453365325928,553200,0.0,0.0
2022-12-21,3.6603908587269696,3.679757833480835,3.544187778873724,3.679757833480835,185500,0.0,0.0
2022-12-22,3.712036609649658,3.7701381507418854,3.6603909321599097,3.712036609649658,707000,0.0,0.0
2022-12-23,3.7443149916775913,3.8217835012849224,3.7314035734097026,3.7959606647491455,566200,0.0,0.0
2022-12-26,3.8282394018996606,3.8992523626963296,3.731403910069909,3.8024165630340576,469800,0.0,0.0
2022-12-27,3.8411509068394083,3.8411509068394083,3.6668465867001796,3.699125289916992,1151500,0.0,0.0
2022-12-28,3.6965045803050858,3.777302742004394,3.6493726671310744,3.7773027420043945,895100,0.236108,0.0
2022-12-29,3.797501778508036,3.8042350919589674,3.6695717124988465,3.7099709510803223,527900,0.0,0.0
2023-01-02,3.709971051766373,3.7167040443379764,3.433911292965185,3.4675772190093994,968300,0.0,0.0
2023-01-03,3.5147093544391654,3.5281756615036035,3.3598466626670858,3.4002459049224854,801200,0.0,0.0
2023-01-04,3.4743103345542385,3.541642189025879,3.373313194970932,3.541642189025879,676600,0.0,0.0
2023-01-05,3.62917270030619,3.6359060135814714,3.4608437211687333,3.5012426376342773,792000,0.0,0.0
2023-01-06,3.5281752486113063,3.5753074783521317,3.4675770344440147,3.5012426376342773,546500,0.0,0.0
2023-01-09,3.4877766412361515,3.575307795199622,3.4473777211904135,3.541642189025879,644900,0.0,0.0
2023-01-10,3.615706561297413,3.7975018542938734,3.501242798843704,3.79076886177063,586500,0.0,0.0
2023-01-11,3.831167646292229,3.8917661821953247,3.743636499112658,3.8379006385803223,388600,0.0,0.0
2023-01-12,3.837900961951277,3.9186991236505855,3.730170507768304,3.7773027420043945,261400,0.0,0.0
2023-01-13,3.7032377117544573,3.8446340864336834,3.7032377117544573,3.8109681606292725,444100,0.0,0.0
2023-01-16,3.7705695463832853,3.81096846796936,3.6965046962777706,3.703238010406494,422100,0.0,0.0
2023-01-17,3.7301704052847224,3.8109682437020935,3.7301704052847224,3.770569324493408,397400,0.0,0.0
2023-01-18,3.770569376583008,3.8917664569454455,3.736903770641722,3.76383638381958,788500,0.0,0.0
2023-01-19,3.750369892239082,3.85810033963658,3.662838743197585,3.797501802444458,621300,0.0,0.0
2023-01-20,3.8109680843478424,3.885032926997806,3.6830380183386526,3.7099709510803223,1081300,0.0,0.0
2023-01-23,3.7099708196514087,3.810967949341018,3.6965041932266125,3.7571027278900146,400600,0.0,0.0
2023-01-24,3.777302608779736,4.11396058728975,3.7705692950997434,4.073561668395996,1180000,0.0,0.0
2023-01-25,4.060095601035963,4.289022821573004,3.9792974374313914,4.241890907287598,1396800,0.0,0.0
2023-01-26,4.17455905077344,4.289022821573004,4.17455905077344,4.241890907287598,336500,0.0,0.0
2023-01-27,4.282289619316325,4.282289619316325,4.194758466974562,4.208224773406982,183200,0.0,0.0
2023-01-30,4.174558948818695,4.315955330345781,4.174558948818695,4.235157489776611,267200,0.0,0.0
2023-01-31,4.228424172451573,4.410219460312874,4.228424172451573,4.376553535461426,523100,0.0,0.0
2023-02-01,4.3361548745887335,4.484284246354571,4.302488947747279,4.4236860275268555,210800,0.0,0.0
2023-02-02,4.423685818899965,4.639146713125215,4.3765535877571615,4.39001989364624,666200,0.0,0.0
2023-02-03,4.390020006843867,4.396753320493054,4.241890638244458,4.295755863189697,597100,0.0,0.0
2023-02-06,4.268823302178565,4.363087446969106,4.1880251427246025,4.309222221374512,349700,0.0,0.0
2023-02-07,4.315955435753833,4.349621364010911,4.188025357863855,4.241890907287598,332400,0.0,0.0
2023-02-08,4.248623579291477,4.329421415729176,4.208224661072627,4.282289505004883,181500,0.0,0.0
2023-02-09,4.302489270081354,4.363087814511067,4.046629426953662,4.066828727722168,249600,0.0,0.0
2023-02-10,4.066828721661664,4.423686352348476,4.006230177322258,4.38328742980957,455100,0.0,0.0
2023-02-13,4.383287146196342,4.740144432731206,4.383287146196342,4.558349132537842,918400,0.0,0.0
2023-02-14,4.598747834233771,4.713211595787103,4.504483692215406,4.605481147766113,524300,0.0,0.0
2023-02-15,4.6593467189336515,4.8344087100112185,4.491017720828026,4.800743103027344,942300,0.0,0.0
2023-02-16,4.800743101912769,4.9152068719679525,4.740144559868945,4.820942401885986,409400,0.0,0.0
2023-02-17,4.820942401885986,4.86807463692697,4.7334115668985675,4.820942401885986,283600,0.0,0.0
2023-02-22,4.767076753490369,4.935405736712837,4.767076753490369,4.814208984375,280400,0.0,0.0
2023-02-23,4.800743204814007,4.881541048562905,4.746877975648075,4.827675819396973,471500,0.0,0.0
2023-02-24,4.827675508839372,4.928672967559515,4.740144356544444,4.746877670288086,195400,0.0,0.0
2023-02-27,4.746877680974452,4.7738102938855125,4.538149449320626,4.666079521179199,455200,0.0,0.0
2023-02-28,4.625680233790951,4.780542906239626,4.625680233790951,4.69301176071167,374600,0.0,0.0
2023-03-01,4.713212153490066,4.713212153490066,4.484284603294963,4.538149833679199,276500,0.0,0.0
2023-03-02,4.517950225797381,4.605481379754607,4.43715238571167,4.43715238571167,352200,0.0,0.0
2023-03-03,4.585281733641964,4.794009646564224,4.578548740870059,4.659346580505371,782200,0.0,0.0
2023-03-06,4.699745722891656,4.713212030135273,4.511217100418925,4.6122145652771,353400,0.0,0.0
2023-03-07,4.612214133213252,4.800742738024965,4.565082222806868,4.726677894592285,631400,0.0,0.0
2023-03-08,4.746877395629602,5.090268350134703,4.699745165337429,5.043136119842529,931300,0.0,0.0
2023-03-09,5.070069150408981,5.2720637390124505,5.043136217533127,5.1710662841796875,462600,0.0,0.0
2023-03-10,5.171066397130427,5.171066397130427,4.9892711028853505,5.0768022537231445,325400,0.0,0.0
2023-03-13,4.989271420768236,5.130667805419019,4.948872499591167,5.036403656005859,345900,0.0,0.0
2023-03-14,5.036403407580086,5.130667552343571,4.834408490596264,4.868074417114258,237900,0.0,0.0
2023-03-15,4.868074355900508,5.090268569151483,4.746877599871449,4.955605506896973,519700,0.0,0.0
2023-03-16,4.915206324282733,5.103734601315412,4.908473011000541,5.009470462799072,522300,0.0,0.0
2023-03-17,4.982537806663318,4.996004112043677,4.672812461853027,4.672812461853027,569900,0.0,0.0
2023-03-20,4.693012057730157,4.6997453713794,4.2284243320426445,4.31595516204834,1045600,0.0,0.0
2023-03-21,4.356354493721536,4.457351960599849,4.315955571182631,4.38328742980957,596200,0.0,0.0
2023-03-22,4.369820479978152,4.544882785838775,4.369820479978152,4.443885326385498,676300,0.0,0.0
2023-03-23,4.443885513643811,4.565082598519625,4.208224979030519,4.241890907287598,397500,0.0,0.0
2023-03-24,4.255356788635254,4.2957557058646385,4.181291946517021,4.255356788635254,403400,0.0,0.0
2023-03-27,4.289022438947125,4.477551042456277,4.289022438947125,4.39001989364624,294200,0.0,0.0
2023-03-28,4.349621130162095,4.470817887459918,4.302488897348574,4.410219669342041,430300,0.0,0.0
2023-03-29,4.4102196798954125,4.450618599091358,4.208224762853611,4.309222221374512,297700,0.0,0.0
2023-03-30,4.470817991249356,4.504483918478003,4.376553844496053,4.4573516845703125,362600,0.0,0.0
2023-03-31,4.52468316552329,4.612214318453601,4.416952713339567,4.443885326385498,315300,0.0,0.0
2023-04-03,4.4910172946818845,4.4910172946818845,4.349620924005089,4.376553535461426,439900,0.0,0.0
2023-04-04,4.430419071212226,4.5920150724228215,4.396753465045657,4.4573516845703125,267300,0.0,0.0
2023-04-05,4.491017677740601,4.511216977524714,4.3226886812499465,4.369820594787598,291300,0.0,0.0
2023-04-06,4.369820377679729,4.450618535988092,4.32942145905658,4.396753311157227,298800,0.0,0.0
2023-04-10,4.403486146917762,4.457351369830437,4.336154618276921,4.376553535461426,426600,0.0,0.0
2023-04-11,4.416952901993988,4.625680822546057,4.376553980699597,4.578548908233643,319400,0.0,0.0
2023-04-12,4.612214133213252,4.814209044007083,4.612214133213252,4.726677894592285,483800,0.0,0.0
2023-04-13,4.733411092945819,4.948871983417332,4.699745168278619,4.901740074157715,548900,0.0,0.0
2023-04-14,4.9354058870277635,5.063335956700581,4.753610592453142,4.955605506896973,437800,0.0,0.0
2023-04-17,4.955605548637827,5.117201224704353,4.908473315920722,5.070069313049316,318600,0.0,0.0
2023-04-18,5.097002266928912,5.184533103460039,4.921939951742476,4.9488725662231445,291900,0.0,0.0
2023-04-19,4.915206661134301,4.921939653815873,4.6997454372688,4.746877670288086,328300,0.0,0.0
2023-04-20,4.780543354059625,5.029670187534396,4.726678127477196,4.996004581451416,568400,0.0,0.0
2023-04-24,4.955605621787197,5.002737534137944,4.86807446876142,4.881540775299072,165700,0.0,0.0
2023-04-25,4.881540513451576,4.901740132705577,4.733411149483109,4.814208984375,290500,0.0,0.0
2023-04-26,4.794009308744271,4.935405678673312,4.78727631644682,4.921939373016357,274400,0.0,0.0
2023-04-27,4.874807631029118,5.016204015122811,4.767077174981385,4.800743103027344,456100,0.0,0.0
2023-04-28,4.7940094175679056,4.901740186331068,4.450618454989611,4.847874641418457,1024600,0.0,0.0
2023-05-02,5.049870050237487,5.049870050237487,4.693012425420052,4.827675819396973,339700,0.0,0.0
2023-05-03,4.827675883638057,5.05660343170166,4.733411731343319,5.05660343170166,294000,0.0,0.0
2023-05-04,4.962338508938419,5.1374008112650715,4.834408439021727,4.854608058929443,637900,0.0,0.0
2023-05-05,4.888274066797944,5.191266123043869,4.767076987449917,5.083535671234131,1295100,0.0,0.0
2023-05-08,5.117201104172748,5.346128627603523,5.097001805671246,5.265330791473389,1232700,0.0,0.0
2023-05-09,5.245131011146983,5.346128463745117,5.19799878098464,5.346128463745117,263200,0.0,0.0
2023-05-10,5.339395471543971,5.44039293021653,5.272063939449622,5.305729866027832,177500,0.0,0.0
2023-05-11,5.251864478266896,5.3865275382995605,5.231664858730966,5.3865275382995605,286000,0.0,0.0
2023-05-12,5.386527598896268,5.426926838422606,5.278797149658203,5.278797149658203,790900,0.0,0.0
2023-05-15,5.2787969357003774,5.346128463745117,5.2316647055380345,5.346128463745117,318600,0.0,0.0
2023-05-16,5.352862052924157,5.38652798123169,5.251864910125732,5.251864910125732,152800,0.0,0.0
2023-05-17,5.265330843659982,5.312462754672005,5.251864537504823,5.298996448516846,141200,0.0,0.0
2023-05-18,5.3124625391917215,5.366327761627513,5.292263241309326,5.346128463745117,144700,0.0,0.0
2023-05-19,5.386527744574257,5.4740588974784865,5.265330985903683,5.460592269897461,376600,0.0,0.0
2023-05-22,5.433659236100633,5.541389679910078,5.312462486815007,5.332662105560303,372200,0.0,0.0
2023-05-23,5.298996552287361,5.43365961647606,5.238398333933483,5.305729866027832,281800,0.0,0.0
2023-05-24,5.278797524346924,5.3326627527893065,5.251864910125732,5.251864910125732,117700,0.0,0.0
2023-05-25,5.366328410594007,5.453859889230694,5.245131645456781,5.2855305671691895,221700,0.0,0.0
2023-05-26,5.298996824481774,5.352862052924157,5.130667825068284,5.251864910125732,648700,0.0,0.0
2023-05-29,5.3797940998193745,5.7905172260349715,5.305729579052612,5.783783912658691,524500,0.0,0.0
2023-05-30,5.7366523975669,5.9049813907989215,5.568323404334878,5.575056076049805,384200,0.0,0.0
2023-05-31,5.57505586753924,5.601988479764101,5.460592105052549,5.500991344451904,216500,0.0,0.0
2023-06-01,5.4673259222198505,5.6625875393661245,5.453859935929169,5.655854225158691,407400,0.0,0.0
2023-06-02,5.777050551132504,5.8174497889293635,5.6423874953498085,5.669320106506348,274400,0.0,0.0
2023-06-05,5.7164525352349305,5.803983689982976,5.608722080814,5.763585090637207,232400,0.0,0.0
2023-06-06,5.729918896247166,5.878047943115234,5.6693203579265345,5.878047943115234,417900,0.0,0.0
2023-06-07,5.904981644813233,6.1137092458102416,5.878048388298339,6.059844017028809,1089900,0.0,0.0
2023-06-09,6.05984381052036,6.1743075783112324,6.019444569248929,6.026177883148193,292700,0.0,0.0
2023-06-12,6.073310399510747,6.080043071242835,5.884781464280968,5.891514778137207,179900,0.0,0.0
2023-06-13,5.904981197462805,5.925180496194536,5.844382659143481,5.857848644256592,360300,0.0,0.0
2023-06-14,5.87131537550548,5.93191391489832,5.7501182967198,5.864582061767578,201900,0.0,0.0
2023-06-15,5.864582436784812,5.871315750953284,5.763585292754465,5.837649822235107,234900,0.0,0.0
2023-06-16,5.857849088036346,6.086776631419525,5.790517873121644,6.059844017028809,642500,0.0,0.0
2023-06-19,6.059843850048299,6.261838773474741,6.019444608513346,6.100243091583252,237600,0.0,0.0
2023-06-20,6.086776107961637,6.106975406486506,5.931913749064101,5.945379734039307,102600,0.0,0.0
2023-06-21,5.972312407276619,5.972312407276619,5.729918896123454,5.857848644256592,229600,0.0,0.0
2023-06-22,5.857849019970534,5.857849019970534,5.628921479247399,5.8107171058654785,138000,0.0,0.0
2023-06-23,5.68951981926251,5.8915147387294935,5.6693205199530565,5.756851673126221,273100,0.0,0.0
2023-06-26,5.777051278967226,5.837649822235107,5.655854192431463,5.837649822235107,285600,0.0,0.0
2023-06-27,5.851115179355449,5.884781104453977,5.595255689704504,5.696252822875977,339800,0.0,0.0
2023-06-28,5.729918869654671,5.750118168293094,5.406726880819274,5.521190643310547,461700,0.0,0.0
2023-06-29,5.521190686022173,5.615455150604248,5.460592147513991,5.615455150604248,128800,0.0,0.0
2023-06-30,5.655854322586431,5.9588470458984375,5.622189035217716,5.9588470458984375,454600,0.0,0.0
2023-07-03,5.9386467409496735,6.322437286376953,5.891514827806948,6.322437286376953,518900,0.0,0.0
2023-07-04,6.329169217017449,6.329169217017449,6.106975020900553,6.154107570648193,225800,0.0,0.0
2023-07-05,6.18104099728191,6.18104099728191,6.005978685670088,6.053110599517822,124300,0.0,0.0
2023-07-06,6.053110244327675,6.053110244327675,5.790517434442777,5.857848644256592,116500,0.0,0.0
2023-07-07,5.871315415148045,6.059843706213252,5.837649488355365,6.019444465637207,217800,0.0,0.0
2023-07-10,6.03291109394517,6.03291109394517,5.8982480288820485,5.979045867919922,273500,0.0,0.0
2023-07-11,5.931913596316321,5.958846207697335,5.595255632991593,5.783783912658691,295400,0.0,0.0
2023-07-12,5.783783756602969,5.844382291106232,5.635654076942114,5.642387390136719,182500,0.0,0.0
2023-07-13,5.750117923310591,6.38303460471695,5.696252701153628,6.073309898376465,1806400,0.0,0.0
2023-07-14,6.1137085528037005,6.187773073451699,5.911713646707945,6.005978107452393,275300,0.0,0.0
2023-07-17,5.992511893013564,6.147374900453912,5.9319139949273225,6.093509674072266,231100,0.0,0.0
2023-07-18,6.127175576852497,6.510965473834486,6.093509649966113,6.335903167724609,313500,0.0,0.0
2023-07-19,6.335902748366195,6.335902748366195,6.1406411558980505,6.248371601104736,112400,0.0,0.0
2023-07-20,6.261839014647613,6.329170230300228,6.160841227982412,6.288771629333496,139400,0.0,0.0
2023-07-21,6.268571749707146,6.329169645558705,6.255105122546271,6.261838436126709,70500,0.0,0.0
2023-07-24,6.329169853922504,6.3628357808088865,6.214706087783288,6.335903167724609,89400,0.0,0.0
2023-07-25,6.369569675347403,6.463834150798876,6.322437758683769,6.3628363609313965,110400,0.0,0.0
2023-07-26,6.362836292666201,6.430168151855469,6.288771761257366,6.430168151855469,179300,0.0,0.0
2023-07-27,6.463834150798876,6.490766766338696,6.228173283232296,6.3628363609313965,255500,0.0,0.0
2023-07-28,6.45036745276257,6.457100767106335,6.288771761257366,6.430168151855469,199400,0.0,0.0
2023-07-31,6.463833578209621,6.632162570953369,6.423434337416496,6.632162570953369,199400,0.0,0.0
2023-08-01,6.659095018312276,6.753358840942383,6.5311646274226565,6.753358840942383,187000,0.0,0.0
2023-08-02,6.679294546884494,6.733159773704195,6.423434398428836,6.5850300788879395,376600,0.0,0.0
2023-08-03,6.665827832211904,6.861089437418641,6.652361846744618,6.85435676574707,298400,0.0,0.0
2023-08-04,6.888021677963096,7.0159520646664495,6.739892635213258,6.921687602996826,121200,0.0,0.0
2023-08-07,6.935154773973204,6.989020001403646,6.585030153551164,6.813957691192627,209500,0.0,0.0
2023-08-08,7.002486024929862,7.069817880642793,6.699493958470004,6.928421497344971,329200,0.0,0.0
2023-08-09,6.921687602996826,6.968820154893693,6.807223843156608,6.921687602996826,130100,0.0,0.0
2023-08-10,6.921687649100051,7.184281095563271,6.908221664271333,7.0563507080078125,186200,0.0,0.0
2023-08-11,7.096750567311152,7.25161358019002,7.069817953174502,7.157349109649658,215500,0.0,0.0
2023-08-14,7.26507927457139,7.26507927457139,6.854356764943091,6.8947553634643555,273400,0.0,0.0
2023-08-15,6.874556338168337,6.901488952297213,6.692760711205296,6.800491809844971,100700,0.0,0.0
2023-08-16,6.733159437780268,6.9351543493385,6.706226825714111,6.706226825714111,132700,0.0,0.0
2023-08-17,6.780291647898062,6.787024961743089,6.362835821368628,6.409968376159668,198500,0.0,0.0
2023-08-18,6.403235061218134,6.497498886535772,6.356102506435164,6.450366973876953,229100,0.0,0.0
2023-08-21,6.463833287631654,6.463833287631654,6.261838376994892,6.369568824768066,231500,0.0,0.0
2023-08-22,6.369569234672868,6.497498989105225,6.261838779966849,6.497498989105225,231600,0.0,0.0
2023-08-23,6.504231973082196,6.6186957359313965,6.416700822543152,6.6186957359313965,136500,0.0,0.0
2023-08-24,6.638894944201002,6.638894944201002,6.3561021977343595,6.369568824768066,207900,0.0,0.0
2023-08-25,6.430167529502633,6.463833455838862,6.201240000965236,6.268571853637695,159800,0.0,0.0
2023-08-28,6.268572467151346,6.268572467151346,6.046377588435374,6.133908748626709,216300,0.0,0.0
2023-08-29,6.187773708084983,6.187773708084983,6.032911337540438,6.127175807952881,161700,0.0,0.0
2023-08-30,6.160840949784173,6.160840949784173,6.026177882435587,6.046377182006836,184200,0.0,0.0
2023-08-31,6.032911224159263,6.032911224159263,5.803983687548722,5.824182987213135,197700,0.0,0.0
2023-09-01,5.8982477642639735,6.09350936037635,5.864581838977539,6.012711524963379,153700,0.0,0.0
2023-09-04,6.059843435089917,6.059843435089917,5.931913689550407,6.012711524963379,151900,0.0,0.0
2023-09-05,6.02617780339554,6.02617780339554,5.7299190591144145,5.797250270843506,233200,0.0,0.0
2023-09-06,5.797250337260411,5.851115564110455,5.649121284484863,5.649121284484863,141900,0.0,0.0
2023-09-08,5.716452015499266,5.743384626655805,5.622188197513429,5.669320106506348,195400,0.0,0.0
2023-09-11,5.696253335503911,5.837649719943249,5.649121421398855,5.8107171058654785,158100,0.0,0.0
2023-09-12,5.84438243942543,6.005978107452392,5.777050590018809,6.005978107452393,100900,0.0,0.0
2023-09-13,6.026178156636483,6.106976000722068,5.938646998346053,5.972312927246094,213900,0.0,0.0
2023-09-14,5.972312657629161,6.0396445123895806,5.925180744571362,5.985779285430908,109900,0.0,0.0
2023-09-15,5.985779661067927,5.985779661067927,5.830916642250213,5.9588470458984375,79700,0.0,0.0
2023-09-18,5.925180601160418,5.965579199339551,5.723185683892331,5.864582061767578,201600,0.0,0.0
2023-09-19,5.857848538771021,5.878047837139013,5.743384777812207,5.790517330169678,107400,0.0,0.0
2023-09-20,5.7905173751417705,6.019444256713243,5.7905173751417705,5.945379734039307,126100,0.0,0.0
2023-09-21,5.878048214401008,5.918447455853992,5.763585088219896,5.824182987213135,212300,0.0,0.0
2023-09-22,5.803983269491977,5.837649194590505,5.696252822875977,5.696252822875977,157600,0.0,0.0
2023-09-25,5.682786464691162,5.736652332670262,5.568323341342484,5.682786464691162,329900,0.0,0.0
2023-09-26,5.655853916290432,5.69625315720463,5.527924163956413,5.554856777191162,115300,0.0,0.0
2023-09-27,5.608721580913365,5.655853489990655,5.3999940046075645,5.487524509429932,102600,0.0,0.0
2023-09-28,5.487525024435368,5.581789493560791,5.406727183238218,5.581789493560791,154300,0.0,0.0
2023-09-29,5.568323645237402,5.783784560416152,5.568323645237402,5.702986717224121,92900,0.0,0.0
2023-10-02,5.635654788086667,5.770317858350998,5.494258403778076,5.494258403778076,181600,0.0,0.0
2023-10-03,5.453859703247668,5.5952560849503605,5.35959523473782,5.426927089691162,224500,0.0,0.0
2023-10-04,5.433659861628085,5.494258403778076,5.386527947566611,5.494258403778076,162500,0.0,0.0
2023-10-05,5.494258403778076,5.541390317839549,5.386527947566611,5.494258403778076,188200,0.0,0.0
2023-10-06,5.426926615812317,5.494257822762145,5.231664702984791,5.487524509429932,328000,0.0,0.0
2023-10-09,5.4673258259683735,5.588522911071777,5.379794669185268,5.588522911071777,127100,0.0,0.0
2023-10-10,5.601988505866187,5.857848644256593,5.568323222021344,5.857848644256592,211900,0.0,0.0
2023-10-11,5.851115943096281,5.9588470458984375,5.810717341404145,5.9588470458984375,193300,0.0,0.0
2023-10-13,5.992511539038446,5.992511539038446,5.736652049901206,5.918447017669678,343600,0.0,0.0
2023-10-16,5.918447597302111,5.925180911392558,5.4403932129913395,5.568323612213135,820200,0.0,0.0
2023-10-17,5.527924201690587,5.689519882202148,5.480792288739088,5.689519882202148,213900,0.0,0.0
2023-10-18,5.68278625582711,5.68278625582711,5.420193449966514,5.628921031951904,311000,0.0,0.0
2023-10-19,5.655853628718755,5.871315165765761,5.595255733614781,5.790517330169678,279900,0.0,0.0
2023-10-20,5.797249840278871,6.026177355828345,5.608721562465699,5.871315002441406,294700,0.0,0.0
2023-10-23,5.878048251861886,6.073310504317535,5.824183024330728,5.9386467933654785,188700,0.0,0.0
2023-10-24,6.059843007871389,6.059843007871389,5.810716205713787,5.925179958343506,113600,0.0,0.0
2023-10-25,5.972312577162608,5.972312577162608,5.723185745304262,5.797250270843506,117400,0.0,0.0
2023-10-26,5.830916135202207,5.918447287422516,5.81071683611264,5.864582061767578,74100,0.0,0.0
2023-10-27,5.945379749987564,6.012711601416574,5.7231855392456055,5.7231855392456055,164800,0.0,0.0
2023-10-30,5.797250016641809,5.797250016641809,5.534657210801648,5.608721733093262,207300,0.0,0.0
2023-10-31,5.676053793359057,5.676053793359057,5.52792410118785,5.6625871658325195,76100,0.0,0.0
2023-11-01,5.662587124320045,5.67605375174786,5.541390045966268,5.548123359680176,262600,0.0,0.0
2023-11-03,5.709719218907863,5.878048214401008,5.60872207846164,5.824182987213135,207500,0.0,0.0
2023-11-06,5.851115167607808,6.255104983730806,5.743384721208105,5.918447017669678,1579900,0.0,0.0
2023-11-07,5.985778760216143,6.120441815796981,5.689519395814202,5.871315002441406,679600,0.0,0.0
2023-11-08,5.9723124504471325,6.1541080667192025,5.898247926479327,5.93191385269165,366100,0.0,0.0
2023-11-09,5.925180913312893,6.0733106127298635,5.878048356788663,5.90498161315918,342100,0.0,0.0
2023-11-10,5.911713489618061,6.207972848585869,5.904980818555588,6.086775779724121,799200,0.0,0.0
2023-11-13,6.0329107669765625,6.228172361266438,6.019444140138035,6.1608405113220215,790800,0.0,0.0
2023-11-14,6.133908349557737,6.389768499134538,6.133908349557737,6.322437286376953,798900,0.0,0.0
2023-11-16,6.268571749707146,6.4369007364733255,6.194506584570586,6.261838436126709,713100,0.0,0.0
2023-11-17,6.282037690395884,6.329169600877967,6.0598434808030355,6.167573928833008,237800,0.0,0.0
2023-11-20,6.160840395806278,6.490765683798887,6.059843264907459,6.295504093170166,813500,0.0,0.0
2023-11-21,6.214705944017535,6.329169707508842,6.086776195357673,6.194506645202637,548000,0.0,0.0
2023-11-22,6.23490615982616,6.4503670690148125,6.100243091583252,6.100243091583252,291500,0.0,0.0
2023-11-23,6.1002425025414455,6.409967850655013,6.093509189248431,6.295504093170166,376500,0.0,0.0
2023-11-24,6.288771423237981,6.443633792075617,6.181040968024989,6.255105495452881,379000,0.0,0.0
2023-11-27,6.248371704568841,6.302236928064115,6.086776034083019,6.23490571975708,518500,0.0,0.0
2023-11-28,6.22143947742566,6.564830780029297,6.181040878368852,6.564830780029297,663300,0.0,0.0
2023-11-29,6.598496498581426,6.719692934041931,6.383034955972717,6.551363945007324,397000,0.0,0.0
2023-11-30,6.692760777671862,6.807224549387381,6.470566548370957,6.712960720062256,819800,0.0,0.0
2023-12-01,6.712959966803813,7.00248537854597,6.665827415305796,6.989019393920898,388200,0.0,0.0
2023-12-04,6.9890199743352746,7.1640822838682805,6.935154747113451,6.995753288269043,1118700,0.0,0.0
2023-12-05,7.036151782308328,7.21794740305404,6.948620628851964,7.029418468475342,377700,0.0,0.0
2023-12-06,7.0698175460711195,7.655602351404974,7.036151619807859,7.608470439910889,1353900,0.0,0.0
2023-12-07,7.530099494770132,7.814123384039471,7.433115453774617,7.779486179351807,634600,0.316868,0.0
2023-12-08,7.77255921389554,7.883397739619942,7.592446279268524,7.682502746582031,165700,0.0,0.0
2023-12-11,7.620155500644075,7.724066447756618,7.613227927996655,7.661720275878906,127400,0.0,0.0
2023-12-12,7.634010740974607,8.04272762251516,7.550881189470066,7.841832637786865,438400,0.0,0.0
2023-12-13,7.841832127916937,8.105073928833008,7.751775670183834,8.105073928833008,371100,0.0,0.0
2023-12-14,7.987308210876233,8.19513076440751,7.85568763467458,8.04272747039795,551900,0.0,0.0
2023-12-15,7.973453603990492,8.042727347004984,7.834905457311834,7.966526031494141,175300,0.0,0.0
2023-12-18,7.966526343265122,8.091220010480654,7.8972519368898935,7.980381488800049,234300,0.0,0.0
2023-12-19,8.035801064830364,8.035801064830364,7.890325334256117,7.938817024230957,162900,0.0,0.0
2023-12-20,7.8418323291238785,8.0565824508667,7.786413070735345,8.0565824508667,159500,0.0,0.0
2023-12-21,8.063510380060503,8.091220010480654,7.966526343265122,7.980381488800049,165800,0.0,0.0
2023-12-22,7.987308250052295,8.132783972172748,7.897251787725377,8.125856399536133,7715200,0.0,0.0
2023-12-26,8.12585623501218,8.312896728515625,8.077364548837068,8.312896728515625,5991500,0.0,0.0
2023-12-27,8.29211523519898,8.548429489135742,8.208986341542438,8.548429489135742,540100,0.0,0.0
2023-12-28,8.45837313844764,8.707759822835508,8.451445565385546,8.62463092803955,596400,0.0,0.0
2024-01-02,8.603848451604959,8.991783275143678,8.603848451604959,8.777033805847168,728100,0.0,0.0
2024-01-03,8.90172693029762,9.234242473084471,8.686976813427203,8.971000671386719,708500,0.0,0.0
2024-01-04,8.85323507983742,9.081839693447916,8.749324132068901,8.867090225219727,400800,0.0,0.0
2024-01-05,8.929437053330505,9.1095493186556,8.82552544496827,9.040275573730469,237700,0.0,0.0
2024-01-08,9.04027616497807,9.109549914433808,8.846308741592376,8.929437637329102,282000,0.0,0.0
2024-01-09,8.991783635699045,9.08876767579747,8.700832836703217,9.061058044433594,294400,0.0,0.0
2024-01-10,9.061058079161548,9.268880645511986,9.047203593751371,9.144186973571777,339900,0.0,0.0
2024-01-11,9.144186744014373,9.19960600556327,8.763178825378418,8.763178825378418,311200,0.0,0.0
2024-01-12,8.811671129129211,9.005638543546763,8.742396722226662,8.853235244750977,159700,0.0,0.0
2024-01-15,8.846308243776349,9.033348083496094,8.77010626481856,9.033348083496094,182000,0.0,0.0
2024-01-16,9.026419793638826,9.026419793638826,8.645411911068267,8.721613883972168,259100,0.0,0.0
2024-01-17,8.797815487001488,8.797815487001488,8.292114591360106,8.493009567260742,415100,0.0,0.0
2024-01-18,8.499938078835914,8.54842976989912,7.966526834541681,8.236696243286133,474800,0.0,0.0
2024-01-19,8.243622366973554,8.243622366973554,7.911106813245731,8.049654960632324,1598400,0.0,0.0
2024-01-22,8.042727801501698,8.153566985757854,7.5924461341881,7.710212230682373,527600,0.0,0.0
2024-01-23,7.758703973240394,7.945744478606722,7.758703973240394,7.862615585327148,169000,0.0,0.0
2024-01-24,7.869542332151991,8.015018057494972,7.7725589556898065,7.821050643920898,561600,0.0,0.0
2024-01-25,7.765631262415164,7.862615298022336,7.7379216323345,7.74484920501709,185200,0.0,0.0
2024-01-26,7.737921593051459,7.793340852931441,7.6063003553492345,7.661720275878906,105000,0.0,0.0
2024-01-29,7.661720533414571,7.661720533414571,7.370769078939985,7.467752456665039,227100,0.0,0.0
2024-01-30,7.391551154586849,7.537026882171631,7.3084222617740755,7.537026882171631,406600,0.0,0.0
2024-01-31,7.537026260781742,7.724066089027561,7.453897374822527,7.5647358894348145,602100,0.0,0.0
2024-02-01,7.571663753266283,7.724066386400783,7.48160729151425,7.509316921234131,520800,0.0,0.0
2024-02-02,7.557808987239103,7.592446191289042,7.322276792479178,7.446970462799072,289100,0.0,0.0
2024-02-05,7.446969985961914,7.481607187793998,7.211437806283357,7.273784637451172,640700,0.0,0.0
2024-02-06,7.273785103199093,7.446970462799071,7.239147899149154,7.446970462799072,224900,0.0,0.0
2024-02-07,7.419260704228313,7.557808857398135,7.322276666684584,7.543954372406006,305500,0.0,0.0
2024-02-08,7.5439540829338725,7.550880994839288,7.239147497006415,7.426187992095947,278800,0.0,0.0
2024-02-09,7.3499863512914585,7.405405612966346,7.273785031650917,7.280712604522705,208700,0.0,0.0
2024-02-14,7.280712231604493,7.370768692375919,7.273784659087535,7.343059062957764,181000,0.0,0.0
2024-02-15,7.391550871983412,7.509316964128016,7.377695726719487,7.419260501861572,306100,0.0,0.0
2024-02-16,7.51624487089895,7.51624487089895,7.377696054699193,7.446970462799072,331100,0.0,0.0
2024-02-19,7.481607565421943,7.481607565421943,7.343059411750181,7.3846235275268555,130400,0.0,0.0
2024-02-20,7.3638413325106455,7.827978134155273,7.336131702292295,7.827978134155273,564700,0.0,0.0
2024-02-21,7.848760210520527,7.945744246842693,7.730994116647075,7.841832637786865,299700,0.0,0.0
2024-02-22,7.862614807962571,8.243622032661923,7.772558350651014,8.195130348205566,406200,0.0,0.0
2024-02-23,8.195130638676346,8.312896728515625,8.042727347004984,8.139711380004883,225600,0.0,0.0
2024-02-26,8.174348202350638,8.174348202350638,8.0288724899292,8.0288724899292,382300,0.0,0.0
2024-02-27,8.02887337464268,8.465300559997559,8.02887337464268,8.465300559997559,420800,0.0,0.0
2024-02-28,8.472227786057234,8.472227786057234,8.10507499518637,8.236696243286133,256700,0.0,0.0
2024-02-29,8.236695536709878,8.36138854026857,8.042727467796917,8.215912818908691,1845400,0.0,0.0
2024-03-01,8.222840058922523,8.299041372495727,8.188202857971191,8.188202857971191,507300,0.0,0.0
2024-03-04,8.188203189156795,8.37524368546936,8.160493559404898,8.215912818908691,283700,0.0,0.0
2024-03-05,8.243622815288372,8.409881261843633,8.243622815288372,8.382171630859375,233200,0.0,0.0
2024-03-06,8.382171796481373,8.451445544985928,8.278260182749948,8.368316650390625,149600,0.0,0.0
2024-03-07,8.382171465434071,8.382171465434071,8.243622652597383,8.340606689453125,187800,0.0,0.0
2024-03-08,8.312897132942746,8.589993439780955,8.202058610207462,8.506864547729492,359200,0.0,0.0
2024-03-11,8.493010357321209,8.555357193684943,8.312897421303694,8.451445579528809,221500,0.0,0.0
2024-03-12,8.548429074197918,8.548429074197918,8.32675203520727,8.472227096557617,179100,0.0,0.0
2024-03-13,8.465299856333468,8.520719113932241,8.389097881647908,8.499937057495117,275500,0.0,0.0
2024-03-14,8.499937738373376,8.520719796475225,8.10507467053996,8.208986282348633,777300,0.0,0.0
2024-03-15,8.2505503527249,8.361388876185398,8.20898623675207,8.243622779846191,548800,0.0,0.0
2024-03-18,8.208985663223693,8.4168075498676,8.17434846189982,8.409880638122559,276000,0.0,0.0
2024-03-19,8.402953430014522,8.693904876708984,8.243622561277224,8.693904876708984,280200,0.0,0.0
2024-03-20,8.790889105543343,8.790889105543343,8.146639977283744,8.562284469604492,1233600,0.0,0.0
2024-03-21,8.652339813155196,8.971000879371985,8.6246301839472,8.92250919342041,295500,0.0,0.0
2024-03-22,8.984857075446245,8.984857075446245,8.486083030700684,8.486083030700684,293700,0.0,0.0
2024-03-25,8.548429123558524,8.60384838362619,8.257477677878436,8.264405250549316,185700,0.0,0.0
2024-03-26,8.250550584939958,8.548429620611255,8.202058894723601,8.451445579528809,415400,0.0,0.0
2024-03-27,8.396026429139807,8.437591207491128,8.125857021480575,8.15356731414795,768000,0.0,0.0
2024-03-28,8.153567269229217,8.797816375252404,7.897252348665996,8.617703437805176,1346100,0.0,0.0
2024-04-01,8.576139252256278,8.652340574117659,8.409881462386139,8.451445579528809,530800,0.0,0.0
2024-04-02,8.49993739052567,8.49993739052567,8.22976800365907,8.299041748046875,194800,0.0,0.0
2024-04-03,8.299042484781664,8.47915542534865,8.243623220091784,8.4029541015625,269200,0.0,0.0
2024-04-04,8.479154988961588,8.984856579042559,8.465300503827024,8.72854232788086,654200,0.0,0.0
2024-04-05,8.742396512906597,9.178823680383946,8.742396512906597,9.130331993103027,820100,0.0,0.0
2024-04-08,9.227315875739428,9.615251377296367,9.130332495837488,9.573686599731445,888100,0.0,0.0
2024-04-09,9.594469399645321,9.753799616911692,9.414356463096592,9.62217903137207,934200,0.0,0.0
2024-04-10,9.66374270987753,9.66374270987753,9.116477012634277,9.116477012634277,1758800,0.0,0.0
2024-04-11,9.054130178917374,9.123404585413867,8.957146802601926,9.116477012634277,379800,0.0,0.0
2024-04-12,9.054130260960411,9.164968783839392,8.97792894164354,9.109549522399902,402500,0.0,0.0
2024-04-15,9.158041414229956,9.158041414229956,8.624630223705026,8.65926742553711,552000,0.0,0.0
2024-04-16,8.624629963932607,8.624629963932607,8.243622076554933,8.27825927734375,501000,0.0,0.0
2024-04-17,8.292114465192444,8.527646639005962,8.146638749639957,8.361388206481934,575900,0.0,0.0
2024-04-18,8.416807797162738,8.56921109107576,8.34060648053107,8.389098167419434,468600,0.0,0.0
2024-04-19,8.368316189533207,8.659267634918443,8.368316189533207,8.6107759475708,268100,0.0,0.0
2024-04-22,8.541501501567039,8.56228355880999,8.368316149693174,8.472227096557617,359700,0.0,0.0
2024-04-23,8.40295339220282,8.686977264924193,8.312896929521704,8.6107759475708,249000,0.0,0.0
2024-04-24,8.562283986452627,8.583066705383258,8.319824878109428,8.375244140625,268900,0.0,0.0
2024-04-25,8.312896810846212,8.451444958897046,8.250549979060917,8.30596923828125,647300,0.0,0.0
2024-04-26,8.312896728515625,8.486082077026367,8.195130638676346,8.312896728515625,308900,0.0,0.0
2024-04-29,8.312896971773954,8.520719528198242,8.215912935936036,8.520719528198242,224500,0.0,0.0
2024-04-30,8.437591175619659,8.458373234391948,8.015018463134766,8.015018463134766,620200,0.0,0.0
2024-05-02,8.056582206437652,8.479154203992206,8.056582206437652,8.195130348205566,1164500,0.0,0.0
2024-05-03,8.382172010122293,8.673123478946357,8.319825172424316,8.319825172424316,775600,0.0,0.0
2024-05-06,8.312897501686447,8.312897501686447,8.015018463134766,8.015018463134766,343600,0.0,0.0
2024-05-07,7.980381176486844,8.437590390851256,7.980381176486844,8.312896728515625,415200,0.0,0.0
2024-05-08,8.333678957761206,8.340606530400876,7.800268416850816,7.952671051025391,872800,0.0,0.0
2024-05-09,7.938816535436772,7.938816535436772,7.349986076354981,7.3499860763549805,750100,0.0,0.0
2024-05-10,7.391550789970143,7.724066344818627,7.329203958273633,7.426187992095947,735100,0.0,0.0
2024-05-13,7.426187863453758,7.4816071216351565,7.1213812828063965,7.1213812828063965,449000,0.0,0.0
2024-05-14,7.15601879767791,7.259929746155638,7.107527109808264,7.135236740112305,169400,0.0,0.0
2024-05-15,7.100599369320342,7.336131551665161,7.100599369320342,7.266857147216797,382500,0.0,0.0
2024-05-16,7.301494288505691,7.3776956042432005,7.239147457152421,7.343059062957764,303500,0.0,0.0
2024-05-17,7.356913776452538,7.363841349185236,7.218365625047063,7.308422088623047,223600,0.0,0.0
2024-05-20,7.308422088623047,7.488535015775013,7.204510479581667,7.308422088623047,808400,0.0,0.0
2024-05-21,7.329203938086556,7.343059083158589,7.135236531625859,7.183728218078613,448300,0.0,0.0
2024-05-22,7.1629466131578745,7.1906562444009525,6.892777213050568,6.927414417266846,387700,0.0,0.0
2024-05-23,6.920486861181725,7.052108105394835,6.878922744540539,6.9966888427734375,460600,0.0,0.0
2024-05-24,6.996688613522511,7.0659623592045975,6.948196264830379,6.975905895233154,291800,0.0,0.0
2024-05-27,7.0105433109960815,7.0105433109960815,6.899704786023768,6.927414417266846,131200,0.0,0.0
2024-05-28,6.934342122813045,7.183728808768607,6.934342122813045,7.072890281677246,366700,0.0,0.0
2024-05-29,7.065962378435964,7.079817523999911,6.920486653263031,7.045180320739746,409700,0.0,0.0
2024-05-31,7.052107602765318,7.2876397824438754,7.0174704009332345,7.273784637451172,440800,0.0,0.0
2024-06-03,7.142164319059243,7.246075267627298,6.89970455820085,6.9620513916015625,638400,0.0,0.0
2024-06-04,7.010543293542623,7.010543293542623,6.8235034482799275,6.858139991760254,525200,0.0,0.0
2024-06-05,6.892777004024829,7.017470671162166,6.8512128887455175,6.975905895233154,253600,0.0,0.0
2024-06-06,6.996688613522511,7.169873968702278,6.955123837593498,6.975905895233154,407100,0.0,0.0
2024-06-07,6.927414005217147,6.962051207373169,6.719591452930697,6.7334465980529785,475800,0.0,0.0
2024-06-10,6.7403741867902465,6.754229333303774,6.5325522742853135,6.615681171417236,739600,0.0,0.0
2024-06-11,6.615681171417236,6.6711004361718516,6.5256247010285495,6.615681171417236,693800,0.0,0.0
2024-06-12,6.615680487161413,6.788865836769567,6.484059251495395,6.4909868240356445,267100,0.0,0.0
2024-06-13,6.4909869545738665,6.4909869545738665,6.193107935849392,6.220817565917969,469300,0.0,0.0
2024-06-14,6.193107936923131,6.283164399824044,6.158471394818675,6.276237487792969,586500,0.0,0.0
2024-06-17,6.2762376809181255,6.2762376809181255,6.103052322468008,6.158471584320068,354300,0.0,0.0
2024-06-18,6.137688676776369,6.30394711786635,6.0614873592369936,6.276237487792969,275800,0.0,0.0
2024-06-19,6.262382053679524,6.331656455993653,6.186180739653711,6.331656455993652,109100,0.0,0.0
2024-06-20,6.338583469390869,6.4840591880645775,6.303946928327816,6.338583469390869,474100,0.0,0.0
2024-06-21,6.380148567773985,6.539478778839111,6.338583791476727,6.539478778839111,231200,0.0,0.0
2024-06-24,6.490987463591864,6.574116360316497,6.407858566867231,6.532552242279053,531100,0.0,0.0
2024-06-25,6.497914809427692,6.6156809074956024,6.477132751136214,6.5117692947387695,447700,0.0,0.0
2024-06-26,6.525624237293816,6.532551810058282,6.428640200540406,6.442495346069336,179700,0.0,0.0
2024-06-27,6.518696412240388,6.594898388400907,6.414785467393813,6.581043243408203,255600,0.0,0.0
2024-06-28,6.52562444069957,6.63646296578708,6.435567973903536,6.5117692947387695,422500,0.0,0.0
2024-07-01,6.511768963664321,6.581043368646794,6.400930444212115,6.4840593338012695,223300,0.0,0.0
2024-07-02,6.442495546883936,6.553334071971447,6.414785915612058,6.5117692947387695,304600,0.0,0.0
2024-07-03,6.504842086672288,6.754228756781085,6.504842086672288,6.740373611450195,420800,0.0,0.0
2024-07-04,6.823503499731976,7.065962609171099,6.781938722332562,7.010543346405029,488000,0.0,0.0
2024-07-05,7.072890231016342,7.114455008702754,6.892777295458107,6.920486927032471,269800,0.0,0.0
2024-07-08,6.975905796877794,6.975905796877794,6.733446699434442,6.740373611450195,518900,0.0,0.0
2024-07-09,6.809648331340073,6.823503477310926,6.636462970602737,6.7542290687561035,534700,0.0,0.0
2024-07-10,6.795794176337906,6.885849986926852,6.671100499138205,6.7819390296936035,699600,0.0,0.0
2024-07-11,6.823503659477415,7.3222770360488525,6.823503659477415,7.239148139953613,607000,0.0,0.0
2024-07-12,7.287640063076497,7.315349693479272,6.968978983119736,6.975905895233154,318600,0.0,0.0
2024-07-15,7.086744416844253,7.086744416844253,6.913559061664485,6.975905895233154,111500,0.0,0.0
2024-07-16,7.003615838033581,7.065962674383242,6.913559370045151,6.9897613525390625,128300,0.0,0.0
2024-07-17,6.989761034238997,7.190656019634136,6.920486627971832,7.1490912437438965,229200,0.0,0.0
2024-07-18,7.100599442252761,7.156018702120807,6.6572447026587005,6.7265191078186035,909300,0.0,0.0
2024-07-19,6.823503157963982,6.9412692506057745,6.733446695317336,6.9135589599609375,260600,0.0,0.0
2024-07-22,6.906632406806378,6.955124096655006,6.7750111620033495,6.837357997894287,256700,0.0,0.0
2024-07-23,6.851212856872357,6.878922487146222,6.678027502498281,6.7195916175842285,220100,0.0,0.0
2024-07-24,6.719591452930697,6.761156227647859,6.601825361990031,6.7334465980529785,317400,0.0,0.0
2024-07-25,6.726519365456498,6.726519365456498,6.518696802666498,6.587971210479736,328000,0.0,0.0
2024-07-26,6.615680567862855,6.7473011444847675,6.532551678314854,6.657244682312012,198500,0.0,0.0
2024-07-29,6.684954230614867,6.754228634718,6.449422710093509,6.4909868240356445,155400,0.0,0.0
2024-07-30,6.490987279345113,6.490987279345113,6.227745450197694,6.234673023223877,148000,0.0,0.0
2024-07-31,6.290092481815596,6.587971524711076,6.234673217181517,6.5464067459106445,275900,0.0,0.0
2024-08-01,6.470204747884339,6.7611561872155175,6.456349602844913,6.477132320404053,385000,0.0,0.0
2024-08-02,6.581043036722342,6.629534721374512,6.4009301213719185,6.629534721374512,226200,0.0,0.0
2024-08-05,6.414785771246749,6.539478778839111,6.2970196758291745,6.539478778839111,228400,0.0,0.0
2024-08-06,6.587970663118206,6.587970663118206,6.234672401793963,6.2623820304870605,527400,0.0,0.0
2024-08-07,6.241600285038819,6.470204898306639,6.179253452211288,6.276237487792969,862900,0.0,0.0
2024-08-08,6.234673053518477,6.234673053518477,5.7081893926654255,6.130762100219727,985800,0.0,0.0
2024-08-09,6.137688675712237,6.310874028803268,6.026850155437929,6.220817565917969,890600,0.0,0.0
2024-08-12,6.220817893497558,6.407858401797016,6.186181349575194,6.303947448730469,450000,0.0,0.0
2024-08-13,6.39400258155044,6.442494927098422,6.137688351781265,6.248527526855469,776500,0.0,0.0
2024-08-14,6.255454603226099,6.477132298561628,6.206962917050987,6.407857894897461,376900,0.0,0.0
2024-08-15,6.4078584860646055,6.463277749848861,6.297019958496095,6.297019958496094,407900,0.0,0.0
2024-08-16,6.373220920562744,6.442495326699718,6.310874087169407,6.373220920562744,433900,0.0,0.0
2024-08-19,6.380148603240248,6.678027629852296,6.380148603240248,6.678027629852295,699500,0.0,0.0
2024-08-20,6.740373511628592,6.740373511628592,6.50484199033879,6.560261249542236,312100,0.0,0.0
2024-08-21,6.546405878636452,6.754228423806586,6.546405878636452,6.712663650512695,264300,0.0,0.0
2024-08-22,6.705736840056045,6.705736840056045,6.407857832127624,6.428639888763428,446300,0.0,0.0
2024-08-23,6.421712782639658,6.816575150018272,6.421712782639658,6.7057366371154785,969600,0.0,0.0
2024-08-26,6.7057373791575605,6.913559283522586,6.671100174880149,6.7542290687561035,1178700,0.0,0.0
2024-08-27,6.795793590543793,6.948196226595558,6.754228814843505,6.892776966094971,976400,0.0,0.0
2024-08-28,6.865067005157471,6.87199457754877,6.705736804055573,6.865067005157471,421900,0.0,0.0
2024-08-29,6.878922609128269,6.878922609128269,6.684954533121938,6.851212978363037,418300,0.0,0.0
2024-08-30,6.8927766340730034,7.010542722126433,6.823502892109004,6.865067005157471,2149500,0.0,0.0
2024-09-02,6.865067253768166,6.9204865136061775,6.684954328969783,6.899704456329346,478000,0.0,0.0
2024-09-03,6.8165755061933195,6.982833284234697,6.740373529103759,6.74730110168457,635200,0.0,0.0
2024-09-04,6.865067292485165,7.059034703012126,6.788865974940568,6.982833385467529,324100,0.0,0.0
2024-09-05,6.913559306239546,7.065962609171099,6.858140043473477,7.010543346405029,361800,0.0,0.0
2024-09-06,7.0243980167838735,7.176800648746183,6.664172172546387,6.664172172546387,561400,0.0,0.0
2024-09-09,6.65031764707237,6.775010648758325,6.52562398473674,6.581043243408203,336700,0.0,0.0
2024-09-10,6.5879706090011245,6.65031743821086,6.484059006768347,6.629534721374512,395000,0.0,0.0
2024-09-11,6.643390336912684,6.802720546722412,6.608753133712833,6.802720546722412,304100,0.0,0.0
2024-09-12,6.71959204343151,6.8512132910610015,6.622608661651611,6.622608661651611,776000,0.0,0.0
2024-09-13,6.622607752438383,6.781937949573736,6.622607752438383,6.7057366371154785,940500,0.0,0.0
2024-09-16,6.712663859020787,6.761156206144867,6.581043284026124,6.664172172546387,390300,0.0,0.0
2024-09-17,6.65031743821086,6.691881550584247,6.5879706090011245,6.629534721374512,294500,0.0,0.0
2024-09-18,6.678027573662709,6.719591689191584,6.477132586873929,6.5256242752075195,524600,0.0,0.0
2024-09-19,6.525624108920691,6.567188223390424,6.421713162096669,6.4840593338012695,745200,0.0,0.0
2024-09-20,6.470205040736823,6.490987098586916,6.262382480286767,6.421713352203369,412900,0.0,0.0
2024-09-23,6.4147854452888,6.4147854452888,6.2069628956621195,6.338583469390869,388000,0.0,0.0
2024-09-24,6.36629332900462,6.435567734936865,6.32472921396503,6.359366416931152,204000,0.0,0.0
2024-09-25,6.435568033324744,6.435568033324744,6.2900923026417415,6.303947448730469,257800,0.0,0.0
2024-09-26,6.359366250123938,6.373220734557163,6.262382216492641,6.317801475524902,429900,0.0,0.0
2024-09-27,6.317801621581289,6.435567714909808,6.255454788566227,6.2900919914245605,266100,0.0,0.0
2024-09-30,6.310874034664732,6.3178016073507335,6.103052139282227,6.103052139282227,506200,0.0,0.0
2024-10-01,6.103052094901039,6.234672671729465,6.082269376994165,6.137688636779785,289000,0.0,0.0
2024-10-02,6.234673083885646,6.276237861797433,5.784391403198242,5.784391403198242,557800,0.0,0.0
2024-10-03,5.777463598624083,5.860592490467271,5.271762344424075,5.403383255004883,933000,0.0,0.0
2024-10-04,5.403383348701413,5.424165406860152,5.174778396681277,5.223270416259766,969700,0.0,0.0
2024-10-07,5.2579073698503525,5.327181444287972,5.119358890650272,5.188632965087891,680700,0.0,0.0
2024-10-08,5.063939591611257,5.11935885072919,5.057012349383936,5.105504035949707,656400,0.0,0.0
2024-10-09,5.063939736672997,5.112431754952711,5.008520475967523,5.077794551849365,463300,0.0,0.0
2024-10-10,5.04315753327149,5.278689384460449,5.036229960721159,5.278689384460449,2595000,0.0,0.0
2024-10-11,5.306399225637738,5.306399225637738,5.167851072354058,5.230197906494141,495800,0.0,0.0
2024-10-14,5.264834816481397,5.334108893607825,5.195560739354968,5.313326835632324,484200,0.0,0.0
2024-10-15,5.313327000246548,5.458802731881515,5.271762552682967,5.327181816101074,704500,0.0,0.0
2024-10-16,5.292543978219664,5.486511707305908,5.2509795356279305,5.486511707305908,1091200,0.0,0.0
2024-10-17,5.438020325441451,5.52807679336857,5.285617351531982,5.285617351531982,625400,0.0,0.0
2024-10-18,5.292544410309369,5.36874605977782,5.230197906494141,5.230197906494141,265100,0.0,0.0
2024-10-21,5.334108929771601,5.48651223080785,5.306399298733165,5.396455764770508,467300,0.0,0.0
2024-10-22,5.368745824915361,5.438019898526719,5.237124919891357,5.237124919891357,340600,0.0,0.0
2024-10-23,5.250979713993729,5.271762101157947,5.1817056406544,5.195560455322266,232300,0.0,0.0
2024-10-24,5.195560676910615,5.334108829498291,5.160923473601271,5.334108829498291,291600,0.0,0.0
2024-10-25,5.327181613792717,5.347963671622842,5.195560703010794,5.230197906494141,353100,0.0,0.0
2024-10-28,5.257907529116877,5.465729758724847,5.250979956300851,5.403383255004883,296400,0.0,0.0
2024-10-29,5.382600866881659,5.465729758724847,5.334108848144039,5.403383255004883,375000,0.0,0.0
2024-10-30,5.417237943740374,5.486512018657802,5.382600741119238,5.472657203674316,358700,0.0,0.0
2024-10-31,5.444947674590623,5.625060272713037,5.444947674590623,5.507294178009033,733200,0.0,0.0
2024-11-01,5.5696410668356515,5.5696410668356515,5.264834798212201,5.271762371063232,554300,0.0,0.0
2024-11-04,5.3479633397847195,5.791317733107457,5.3479633397847195,5.722043991088867,675600,0.0,0.0
2024-11-05,5.611205799339527,5.812100785897871,5.576568596005391,5.749753952026367,434800,0.0,0.0
2024-11-06,5.680479662447924,5.8883022260868145,5.597350769122312,5.825955390930176,479400,0.0,0.0
2024-11-07,5.825955287036849,5.888302121081667,5.285617159731273,5.403383255004883,1401900,0.0,0.0
2024-11-08,5.334108829498291,5.39645566332517,5.216343064961192,5.334108829498291,715700,0.0,0.0
2024-11-11,5.375673836754352,5.403383468463407,5.1955609003206344,5.327181816101074,451600,0.0,0.0
2024-11-12,5.389528276444251,5.389528276444251,5.14706852042532,5.188632965087891,478100,0.0,0.0
2024-11-13,5.174778111310925,5.237124942998655,4.84226222618443,4.932318687438965,834900,0.0,0.0
2024-11-14,4.932318963582794,4.98773822581914,4.8353352546691895,4.8353352546691895,458400,0.0,0.0
2024-11-18,4.849190081815478,4.8838272859583896,4.620585459381869,4.662149906158447,751800,0.0,0.0
2024-11-19,4.710641852120078,4.883827209472656,4.60673057164356,4.883827209472656,558500,0.0,0.0
2024-11-21,4.835334963965373,4.918463852322123,4.752206075608623,4.890754222869873,410200,0.0,0.0
2024-11-22,4.953101115519334,5.043157577514648,4.842262266015545,5.043157577514648,450500,0.0,0.0
2024-11-25,5.0085206271659395,5.264834880828857,5.0085206271659395,5.264834880828857,2237400,0.0,0.0
2024-11-26,5.264834875814655,5.666625188325719,5.202488370860669,5.652770042419434,653900,0.0,0.0
2024-11-27,5.701261657671617,5.742826434200382,5.09857702255249,5.09857702255249,1089700,0.0,0.0
2024-11-28,5.0085206070017865,5.0223754225406285,4.592875810511672,4.6205854415893555,1604800,0.0,0.0
2024-11-29,4.62058523330213,4.772988197359354,4.371198234520011,4.696786880493164,864400,0.0,0.0
2024-12-02,4.6967867548927025,4.793770456699237,4.558238279129962,4.5928754806518555,390500,0.0,0.0
2024-12-03,4.613657822828537,4.710641860961914,4.599803007427319,4.710641860961914,261600,0.0,0.0
2024-12-04,4.655222148608026,4.793770629360998,4.6067304611206055,4.6067304611206055,257500,0.0,0.0
2024-12-05,4.606730695158802,4.863044951634929,4.606730695158802,4.786843299865723,838300,0.0,0.0
2024-12-06,4.786842990953729,4.821480193247615,4.613657640133987,4.627512454986572,412700,0.0,0.0
2024-12-09,4.662149616220615,4.703714060412311,4.544383525848389,4.544383525848389,385200,0.0,0.0
2024-12-10,4.572093296256119,4.717569020574141,4.572093296256119,4.689859390258789,443200,0.0,0.0
2024-12-11,4.738351592611017,4.766061224003198,4.544383842540888,4.745278835296631,471000,0.0,0.0
2024-12-12,4.745278574250625,4.745278574250625,4.336561368537766,4.35041618347168,596800,0.0,0.0
2024-12-13,4.385053203707495,4.426617649912678,4.267287107630382,4.294996738433838,367300,0.0,0.0
2024-12-16,4.260359959307672,4.350416426572883,4.1079566561934895,4.142593860626221,282300,0.0,0.0
2024-12-17,4.142593611806638,4.239577315938275,4.038682335074604,4.107956409454346,412100,0.0,0.0
2024-12-18,4.004045500131298,4.211867725195303,3.837787389755249,3.837787389755249,370600,0.0,0.0
2024-12-19,3.8447148490089225,3.969408180369138,3.803150074897348,3.9416985511779785,468000,0.0,0.0
2024-12-20,4.05253718908816,4.3781258373046,4.05253718908816,4.218795299530029,1097300,0.0,0.0
2024-12-23,4.2534324700429345,4.2534324700429345,4.052537473157063,4.163376331329346,428100,0.0,0.0
2024-12-26,4.177230645203827,4.253431958777031,4.052536986038895,4.094101428985596,450900,0.0,0.0
2024-12-27,4.124316273466812,4.228729240143668,4.027361198023912,4.0422773361206055,319500,0.420512,0.0
2024-12-30,4.049735264362152,4.109400172922945,3.8931156351012435,4.03481912612915,322800,0.0,0.0
2025-01-02,4.0199028767779055,4.0199028767779055,3.8558253607503246,3.915489912033081,222600,0.0,0.0
2025-01-03,3.975154579035056,4.333142252781618,3.967696687721997,4.22127103805542,1834200,0.0,0.0
2025-01-06,4.32568405469556,4.370432466286771,4.206354601490234,4.280935287475586,446000,0.0,0.0
2025-01-07,4.325684251460896,4.355516527212038,4.243645315330867,4.266019344329834,212200,0.0,0.0
2025-01-08,4.2511033369874145,4.266019475320996,4.1019419536515995,4.146690368652344,220900,0.0,0.0
2025-01-09,4.146689981065079,4.243645048985454,4.057193159428776,4.176522254943848,191300,0.0,0.0
2025-01-10,4.169064395952455,4.176522286664412,3.960238121586293,4.027360916137695,280800,0.0,0.0
2025-01-13,4.1317739871824095,4.1317739871824095,3.863283157348633,3.863283157348633,183000,0.0,0.0
2025-01-14,3.8632831901877482,3.990070537454452,3.8632831901877482,3.975154399871826,310600,0.0,0.0
2025-01-15,3.960238175536228,4.20635461807251,3.960238175536228,4.20635461807251,434500,0.0,0.0
2025-01-16,4.206354756582669,4.206354756582669,3.9900705814361572,3.9900705814361572,249600,0.0,0.0
2025-01-17,4.101941709427232,4.101941709427232,3.9602382258806563,3.9826126098632812,338100,0.0,0.0
2025-01-20,3.960238325495149,4.079567428060662,3.8036187005635234,3.915489912033081,636600,0.0,0.0
2025-01-21,3.9154898753696394,3.967696535067593,3.811076911602506,3.922948122024536,516300,0.0,0.0
2025-01-22,3.848367118122369,4.0795674324035645,3.848367118122369,4.0795674324035645,1315500,0.0,0.0
2025-01-23,4.057193399144017,4.064651290239973,3.8707414985710136,3.915489912033081,675100,0.0,0.0
2025-01-24,3.96769639216868,3.96769639216868,3.8334508022456677,3.855825185775757,685100,0.0,0.0
2025-01-27,3.8558251813909665,4.295851760075983,3.833450797886321,4.213812828063965,1211500,0.0,0.0
2025-01-28,4.124316311155947,4.236187170089063,4.03481912612915,4.03481912612915,293600,0.0,0.0
2025-01-29,4.057193289332181,4.10194170158309,3.9304059434735557,3.960238218307495,407400,0.0,0.0
2025-01-30,3.9602383060000252,4.348058243057595,3.9602383060000252,4.273477554321289,834800,0.0,0.0
2025-01-31,4.273477285795295,4.377890243465286,4.169064328125304,4.183980464935303,447100,0.0,0.0
2025-02-03,4.21381284790315,4.348058082676784,4.049734983106614,4.280935287475586,572600,0.0,0.0
2025-02-04,4.280935303202788,4.407722647658056,4.25110302869905,4.325684070587158,470800,0.0,0.0
2025-02-05,4.385348823862059,4.385348823862059,4.139232369927854,4.191438674926758,399600,0.0,0.0
2025-02-06,4.2138127967115055,4.422638714933562,4.2138127967115055,4.362974166870117,405300,0.0,0.0
2025-02-07,4.325684384284112,4.348058413970089,4.146690368652344,4.146690368652344,466900,0.0,0.0
2025-02-10,4.14669003317879,4.303309650825025,4.14669003317879,4.213812828063965,376400,0.0,0.0
2025-02-11,4.176522628905419,4.415181196933564,4.176522628905419,4.4077229499816895,414800,0.0,0.0
2025-02-12,4.340600171456513,4.340600171456513,4.213812828063965,4.213812828063965,301900,0.0,0.0
2025-02-13,4.221270665762,4.251102939640767,4.124315953470382,4.176522254943848,284600,0.0,0.0
2025-02-14,4.1466901657047295,4.54196834564209,4.1466901657047295,4.54196834564209,616500,0.0,0.0
2025-02-17,4.4226388350574215,4.914872081207967,4.400264806740305,4.885039806365967,442600,0.0,0.0
2025-02-18,4.825374992386639,4.989452862752033,4.691129753056678,4.7955427169799805,393300,0.0,0.0
2025-02-19,4.788084549244244,4.788084549244244,4.430096909423307,4.445013046264648,523800,0.0,0.0
2025-02-20,4.4748454093933105,4.4972197929169315,4.377890340172219,4.4748454093933105,206900,0.0,0.0
2025-02-21,4.482303581364939,4.482303581364939,4.251102926097895,4.370432376861572,286100,0.0,0.0
2025-02-24,4.3853486027955055,4.482303672375626,4.295851779627131,4.400264739990234,466200,0.0,0.0
2025-02-25,4.385348529123359,4.400264666067502,4.273477324227902,4.295851707458496,229400,0.0,0.0
2025-02-26,4.362974347671269,4.4002648695706155,4.15414842079549,4.161606311798096,434700,0.0,0.0
2025-02-27,4.1243158785661755,4.280935135770871,4.042276949075144,4.072109222412109,467300,0.0,0.0
2025-02-28,4.034818843333788,4.1093998849002915,4.004986568958691,4.01990270614624,468800,0.0,0.0
2025-03-05,4.176522341933492,4.176522341933492,3.937864145932515,3.945322036743164,237000,0.0,0.0
2025-03-06,3.8781993100443577,4.0795673443038,3.8781993100443577,4.049735069274902,233500,0.0,0.0
2025-03-07,4.012444833746165,4.20635461807251,3.952780284722674,4.20635461807251,579700,0.0,0.0
2025-03-10,4.1392323021680735,4.236187019419782,4.072109504692543,4.0870256423950195,385400,0.0,0.0
2025-03-11,4.12431598479444,4.12431598479444,4.004986532744308,4.027360916137695,343500,0.0,0.0
2025-03-12,3.9900704484933467,4.057193243933003,3.9453220367431636,3.945322036743164,229000,0.0,0.0
2025-03-13,3.9453220539150022,4.012444849646808,3.8483669835532313,3.870741367340088,755900,0.0,0.0
2025-03-14,3.8334508629381463,4.101941691406246,3.758870176038332,4.057193279266357,1327200,0.0,0.0
2025-03-17,4.027360920920886,4.385348566238937,4.027360920920886,4.288393497467041,810200,0.0,0.0
2025-03-18,4.251103009736511,4.310767914106608,4.101941637883173,4.139232158660889,465500,0.0,0.0
2025-03-19,4.13923204026881,4.310767790808191,4.0646510008465775,4.258561134338379,762500,0.0,0.0
2025-03-20,4.1765226081305515,4.295852069365449,4.1094001640415065,4.154148578643799,419400,0.0,0.0
2025-03-21,4.176522500379914,4.2511031894596165,4.131774086932092,4.198896884918213,319100,0.0,0.0
2025-03-24,4.295852069365449,4.348058375253729,4.154148578643799,4.154148578643799,436000,0.0,0.0
2025-03-25,3.952780269140038,4.422638768662136,3.863283090328853,4.280935287475586,1568400,0.0,0.0
2025-03-26,4.280935176385918,4.489761447354653,4.109399780885309,4.183980464935303,858800,0.0,0.0
2025-03-27,4.146690069049019,4.266019167096001,4.131773931793147,4.20635461807251,310200,0.0,0.0
2025-03-28,4.169064687756894,4.169064687756894,4.012445059927218,4.0422773361206055,645000,0.0,0.0
2025-03-31,3.9900706428779023,3.9900706428779023,3.7290380504707086,3.7663285732269287,1484700,0.0,0.0
2025-04-01,3.7887025983544866,3.9975288854357616,3.7439541844718094,3.908031702041626,648600,0.0,0.0
2025-04-02,3.8931155316320734,4.087025679136238,3.8931155316320734,4.0795674324035645,460100,0.0,0.0
2025-04-03,4.079567407978116,4.3406003519983525,4.034818994736332,4.273477554321289,1386300,0.0,0.0
2025-04-04,4.273477355321157,4.273477355321157,3.990070395691636,4.027360916137695,745300,0.0,0.0
2025-04-07,3.937864145932515,4.101941655683187,3.8036185550532022,3.945322036743164,607000,0.0,0.0
2025-04-08,3.990070621601959,4.034819035293546,3.8334509958670173,3.840909242630005,487900,0.0,0.0
2025-04-09,3.8558254320975425,4.10194188850738,3.751412465420687,4.0422773361206055,942100,0.0,0.0
2025-04-10,4.012444840137851,4.049735005522553,3.91548977000585,3.96769642829895,456600,0.0,0.0
2025-04-11,3.975154278405712,4.318225787951867,3.975154278405712,4.213812828063965,751700,0.0,0.0
2025-04-14,4.310768229008845,4.422639088256649,4.280935596830137,4.4077229499816895,785700,0.0,0.0
2025-04-15,4.407722955426256,4.631465385455815,4.355516649213804,4.594174861907959,958300,0.0,0.0
2025-04-16,4.60163280639086,4.661297355642481,4.4450131867909715,4.512135982513428,479200,0.0,0.0
2025-04-17,4.445013422859352,4.773168816799904,4.430097284754273,4.67621374130249,586000,0.0,0.0
2025-04-22,4.691129772049465,4.817917120855469,4.594174698770901,4.720962047576904,358900,0.0,0.0
2025-04-23,4.773168688239375,4.922330065272665,4.728420275129388,4.7955427169799805,580400,0.0,0.0
2025-04-24,4.773168416966643,5.168446221454489,4.773168416966643,5.1609883308410645,662300,0.0,0.0
2025-04-25,5.160988382792544,5.160988382792544,5.019284903423528,5.078949451446533,448200,0.0,0.0
2025-04-28,5.108781977525199,5.1982788039754775,4.929788324624642,4.98199462890625,417600,0.0,0.0
2025-04-29,4.914872321794622,5.071491950196156,4.914872321794622,5.049117565155029,319900,0.0,0.0
2025-04-30,4.952162248058904,5.101323977931193,4.952162248058904,5.026742935180664,450500,0.0,0.0
2025-05-02,4.9969107298993265,5.056575636056162,4.974536701265689,4.989452838897705,380700,0.0,0.0
2025-05-05,4.989452697910694,5.0192849723317545,4.8402909701766275,4.922329902648926,322000,0.0,0.0
2025-05-06,4.91487202873815,5.011826743125207,4.683671723366492,4.84774923324585,483700,0.0,0.0
2025-05-07,4.795542539009477,4.885039717536838,4.713503962500141,4.855207443237305,492900,0.0,0.0
2025-05-08,4.8626656813236915,5.049117586827865,4.832833404893327,4.974536895751953,656400,0.0,0.0
2025-05-09,4.996910572052002,5.071491613484914,4.929788132642647,4.996910572052002,752300,0.0,0.0
2025-05-12,5.0192849723317545,5.064033383963346,4.922329902648926,4.922329902648926,525800,0.0,0.0
2025-05-13,4.9969107298993265,5.064033527057783,4.944704426001658,4.989452838897705,320300,0.0,0.0
2025-05-14,4.996910605863447,5.004368852308709,4.84774923324585,4.84774923324585,605900,0.0,0.0
2025-05-15,4.847749372080006,5.019285133317219,4.832833234391065,4.914872169494629,556600,0.0,0.0
2025-05-16,4.922330041739247,5.049117389425768,4.8775816288432,4.989452838897705,581600,0.0,0.0
2025-05-19,4.989452629412026,5.15353013647529,4.96707824608902,5.078949451446533,473900,0.0,0.0
2025-05-20,5.138614356564805,5.138614356564805,4.892497901052277,5.056575775146484,503800,0.0,0.0
2025-05-21,5.019285043154969,5.04911731799697,4.8701236689449665,4.885039806365967,464000,0.0,0.0
2025-05-22,4.885040038236655,4.967078620131772,4.832833376970757,4.86266565322876,853700,0.0,0.0
2025-05-23,4.870123944003166,4.870123944003166,4.571800823105494,4.713504314422607,833800,0.0,0.0
2025-05-26,4.7657101750708195,4.825374722547644,4.683671600104563,4.706045627593994,288000,0.0,0.0
2025-05-27,4.758252322167425,4.8924975550543905,4.691129527909562,4.8179168701171875,991300,0.0,0.0
2025-05-28,4.885039610383901,4.885039610383901,4.72096174970674,4.78062629699707,287300,0.0,0.0
2025-05-29,4.83283322110388,4.83283322110388,4.661297460338281,4.728420257568359,606200,0.0,0.0
2025-05-30,4.720962104689701,4.7955427944105535,4.616549139080508,4.638923168182373,368300,0.0,0.0
2025-06-02,4.646381181517646,4.713503976708308,4.400264739990234,4.400264739990234,825600,0.0,0.0
2025-06-03,4.527052013680959,4.527052013680959,4.377890288420521,4.437554836273193,1188900,0.0,0.0
2025-06-04,4.504677823818817,4.63892306225081,4.407722751581324,4.54196834564209,962500,0.0,0.0
2025-06-05,4.564342579683162,4.564342579683162,4.400265058658604,4.4077229499816895,483400,0.0,0.0
2025-06-06,4.430097158783912,4.4599294341457885,4.266019288664818,4.348058223724365,492400,0.0,0.0
2025-06-09,4.348058331603008,4.370432716493928,4.154148536939763,4.303309917449951,784700,0.0,0.0
2025-06-10,4.348058247855143,4.885039918606594,4.318225972327704,4.720962047576904,1779200,0.0,0.0
2025-06-11,4.720962015331895,4.77316867496272,4.601632914037178,4.609090805053711,394500,0.0,0.0
2025-06-12,4.579258493372254,4.668755674261488,4.541968327328114,4.616549015045166,399900,0.0,0.0
2025-06-13,4.631465318942748,4.653839348247114,4.489761829376221,4.489761829376221,387000,0.0,0.0
2025-06-16,4.534509875783746,4.877581379404243,4.534509875783746,4.706045627593994,844600,0.0,0.0
2025-06-17,4.706045768589152,5.0640334198043195,4.646381219324751,5.034201145172119,875400,0.0,0.0
2025-06-18,4.974536540435437,5.086407746873068,4.855207443237305,4.855207443237305,387000,0.0,0.0
2025-06-20,4.8850396797440565,4.8850396797440565,4.624006748199463,4.624006748199463,345300,0.0,0.0
2025-06-23,4.624006890534578,4.661297412082748,4.355516415651326,4.4300971031188965,590400,0.0,0.0
2025-06-24,4.504677631588851,4.668755493854963,4.4450130837207205,4.556884288787842,385100,0.0,0.0
2025-06-25,4.594174506509262,4.631465027172377,4.459929272253817,4.4748454093933105,133600,0.0,0.0
2025-06-26,4.534510206445557,4.55688459119531,4.400264964833379,4.497220039367676,379700,0.0,0.0
2025-06-27,4.467387125981145,4.720961810879544,4.355516276176566,4.362974166870117,554900,0.0,0.0
2025-06-30,4.370432500226444,4.512135982513428,4.333141979129799,4.512135982513428,408900,0.0,0.0
2025-07-01,4.57180071517534,4.586716853086647,4.437555118344797,4.4524712562561035,402000,0.0,0.0
2025-07-02,4.504677867218227,4.504677867218227,4.258561416574027,4.273477554321289,435300,0.0,0.0
2025-07-03,4.295851763719384,4.541968204335413,4.221270722393152,4.4748454093933105,464000,0.0,0.0
2025-07-04,4.45247106214085,4.482303692291625,4.362974238574819,4.4673871994018555,227400,0.0,0.0
2025-07-07,4.4897614567886714,4.519593730471353,4.355516225216603,4.445013046264648,247600,0.0,0.0
2025-07-08,4.489761761827795,4.489761761827795,4.340600383280205,4.385348796844482,383900,0.0,0.0
2025-07-09,4.370432571271199,4.4002648463819565,4.310768021049684,4.35551643371582,245400,0.0,0.0
2025-07-10,4.2883935496431045,4.400264756846503,4.213812863383759,4.325684070587158,332500,0.0,0.0
2025-07-11,4.325684234168096,4.340600371984038,4.1616063625639725,4.198896884918213,907500,0.0,0.0
2025-07-14,4.22127103805542,4.228729284997268,4.124316317212917,4.22127103805542,318400,0.0,0.0
2025-07-15,4.25856132863186,4.2660192195370925,4.139232229117996,4.243645191192627,391100,0.0,0.0
2025-07-16,4.191438407510759,4.228728927812633,4.072109311550776,4.1019415855407715,478600,0.0,0.0
2025-07-17,4.072109311550776,4.139232105842646,4.057193174555778,4.1019415855407715,329100,0.0,0.0
2025-07-18,4.0273610707965535,4.08702562129848,3.855825310289128,3.878199338912964,537900,0.0,0.0
2025-07-21,3.8781993896669693,4.116857950426774,3.8558253607503246,3.915489912033081,732100,0.0,0.0
2025-07-22,3.952780291019317,4.042277114697119,3.91548977000585,3.96769642829895,376900,0.0,0.0
2025-07-23,3.975154450743769,4.042277248538973,3.915489899649711,4.012444972991943,288900,0.0,0.0
2025-07-24,4.012444815366847,4.049734980521336,3.9453220202084993,4.01990270614624,195000,0.0,0.0
2025-07-25,4.034818843333788,4.07210936411704,3.9751542945835956,4.01990270614624,263500,0.0,0.0
2025-07-28,4.064651237045871,4.094483512296835,3.878199338912964,3.878199338912964,338600,0.0,0.0
2025-07-29,3.945322180570087,3.9527804272813905,3.8632832448896357,3.893115520477295,361900,0.0,0.0
2025-07-30,3.8632832327719036,4.027361103618153,3.8483670950248605,3.9900705814361572,408900,0.0,0.0
2025-07-31,3.91548986812216,3.9527803900700706,3.855825317508521,3.90057373046875,239200,0.0,0.0
2025-08-01,3.9900705760621604,4.042277235920885,3.825993061065674,3.825993061065674,584900,0.0,0.0
2025-08-04,3.900573686389265,3.908031577317303,3.8409091364498815,3.885657548904419,167400,0.0,0.0
2025-08-05,3.885657636391703,3.9900706011365275,3.8558253607503246,3.915489912033081,472100,0.0,0.0
2025-08-06,3.982612717130598,3.9900706082398307,3.863283258723871,3.937864303588867,508900,0.0,0.0
2025-08-07,3.885657538653188,4.0422771596452565,3.8558252637622004,3.9826126098632812,847000,0.0,0.0
2025-08-08,3.9900707028066087,4.169064716844563,3.9527805351190923,4.154148578643799,537600,0.0,0.0
2025-08-11,4.176522454871216,4.176522454871216,3.8483670708674294,3.90057373046875,988800,0.0,0.0
2025-08-12,3.8781990900930805,4.161606042423007,3.8781990900930805,4.072109222412109,921400,0.0,0.0
2025-08-13,4.049734980521336,4.1019416384921366,3.9676964038042026,4.01990270614624,324600,0.0,0.0
2025-08-14,4.042277196808027,4.042277196808027,3.9304059871239496,3.975154399871826,521200,0.0,0.0
2025-08-15,4.019902685926587,4.019902685926587,3.87819920554325,3.952780246734619,391000,0.0,0.0
2025-08-18,3.952780334972294,4.087025571981737,3.915489813544175,3.9826126098632812,503300,0.0,0.0
2025-08-19,3.930405979944372,3.930405979944372,3.7737863577985107,3.8110768795013428,780000,0.0,0.0
2025-08-20,3.885657504655071,3.9453220539150022,3.811076818080157,3.870741367340088,407700,0.0,0.0
2025-08-21,3.9154898423889932,3.9154898423889932,3.751412329279828,3.8110768795013428,585400,0.0,0.0
2025-08-22,3.8409093291001324,4.049735264362152,3.796160914401128,4.03481912612915,757000,0.0,0.0
2025-08-25,4.03481903882096,4.079567452551667,3.9826127339495248,4.004986763000488,216200,0.0,0.0
2025-08-26,3.997528678179299,4.07210936411704,3.9602381573960472,4.01990270614624,206600,0.0,0.0
2025-08-27,4.027360900565782,4.1541482428376435,3.96769635258579,4.1019415855407715,474200,0.0,0.0
2025-08-28,4.1392323336544505,4.310768096352156,4.1392323336544505,4.198896884918213,730700,0.0,0.0
2025-08-29,4.139232264824183,4.258561365367413,4.049735083787988,4.236186981201172,1657500,0.0,0.0
2025-09-01,4.228729001770701,4.2958517972365104,4.183980590003083,4.20635461807251,332700,0.0,0.0
2025-09-02,4.15414850787451,4.251103226713379,4.101941847246826,4.191438674926758,451400,0.0,0.0
2025-09-03,4.25856132863186,4.280935356976325,4.146690120023228,4.243645191192627,369500,0.0,0.0
2025-09-04,4.280935220345551,4.437554836273193,4.236186809456047,4.437554836273193,446500,0.0,0.0
2025-09-05,4.445013188850686,4.698587878916342,4.445013188850686,4.653839111328125,1108700,0.0,0.0
2025-09-08,4.6687558293067655,4.758252657539339,4.534510231329122,4.750794410705566,602400,0.0,0.0
2025-09-09,4.735878256436304,4.810458946374517,4.668755813306302,4.683671951293945,431000,0.0,0.0
2025-09-10,4.706046067476492,4.773168867476384,4.624007129213155,4.713504314422607,414700,0.0,0.0
2025-09-11,4.773168443999619,5.034201018265407,4.73587792383504,4.892497539520264,642900,0.0,0.0
2025-09-12,4.8924976450311295,4.922329919554649,4.803000821460571,4.84774923324585,393300,0.0,0.0
2025-09-15,4.885039842955259,4.914872118020705,4.817917046243619,4.877581596374512,221400,0.0,0.0
2025-09-16,4.885039771516581,4.929788183460351,4.773168563842773,4.773168563842773,371000,0.0,0.0
2025-09-17,4.788084611822981,4.892497571077012,4.7358779543815865,4.743336200714111,450100,0.0,0.0
2025-09-18,4.758252496112727,4.877581596374512,4.72842022104728,4.877581596374512,213000,0.0,0.0
2025-09-19,4.832833113101134,4.892497662359494,4.765710317371095,4.773168563842773,314900,0.0,0.0
2025-09-22,4.773168765308688,4.773168765308688,4.594174754349862,4.638923168182373,625600,0.0,0.0
2025-09-23,4.6463812188543745,4.840291003944046,4.6463812188543745,4.773168563842773,348100,0.0,0.0
2025-09-24,4.840291201460612,4.840291201460612,4.676213684304651,4.7582526206970215,373400,0.0,0.0
2025-09-25,4.758252627364517,4.758252627364517,4.638923168182373,4.638923168182373,465000,0.0,0.0
2025-09-26,4.6314653063954685,4.758252657539339,4.624007059561696,4.750794410705566,600300,0.0,0.0
2025-09-29,4.750794373920996,4.8850399708592,4.735878235997728,4.7582526206970215,601600,0.0,0.0
2025-09-30,4.750794127873406,4.832833060016912,4.728420099961662,4.735877990722656,578000,0.0,0.0
2025-10-01,4.7284201518990026,4.773168563842773,4.6016328069106045,4.773168563842773,593300,0.0,0.0
2025-10-02,4.683671688509412,4.788084648564662,4.62400678427765,4.735877990722656,704600,0.0,0.0
2025-10-03,4.735878096903778,4.743336343460752,4.6240068879505545,4.691129684448242,922400,0.0,0.0
2025-10-06,4.676213588242694,4.72096200109325,4.377890480276886,4.422638893127441,1210800,0.0,0.0
2025-10-07,4.400265075952019,4.422639105637996,4.146690368652344,4.146690368652344,1082200,0.0,0.0
2025-10-08,4.146689966146873,4.310767827518565,4.146689966146873,4.251102924346924,835300,0.0,0.0
2025-10-09,4.206354489846143,4.303309556868123,4.027360848232107,4.064651012420654,799500,0.0,0.0
2025-10-10,4.072109541299669,4.146690230482511,4.027361127789965,4.0795674324035645,494100,0.0,0.0
2025-10-13,4.0795673769967955,4.198896833697443,4.064651239362812,4.161606311798096,486700,0.0,0.0
2025-10-14,4.161606399033447,4.236187088766724,4.064651324565797,4.191438674926758,432900,0.0,0.0
2025-10-15,4.236187109686205,4.243645356510754,4.072109591462735,4.116858005523682,2511100,0.0,0.0
2025-10-16,4.10194188850738,4.14669030279746,4.0049868130644795,4.0422773361206055,683400,0.0,0.0
2025-10-17,4.027361078337119,4.109400013245259,3.8856575928153405,3.90057373046875,724700,0.0,0.0
2025-10-20,3.9154898607910544,3.9676965202946266,3.8707414479146096,3.878199338912964,702500,0.0,0.0
2025-10-21,3.9378643404051523,3.9676966163785505,3.8707415416506157,3.930406093597412,378200,0.0,0.0
2025-10-22,3.885657679637315,3.945322231584111,3.8781994328295744,3.930406093597412,387100,0.0,0.0
2025-10-23,3.9378641096220974,4.004986548814065,3.87819920554325,3.952780246734619,504600,0.0,0.0
2025-10-24,3.945322296731142,4.079567540828155,3.945322296731142,4.03481912612915,494200,0.0,0.0
2025-10-27,4.0646509762634935,4.131773769086042,4.019902566258044,4.072109222412109,301400,0.0,0.0
2025-10-28,4.072109649526048,4.094483679061156,4.012445096594043,4.03481912612915,241800,0.0,0.0
2025-10-29,4.064651270171372,4.12431617678832,3.9676965526299806,3.9900705814361572,285400,0.0,0.0
2025-10-30,3.990070395691636,4.064651080954994,3.915489710428278,4.027360916137695,442900,0.0,0.0
2025-10-31,4.064651080954994,4.064651080954994,3.9751542586389648,4.027360916137695,3037100,0.0,0.0
2025-11-03,4.034818868242919,4.07956728008182,3.930405907285484,3.96769642829895,711900,0.0,0.0
2025-11-04,3.96769651620738,3.9975287914276123,3.937864240987148,3.9975287914276123,258100,0.0,0.0
2025-11-05,3.9975288816202377,4.288393749394409,3.960238358939209,4.191438674926758,1294200,0.0,0.0
2025-11-06,4.228728872862274,4.228728872862274,4.0422769850332765,4.064651012420654,622300,0.0,0.0
2025-11-07,4.042277315422104,4.116858005523682,3.9900706545366087,4.116858005523682,346300,0.0,0.0
2025-11-10,4.10939983185265,4.169064379832641,4.064651065238897,4.1019415855407715,395900,0.0,0.0
2025-11-11,4.064651135236306,4.415180894098372,4.049734997984437,4.325684070587158,1511600,0.0,0.0
2025-11-12,4.3928065115853006,4.3928065115853006,4.139232178235465,4.20635461807251,611500,0.0,0.0
2025-11-13,4.243645102451204,4.243645102451204,4.072109347672728,4.094483375549316,571600,0.0,0.0
2025-11-14,4.09448351463078,4.1839806960634585,4.0348189640948435,4.161606311798096,401700,0.0,0.0
2025-11-17,4.146690250962118,4.154148497731626,4.004986763000488,4.004986763000488,585300,0.0,0.0
2025-11-18,3.9975288281240666,4.042277241365196,3.9676965526299806,3.9900705814361572,199100,0.0,0.0
2025-11-19,3.975154536871092,4.072109612313993,3.9453222606777043,4.0422773361206055,507600,0.0,0.0
2025-11-21,4.02736093629079,4.094483375549316,3.952780250654227,4.094483375549316,460600,0.0,0.0
2025-11-24,4.087025500697839,4.236186872551177,4.087025500697839,4.139232158660889,354900,0.0,0.0
2025-11-25,4.161606118004464,4.243645048985454,4.109399816530997,4.176522254943848,466300,0.0,0.0
2025-11-26,4.236186844360162,4.616548873498081,4.236186844360162,4.549426078796387,1639200,0.0,0.0
2025-11-27,4.54942606850439,5.004368782043457,4.541968177792607,5.004368782043457,1261600,0.0,0.0
2025-11-28,5.0342013399194965,5.0342013399194965,4.825375053786913,5.019285202026367,2318800,0.0,0.0
2025-12-01,5.034201265130046,5.175904750823975,4.92233005477918,5.175904750823975,1079000,0.0,0.0
2025-12-02,5.131156120144721,5.750176340697443,5.131156120144721,5.720344066619873,1961200,0.0,0.0
2025-12-03,5.7203441385668725,5.92917005973635,5.638305206007339,5.824757099151611,1524100,0.0,0.0
2025-12-04,5.824757169831621,5.9440862690907394,5.824757169831621,5.92917013168335,844300,0.0,0.0
2025-12-05,5.929170397254318,6.0783317780092405,5.4891441462129045,5.571182727813721,2189000,0.0,0.0
2025-12-08,5.720344435727679,5.906796338557766,5.578640946901358,5.765092849731445,1104400,0.0,0.0
2025-12-09,5.712886148370498,5.750176670923392,5.399646896938285,5.466769695281982,905100,0.0,0.0
2025-12-10,5.46676963927786,5.630847510075167,5.4518535015352665,5.548808574676514,523900,0.0,0.0
2025-12-11,5.4891439548109116,5.563724642587805,5.444395542144775,5.444395542144775,378800,0.0,0.0
2025-12-12,5.459311485290527,5.690511786980089,5.399646581564947,5.459311485290527,610300,0.0,0.0
2025-12-15,5.489143991762979,5.556266433399655,5.407105056841737,5.43693733215332,354200,0.0,0.0
2025-12-16,5.369814285815387,5.369814285815387,5.160988368320446,5.272859573364258,579400,0.0,0.0
2025-12-17,5.287776050343885,5.3176083261900144,5.101324148491181,5.205737113952637,641700,0.0,0.0
2025-12-18,5.183362447599071,5.220652968194825,5.116240008406981,5.190820693969727,336300,0.0,0.0
2025-12-19,5.168446677494107,5.354898582455164,5.153530539322374,5.235569477081299,525500,0.0,0.0
2025-12-22,5.2355690678213005,5.272859588150057,5.019284903423528,5.078949451446533,463700,0.0,0.0
2025-12-23,5.705427985161475,6.093247907576662,5.556266257691781,5.8993377685546875,3360800,0.0,0.0
2025-12-26,5.973918878294815,6.13799603356398,5.787466983550964,5.981377124786377,1794200,0.0,0.0
2025-12-29,5.966460466299819,5.966460466299819,5.5637244132748815,5.60847282409668,3336900,0.0,0.0
2025-12-30,5.75,6.449999809265137,5.75,6.070000171661377,3521300,1.911527,0.0
2026-01-02,6.070000171661377,6.309999942779541,5.989999771118164,6.059999942779541,1735700,0.0,0.0
2026-01-05,6.019999980926514,6.28000020980835,5.980000019073486,6.190000057220459,1128800,0.0,0.0
2026-01-06,6.159999847412109,6.320000171661377,6.079999923706055,6.170000076293945,767800,0.0,0.0
2026-01-07,6.099999904632568,6.199999809265137,6.039999961853027,6.090000152587891,748800,0.0,0.0
2026-01-08,6.050000190734863,6.139999866485596,5.940000057220459,5.96999979019165,688500,0.0,0.0
2026-01-09,5.929999828338623,6.320000171661377,5.929999828338623,6.119999885559082,850200,0.0,0.0
2026-01-12,6.170000076293945,6.239999771118164,5.949999809265137,6.239999771118164,786700,0.0,0.0
2026-01-13,6.269999980926514,6.389999866485596,6.050000190734863,6.110000133514404,697000,0.0,0.0
2026-01-14,6.179999828338623,6.260000228881836,6.110000133514404,6.170000076293945,1173100,0.0,0.0
2026-01-15,6.199999809265137,6.25,6.070000171661377,6.210000038146973,918300,0.0,0.0
2026-01-16,6.210000038146973,6.21999979019165,5.960000038146973,6.070000171661377,1162700,0.0,0.0
2026-01-19,6.050000190734863,6.179999828338623,6.019999980926514,6.179999828338623,567500,0.0,0.0
2026-01-20,6.119999885559082,6.170000076293945,5.880000114440918,5.940000057220459,2702900,0.0,0.0
2026-01-21,5.989999771118164,6.28000020980835,5.989999771118164,6.269999980926514,1939500,0.0,0.0
2026-01-22,6.300000190734863,6.71999979019165,6.289999961853027,6.599999904632568,1229200,0.0,0.0
2026-01-23,6.610000133514404,6.820000171661377,6.539999961853027,6.820000171661377,731800,0.0,0.0
2026-01-26,6.769999980926514,7.21999979019165,6.570000171661377,7.199999809265137,1107000,0.0,0.0
2026-01-27,7.21999979019165,7.78000020980835,7.21999979019165,7.599999904632568,1076300,0.0,0.0
2026-01-28,7.650000095367432,7.739999771118164,7.429999828338623,7.440000057220459,851700,0.0,0.0
2026-01-29,7.539999961853027,7.670000076293945,7.110000133514404,7.409999847412109,1251400,0.0,0.0
2026-01-30,7.400000095367432,7.559999942779541,7.289999961853027,7.449999809265137,731000,0.0,0.0
2026-02-02,7.380000114440918,7.909999847412109,7.380000114440918,7.849999904632568,1479100,0.0,0.0
2026-02-03,7.849999904632568,7.96999979019165,7.570000171661377,7.710000038146973,4477100,0.0,0.0
2026-02-04,7.78000020980835,7.820000171661377,7.429999828338623,7.71999979019165,2069300,0.0,0.0
2026-02-05,7.599999904632568,8.34000015258789,7.559999942779541,8.300000190734863,1897900,0.0,0.0
2026-02-06,8.289999961853027,8.680000305175781,8.180000305175781,8.59000015258789,1129200,0.0,0.0
2026-02-09,8.640000343322754,8.640000343322754,8.359999656677246,8.510000228881836,725700,0.0,0.0
2026-02-10,8.529999732971191,8.569999694824219,8.369999885559082,8.539999961853027,1024200,0.0,0.0
2026-02-11,8.5,8.720000267028809,8.399999618530273,8.569999694824219,1327800,0.0,0.0
2026-02-12,8.550000190734863,8.579999923706055,8.229999542236328,8.300000190734863,1278400,0.0,0.0
2026-02-13,8.210000038146973,8.229999542236328,8.0,8.130000114440918,756100,0.0,0.0
2026-02-18,8.130000114440918,8.210000038146973,8.0,8.15999984741211,821200,0.0,0.0
2026-02-19,8.180000305175781,8.25,7.989999771118164,8.199999809265137,644900,0.0,0.0
2026-02-20,8.199999809265137,8.529999732971191,8.100000381469727,8.5,1468500,0.0,0.0
2026-02-23,8.460000038146973,8.470000267028809,8.260000228881836,8.350000381469727,993300,0.0,0.0
2026-02-24,8.359999656677246,8.75,8.3100004196167,8.640000343322754,2279100,0.0,0.0
2026-02-25,8.649999618530273,8.649999618530273,7.820000171661377,7.980000019073486,1901300,0.0,0.0
2026-02-26,7.980000019073486,8.199999809265137,7.880000114440918,8.140000343322754,1507300,0.0,0.0
2026-02-27,8.15999984741211,8.25,7.71999979019165,8.25,1837200,0.0,0.0
2026-03-02,8.020000457763672,8.15999984741211,7.829999923706055,8.15999984741211,2118000,0.0,0.0
2026-03-03,7.820000171661377,7.96999979019165,7.5,7.800000190734863,1889900,0.0,0.0
2026-03-04,7.869999885559082,8.15999984741211,7.849999904632568,8.149999618530273,1045900,0.0,0.0
2026-03-05,8.079999923706055,8.100000381469727,7.670000076293945,7.78000020980835,1524800,0.0,0.0
2026-03-06,7.599999904632568,7.630000114440918,7.21999979019165,7.5,1941100,0.0,0.0
2026-03-09,7.440000057220459,7.610000133514404,7.090000152587891,7.550000190734863,2682300,0.0,0.0
2026-03-10,7.630000114440918,8.079999923706055,7.590000152587891,7.880000114440918,1736300,0.0,0.0
2026-03-11,7.880000114440918,7.989999771118164,7.670000076293945,7.900000095367432,1056700,0.0,0.0
2026-03-12,7.690000057220459,7.690000057220459,6.710000038146973,6.739999771118164,3819300,0.0,0.0
2026-03-13,6.769999980926514,6.860000133514404,6.309999942779541,6.309999942779541,2225400,0.0,0.0
2026-03-16,6.400000095367432,6.730000019073486,6.400000095367432,6.630000114440918,1415400,0.0,0.0
2026-03-17,6.679999828338623,6.730000019073486,6.25,6.260000228881836,1291700,0.0,0.0
2026-03-18,6.210000038146973,6.289999961853027,6.130000114440918,6.139999866485596,920300,0.0,0.0
2026-03-19,6.0,6.130000114440918,5.860000133514404,6.019999980926514,1272000,0.0,0.0
2026-03-20,6.079999923706055,6.079999923706055,5.690000057220459,5.690000057220459,1002800,0.0,0.0
2026-03-23,5.880000114440918,6.659999847412109,5.860000133514404,6.579999923706055,1875500,0.0,0.0
2026-03-24,6.489999771118164,6.710000038146973,6.369999885559082,6.670000076293945,1257100,0.0,0.0
2026-03-25,6.800000190734863,7.079999923706055,6.630000114440918,6.769999980926514,1706100,0.0,0.0
2026-03-26,6.630000114440918,6.710000038146973,6.429999828338623,6.5,888400,0.0,0.0
2026-03-27,6.53000020980835,6.710000038146973,6.300000190734863,6.570000171661377,1533200,0.0,0.0
2026-03-30,6.690000057220459,6.889999866485596,6.5,6.789999961853027,1041800,0.0,0.0
2026-03-31,6.900000095367432,7.639999866485596,6.900000095367432,7.639999866485596,1878200,0.0,0.0
2026-04-01,7.679999828338623,8.319999694824219,7.619999885559082,8.079999923706055,2003200,0.0,0.0
2026-04-02,7.800000190734863,8.140000343322754,7.449999809265137,8.09000015258789,1487500,0.0,0.0
2026-04-06,8.109999656677246,8.25,7.800000190734863,7.800000190734863,2179600,0.0,0.0
2026-04-07,7.789999961853027,8.100000381469727,7.679999828338623,8.0,1584700,0.0,0.0
2026-04-08,8.359999656677246,8.819999694824219,8.199999809265137,8.460000038146973,2383700,0.0,0.0
2026-04-09,8.460000038146973,8.670000076293945,8.239999771118164,8.569999694824219,940300,0.0,0.0
2026-04-10,8.569999694824219,8.699999809265137,8.289999961853027,8.510000228881836,1011500,0.0,0.0
2026-04-13,8.319999694824219,8.470000267028809,8.100000381469727,8.220000267028809,1136400,0.0,0.0
2026-04-14,8.3100004196167,8.5,8.149999618530273,8.40999984741211,791800,0.0,0.0
2026-04-15,8.369999885559082,8.510000228881836,8.239999771118164,8.449999809265137,643700,0.0,0.0
2026-04-16,8.4399995803833,8.470000267028809,7.630000114440918,7.630000114440918,1194700,0.0,0.0
2026-04-17,7.900000095367432,8.119999885559082,7.739999771118164,7.920000076293945,1338500,0.0,0.0
2026-04-20,7.900000095367432,8.25,7.789999961853027,8.050000190734863,854100,0.0,0.0
2026-04-22,8.010000228881836,8.079999923706055,7.820000171661377,7.849999904632568,674700,0.0,0.0
2026-04-23,7.849999904632568,7.909999847412109,7.519999980926514,7.690000057220459,468500,0.0,0.0
2026-04-24,7.710000038146973,7.75,7.349999904632568,7.400000095367432,878000,0.0,0.0
2026-04-27,7.400000095367432,7.429999828338623,7.050000190734863,7.050000190734863,1051900,0.0,0.0
2026-04-28,7.050000190734863,7.190000057220459,6.820000171661377,7.159999847412109,1078300,0.0,0.0
2026-04-29,7.159999847412109,7.170000076293945,6.800000190734863,6.860000133514404,684700,0.0,0.0
2026-04-30,7.039999961853027,7.099999904632568,6.909999847412109,7.059999942779541,920100,0.0,0.0
2026-05-04,7.010000228881836,7.099999904632568,6.869999885559082,6.960000038146973,818400,0.0,0.0
2026-05-05,6.960000038146973,7.320000171661377,6.900000095367432,7.309999942779541,952900,0.0,0.0
2026-05-06,7.400000095367432,7.449999809265137,7.0,7.28000020980835,1472500,0.0,0.0
2026-05-07,7.340000152587891,7.360000133514404,6.989999771118164,7.039999961853027,908500,0.0,0.0
2026-05-08,7.090000152587891,7.369999885559082,7.039999961853027,7.039999961853027,809700,0.0,0.0
2026-05-11,6.96999979019165,7.070000171661377,6.869999885559082,6.929999828338623,413400,0.0,0.0
2026-05-12,6.929999828338623,7.050000190734863,6.860000133514404,6.929999828338623,483900,0.0,0.0
2026-05-13,6.920000076293945,6.949999809265137,6.519999980926514,6.550000190734863,880300,0.0,0.0
2026-05-14,6.610000133514404,6.730000019073486,6.480000019073486,6.679999828338623,551700,0.0,0.0
2026-05-15,6.599999904632568,6.639999866485596,6.389999866485596,6.5,655600,0.0,0.0
2026-05-18,6.5,6.550000190734863,6.420000076293945,6.46999979019165,430800,0.0,0.0
2026-05-19,6.5,6.739999771118164,6.369999885559082,6.510000228881836,774400,0.0,0.0
2026-05-20,6.510000228881836,7.050000190734863,6.510000228881836,6.869999885559082,700700,0.0,0.0
2026-05-21,6.860000133514404,7.179999828338623,6.739999771118164,7.059999942779541,475900,0.0,0.0
2026-05-22,7.03000020980835,7.079999923706055,6.760000228881836,6.760000228881836,413200,0.0,0.0
2026-05-25,6.849999904632568,6.929999828338623,6.730000019073486,6.809999942779541,492700,0.0,0.0
2026-05-26,6.849999904632568,6.849999904632568,6.610000133514404,6.610000133514404,383700,0.0,0.0
2026-05-27,6.800000190734863,6.820000171661377,6.619999885559082,6.75,586700,0.0,0.0
2026-05-28,6.75,6.789999961853027,6.639999866485596,6.650000095367432,486100,0.0,0.0
2026-05-29,6.659999847412109,6.679999828338623,6.28000020980835,6.28000020980835,738500,0.0,0.0
2026-06-01,6.289999961853027,6.349999904632568,5.980000019073486,6.090000152587891,1044500,0.0,0.0
2026-06-02,6.099999904632568,6.179999828338623,6.019999980926514,6.179999828338623,703100,0.0,0.0
2026-06-03,6.110000133514404,6.110000133514404,5.739999771118164,5.75,1100800,0.0,0.0
2026-06-05,5.789999961853027,6.0,5.699999809265137,5.949999809265137,885400,0.0,0.0
2026-06-08,6.0,6.0,5.739999771118164,5.739999771118164,1246700,0.0,0.0
2026-06-09,5.769999980926514,5.940000057220459,5.710000038146973,5.760000228881836,627400,0.0,0.0
2026-06-10,5.75,5.78000020980835,5.519999980926514,5.519999980926514,961300,0.0,0.0
2026-06-11,5.579999923706055,5.800000190734863,5.409999847412109,5.71999979019165,1730200,0.0,0.0
2026-06-12,5.730000019073486,6.039999961853027,5.639999866485596,5.869999885559082,712700,0.0,0.0
2026-06-15,6.179999828338623,6.179999828338623,5.760000228881836,5.800000190734863,1082300,0.0,0.0
2026-06-16,5.75,5.789999961853027,5.599999904632568,5.599999904632568,759800,0.0,0.0
2026-06-17,5.760000228881836,5.78000020980835,5.389999866485596,5.400000095367432,775100,0.0,0.0
2026-06-18,5.46999979019165,5.570000171661377,5.329999923706055,5.46999979019165,1234000,0.0,0.0
2026-06-19,5.460000038146973,5.539999961853027,5.380000114440918,5.409999847412109,773900,0.0,0.0
2026-06-22,5.360000133514404,5.570000171661377,5.360000133514404,5.380000114440918,663000,0.0,0.0
2026-06-23,5.349999904632568,5.510000228881836,5.300000190734863,5.449999809265137,459800,0.0,0.0
2026-06-24,5.449999809265137,5.539999961853027,5.420000076293945,5.489999771118164,507000,0.0,0.0
2026-06-25,5.440000057220459,5.739999771118164,5.440000057220459,5.579999923706055,1144200,0.0,0.0
2026-06-26,5.559999942779541,5.650000095367432,5.489999771118164,5.519999980926514,602100,0.0,0.0
2026-06-29,5.489999771118164,5.570000171661377,5.449999809265137,5.570000171661377,437900,0.0,0.0
2026-06-30,5.539999961853027,5.550000190734863,5.420000076293945,5.460000038146973,546500,0.0,0.0
2026-07-01,5.360000133514404,5.510000228881836,5.309999942779541,5.429999828338623,1104800,0.0,0.0
2026-07-02,5.46999979019165,5.699999809265137,5.449999809265137,5.699999809265137,1295500,0.0,0.0
2026-07-03,5.71999979019165,5.96999979019165,5.659999847412109,5.75,996200,0.0,0.0
2026-07-06,5.769999980926514,5.769999980926514,5.449999809265137,5.519999980926514,1432600,0.0,0.0
2026-07-07,5.539999961853027,5.570000171661377,5.329999923706055,5.409999847412109,1403100,0.0,0.0
2026-07-08,5.409999847412109,5.559999942779541,5.369999885559082,5.5,865700,0.0,0.0
2026-07-09,5.5,5.659999847412109,5.46999979019165,5.599999904632568,516800,0.0,0.0
2026-07-10,5.75,5.860000133514404,5.679999828338623,5.75,1375000,0.0,0.0
2026-07-13,5.690000057220459,5.760000228881836,5.519999980926514,5.559999942779541,552900,0.0,0.0
2026-07-14,5.590000152587891,5.699999809265137,5.550000190734863,5.659999847412109,435000,0.0,0.0
2026-07-15,5.679999828338623,5.730000019073486,5.579999923706055,5.650000095367432,403700,0.0,0.0
2026-07-16,5.599999904632568,5.670000076293945,5.570000171661377,5.650000095367432,267200,0.0,0.0
2026-07-17,5.710000038146973,5.75,5.460000038146973,5.53000020980835,896200,0.0,0.0
2026-07-20,5.570000171661377,5.809999942779541,5.550000190734863,5.670000076293945,745700,0.0,0.0
2026-07-21,5.699999809265137,5.730000019073486,5.519999980926514,5.690000057220459,562500,0.0,0.0
2026-07-22,5.739999771118164,5.760000228881836,5.599999904632568,5.599999904632568,1002100,0.0,0.0
2026-07-23,5.639999866485596,5.690000057220459,5.489999771118164,5.690000057220459,514000,0.0,0.0
2026-07-24,5.670000076293945,5.699999809265137,5.489999771118164,5.489999771118164,393500,0.0,0.0
2026-07-27,5.53000020980835,5.639999866485596,5.53000020980835,5.559999942779541,634100,0.0,0.0
2026-07-28,5.650000095367432,5.820000171661377,5.639999866485596,5.75,952300,0.0,0.0
2026-07-29,5.800000190734863,5.800000190734863,5.53000020980835,5.570000171661377,344400,0.0,0.0
2026-07-30,5.619999885559082,5.71999979019165,5.599999904632568,5.650000095367432,448900,0.0,0.0
2026-07-31,5.730000019073486,5.730000019073486,5.559999942779541,5.599999904632568,351500,0.0,0.0
2026-08-03,5.639999866485596,5.710000038146973,5.510000228881836,5.650000095367432,722600,0.0,0.0
2026-08-04,5.710000038146973,5.760000228881836,5.570000171661377,5.760000228881836,913600,0.0,0.0
2026-08-05,5.760000228881836,5.940000057220459,5.679999828338623,5.730000019073486,965000,0.0,0.0
2026-08-06,5.699999809265137,5.739999771118164,5.599999904632568,5.619999885559082,632900,0.0,0.0
2026-08-07,5.619999885559082,5.670000076293945,5.349999904632568,5.400000095367432,784500,0.0,0.0
2026-08-10,5.409999847412109,5.480000019073486,5.159999847412109,5.300000190734863,951800,0.0,0.0
2026-08-11,5.300000190734863,5.329999923706055,4.760000228881836,4.78000020980835,2787700,0.0,0.0
2026-08-12,4.829999923706055,4.929999828338623,4.679999828338623,4.920000076293945,1216100,0.0,0.0
2026-08-13,4.940000057220459,5.03000020980835,4.880000114440918,4.920000076293945,771800,0.0,0.0
2026-08-14,4.949999809265137,5.050000190734863,4.78000020980835,5.050000190734863,868100,0.0,0.0
2026-08-17,5.050000190734863,5.079999923706055,4.929999828338623,5.010000228881836,546100,0.0,0.0
2026-08-18,5.019999980926514,5.130000114440918,4.929999828338623,4.960000038146973,561600,0.0,0.0
2026-08-19,5.21999979019165,5.400000095367432,5.159999847412109,5.179999828338623,1530000,0.0,0.0
2026-08-20,5.190000057220459,5.190000057220459,4.960000038146973,4.980000019073486,790700,0.0,0.0
2026-08-21,5.0,5.269999980926514,5.0,5.239999771118164,969200,0.0,0.0
2026-08-24,5.190000057220459,5.380000114440918,5.139999866485596,5.28000020980835,958400,0.0,0.0
2026-08-25,5.21999979019165,5.579999923706055,5.21999979019165,5.510000228881836,1255400,0.0,0.0
2026-08-26,5.5,5.619999885559082,5.400000095367432,5.409999847412109,753300,0.0,0.0
2026-08-27,5.369999885559082,5.46999979019165,5.340000152587891,5.369999885559082,474400,0.0,0.0
2026-08-28,5.420000076293945,5.5,5.340000152587891,5.5,715200,0.0,0.0
2026-08-31,5.5,5.659999847412109,5.480000019073486,5.480000019073486,652300,0.0,0.0
2026-09-01,5.519999980926514,5.639999866485596,5.480000019073486,5.619999885559082,1125600,0.0,0.0
2026-09-02,5.639999866485596,6.110000133514404,5.53000020980835,6.019999980926514,1698700,0.0,0.0
2026-09-03,6.110000133514404,6.25,5.900000095367432,5.900000095367432,807400,0.0,0.0
2026-09-04,5.920000076293945,5.980000019073486,5.730000019073486,5.820000171661377,829600,0.0,0.0
2026-09-08,5.900000095367432,6.159999847412109,5.900000095367432,5.989999771118164,1341300,0.0,0.0
2026-09-09,5.960000038146973,5.980000019073486,5.820000171661377,5.980000019073486,859400,0.0,0.0
2026-09-10,5.900000095367432,6.190000057220459,5.769999980926514,6.0,813500,0.0,0.0
2026-09-11,6.0,6.059999942779541,5.909999847412109,5.96999979019165,996100,0.0,0.0
2026-09-14,5.880000114440918,6.059999942779541,5.739999771118164,6.059999942779541,976900,0.0,0.0
2026-09-15,6.070000171661377,6.210000038146973,6.0,6.0,929800,0.0,0.0
2026-09-16,6.03000020980835,6.309999942779541,6.0,6.190000057220459,875000,0.0,0.0
2026-09-17,6.199999809265137,6.269999980926514,6.019999980926514,6.110000133514404,692600,0.0,0.0
2026-09-18,6.070000171661377,6.139999866485596,5.920000076293945,6.039999961853027,587600,0.0,0.0
2026-09-21,6.059999942779541,6.650000095367432,6.059999942779541,6.619999885559082,1071900,0.0,0.0
2026-09-22,6.670000076293945,6.71999979019165,6.329999923706055,6.369999885559082,1429100,0.0,0.0
2026-09-23,6.340000152587891,6.699999809265137,6.28000020980835,6.460000038146973,1834100,0.0,0.0
2026-09-24,6.460000038146973,6.599999904632568,6.360000133514404,6.380000114440918,1234400,0.0,0.0
2026-09-25,6.349999904632568,6.539999961853027,6.289999961853027,6.53000020980835,1361500,0.0,0.0
