Date,Open,High,Low,Close,Volume,Dividends,Stock splits
2020-09-18,16.879395768178966,17.47701440103046,16.646988991103974,16.806354522705078,8271283,0.0,0.0
2020-09-21,16.65362240584951,16.919231049316707,16.102486194354046,16.454416275024414,5156595,0.0,0.0
2020-09-22,16.44113814225651,16.540741220320562,16.04936594139781,16.155609130859375,4101256,0.0,0.0
2020-09-23,16.049370340663273,16.19545564565448,15.783762997754879,16.109132766723633,5842971,0.0,0.0
2020-09-24,16.12905239282361,16.40130124400704,15.836883202868595,16.222015380859375,5409570,0.0,0.0
2020-09-25,16.328255316357758,16.381376209083047,15.863441876605826,16.301694869995117,4128809,0.0,0.0
2020-09-28,16.3415408027355,16.507546460171078,15.724001783301853,15.810324668884277,6494239,0.0,0.0
2020-09-29,15.797040575561207,16.534102868849168,15.684157262686584,15.936484336853027,6854203,0.0,0.0
2020-09-30,16.042730170128674,16.135693161945007,15.611117184118262,15.803683280944824,7211723,0.0,0.0
2020-10-01,15.783755559407979,16.208728233467664,15.491586494216671,16.14896583557129,7219055,0.0,0.0
2020-10-02,15.836884507304923,16.162254288678973,15.710720944258139,15.856804847717285,5704540,0.0,0.0
2020-10-05,15.850161631817738,16.23529376614692,15.770478878663159,16.11577033996582,4703307,0.0,0.0
2020-10-06,16.148972692246986,16.32825855495781,15.723999837748517,15.976326942443848,5639547,0.0,0.0
2020-10-07,16.002888216632265,16.5872251666725,15.982967878636854,16.228654861450195,6290148,0.0,0.0
2020-10-08,16.301697271420565,16.66026757144199,16.13569164299669,16.527463912963867,5956737,0.0,0.0
2020-10-09,16.461059842522186,16.494260402265,15.996246377716846,16.056007385253906,5671432,0.0,0.0
2020-10-13,16.168888620350128,16.427857174412264,15.929841806678391,16.37473487854004,4897954,0.0,0.0
2020-10-14,16.40130189326101,16.5606660168439,16.195455570269363,16.23529624938965,4220133,0.0,0.0
2020-10-15,16.26185390796674,16.64034592298261,15.949764420510242,16.480981826782227,5388350,0.0,0.0
2020-10-16,16.5141820162725,17.377407819657652,16.36145662844503,17.13836097717285,8284282,0.0,0.0
2020-10-19,17.277806316860115,17.48365261871813,16.70674819882102,16.720029830932617,5291693,0.0,0.0
2020-10-20,16.773146806291418,16.965712838081696,16.640343180164127,16.932512283325195,3262673,0.0,0.0
2020-10-21,16.846192103274937,16.892672887299305,16.640345816964018,16.733308792114258,3343887,0.0,0.0
2020-10-22,16.700103601730984,16.978992473353735,16.640342605234046,16.832908630371094,3573420,0.0,0.0
2020-10-23,16.70010417872583,16.9922732818869,16.480979110231633,16.932512283325195,3244231,0.0,0.0
2020-10-26,16.85283221527842,17.098519173610224,16.607145256946616,16.733308792114258,3142685,0.0,0.0
2020-10-27,16.826268094458246,16.919231049316707,16.361453320165953,16.454416275024414,3618193,0.0,0.0
2020-10-28,16.202091401259764,16.341535148427674,15.836879644108567,15.903282165527344,4824961,0.0,0.0
2020-10-29,15.750562704340151,16.089211298505063,15.617757623485073,15.830244064331055,5779088,0.0,0.0
2020-10-30,15.843523638092263,16.215375597799785,15.704079856752806,15.797042846679688,6165605,0.0,0.0
2020-11-03,15.976322622964597,16.14232821497753,15.710715364265486,16.08256721496582,4074592,0.0,0.0
2020-11-04,16.215368669318984,16.281771178637733,15.710713256959425,15.863438606262207,2421757,0.0,0.0
2020-11-05,16.155612805154668,16.18881477679478,15.571274426668424,15.976326942443848,3766734,0.0,0.0
2020-11-06,15.870080382168547,16.22865059308173,15.750556978530819,15.790397644042969,3160239,0.0,0.0
2020-11-09,15.93647981870159,15.996242217798578,15.040052274853558,15.863438606262207,6059838,0.0,0.0
2020-11-10,15.624395828473881,15.723998923398904,15.338868175843555,15.398629188537598,5795420,0.0,0.0
2020-11-11,15.557990491448246,15.61111278914575,15.31230355823836,15.332223892211914,3945605,0.0,0.0
2020-11-12,15.398628089250577,15.657595273307349,15.159579834234886,15.591194152832031,4606761,0.0,0.0
2020-11-13,15.538070877809773,16.295053453607572,15.538070877809773,16.255212783813477,5973958,0.0,0.0
2020-11-16,16.407935727608248,16.49425716600283,16.0161635711049,16.089204788208008,4684309,0.0,0.0
2020-11-17,16.102492595975516,16.28177846641428,15.770481307873576,15.803683280944824,6930640,0.0,0.0
2020-11-18,15.730640628710187,15.88336604637336,15.591196844536567,15.803683280944824,3584197,0.0,0.0
2020-11-19,15.850159798177724,15.87008153948786,15.445107374194137,15.511509895324707,2860158,0.0,0.0
2020-11-23,15.637677607809632,15.763841165360805,15.385350492707284,15.557994842529297,3639747,0.0,0.0
2020-11-24,15.564630102359827,15.690795027672104,15.378705584149557,15.62439250946045,4002821,0.0,0.0
2020-11-25,15.52479138191688,15.631034580113631,15.312304985523381,15.498230934143066,3878389,0.0,0.0
2020-11-26,15.471672304552417,16.1290519068165,15.471672304552417,15.996248245239258,4479663,0.0,0.0
2020-11-27,16.129050208178647,16.733308845014736,16.009526784636623,16.607145309448242,7732337,0.0,0.0
2020-11-30,16.607145309448242,16.799711372360974,16.361456943238217,16.607145309448242,4686642,0.0,0.0
2020-12-01,16.746590158541913,17.111800564951842,16.680189033977346,16.97235679626465,4857403,0.0,0.0
2020-12-02,16.93251120912606,17.098515379478542,16.514178617328035,16.540739059448242,5274916,0.0,0.0
2020-12-03,16.56729979020715,16.60714186118279,15.783756884301674,16.089204788208008,6509793,0.0,0.0
2020-12-04,16.002886489665407,16.29505422960514,15.803680317005547,16.056007385253906,4105589,0.0,0.0
2020-12-07,16.062645521645102,16.23529122527688,15.909921558510312,16.1423282623291,2189669,0.0,0.0
2020-12-08,15.943121651657158,16.08256679558416,15.710714954580528,15.85015869140625,2855492,0.0,0.0
2020-12-09,15.843521376378316,15.929844240923389,15.644315198844003,15.75055980682373,3851281,0.0,0.0
2020-12-10,15.810324668884277,16.069293325631552,15.617758556531609,15.810324668884277,3998822,0.0,0.0
2020-12-11,15.723997361607946,15.850160894087978,15.604473940989946,15.816960334777832,3000144,0.0,0.0
2020-12-14,15.80367908694987,15.923202499822562,15.690795785508918,15.903282165527344,2637291,0.0,0.0
2020-12-15,15.87007955966122,16.34153303885916,15.823597378538159,16.202089309692383,3276450,0.0,0.0
2020-12-16,16.268490348025026,16.494256920826643,16.168887282718288,16.43449592590332,4201579,0.0,0.0
2020-12-17,16.494260590829185,16.726668732990266,16.401299022486565,16.607145309448242,2385872,0.0,0.0
2020-12-18,16.6669061878552,17.5832543040089,16.58722343708064,17.025476455688477,7106955,0.0,0.0
2020-12-21,16.733308299564015,16.87275205463405,16.407938599666295,16.547382354736328,2332100,0.0,0.0
2020-12-22,16.573943098509666,17.078598640456352,16.500900460213025,17.052038192749023,3704074,0.0,0.0
2020-12-23,17.16492508184116,17.171565195152592,16.60050841486068,16.693470001220703,3013587,0.0,0.0
2020-12-28,16.79971571475754,16.959079851638897,16.65363039825593,16.892677307128906,2159784,0.0,0.0
2020-12-29,16.919235266971338,17.025477062320906,16.793070320790626,16.97899627685547,2168116,0.0,0.0
2020-12-30,16.985632935983602,17.629732131958008,16.952432381686346,17.629732131958008,3795842,0.0,0.0
2021-01-04,17.676219646389434,17.689499872113778,17.138363469045043,17.297727584838867,4675421,0.0,0.0
2021-01-05,17.231322570671846,17.337567175388433,16.866112194476845,17.17820167541504,3022031,0.0,0.0
2021-01-06,17.264521843729046,17.55004942538985,16.97235274409585,17.503568649291992,3913497,0.0,0.0
2021-01-07,17.443809632747907,18.678885873172597,17.384047221018626,18.433198928833008,8702907,0.0,0.0
2021-01-08,18.80505352040067,19.322989337381433,18.632407779039873,19.183544158935547,8723905,0.0,0.0
2021-01-11,19.24994826070637,19.840926771365346,19.11714459112181,19.588598251342773,6552233,0.0,0.0
2021-01-12,19.435867141338004,19.91396074000783,19.190180231304968,19.71475601196289,4791631,0.0,0.0
2021-01-13,19.688202357795188,19.807725807217388,18.818336237426763,19.17690658569336,3816729,0.0,0.0
2021-01-14,19.183542314488584,19.329627591471738,18.844892384011896,18.8714542388916,2589407,0.0,0.0
2021-01-15,18.99097948692743,19.40267209547885,18.791773295234705,19.183544158935547,4062593,0.0,0.0
2021-01-18,19.16361918480735,19.9471635368443,19.064016113058607,19.449148178100586,2766834,0.0,0.0
2021-01-19,19.409311916702507,19.575317555023137,18.824974940301367,19.38275146484375,4124809,0.0,0.0
2021-01-20,19.422590874225378,20.026848106282706,19.376108682773882,19.39603042602539,5513781,0.0,0.0
2021-01-21,19.322985326048286,19.68155555239724,18.97769391500707,19.31634521484375,3106467,0.0,0.0
2021-01-22,19.11049919792636,19.402668315969894,18.891371304067693,18.93121337890625,3415547,0.0,0.0
2021-01-26,18.99097489231714,19.641714210621576,18.977693263262857,19.449148178100586,3499650,0.0,0.0
2021-01-27,19.482353511403215,19.60851705800197,18.88473493433336,19.05738067626953,4819184,0.0,0.0
2021-01-28,18.612481949351846,19.070656617893302,18.446476369556887,18.785127639770508,3437989,0.0,0.0
2021-01-29,18.59920191117992,18.944491888314783,18.479677104574368,18.526159286499023,3160795,0.0,0.0
2021-02-01,18.937853645639283,19.024176500213116,18.49296055718341,18.778488159179688,4927729,0.0,0.0
2021-02-02,19.35618564317839,19.415946643281647,18.559361051657728,18.619123458862305,4458998,0.0,0.0
2021-02-03,18.8116944979481,19.123784025003076,18.692171058857085,18.878095626831055,2727393,0.0,0.0
2021-02-04,18.765210555866126,18.990978594381673,18.592566229720966,18.685527801513672,2284104,0.0,0.0
2021-02-05,18.758569038094766,19.03081784210821,18.63240550729886,18.891372680664062,6246375,0.0,0.0
2021-02-08,18.898012431884425,19.19018154388956,18.47303968973198,18.55272102355957,5311691,0.0,0.0
2021-02-09,18.7054463942651,18.858170357869305,18.273833540960357,18.55272102355957,4854958,0.0,0.0
2021-02-10,18.506241504358005,18.93785438702269,18.346876011659536,18.53944206237793,7171727,0.0,0.0
2021-02-11,18.645680713507293,19.030812721135263,18.552717766593606,18.61248016357422,4968280,0.0,0.0
2021-02-12,18.765214353582124,18.765214353582124,18.539447676477337,18.605850219726562,3859502,0.0,0.0
2021-02-17,18.592564748850656,19.02417764048857,18.453119588065075,18.957775115966797,3973380,0.0,0.0
2021-02-18,18.785136817303425,19.442516532821895,18.54608849675879,19.26987075805664,34771411,0.0,0.0
2021-02-19,19.230023063693373,19.43586933274699,18.86481130571375,19.4093074798584,9725805,0.0,0.0
2021-02-22,19.568672331602727,20.571343198435322,19.176900140592515,20.518220901489258,26189491,0.0,0.0
2021-02-23,20.219414151036297,20.644386950244954,19.95380685508164,20.471742630004883,14224466,0.0,0.0
2021-02-24,20.372137577219977,20.803750446840528,19.854201852255038,20.743988037109375,12348209,0.0,0.0
2021-02-25,20.651029590728225,20.94319735072257,19.81436276386649,19.907325744628906,8012754,0.0,0.0
2021-02-26,19.860842367540073,20.385418214575875,19.59523509180371,19.83428192138672,11638724,0.0,0.0
2021-03-01,20.05340748694255,20.890072758807698,19.801080445977423,20.518220901489258,12569631,0.0,0.0
2021-03-02,20.219413639779717,20.737349401606732,19.940524719687794,20.245975494384766,7894654,0.0,0.0
2021-03-03,19.867480569840353,20.465098993468963,19.61515213432768,20.00028419494629,9860125,0.0,0.0
2021-03-04,20.053412922763417,20.717432668424447,19.68156096464814,19.847566604614258,7801553,0.0,0.0
2021-03-05,19.933884676155195,20.684227117448465,19.79443952192362,20.491661071777344,6833094,0.0,0.0
2021-03-08,20.1330958342153,20.27253961598262,19.482354902730428,19.595239639282227,7326156,0.0,0.0
2021-03-09,19.60851625564736,20.690870044110046,19.588595918647137,20.226055145263672,10377295,0.0,0.0
2021-03-10,20.32566136553271,20.498305707921443,19.342910585958794,19.51555633544922,8955437,0.0,0.0
2021-03-11,19.588597842597785,19.641720153584178,18.552726145829396,19.23666763305664,18910775,0.0,0.0
2021-03-12,19.11713957856879,19.688196193021398,19.004256277954887,19.522192001342773,6150940,0.0,0.0
2021-03-15,19.269863992157966,19.435869594768754,18.6656068068459,18.8382511138916,8523036,0.0,0.0
2021-03-16,18.89137031895985,19.801079589201844,18.791768654810667,19.66163444519043,10297859,0.0,0.0
2021-03-17,19.62179742982859,19.96708891628099,19.36283022209093,19.62843894958496,11470408,0.0,0.0
2021-03-18,19.38938594005522,19.535471197005318,18.91129231720366,18.98433494567871,7606017,0.0,0.0
2021-03-19,19.064017168277335,19.28978376817729,18.63240430250953,18.778488159179688,8809896,0.0,0.0
2021-03-22,18.858173894465185,19.30970857300738,18.3335979795498,18.89801597595215,10087102,0.0,0.0
2021-03-23,18.65896397332061,19.216740338572226,18.605843084773458,18.93785285949707,5441566,0.0,0.0
2021-03-24,19.024180113243972,19.60851705800197,19.004259775428636,19.05738067626953,8581030,0.0,0.0
2021-03-25,18.99761719352044,19.110500500236444,18.72536839079276,18.957775115966797,5206479,0.0,0.0
2021-03-26,18.997615898902936,19.303063832424183,18.758567671175673,18.93121337890625,4428668,0.0,0.0
2021-03-29,18.82497214028063,19.1503418484601,18.738649277477606,19.010896682739258,3790065,0.0,0.0
2021-03-30,18.891367510974902,19.070654701098288,18.672242475315844,18.80504608154297,6662222,0.0,0.0
2021-03-31,18.791770660602307,18.84489155381854,18.2007922809631,18.34687614440918,11747602,0.0,0.0
2021-04-01,18.333595716075575,18.93121420068348,18.121109331384066,18.625764846801758,11280538,0.0,0.0
2021-04-05,18.798412499503847,18.81169272402813,18.300397044335465,18.645687103271484,8068304,0.0,0.0
2021-04-06,18.652330639719167,19.05074307699423,18.532807189957012,18.990982055664062,7675232,0.0,0.0
2021-04-07,19.00425590260397,19.230022499372684,18.824970084598846,19.143699645996094,6056172,0.0,0.0
2021-04-08,19.137063211701705,19.52219536671825,19.017539779100407,19.376110076904297,7507249,0.0,0.0
2021-04-09,19.309708782641334,19.854205040660677,19.21674439386302,19.548755645751953,9793353,0.0,0.0
2021-04-12,19.54875356691463,19.98700657171363,19.54875356691463,19.88740348815918,8375717,0.0,0.0
2021-04-13,19.907323191855728,19.920604822062867,19.56867328135543,19.89404296875,6391360,0.0,0.0
2021-04-14,19.92060547456474,20.020207151120168,19.528833251707574,19.721399307250977,6571342,0.0,0.0
2021-04-15,19.688199114766277,20.020208954495427,19.608516359242834,19.953807830810547,5926740,0.0,0.0
2021-04-16,19.95380428869093,20.33893495900113,19.522191432951065,19.60851287841797,4578653,0.0,0.0
2021-04-19,19.588593064275805,20.02020593146067,19.48234987532105,19.814359664916992,5447677,0.0,0.0
2021-04-20,19.721396706726384,20.179569986871016,19.721396706726384,19.980363845825195,6870868,0.0,0.0
2021-04-22,20.05341196762898,20.153015065444258,19.455793380737305,19.455793380737305,5303247,0.0,0.0
2021-04-23,19.58859582866354,19.58859582866354,19.143702675962654,19.34290885925293,6076170,0.0,0.0
2021-04-26,19.41595209076915,19.449154062798787,19.090582333170346,19.23666763305664,4327345,0.0,0.0
2021-04-27,19.196823652457137,19.615154919883015,19.18354202166927,19.4425106048584,7741225,0.0,0.0
2021-04-28,19.469070868901266,19.469070868901266,18.612485192382987,18.72536849975586,7055405,0.0,0.0
2021-04-29,18.678886310189704,19.117140723221308,18.61912530416366,18.72536849975586,6565454,0.0,0.0
2021-04-30,18.645682034208804,18.97769177835952,18.426555574927303,18.51287841796875,7838993,0.0,0.0
2021-05-03,18.526163995706103,18.6058467513308,17.98830785766716,18.280475616455078,7469364,0.0,0.0
2021-05-04,18.220716456508097,18.55272633039538,18.12775346668338,18.180875778198242,5858858,0.0,0.0
2021-05-05,18.380074176605184,18.57263878040843,18.074624884670857,18.51951789855957,5648879,0.0,0.0
2021-05-06,18.413281033730296,18.506244015903828,17.96838786747967,18.492963790893555,7164172,0.0,0.0
2021-05-07,18.59256180049086,18.59920191117992,18.227350084187588,18.526159286499023,4983279,0.0,0.0
2021-05-10,18.592569992497086,18.67225276297579,18.30704088575781,18.605850219726562,4823517,0.0,0.0
2021-05-11,18.393356734802115,18.79176902770996,18.20743081049828,18.79176902770996,7090068,0.0,0.0
2021-05-12,18.566007028753706,18.732012673470823,18.36680081793387,18.386722564697266,4375895,0.0,0.0
2021-05-13,18.466401733418184,18.55936330039803,18.07462950131146,18.127750396728516,8084413,0.0,0.0
2021-05-14,18.30039751929664,18.307037631731117,17.636376426137872,17.862144470214844,5911519,0.0,0.0
2021-05-17,17.888704943570545,18.014868487093754,17.762541400047336,17.90198516845703,5484562,0.0,0.0
2021-05-18,17.842218332155625,17.92190106884902,17.67621415507073,17.762537002563477,5084380,0.0,0.0
2021-05-19,17.676216708806102,17.88206298752754,17.503570988877975,17.795740127563477,5770645,0.0,0.0
2021-05-20,17.795736472358264,17.795736472358264,17.34420333710733,17.370763778686523,6982746,0.0,0.0
2021-05-21,17.403964370855576,17.457086661237817,17.09187496027579,17.2645206451416,5288248,0.0,0.0
2021-05-24,17.244605422249286,17.58989548716439,17.105160248126552,17.311006546020508,5802753,0.0,0.0
2021-05-25,17.417247789138194,17.623094063843983,17.138360286512007,17.251243591308594,6246486,0.0,0.0
2021-05-26,17.291085527049212,17.430529288571673,17.164921989757318,17.237964630126953,12050017,0.0,0.0
2021-05-27,17.4172456289721,17.862140088452904,17.36412474252738,17.78245735168457,12683953,0.0,0.0
2021-05-28,17.696137309285326,17.91526381480803,17.164921325124006,17.390687942504883,9362397,0.0,0.0
2021-05-31,17.423894136931274,17.543419003237407,17.30437067772707,17.496936798095703,6709106,0.0,0.0
2021-06-01,17.5766113713864,17.5766113713864,17.032115241492335,17.125078201293945,15022275,0.0,0.0
2021-06-02,17.171563168923402,17.37740947149162,16.77979090137067,16.819631576538086,11343087,0.0,0.0
2021-06-04,16.872756934199536,17.191486614465177,16.72667302507432,16.81299591064453,10796142,0.0,0.0
2021-06-07,16.866109007650653,17.284441607160627,16.660262763221898,17.25788116455078,7520025,0.0,0.0
2021-06-08,17.09188103191909,17.25788666534587,16.706748862914033,16.773151397705078,7619015,0.0,0.0
2021-06-09,16.773149270517607,17.350846043659445,16.72002837510295,17.052038192749023,9944894,0.0,0.0
2021-06-10,17.145003629692024,17.251246842884576,16.985638106352347,17.131723403930664,7304380,0.0,0.0
2021-06-11,17.158277471478293,17.503567434108753,17.09851507068592,17.2645206451416,8164072,0.0,0.0
2021-06-14,17.364123771956177,17.55668978875728,16.90594911647396,17.032114028930664,9759912,0.0,0.0
2021-06-15,17.098521634816045,17.18484451038834,16.95907785556954,16.998918533325195,5459342,0.0,0.0
2021-06-16,17.058682308237888,17.118444736706717,16.693470438143308,16.85947608947754,12113344,0.0,0.0
2021-06-17,16.859472988562157,16.94579585509476,16.693467367760874,16.766510009765625,9216522,0.0,0.0
2021-06-18,16.8063499791356,17.138359771927533,16.540741300641226,17.04539680480957,12483862,0.0,0.0
2021-06-21,17.018832916637677,17.569970542002903,16.826268301102967,17.364124298095703,10444288,0.0,0.0
2021-06-22,17.30436058629851,17.59652965346931,17.21139904443159,17.463726043701172,7912542,0.0,0.0
2021-06-23,17.36412890030278,17.550053454479492,17.04539928401209,17.1649227142334,8852892,0.0,0.0
2021-06-24,17.32428551217875,17.56333233517605,17.131719468669285,17.510210037231445,6791876,0.0,0.0
2021-06-25,17.556692377873905,17.689496013248664,17.058676986341833,17.171560287475586,4652201,0.0,0.0
2021-06-28,17.244601511115675,17.62973216294459,17.164918773560938,17.503568649291992,5599884,0.0,0.0
2021-06-29,17.516850794161595,17.676216286767374,17.417247713058337,17.52349090576172,5271250,0.0,0.0
2021-06-30,17.54341389915095,17.64301698735955,17.184842218759375,17.490291595458984,9211745,0.0,0.0
2021-07-01,17.337570047291877,17.769183021154443,17.337570047291877,17.58989715576172,7183948,0.0,0.0
2021-07-02,17.643016108695175,17.7957400858882,17.46373027742825,17.735979080200195,4912619,0.0,0.0
2021-07-05,17.72269741624972,17.888703023717916,17.649656187212987,17.882062911987305,3690630,0.0,0.0
2021-07-06,17.8156573524653,17.828937573664078,17.483647601192263,17.722694396972656,5893299,0.0,0.0
2021-07-07,17.769180725579247,18.214073867980726,17.583254771199023,18.081270217895508,8029308,0.0,0.0
2021-07-08,17.828938114359005,18.15430776490008,17.69613449124252,17.92854118347168,10922241,0.0,0.0
2021-07-12,17.92854366089825,18.187512239216858,17.709417159990974,18.028146743774414,6338366,0.0,0.0
2021-07-13,17.988313674926758,18.18087981033495,17.70278452907661,17.988313674926758,5799642,0.0,0.0
2021-07-14,18.17422882021978,18.253910146829252,17.64965305120144,17.72933578491211,7786443,0.0,0.0
2021-07-15,17.722697664962414,17.9418255764521,17.430528523410963,17.457090377807617,9164750,0.0,0.0
2021-07-16,17.490287213288482,17.676213118974566,17.2645206451416,17.2645206451416,5957848,0.0,0.0
2021-07-19,17.164921502606656,17.224682509948146,16.919234547110893,17.052038192749023,6822428,0.0,0.0
2021-07-20,16.978991676202348,17.384044039625177,16.965711455382078,17.2645206451416,5368796,0.0,0.0
2021-07-21,17.27780620251566,17.35748895914985,16.91259438875155,16.992277145385742,6730215,0.0,0.0
2021-07-22,16.998919719523084,17.164925369292405,16.97235926583257,17.11180305480957,6623893,0.0,0.0
2021-07-23,17.05867447066842,17.078594801971743,16.819626273725067,17.032114028930664,6205046,0.0,0.0
2021-07-26,16.96571718598849,17.317647377902535,16.839553638479803,17.21804428100586,7694119,0.0,0.0
2021-07-27,17.211403851706628,17.211403851706628,16.713388417100237,16.879392623901367,4244242,0.0,0.0
2021-07-28,16.892674221446633,17.025477879106308,16.70010814393422,16.819631576538086,4292570,0.0,0.0
2021-07-29,16.82627048373065,16.886031487203315,16.660264882103778,16.726667404174805,4185914,0.0,0.0
2021-07-30,16.666901367405185,16.82626682286216,16.22200836549785,16.34153175354004,4944949,0.0,0.0
2021-08-02,16.34153303885916,16.474336657451385,16.202089309692383,16.202089309692383,6136830,0.0,0.0
2021-08-03,16.215371484781542,16.261852264404297,15.916562251616844,16.261852264404297,4793187,0.0,0.0
2021-08-04,16.102488522443245,16.60050392150879,16.102488522443245,16.60050392150879,5749425,0.0,0.0
2021-08-05,16.60050662233399,16.61378684752285,16.208734350856144,16.40130043029785,6872201,0.0,0.0
2021-08-06,16.401300604947032,16.401300604947032,16.122411651706365,16.228654861450195,4479329,0.0,0.0
2021-08-09,16.26849152887886,16.799708853807513,16.26185141784985,16.67354393005371,7465475,0.0,0.0
2021-08-10,16.646985376498137,16.905952550242468,16.56730262799932,16.65362548828125,9889566,0.0,0.0
2021-08-11,16.600505936016695,16.746589814156202,16.427860201495996,16.55402374267578,4745081,0.0,0.0
2021-08-12,16.547381856588913,16.83955098865095,16.30833502449335,16.3614559173584,7170060,0.0,0.0
2021-08-13,16.41458044577862,16.85947361232807,16.28841549389305,16.73995018005371,5774089,0.0,0.0
2021-08-16,16.686827918878414,16.846193433751314,16.560664373746643,16.819631576538086,6391360,0.0,0.0
2021-08-17,16.72002729267784,16.972354343765232,16.50089939197387,16.726667404174805,7612016,0.0,0.0
2021-08-18,16.693464472814306,16.693464472814306,16.016164696740386,16.08256721496582,11948582,0.0,0.0
2021-08-19,15.89664043722712,15.976321766303498,15.538068827978458,15.87007999420166,11414858,0.0,0.0
2021-08-20,15.777115363590518,16.49425569184364,15.777115363590518,16.34153175354004,11839260,0.0,0.0
2021-08-23,16.3548204995366,16.826275594527274,16.301699591426004,16.71339225769043,8233509,0.0,0.0
2021-08-24,16.799709867705847,17.085237473388105,16.68018645486886,17.04539680480957,7598684,0.0,0.0
2021-08-25,16.96571680053703,17.815662457624175,16.86611370590328,17.70941925048828,11469186,0.0,0.0
2021-08-26,17.603173003308477,17.795739046817943,17.50356992587604,17.510210037231445,5223144,0.0,0.0
2021-08-27,17.576612958915575,17.78909934133935,17.443809321676063,17.742618560791016,6998855,0.0,0.0
2021-08-30,17.755895628708885,17.769177257516574,17.437166086450823,17.609811782836914,4970614,0.0,0.0
2021-08-31,17.662937310539103,17.775820622811967,17.377408270271733,17.47037124633789,10835138,0.0,0.0
2021-09-01,17.530132440820633,17.649655856835786,17.19812123209903,17.357486724853516,7076070,0.0,0.0
2021-09-02,17.330929187959196,17.530135383794494,16.74659082589544,16.799713134765625,9547934,0.0,0.0
2021-09-03,16.806348768149203,17.045395576598583,16.640343180164127,16.932512283325195,6588118,0.0,0.0
2021-09-06,17.05203967748712,17.198123559698583,16.720029830932617,16.720029830932617,3114021,0.0,0.0
2021-09-08,16.985635836034977,17.131721114087387,16.759869214064707,16.89931297302246,9121310,0.0,0.0
2021-09-09,16.866109117913595,17.443807191061822,16.799708010954877,17.231319427490234,8549256,0.0,0.0
2021-09-10,17.45708947413546,17.50357025449594,16.85283088684082,16.85283088684082,5899521,0.0,0.0
2021-09-13,16.978998194447367,17.098521634816045,16.686829002934097,16.998918533325195,5433678,0.0,0.0
2021-09-14,17.01219881730523,17.377409222409938,16.972356735607278,17.098520278930664,5697208,0.0,0.0
2021-09-15,16.99227802358055,17.091881122745573,16.59386703402212,16.68682861328125,5160706,0.0,0.0
2021-09-16,16.61378361693341,16.693464952572338,15.850159560249503,15.9165620803833,8379606,0.0,0.0
2021-09-17,15.916562650459662,15.94312309662394,15.478309660343424,15.518150329589844,6293815,0.0,0.0
2021-09-20,15.272468330864289,15.318949126693955,14.947098538751034,15.139664649963379,6405581,0.0,0.0
2021-09-21,15.272468330864289,15.378711557005388,14.947098538751034,15.139664649963379,5859080,0.0,0.0
2021-09-22,15.4251900486496,15.5779154549084,15.259185824096322,15.318946838378906,6056172,0.0,0.0
2021-09-23,15.378705798169154,15.909921729951185,15.272462611812747,15.84351921081543,8262507,0.0,0.0
2021-09-24,15.870086446720498,16.14897402608145,15.544716666064845,15.77712345123291,10978790,0.0,0.0
2021-09-27,15.684157409386613,15.982966678179562,15.584554319788962,15.743918418884277,5372351,0.0,0.0
2021-09-28,15.70407464727468,15.823598049788085,15.405265437440542,15.504868507385254,5701096,0.0,0.0
2021-09-29,15.504871541767006,15.896643787361437,15.445109125263867,15.70407772064209,5248141,0.0,0.0
2021-09-30,15.797040709670824,16.461060368347184,15.650955427932978,16.075929641723633,10530613,0.0,0.0
2021-10-01,16.17553447990596,16.295057929218054,15.710720909569828,15.77712345123291,7252608,0.0,0.0
2021-10-04,15.790402606012824,15.90992604720955,15.484953186464871,15.637677192687988,7892432,0.0,0.0
2021-10-05,15.677520555461347,15.830244574130713,15.484954448411662,15.644318580627441,8129853,0.0,0.0
2021-10-06,15.50487061364613,15.697436668838483,15.166220692670674,15.206061363220215,9021653,0.0,0.0
2021-10-07,15.265825176021506,15.458391248872159,14.960375785827637,14.960375785827637,8441822,0.0,0.0
2021-10-08,15.113096955162122,15.152939029026546,14.87405014038086,14.87405014038086,15533002,0.0,0.0
2021-10-11,14.854130038655423,15.405266306313484,14.727966518170037,15.113097190856934,8359830,0.0,0.0
2021-10-13,15.099818930821801,15.49823128485061,14.920533090088531,15.3388671875,6546900,0.0,0.0
2021-10-14,15.345506628840178,15.445108305892257,15.133018829824687,15.159579277038574,4554100,0.0,0.0
2021-10-15,15.285746496138295,15.697439117783876,15.186143397123987,15.391989707946777,5410347,0.0,0.0
2021-10-18,15.272463798522951,15.405267440012313,14.980294661565196,15.27246379852295,4311791,0.0,0.0
2021-10-19,15.126379746936607,15.272465030752821,14.787729800619754,14.847492218017578,6061949,0.0,0.0
2021-10-20,14.993572865341562,15.106456156467146,14.661563102789772,14.986932754516602,4940394,0.0,0.0
2021-10-21,14.721323748713923,15.020134357107477,14.568599796285161,14.940451622009277,8855781,0.0,0.0
2021-10-22,14.807654023895124,16.26849880287041,14.741252883915656,16.069293975830078,16759768,0.0,0.0
2021-10-25,16.102494545819813,16.175535799797228,15.750564282622848,16.069293975830078,6727105,0.0,0.0
2021-10-26,16.16224812685527,16.314973492660794,15.69079462176275,15.85015869140625,13551866,0.0,0.0
2021-10-27,16.002882500771584,16.009522611065027,15.42518446263526,15.458386421203613,8214511,0.0,0.0
2021-10-28,15.431828254099836,16.029446765674837,15.352146911571017,15.670876502990723,8296281,0.0,0.0
2021-10-29,15.790395046248506,16.056002253501727,15.192776719277195,15.232617378234863,8346165,0.0,0.0
2021-11-01,15.54030580586621,15.54030580586621,14.919503133467483,14.932998657226562,7607017,0.329408,0.0
2021-11-03,14.932999534860988,15.277139700683673,14.932999534860988,15.108444213867188,8127631,0.0,0.0
2021-11-04,15.142181826162812,15.189417588268695,14.784546164108486,15.067955017089844,5540223,0.0,0.0
2021-11-05,15.14218397758173,15.378358531926642,14.879018372434814,15.189419746398926,4594762,0.0,0.0
2021-11-08,15.067952938625378,15.445833263693917,14.946491814114289,15.18266773223877,2671177,0.0,0.0
2021-11-09,15.12868685597993,15.243400239698932,14.946494422461825,14.97348690032959,3546312,0.0,0.0
2021-11-10,15.020722031547017,15.290635385243316,14.865520637745073,15.000478744506836,3422546,0.0,0.0
2021-11-11,15.17592265814231,15.803473104144274,15.047712320208845,15.621280670166016,4156362,0.0,0.0
2021-11-12,15.520064228311055,16.01265661938448,15.513316465688881,15.702255249023438,3404659,0.0,0.0
2021-11-16,15.702253287937621,15.776480097424878,15.46607876583048,15.547053337097168,4142252,0.0,0.0
2021-11-17,15.614532591782117,15.985665248211198,15.466080387158671,15.51331615447998,4181804,0.0,0.0
2021-11-18,15.58079377934807,15.62802954666938,15.317628182535225,15.51331615447998,2794387,0.0,0.0
2021-11-19,15.540308872783974,16.12062508843228,15.46608204754668,15.870953559875488,3693519,0.0,0.0
2021-11-22,16.026149332109835,16.026149332109835,15.506565981732317,15.601036071777344,3141130,0.0,0.0
2021-11-23,15.574043662335098,15.72249727442857,15.290633390994914,15.506566047668457,4551655,0.0,0.0
2021-11-24,15.371608933467531,16.154360752554805,15.324374600204997,15.911437034606934,4966725,0.0,0.0
2021-11-25,15.86420329813491,16.15436136026068,15.762985435993993,15.972168922424316,5535002,0.0,0.0
2021-11-26,15.722501958419127,16.05989442200736,15.587545258966605,15.688761711120605,4767745,0.0,0.0
2021-11-29,15.823714204405192,16.208342340006194,15.688757540826067,16.08013343811035,4934506,0.0,0.0
2021-11-30,16.012659221566654,16.242087477745486,15.533562277880584,16.06664276123047,9407170,0.0,0.0
2021-12-01,16.221840064678045,16.721181646569026,16.05314456979051,16.194849014282227,7613127,0.0,0.0
2021-12-02,16.377037618129076,16.61995987446841,16.086879604776723,16.444515228271484,6418358,0.0,0.0
2021-12-03,16.538991954335096,17.011341093839672,16.215093603926064,16.29606819152832,7316712,0.0,0.0
2021-12-06,16.39053889498045,17.099064059636774,16.3770433682136,16.910123825073242,5483007,0.0,0.0
2021-12-07,17.03833160214963,17.24076734973201,16.78191375116594,16.86288833618164,5516337,0.0,0.0
2021-12-08,16.970848237846774,17.153040650435386,16.842639344878755,16.943857192993164,3906831,0.0,0.0
2021-12-09,16.99109633685342,17.05857396243227,16.802156125405325,17.01808738708496,3351220,0.0,0.0
2021-12-10,17.17328529725114,17.348729962552742,16.94385853795735,17.288000106811523,4986612,0.0,0.0
2021-12-13,17.341984672254718,17.37572348580804,17.07207130400073,17.274505615234375,3302669,0.0,0.0
2021-12-14,17.355482443165126,17.74011068709182,17.166542202993632,17.22052574157715,5136041,0.0,0.0
2021-12-15,17.355479479485115,17.456697345870264,17.10580940969478,17.234018325805664,5473230,0.0,0.0
2021-12-16,17.335233672008908,17.746852840140086,17.240763581789178,17.503929138183594,5031274,0.0,0.0
2021-12-17,17.4904366440517,17.9357946601467,17.47019192793629,17.71986198425293,5757313,0.0,0.0
2021-12-20,17.76034824560321,17.807582575444034,17.362224603005473,17.524173736572266,3617082,0.0,0.0
2021-12-21,17.47694395410647,17.67263196162967,17.34873501363352,17.557918548583984,4306124,0.0,0.0
2021-12-22,17.6456369139842,17.6726279627313,17.46344447511412,17.58490562438965,4213911,0.0,0.0
2021-12-23,17.65913187042983,17.881810875259077,17.328487244170844,17.436452865600586,3545201,0.0,0.0
2021-12-27,17.544416427612305,17.67937308107947,17.436450818855903,17.544416427612305,1397638,0.0,0.0
2021-12-28,17.611896801328534,17.611896801328534,17.1935298570163,17.314990997314453,1668610,0.0,0.0
2021-12-29,17.348733749311872,17.402717285000698,17.193533765294877,17.294750213623047,1657278,0.0,0.0
2021-12-30,17.544422337891742,17.591656682047645,17.31499552073537,17.35548210144043,2650179,0.0,0.0
2022-01-03,17.368974565548864,17.48368938381243,16.84264195962576,17.308244705200195,4659645,0.0,0.0
2022-01-04,17.234018828473612,17.787342513558297,17.119305433879727,17.63214111328125,6602673,0.0,0.0
2022-01-05,17.665881408391087,17.881812672958635,17.26100992984852,17.301496505737305,5615771,0.0,0.0
2022-01-06,17.362225329130716,17.74685346500276,17.2475119505206,17.314990997314453,5841526,0.0,0.0
2022-01-07,17.34197889600866,17.355474416934914,16.903368746252415,17.024829864501953,3705518,0.0,0.0
2022-01-10,17.011334144028,17.13954302123674,16.734671678545396,16.88987159729004,3790398,0.0,0.0
2022-01-11,17.01807968792465,17.207019813894224,16.815644042944825,16.856130599975586,4097034,0.0,0.0
2022-01-12,16.829147131017226,17.54441996965222,16.741424788083645,17.267757415771484,6056616,0.0,0.0
2022-01-13,17.261006859374543,17.638887220105346,17.072068108922565,17.17328453063965,4747969,0.0,0.0
2022-01-14,17.200275228766255,17.449945236359532,17.0180828286775,17.065317153930664,3991600,0.0,0.0
2022-01-17,17.02483688519363,17.065323464668236,16.464765386225917,16.491756439208984,3291559,0.0,0.0
2022-01-18,16.525493030341273,17.011339068188175,16.397284116020746,16.95060920715332,4238353,0.0,0.0
2022-01-19,17.08556451734935,17.395965849776527,16.997842184067878,17.348730087280273,3500205,0.0,0.0
2022-01-20,17.341983954622247,17.638889791346262,17.045078117898235,17.234018325805664,3636191,0.0,0.0
2022-01-21,17.207024748870836,17.207024748870836,16.748171251270932,16.76166534423828,3278894,0.0,0.0
2022-01-24,16.700937420267728,16.721180706927026,16.25557939410882,16.350048065185547,3399882,0.0,0.0
2022-01-25,16.296063641075055,16.336551638527357,16.039645853501817,16.174602508544922,5973069,0.0,0.0
2022-01-26,16.350041576519928,16.532233943976053,16.188093917602384,16.228580474853516,6665333,0.0,0.0
2022-01-27,16.32980535393818,16.842640975459226,16.2758218290913,16.57947540283203,3844837,0.0,0.0
2022-01-28,16.57947667503238,16.9775989454558,16.289318602760165,16.93036460876465,3733848,0.0,0.0
2022-01-31,16.7279298990562,17.03158351464285,16.640207552787118,16.9168701171875,3067248,0.0,0.0
2022-02-01,16.74817539487667,16.964105244304857,16.49850387007181,16.626712799072266,5017720,0.0,0.0
2022-02-02,16.613213178749973,16.876380164920526,16.54573556428067,16.59296989440918,2653623,0.0,0.0
2022-02-03,16.538992291842927,16.92361908845354,16.505252045537084,16.79541015625,3191569,0.0,0.0
2022-02-04,16.74142238204752,17.213772841530353,16.404030013796035,17.11930274963379,4379673,0.0,0.0
2022-02-07,17.011337143912996,17.234016135679195,16.741422391215924,16.869632720947266,3741959,0.0,0.0
2022-02-08,16.76841588270224,17.20702759853306,16.626711439073,17.01808738708496,3515092,0.0,0.0
2022-02-09,16.903373718695246,17.362227284821213,16.802155852059972,16.822399139404297,4602873,0.0,0.0
2022-02-10,16.957352985923183,17.045075313010134,16.424272691993846,16.64695167541504,6236931,0.0,0.0
2022-02-11,16.68743831322076,16.694186073991855,16.093626785884556,16.12736701965332,6285371,0.0,0.0
2022-02-14,16.17460791670382,16.309564616871192,15.999163205546536,16.147615432739258,3019253,0.0,0.0
2022-02-15,16.17719547525394,16.266194257084823,15.636358286441855,15.704817771911621,9880900,0.308923,0.0
2022-02-16,15.800662960896686,15.862277950328009,15.51997616088346,15.643204689025879,7358375,0.0,0.0
2022-02-17,15.725360403592454,16.04027700498698,15.55420875217672,15.917048454284668,5523558,0.0,0.0
2022-02-18,15.951279644541037,16.08135414515705,15.718512992566522,15.978663444519043,3782288,0.0,0.0
2022-02-21,15.869127756431935,16.07450917016541,15.725361347106734,15.930741310119629,3029808,0.0,0.0
2022-02-22,16.019738199462804,16.14296674281492,15.848588008976133,16.12242889404297,3934051,0.0,0.0
2022-02-23,16.047124451445956,16.218276118822285,15.376212584656706,15.499441146850586,6849426,0.0,0.0
2022-02-24,15.150289603015654,15.691126824563298,14.965446079618786,15.629511833190918,5340132,0.0,0.0
2022-02-25,15.533673740017553,15.77328493519762,15.458366825550394,15.656902313232422,6992967,0.0,0.0
2022-03-02,15.88281582625086,16.396269236737467,15.745895400361174,15.848586082458496,7155839,0.0,0.0
2022-03-03,15.83489655846713,16.081355125454426,15.68428419868649,15.773283004760742,8636580,0.0,0.0
2022-03-04,15.937588189001337,16.55373095929119,15.875973186612086,16.51265525817871,8014754,0.0,0.0
2022-03-07,16.498961931181455,16.91657065926415,16.485270031994535,16.71118927001953,5769978,0.0,0.0
2022-03-08,16.779651644247274,17.101414203955503,16.601654038232887,16.950801849365234,8647912,0.0,0.0
2022-03-09,16.957645412862448,17.039798254131263,16.581113854020888,17.01926040649414,6944416,0.0,0.0
2022-03-10,16.875493523219358,17.50532959059682,16.83441782562881,17.327333450317383,6375806,0.0,0.0
2022-03-11,17.299946332356008,17.902398536259156,17.299946332356008,17.436866760253906,7803552,0.0,0.0
2022-03-14,17.48479416911856,17.772328444330384,17.25887489956663,17.341026306152344,7161283,0.0,0.0
2022-03-15,17.388944548354594,17.388944548354594,16.765954518292023,16.889183044433594,7068737,0.0,0.0
2022-03-16,17.053490175382795,17.471098880777912,16.909723791010173,17.252025604248047,6185603,0.0,0.0
2022-03-17,17.299945430895043,17.827090719161887,17.238331894375644,17.717554092407227,7599795,0.0,0.0
2022-03-18,17.717559770348252,18.080400960122798,17.683330016867874,18.011940002441406,8748236,0.0,0.0
2022-03-21,18.032474972495912,18.607541992659552,17.601174344693078,17.649097442626953,5122154,0.0,0.0
2022-03-22,17.92978619255552,18.278935462422613,17.717558830790278,17.998247146606445,5710206,0.0,0.0
2022-03-23,18.05985974177366,18.23101139246342,17.697020041204773,17.86817169189453,6606783,0.0,0.0
2022-03-24,17.950323127143275,18.429545390142405,17.87501623269013,18.210472106933594,6226821,0.0,0.0
2022-03-25,18.278930962564008,18.29946735778696,17.01241160337338,17.09456443786621,8624470,0.0,0.0
2022-03-28,17.149334896333833,17.21779438847388,16.923415670831027,17.108259201049805,4224466,0.0,0.0
2022-03-29,17.25202606119384,17.306793656416744,16.91657018829245,16.923416137695312,5361797,0.0,0.0
2022-03-30,17.005566569715807,17.11510465541345,16.793339248777155,16.848108291625977,4956059,0.0,0.0
2022-03-31,16.93026402237105,16.93026402237105,16.51265525817871,16.51265525817871,6400693,0.0,0.0
2022-04-01,16.68380157237419,16.68380157237419,16.16350367674965,16.245655059814453,6379917,0.0,0.0
2022-04-04,16.19088984066988,16.307272434431347,16.02658559977386,16.12242889404297,5609883,0.0,0.0
2022-04-05,16.156661056410794,16.218274606401707,15.855434904293757,15.917048454284668,6526125,0.0,0.0
2022-04-06,15.923890634019575,16.273039804182762,15.786970215737623,16.136117935180664,9668144,0.0,0.0
2022-04-07,16.08820058144648,16.1703534345842,15.766436569817548,15.86912727355957,5210923,0.0,0.0
2022-04-08,15.793820851204174,16.122430823033614,15.574747536651213,15.930741310119629,5268695,0.0,0.0
2022-04-11,15.828049656313775,16.047121486960787,15.75274276249363,15.81435775756836,3617527,0.0,0.0
2022-04-12,15.944433230500037,16.00604677865735,15.622669237961619,15.718512535095215,3778066,0.0,0.0
2022-04-13,15.739049431564966,15.95127674424789,15.574743760130342,15.670588493347168,6619671,0.0,0.0
2022-04-14,15.67058705344823,15.704816794051801,15.451513812145192,15.602126121520996,3582752,0.0,0.0
2022-04-18,15.561052272494816,15.629511761795548,15.246134269550653,15.273519515991211,4928618,0.0,0.0
2022-04-19,15.273520021682168,15.38305520818994,14.938062710120866,15.376209259033203,7148285,0.0,0.0
2022-04-20,15.369364242625164,15.51313063436194,15.191368103027344,15.191368103027344,4664866,0.0,0.0
2022-04-22,14.992830789850666,15.184520255351634,14.896986057100182,15.157135009765625,5538223,0.0,0.0
2022-04-25,15.294056401001702,15.32828759746668,14.965446489691958,15.170827865600586,5374795,0.0,0.0
2022-04-26,15.129752122769196,15.252980657779867,14.718989372253418,14.718989372253418,7023075,0.0,0.0
2022-04-27,14.931217160932816,14.9586009582933,14.59576129110583,14.643684387207031,5314690,0.0,0.0
2022-04-28,14.780603867671598,14.780603867671598,14.45883846663912,14.53414535522461,7258051,0.0,0.0
2022-04-29,14.760064522063393,14.773757870532616,14.198689460754395,14.198689460754395,8209623,0.0,0.0
2022-05-02,14.301383004143545,14.431458960207856,14.082309694915978,14.349306106567383,7717894,0.0,0.0
2022-05-03,14.362993765592238,14.705295528836873,14.294532832655264,14.527297973632812,11974469,0.0,0.0
2022-05-04,14.602610944010983,15.38990547284374,14.575227139705323,15.225601196289062,8630914,0.0,0.0
2022-05-05,15.143441730041012,15.677432934782352,15.068136301033961,15.403592109680176,10266528,0.0,0.0
2022-05-06,15.362515908365523,15.581589162110765,15.122904809091699,15.314594268798828,7271717,0.0,0.0
2022-05-09,15.15101369534209,15.275998927087175,14.977423667907715,14.977423667907715,5026275,0.283003,0.0
2022-05-10,15.067690775744598,15.109352028051466,14.435819620683498,14.581635475158691,6278038,0.0,0.0
2022-05-11,14.581636565793685,14.852439140246501,14.3872144310175,14.692734718322754,6828650,0.0,0.0
2022-05-12,14.602465005800791,14.7830000283887,14.324718930388702,14.512197494506836,5708429,0.0,0.0
2022-05-13,14.623296491899321,15.414872044187593,14.609409408020738,15.387096405029297,10882800,0.0,0.0
2022-05-16,15.44959026227664,15.532914239691172,15.095465197516353,15.157957077026367,6268928,0.0,0.0
2022-05-17,15.310720570465339,15.75511323093876,15.227396578776215,15.463479995727539,5754424,0.0,0.0
2022-05-18,15.456535076915493,15.546802603929148,15.109353525740998,15.276000022888184,6344698,0.0,0.0
2022-05-19,15.276001324822836,15.38709948952334,15.046861452090637,15.102411270141602,4161472,0.0,0.0
2022-05-20,15.255168937373217,15.60929402067169,14.977424293319958,15.15101432800293,9617038,0.0,0.0
2022-05-23,15.262112722419607,15.644013453312818,15.262112722419607,15.435704231262207,6538901,0.0,0.0
2022-05-24,15.34543879810506,15.49819969985414,15.026031378831465,15.338495254516602,6758657,0.0,0.0
2022-05-25,15.269055874906494,15.414873209456767,14.95659204981465,14.998254776000977,5539112,0.0,0.0
2022-05-26,14.991310256839085,15.484307625281625,14.914929823308116,15.39404010772705,5445788,0.0,0.0
2022-05-27,15.463478876827491,15.60235120532661,15.35238071974793,15.414874076843262,5136375,0.0,0.0
2022-05-30,15.449590227839153,15.77594112320088,15.35932270845805,15.366266250610352,2792609,0.0,0.0
2022-05-31,15.484310625799463,15.650958609177712,15.248227208848139,15.463479995727539,4698863,0.0,0.0
2022-06-01,15.685673846662416,15.95647640899824,15.512082347365,15.755110740661621,5482562,0.0,0.0
2022-06-02,15.942590749545788,15.942590749545788,15.560691441669245,15.796774864196777,4186248,0.0,0.0
2022-06-03,15.741225005227053,15.762055633791721,15.400986991133482,15.414874076843262,3224677,0.0,0.0
2022-06-06,15.51902786220038,15.567634135598375,15.338494269097296,15.442648887634277,2025575,0.0,0.0
2022-06-07,15.380154418728115,15.650956995954418,15.35932379080331,15.435704231262207,4097590,0.0,0.0
2022-06-08,15.324602450053264,15.456531200415645,15.046856395931632,15.234334945678711,5292248,0.0,0.0
2022-06-09,15.22739620326479,15.241283289636947,14.977425705763185,15.1301851272583,5152484,0.0,0.0
2022-06-10,14.984364851977023,15.053800263462863,14.692731709533609,14.83160400390625,5639436,0.0,0.0
2022-06-13,14.678849030848387,14.928819529989756,14.51914606511957,14.817721366882324,6168049,0.0,0.0
2022-06-14,14.803830981477642,14.845492231583451,14.366381969762328,14.526084899902344,6031619,0.0,0.0
2022-06-15,14.623296912257041,14.776057782114941,14.28305893324797,14.338608741760254,7375484,0.0,0.0
2022-06-17,14.019199690069518,14.255283036981265,13.873382380023266,14.13724136352539,7748780,0.0,0.0
2022-06-20,14.060864604272401,14.220569038556826,13.942822900036749,14.02614688873291,2464420,0.0,0.0
2022-06-21,14.116411858626869,14.366383805404737,13.928934737795048,13.956708908081055,4745969,0.0,0.0
2022-06-22,13.887273672567106,14.060863710633425,13.720625705766105,13.901159286499023,5170149,0.0,0.0
2022-06-23,13.901158541563426,13.99142606279327,13.415104695342858,13.553977012634277,7592685,0.0,0.0
2022-06-24,13.609528355238718,13.92893575096482,13.595641269085588,13.748400688171387,9201524,0.0,0.0
2022-06-27,13.831723519096581,14.151130888095683,13.803949349114378,13.991426467895508,4538323,0.0,0.0
2022-06-28,14.060863494873047,14.171961647235179,13.887273459470425,14.060863494873047,7352264,0.0,0.0
2022-06-29,14.053919462813257,14.26917221748019,13.915047145047847,13.998371124267578,7180059,0.0,0.0
2022-06-30,13.810894109585297,14.324722185175304,13.790063480261601,14.02614688873291,12188447,0.0,0.0
2022-07-01,13.94976723329602,14.171963568137315,13.873386783381369,14.019204139709473,6143163,0.0,0.0
2022-07-04,13.942823689794821,14.074752487719065,13.908105972288826,14.019204139709473,3888722,0.0,0.0
2022-07-05,13.915048664811689,13.949766380194514,13.685908800482304,13.748400688171387,6341699,0.0,0.0
2022-07-06,13.630356579248387,13.89421558380127,13.61646949554578,13.89421558380127,13398882,0.0,0.0
2022-07-07,13.908104287456622,14.213624578702941,13.81783676147461,13.81783676147461,4712973,0.0,0.0
2022-07-08,13.845611274093057,13.991427144957083,13.637302046343695,13.685908317565918,6160717,0.0,0.0
2022-07-11,13.595640971431305,13.720626215474498,13.477599270312659,13.547036170959473,4599873,0.0,0.0
2022-07-12,13.484541720968403,13.692850934634135,13.484541720968403,13.623414039611816,6210712,0.0,0.0
2022-07-13,13.547036461573748,13.58869772001476,13.199853422293165,13.220684051513672,4743747,0.0,0.0
2022-07-14,13.144304461290048,13.172078632281558,12.880445422666789,13.047093391418457,8069081,0.0,0.0
2022-07-15,13.123473074932141,13.123473074932141,12.769346529642284,12.84572696685791,6034729,0.0,0.0
2022-07-18,12.88044582892098,13.04015025996191,12.686025154447,12.790178298950195,7163616,0.0,0.0
2022-07-19,12.83184078065897,13.102641893946906,12.713799081097394,13.054037094116211,7667677,0.0,0.0
2022-07-20,13.060981051097198,13.3040080007594,12.99154562056592,13.24151611328125,5411792,0.0,0.0
2022-07-21,13.047094897014475,13.047094897014475,12.15136600796338,12.817955017089844,21041784,0.0,0.0
2022-07-22,12.85961227317949,13.16513250839,12.74851413959394,13.1234712600708,8553255,0.0,0.0
2022-07-25,13.185966133667733,13.276233663638518,12.783236227384664,12.790178298950195,5545334,0.0,0.0
2022-07-26,12.81100845336914,12.880443872491288,12.644360504673733,12.81100845336914,4923063,0.0,0.0
2022-07-27,12.949880553645944,13.512314796447754,12.845725955245527,13.512314796447754,12139230,0.0,0.0
2022-07-28,13.498428874902435,13.658131821451015,13.206795679994888,13.352611541748047,6098834,0.0,0.0
2022-07-29,13.449823199155116,14.06086224722763,13.401216934146394,13.838665962219238,7283382,0.0,0.0
2022-08-01,13.935879776057156,14.019203767259327,13.547036936116067,13.727570533752441,8988212,0.0,0.0
2022-08-02,13.701105370251122,13.89208509666375,13.57378355412107,13.793059349060059,7190836,0.32636,0.0
2022-08-03,13.807203578609048,13.955745189115843,13.545489691740709,13.72232437133789,7311602,0.0,0.0
2022-08-04,13.778910509518662,13.856717948408358,13.630370397903002,13.72232437133789,8031863,0.0,0.0
2022-08-05,13.672810248171938,13.962818708253039,13.672810248171938,13.863791465759277,5565665,0.0,0.0
2022-08-08,13.941600650603242,14.153801696944438,13.89208627371491,13.984040260314941,4996055,0.0,0.0
2022-08-09,14.033554229405375,14.097215147813841,13.82135316656578,13.991114616394043,5759201,0.0,0.0
2022-08-10,14.068919340355535,14.203312921017623,13.849645051262744,13.9486722946167,8419491,0.0,0.0
2022-08-11,14.040626271866843,14.068920843627819,13.807205422909647,13.976966857910156,8992100,0.0,0.0
2022-08-12,14.019409420886804,14.35893236242004,14.005262881471529,14.351859092712402,8187181,0.0,0.0
2022-08-15,14.316489479488657,14.457956355084566,13.9769680787236,13.991114616394043,7440033,0.0,0.0
2022-08-16,14.047698530408809,14.4084396417514,13.984037628929027,14.358926773071289,6941528,0.0,0.0
2022-08-17,14.281120232977493,14.825769317058542,14.25282566449541,14.663081169128418,8897110,0.0,0.0
2022-08-18,14.733815477589799,14.811621419680868,14.507467920997064,14.670154571533203,4100923,0.0,0.0
2022-08-19,14.656009271033655,14.769183058862268,14.556982019322206,14.63478946685791,5915408,0.0,0.0
2022-08-22,14.57113263134863,14.726746055050178,14.274050823673058,14.330636978149414,6661778,0.0,0.0
2022-08-23,14.337707592625954,14.705523524182123,14.189167465738295,14.578203201293945,5089379,0.0,0.0
2022-08-24,14.585273910864611,14.620641747185763,14.217459504919374,14.41551399230957,11977802,0.0,0.0
2022-08-25,14.472098229247626,14.740886855045677,14.160870004114036,14.210384368896484,6807430,0.0,0.0
2022-08-26,14.238683029705681,14.38722468352622,13.85672198893481,13.913308143615723,9789021,0.0,0.0
2022-08-29,13.93452606136909,14.111359250629294,13.807204246520996,13.807204246520996,6844093,0.0,0.0
2022-08-30,13.8637910984012,13.998184674334773,13.510123241089799,13.587930679321289,10193091,0.0,0.0
2022-08-31,13.64451811469341,13.722325560324824,13.319143295288086,13.319143295288086,11495183,0.0,0.0
2022-09-01,13.439390667243925,13.524271382775625,13.11401584011516,13.15645694732666,12839827,0.0,0.0
2022-09-02,13.276702082095117,13.474755057824039,13.000840171254877,13.12816047668457,15211145,0.0,0.0
2022-09-05,13.248411147488287,13.439392407440957,13.06450465539636,13.326218605041504,5564999,0.0,0.0
2022-09-06,13.326217272257221,13.347437077042724,13.064503348786662,13.227190017700195,7135841,0.0,0.0
2022-09-08,13.297922468800632,13.333288805507713,12.923034803032118,12.930108070373535,7496250,0.0,0.0
2022-09-09,13.014989134462105,13.248408462024464,12.887667321040903,13.205968856811523,4909397,0.0,0.0
2022-09-12,13.255480747171408,13.488903055216785,13.255480747171408,13.41109561920166,4505771,0.0,0.0
2022-09-13,13.439389673542784,13.630370894645237,13.241335184909959,13.255481719970703,6657778,0.0,0.0
2022-09-14,13.333291310960263,13.545492368859653,13.198897707328364,13.375732421875,4943061,0.0,0.0
2022-09-15,13.382802154390852,13.439389794032358,13.2979229432654,13.340362548828125,3429323,0.0,0.0
2022-09-16,13.333288234556859,13.404022403833233,12.937180783725996,13.000840187072754,10585830,0.0,0.0
2022-09-19,13.014988497941179,13.036206800618737,12.80278748447216,12.965474128723145,10872134,0.0,0.0
2022-09-20,12.958401643463187,13.135234832763672,12.802788257011816,13.135234832763672,6210601,0.0,0.0
2022-09-21,13.14230910700646,13.227188315223636,12.824006080627441,12.824006080627441,6820317,0.0,0.0
2022-09-22,12.923035448445837,13.12108844278798,12.824006702937925,13.092795372009277,7375262,0.0,0.0
2022-09-23,12.97254992704884,13.092796991624446,12.51985474302505,12.739129066467285,12484529,0.0,0.0
2022-09-26,12.717906951904297,12.979620839252016,12.633026245586528,12.717906951904297,5042273,0.0,0.0
2022-09-27,12.774493901802899,12.859374613513475,12.717907759923337,12.760347366333008,8874334,0.0,0.0
2022-09-28,12.809862002316173,13.036208073371844,12.788640699784494,12.802788734436035,5102378,0.0,0.0
2022-09-29,12.809861916565755,12.852301523562486,12.533999224967607,12.590587615966797,7244942,0.0,0.0
2022-09-30,12.590586489334076,12.901813243910045,12.470337949154256,12.838153839111328,9300292,0.0,0.0
2022-10-03,13.128161405532799,13.262554987501076,12.845227706535498,13.255481719970703,6350031,0.0,0.0
2022-10-04,13.304998292264944,13.559638963259157,13.114017039573564,13.220117568969727,9723027,0.0,0.0
2022-10-05,13.269630267771994,13.503051103095606,13.170601520729628,13.389877319335938,8068193,0.0,0.0
2022-10-06,13.432315982323624,13.510123421594677,13.269629335365398,13.312068939208984,4854625,0.0,0.0
2022-10-07,13.290849137287191,13.488903619672884,13.290849137287191,13.312068939208984,5657212,0.0,0.0
2022-10-10,13.375729778307258,13.771837242246065,13.368656511034663,13.72232437133789,7141619,0.0,0.0
2022-10-11,13.743546106874522,13.885012971121993,13.573784670664478,13.644518852233887,4760412,0.0,0.0
2022-10-13,13.552563598794196,14.09721269895125,13.43938981819888,13.885011672973633,10137986,0.0,0.0
2022-10-14,13.948672715670764,14.23160642045882,13.870865272352997,13.892085075378418,7356819,0.0,0.0
2022-10-17,13.934530184395149,14.443811598911697,13.92745691468751,14.351859092712402,6727105,0.0,0.0
2022-10-18,14.422590887083517,14.712599423620095,14.351858194434273,14.535764694213867,7622682,0.0,0.0
2022-10-19,14.521617098071346,14.656010703208551,14.358930417935033,14.450882911682129,4307791,0.0,0.0
2022-10-20,14.500395761975845,14.634789352934023,14.259901652073571,14.549908638000488,7588574,0.0,0.0
2022-10-21,14.450881374325348,14.705523518901556,14.337707587477464,14.599421501159668,5525891,0.0,0.0
2022-10-24,14.500393559866108,15.066262408668226,14.493320292936772,14.818695068359375,6714106,0.0,0.0
2022-10-25,14.854064389891363,15.10870504833321,14.854064389891363,14.875284194946289,7132064,0.0,0.0
2022-10-26,14.882357705714814,15.066265683635892,14.670156653926304,14.967238426208496,10810030,0.0,0.0
2022-10-27,15.21480529801248,15.306759283816271,14.585275432725341,14.861137390136719,12346320,0.0,0.0
2022-10-28,14.868210613742507,15.589692963776992,14.868210613742507,15.483593940734863,11328867,0.0,0.0
2022-10-31,15.398712593398209,15.533106182644426,15.108704112274246,15.292612075805664,8360608,0.0,0.0
2022-11-01,15.600570267659782,15.745086471968206,15.26818192591028,15.492182731628418,9380839,0.410614,0.0
2022-11-03,15.492185123772206,15.940186804384291,15.224828343638931,15.824573516845703,7307269,0.0,0.0
2022-11-04,15.947411793032751,16.474898062648542,15.860701448635574,15.95463752746582,7102178,0.0,0.0
2022-11-07,15.896833536247541,16.229221985183678,15.8245761763923,16.041351318359375,4633981,0.0,0.0
2022-11-08,16.055798674345372,16.58328339086796,16.04134720607903,16.431541442871094,5778866,0.0,0.0
2022-11-09,16.38818899236441,16.597738369615694,16.258124231256822,16.308704376220703,3447877,0.0,0.0
2022-11-10,16.17141545478788,16.641094399988685,16.128061040597263,16.2725772857666,7949316,0.0,0.0
2022-11-11,16.30147798917675,17.298643159382852,16.30147798917675,17.175804138183594,8796564,0.0,0.0
2022-11-14,17.15412878256666,17.334775248203748,16.857870538858734,16.995161056518555,4341899,0.0,0.0
2022-11-16,16.735024880915084,16.95902567481887,16.590507153028696,16.677217483520508,4936728,0.0,0.0
2022-11-17,16.44599705699302,16.922903286006527,16.091931401610736,16.1641902923584,7991534,0.0,0.0
2022-11-18,16.33760690077152,16.388188575649686,15.896830952492362,16.005218505859375,4592207,0.0,0.0
2022-11-21,16.02689466916673,16.16418513974296,15.419923855250474,15.448826789855957,6412692,0.0,0.0
2022-11-22,15.463282022122211,15.745088737634706,15.391023143970093,15.484957695007324,5703429,0.0,0.0
2022-11-23,15.456051198926973,15.622244573401504,15.2537276316711,15.325984954833984,3582308,0.0,0.0
2022-11-24,15.46328034243354,15.48495601296415,15.174246392421596,15.383795738220215,4188247,0.0,0.0
2022-11-25,15.456054250661895,15.549988789320636,14.964696700138246,14.986373901367188,5338243,0.0,0.0
2022-11-28,14.993601262238366,15.06586013871001,14.762374694969546,14.827407836914062,5020275,0.0,0.0
2022-11-29,14.935793777329827,15.130890119749376,14.531146562592602,14.545598030090332,7664677,0.0,0.0
2022-11-30,14.458890481990043,14.495019153874969,14.025340294569597,14.155405044555664,16058394,0.0,0.0
2022-12-01,14.234890750216644,14.567279150758175,13.967533964076452,14.25656795501709,7115399,0.0,0.0
2022-12-02,14.30714804873748,14.545600363096392,13.84469488983529,14.379406929016113,8352720,0.0,0.0
2022-12-05,14.285470611578475,14.588956066370264,14.205985997685296,14.567278861999512,5131264,0.0,0.0
2022-12-06,14.668437799855383,15.029729062023225,14.545597270142197,14.964695930480957,6466908,0.0,0.0
2022-12-07,14.928572908915744,15.20315394326104,14.747926443919676,14.935798645019531,4775744,0.0,0.0
2022-12-08,15.065859010746896,15.195923753697768,14.66121331392199,14.682888984680176,4784854,0.0,0.0
2022-12-09,14.719018816370772,15.29708517675448,14.617857011903595,15.253730773925781,5297025,0.0,0.0
2022-12-12,15.167021782249583,15.383796878019544,14.98637535870783,15.362119674682617,7077181,0.0,0.0
2022-12-13,15.369344780047557,15.542763930845119,14.675665114456734,14.762373924255371,8877778,0.0,0.0
2022-12-14,14.71902300253954,15.080314389132532,14.675668587380615,14.87799072265625,9095423,0.0,0.0
2022-12-15,14.791278206726902,14.979148823470302,14.639534729079994,14.784050941467285,3474430,0.0,0.0
2022-12-16,14.625082383321828,14.798503052739957,14.523920581361283,14.581727981567383,4246464,0.0,0.0
2022-12-19,14.704568850908192,14.769600461794552,14.11927516572874,14.191534042358398,4004932,0.0,0.0
2022-12-20,14.321599006652832,14.437212292245986,14.047018027569237,14.321599006652832,6131831,0.0,0.0
2022-12-21,14.490033571973425,14.518985832554659,14.106431840025959,14.120908737182617,6044062,0.029447,0.0
2022-12-22,14.186046107492736,14.323563576647647,14.026815595902612,14.200521469116211,4368563,0.0,0.0
2022-12-23,14.30185202014123,14.30185202014123,13.918248762336075,13.939963340759277,4309457,0.0,0.0
2022-12-26,13.98338940858466,14.048530076289735,13.831396562248889,13.845871925354004,1343532,0.0,0.0
2022-12-27,13.918247348884227,14.157095417427065,13.787967560235705,14.048528671264648,3733071,0.0,0.0
2022-12-28,14.186046074947816,14.497270950334224,14.178808394152682,14.352514266967773,4244242,0.0,0.0
2022-12-29,14.504509620088312,14.526222663954169,14.301851476542982,14.446606636047363,2967925,0.0,0.0
2023-01-02,14.461083957961137,14.569650725732163,14.236712740149828,14.511749267578125,2018242,0.0,0.0
2023-01-03,14.511747806306028,14.721643638443197,14.330802700330661,14.64926528930664,4932617,0.0,0.0
2023-01-04,14.613073969454707,14.982200255652934,14.584121715330571,14.70716381072998,4902731,0.0,0.0
2023-01-05,14.786782603717494,15.04010605594118,14.634789759368909,14.81573486328125,5126820,0.0,0.0
2023-01-06,14.938772641332603,14.96048721535864,14.591360929160414,14.70716381072998,3412436,0.0,0.0
2023-01-09,14.692691001992646,15.00391433523203,14.562409683739123,14.772305488586426,3350220,0.0,0.0
2023-01-10,14.656501770019531,14.808494603648063,14.555172703023203,14.656501770019531,3868724,0.0,0.0
2023-01-11,14.656501713312865,14.67821475607123,14.207759361379011,14.345276832580566,6484018,0.0,0.0
2023-01-12,14.410418263518565,14.569648785974925,14.272900784979164,14.417655944824219,4744081,0.0,0.0
2023-01-13,14.366991169523176,14.453844882112366,14.243950582808905,14.37423038482666,4924840,0.0,0.0
2023-01-16,14.504508942853489,14.62755105274701,14.330801532573266,14.410417556762695,2060238,0.0,0.0
2023-01-17,14.446603403859523,14.808491988519902,14.395939646174364,14.62031078338623,4964170,0.0,0.0
2023-01-18,14.822972713741557,14.844685758362909,14.53346085092738,14.64926528930664,4955726,0.0,0.0
2023-01-19,14.56241134276138,14.822972475220991,14.504509891369482,14.53346061706543,3399771,0.0,0.0
2023-01-20,14.475557941157929,14.540697068463567,13.983387977300291,14.200521469116211,10637936,0.0,0.0
2023-01-23,14.063004000863389,14.265662131068833,14.005101020633878,14.077479362487793,4507771,0.0,0.0
2023-01-24,14.099190782610878,14.2801358495594,13.976148689229301,14.164331436157227,4244686,0.0,0.0
2023-01-25,14.164333966159793,14.193284691248522,13.939962779258158,14.01233959197998,6530458,0.0,0.0
2023-01-26,13.86034422098265,14.03405160726442,13.563594741806174,13.947197914123535,9387505,0.0,0.0
2023-01-27,13.918249044838083,13.990627395676375,13.759018513472341,13.903775215148926,6992856,0.0,0.0
2023-01-30,13.889297733746588,14.352515478669545,13.838633963903398,14.222235679626465,7292270,0.0,0.0
2023-01-31,14.280137588981784,14.461081144238799,14.019578010521814,14.113669395446777,7802553,0.0,0.0
2023-02-01,13.997867060027785,14.258428239711954,13.860349554316093,14.229475975036621,7831661,0.0,0.0
2023-02-02,14.120905718036319,14.200520199849356,13.72282717404411,13.744540214538574,8222733,0.0,0.0
2023-02-03,13.679403219124989,14.366990610307498,13.505695800707937,13.983388900756836,18572587,0.0,0.0
2023-02-06,14.099191936544706,14.157094914850662,13.802443965638698,13.816919326782227,4018931,0.0,0.0
2023-02-07,13.831393501179592,14.149856020208361,13.816918141278064,13.947197914123535,5010498,0.0,0.0
2023-02-08,14.070241466080017,14.164332848928792,13.80244421266816,13.932723999023438,5560777,0.0,0.0
2023-02-09,13.918247593166159,14.3669899473492,13.918247593166159,14.041291236877441,7387705,0.0,0.0
2023-02-10,13.961677333512895,14.229474637019164,13.947201969402519,14.157097816467285,4167916,0.0,0.0
2023-02-13,14.171569548827168,14.439366783704996,14.142617294293858,14.207757949829102,5085602,0.0,0.0
2023-02-14,14.217706285397528,14.43836405201939,14.077956782170553,14.364810943603516,5783643,0.282197,0.0
2023-02-15,14.357455031218244,14.570759190234314,14.210350380772544,14.541337013244629,4635980,0.0,0.0
2023-02-16,14.563400746643428,14.747282706821577,14.313322403011501,14.504559516906738,6272483,0.0,0.0
2023-02-17,14.761995956991267,14.761995956991267,14.144153569839022,14.217706680297852,6309591,0.0,0.0
2023-02-22,14.122088608290948,14.151509226827054,13.872008674856973,13.916139602661133,4625426,0.0,0.0
2023-02-23,13.938205482457048,14.107375583795841,13.842586921428357,13.908784866333008,4504771,0.0,0.0
2023-02-24,13.974982913275628,14.07795664057182,13.872009185979437,13.997048377990723,2481974,0.0,0.0
2023-02-27,13.974979692209537,14.136794621449571,13.923493619741242,14.026467323303223,2828161,0.0,0.0
2023-02-28,14.041179551371691,14.401586783850574,14.004402221664245,14.357454299926758,4850848,0.0,0.0
2023-03-01,14.386876342330025,14.526625829773863,14.107375808816759,14.41629695892334,8076525,0.0,0.0
2023-03-02,14.423651564673076,14.6222438363785,14.350100025986272,14.482494354248047,3257674,0.0,0.0
2023-03-03,14.467781773576178,14.688439495993244,14.467781773576178,14.511914253234863,3977713,0.0,0.0
2023-03-06,14.526624568650698,14.62959827641327,14.342744172280389,14.438361167907715,3935828,0.0,0.0
2023-03-07,14.475139104735934,14.548690642936752,14.21034889133644,14.320677757263184,5360908,0.0,0.0
2023-03-08,14.269193241925894,14.548692234924147,14.261838087300976,14.489850997924805,5957515,0.0,0.0
2023-03-09,14.489846572442987,14.541332639092563,14.342741966247559,14.342741966247559,3989712,0.0,0.0
2023-03-10,14.291258293788319,14.335389220265546,14.085310852976642,14.210350036621094,6571009,0.0,0.0
2023-03-13,14.114731315155193,14.114731315155193,13.761680789974925,13.769034385681152,7871212,0.0,0.0
2023-03-14,13.827876732988281,13.842587041177557,13.49689012285285,13.56308650970459,8524814,0.0,0.0
2023-03-15,13.482180480076208,13.526311406822115,13.165904162520244,13.180614471435547,13352664,0.0,0.0
2023-03-16,13.298296449666433,13.371849541520518,13.114414499343926,13.239455223083496,11313868,0.0,0.0
2023-03-17,13.246810844203132,13.386560320898123,13.180612903334206,13.37185001373291,12261107,0.0,0.0
2023-03-20,13.371850862971819,13.430692095369645,13.114415795354628,13.283587455749512,7222944,0.0,0.0
2023-03-21,13.313009630573992,13.44540396209467,13.246811685500871,13.283587455749512,8898776,0.0,0.0
2023-03-22,13.28358847640809,13.415982818101426,13.202680217018841,13.232102394104004,6932862,0.0,0.0
2023-03-23,13.276232301699784,13.541022523366703,13.17325858637802,13.283587455749512,6572453,0.0,0.0
2023-03-24,13.34978424845613,13.518954335622519,13.224745081778686,13.46746826171875,6051061,0.0,0.0
2023-03-27,13.533666722693175,13.658704335564396,13.077639400270671,13.114415168762207,7390594,0.0,0.0
2023-03-28,13.114414210182735,13.232099778004574,13.070284070531267,13.187967300415039,4958726,0.0,0.0
2023-03-29,13.210033517664632,13.504244336845295,13.195323210499419,13.37185001373291,5583886,0.0,0.0
2023-03-30,13.511600929380162,13.629284957860394,13.379206592168106,13.430692672729492,5652434,0.0,0.0
2023-03-31,13.46746912111111,13.62192891130431,13.298297464524028,13.305652618408203,6946638,0.0,0.0
2023-04-03,13.31300955429785,13.47482450109033,13.217390993573655,13.408626556396484,4534879,0.0,0.0
2023-04-04,13.482178568548399,13.629283195470316,13.393915168945076,13.46746826171875,5729427,0.0,0.0
2023-04-05,13.592509977873418,13.607220287462203,13.048220729959727,13.136484146118164,9613594,0.0,0.0
2023-04-06,13.187968015666625,13.349784511228764,13.107059767885556,13.158547401428223,5604217,0.0,0.0
2023-04-10,13.246812038041012,13.423337298557962,13.136483165733315,13.327718734741211,3669744,0.0,0.0
2023-04-11,13.393916609467116,13.849942404733737,13.283587737753399,13.73961353302002,11179104,0.0,0.0
2023-04-12,13.73225723752326,13.952914962611786,13.548375280407667,13.84994125366211,9848015,0.0,0.0
2023-04-13,13.872008644341287,13.923496285291902,13.63664057931882,13.776390075683594,8837005,0.0,0.0
2023-04-14,13.776390773119713,13.791101083100124,13.511602076220809,13.607220649719238,6403026,0.0,0.0
2023-04-17,13.717549090385612,13.827877970302954,13.541023817693295,13.688128471374512,6284371,0.0,0.0
2023-04-18,13.739613102321323,13.864652278527158,13.577798156238932,13.820521354675293,4310346,0.0,0.0
2023-04-19,13.776389804853418,13.94556147498952,13.63664031123598,13.894075393676758,8615693,0.0,0.0
2023-04-20,13.894078167507347,13.916142076706311,13.636643033671909,13.666065216064453,4321012,0.0,0.0
2023-04-24,13.643994735019128,13.769033912993716,13.533667423828819,13.710192680358887,7880878,0.0,0.0
2023-04-25,13.702838892215377,13.702838892215377,13.430693488274377,13.48953628540039,7257274,0.0,0.0
2023-04-26,13.489534795723923,13.563086335726835,13.349785311092838,13.482179641723633,7431590,0.0,0.0
2023-04-27,13.541021594275755,13.592507669091235,13.39391540612346,13.496889114379883,5346354,0.0,0.0
2023-04-28,13.541023158713022,14.225060310560687,13.541023158713022,14.070600509643555,14188025,0.0,0.0
2023-05-02,14.070600327135661,14.32803384486696,14.02646940133908,14.107376098632812,11721716,0.0,0.0
2023-05-03,14.19563976092567,14.887033629103016,14.188284606495635,14.636955261230469,14505327,0.0,0.0
2023-05-04,14.63695635370422,14.84290381036806,14.305969703771426,14.364810943603516,5964070,0.0,0.0
2023-05-05,14.423651314401548,14.739927601143528,14.254481219731723,14.644309043884277,4950616,0.0,0.0
2023-05-08,14.818549611466016,15.043186686141405,14.77362283122445,14.930868148803711,7339266,0.317459,0.0
2023-05-09,14.893428761367545,15.088113057201713,14.818549209595181,15.013235092163086,3131575,0.0,0.0
2023-05-10,15.16299311365353,15.207921480905823,14.953331631099605,15.00574779510498,6879645,0.0,0.0
2023-05-11,15.005752545601768,15.020728143848885,14.811066594920648,14.915897369384766,7263384,0.0,0.0
2023-05-12,14.953331133398448,15.118065829950902,14.818549209595181,15.013235092163086,8125409,0.0,0.0
2023-05-15,15.020725042525797,15.851881680772319,15.005749447370683,15.694636344909668,8928995,0.0,0.0
2023-05-16,15.694636743178185,15.889321071868945,15.410095667808605,15.417583465576172,9340843,0.0,0.0
2023-05-17,15.49994994789874,15.62724408945554,15.357680211656893,15.59729290008545,6313035,0.0,0.0
2023-05-18,15.597293429709291,16.226276361508603,15.544877259797866,16.13642120361328,7847881,0.0,0.0
2023-05-19,16.263712936866035,16.533278370563547,16.21878615794998,16.458398818969727,7925762,0.0,0.0
2023-05-22,16.39849998987616,16.55574533678796,16.226277460022885,16.39101219177246,6473241,0.0,0.0
2023-05-23,16.630622465040933,16.997529278503574,16.278691245588952,16.29366683959961,8106300,0.0,0.0
2023-05-24,16.248740160687085,16.27869134889848,15.851880569950698,15.949223518371582,5447233,0.0,0.0
2023-05-25,16.12144393216439,16.22627467435331,15.851880073240768,15.956710815429688,3127353,0.0,0.0
2023-05-26,16.069031025242268,16.23376415910538,15.964200272153386,16.13642120361328,4492995,0.0,0.0
2023-05-29,16.136419112555025,16.166371885794643,15.866855260534802,15.934247016906738,2621626,0.0,0.0
2023-05-30,16.001638097741523,16.046564880058614,15.806953787633605,15.949223518371582,3916830,0.0,0.0
2023-05-31,15.97168880349657,16.00163999525966,15.582318550374294,15.754539489746094,11338643,0.0,0.0
2023-06-01,15.79197880445887,15.814440609752523,15.335216819629325,15.59729290008545,10834805,0.0,0.0
2023-06-02,15.747051084493746,16.091494536687346,15.619756937675891,15.896808624267578,6658778,0.0,0.0
2023-06-05,15.964199519650704,16.09149365952967,15.859368771503219,15.971687316894531,5177482,0.0,0.0
2023-06-06,16.03159136184316,16.233763475172605,15.896807837311659,16.151397705078125,5843304,0.0,0.0
2023-06-07,16.24874264394059,16.24874264394059,16.00912834142824,16.031593322753906,4395338,0.0,0.0
2023-06-09,16.113957192999116,16.21878794206869,15.784490937904923,15.92676067352295,5531113,0.0,0.0
2023-06-12,15.971687111216674,16.495839258470355,15.949223719774466,16.450912475585938,7454810,0.0,0.0
2023-06-13,16.58569494604526,16.855260412249844,16.428449614143027,16.638111114501953,7451254,0.0,0.0
2023-06-14,16.64559880284252,17.079897395493138,16.64559880284252,16.877723693847656,8643580,0.0,0.0
2023-06-15,16.81033217663711,17.31950875012543,16.742941999593388,17.154775619506836,8684464,0.0,0.0
2023-06-16,17.18473118484629,17.282074163206435,16.990046814860335,17.13231658935547,10002999,0.0,0.0
2023-06-19,16.922649201105067,17.25960481618023,16.922649201105067,17.19221305847168,4078703,0.0,0.0
2023-06-20,17.08738062770016,17.334481047368786,16.93013375210486,17.289552688598633,5350798,0.0,0.0
2023-06-21,17.334487073649182,17.416852851017268,16.8327966778279,16.900188446044922,6190825,0.0,0.0
2023-06-22,16.907672781179947,16.922648373997948,16.518302607710734,16.727962493896484,4706084,0.0,0.0
2023-06-23,16.727962642846403,17.012503669123223,16.660572474565335,16.997528076171875,4910620,0.0,0.0
2023-06-26,16.997531568728547,16.997531568728547,16.64560030185781,16.750431060791016,3587752,0.0,0.0
2023-06-27,16.772893378535066,16.787868973602546,16.473376716983566,16.585695266723633,5254252,0.0,0.0
2023-06-28,16.52579329193138,16.600671269105998,16.20381322987854,16.256229400634766,7126842,0.0,0.0
2023-06-29,16.27120246157919,16.301155237438355,16.054054753687108,16.151397705078125,6956637,0.0,0.0
2023-06-30,16.17386095096449,16.52579218021214,16.151397559323254,16.30115509033203,9672699,0.0,0.0
2023-07-03,16.36106121653367,16.58569835788052,16.33111002081656,16.42096519470215,6558010,0.0,0.0
2023-07-04,16.42096065058636,16.59318156503591,16.391009463157538,16.503326416015625,3266340,0.0,0.0
2023-07-05,16.503330428974326,16.570722203810014,16.36106066735921,16.44342803955078,4152806,0.0,0.0
2023-07-06,16.15888776542029,16.293669722094172,15.93425064205244,16.188838958740234,10316968,0.0,0.0
2023-07-07,16.28617863441324,16.488350735223914,16.12144393095707,16.376033782958984,5882300,0.0,0.0
2023-07-10,16.376034514023864,16.42844909408741,16.158885223150005,16.24125099182129,2579853,0.0,0.0
2023-07-11,16.241250586556436,16.241250586556436,15.986662316275595,16.113956451416016,3767401,0.0,0.0
2023-07-12,16.13642003142665,16.1439078284795,15.926760127213036,15.949223518371582,6063171,0.0,0.0
2023-07-13,15.986663664943725,16.218788563911822,15.91927348657271,16.13642120361328,3825728,0.0,0.0
2023-07-14,16.08400700125567,16.151398767956284,15.964200650136585,16.016616821289062,2748614,0.0,0.0
2023-07-17,15.956715202742881,16.128936163648113,15.881835627238644,16.024106979370117,3199235,0.0,0.0
2023-07-18,16.024101935633407,16.09897990083486,15.911781814363746,16.009124755859375,4364896,0.0,0.0
2023-07-19,16.009126554179108,16.031591532996796,15.537388973484282,15.687148094177246,8180070,0.0,0.0
2023-07-20,15.732074737548828,15.874344472873359,15.634731785989757,15.732074737548828,6496350,0.0,0.0
2023-07-21,15.724588749699157,15.904297492174175,15.687149758919794,15.762027740478516,5785532,0.0,0.0
2023-07-24,15.739566680798985,16.398502536665994,15.649711502865426,16.24874496459961,6531013,0.0,0.0
2023-07-25,16.435939210184785,16.548257770044696,16.203814292256567,16.368547439575195,4699085,0.0,0.0
2023-07-26,16.36854506943852,16.72796409160018,16.316130489569346,16.57071876525879,4733971,0.0,0.0
2023-07-27,16.61564761348287,16.945113869906873,16.593182634729217,16.877723693847656,5704762,0.0,0.0
2023-07-28,16.870234400007984,17.06491870030987,16.810330439868636,17.005016326904297,4228243,0.0,0.0
2023-07-31,17.049945448093485,17.401876700376373,17.034969852685787,17.22216796875,5388905,0.0,0.0
2023-08-01,17.177239068574448,17.641488858899915,16.967577565833796,17.034969329833984,13639635,0.0,0.0
2023-08-02,17.04994219564326,17.214676887171105,16.68303541794388,16.990039825439453,5798420,0.0,0.0
2023-08-03,17.064918036048457,17.633998494918497,16.967575096319756,17.386898040771484,8168960,0.0,0.0
2023-08-04,17.394390066758863,17.821200911377737,17.394390066758863,17.60405158996582,5732426,0.0,0.0
2023-08-07,17.67500817964121,17.70527319553001,17.500981131561392,17.65230941772461,4509326,0.219424,0.0
2023-08-08,17.64474040398569,17.66743916235204,17.266422954468478,17.364784240722656,3387883,0.0,0.0
2023-08-09,17.311821444500374,17.342086457357055,16.81244231892736,17.062131881713867,5943072,0.0,0.0
2023-08-10,17.077264189065403,17.168060829936433,16.918371270060664,17.0545654296875,2889488,0.0,0.0
2023-08-11,17.04700154967346,17.16806321990135,16.933506133624835,17.145362854003906,4818184,0.0,0.0
2023-08-14,17.16805887987437,17.372349294430247,17.031864735717367,17.319385528564453,5174926,0.0,0.0
2023-08-15,17.357219972801264,17.36478622645528,17.06213287357563,17.099964141845703,3379439,0.0,0.0
2023-08-16,17.137795410115775,17.32695495818521,16.978902480021937,17.099964141845703,7265606,0.0,0.0
2023-08-17,17.15292772274198,17.168060228463755,16.95620194164015,17.0318660736084,3567976,0.0,0.0
2023-08-18,17.07726268567884,17.190758075936277,16.910801924842982,17.009164810180664,5239031,0.0,0.0
2023-08-21,17.054569205034753,17.099966733840148,16.698950419313157,16.91837501525879,4126587,0.0,0.0
2023-08-22,16.93350488213029,17.084831557891228,16.880541106789796,17.024301528930664,3743625,0.0,0.0
2023-08-23,17.03186627268544,17.1680604291327,16.918370875086158,17.039432525634766,4312790,0.0,0.0
2023-08-24,17.09239842665164,17.130229696113506,16.850275095376524,16.986469268798828,2968592,0.0,0.0
2023-08-25,16.978900379450266,17.236156178579016,16.96376787401438,17.15292739868164,2510415,0.0,0.0
2023-08-28,17.20589164046508,17.425316182033136,17.168060375835893,17.30425453186035,2830161,0.0,0.0
2023-08-29,17.40261708919861,17.51611248426692,17.33451921081388,17.48584747314453,3064138,0.0,0.0
2023-08-30,17.51611321118619,17.62204235786997,17.379919052124023,17.379919052124023,4833405,0.0,0.0
2023-08-31,17.40261683032202,17.46314685166637,17.062130650182063,17.221023559570312,4750636,0.0,0.0
2023-09-01,17.3118195585594,17.47828031785588,17.228589178911157,17.463146209716797,3995378,0.0,0.0
2023-09-04,17.47827860905424,17.606904887107227,17.33451662098268,17.53124237060547,1925029,0.0,0.0
2023-09-05,17.561513277637836,17.58421204021484,17.334522445148483,17.34208869934082,5359797,0.0,0.0
2023-09-06,17.38748282431156,17.440446588416684,16.93350128997374,16.971332550048828,4008265,0.0,0.0
2023-09-08,16.948636355568013,16.99403387451936,16.593017647037506,16.729211807250977,4494328,0.0,0.0
2023-09-11,16.79730715034423,17.092394185648303,16.661111407355534,16.971332550048828,3801842,0.0,0.0
2023-09-12,17.02429899233327,17.35721730873105,17.001598631495852,17.205890655517578,2396649,0.0,0.0
2023-09-13,17.20589216512659,17.372351337930258,17.145360536514705,17.190759658813477,4463220,0.0,0.0
2023-09-14,17.251289567300024,17.372349605734033,17.14535882695172,17.25885581970215,2671288,0.0,0.0
2023-09-15,17.31182045247209,17.652306637677025,17.19075880462318,17.48584747314453,7476807,0.0,0.0
2023-09-18,17.516117121365195,17.606912178768834,17.31182503548746,17.455585479736328,4185137,0.0,0.0
2023-09-19,17.478280201721915,17.705269375270156,17.357216957569275,17.591773986816406,5395682,0.0,0.0
2023-09-20,17.599344437877964,18.242485660338193,17.599344437877964,18.204652786254883,7090402,0.0,0.0
2023-09-21,18.11385472324884,18.507304683402882,18.060889349686935,18.295446395874023,6846648,0.0,0.0
2023-09-22,18.340848289403983,18.446779061803372,18.144124064067313,18.181955337524414,4063593,0.0,0.0
2023-09-25,18.219788544794334,18.40894651887035,18.11385937383346,18.12142562866211,3509204,0.0,0.0
2023-09-26,18.14411991401359,18.197083684739273,17.87173160070558,17.901996612548828,4389005,0.0,0.0
2023-09-27,17.8641665218546,18.17438612035563,17.811201144288415,18.00792694091797,4455554,0.0,0.0
2023-09-28,18.015491006561234,18.159251408166234,17.667438579677963,17.864164352416992,6039618,0.0,0.0
2023-09-29,17.932264899165194,18.28031740900173,17.932264899165194,18.01549530029297,4988501,0.0,0.0
2023-10-02,18.05332374572754,18.28788080034578,17.932262091839398,18.05332374572754,3190903,0.0,0.0
2023-10-03,18.128989059496533,18.454342776526712,18.09115779124635,18.15925407409668,4571542,0.0,0.0
2023-10-04,18.19708263873102,18.36354340101913,17.939826846132263,18.06845474243164,4492217,0.0,0.0
2023-10-05,18.06845284618961,18.1138519599397,17.73553295991185,17.803630828857422,3533424,0.0,0.0
2023-10-06,17.561510740874485,17.93982820592216,17.531245728476932,17.780935287475586,4731415,0.0,0.0
2023-10-09,17.773367526806872,17.864164159657417,17.55394299881776,17.796066284179688,3726960,0.0,0.0
2023-10-10,17.87173398963763,17.962529037304034,17.65230941772461,17.65230941772461,4274683,0.0,0.0
2023-10-11,17.780937157479705,17.780937157479705,17.569078841697056,17.584211349487305,4337121,0.0,0.0
2023-10-13,17.59177732241616,17.992795185891246,17.55394605354476,17.841466903686523,7346931,0.0,0.0
2023-10-16,17.841464797192476,17.939827688004236,17.74310190638072,17.833898544311523,3746514,0.0,0.0
2023-10-17,17.78093286876219,18.174382786488245,17.629606223999737,17.894428253173828,5994067,0.0,0.0
2023-10-18,17.85660223269014,18.000362667567696,17.493417216671197,17.5463809967041,6819873,0.0,0.0
2023-10-19,17.561507377206173,17.644737748717215,17.417746992493722,17.53124237060547,3888388,0.0,0.0
2023-10-20,17.417751200917127,17.576644127321146,17.08483123779297,17.08483123779297,4091701,0.0,0.0
2023-10-23,17.077261681618268,17.152925805127634,16.782174646314196,16.971332550048828,5677987,0.0,0.0
2023-10-24,17.039433401575124,17.09996342828138,16.645981814546573,16.74434471130371,5910631,0.0,0.0
2023-10-25,16.46438864768222,16.918370220514817,16.40385702307019,16.759475708007812,9222299,0.0,0.0
2023-10-26,16.804876128730825,17.009166569638946,16.630849097433426,16.79730987548828,7235831,0.0,0.0
2023-10-27,16.865405375577325,17.084829916193716,16.608149570495826,16.645980834960938,5617438,0.0,0.0
2023-10-30,16.76031439284561,16.882988211942823,16.47663169390556,16.484298706054688,6873423,0.260237,0.0
2023-10-31,16.49196614890444,16.652975032952153,16.33862427720608,16.407629013061523,3860613,0.0,0.0
2023-11-01,16.33862443475315,16.69131188035807,16.315623397483293,16.599306106567383,6137608,0.0,0.0
2023-11-03,16.721984536837855,16.92133016418409,16.53797456327431,16.744985580444336,3940828,0.0,0.0
2023-11-06,16.798654402543225,17.205011000993306,16.798654402543225,17.12067222595215,2796498,0.0,0.0
2023-11-07,16.99033152997156,17.358353063578623,16.99033152997156,17.17434310913086,2859825,0.0,0.0
2023-11-08,17.182009295031673,17.611368542575594,17.182009295031673,17.565364837646484,3716406,0.0,0.0
2023-11-09,17.46569226965174,17.573032082954448,17.243347254287,17.32768440246582,3038807,0.0,0.0
2023-11-10,17.39668744208948,17.573030359333107,17.343018353057907,17.35835075378418,1838593,0.0,0.0
2023-11-13,17.44268731899101,17.465688354247114,17.19733969350366,17.220340728759766,1778711,0.0,0.0
2023-11-14,17.304684575837772,17.481029147458333,17.013334794088493,17.396690368652344,3933828,0.0,0.0
2023-11-16,17.404354937487632,17.695704678304597,17.38902091162478,17.65736961364746,3659411,0.0,0.0
2023-11-17,17.703371783288063,17.88738334402185,17.596031976978583,17.74170684814453,3628970,0.0,0.0
2023-11-20,17.803047764964095,17.84138283668597,17.37368846283246,17.54236602783203,5341243,0.0,0.0
2023-11-21,17.557694081220273,17.741703987573985,17.51935902254473,17.672700881958008,2943483,0.0,0.0
2023-11-22,17.657369567244174,18.0330580740309,17.588364826331308,17.948720932006836,4873957,0.0,0.0
2023-11-23,17.941052125863695,18.025390891806925,17.764709205849325,17.895050048828125,1767934,0.0,0.0
2023-11-24,17.887382542960346,17.895049555588283,17.51169405005754,17.596031188964844,3858280,0.0,0.0
2023-11-27,17.688039901136758,17.70337392893783,17.54236501231501,17.634370803833008,3050694,0.0,0.0
2023-11-28,17.634370401706615,17.81838035583496,17.427357781689633,17.81838035583496,3999822,0.0,0.0
2023-11-29,17.833715151352656,18.071395836508923,17.63437116118752,17.96405601501465,5114266,0.0,0.0
2023-11-30,17.73403936714935,17.818378132319143,17.044000094387105,17.3046817779541,16566676,0.0,0.0
2023-12-01,16.96732949861293,16.96732949861293,16.215952447767975,16.22361946105957,20873134,0.0,0.0
2023-12-04,16.100944671795734,16.30795726785311,15.870931037223395,16.024272918701172,11636169,0.0,0.0
2023-12-05,16.02427229866714,16.223617874172827,15.962936198333868,16.20061683654785,6585119,0.0,0.0
2023-12-06,16.215952075079123,16.399963639271174,16.139280319213867,16.139280319213867,4306791,0.0,0.0
2023-12-07,16.246617576650134,16.3309563323887,15.71758725590629,15.824925422668457,9011321,0.0,0.0
2023-12-08,15.824930974331371,15.924603788860072,15.679256072194834,15.901602745056152,5573664,0.0,0.0
2023-12-11,15.870927471185013,16.0626059984975,15.840259426722527,16.0549373626709,4438445,0.0,0.0
2023-12-12,16.062606951598273,16.093274997880496,15.916930482335564,15.98593521118164,3809952,0.0,0.0
2023-12-13,16.016607345339786,16.53797238875956,15.932270196538528,16.499635696411133,6238153,0.0,0.0
2023-12-14,16.484302478545256,16.75265121459961,16.484302478545256,16.75265121459961,6366363,0.0,0.0
2023-12-15,16.78332027874737,16.990331271260008,16.530303955078125,16.530303955078125,5719539,0.0,0.0
2023-12-18,16.246616820946006,16.346289595871504,15.909263438394735,16.146944046020508,8675576,0.0,0.0
2023-12-19,16.131614565847308,16.445967002260698,16.131614565847308,16.31562614440918,5753202,0.0,0.0
2023-12-20,16.315625616371257,16.530303618130237,16.22361983006799,16.307958602905273,4029930,0.0,0.0
2023-12-21,16.54563876460419,16.71431468041728,16.40763090171867,16.675979614257812,5546556,0.0,0.0
2023-12-22,16.78021537496821,16.934659416746864,16.695272951998916,16.9114933013916,4727860,0.139501,0.0
2023-12-26,16.973269065145015,17.035047007151334,16.880602970321405,16.88832664489746,2413536,0.0,0.0
2023-12-27,16.888326364346852,17.050490800315483,16.795660271062623,16.95782470703125,3008143,0.0,0.0
2023-12-28,16.91921529672636,17.158601760864258,16.91921529672636,17.158601760864258,4087035,0.0,0.0
2024-01-02,17.150880626813215,17.220378976366604,16.780216217041016,16.780216217041016,4862958,0.0,0.0
2024-01-03,16.780213476880935,17.127711713389886,16.741603288989538,17.01959991455078,3708073,0.0,0.0
2024-01-04,17.065935159968628,17.119989427398888,16.88832664489746,16.88832664489746,2960037,0.0,0.0
2024-01-05,16.90377123250167,17.089101791381836,16.77249330631467,17.089101791381836,3034363,0.0,0.0
2024-01-08,17.09682540915456,17.2976016998291,16.934660950607853,17.2976016998291,3764956,0.0,0.0
2024-01-09,17.297600939270332,17.32848909451693,17.01188059412373,17.042770385742188,2807941,0.0,0.0
2024-01-10,17.20493644330462,17.25899072003234,16.996439739554276,17.18177032470703,2873379,0.0,0.0
2024-01-11,17.081379204192732,17.220377527980386,17.011879224113045,17.1199893951416,2829717,0.0,0.0
2024-01-12,17.282155708068526,17.567874397771636,17.23582347829129,17.351654052734375,3899165,0.0,0.0
2024-01-15,17.38254625578778,17.498376846313477,17.266714028890103,17.498376846313477,1697719,0.0,0.0
2024-01-16,17.374821302212094,17.47520779716362,17.011878967285156,17.011878967285156,4579653,0.0,0.0
2024-01-17,17.119991038771907,17.17404694766177,16.926938429121538,17.08138084411621,4961614,0.0,0.0
2024-01-18,17.10454679829026,17.10454679829026,16.60260772705078,16.60260772705078,4676532,0.0,0.0
2024-01-19,16.60260768259959,16.980992494730557,16.463609347160855,16.79566192626953,4103811,0.0,0.0
2024-01-22,16.926939381624887,16.926939381624887,16.56399862232248,16.594886779785156,2673288,0.0,0.0
2024-01-23,16.695271345262952,16.880601886640815,16.610327294096802,16.826547622680664,2473641,0.0,0.0
2024-01-24,16.87288313379126,16.973271279918436,16.69527459554467,16.80338478088379,2642180,0.0,0.0
2024-01-25,16.896048693879262,17.050491094435973,16.79566056078729,16.81882667541504,1980579,0.0,0.0
2024-01-26,16.841993857131804,17.158602352886156,16.834271818433297,16.934659957885742,1572176,0.0,0.0
2024-01-29,16.965545954370487,16.965545954370487,16.409551056950825,16.633493423461914,5188703,0.0,0.0
2024-01-30,16.602607200801547,16.702995339141836,16.50994110107422,16.50994110107422,2705507,0.0,0.0
2024-01-31,16.563995373581463,16.749325918380137,16.432719093740673,16.440441131591797,3608528,0.0,0.0
2024-02-01,16.517664542056874,16.54082902119577,16.231944208309663,16.29372215270996,3002366,0.0,0.0
2024-02-02,16.293722166188893,16.394108666818255,16.14700179812803,16.22422218322754,3038140,0.0,0.0
2024-02-05,16.216497959207867,16.502216618313124,15.838113214100083,16.363218307495117,7105178,0.0,0.0
2024-02-06,16.370945417986206,16.749330280347735,16.370945417986206,16.656665802001953,3088913,0.0,0.0
2024-02-07,16.579441593960972,16.91921621247791,16.5022195690888,16.672107696533203,4929062,0.0,0.0
2024-02-08,16.664388100448086,16.99644072878924,16.571721984292303,16.695276260375977,5731093,0.0,0.0
2024-02-09,16.69527440464354,16.76477439312826,16.502220153808594,16.502220153808594,2815162,0.0,0.0
2024-02-14,16.525386016022622,16.548550494370172,16.270553844995202,16.378664016723633,2106011,0.0,0.0
2024-02-15,16.46361043826657,16.718441009521484,16.394110447755242,16.718441009521484,4115144,0.0,0.0
2024-02-16,16.75270885364346,16.994035093649007,16.698216576701586,16.853910446166992,2877934,0.156634,0.0
2024-02-19,16.85390738202856,16.885045820334195,16.628150405050334,16.76049041748047,1992467,0.0,0.0
2024-02-20,16.737136527952345,16.94732428501423,16.589227296906685,16.93175506591797,3852614,0.0,0.0
2024-02-21,16.92397287083873,16.99403436676727,16.737138915766455,16.8616943359375,3616860,0.0,0.0
2024-02-22,16.86169542551074,17.149729337758703,16.86169542551074,17.04074478149414,3656967,0.0,0.0
2024-02-23,17.087449884571225,17.204220684108147,16.846123675503677,16.877262115478516,3828172,0.0,0.0
2024-02-26,16.9083994862508,17.243142643706662,16.822768781734855,17.14194107055664,2381872,0.0,0.0
2024-02-27,17.212005291258887,17.601240739773903,17.165297631304345,17.40662384033203,4460442,0.0,0.0
2024-02-28,17.43776241760488,17.749151768647504,17.422193197497442,17.593456268310547,4564543,0.0,0.0
2024-02-29,17.59345843203234,17.71022924683041,17.391055246480622,17.570104598999023,6941861,0.0,0.0
2024-03-01,17.577884705993817,17.679086272838596,17.422190876033962,17.515607833862305,4369674,0.0,0.0
2024-03-04,17.593457031854168,17.593457031854168,17.35991542084448,17.523395538330078,2284327,0.0,0.0
2024-03-05,17.523392965800284,17.601239058287707,17.297635998324516,17.359912872314453,2962148,0.0,0.0
2024-03-06,17.398838849850364,17.429978941722823,17.141943402098832,17.243144989013672,3817951,0.0,0.0
2024-03-07,17.22757379874886,17.507824695779377,17.134158482703228,17.41440773010254,3294892,0.0,0.0
2024-03-08,17.406621282137806,17.640161197219197,16.838336588053433,17.157508850097656,8479263,0.0,0.0
2024-03-11,17.12637325407461,17.39105329806155,17.0329579324072,17.212005615234375,4497439,0.0,0.0
2024-03-12,17.250930692134904,17.554535472107762,17.09523682143758,17.422195434570312,3313335,0.0,0.0
2024-03-13,17.28985152212081,17.733579201606958,17.243142216637807,17.655733108520508,3944938,0.0,0.0
2024-03-14,17.7102265311401,17.788074278945455,17.523394245890994,17.7491512298584,4460776,0.0,0.0
2024-03-15,17.764720276191838,18.13060188293457,17.601240172358533,18.13060188293457,11948693,0.0,0.0
2024-03-18,18.208449643408986,18.659963648177914,18.00604647238194,18.574331283569336,13669188,0.0,0.0
2024-03-19,18.566544817219523,19.298308024393748,18.566544817219523,19.01805877685547,9057316,0.0,0.0
2024-03-20,19.010275699980927,19.27495574951172,18.901289506121543,19.27495574951172,4241464,0.0,0.0
2024-03-21,19.220463688411915,19.633052987841765,19.165969766068283,19.313879013061523,6981301,0.0,0.0
2024-03-22,19.31387892240949,19.383942065199207,18.776734209669954,19.041414260864258,4957170,0.0,0.0
2024-03-25,18.94799668336831,19.134830625101085,18.62882272025453,18.815656661987305,3676632,0.0,0.0
2024-03-26,18.792305013880416,19.306095938861073,18.706672643173142,19.150402069091797,6858647,0.0,0.0
2024-03-27,19.383939181340683,19.7108977163303,19.345014485745732,19.578556060791016,5658100,0.0,0.0
2024-03-28,19.578557933416377,19.726468821488396,19.407294865163596,19.6641902923584,3558199,0.0,0.0
2024-04-01,19.66419036693136,19.703115066396947,19.33723179942929,19.516281127929688,3481096,0.0,0.0
2024-04-02,19.516281594513387,19.555206294909564,19.150399968429717,19.531850814819336,3888833,0.0,0.0
2024-04-03,19.422868164280587,19.58634665693021,19.041417248343723,19.22046661376953,3656856,0.0,0.0
2024-04-04,19.22046553884811,19.601916433451997,19.127048555573488,19.399513244628906,2979146,0.0,0.0
2024-04-05,19.376157115724098,19.415080166797505,19.041413927598796,19.212677001953125,3498205,0.0,0.0
2024-04-08,19.251601838378722,19.524066497076074,19.095906333724802,19.42286491394043,3439433,0.0,0.0
2024-04-09,19.407296039482116,19.695331573486328,19.360588377031828,19.695331573486328,3695186,0.0,0.0
2024-04-10,19.64862348996723,19.757609692130476,19.391728031165098,19.61748504638672,5328022,0.0,0.0
2024-04-11,19.485144539660883,19.65640928896849,19.306096828619182,19.62527084350586,3778177,0.0,0.0
2024-04-12,19.492925671825006,19.67975794507445,19.360585663797572,19.40729331970215,3352998,0.0,0.0
2024-04-15,19.383940856588623,19.383940856588623,18.947996105592814,19.033628463745117,5429679,0.0,0.0
2024-04-16,18.994705414417364,19.306093108301873,18.885719226668414,19.033628463745117,5033718,0.0,0.0
2024-04-17,19.072552017044814,19.18932281774486,18.877935115632262,18.963565826416016,3780399,0.0,0.0
2024-04-18,19.025843196270166,19.0569816346561,18.67553081553486,18.870147705078125,4715195,0.0,0.0
2024-04-19,18.800088209951593,19.165969848632812,18.714455845689198,19.165969848632812,6912308,0.0,0.0
2024-04-22,19.127046056420824,19.150399886780175,18.706670511427344,18.753379821777344,4956504,0.0,0.0
2024-04-23,18.667747534627285,18.698885975229516,18.325219739108828,18.582115173339844,3900387,0.0,0.0
2024-04-24,18.582116491454286,18.698887301627046,18.301867206892236,18.356359481811523,3796620,0.0,0.0
2024-04-25,18.20066600743585,18.20845061830512,17.920416716879288,18.099464416503906,5919074,0.0,0.0
2024-04-26,18.115031550515877,18.278511659192617,17.92819926155409,17.97490692138672,5479785,0.0,0.0
2024-04-29,17.974909037841638,18.013832092285156,17.842569003102213,18.013832092285156,4786076,0.0,0.0
2024-04-30,18.021617932596065,18.115033261082342,17.80364553353189,17.935985565185547,3099801,0.0,0.0
2024-05-02,18.03718376159668,18.161739159116905,17.920412973319525,18.03718376159668,2820051,0.0,0.0
2024-05-03,18.177314294965605,18.286300509478583,18.06832808045263,18.161745071411133,3485651,0.0,0.0
2024-05-06,18.192128467801545,18.32618389177985,18.010759954541708,18.058073043823242,8647246,0.268711,0.0
2024-05-07,18.285180330230798,18.441314874052633,17.868818761682416,18.35457420349121,7586413,0.0,1.1
2024-05-08,18.085674935831893,18.927070650969203,18.085674935831893,18.62347412109375,7267556,0.0,0.0
2024-05-09,18.55408239182885,18.98779248651685,18.41529462680411,18.805633544921875,4928901,0.0,0.0
2024-05-10,18.83165449330377,18.84032872780825,18.510709487652203,18.675519943237305,4504196,0.0,0.0
2024-05-13,18.779608547479988,18.89237359280293,18.675519407426773,18.79695701599121,2226949,0.0,0.0
2024-05-14,18.788280193844496,18.961764855060995,18.554077572216105,18.606122970581055,2820021,0.0,0.0
2024-05-15,18.666845144023135,18.753585815429688,18.449989287971487,18.753585815429688,3991621,0.0,0.0
2024-05-16,18.82297790926628,18.92706871032715,18.606123744736763,18.92706871032715,4623477,0.0,0.0
2024-05-17,18.875025551408644,18.918396723668128,18.458663968731724,18.50203514099121,5183623,0.0,0.0
2024-05-20,18.580102801602475,18.935744734513076,18.52805739615008,18.753585815429688,4730133,0.0,0.0
2024-05-21,18.779608246736874,18.779608246736874,18.510708660133304,18.571428298950195,4944455,0.0,0.0
2024-05-22,18.47601156683718,18.545405439181735,18.12904554714255,18.215787887573242,5295430,0.0,0.0
2024-05-23,18.250484540599214,18.267833010004626,17.903516823505164,17.990259170532227,4884562,0.0,0.0
2024-05-24,17.99025683491585,18.24180793762207,17.912188732726822,18.24180793762207,4025456,0.0,0.0
2024-05-27,18.233133704045514,18.32855027338766,18.111696104987672,18.24180793762207,1562066,0.0,0.0
2024-05-28,18.35457350722365,18.371921974880657,17.998931591269155,18.120370864868164,3432687,0.0,0.0
2024-05-29,17.929539886923116,18.0596534100712,17.7387083906535,17.955562591552734,3026162,0.0,0.0
2024-05-31,17.89483988704733,17.98158222097807,17.504502726386885,17.625940322875977,7258264,0.0,0.0
2024-06-03,17.712684544425233,17.825449590552424,17.48715612318497,17.582571029663086,3106558,0.0,0.0
2024-06-04,17.487155707976026,17.573896378077123,17.40908760097236,17.53052520751953,3942939,0.0,0.0
2024-06-05,17.521854432342256,17.573898171307793,17.17488670349121,17.17488670349121,4184026,0.0,0.0
2024-06-06,17.218256649475077,17.452459306653054,17.044771961925363,17.409088134765625,8506220,0.0,0.0
2024-06-07,17.296323958198446,17.40908732887163,17.183558916511203,17.34836769104004,5654889,0.0,0.0
2024-06-10,17.296324550862845,17.3570425197609,17.1748852710385,17.31367301940918,2492478,0.0,0.0
2024-06-11,17.313673896341516,17.825450402351482,17.21825731450385,17.643291473388672,4229173,0.0,0.0
2024-06-12,17.643288537961485,17.877491165219386,17.200905983253662,17.79075050354004,8492383,0.0,0.0
2024-06-13,17.677988851597057,17.842799315230938,17.617269207100364,17.73870849609375,3467128,0.0,0.0
2024-06-14,17.65196648146019,17.66931495164528,17.331023125064537,17.660640716552734,4548939,0.0,0.0
2024-06-17,17.56522336097604,17.78207922878891,17.504505389002638,17.643291473388672,3493085,0.0,0.0
2024-06-18,17.565223414471998,17.851473160856774,17.530526475516268,17.73003387451172,3700236,0.0,0.0
2024-06-19,17.721356637385426,17.834121669886674,17.565220438537544,17.79075050354004,2342392,0.0,0.0
2024-06-20,17.756059301525735,17.99893624044553,17.721362357249415,17.83412742614746,4141404,0.0,0.0
2024-06-21,17.920861620962782,18.05964934776876,17.738704400543792,17.860143661499023,6992129,0.0,0.0
2024-06-24,17.955565060100128,17.964239296169207,17.70401388511125,17.83412742614746,4413700,0.0,0.0
2024-06-25,17.825448042977342,17.894840240478516,17.712683006640216,17.894840240478516,3186045,0.0,0.0
2024-06-26,17.747382322980243,18.241810360485687,17.747382322980243,18.077001571655273,4337849,0.0,0.0
2024-06-27,18.26783136410665,18.814304759112495,18.120371058460748,18.51938247680664,8350680,0.0,0.0
2024-06-28,18.467334855804864,18.606122581878633,18.302526102106107,18.597448348999023,5171099,0.0,0.0
2024-07-01,18.7535870551814,19.12657748123357,18.606126734332157,18.90972328186035,8134136,0.0,0.0
2024-07-02,18.996463651631082,19.100552787562485,18.69286713572091,18.822978973388672,4013639,0.0,0.0
2024-07-03,18.91839989998376,19.11790565485938,18.493364011493302,18.614803314208984,5415216,0.0,0.0
2024-07-04,18.736236466493427,18.81430289302697,18.449986775486206,18.606122970581055,4087066,0.0,0.0
2024-07-05,18.62347544258894,18.62347544258894,18.129047393798828,18.129047393798828,6326236,0.0,0.0
2024-07-08,18.137718555531738,18.250481919457602,17.964233886393554,18.1030216217041,4341182,0.0,0.0
2024-07-09,18.04230540422191,18.094350814819336,17.894843407529212,18.094350814819336,3924658,0.0,0.0
2024-07-10,18.111695821788135,18.146392755551837,17.955559619851467,18.059650421142578,3971522,0.0,0.0
2024-07-11,18.05965122806866,18.224459999796142,18.05097699424016,18.120370864868164,2081408,0.0,0.0
2024-07-12,18.172414779663086,18.293852372303295,18.050975516008986,18.172414779663086,2110496,0.0,0.0
2024-07-15,18.198437986091385,18.597449378616396,18.05965025233386,18.449987411499023,4017174,0.0,0.0
2024-07-16,18.502036300750436,18.649498295676022,18.3892729168216,18.528059005737305,2692761,0.0,0.0
2024-07-17,18.64949420623637,18.840325663280506,18.502032243646077,18.6928653717041,3081308,0.0,0.0
2024-07-18,18.70154181070067,18.736238747167466,18.502034426016607,18.571428298950195,2333504,0.0,0.0
2024-07-19,18.606123393177565,18.89237141967239,18.58010069340404,18.65816879272461,2237655,0.0,0.0
2024-07-22,18.588774273470943,19.109224908625436,18.588774273470943,19.07452964782715,4786087,0.0,0.0
2024-07-23,19.039835604741874,19.21331861910962,18.6494967336468,18.840328216552734,4549747,0.0,0.0
2024-07-24,18.658168694393453,18.85767438725845,18.649494461181327,18.83165168762207,3474905,0.0,0.0
2024-07-25,18.72756451305077,18.857676353787163,18.571428298950195,18.571428298950195,3178470,0.0,0.0
2024-07-26,18.56275571657601,18.59745265613019,18.371924220042246,18.389272689819336,3256644,0.0,0.0
2024-07-29,18.536730289148597,19.117900599287648,18.38926998871722,18.979114532470703,6479352,0.0,0.0
2024-07-30,18.979115164627714,19.369452348250597,18.788282018753904,19.126575469970703,7167263,0.0,0.0
2024-07-31,19.169948190904186,19.308734273575727,18.94441976217907,19.161273956298828,4276340,0.0,0.0
2024-08-01,19.01381361163711,19.20464510166595,18.90972279652274,19.117902755737305,5286340,0.0,0.0
2024-08-02,19.07453021756161,19.221990511153844,18.762257821925058,18.83165168762207,4071815,0.0,0.0
2024-08-05,18.64082103629524,18.64082103629524,18.328550298131535,18.588775634765625,4379663,0.0,0.0
2024-08-06,18.45411490048017,18.49817941853076,18.19854069578675,18.295482635498047,4532072,0.333857,0.0
2024-08-07,18.410049404429643,18.410049404429643,18.136851104756673,18.163288116455078,2871228,0.0,0.0
2024-08-08,18.18091488707886,18.427676188141973,17.995845609009056,18.277856826782227,2977177,0.0,0.0
2024-08-09,18.410050391407385,18.49817942755154,18.207353608275824,18.40123748779297,3466320,0.0,0.0
2024-08-12,18.498174581900727,18.498174581900727,18.180910134890112,18.251413345336914,3785480,0.0,0.0
2024-08-13,18.392422647672806,18.392422647672806,18.224977496628913,18.242603302001953,3056967,0.0,0.0
2024-08-14,18.32192135526323,18.647997091269076,18.242605222733488,18.40123748779297,4999096,0.0,0.0
2024-08-15,18.55105322193807,18.55105322193807,18.277854936035208,18.365983963012695,3111103,0.0,0.0
2024-08-16,18.55105324856389,18.577491956695084,18.348358183952097,18.506990432739258,4377946,0.0,0.0
2024-08-19,18.630371844975514,18.833066936482417,18.480554176747173,18.762563705444336,4957989,0.0,0.0
2024-08-20,18.83306304922571,19.50284021038632,18.78018563686136,19.344209671020508,5991320,0.0,0.0
2024-08-21,19.388277807619144,19.723164753107945,19.335400385364846,19.520469665527344,3652564,0.0,0.0
2024-08-22,19.52046774909428,19.64384669118063,19.37946300132025,19.46759033203125,2772248,0.0,0.0
2024-08-23,19.46759129110508,19.679099272049786,19.38827685933048,19.511655807495117,2301689,0.0,0.0
2024-08-26,19.50284193732834,19.5469064515338,19.25608235550516,19.43233871459961,2634585,0.0,0.0
2024-08-27,19.38827800694907,19.441153732019433,19.185581219557005,19.379465103149414,1991316,0.0,0.0
2024-08-28,19.291333211580376,19.43233795378988,19.256081601596172,19.353023529052734,1993235,0.0,0.0
2024-08-29,19.300147020379097,19.326585729108764,18.930006795891096,19.079824447631836,3091913,0.0,0.0
2024-08-30,18.965256706647786,19.026947021484375,18.718495447301432,19.026947021484375,10572983,0.0,0.0
2024-09-02,19.062197856833393,19.079823661927346,18.87712860107422,18.87712860107422,1902234,0.0,0.0
2024-09-03,18.91238118169127,19.10626334994587,18.789000539702712,18.974071502685547,4438546,0.0,0.0
2024-09-04,19.106265082048765,19.388278003588844,19.000511934198798,19.326587677001953,2880217,0.0,0.0
2024-09-05,19.326586718342988,19.38827704186985,19.203206071289266,19.282522201538086,1771338,0.0,0.0
2024-09-06,19.220829946742192,19.282520264070538,18.947631667729688,19.14151382446289,3127970,0.0,0.0
2024-09-09,19.097449297005166,19.21201702909591,19.00932197004729,19.07101058959961,2031211,0.0,0.0
2024-09-10,19.52927988874804,19.80247816850325,19.291333218990577,19.388275146484375,6278867,0.0,0.0
2024-09-11,19.37064933031433,19.485215365013616,19.097449352989358,19.335397720336914,6104238,0.0,0.0
2024-09-12,19.229643802926766,19.326585734964933,19.079824453413234,19.115076065063477,3672259,0.0,0.0
2024-09-13,19.229641912055744,19.40589825524809,19.11507418545802,19.220829010009766,3378046,0.0,0.0
2024-09-16,19.27370736159506,19.335397678923407,19.01813488753351,19.14151382446289,1869611,0.0,0.0
2024-09-17,19.141512083794137,19.141512083794137,18.8947525346476,19.000507354736328,2822344,0.0,0.0
2024-09-18,18.956444709394123,19.062197842149047,18.753747950969814,18.806625366210938,3591964,0.0,0.0
2024-09-19,18.8154411287229,18.9476346869193,18.656810556614797,18.762563705444336,4088278,0.0,0.0
2024-09-20,18.727307468241918,18.727307468241918,18.38360769720757,18.524612426757812,10392698,0.0,0.0
2024-09-23,18.427672362968558,18.471736871868735,18.242601425587818,18.348356246948242,3585904,0.0,0.0
2024-09-24,18.45411376483631,18.63918303153232,18.34835892802292,18.551054000854492,3891227,0.0,0.0
2024-09-25,18.59511868999373,18.59511868999373,18.28666877746582,18.28666877746582,3694075,0.0,0.0
2024-09-26,18.427675068387842,18.912381341996525,18.304294425353486,18.639183044433594,5923650,0.0,0.0
2024-09-27,18.69206237255853,18.69206237255853,18.51580429307341,18.568681716918945,2407032,0.0,0.0
2024-09-30,18.683247738654778,18.859504104092274,18.410049438476562,18.410049438476562,5380775,0.0,0.0
2024-10-01,18.46292590267273,18.57749194007807,18.401235583755128,18.418861389160156,6199683,0.0,0.0
2024-10-02,18.595117392159683,18.98288340597509,18.595117392159683,18.753747940063477,4970614,0.0,0.0
2024-10-03,18.50699025086389,18.692059508236138,18.36598380888325,18.647994995117188,4795480,0.0,0.0
2024-10-04,18.506990071718338,18.877128582879937,18.506990071718338,18.788999557495117,4805479,0.0,0.0
2024-10-07,18.78900147037694,18.938820828784035,18.647996713133058,18.84187889099121,3842444,0.0,0.0
2024-10-08,18.639183802371708,18.789001462992424,18.612745092074967,18.77137565612793,4961221,0.0,0.0
2024-10-09,18.683248713239646,18.77137605169171,18.401237495192476,18.48936653137207,5897693,0.0,0.0
2024-10-10,18.454114114861746,18.498178631036446,18.02228355407715,18.02228355407715,8252811,0.0,0.0
2024-10-11,18.031096635950803,18.119225669173318,17.66976929746596,17.757898330688477,7146760,0.0,0.0
2024-10-14,17.75789833275774,17.810774054969936,17.53757744740325,17.775524139404297,5123629,0.0,0.0
2024-10-15,17.81077291975813,18.039908391558882,17.696206881585123,17.94296646118164,6007278,0.0,0.0
2024-10-16,17.934154505975204,17.969406118884,17.73145942947708,17.898902893066406,5173119,0.0,0.0
2024-10-17,17.890090014436165,18.269043155999288,17.705020744137993,18.09278678894043,5956677,0.0,0.0
2024-10-18,18.06634411564114,18.32191655578372,18.03109251041774,18.251413345336914,6244426,0.0,0.0
2024-10-21,18.207354547615044,18.41886424527306,18.207354547615044,18.269044876098633,3364411,0.0,0.0
2024-10-22,18.07516080197487,18.480552649207958,18.07516080197487,18.30429458618164,3154028,0.0,0.0
2024-10-23,18.286666844445122,18.36598296441226,18.11922340001953,18.180912017822266,2361885,0.0,0.0
2024-10-24,18.17209928398985,18.17209928398985,17.995842935712464,18.004655838012695,3564391,0.0,0.0
2024-10-25,18.05753406631884,18.471738795385683,18.05753406631884,18.365983963012695,4550555,0.0,0.0
2024-10-28,18.418861355732368,18.621556419794988,18.242603302001953,18.242603302001953,5494804,0.0,0.0
2024-10-29,18.295478980251858,18.34835639134821,18.11040973914182,18.11922264099121,3768007,0.0,0.0
2024-10-30,18.25141526966854,18.542239345697457,18.17209914955322,18.321918487548828,5161302,0.0,0.0
2024-10-31,18.383609771728516,18.78018699774413,18.348358160931152,18.383609771728516,6700744,0.0,0.0
2024-11-01,18.374794795502734,18.568676935282003,18.313104483568868,18.524612426757812,8995767,0.0,0.0
2024-11-04,18.63918163546405,19.502840978236677,18.551052611387053,19.423524856567383,9671255,0.0,0.0
2024-11-05,19.48521709333953,19.731976687341536,19.220831692785417,19.476404190063477,3784268,0.0,0.0
2024-11-06,19.21201993095597,19.670287533082895,19.21201993095597,19.379465103149414,9333107,0.0,0.0
2024-11-07,19.22964296798317,19.361836505931787,18.559865771164812,18.700870513916016,7043033,0.0,0.0
2024-11-08,18.621556419794988,18.621556419794988,18.004656627193246,18.242603302001953,6007581,0.0,0.0
2024-11-11,18.286666878608685,18.348357194253936,18.110410531635235,18.321918487548828,5345829,0.0,0.0
2024-11-12,18.36633120016638,18.55456527974276,18.088461022334695,18.330476760864258,5704480,0.346083,0.0
2024-11-13,18.285655329400388,18.823470092691707,18.240837288562826,18.46492576599121,3152513,0.0,0.0
2024-11-14,18.42907440702827,18.572490421431063,18.36632914526975,18.38425636291504,4841536,0.0,0.0
2024-11-18,18.240838526993027,18.464927019635514,18.240838526993027,18.42011070251465,2697306,0.0,0.0
2024-11-19,18.429072311355593,18.55456109384306,18.36632705673218,18.455963134765625,2885065,0.0,0.0
2024-11-21,18.572489433666085,19.038593614135166,18.455964251928545,18.689016342163086,7225641,0.0,0.0
2024-11-22,18.751761644999355,19.34335634371259,18.689016386429277,19.262683868408203,6484604,0.0,0.0
2024-11-25,19.083412217830116,19.253720781417872,18.993777858490805,19.06548500061035,4371179,0.0,0.0
2024-11-26,19.074451446533203,19.190978375794977,18.913108194315125,19.074451446533203,1958289,0.0,0.0
2024-11-27,19.101339387585373,19.28061155933754,18.886214508242272,19.083412170410156,4985764,0.0,0.0
2024-11-28,19.08341288812717,19.675009350399456,18.95792408994059,19.459882736206055,6816389,0.0,0.0
2024-11-29,19.459883249893796,19.952878300248255,19.397137985764417,19.908061981201172,8905069,0.0,0.0
2024-12-02,19.719827356208082,20.23074961039261,19.683972920579755,20.051477432250977,6123731,0.0,0.0
2024-12-03,20.15007817687245,20.454839168783685,20.006660426909683,20.302457809448242,5836992,0.0,0.0
2024-12-04,20.33831046146112,20.840269088745117,20.29349241853228,20.840269088745117,5717408,0.0,0.0
2024-12-05,21.01954341599238,21.037470635002336,20.598257222777846,20.822345733642578,4393096,0.0,0.0
2024-12-06,20.741669770356953,20.813378634373393,20.410018001040314,20.69685173034668,5714580,0.0,0.0
2024-12-09,20.696855599570927,21.09125269863348,20.55343957148618,20.956798553466797,4628022,0.0,0.0
2024-12-10,21.234668518784257,21.234668518784257,20.55343937022294,20.75063705444336,3401983,0.0,0.0
2024-12-11,20.61618204788953,21.180884200852244,20.454837095534916,20.947832107543945,7196856,0.0,0.0
2024-12-12,20.696852937358422,20.98368668339253,20.50861888509711,20.89405059814453,6003440,0.0,0.0
2024-12-13,20.894050366142846,20.96575923354501,20.57136391635205,20.687889099121094,4534900,0.0,0.0
2024-12-16,20.696852797307358,21.180884200852244,20.61618204788953,20.947832107543945,5060807,0.0,0.0
2024-12-17,20.97695938823251,21.75488811817063,20.877456207598453,21.429243087768555,8764477,0.210095,0.0
2024-12-18,21.347831320168936,21.492561464372784,20.949820374089935,21.130733489990234,10129391,0.0,0.0
2024-12-19,21.212144685310356,21.393057797023065,20.877453947447222,21.04027557373047,7129994,0.0,0.0
2024-12-20,20.995049894795045,21.447333573201757,20.72367933923461,21.139780044555664,16492189,0.0,0.0
2024-12-23,21.139779273610337,21.16691650243492,20.68749561169793,21.067413330078125,6680039,0.0,0.0
2024-12-26,21.04932180367322,21.28451111970015,20.886500173621148,21.130733489990234,3537525,0.0,0.0
2024-12-27,21.230236090056504,21.257373318097567,20.87745386810462,20.99504852294922,3849211,0.0,0.0
2024-12-30,21.07645956467581,21.166916996201202,20.89554644420703,20.986003875732422,4229173,0.0,0.0
2025-01-02,20.98600535131486,21.004096838892,20.714634780239898,20.83222770690918,4772553,0.0,0.0
2025-01-03,20.832225349742853,21.013140205043726,20.425170410479733,20.506580352783203,6100400,0.0,0.0
2025-01-06,20.506580352126136,20.524671837655642,20.117615155823643,20.334712982177734,4716498,0.0,0.0
2025-01-07,20.32566800869125,20.578947073108445,20.189981862084544,20.407079696655273,5425619,0.0,0.0
2025-01-08,20.3618527882462,20.63322336296192,20.13570919049798,20.171892166137695,5635396,0.0,0.0
2025-01-09,20.14475168369339,20.217117623295284,19.91860986501932,19.963838577270508,3992126,0.0,0.0
2025-01-10,19.963839105549354,20.0814337605142,19.791971737028792,19.990976333618164,3999499,0.0,0.0
2025-01-13,19.891474906614434,20.0814337605142,19.819108965097605,19.990976333618164,3017880,0.0,0.0
2025-01-14,19.9909756232235,20.02715859269612,19.602010443974624,19.620101928710938,3630546,0.0,0.0
2025-01-15,19.819110976400115,19.819110976400115,19.113546460172053,19.52060317993164,8384212,0.0,0.0
2025-01-16,19.520601882174855,19.629149055667515,19.204000876957185,19.421098709106445,6645194,0.0,0.0
2025-01-17,19.49346485474937,19.719606689661543,19.27636702035498,19.529647827148438,6769828,0.0,0.0
2025-01-20,19.538691890434947,20.19902585220059,19.466325951858384,19.981929779052734,3471370,0.0,0.0
2025-01-21,20.000022563687576,20.14475270766625,19.837200933888827,20.08143424987793,2688317,0.0,0.0
2025-01-22,20.117617550751614,20.18093775764293,19.592967893102138,19.719608306884766,4149484,0.0,0.0
2025-01-23,19.611057363209635,19.945748108334488,19.611057363209635,19.90956687927246,3996570,0.0,0.0
2025-01-24,19.93670244416027,20.054297102467626,19.710560613074247,19.95479393005371,2497528,0.0,0.0
2025-01-27,19.90052225254956,20.325668708048184,19.90052225254956,20.180936813354492,3023435,0.0,0.0
2025-01-28,20.180935758331945,20.24425595895017,19.990976899059223,20.12666130065918,3051311,0.0,0.0
2025-01-29,20.23520824962978,20.253299733762645,19.981929214351457,20.018112182617188,3031212,0.0,0.0
2025-01-30,20.09048015071704,20.624175501440764,20.027159949849015,20.4251708984375,4800126,0.0,0.0
2025-01-31,20.425170980860376,20.560855383543142,20.29853057861328,20.29853057861328,3750837,0.0,0.0
2025-02-03,20.30757680577331,20.533718644023903,20.14475342757383,20.388988494873047,3751948,0.0,0.0
2025-02-04,20.370896745104975,20.407079717570515,19.421098945630554,19.638195037841797,5470463,0.0,0.0
2025-02-05,19.64724221045054,19.674379441774143,19.384917383571167,19.547739028930664,4427739,0.0,0.0
2025-02-06,19.54773757076598,19.67437797416271,19.375870194452407,19.529647827148438,3371279,0.0,0.0
2025-02-07,19.529649687445573,19.62010538447761,19.09545571987962,19.23114013671875,3422587,0.0,0.0
2025-02-10,19.1678199699845,19.40300754952091,19.1497284836677,19.33968734741211,3029192,0.0,0.0
2025-02-11,19.41205276525589,19.493464451469546,19.10449924880847,19.140682220458984,3351685,0.0,0.0
2025-02-12,19.01404080542146,19.466326184344798,18.778853244820613,19.023086547851562,5255030,0.0,0.0
2025-02-13,18.941678421797786,19.149728775024414,18.941678421797786,19.149728775024414,4055958,0.0,0.0
2025-02-14,19.194955935686778,19.53869418428038,19.014042810587977,19.430145263671875,4347040,0.0,0.0
2025-02-17,19.52060229632444,19.52060229632444,19.086408365396025,19.21304702758789,3442181,0.0,0.0
2025-02-18,19.28541187358131,19.28541187358131,19.004995593009596,19.222091674804688,3929001,0.0,0.0
2025-02-19,19.13163700416016,19.321595867972178,19.050225315705582,19.16781997680664,2877490,0.0,0.0
2025-02-20,19.249228033358943,19.285411002454047,18.73362420891735,18.93263053894043,3071006,0.0,0.0
2025-02-21,18.896447569845325,19.050223445917695,18.679349755274693,18.93263053894043,3859210,0.0,0.0
2025-02-24,18.95072283616755,19.059270005525956,18.805990953580473,18.94167709350586,2478439,0.0,0.0
2025-02-25,18.941675785085977,19.12258888324112,18.842172622680664,18.842172622680664,3010103,0.0,0.0
2025-02-26,18.824083953265145,18.986907334274438,18.31752406604051,18.55271339416504,7554901,0.0,0.0
2025-02-27,18.552711732051247,18.778853553944572,18.435117078524137,18.59794044494629,4101105,0.0,0.0
2025-02-28,18.58889577556142,18.643168491586913,17.883331298828125,17.883331298828125,8532985,0.0,0.0
2025-03-05,18.18183775285476,18.53461996549822,17.78382682800293,17.78382682800293,5535103,0.0,0.0
2025-03-06,17.905465026561117,18.104919455699633,17.742276785589716,18.068655014038086,7122520,0.043973,0.0
2025-03-07,17.95079464122456,18.259040632745155,17.851067431863182,18.050521850585938,3441979,0.0,0.0
2025-03-10,18.041456265066643,18.086786816094012,17.70601193396964,17.96892738342285,4112215,0.0,0.0
2025-03-11,17.96892630951835,17.97799241918199,17.597217559814453,17.597217559814453,3475006,0.0,0.0
2025-03-12,17.687879918396803,17.69694602870727,17.26177448031046,17.361501693725586,6972737,0.0,0.0
2025-03-13,17.3705693765782,17.615352630615234,17.316172709790923,17.615352630615234,3429859,0.0,0.0
2025-03-14,17.63348270030334,17.869199814434435,17.524689380009526,17.760406494140625,3134333,0.0,0.0
2025-03-17,17.86919921317379,18.132114648531793,17.787604225698928,17.987058639526367,3856584,0.0,0.0
2025-03-18,18.077719234471527,18.13211414477142,17.842000388315295,18.03238868713379,4134334,0.0,0.0
2025-03-19,18.13211557786966,18.31343778155167,17.968927341061374,18.04145622253418,3556311,0.0,0.0
2025-03-20,18.068654574341874,18.132115599199707,17.905464590836093,18.005191802978516,3615295,0.0,0.0
2025-03-21,18.041457048655026,18.059589269853504,17.633483818194872,17.742277145385742,8627622,0.0,0.0
2025-03-24,17.706009942147254,17.760404850755457,17.479357212507512,17.54281997680664,3670946,0.0,0.0
2025-03-25,17.633483278606043,17.65161549924967,17.279906722560852,17.325237274169922,5727306,0.0,0.0
2025-03-26,17.27990908055077,17.479361788342135,17.23457852275596,17.35243797302246,4511569,0.0,0.0
2025-03-27,17.52468991096401,17.542822131562342,17.352435561785427,17.39776611328125,4133728,0.0,0.0
2025-03-28,17.452160161470275,17.633482358444688,17.234575271606445,17.234575271606445,4904964,0.0,0.0
2025-03-31,17.19831437298621,17.352436509988284,16.917264938354492,16.917264938354492,7861840,0.0,0.0
2025-04-01,16.953527912039206,17.298038345865894,16.93539569202172,16.98072624206543,4624891,0.0,0.0
2025-04-02,17.062321170803976,17.22550940386916,16.989792290994792,17.089519500732422,5643274,0.0,0.0
2025-04-03,16.92633128248463,17.062322946277895,16.690614145081966,16.808473587036133,6349466,0.0,0.0
2025-04-04,16.772208661791673,16.926330796493197,16.482094867201496,16.81753921508789,6870626,0.0,0.0
2025-04-07,16.72687658786173,16.962593697067497,16.391432270470446,16.418630599975586,7267657,0.0,0.0
2025-04-08,16.58181929631999,16.763141498114663,16.31890385022322,16.445829391479492,5925771,0.0,0.0
2025-04-09,16.44582975344957,17.062321760109338,16.3551686505568,16.899131774902344,7316339,0.0,0.0
2025-04-10,16.89913168914551,16.93539613011859,16.309838016344024,16.50929069519043,5688724,0.0,0.0
2025-04-11,16.590883985597994,16.627148422851313,16.21011088744888,16.400497436523438,6939508,0.0,0.0
2025-04-14,16.509291110620218,16.70874554099111,16.436763973354562,16.609018325805664,5219175,0.0,0.0
2025-04-15,16.609015278112317,16.609015278112317,16.264506636426187,16.30983543395996,5675998,0.0,0.0
2025-04-16,16.309837117554807,16.355167666273122,16.110384449699676,16.137582778930664,7471778,0.0,0.0
2025-04-17,16.13758367900091,16.337036357980473,16.083187017504976,16.22824478149414,6558233,0.0,0.0
2025-04-22,16.255442711790884,16.2917071518948,16.010657741089425,16.092252731323242,6599744,0.0,0.0
2025-04-23,16.246375324702196,16.46396020171674,16.119449794315585,16.400497436523438,7949811,0.0,0.0
2025-04-24,16.500225117719655,16.935396676942254,16.3914335377932,16.92633056640625,11047178,0.0,0.0
2025-04-25,16.853798825169385,16.971658242158657,16.726875045686235,16.944459915161133,7956982,0.0,0.0
2025-04-28,16.989790411017452,17.152980372530607,16.844732667450206,17.053253173828125,4977987,0.0,0.0
2025-04-29,17.134849645800738,17.24364121643882,16.953527450561523,16.953527450561523,4006973,0.0,0.0
2025-04-30,16.980726508146297,17.053255389352728,16.663414399373686,16.799406051635742,5726498,0.0,0.0
2025-05-02,16.799406244216012,17.04418947458827,16.636216259630814,17.007925033569336,4451373,0.0,0.0
2025-05-05,16.980728410699736,17.080455633532207,16.7903418227071,16.83567237854004,4187864,0.0,0.0
2025-05-06,16.935396194458008,17.02605729723514,16.79034017652014,16.935396194458008,4710842,0.0,0.0
2025-05-07,17.13485113631832,17.48842595478048,16.971661146407545,17.388700485229492,6617924,0.0,0.0
2025-05-08,17.67881221859804,18.168378638335554,17.479357809700584,17.923595428466797,9504706,0.0,0.0
2025-05-09,17.923595326551887,17.950793654883253,17.424961053648914,17.49748992919922,5364110,0.0,0.0
2025-05-12,17.479355762448858,18.005188305085518,17.479355762448858,17.606281280517578,3694075,0.0,0.0
2025-05-13,17.651616289872315,17.887333422291785,17.51562462895399,17.842002868652344,4719730,0.0,0.0
2025-05-14,17.859246812787497,18.207809644332222,17.629927997923048,17.978490829467773,8321289,0.226535,0.0
2025-05-15,17.978489579940312,18.1894628749527,17.859245571547646,18.015180587768555,7170091,0.0,0.0
2025-05-16,17.923456393170028,18.06104591743622,17.82255611287202,17.969318389892578,6226953,0.0,0.0
2025-05-19,17.850072794447843,17.950973065833384,17.684963259453323,17.739999771118164,4626810,0.0,0.0
2025-05-20,17.739999771118164,17.795036282783002,17.473991731787216,17.739999771118164,3991015,0.0,0.0
2025-05-21,17.740002254914774,17.813384280742188,17.60241272353773,17.611583709716797,2366733,0.0,0.0
2025-05-22,17.611582486901977,17.850074054282032,17.538202233218893,17.703310012817383,5010408,0.0,0.0
2025-05-23,17.70331029761612,17.795037825007174,17.547375268100595,17.639101028442383,2607517,0.0,0.0
2025-05-26,17.63910049278121,17.822555541992188,17.59323849752768,17.822555541992188,1563480,0.0,0.0
2025-05-27,17.877592056755482,17.950974076439874,17.7308280173867,17.822555541992188,7339872,0.0,0.0
2025-05-28,17.804209392786973,17.85007315343004,17.565719604492188,17.565719604492188,4560049,0.0,0.0
2025-05-29,17.51985646797565,17.76751901722177,17.455647200787972,17.547374725341797,2964451,0.0,0.0
2025-05-30,17.54737392492557,17.55654667696254,16.795211791992188,16.795211791992188,7043639,0.0,0.0
2025-06-02,16.905285099235115,17.01535812552012,16.675968061523843,16.731002807617188,7001219,0.0,0.0
2025-06-03,16.703484060260653,17.070392370047607,16.63010381194255,16.969493865966797,6910925,0.0,0.0
2025-06-04,17.097911916778397,17.125430174618852,16.850249363263544,16.98784065246582,5838002,0.0,0.0
2025-06-05,17.052048071869496,17.281366886106003,16.841076529821144,17.097911834716797,7079090,0.0,0.0
2025-06-06,17.143774668423102,17.19881118085705,16.81355736086855,16.905284881591797,4307751,0.0,0.0
2025-06-09,16.85942175635107,17.162120819091797,16.822730746679564,17.162120819091797,4155039,0.0,0.0
2025-06-10,17.27219410375814,17.27219410375814,16.951149531429767,17.042875289916992,3970714,0.0,0.0
2025-06-11,16.99701195234087,17.00618470417036,16.694311141967773,16.694311141967773,4637516,0.0,0.0
2025-06-12,16.67596781480172,16.850248336791992,16.556722038090545,16.850248336791992,2982631,0.0,0.0
2025-06-13,16.78604034852266,16.99701366181957,16.657623577043374,16.868595123291016,3752958,0.0,0.0
2025-06-16,16.84107661065006,17.134602927232336,16.84107661065006,16.98784065246582,4133526,0.0,0.0
2025-06-17,17.097913117506494,17.12543137727946,16.510860443115234,16.510860443115234,4706398,0.0,0.0
2025-06-18,16.60258671678877,16.712657980485044,16.45582444284399,16.547550201416016,4085147,0.0,0.0
2025-06-20,16.556723528587508,16.565896281467978,16.116433157374214,16.143951416015625,10431987,0.0,0.0
2025-06-23,16.15312419633517,16.23567897239964,16.061398434423943,16.19898796081543,7401886,0.0,0.0
2025-06-24,16.22650465466849,16.41913244690914,16.098087893557178,16.244850158691406,5274523,0.0,0.0
2025-06-25,16.22650619193986,16.263197203461743,16.00636188985786,16.143951416015625,6821742,0.0,0.0
2025-06-26,16.254023007962918,16.538376554970544,16.171468239365794,16.40995979309082,4017477,0.0,0.0
2025-06-27,16.327405024493697,16.666795083899405,16.263195760029266,16.40995979309082,3906478,0.0,0.0
2025-06-30,16.409961047216548,17.01535919576454,16.35492453061232,16.92363166809082,8629238,0.0,0.0
2025-07-01,17.042875371789307,17.052048124387017,16.85024933428662,16.932804107666016,4761746,0.0,0.0
2025-07-02,17.26302172683601,17.620755550113778,17.162121446550383,17.418956756591797,8553387,0.0,0.0
2025-07-03,17.290537953171192,18.116080302799965,17.290537953171192,17.92345428466797,7099290,0.0,0.0
2025-07-04,17.905109686114276,18.152772226813106,17.82255491686495,17.840900421142578,3652463,0.0,0.0
2025-07-07,17.840899736529934,17.914281750824543,17.308883666992188,17.308883666992188,4702560,0.0,0.0
2025-07-08,17.409785422078446,17.446474665307054,17.061220824438955,17.097911834716797,4666099,0.0,0.0
2025-07-09,16.997013718455833,17.35474930992813,16.932804448977603,16.978668212890625,3943949,0.0,0.0
2025-07-10,16.841075638190006,17.272193219080382,16.75852086943563,17.180465698242188,3345221,0.0,0.0
2025-07-11,17.162119922799935,17.23550193831057,16.905284635561816,17.0245304107666,1841533,0.0,0.0
2025-07-14,17.061220859679946,17.473992959109026,17.015358863787146,17.428129196166992,4856989,0.0,0.0
2025-07-15,17.48316480335688,17.730827343327284,17.446473794909537,17.510683059692383,3702054,0.0,0.0
2025-07-16,17.648273520785303,17.648273520785303,17.327230713752055,17.483165740966797,4776189,0.0,0.0
2025-07-17,17.464819299133207,17.666618078544438,17.32722978450482,17.510683059692383,3533485,0.0,0.0
2025-07-18,17.428128902824753,17.53820193203294,17.152948096853493,17.2171573638916,5152414,0.0,0.0
2025-07-21,17.189637825642105,17.38226561240208,17.16211957039068,17.198810577392578,3583581,0.0,0.0
2025-07-22,17.263020085843632,17.373093108419148,17.079565048217773,17.079565048217773,3467431,0.0,0.0
2025-07-23,17.0795647704679,17.41895481750744,17.015357275392102,17.143774032592773,4946778,0.0,0.0
2025-07-24,16.987839329678952,17.281365623405307,16.969493825880487,17.134601593017578,3166956,0.0,0.0
2025-07-25,17.13460363460032,17.464820975268903,17.125430881608157,17.409786224365234,3184328,0.0,0.0
2025-07-28,17.318058875641913,17.428130145650236,17.125431060791016,17.125431060791016,4857393,0.0,0.0
2025-07-29,17.26302244614776,17.272195199283207,16.97866886599825,17.01535987854004,2738514,0.0,0.0
2025-07-30,16.97866657777972,17.48316439813933,16.841075299291223,17.134601593017578,5021821,0.0,0.0
2025-07-31,17.079567582901156,17.189640621811996,16.731004726732856,17.061222076416016,3751140,0.0,0.0
2025-08-01,17.171295499624247,17.189641006519963,16.804387128759316,16.88694190979004,5133527,0.0,0.0
2025-08-04,16.969496666511002,17.024533187119307,16.54755177556338,16.831905364990234,4195237,0.0,0.0
2025-08-05,16.859423392159275,16.896114405390776,16.400789260864258,16.400789260864258,4552474,0.0,0.0
2025-08-06,16.50168638724379,16.712657928466797,16.41913338149084,16.712657928466797,5278563,0.0,0.0
2025-08-07,16.758521727803203,17.318057866526367,16.685139707374038,17.042875289916992,5915469,0.0,0.0
2025-08-08,17.143775742540086,17.40061281665691,16.941976951354686,17.37309455871582,3857190,0.0,0.0
2025-08-11,17.448340314352496,17.448340314352496,17.06720941226209,17.141576766967773,3226748,0.24846,0.0
2025-08-12,17.14157477104573,17.336787263641874,16.92776865116194,17.10439109802246,5452788,0.0,0.0
2025-08-13,17.0765037552569,17.0765037552569,16.75114839922953,16.825515747070312,5864868,0.0,0.0
2025-08-14,16.76973876282781,17.048614501953125,16.658189541643218,17.048614501953125,2730030,0.0,0.0
2025-08-15,16.955656637522242,17.169462760326347,16.751148223876953,16.751148223876953,3814265,0.0,0.0
2025-08-18,16.825515069592814,16.964952050403816,16.69537400688761,16.741851806640625,3680743,0.0,0.0
2025-08-19,16.834811400619767,16.834811400619767,16.648894824719644,16.713964462280273,3605700,0.0,0.0
2025-08-20,16.741852217281693,16.86269915562119,16.713964462280273,16.713964462280273,1654178,0.0,0.0
2025-08-21,16.713963990376655,16.76044358073338,16.5652310920111,16.6674861907959,3050806,0.0,0.0
2025-08-22,16.732557049152128,17.206647114656104,16.69537516492587,17.085800170898438,4354009,0.0,0.0
2025-08-25,17.08580058346325,17.141576097313582,16.93706587986237,17.057912826538086,2796488,0.0,0.0
2025-08-26,17.085800912119737,17.12298458873521,16.88129248151082,16.992841720581055,4906277,0.0,0.0
2025-08-27,16.918473139515207,17.178758856933637,16.890587174853568,17.07650375366211,4513387,0.0,0.0
2025-08-28,17.14157577009032,17.346084192861433,17.04861658211431,17.122983932495117,5082320,0.0,0.0
2025-08-29,17.122984600482592,17.290309354590832,17.057913166360873,17.206647872924805,5099591,0.0,0.0
2025-09-01,17.290306570424946,17.336786158741816,16.964951242982764,17.048614501953125,2932030,0.0,0.0
2025-09-02,17.020728479149998,17.1601672582748,16.87199557219295,16.9742488861084,4448141,0.0,0.0
2025-09-03,17.076503902918926,17.31819599471535,16.909177368830278,16.93706512451172,4081208,0.0,0.0
2025-09-04,16.974248823944222,17.29030826469354,16.909177393924292,17.15087127685547,4465917,0.0,0.0
2025-09-05,17.197350546013908,17.373971204824482,17.113687280420255,17.2159423828125,5934053,0.0,0.0
2025-09-08,17.15087109994061,17.383267271124225,17.132279262983836,17.327491760253906,5230083,0.0,0.0
2025-09-09,17.24382924148847,17.597072331520224,17.234533323572478,17.48552131652832,5296440,0.0,0.0
2025-09-10,17.53200121838471,17.55988897262942,17.169462203979492,17.169462203979492,4333001,0.0,0.0
2025-09-11,17.281012255122647,17.448338788578525,17.1043915939175,17.364675521850586,4065856,0.0,0.0
2025-09-12,17.178758299928123,17.411154463597583,17.15087054539467,17.24382972717285,7842549,0.0,0.0
2025-09-15,17.448338282711674,17.45763420096749,17.04861558848756,17.10439109802246,4498439,0.0,0.0
2025-09-16,17.150870510897665,17.271715656190242,16.99283990219262,17.0300235748291,4365119,0.0,0.0
2025-09-17,17.011432498241327,17.225238625449677,17.011432498241327,17.15087127685547,5553081,0.0,0.0
2025-09-18,17.16016826535068,17.16016826535068,16.82551696658761,16.992841720581055,5221296,0.0,0.0
2025-09-19,17.01143173851086,17.076503165624704,16.955656229556137,17.0300235748291,11312101,0.0,0.0
2025-09-22,17.02072738817636,17.039319224201325,16.75114755659035,16.918472290039062,4587723,0.0,0.0
2025-09-23,16.927769059575336,16.974248651975827,16.78833207314992,16.825515747070312,4410064,0.0,0.0
2025-09-24,16.85340317981891,16.94636057206398,16.760443996797818,16.890586853027344,4367745,0.0,0.0
2025-09-25,16.95565596208899,16.992839634138917,16.797627146652758,16.918472290039062,4481168,0.0,0.0
2025-09-26,16.983543716126434,16.983543716126434,16.797627146652758,16.918472290039062,4128072,0.0,0.0
2025-09-29,17.011432506696696,17.03002434385449,16.621007507935186,16.648895263671875,6779726,0.0,0.0
2025-09-30,16.723261463670394,16.76974105834961,16.57452855147304,16.76974105834961,7453699,0.0,0.0
2025-10-01,16.7697394811802,16.98354380582047,16.751147645057046,16.955656051635742,4317851,0.0,0.0
2025-10-02,16.93706547984107,16.93706547984107,16.74185297675161,16.83481216430664,6482887,0.0,0.0
2025-10-03,16.844107321291823,17.08579940722834,16.77903589294614,16.96495246887207,4244525,0.0,0.0
2025-10-06,16.9370663332943,16.964954090966064,16.52804946899414,16.52804946899414,7026368,0.0,0.0
2025-10-07,16.546639957444597,16.713964699047402,16.360721588134766,16.360721588134766,6173423,0.0,0.0
2025-10-08,16.45368020907081,16.518751636099843,16.27705955505371,16.27705955505371,6749426,0.0,0.0
2025-10-09,16.323539646017537,16.425792957992115,16.12832535894817,16.28635597229004,4168876,0.0,0.0
2025-10-10,16.286356120890034,16.407201270830978,16.14691734313965,16.14691734313965,5634285,0.0,0.0
2025-10-13,16.26776413542629,16.33283377367337,16.211988624835044,16.28635597229004,3017981,0.0,0.0
2025-10-14,16.221284866333008,16.360721854812137,16.20269302909898,16.221284866333008,4166149,0.0,0.0
2025-10-15,16.2305813693591,16.425793876569262,16.15621401774527,16.267765045166016,12868814,0.0,0.0
2025-10-16,16.267763379631596,16.425792194855457,16.165508281631713,16.41649627685547,4185440,0.0,0.0
2025-10-17,16.453681194557724,16.500160788076627,16.081846237182617,16.081846237182617,5938497,0.0,0.0
2025-10-20,16.100438418933027,16.397906033039888,16.02607106771228,16.230581283569336,6516924,0.0,0.0
2025-10-21,16.23987593697978,16.32353920058366,16.072549409772012,16.10043716430664,5674079,0.0,0.0
2025-10-22,16.09114035882996,16.490863027675434,16.09114035882996,16.37001609802246,4889107,0.0,0.0
2025-10-23,16.472271147646424,16.593118076971475,16.397903806523313,16.54663848876953,7776192,0.0,0.0
2025-10-24,16.611710274567987,16.797626840654868,16.565230685352283,16.69537353515625,8299069,0.0,0.0
2025-10-27,16.82551464335334,16.862698314834564,16.51875114440918,16.51875114440918,4165139,0.0,0.0
2025-10-28,16.50016087988463,16.946361398596576,16.481569042373625,16.83481216430664,4138677,0.0,0.0
2025-10-29,16.75114966487732,16.964954015297693,16.667488183011372,16.70467185974121,3360977,0.0,0.0
2025-10-30,16.704670334722486,16.769739972283116,16.583823396382993,16.713964462280273,3767906,0.0,0.0
2025-10-31,16.723261463670394,16.76974105834961,16.5652326325372,16.76974105834961,3935465,0.0,0.0
2025-11-03,16.871995073954995,16.871995073954995,16.62100706971822,16.713964462280273,3792449,0.0,0.0
2025-11-04,16.713965948207964,17.336788950392062,16.686079981503408,17.206647872924805,7167667,0.0,0.0
2025-11-05,17.20664760030825,17.373972351765456,17.16016800524343,17.346084594726562,4521063,0.0,0.0
2025-11-06,17.38326778014121,17.42974737389416,17.07650425214785,17.085800170898438,3654685,0.0,0.0
2025-11-07,17.085798492205942,17.206645424090308,16.964951560321577,16.983543395996094,4475310,0.0,0.0
2025-11-10,17.163467824885828,17.248342610432246,16.88055550648063,16.889986038208008,6777807,0.258207,0.0
2025-11-11,17.059734291660487,17.08802588767027,16.739098020257735,16.852264404296875,6763869,0.0,0.0
2025-11-12,16.852264026000114,17.31435645037067,16.83340296241698,17.3049259185791,9350075,0.0,0.0
2025-11-13,17.314355344681587,17.465243843710965,16.908846136956118,16.99371910095215,5612974,0.0,0.0
2025-11-14,16.99371946706568,17.059733186813236,16.899415969848633,16.899415969848633,2952836,0.0,0.0
2025-11-17,16.899415821247853,17.09745516204108,16.814541039461606,17.050302505493164,3865674,0.0,0.0
2025-11-18,16.993720460304797,17.08802577974178,16.823972702026367,16.823972702026367,4246444,0.0,0.0
2025-11-19,16.82397188655895,17.00315016809621,16.701374977233215,16.776819229125977,4163523,0.0,0.0
2025-11-21,16.786249603756684,16.786249603756684,16.550488135502885,16.569347381591797,4621255,0.0,0.0
2025-11-24,16.66365190643198,16.748526684998804,16.343015670776367,16.343015670776367,9569649,0.0,0.0
2025-11-25,16.409030164525785,16.710805352568897,16.333585913338,16.569347381591797,4877997,0.0,0.0
2025-11-26,16.62593110761349,16.852263868495747,16.62593110761349,16.710805892944336,4487531,0.0,0.0
2025-11-27,16.710805999923444,16.767389190506243,16.673083872868247,16.739097595214844,2300679,0.0,0.0
2025-11-28,16.72023522519867,16.82397106649474,16.625929914929518,16.729665756225586,3875471,0.0,0.0
2025-12-01,16.710805999923444,16.83340291285284,16.62593121404925,16.739097595214844,4486319,0.0,0.0
2025-12-02,16.823971502764692,17.00314978021447,16.757957783864455,16.842832565307617,6263414,0.0,0.0
2025-12-03,16.918277585619116,17.08802533952455,16.85226386371386,17.069164276123047,4511569,0.0,0.0
2025-12-04,17.07859507761513,17.33321762084961,17.031442418366503,17.33321762084961,5942840,0.0,0.0
2025-12-05,17.446382973893567,17.77644975245539,17.323786067079055,17.587839126586914,9723573,0.0,0.0
2025-12-08,17.682145258137414,17.795311638897676,17.399231122944858,17.634992599487305,4390773,0.0,0.0
2025-12-09,17.870755116374205,18.332847517654283,17.72929714656927,17.767019271850586,9105251,0.0,0.0
2025-12-10,17.870756325254806,18.181960246461244,17.729298345880842,18.134807586669922,6170696,0.0,0.0
2025-12-11,18.06879546108743,18.144237899132754,17.69157600402832,17.69157600402832,7756497,0.0,0.0
2025-12-12,17.78588000765642,17.88961585027378,17.550116728980605,17.682144165039062,6252203,0.0,0.0
2025-12-15,17.833032893936192,18.153667323664482,17.55954748713664,18.09708595275879,8551367,0.0,0.0
2025-12-16,18.21782112121582,18.346534729003906,17.910890579223633,18.049503326416016,7593180,0.902914,0.0
2025-12-17,18.009899139404297,18.287128448486328,17.871286392211914,18.168315887451172,8314118,0.0,0.0
2025-12-18,18.1200008392334,18.969999313354492,18.1200008392334,18.59000015258789,11509400,0.0,1.01
2025-12-19,18.670000076293945,18.75,18.290000915527344,18.290000915527344,10024200,0.0,0.0
2025-12-22,18.350000381469727,18.709999084472656,18.260000228881836,18.510000228881836,5635100,0.0,0.0
2025-12-23,18.59000015258789,18.770000457763672,18.350000381469727,18.610000610351562,6917800,0.0,0.0
2025-12-26,18.610000610351562,18.799999237060547,18.549999237060547,18.600000381469727,3206400,0.0,0.0
2025-12-29,18.579999923706055,18.729999542236328,18.579999923706055,18.719999313354492,2929800,0.0,0.0
2025-12-30,18.799999237060547,18.8700008392334,18.670000076293945,18.760000228881836,4410900,0.0,0.0
2026-01-02,18.790000915527344,19.09000015258789,18.719999313354492,19.09000015258789,3933000,0.0,0.0
2026-01-05,18.899999618530273,19.079999923706055,18.520000457763672,18.520000457763672,5641100,0.0,0.0
2026-01-06,18.540000915527344,18.770000457763672,18.520000457763672,18.520000457763672,3488000,0.0,0.0
2026-01-07,18.520000457763672,18.639999389648438,18.34000015258789,18.350000381469727,3372000,0.0,0.0
2026-01-08,18.34000015258789,18.520000457763672,18.1299991607666,18.520000457763672,4932200,0.0,0.0
2026-01-09,18.5,18.969999313354492,18.399999618530273,18.719999313354492,2812100,0.0,0.0
2026-01-12,18.700000762939453,18.920000076293945,18.59000015258789,18.84000015258789,3655300,0.0,0.0
2026-01-13,18.75,18.809999465942383,18.3799991607666,18.639999389648438,4450100,0.0,0.0
2026-01-14,18.649999618530273,19.010000228881836,18.540000915527344,19.010000228881836,3770300,0.0,0.0
2026-01-15,19.0,19.049999237060547,18.729999542236328,18.729999542236328,3202500,0.0,0.0
2026-01-16,18.780000686645508,18.81999969482422,18.540000915527344,18.610000610351562,5292800,0.0,0.0
2026-01-19,18.56999969482422,18.6200008392334,18.40999984741211,18.59000015258789,1551100,0.0,0.0
2026-01-20,18.6200008392334,18.6299991607666,18.3799991607666,18.5,3012600,0.0,0.0
2026-01-21,18.6299991607666,18.969999313354492,18.549999237060547,18.969999313354492,4719100,0.0,0.0
2026-01-22,19.0,19.780000686645508,19.0,19.280000686645508,9165400,0.0,0.0
2026-01-23,19.399999618530273,19.549999237060547,18.90999984741211,19.420000076293945,12183500,0.0,0.0
2026-01-26,19.799999237060547,19.799999237060547,19.06999969482422,19.190000534057617,9019200,0.0,0.0
2026-01-27,19.290000915527344,19.579999923706055,19.25,19.40999984741211,8485400,0.0,0.0
2026-01-28,19.450000762939453,19.729999542236328,19.34000015258789,19.59000015258789,4877800,0.0,0.0
2026-01-29,19.610000610351562,19.639999389648438,18.940000534057617,19.0,5249100,0.0,0.0
2026-01-30,19.049999237060547,19.309999465942383,19.010000228881836,19.15999984741211,7425100,0.0,0.0
2026-02-02,19.15999984741211,19.479999542236328,19.049999237060547,19.209999084472656,6987600,0.0,0.0
2026-02-03,19.209999084472656,19.459999084472656,19.030000686645508,19.25,8887700,0.0,0.0
2026-02-04,19.219999313354492,19.450000762939453,19.059999465942383,19.31999969482422,5030700,0.0,0.0
2026-02-05,19.31999969482422,19.6299991607666,19.280000686645508,19.43000030517578,4657000,0.0,0.0
2026-02-06,19.43000030517578,19.530000686645508,19.229999542236328,19.299999237060547,5768900,0.0,0.0
2026-02-09,19.350000381469727,19.969999313354492,19.350000381469727,19.81999969482422,9576800,0.0,0.0
2026-02-10,19.81999969482422,20.030000686645508,19.690000534057617,19.829999923706055,6041000,0.0,0.0
2026-02-11,19.799999237060547,21.25,19.65999984741211,21.020000457763672,15839700,0.0,0.0
2026-02-12,20.860000610351562,20.860000610351562,20.049999237060547,20.530000686645508,10279900,0.0,0.0
2026-02-13,20.100000381469727,20.489999771118164,20.09000015258789,20.389999389648438,5571200,0.0,0.0
2026-02-18,20.15999984741211,20.639999389648438,20.0,20.209999084472656,4840100,0.0,0.0
2026-02-19,20.219999313354492,20.479999542236328,20.020000457763672,20.170000076293945,5165600,0.0,0.0
2026-02-20,20.100000381469727,20.139999389648438,19.739999771118164,20.100000381469727,6319300,0.0,0.0
2026-02-23,20.110000610351562,20.209999084472656,19.920000076293945,20.0,6465400,0.0,0.0
2026-02-24,20.100000381469727,20.719999313354492,20.010000228881836,20.31999969482422,7874400,0.0,0.0
2026-02-25,20.350000381469727,20.670000076293945,20.260000228881836,20.670000076293945,4186300,0.0,0.0
2026-02-26,20.670000076293945,20.989999771118164,20.600000381469727,20.809999465942383,5370100,0.0,0.0
2026-02-27,20.899999618530273,20.899999618530273,20.5,20.559999465942383,5773700,0.0,0.0
2026-03-02,20.450000762939453,20.649999618530273,20.309999465942383,20.610000610351562,3704400,0.0,0.0
2026-03-03,20.190000534057617,20.459999084472656,19.670000076293945,19.8799991607666,7290300,0.0,0.0
2026-03-04,19.8799991607666,20.1200008392334,19.5,20.0,4954700,0.0,0.0
2026-03-05,20.0,20.040000915527344,19.649999618530273,19.690000534057617,3721400,0.0,0.0
2026-03-06,19.6299991607666,19.81999969482422,19.260000228881836,19.530000686645508,4931200,0.0,0.0
2026-03-09,19.479999542236328,19.809999465942383,19.18000030517578,19.68000030517578,4217300,0.0,0.0
2026-03-10,19.709999084472656,20.049999237060547,19.65999984741211,19.719999313354492,4757400,0.0,0.0
2026-03-11,19.600000381469727,19.940000534057617,19.489999771118164,19.75,4358700,0.0,0.0
2026-03-12,19.600000381469727,19.700000762939453,19.170000076293945,19.290000915527344,4330500,0.0,0.0
2026-03-13,19.3799991607666,19.40999984741211,19.079999923706055,19.110000610351562,2913000,0.0,0.0
2026-03-16,19.3700008392334,19.559999465942383,19.18000030517578,19.190000534057617,3157400,0.0,0.0
2026-03-17,19.190000534057617,19.420000076293945,19.149999618530273,19.280000686645508,2740800,0.0,0.0
2026-03-18,19.190000534057617,19.3700008392334,18.959999084472656,19.0,3383800,0.0,0.0
2026-03-19,18.799999237060547,18.889999389648438,18.600000381469727,18.799999237060547,4426000,0.0,0.0
2026-03-20,18.790000915527344,18.790000915527344,18.350000381469727,18.399999618530273,12367400,0.0,0.0
2026-03-23,18.559999465942383,19.100000381469727,18.450000762939453,18.899999618530273,3845800,0.0,0.0
2026-03-24,18.899999618530273,19.18000030517578,18.739999771118164,19.139999389648438,4532300,0.0,0.0
2026-03-25,19.440000534057617,19.6200008392334,19.350000381469727,19.450000762939453,4144400,0.0,0.0
2026-03-26,19.360000610351562,19.420000076293945,19.1200008392334,19.260000228881836,4213300,0.0,0.0
2026-03-27,19.200000762939453,19.34000015258789,19.1299991607666,19.209999084472656,2713000,0.0,0.0
2026-03-30,19.280000686645508,19.360000610351562,18.979999542236328,19.15999984741211,2942000,0.0,0.0
2026-03-31,19.350000381469727,19.700000762939453,19.25,19.510000228881836,7290800,0.0,0.0
2026-04-01,19.510000228881836,19.760000228881836,19.510000228881836,19.549999237060547,3991300,0.0,0.0
2026-04-02,19.399999618530273,19.479999542236328,19.100000381469727,19.31999969482422,3249500,0.0,0.0
2026-04-06,19.34000015258789,19.399999618530273,19.0,19.049999237060547,3501500,0.0,0.0
2026-04-07,19.030000686645508,19.079999923706055,18.270000457763672,18.459999084472656,10903800,0.0,0.0
2026-04-08,19.049999237060547,19.18000030517578,18.690000534057617,18.770000457763672,6194800,0.0,0.0
2026-04-09,18.920000076293945,19.25,18.84000015258789,19.040000915527344,4252600,0.0,0.0
2026-04-10,19.100000381469727,19.3799991607666,18.979999542236328,19.059999465942383,4240400,0.0,0.0
2026-04-13,18.850000381469727,19.219999313354492,18.850000381469727,19.18000030517578,3988700,0.0,0.0
2026-04-14,19.229999542236328,19.559999465942383,19.1299991607666,19.530000686645508,6070100,0.0,0.0
2026-04-15,19.530000686645508,19.549999237060547,19.079999923706055,19.15999984741211,6397700,0.0,0.0
2026-04-16,19.149999618530273,19.219999313354492,18.899999618530273,18.950000762939453,3235500,0.0,0.0
2026-04-17,19.260000228881836,19.270000457763672,18.729999542236328,18.780000686645508,5578600,0.0,0.0
2026-04-20,18.790000915527344,18.93000030517578,18.6200008392334,18.760000228881836,3701700,0.0,0.0
2026-04-22,18.760000228881836,18.90999984741211,18.65999984741211,18.700000762939453,4188500,0.0,0.0
2026-04-23,18.350000381469727,18.5,18.030000686645508,18.110000610351562,8145000,0.0,0.0
2026-04-24,18.209999084472656,18.229999542236328,17.850000381469727,17.940000534057617,7344800,0.0,0.0
2026-04-27,18.0,18.110000610351562,17.8700008392334,17.8700008392334,5692900,0.0,0.0
2026-04-28,17.829999923706055,17.979999542236328,17.760000228881836,17.81999969482422,5932700,0.0,0.0
2026-04-29,17.81999969482422,17.940000534057617,17.59000015258789,17.610000610351562,5951000,0.0,0.0
2026-04-30,17.610000610351562,17.809999465942383,17.43000030517578,17.479999542236328,12557900,0.0,0.0
2026-05-04,17.559999465942383,17.739999771118164,17.270000457763672,17.280000686645508,9111800,0.0,0.0
2026-05-05,17.299999237060547,17.489999771118164,17.260000228881836,17.399999618530273,4171000,0.0,0.0
2026-05-06,17.299999237060547,17.34000015258789,17.010000228881836,17.139999389648438,9260200,0.0,0.0
2026-05-07,17.15999984741211,17.239999771118164,17.0,17.020000457763672,4637800,0.0,0.0
2026-05-08,17.190000534057617,17.43000030517578,17.059999465942383,17.190000534057617,5112000,0.0,0.0
2026-05-11,17.200000762939453,17.34000015258789,17.0,17.0,6075400,0.0,0.0
2026-05-12,17.020000457763672,17.18000030517578,16.81999969482422,16.81999969482422,5691900,0.0,0.0
2026-05-13,16.899999618530273,16.989999771118164,16.649999618530273,16.809999465942383,6604600,0.0,0.0
2026-05-14,16.979999542236328,17.079999923706055,16.760000228881836,16.860000610351562,5987100,0.0,0.0
2026-05-15,16.809999465942383,16.93000030517578,16.420000076293945,16.43000030517578,7566200,0.0,0.0
2026-05-18,16.5,16.510000228881836,16.290000915527344,16.299999237060547,6612200,0.0,0.0
2026-05-19,16.299999237060547,16.3700008392334,16.100000381469727,16.100000381469727,6422600,0.0,0.0
2026-05-20,16.1299991607666,16.649999618530273,16.1299991607666,16.520000457763672,5337200,0.0,0.0
2026-05-21,16.520000457763672,16.600000381469727,16.40999984741211,16.510000228881836,4855000,0.0,0.0
2026-05-22,16.510000228881836,16.549999237060547,16.309999465942383,16.459999084472656,3328200,0.0,0.0
2026-05-25,16.600000381469727,16.600000381469727,16.479999542236328,16.549999237060547,2207200,0.0,0.0
2026-05-26,16.56999969482422,16.65999984741211,16.43000030517578,16.610000610351562,4610900,0.0,0.0
2026-05-27,16.809999465942383,17.1299991607666,16.709999084472656,16.780000686645508,6370500,0.0,0.0
2026-05-28,16.829999923706055,16.940000534057617,16.649999618530273,16.670000076293945,4957700,0.0,0.0
2026-05-29,16.799999237060547,16.799999237060547,16.540000915527344,16.670000076293945,8036500,0.0,0.0
2026-06-01,16.799999237060547,16.799999237060547,16.440000534057617,16.639999389648438,4199500,0.0,0.0
2026-06-02,16.75,16.90999984741211,16.6200008392334,16.90999984741211,4788200,0.0,0.0
2026-06-03,16.690000534057617,16.84000015258789,16.6299991607666,16.760000228881836,5072400,0.0,0.0
2026-06-05,16.799999237060547,17.270000457763672,16.709999084472656,17.049999237060547,6855500,0.0,0.0
2026-06-08,17.010000228881836,17.260000228881836,17.010000228881836,17.1200008392334,4846200,0.0,0.0
2026-06-09,17.149999618530273,17.219999313354492,17.0,17.040000915527344,4021100,0.0,0.0
2026-06-10,17.040000915527344,17.18000030517578,16.799999237060547,16.860000610351562,4418400,0.0,0.0
2026-06-11,16.860000610351562,16.889999389648438,16.520000457763672,16.780000686645508,4156300,0.0,0.0
2026-06-12,16.780000686645508,17.0,16.670000076293945,16.8799991607666,3078400,0.0,0.0
2026-06-15,17.09000015258789,17.329999923706055,17.040000915527344,17.110000610351562,4634900,0.0,0.0
2026-06-16,17.06999969482422,17.190000534057617,16.969999313354492,17.059999465942383,3049000,0.0,0.0
2026-06-17,17.06999969482422,17.229999542236328,16.81999969482422,16.959999084472656,4862000,0.0,0.0
2026-06-18,16.969999313354492,17.34000015258789,16.829999923706055,17.229999542236328,5173300,0.0,0.0
2026-06-19,17.280000686645508,17.3799991607666,16.889999389648438,17.1299991607666,7295600,0.0,0.0
2026-06-22,16.959999084472656,17.139999389648438,16.84000015258789,16.93000030517578,7298300,0.0,0.0
2026-06-23,16.93000030517578,16.940000534057617,16.600000381469727,16.809999465942383,7517300,0.0,0.0
2026-06-24,16.75,16.860000610351562,16.65999984741211,16.850000381469727,5097300,0.0,0.0
2026-06-25,16.93000030517578,17.3799991607666,16.93000030517578,17.049999237060547,5298000,0.0,0.0
2026-06-26,17.06999969482422,17.209999084472656,16.729999542236328,16.959999084472656,7868700,0.0,0.0
2026-06-29,16.959999084472656,17.040000915527344,16.770000457763672,16.889999389648438,4796100,0.0,0.0
2026-06-30,16.8700008392334,16.93000030517578,16.670000076293945,16.739999771118164,4730300,0.0,0.0
2026-07-01,16.65999984741211,16.959999084472656,16.610000610351562,16.920000076293945,4978800,0.0,0.0
2026-07-02,16.93000030517578,17.1299991607666,16.920000076293945,16.989999771118164,3437100,0.0,0.0
2026-07-03,16.989999771118164,17.170000076293945,16.979999542236328,17.100000381469727,2253300,0.0,0.0
2026-07-06,17.100000381469727,17.149999618530273,16.850000381469727,17.0,3784100,0.0,0.0
2026-07-07,17.0,17.209999084472656,16.940000534057617,17.170000076293945,4002400,0.0,0.0
2026-07-08,17.09000015258789,17.209999084472656,16.950000762939453,17.15999984741211,4640000,0.0,0.0
2026-07-09,17.18000030517578,17.399999618530273,17.1299991607666,17.399999618530273,5455500,0.0,0.0
2026-07-10,17.59000015258789,17.639999389648438,17.40999984741211,17.540000915527344,5591900,0.0,0.0
2026-07-13,17.549999237060547,17.700000762939453,17.440000534057617,17.479999542236328,3487000,0.0,0.0
2026-07-14,17.549999237060547,17.549999237060547,17.31999969482422,17.31999969482422,3036300,0.0,0.0
2026-07-15,17.270000457763672,17.510000228881836,17.200000762939453,17.389999389648438,3914700,0.0,0.0
2026-07-16,17.31999969482422,17.559999465942383,17.31999969482422,17.360000610351562,2518500,0.0,0.0
2026-07-17,17.399999618530273,17.639999389648438,17.34000015258789,17.579999923706055,4000400,0.0,0.0
2026-07-20,17.549999237060547,17.860000610351562,17.31999969482422,17.479999542236328,3181500,0.0,0.0
2026-07-21,17.420000076293945,17.65999984741211,17.360000610351562,17.59000015258789,3098500,0.0,0.0
2026-07-22,17.700000762939453,18.0,17.639999389648438,17.93000030517578,4310200,0.0,0.0
2026-07-23,17.81999969482422,17.920000076293945,17.40999984741211,17.65999984741211,4884400,0.0,0.0
2026-07-24,17.5,17.59000015258789,17.31999969482422,17.520000457763672,3680600,0.0,0.0
2026-07-27,17.579999923706055,17.75,17.479999542236328,17.68000030517578,3742800,0.0,0.0
2026-07-28,17.899999618530273,18.309999465942383,17.829999923706055,18.040000915527344,5010100,0.0,0.0
2026-07-29,18.09000015258789,18.170000076293945,17.940000534057617,18.020000457763672,3864500,0.0,0.0
2026-07-30,18.049999237060547,18.229999542236328,17.899999618530273,18.049999237060547,7071300,0.0,0.0
2026-07-31,18.149999618530273,18.450000762939453,18.010000228881836,18.25,7405800,0.0,0.0
2026-08-03,18.3799991607666,18.440000534057617,18.1200008392334,18.239999771118164,4178200,0.0,0.0
2026-08-04,18.440000534057617,18.540000915527344,18.059999465942383,18.25,3888600,0.0,0.0
2026-08-05,18.290000915527344,18.729999542236328,18.229999542236328,18.639999389648438,10070700,0.0,0.0
2026-08-06,18.59000015258789,18.639999389648438,17.989999771118164,18.020000457763672,5938900,0.0,0.0
2026-08-07,18.010000228881836,18.1299991607666,17.8799991607666,18.010000228881836,7569000,0.0,0.0
2026-08-10,18.0,18.100000381469727,17.81999969482422,17.860000610351562,3964800,0.0,0.0
2026-08-11,17.81999969482422,17.889999389648438,17.510000228881836,17.549999237060547,4675400,0.0,0.0
2026-08-12,17.56999969482422,17.739999771118164,17.479999542236328,17.6200008392334,4156400,0.0,0.0
2026-08-13,17.6200008392334,17.65999984741211,17.329999923706055,17.510000228881836,4609000,0.0,0.0
2026-08-14,17.389999389648438,17.760000228881836,17.350000381469727,17.549999237060547,7128900,0.0,0.0
2026-08-17,17.5,17.540000915527344,17.25,17.399999618530273,4666000,0.0,0.0
2026-08-18,17.360000610351562,17.6200008392334,17.280000686645508,17.459999084472656,2759100,0.0,0.0
2026-08-19,17.469999313354492,17.84000015258789,17.43000030517578,17.760000228881836,3721500,0.0,0.0
2026-08-20,17.760000228881836,18.469999313354492,17.690000534057617,18.329999923706055,6985000,0.0,0.0
2026-08-21,18.329999923706055,18.610000610351562,18.18000030517578,18.489999771118164,6362800,0.0,0.0
2026-08-24,18.299999237060547,18.920000076293945,18.299999237060547,18.68000030517578,6145700,0.0,0.0
2026-08-25,18.549999237060547,18.809999465942383,18.530000686645508,18.739999771118164,6441000,0.0,0.0
2026-08-26,18.670000076293945,18.770000457763672,18.510000228881836,18.709999084472656,5091300,0.0,0.0
2026-08-27,18.65999984741211,18.860000610351562,18.489999771118164,18.790000915527344,3853700,0.0,0.0
2026-08-28,18.739999771118164,19.0,18.600000381469727,18.8700008392334,4968000,0.0,0.0
2026-08-31,18.809999465942383,19.030000686645508,18.700000762939453,18.899999618530273,7621500,0.0,0.0
2026-09-01,18.899999618530273,19.100000381469727,18.81999969482422,19.049999237060547,3261300,0.0,0.0
2026-09-02,19.100000381469727,19.600000381469727,19.100000381469727,19.5,6794000,0.0,0.0
2026-09-03,19.649999618530273,19.700000762939453,19.350000381469727,19.559999465942383,5568600,0.0,0.0
2026-09-04,19.40999984741211,19.649999618530273,19.3700008392334,19.469999313354492,3389300,0.0,0.0
2026-09-08,19.649999618530273,19.790000915527344,19.5,19.610000610351562,4095700,0.0,0.0
2026-09-09,19.450000762939453,19.799999237060547,19.450000762939453,19.530000686645508,3619700,0.0,0.0
2026-09-10,19.530000686645508,19.75,19.459999084472656,19.56999969482422,3710300,0.0,0.0
2026-09-11,19.56999969482422,19.719999313354492,19.420000076293945,19.540000915527344,3230600,0.0,0.0
2026-09-14,19.25,19.43000030517578,19.0,19.219999313354492,2490900,0.0,0.0
2026-09-15,19.350000381469727,19.489999771118164,19.110000610351562,19.420000076293945,2679500,0.0,0.0
2026-09-16,19.350000381469727,19.520000457763672,19.270000457763672,19.399999618530273,2161000,0.0,0.0
2026-09-17,19.399999618530273,19.809999465942383,19.200000762939453,19.6299991607666,4287300,0.0,0.0
2026-09-18,19.610000610351562,19.639999389648438,19.139999389648438,19.139999389648438,11813700,0.0,0.0
2026-09-21,19.239999771118164,19.40999984741211,19.1299991607666,19.190000534057617,3740300,0.0,0.0
2026-09-22,19.020000457763672,19.329999923706055,18.81999969482422,19.290000915527344,5260700,0.0,0.0
2026-09-23,19.040000915527344,19.190000534057617,18.610000610351562,18.65999984741211,8114800,0.0,0.0
2026-09-24,18.670000076293945,18.75,18.149999618530273,18.280000686645508,4931400,0.0,0.0
2026-09-25,18.25,18.3799991607666,18.09000015258789,18.149999618530273,12728400,0.0,0.0
2026-09-28,18.100000381469727,18.420000076293945,17.850000381469727,18.309999465942383,7212600,0.0,0.0
