Date,Open,High,Low,Close,Volume,Dividends,Stock splits
2020-09-17,4.518352160261127,4.5403928819992885,4.4412098969236915,4.457740306854248,1293300,0.0,0.0
2020-09-18,4.457739704814922,4.457739704814922,4.19876086524868,4.435698986053467,1999600,0.0,0.0
2020-09-21,4.297944686607082,4.408148288726807,4.055496499197574,4.408148288726807,2530900,0.0,0.0
2020-09-22,4.4081486333174915,4.44120997928397,4.204271822085629,4.297945022583008,3820400,0.0,0.0
2020-09-23,4.36957658735904,4.36957658735904,4.18774052535772,4.264883041381836,1118600,0.0,0.0
2020-09-24,4.264883101761145,4.397127679563667,4.209781303820968,4.3640666007995605,1256100,0.0,0.0
2020-09-25,4.353046417236328,4.38610749733733,4.259373225577102,4.353046417236328,2069200,0.0,0.0
2020-09-28,4.353046046891511,4.5128411224117215,4.286923892314993,4.369576454162598,1810400,0.0,0.0
2020-09-29,4.369576431008901,4.430188537089245,4.154679298400879,4.154679298400879,2260600,0.0,0.0
2020-09-30,4.193251133220286,4.408148288726807,4.1050879887783935,4.408148288726807,1176500,0.0,0.0
2020-10-01,4.408149040686099,4.463251113891602,4.270394383164658,4.463251113891602,1658300,0.0,0.0
2020-10-02,4.408149040686099,4.567944422391277,4.39712867859423,4.463251113891602,685500,0.0,0.0
2020-10-05,4.413659134824151,4.413659134824151,4.231822775181937,4.375087738037109,1420200,0.0,0.0
2020-10-06,4.358556289632494,4.5018212270230515,4.297944443271349,4.3640666007995605,985600,0.0,0.0
2020-10-07,4.364066414964981,4.364066414964981,4.116107940673828,4.116107940673828,2158400,0.0,0.0
2020-10-08,4.1712109180473425,4.375087738037109,3.972844147457928,4.375087738037109,2613100,0.0,0.0
2020-10-09,4.292434392238323,4.490800876844546,4.171210429423409,4.281414031982422,1453900,0.0,0.0
2020-10-13,4.2814142763698495,4.325495719909668,4.154679994819808,4.325495719909668,877100,0.0,0.0
2020-10-14,4.347535610198975,4.430188432401572,4.220801352887279,4.347535610198975,1103700,0.0,0.0
2020-10-15,4.4081486333174915,4.468760487848391,4.215292183159078,4.297945022583008,1994200,0.0,0.0
2020-10-16,4.308964977101659,4.507331720453779,4.270393585610769,4.353046417236328,1328500,0.0,0.0
2020-10-19,4.3475371490507655,4.424679687797015,4.099578857421875,4.099578857421875,2510000,0.0,0.0
2020-10-20,4.099577832639156,4.176720352101879,4.000394593329941,4.127128601074219,1787300,0.0,0.0
2020-10-21,4.116108168498655,4.198760997837171,4.0334556019062395,4.07202672958374,1012500,0.0,0.0
2020-10-22,4.077538132065803,4.132639945455982,4.0224363186756245,4.099578857421875,960000,0.0,0.0
2020-10-23,4.10508818460396,4.165700300034253,3.9783539047475975,4.055496692657471,1334000,0.0,0.0
2020-10-26,4.055496692657471,4.149169890300798,3.9783539047475975,4.055496692657471,911000,0.0,0.0
2020-10-27,4.0775377776675255,4.204272068822941,3.994884933392925,4.12161922454834,1324200,0.0,0.0
2020-10-28,4.077537748193346,4.077537748193346,3.8901913375579573,3.9397830963134766,1389000,0.0,0.0
2020-10-29,3.8901910298398064,3.9673335552215576,3.8295789142382244,3.9673335552215576,714200,0.0,0.0
2020-10-30,3.939782928357411,4.038966178894043,3.8681504493745535,4.038966178894043,716300,0.0,0.0
2020-11-03,4.038966158710008,4.038966158710008,3.7910079022344885,3.862640380859375,1750300,0.0,0.0
2020-11-04,3.8736601120150898,4.011414734931406,3.785496974681305,3.961822986602783,2339800,0.0,0.0
2020-11-05,3.890191552013517,4.215292632450702,3.890191552013517,4.204272270202637,3069000,0.0,0.0
2020-11-06,4.132639037154697,4.281414031982422,4.055496515363388,4.281414031982422,643800,0.0,0.0
2020-11-09,4.30896517284319,4.446719548148687,4.187740944219939,4.215291976928711,910300,0.0,0.0
2020-11-10,4.215292292265957,4.485291539673192,4.138149762755093,4.4026384353637695,628200,0.0,0.0
2020-11-11,4.50182175681507,4.50182175681507,4.2208021601295345,4.325495719909668,1450700,0.0,0.0
2020-11-12,4.275904516743148,4.402638544125887,4.215292396399904,4.248353481292725,1093400,0.0,0.0
2020-11-13,4.297944881571957,4.347536373402363,4.264883536690187,4.2703938484191895,1059500,0.0,0.0
2020-11-16,4.336516617179427,4.342026929676541,4.204272270202637,4.204272270202637,1144700,0.0,0.0
2020-11-17,4.1877414000977495,4.364067450587289,4.165700676629826,4.209782123565674,3337100,0.0,0.0
2020-11-18,4.231822171036402,4.231822171036402,4.033455691512427,4.132638931274414,3376100,0.0,0.0
2020-11-19,4.143659291247968,4.193251042502016,4.0940675399939215,4.132638931274414,2246000,0.0,0.0
2020-11-23,4.077537934939603,4.116109071074942,3.961824001041264,4.016925811767578,715200,0.0,0.0
2020-11-24,4.072027157751315,4.072027157751315,3.9177421053262704,4.022435665130615,2911300,0.0,0.0
2020-11-25,4.016925353313799,4.105088240413825,3.9948846315387927,4.022435665130615,2895900,0.0,0.0
2020-11-26,4.022435399090045,4.044476119407297,3.9508029266859226,3.972843647003174,475500,0.0,0.0
2020-11-27,3.9838636312487496,4.171209999013698,3.9673329611975716,4.116107940673828,1162700,0.0,0.0
2020-11-30,4.077536661213032,4.259372711181641,4.077536661213032,4.259372711181641,843400,0.0,0.0
2020-12-01,4.259373225577102,4.41916884018444,4.198761114018877,4.353046417236328,2324800,0.0,0.0
2020-12-02,4.386107319975632,4.4136583503187685,4.2538627421731094,4.3640666007995605,678200,0.0,0.0
2020-12-03,4.364067952507197,4.457741169392485,4.336516913630519,4.391618728637695,1048000,0.0,0.0
2020-12-04,4.364066652427934,4.463250152639724,4.28141382316681,4.331005573272705,508100,0.0,0.0
2020-12-07,4.375087954410492,4.463251113891602,4.270394383164658,4.463251113891602,615100,0.0,0.0
2020-12-08,4.490801648368844,4.821413038337484,4.435700100368949,4.733250141143799,874800,0.0,0.0
2020-12-09,4.766310422541844,4.898555278778076,4.656106813588533,4.898555278778076,594300,0.0,0.0
2020-12-10,4.8985543536093825,4.992227534901115,4.826921889945578,4.986717224121094,612800,0.0,0.0
2020-12-11,4.948146048455806,5.085900678207812,4.904064608974541,5.069370269775391,971800,0.0,0.0
2020-12-14,5.069370552927587,5.179574157786227,5.003248390012404,5.124472618103027,787300,0.0,0.0
2020-12-15,5.124472825579861,5.179574367493983,5.06386044633439,5.157533645629883,452400,0.0,0.0
2020-12-16,5.157533436814499,5.157533436814499,5.01977879936814,5.124472618103027,457200,0.0,0.0
2020-12-17,5.091411113739014,5.157533274574196,5.041819361739572,5.091411113739014,1021800,0.0,0.0
2020-12-18,5.041819971686948,5.124473076849268,4.992228739180299,5.11896276473999,547000,0.0,0.0
2020-12-21,5.003248592581178,5.157533645629883,4.898555295099765,5.157533645629883,278800,0.0,0.0
2020-12-22,5.190594491094974,5.212635210835607,4.931615640023384,5.069370269775391,932500,0.0,0.0
2020-12-23,5.113452531332151,5.141003566810298,5.025289638195918,5.041820049285889,969300,0.0,0.0
2020-12-28,5.058350172651179,5.129982643181287,5.041819238726547,5.069370269775391,887600,0.0,0.0
2020-12-29,5.041819238726547,5.1795738684785535,5.030799141602335,5.069370269775391,1185200,0.0,0.0
2020-12-30,5.080390873438154,5.146513032413367,5.063859939575195,5.063859939575195,957900,0.0,0.0
2021-01-04,5.163043244083008,5.207124681720407,5.01977830901537,5.036309242248535,3147800,0.0,0.0
2021-01-05,5.080391214084069,5.080391214084069,4.821412346613841,4.9536566734313965,820900,0.0,0.0
2021-01-06,5.0418202813217,5.0418202813217,4.733250141143799,4.733250141143799,902400,0.0,0.0
2021-01-07,4.771820082729177,4.882023676633232,4.639575770044311,4.694677829742432,681300,0.0,0.0
2021-01-08,4.77733062790313,4.893044538545816,4.6505960945838964,4.815901756286621,591800,0.0,0.0
2021-01-11,4.782840367075794,4.89304395319668,4.6120244144693086,4.628554821014404,760400,0.0,0.0
2021-01-12,4.672637158259464,4.793861389160156,4.634066027037893,4.793861389160156,825100,0.0,0.0
2021-01-13,4.821412471654233,4.893044948577881,4.678147517806937,4.893044948577881,491400,0.0,0.0
2021-01-14,4.893045062188464,5.036310019362198,4.7828414510903094,4.997738361358643,848000,0.0,0.0
2021-01-15,4.997739346705281,4.997739346705281,4.72223000189476,4.826923847198486,1323100,0.0,0.0
2021-01-18,4.8765144943974175,4.986718101936267,4.711208820343018,4.711208820343018,937900,0.0,0.0
2021-01-19,4.766310179995377,4.766310179995377,4.63406585598101,4.672636985778809,608300,0.0,0.0
2021-01-20,4.766310466220507,4.848963567812121,4.661617168128513,4.727739334106445,2067000,0.0,0.0
2021-01-21,4.727740052898088,4.766311190876392,4.507332799461577,4.595495700836182,977000,0.0,0.0
2021-01-22,4.551413201692401,4.5789642333984375,4.479780729453594,4.5789642333984375,592800,0.0,0.0
2021-01-26,4.61202450302793,4.656105938322722,4.430188451063874,4.479780197143555,1523000,0.0,0.0
2021-01-27,4.501821517944336,4.534882336098834,4.364066882818725,4.501821517944336,1272300,0.0,0.0
2021-01-28,4.490801240793272,4.617535788126276,4.46876051849522,4.56243371963501,1156400,0.0,0.0
2021-01-29,4.545903205871582,4.612025371261552,4.474270728659383,4.545903205871582,594800,0.0,0.0
2021-02-01,4.7112087882688405,4.7112087882688405,4.595494869767773,4.617535591125488,1483800,0.0,0.0
2021-02-02,4.667126780851352,4.722228314832471,4.617535032423817,4.689167499542236,714800,0.0,0.0
2021-02-03,4.689167246619106,4.738758992371774,4.606514161867273,4.64508581161499,1512000,0.0,0.0
2021-02-04,4.634066226421575,4.755290462538016,4.5844744695788355,4.656106948852539,1113300,0.0,0.0
2021-02-05,4.683657523290711,4.72222865238383,4.512841547107061,4.5789642333984375,1126600,0.0,0.0
2021-02-08,4.584473711225724,4.645086082003723,4.479780428369833,4.5183515548706055,919300,0.0,0.0
2021-02-09,4.518352764753749,4.584474938814459,4.430189866006137,4.567944526672363,1039600,0.0,0.0
2021-02-10,4.589985251359266,4.606515663501362,4.435700178550945,4.567944526672363,619900,0.0,0.0
2021-02-11,4.567943303509991,4.667126800788762,4.490800525016259,4.5183515548706055,909100,0.0,0.0
2021-02-12,4.518352068716231,4.53488247831187,4.44120980694175,4.529372692108154,609800,0.0,0.0
2021-02-17,4.529372733111994,4.529372733111994,4.33651602594539,4.358556747436523,913700,0.0,0.0
2021-02-18,4.347536735971186,4.380597820864007,4.248353481292725,4.248353481292725,777100,0.0,0.0
2021-02-19,4.253862982754192,4.292434374866804,4.132639020429871,4.193251132965088,744900,0.0,0.0
2021-02-22,4.12161847973607,4.143659199193527,3.945292461330309,4.07202672958374,1005200,0.0,0.0
2021-02-23,4.061006863644936,4.110598619827276,3.967333663187688,4.077537536621094,1115200,0.0,0.0
2021-02-24,4.077536999669893,4.127128486575635,3.978353500366211,3.978353500366211,1084300,0.0,0.0
2021-02-25,3.98386394025838,4.132638931274414,3.8295786378825145,4.132638931274414,709400,0.0,0.0
2021-02-26,4.055496704118257,4.099578147193544,3.873660620059637,3.9673335552215576,991500,0.0,0.0
2021-03-01,3.89019095029813,3.895701261942936,3.581620592334252,3.691824197769165,8683500,0.0,0.0
2021-03-02,3.664272752631562,3.74141526222229,3.4163142919708274,3.74141526222229,3049600,0.0,0.0
2021-03-03,3.69733464431548,3.69733464431548,3.4659068017121304,3.6752939224243164,2421900,0.0,0.0
2021-03-04,3.7083546265819116,3.8350888958876808,3.6477425161975603,3.779987096786499,1026600,0.0,0.0
2021-03-05,3.7799876976635707,3.8461098670959473,3.6257023729085462,3.8461098670959473,985800,0.0,0.0
2021-03-08,3.7414155832404012,3.829578458908575,3.6422323481137058,3.669783115386963,892400,0.0,0.0
2021-03-09,3.6367219495487184,3.7414154932598565,3.5430487650310645,3.5705997943878174,781400,0.0,0.0
2021-03-10,3.5816204809065626,3.713864803314209,3.399784406222992,3.713864803314209,1561600,0.0,0.0
2021-03-11,3.691824752117857,3.8240693612431613,3.625702578928285,3.70835542678833,1241200,0.0,0.0
2021-03-12,3.6918237037779904,3.802027557212998,3.5981507830654498,3.7744765281677246,1961500,0.0,0.0
2021-03-15,3.7634569684490025,3.901211617441989,3.7083551614010366,3.8791708946228027,1611000,0.0,0.0
2021-03-16,3.851619188661359,3.88468052987603,3.6973341558080057,3.802027702331543,1479200,0.0,0.0
2021-03-17,3.752436423356996,4.105088233947754,3.719375340746562,4.105088233947754,1556700,0.0,0.0
2021-03-18,4.077537772354381,4.077537772354381,3.928762757952417,4.033456325531006,1337200,0.0,0.0
2021-03-19,4.1381501964858804,4.286925221794847,4.0334566212319904,4.2208027839660645,2108900,0.0,0.0
2021-03-22,4.226312089472569,4.342025999665787,4.15467961882989,4.2538628578186035,1040500,0.0,0.0
2021-03-23,4.264883010007529,4.342025788210244,4.198760853901852,4.303454399108887,807700,0.0,0.0
2021-03-24,4.336516334530679,4.35304700819841,4.193251634643638,4.286924839019775,1151400,0.0,0.0
2021-03-25,4.286923991455514,4.380596914565509,4.160189727546587,4.303454399108887,1272100,0.0,0.0
2021-03-26,4.264884353575075,4.347537206118365,4.215292852246041,4.2428436279296875,655000,0.0,0.0
2021-03-29,4.2428424367520865,4.248352747989501,4.061006369855011,4.07202672958374,1874200,0.0,0.0
2021-03-30,4.099578462019124,4.19876171655526,4.038966341762857,4.160190582275391,1345600,0.0,0.0
2021-03-31,4.160190069167507,4.281414031982422,4.0830472846300845,4.281414031982422,922500,0.0,0.0
2021-04-01,4.264883197315787,4.275903819896837,4.105087848336013,4.1656999588012695,1098400,0.0,0.0
2021-04-05,4.187740375513952,4.242842170702409,4.127128269433608,4.154679298400879,908100,0.0,0.0
2021-04-06,4.138150258168086,4.198762121524196,4.083048182031735,4.099578857421875,1007700,0.0,0.0
2021-04-07,4.121618980896003,4.149170014940888,4.038966141507482,4.077537536621094,791800,0.0,0.0
2021-04-08,4.077537536621094,4.094067946851118,4.0059050583013,4.077537536621094,1091400,0.0,0.0
2021-04-09,4.077537008387579,4.116108135758276,3.98386382006543,4.110598087310791,3217700,0.0,0.0
2021-04-12,4.121618658530906,4.127128707261244,4.0169251051933506,4.061006546020508,883000,0.0,0.0
2021-04-13,4.022435665130615,4.105088240413825,4.016925353313799,4.022435665130615,927900,0.0,0.0
2021-04-14,4.0224359638251626,4.083047821834229,3.9838645664816354,4.033456325531006,3418500,0.0,0.0
2021-04-15,4.044475585104746,4.297944098014345,3.99488383956928,4.259372711181641,5883200,0.0,0.0
2021-04-16,4.319985676082786,4.545903205871582,4.253863247946687,4.545903205871582,1655000,0.0,0.0
2021-04-19,4.540392436700258,4.578964090078318,4.446719247127007,4.551413059234619,1346400,0.0,0.0
2021-04-20,4.490800911154674,4.656106579002257,4.479780813560692,4.58998441696167,1051200,0.0,0.0
2021-04-22,4.589983629556583,4.639575373952689,4.5459021957582975,4.623044967651367,1012900,0.0,0.0
2021-04-23,4.623046635989011,4.755290985107422,4.584474973376893,4.755290985107422,1265300,0.0,0.0
2021-04-26,4.738760690989585,4.777331829071045,4.661617889334321,4.777331829071045,978200,0.0,0.0
2021-04-27,4.777331726925026,4.848964214324951,4.7056992395251,4.848964214324951,987100,0.0,0.0
2021-04-28,4.839758222204671,4.8676365874304715,4.678061257864668,4.845333576202393,1216000,0.10349,0.0
2021-04-29,4.906666755273025,4.906666755273025,4.7449698074305875,4.795151710510254,1554200,0.0,0.0
2021-04-30,4.85090942997173,4.9010913378405725,4.750546145979773,4.784000396728516,4638900,0.0,0.0
2021-05-03,4.884363550046959,4.884363550046959,4.722666608702159,4.750545501708984,1133600,0.0,0.0
2021-05-04,4.700363204602877,4.834181241665618,4.6947873201221935,4.7616963386535645,1183800,0.0,0.0
2021-05-05,4.8843644653959855,4.8843644653959855,4.733818733993663,4.789576530456543,2372100,0.0,0.0
2021-05-06,4.761696931208584,4.800727063939134,4.633454762667816,4.795151710510254,1224600,0.0,0.0
2021-05-07,4.81187883428825,4.934545649400137,4.761696931208584,4.795151710510254,1621700,0.0,0.0
2021-05-10,4.82860662042346,4.834182506362882,4.700364434291254,4.7170915603637695,903600,0.0,0.0
2021-05-11,4.68921139931483,4.68921139931483,4.6055752597349375,4.639029502868652,985000,0.0,0.0
2021-05-12,4.616727865328232,4.644606764033768,4.488485675726837,4.516364574432373,1289100,0.0,0.0
2021-05-13,4.544242649201277,4.583273317577696,4.488485387121114,4.560970306396484,612800,0.0,0.0
2021-05-14,4.6055752597349375,4.666908393310485,4.5442415944137835,4.639029502868652,1410300,0.0,0.0
2021-05-17,4.627878159485031,4.756120308129225,4.5498173743892645,4.678060054779053,982200,0.0,0.0
2021-05-18,4.72266687511176,4.72266687511176,4.577697048694924,4.583272933959961,628100,0.0,0.0
2021-05-19,4.54981849309499,4.65575819404087,4.47175822055142,4.611152172088623,806000,0.0,0.0
2021-05-20,4.633455597208273,4.678061623147457,4.555394785941814,4.650182723999023,616800,0.0,0.0
2021-05-21,4.66133318116448,4.678060836889529,4.460606098175049,4.460606098175049,1421900,0.0,0.0
2021-05-24,4.460605354263077,4.460605354263077,4.326787321254128,4.343514442443848,2017700,0.0,0.0
2021-05-25,4.349091805852564,4.376970439274365,4.265455373841382,4.293334007263184,1537000,0.0,0.0
2021-05-26,4.321212676050937,4.337940067910037,4.2766066522571675,4.298909664154053,803700,0.0,0.0
2021-05-27,4.332363794496498,4.376969814300537,4.237575869476489,4.376969814300537,2226700,0.0,0.0
2021-05-28,4.376970447374547,4.388121953938483,4.321212914554868,4.360243320465088,854700,0.0,0.0
2021-05-31,4.3602424631747585,4.438302993774414,4.32678795006062,4.438302993774414,1025000,0.0,0.0
2021-06-01,4.600000056631491,4.750545768268269,4.5442422674891985,4.694787979125977,10352300,0.0,0.0
2021-06-02,4.795152125503096,4.795152125503096,4.549818474047105,4.600000381469727,1728900,0.0,0.0
2021-06-04,4.622303597210207,4.722667416503516,4.572121687563553,4.655758380889893,1381900,0.0,0.0
2021-06-07,4.650181865871465,4.722666777582982,4.6167270867178125,4.672484874725342,1143700,0.0,0.0
2021-06-08,4.666909404957792,4.9289701811250435,4.644606394118817,4.711515426635742,1803800,0.0,0.0
2021-06-09,4.8286059384712345,5.040484788533511,4.817454699913049,4.895514965057373,3781100,0.0,0.0
2021-06-10,4.878788128749543,4.917818263620913,4.795151973526405,4.850909233093262,1170800,0.0,0.0
2021-06-11,4.8397584866474705,4.8397584866474705,4.689212753822871,4.739394664764404,824200,0.0,0.0
2021-06-14,4.767273219606042,4.767273219606042,4.689212415796767,4.711515426635742,961600,0.0,0.0
2021-06-15,4.7282413567877875,4.878787040710449,4.655756988690492,4.878787040710449,850500,0.0,0.0
2021-06-16,4.867636900642252,4.867636900642252,4.728242938560918,4.811879634857178,1749600,0.0,0.0
2021-06-17,4.823029669834958,4.845332676923668,4.694787512011286,4.806302547454834,783200,0.0,0.0
2021-06-18,4.8286053571849346,4.850908363362058,4.728241563515073,4.7616963386535645,1075200,0.0,0.0
2021-06-21,4.795151691051003,4.906666735361234,4.756121026733165,4.895514965057373,743300,0.0,0.0
2021-06-22,4.878788264667677,4.923394286262123,4.800727461004534,4.823030471801758,621000,0.0,0.0
2021-06-23,4.795152372089356,4.945697570353145,4.795152372089356,4.839758396148682,982000,0.0,0.0
2021-06-24,4.884364696061319,4.9401219634115945,4.828606896965264,4.906667709350586,917200,0.0,0.0
2021-06-25,4.923394093375743,4.923394093375743,4.705939347812861,4.778424263000488,1133800,0.0,0.0
2021-06-28,4.767273440245931,4.823030704051076,4.622303597210207,4.655758380889893,953500,0.0,0.0
2021-06-29,4.678061623147457,4.678061623147457,4.4494553413998075,4.650182723999023,1623400,0.0,0.0
2021-06-30,4.650182152992183,4.650182152992183,4.47175807114456,4.6278791427612305,2424400,0.0,0.0
2021-07-01,4.65018288004036,4.7616979486303155,4.404849463269563,4.4438796043396,3869800,0.0,0.0
2021-07-02,4.460605965830975,4.544242114992039,4.432727072195398,4.488484859466553,766100,0.0,0.0
2021-07-05,4.499636037411009,4.499636037411009,4.40484838524396,4.415999889373779,628700,0.0,0.0
2021-07-06,4.421576427751017,4.421576427751017,4.2877583503723145,4.2877583503723145,1218200,0.0,0.0
2021-07-07,4.310059916207335,4.343514424319979,4.209696391869403,4.231999397277832,1230000,0.0,0.0
2021-07-08,4.170666445798303,4.21527246138874,4.126060430207866,4.165090560913086,1053900,0.0,0.0
2021-07-12,4.209697244322687,4.30448490356638,4.170666844017978,4.2654547691345215,2600500,0.0,0.0
2021-07-13,4.2821822722949525,4.382546091703807,4.265455146308725,4.298909664154053,1275700,0.0,0.0
2021-07-14,4.337940116030391,4.466182568796496,4.337940116030391,4.371394634246826,1498400,0.0,0.0
2021-07-15,4.460606588202095,4.488485485727507,4.33236413815637,4.349091529846191,2066300,0.0,0.0
2021-07-16,4.376969623357391,4.399272632286453,4.321212101034737,4.332363605499268,745000,0.0,0.0
2021-07-19,4.310060154206362,4.354666167486339,4.237575249689994,4.282181262969971,684900,0.0,0.0
2021-07-20,4.293333734795368,4.3658186556631415,4.220849079800466,4.349091529846191,963200,0.0,0.0
2021-07-21,4.371394003795421,4.376969623090928,4.259878693284063,4.27660608291626,635700,0.0,0.0
2021-07-22,4.287758394863061,4.360243320465088,4.22642497582497,4.360243320465088,589200,0.0,0.0
2021-07-23,4.37139333225711,4.376968950696084,4.271029541627601,4.343514442443848,986200,0.0,0.0
2021-07-26,4.326788084046083,4.337939588762785,4.165090866844629,4.187394142150879,1143800,0.0,0.0
2021-07-27,4.159515180302001,4.198545579117061,3.9755152225091326,3.9978182315826416,1918900,0.0,0.0
2021-07-28,3.9978184103866052,4.075878945635173,3.964363895280076,4.036848545074463,1402100,0.0,0.0
2021-07-29,4.036848189845235,4.181818008422852,4.003393677682592,4.181818008422852,788800,0.0,0.0
2021-07-30,4.153938739348271,4.204120635986328,4.042423708900147,4.204120635986328,1066400,0.0,0.0
2021-08-02,4.271030040856568,4.315636057073425,4.120484603188258,4.181818008422852,1678100,0.0,0.0
2021-08-03,4.176243623188635,4.243152937414529,4.003395115340333,4.07588005065918,1727900,0.0,0.0
2021-08-04,4.0703027784108645,4.170666310226941,4.047999771340626,4.137211799621582,638600,0.0,0.0
2021-08-05,4.181818690928769,4.24872772617414,4.059152126312256,4.059152126312256,781100,0.0,0.0
2021-08-06,4.070303153803737,4.159515190312474,4.042424259458336,4.1149091720581055,1112700,0.0,0.0
2021-08-09,4.120484192621145,4.198544979095459,4.109332689678072,4.198544979095459,597100,0.0,0.0
2021-08-10,4.198545034255089,4.198545034255089,4.014544834467823,4.042423725128174,1633700,0.0,0.0
2021-08-11,4.042424734564477,4.075879252187162,3.9699398134455555,4.059152126312256,2076800,0.0,0.0
2021-08-12,4.053575550889002,4.08145444376856,3.9476361301686453,4.003393650054932,640700,0.0,0.0
2021-08-13,4.042424046911745,4.075878558843518,3.9476361301686453,4.003393650054932,933400,0.0,0.0
2021-08-16,3.9866674152582857,3.9866674152582857,3.724606614596135,3.752485513687134,2183700,0.0,0.0
2021-08-17,3.7524848843206766,3.7524848843206766,3.568484925624625,3.6576969623565674,1164500,0.0,0.0
2021-08-18,3.640970503532646,3.7580611901968464,3.562909691259326,3.7078795433044434,1978400,0.0,0.0
2021-08-19,3.646545550343358,3.8026668844606974,3.646545550343358,3.73575758934021,1436600,0.0,0.0
2021-08-20,3.6967269989123586,3.8695754360697463,3.679999610728759,3.797090530395508,2192500,0.0,0.0
2021-08-23,3.797090853826678,3.847272756779089,3.685575809346697,3.7580604553222656,2944800,0.0,0.0
2021-08-24,3.8082424345977186,3.975515270542934,3.76921230118392,3.953212261199951,745900,0.0,0.0
2021-08-25,3.9587883233981063,3.9587883233981063,3.7580609509866365,3.7692127227783203,3231900,0.0,0.0
2021-08-26,3.7524849729978396,3.7524849729978396,3.5907880196636186,3.618666648864746,1646400,0.0,0.0
2021-08-27,3.6465456519179815,3.663273042632257,3.5796366208065895,3.5907881259918213,1033800,0.0,0.0
2021-08-30,3.568484485002492,3.590787491431592,3.5238784721442924,3.5517570972442627,912000,0.0,0.0
2021-08-31,3.5461822392269404,3.5963638815199372,3.5294548478806975,3.5629093647003174,1505100,0.0,0.0
2021-09-01,3.5461817730109595,3.6186664169874905,3.4904242523086926,3.5127272605895996,1164000,0.0,0.0
2021-09-02,3.5517578590937777,3.62424277847272,3.5071518366676178,3.5629093647003174,1383900,0.0,0.0
2021-09-03,3.568485213299925,3.607515349580164,3.5406063166373007,3.5573337078094482,1068200,0.0,0.0
2021-09-06,3.6019395838690396,3.6075152034519973,3.5629091832969264,3.579636573791504,469200,0.0,0.0
2021-09-08,3.5796365200735005,3.6019395298163444,3.412363681129322,3.4513940811157227,1131900,0.0,0.0
2021-09-09,3.451394272713483,3.618666855070641,3.37890935408895,3.5573337078094482,1443600,0.0,0.0
2021-09-10,3.6242420617603948,3.6521209531999848,3.523878531148935,3.5684845447540283,930300,0.0,0.0
2021-09-13,3.5740607834334477,3.7469092490698834,3.5740607834334477,3.7190306186676025,1261600,0.0,0.0
2021-09-14,3.719031049933076,3.7357581769395805,3.640970503532646,3.7078795433044434,909200,0.0,0.0
2021-09-15,3.6967282656902896,3.702303886413574,3.5852129266226305,3.702303886413574,937000,0.0,0.0
2021-09-16,3.67999971764788,3.6911512214700046,3.5573331756045072,3.5963633060455322,1791400,0.0,0.0
2021-09-17,3.562908728185163,3.69672703742981,3.535030102085775,3.6967270374298096,1290400,0.0,0.0
2021-09-20,3.640969974403046,3.646545593970632,3.5127275338743544,3.5740606784820557,1596500,0.0,0.0
2021-09-21,3.5740604059054735,3.719030225826467,3.5461817784480116,3.679999828338623,1232600,0.0,0.0
2021-09-22,3.724606569224535,3.8528490249097374,3.685576430020049,3.8026673793792725,1495800,0.0,0.0
2021-09-23,3.8138184375061193,3.852848572123792,3.7469091415405273,3.7469091415405273,941900,0.0,0.0
2021-09-24,3.7413334384657184,3.7413334384657184,3.629818390800076,3.674424409866333,580700,0.0,0.0
2021-09-27,3.707879207673334,3.707879207673334,3.5907882657351227,3.6242427825927734,443100,0.0,0.0
2021-09-28,3.6242425395591886,3.6242425395591886,3.429091071372879,3.4513940811157227,731500,0.0,0.0
2021-09-29,3.4569684034029957,3.490423171336357,3.4235139013423823,3.4290897846221924,1328000,0.0,0.0
2021-09-30,3.4290911133777553,3.585212183490079,3.4290911133777553,3.5740606784820557,2404500,0.0,0.0
2021-10-01,3.4681213884032718,3.4792728938628503,3.2618184044646377,3.434666872024536,13228400,0.0,0.0
2021-10-04,3.4458188254903037,3.4458188254903037,3.2952733492764774,3.306424856185913,1258800,0.0,0.0
2021-10-05,3.3064239580834287,3.3287269658442784,3.2618179425617297,3.2673938274383545,1408100,0.0,0.0
2021-10-06,3.2506670563981204,3.2506670563981204,3.1447276164662434,3.183758020401001,1094300,0.0,0.0
2021-10-07,3.222788267862653,3.3008488060692898,3.2004849910736084,3.2004849910736084,872500,0.0,0.0
2021-10-08,3.278545662793249,3.4346667329036795,3.2618182723449918,3.345454692840576,1629700,0.0,0.0
2021-10-11,3.3454543958756537,3.4012119159656824,3.2729694868222023,3.3287270069122314,746500,0.0,0.0
2021-10-13,3.334302524208335,3.4402419336346344,3.311999518631514,3.3566055297851562,735600,0.0,0.0
2021-10-14,3.6800003106888584,3.691151816308075,3.5350307376390377,3.6242427825927734,3250000,0.0,0.0
2021-10-15,3.685575619771415,3.7692120317658064,3.5963633229034127,3.713454246520996,3317600,0.0,0.0
2021-10-18,3.7524852666131587,3.9364852440546025,3.7190307494304298,3.9253337383270264,5149100,0.0,0.0
2021-10-19,3.8199029613757824,3.8199029613757824,3.57091096760926,3.601275682449341,3572100,0.576393,0.0
2021-10-20,3.637713110786416,3.637713110786416,3.5344727442751904,3.5648374557495117,1127800,0.0,0.0
2021-10-21,3.510180528216754,3.510180528216754,3.2915532941427275,3.352283000946045,1759400,0.0,0.0
2021-10-22,3.2490423547486698,3.297626120193706,3.036488236135595,3.182239532470703,3225000,0.0,0.0
2021-10-25,3.230823915759559,3.33406428302876,3.2065320305689102,3.2672617435455322,1766400,0.0,0.0
2021-10-26,3.255115738123953,3.255115738123953,3.0972181978501663,3.1336560249328613,1159200,0.0,0.0
2021-10-27,3.1215103724674003,3.2308241534495914,3.0911456585362296,3.1458022594451904,1186500,0.0,0.0
2021-10-28,3.1397294360006525,3.1518753795031214,3.0364887714385986,3.0364887714385986,770600,0.0,0.0
2021-10-29,3.0486347149410675,3.0911456619907764,2.9757590539262537,3.0364887714385986,1635200,0.0,0.0
2021-11-01,3.0668531213783097,3.2126044123454323,3.0364881243024557,3.188312530517578,1191100,0.0,0.0
2021-11-03,3.170094141404242,3.376575469970703,3.1397294275211434,3.376575469970703,1157000,0.0,0.0
2021-11-04,3.3644293391935487,3.4008671675739484,3.2429699112588826,3.2794077396392822,793300,0.0,0.0
2021-11-05,3.309772360308794,3.3705023621789163,3.261188590478385,3.334064245223999,868500,0.0,0.0
2021-11-08,3.291553475032092,3.3462103589498224,3.1518749969173023,3.2004587650299072,929400,0.0,0.0
2021-11-09,3.2126046974852938,3.3097722334209685,3.206531871280364,3.2308237552642822,834600,0.0,0.0
2021-11-10,3.2308234336976693,3.3826478382769984,3.2004584369489755,3.28548002243042,1082000,0.0,0.0
2021-11-11,3.3279911182247175,3.4312317645813994,3.3097720613926804,3.352283000946045,935600,0.0,0.0
2021-11-12,3.406939845377628,3.406939845377628,3.26118826102833,3.291553258895874,699100,0.0,0.0
2021-11-16,3.3158455594625686,3.3158455594625686,3.012196700827404,3.0486345291137695,1428800,0.0,0.0
2021-11-17,3.1093644324534124,3.1579482064632884,3.0121968844336604,3.0364887714385986,1029500,0.0,0.0
2021-11-18,3.0364881734823483,3.109363820146226,2.9939772348040474,3.0304150581359863,815900,0.0,0.0
2021-11-19,3.0364883193879297,3.1397289685802545,3.024342377693662,3.1275830268859863,598600,0.0,0.0
2021-11-22,3.1093635422728476,3.1093635422728476,2.9271744418947816,2.9514663219451904,1289900,0.0,0.0
2021-11-23,2.975757787296157,3.0061224883365387,2.8178602993909263,2.8846631050109863,2577500,0.0,0.0
2021-11-24,2.88466350701554,2.9575391471667665,2.866444452186707,2.9514663219451904,974900,0.0,0.0
2021-11-25,2.9575395619799654,3.0972180366516113,2.9271748524491428,3.0972180366516113,674900,0.0,0.0
2021-11-26,2.969684673338873,2.969684673338873,2.8482252900133207,2.8846631050109863,1216800,0.0,0.0
2021-11-29,2.854299177005659,2.9271751237137345,2.8300072912970076,2.890737295150757,1090000,0.0,0.0
2021-11-30,2.9150292193769545,2.9150292193769545,2.7753507299155142,2.811788558959961,1618400,0.0,0.0
2021-12-01,2.8542991724772278,2.975758890409907,2.7571316297967803,2.769277572631836,4686200,0.0,0.0
2021-12-02,2.8057153577715783,3.0000507297109253,2.775350645944318,2.9879047870635986,1627400,0.0,0.0
2021-12-03,2.9879047521774993,3.133656062243664,2.9879047521774993,3.0668535232543945,923000,0.0,0.0
2021-12-06,3.0668533271207883,3.1336558618378545,3.0364883280078727,3.0972180366516113,1197200,0.0,0.0
2021-12-07,3.1154373474988657,3.1640211183664935,3.072926403198633,3.0789995193481445,728900,0.0,0.0
2021-12-08,3.1275831035415784,3.2733344074450907,3.036488393810833,3.2308237552642822,931200,0.0,0.0
2021-12-09,3.182239794376455,3.2672616804848515,3.1336560249328613,3.1336560249328613,643500,0.0,0.0
2021-12-10,3.182239551084498,3.315845196421928,3.182239551084498,3.303699254989624,511400,0.0,0.0
2021-12-13,3.3705019266443643,3.3705019266443643,3.18223940850555,3.218677520751953,633900,0.0,0.0
2021-12-14,3.261188508376108,3.2733344505279294,3.060780318080005,3.1215100288391113,480400,0.0,0.0
2021-12-15,3.1215098567422848,3.1215098567422848,2.993977326388304,3.1154370307922363,818300,0.0,0.0
2021-12-16,3.1397291782874768,3.164021063298504,3.066853523254394,3.0668535232543945,413600,0.0,0.0
2021-12-17,3.127583309929891,3.2794077396392827,3.0425617103756246,3.2794077396392822,1038200,0.0,0.0
2021-12-20,3.1700941464229806,3.218678209960696,3.060780655022924,3.1458022594451904,738200,0.0,0.0
2021-12-21,3.20045830334037,3.20045830334037,3.012196084271179,3.151874542236328,781400,0.0,0.0
2021-12-22,3.0972180278592703,3.1275830268859863,3.018269262055482,3.1275830268859863,616300,0.0,0.0
2021-12-23,3.127582497242634,3.1397284368800364,3.0547068594182183,3.085071563720703,364700,0.0,0.0
2021-12-27,3.1518747255435535,3.1822394332085056,3.078999079649177,3.1397287845611572,513000,0.0,0.0
2021-12-28,3.1397289280368383,3.2368964603362556,3.1275829864994114,3.224750518798828,552400,0.0,0.0
2021-12-29,3.2308239481005403,3.2490427173848424,3.078999519348145,3.0789995193481445,708600,0.0,0.0
2021-12-30,3.0850717259272415,3.20045830334037,3.0547070200282445,3.151874542236328,2591500,0.0,0.0
2022-01-03,3.1883126728230557,3.2186776712542056,2.9757585525512695,2.9757585525512695,1057500,0.0,0.0
2022-01-04,3.036488784885938,3.048634728442196,2.933248119866674,3.0061237812042236,1010700,0.0,0.0
2022-01-05,2.987904474770729,3.000050416148574,2.8542988300323486,2.8542988300323486,1347700,0.0,0.0
2022-01-06,2.8603723456836474,2.902883291244507,2.787496687221139,2.902883291244507,1599000,0.0,0.0
2022-01-07,2.9332478582624617,3.0000506866550833,2.8482262609513773,2.9453938007354736,1130200,0.0,0.0
2022-01-10,3.0000507370781104,3.0000507370781104,2.8360803661454783,2.848226308822632,1388300,0.0,0.0
2022-01-11,2.8542986892369355,2.9514665050487356,2.793568985343355,2.9393205642700195,1271600,0.0,0.0
2022-01-12,3.0121963024139404,3.042561300094024,2.9636125377914704,3.0121963024139404,882700,0.0,0.0
2022-01-13,3.0061236752732334,3.018269618401488,2.908956130247196,2.9818317890167236,701500,0.0,0.0
2022-01-14,2.981831063777059,3.0425610542297368,2.8785904275059737,3.0425610542297363,1151700,0.0,0.0
2022-01-17,3.06078034064134,3.0911453410357685,2.9879046871932378,3.0729262828826904,466000,0.0,0.0
2022-01-18,3.066853515047705,3.103291342466741,2.9453938007354736,2.9453938007354736,534800,0.0,0.0
2022-01-19,2.969685651633315,3.042561595217957,2.969685651633315,3.0243425369262695,734500,0.0,0.0
2022-01-20,3.0243424608306637,3.206531880835033,2.9818315189410844,3.2004587650299072,1384500,0.0,0.0
2022-01-21,3.1761661601017486,3.249041795730591,3.1275824030158534,3.249041795730591,818100,0.0,0.0
2022-01-24,3.218678209960696,3.2308241534495914,3.11543754551402,3.1458022594451904,727300,0.0,0.0
2022-01-25,3.1397296787952444,3.3401379068745736,3.127583734353532,3.3279919624328613,1287900,0.0,0.0
2022-01-26,3.340137004852295,3.400866710660466,3.3097720071571697,3.340137004852295,1019900,0.0,0.0
2022-01-27,3.358356451496414,3.41908616435902,3.3340642767692583,3.406940221786499,600500,0.0,0.0
2022-01-28,3.3705032698307478,3.419087052744414,3.352284206447029,3.4130139350891113,526400,0.0,0.0
2022-01-31,3.4130133498359005,3.510181188583374,3.388721462544567,3.510181188583374,634800,0.0,0.0
2022-02-01,3.516253483573227,3.558764424691829,3.461596600646753,3.498034715652466,616000,0.0,0.0
2022-02-02,3.498034300012734,3.5648368272274467,3.455523363945322,3.4798152446746826,507700,0.0,0.0
2022-02-03,3.4980347035169554,3.5648372384374536,3.4676697043115694,3.5162534713745117,981700,0.0,0.0
2022-02-04,3.5466186726052054,3.5466186726052054,3.334064245223999,3.334064245223999,1432600,0.0,0.0
2022-02-07,3.346210479736328,3.406940192069215,3.212604823021867,3.346210479736328,984000,0.0,0.0
2022-02-08,3.334063889480438,3.352282946013929,3.242969475559221,3.340137004852295,598100,0.0,0.0
2022-02-09,3.334063889480438,3.3705020025474206,3.2490423013489984,3.340137004852295,731400,0.0,0.0
2022-02-10,3.340137004852295,3.4069398260323234,3.291553240205758,3.340137004852295,499000,0.0,0.0
2022-02-11,3.340137087590034,3.425158677827523,3.249042381830252,3.273334264755249,498600,0.0,0.0
2022-02-14,3.267261438815043,3.2976261476802455,3.200458615980258,3.273334264755249,624400,0.0,0.0
2022-02-15,3.2915536985877543,3.370502471923828,3.2490427538109174,3.370502471923828,403900,0.0,0.0
2022-02-16,3.4008670870429456,3.4008670870429456,3.2854804884462565,3.315845489501953,754400,0.0,0.0
2022-02-17,3.315845204665037,3.334063972067741,3.242969555890046,3.273334264755249,481200,0.0,0.0
2022-02-18,3.2429695015639948,3.3036992078591463,3.218677619045934,3.261188268661499,829000,0.0,0.0
2022-02-21,3.297626210605739,3.297626210605739,3.085072086165002,3.1275830268859863,893400,0.0,0.0
2022-02-22,3.115437085191718,3.2004586770515946,3.0972180278592703,3.1275830268859863,675000,0.0,0.0
2022-02-23,3.133655227860573,3.249041795730591,3.1275824030158534,3.249041795730591,1163300,0.0,0.0
2022-02-24,3.1275829594301734,3.321918022347037,3.0789991937009575,3.303699254989624,1508000,0.0,0.0
2022-02-25,3.3097716161758095,3.3340634956294926,3.1822391042529503,3.255115032196045,778200,0.0,0.0
2022-03-02,3.2854806163010823,3.2854806163010823,3.139729300558881,3.1700940132141113,1155200,0.0,0.0
2022-03-03,3.182239248135325,3.242969239097436,3.151874542236328,3.151874542236328,985800,0.0,0.0
2022-03-04,3.1518751207929907,3.164021063298504,3.048634464705068,3.0668535232543945,792100,0.0,0.0
2022-03-07,3.0668536113295417,3.072926437965645,2.890737295150757,2.890737295150757,1007200,0.0,0.0
2022-03-08,2.9211015701293945,3.012196272688614,2.8603718649506074,2.9211015701293945,1334800,0.0,0.0
2022-03-09,2.9332480435928456,3.054707765579224,2.9089561571119957,3.0547077655792236,1690800,0.0,0.0
2022-03-10,3.042561822338799,3.054707765579224,2.9332480435928456,3.0547077655792236,1235300,0.0,0.0
2022-03-11,3.036487478958933,3.0789984079138826,2.82393341334821,2.8846631050109863,1532300,0.0,0.0
2022-03-14,2.9150285410293546,2.9150285410293546,2.7935688495635986,2.7935688495635986,945300,0.0,0.0
2022-03-15,2.787496960666589,2.8421535650840637,2.7449860109355275,2.82393479347229,1045700,0.0,0.0
2022-03-16,2.854299135370151,2.8785910207244583,2.7935694219843823,2.848226308822632,1006400,0.0,0.0
2022-03-17,2.84822605006562,2.8968098163604736,2.763204459049627,2.8968098163604736,1265000,0.0,0.0
2022-03-18,2.8968099028853893,3.0364883799461984,2.8300070774435855,2.9696855545043945,1718000,0.0,0.0
2022-03-21,2.987904334064838,3.024342156482449,2.8603718108121625,2.9089555740356445,2030600,0.0,0.0
2022-03-22,2.9332472671163576,2.963612261970395,2.9028825618443728,2.9514663219451904,1655300,0.0,0.0
2022-03-23,2.9514671799921297,3.0061237812042236,2.927175292879613,3.0061237812042236,631500,0.0,0.0
2022-03-24,3.0061229345512683,3.0607798099517822,2.9393204085973683,3.0607798099517822,1438000,0.0,0.0
2022-03-25,3.0729263131283693,3.1458019672937594,3.060780370767471,3.1336560249328613,1311000,0.0,0.0
2022-03-28,3.1275831447060733,3.1640209711615377,3.078999376098788,3.1215100288391113,785500,0.0,0.0
2022-03-29,3.1579478231403275,3.2308237648913356,3.1275831128609997,3.2004587650299072,911100,0.0,0.0
2022-03-30,3.1883128554651803,3.255115682091249,3.10936408668729,3.1215100288391113,1036100,0.0,0.0
2022-03-31,3.121509911247806,3.176166793663058,3.078999260108914,3.1275830268859863,657600,0.0,0.0
2022-04-01,3.1579480702355944,3.2004590154514645,3.127583357580364,3.1700940132141113,785900,0.0,0.0
2022-04-04,3.1883123630643597,3.2126042436163806,3.1215095467552727,3.151874542236328,701100,0.0,0.0
2022-04-05,3.1640211183664935,3.182239887650796,3.054707633914331,3.0789995193481445,934900,0.0,0.0
2022-04-06,3.0668528969756585,3.085071662222439,2.9332472671163576,2.9514663219451904,1772600,0.0,0.0
2022-04-07,2.963613123548388,3.0061237812042236,2.866445285516185,3.0061237812042236,1074200,0.0,0.0
2022-04-08,3.0061235131005337,3.0061235131005337,2.927175031817011,2.9453938007354736,795700,0.0,0.0
2022-04-11,2.9211021141961857,2.9271752306362444,2.8725183410042363,2.915029287338257,1111200,0.0,0.0
2022-04-12,2.9271749025176903,3.0000505541366955,2.9028830186446886,2.9696855545043945,988800,0.0,0.0
2022-04-13,2.9879041691391337,3.0729257500872236,2.9453932338740616,3.0607798099517822,928400,0.0,0.0
2022-04-14,3.060780460481726,3.1154373474988657,3.000050746897191,3.0789995193481445,1440000,0.0,0.0
2022-04-18,3.085072292221609,3.085072292221609,2.9879047521774993,3.0668535232543945,1310200,0.0,0.0
2022-04-19,3.054706984675089,3.085071690222665,3.012196049410017,3.0607798099517822,1028400,0.0,0.0
2022-04-20,3.07292628288269,3.1275831677598194,3.042561572070367,3.0729262828826904,1222900,0.0,0.0
2022-04-22,3.0729266019460053,3.0850725454484746,3.0182697113938275,3.0364887714385986,1663400,0.0,0.0
2022-04-25,3.000050109274575,3.0972176303581063,2.957539174009503,3.0607798099517822,709600,0.0,0.0
2022-04-26,3.0607803639275373,3.0911453645529803,3.0121965945925138,3.0243425369262695,1294600,0.0,0.0
2022-04-27,3.0931930316407668,3.0931930316407668,3.0044536717559627,3.042484998703003,1488200,0.208622,0.0
2022-04-28,3.0741771010954166,3.1502391438941055,3.0488230868291866,3.105869770050049,1715800,0.0,0.0
2022-04-29,3.1502387121014985,3.238978052113791,3.0931923389434814,3.0931923389434814,1904300,0.0,0.0
2022-05-02,3.0918477583446813,3.0918477583446813,3.0014806859419103,3.072483539581299,1402400,0.087917,0.0
2022-05-03,3.0918482021721543,3.104757785797119,3.014390700422367,3.104757785797119,1026600,0.0,0.0
2022-05-04,3.104757843254173,3.227399043855326,2.9950262265168908,3.214489459991455,1108400,0.0,0.0
2022-05-05,3.1822150088508563,3.2015795364867476,3.111212459026278,3.143486261367798,1841600,0.0,0.0
2022-05-06,3.156395774598018,3.1757603018089737,3.033754589698549,3.1370315551757812,1383700,0.0,0.0
2022-05-09,3.1047574095805377,3.182214901944473,3.0595737184738847,3.085393190383911,1492600,0.0,0.0
2022-05-10,3.0983032134142716,3.1563961870610178,3.0853936295162434,3.124122381210327,796600,0.0,0.0
2022-05-11,3.1241223539121497,3.1499415214826008,3.053119489199031,3.0595741271972656,820600,0.0,0.0
2022-05-12,3.053119116909505,3.143486192386954,3.033754589698549,3.1370315551757812,786000,0.0,0.0
2022-05-13,3.1563962160827277,3.227399082069101,3.0983032419018417,3.1757607460021973,554500,0.0,0.0
2022-05-16,3.1951253201209906,3.3113118968598747,3.1305773929264973,3.291947364807129,1232100,0.0,0.0
2022-05-17,3.324221096354783,3.4145881839354026,3.324221096354783,3.362949848175049,1675500,0.0,0.0
2022-05-18,3.3758593731643165,3.4081334863453323,3.2338539523031065,3.253218173980713,1207200,0.0,0.0
2022-05-19,3.2596732150548138,3.3500403037,3.2338540468704746,3.3177661895751953,667700,0.0,0.0
2022-05-20,3.350040130993554,3.4274976315533623,3.291946851679324,3.3306756019592285,944800,0.0,0.0
2022-05-23,3.3823144416255673,3.4533173149877388,3.350040632125521,3.3887693881988525,848800,0.0,0.0
2022-05-24,3.382313590949142,3.3952234808487813,3.31131104323342,3.356494426727295,509300,0.0,0.0
2022-05-25,3.350040129992602,3.388768880260934,3.3113113797242693,3.337130546569824,442900,0.0,0.0
2022-05-26,3.350039757107105,3.408133029937744,3.311311011149584,3.408133029937744,696000,0.0,0.0
2022-05-27,3.401678289450333,3.446861983010127,3.3758591239272313,3.4404070377349854,593600,0.0,0.0
2022-05-30,3.4597713578811065,3.5372288497961497,3.3952234479519037,3.408133029937744,762400,0.0,0.0
2022-05-31,3.433952754193484,3.466226560529526,3.285492383239153,3.3177661895751953,1521200,0.0,0.0
2022-06-01,3.3435848075713968,3.3629493344175923,3.266127315764039,3.3113110065460205,602900,0.0,0.0
2022-06-02,3.324220082974903,3.3952229268947365,3.311310502970266,3.3435842990875244,1071600,0.0,0.0
2022-06-03,3.3371296629795393,3.3694034590967976,3.279036399064342,3.3435842990875244,980200,0.0,0.0
2022-06-06,3.3435853953703822,3.3758595098582282,3.2661278899460724,3.285492420196533,989800,0.0,0.0
2022-06-07,3.2854923932807654,3.2854923932807654,3.156396244175744,3.2273991107940674,1728400,0.0,0.0
2022-06-08,3.195124418962719,3.2403081091495785,3.13703145476671,3.1628506183624268,3751600,0.0,0.0
2022-06-09,3.162851124535971,3.2403086277191973,3.162851124535971,3.214489459991455,481300,0.0,0.0
2022-06-10,3.188670331318966,3.188670331318966,3.0595741833103123,3.1693058013916016,922200,0.0,0.0
2022-06-13,3.1305769919103845,3.1305769919103845,3.014390737843354,3.0595741271972656,1472600,0.0,0.0
2022-06-14,3.066029109637265,3.0983032233805297,2.995026244075339,3.0273003578186035,1900100,0.0,0.0
2022-06-15,3.046664438454396,3.0983030796051025,3.0014810506570533,3.0983030796051025,830200,0.0,0.0
2022-06-17,3.053119701102644,3.053119701102644,2.9950264161427516,3.0079360008239746,944100,0.0,0.0
2022-06-20,3.04020998160248,3.04020998160248,2.9433879468925177,2.98211669921875,2951400,0.0,0.0
2022-06-21,3.0273006801430906,3.040210265457161,2.9433882217072354,2.949843168258667,562800,0.0,0.0
2022-06-22,2.9304788089431275,2.995026739314137,2.91111458372623,2.936933755874634,444900,0.0,0.0
2022-06-23,2.9627524104011305,2.988571578038673,2.9240236589448174,2.9692070484161377,374600,0.0,0.0
2022-06-24,2.9692070484161377,3.0014811618574435,2.9369332427635886,2.9692070484161377,324400,0.0,0.0
2022-06-27,2.995026111602783,3.001481057181432,2.930478194760023,2.995026111602783,284200,0.0,0.0
2022-06-28,3.0014813623777514,3.027300531740198,2.9562976620990824,3.0079360008239746,439100,0.0,0.0
2022-06-29,3.0143906395777673,3.040209806306544,2.9369331393914373,3.001481056213379,736600,0.0,0.0
2022-06-30,2.969207115110006,3.007935867436238,2.9369333087325273,2.98211669921875,845800,0.0,0.0
2022-07-01,3.0014813623777514,3.0337551701864207,2.9433880774178593,3.0079360008239746,602300,0.0,0.0
2022-07-04,2.9756617901699984,3.0208451765429607,2.924023458435907,2.930478096008301,502300,0.0,0.0
2022-07-05,2.9369327329756523,2.9369327329756523,2.846565354141319,2.924023151397705,723300,0.0,0.0
2022-07-06,2.924023458435907,2.9627522072364756,2.8594752359795574,2.930478096008301,669200,0.0,0.0
2022-07-07,2.943387508392334,2.9950258371343317,2.917568344021335,2.943387508392334,906300,0.0,0.0
2022-07-08,2.930478198616187,2.9692069487728054,2.8917494484595685,2.911113977432251,660600,0.0,0.0
2022-07-11,2.8852945089153277,2.9111139835292286,2.794927425027288,2.8142919540405273,766400,0.0,0.0
2022-07-12,2.81429243296623,2.859475828705017,2.782018315048126,2.80783748626709,639100,0.0,0.0
2022-07-13,2.8401116041851937,2.8401116041851937,2.7884732617472667,2.80783748626709,733600,0.0,0.0
2022-07-14,2.80138192594077,2.80138192594077,2.723924129972095,2.7755627632141113,464500,0.0,0.0
2022-07-15,2.8142922203156933,2.8594756126403804,2.7432893509341865,2.859475612640381,774900,0.0,0.0
2022-07-18,2.872385063128514,2.8982042311907525,2.8078371429729176,2.8336563110351562,477200,0.0,0.0
2022-07-19,2.8272014000753036,2.8788397312164307,2.8142918172900218,2.8788397312164307,312500,0.0,0.0
2022-07-20,2.8723853485854507,2.9692073923353766,2.8465661779573095,2.949843168258667,641600,0.0,0.0
2022-07-21,2.936932940696881,3.0660287656069465,2.9175684130660087,3.046664237976074,932900,0.0,0.0
2022-07-22,3.0660290809512984,3.0724840267550624,2.9498428265823597,2.9692070484161377,503100,0.0,0.0
2022-07-25,2.9562972279281214,2.988571338785692,2.853020565645867,2.8788397312164307,949400,0.0,0.0
2022-07-26,2.8788397312164307,2.8852943687147055,2.8272014000753036,2.8788397312164307,574300,0.0,0.0
2022-07-27,2.8723850804000435,2.98211669921875,2.8401112740225654,2.98211669921875,814500,0.0,0.0
2022-07-28,2.9627525544479956,3.1499416828155518,2.9627525544479956,3.1499416828155518,1963800,0.0,0.0
2022-07-29,3.1628507195979094,3.1693053568090823,3.1047574457537617,3.1370315551757812,644000,0.0,0.0
2022-08-01,3.1370316919041783,3.21448918854657,3.1176671638492146,3.15639591217041,1645800,0.0,0.0
2022-08-02,3.1563962160827277,3.1951249681329057,3.1370319939520197,3.1757607460021973,377800,0.0,0.0
2022-08-03,3.1757607645613306,3.337130719607831,3.1757607645613306,3.3177661895751953,932300,0.0,0.0
2022-08-04,3.3113115027927664,3.4791360935262574,3.2984019188901903,3.4597718715667725,1486200,0.0,0.0
2022-08-05,3.4404071024962173,3.5759578779384356,3.42104288188375,3.5501387119293213,1679600,0.0,0.0
2022-08-08,3.6275963108875455,3.6727800065550134,3.588867560796321,3.6146867275238037,1753000,0.0,0.0
2022-08-09,3.6211410560196433,3.6856889618387108,3.5630477868881365,3.5953218936920166,791400,0.0,0.0
2022-08-10,3.6146863912432012,3.795420849310284,3.6146863912432012,3.7373275756835938,1500400,0.0,0.0
2022-08-11,3.7179638574070553,3.763147247171693,3.446862287664196,3.4597718715667725,2217600,0.0,0.0
2022-08-12,3.459771871566772,3.608232240340778,3.4274977579159525,3.4597718715667725,902600,0.0,0.0
2022-08-15,3.4597720309794724,3.5695036531017514,3.427497915841588,3.537229537963867,946900,0.0,0.0
2022-08-16,3.5372292688138205,3.543683906676996,3.4662264055863923,3.485590934753418,510200,0.0,0.0
2022-08-17,3.4855907969065356,3.5759578779384356,3.4533166855007744,3.5501387119293213,748900,0.0,0.0
2022-08-18,3.5888674976107993,3.627596247020166,3.472681249382699,3.5049550533294678,703400,0.0,0.0
2022-08-19,3.485591089167735,3.485591089167735,3.3177661882479073,3.324221134185791,738600,0.0,0.0
2022-08-22,3.3177661997154475,3.3177661997154475,3.2273991107940674,3.2273991107940674,608000,0.0,0.0
2022-08-23,3.227399437612635,3.3177665356849264,3.2080349055598893,3.291947364807129,647800,0.0,0.0
2022-08-24,3.2984012949722152,3.369403839111328,3.253217605965662,3.369403839111328,1222200,0.0,0.0
2022-08-25,3.3823144416255673,3.4274981442721844,3.350040632125521,3.3887693881988525,616600,0.0,0.0
2022-08-26,3.595323279770496,3.7244191411780063,3.582413693629745,3.634052038192749,1088200,0.0,0.0
2022-08-29,3.743782222890145,3.898697196521559,3.6534148471497945,3.8147847652435303,2473800,0.0,0.0
2022-08-30,3.8341502090625,3.8922434919810844,3.763147341916315,3.8599693775177,3144500,0.0,0.0
2022-08-31,3.8511283471927373,3.939581905383313,3.7490668986833073,3.8919529914855957,1461600,0.307008,0.0
2022-09-01,3.8919536645197703,3.9804072380065914,3.769479710461817,3.980407238006592,1882900,0.0,0.0
2022-09-02,4.000820023550679,4.028036459810574,3.7558717727661133,3.7558717727661133,2390300,0.0,0.0
2022-09-05,3.7830881624240713,3.8171088695526123,3.7218510193709013,3.8171088695526123,915700,0.0,0.0
2022-09-06,3.769480288128209,3.7762845599524715,3.640202043477067,3.6538102626800537,739800,0.0,0.0
2022-09-08,3.6606147705206076,3.7422640910028258,3.640202278177273,3.6674187183380127,944000,0.0,0.0
2022-09-09,3.7014390920332025,3.8035008955188085,3.6810266015578694,3.762676239013672,599500,0.0,0.0
2022-09-12,3.7966961861189463,3.878345489715044,3.7422633170548814,3.769479751586914,716300,0.0,0.0
2022-09-13,3.7966967204806323,3.7966967204806323,3.6742227478490284,3.6946349143981934,532800,0.0,0.0
2022-09-14,3.7694801862084297,3.789892676683763,3.7014390920332025,3.762676239013672,584200,0.0,0.0
2022-09-15,3.7558715778216114,3.783088012668866,3.674222273279847,3.721850872039795,571300,0.0,0.0
2022-09-16,3.7150476479748393,3.7150476479748393,3.6061818874159033,3.6810269355773926,1353200,0.0,0.0
2022-09-19,3.6402020474190167,3.694634924289908,3.612985608983571,3.626593828201294,487200,0.0,0.0
2022-09-20,3.667417484101049,3.6742217540740962,3.5721599755965343,3.6742217540740967,766600,0.0,0.0
2022-09-21,3.667417761109317,3.667417761109317,3.4632945131817565,3.599376678466797,1536100,0.0,0.0
2022-09-22,3.612984864657306,3.864737030543422,3.612984864657306,3.8103041648864746,1453400,0.0,0.0
2022-09-23,3.7694811023131267,3.8919551015936427,3.7422646580285677,3.8715429306030273,704100,0.0,0.0
2022-09-26,3.8443255520239448,3.8443255520239448,3.7558719673733845,3.762676239013672,355400,0.0,0.0
2022-09-27,3.8579330434634933,3.8783452056446777,3.803500178386377,3.844324827194214,843900,0.0,0.0
2022-09-28,3.810304090844935,3.9872112252378384,3.7762837126931603,3.9599947929382324,1505700,0.0,0.0
2022-09-29,3.9395823064907955,4.000819441387641,3.898757658041387,3.9599947929382324,869000,0.0,0.0
2022-09-30,3.9531914130030974,4.1369025346247374,3.9055624835287692,4.089273929595947,1047100,0.0,0.0
2022-10-03,4.150509999616456,4.558756826318071,4.150509999616456,4.504323959350586,2497300,0.0,0.0
2022-10-04,4.4703038628212814,4.531540679815066,4.313809198156276,4.361437797546387,1226100,0.0,0.0
2022-10-05,4.388654659937697,4.517932901979072,4.320613565296324,4.436283588409424,1094000,0.0,0.0
2022-10-06,4.436282874655286,4.490715741610673,4.3682417909610525,4.477107524871826,882200,0.0,0.0
2022-10-07,4.449891807337699,4.4839125168811504,4.368242493768051,4.436283588409424,865400,0.0,0.0
2022-10-10,4.429480310509519,4.456696752478762,4.368243153855934,4.443088531494141,435100,0.0,0.0
2022-10-11,4.422675136641325,4.449891573065015,4.361437992465265,4.368242263793945,370600,0.0,0.0
2022-10-13,4.341024639972073,4.422673926909656,4.2729835675240855,4.35463285446167,434700,0.0,0.0
2022-10-14,4.381849838465091,4.381849838465091,4.1641180546072505,4.20494270324707,552200,0.0,0.0
2022-10-17,4.238964128348884,4.320613439542075,4.191335201263428,4.191335201263428,448000,0.0,0.0
2022-10-18,4.238963887747333,4.259376376609788,4.116489927909108,4.177726745605469,395800,0.0,0.0
2022-10-19,4.177726746653139,4.211747453283929,4.068861004547417,4.150510311126709,682700,0.0,0.0
2022-10-20,4.19133521740619,4.19133521740619,3.9804076671219724,4.028036594390869,798500,0.0,0.0
2022-10-21,4.021232039414588,4.136902051452826,3.953190951287832,4.116489887237549,517200,0.0,0.0
2022-10-24,4.041645000121619,4.102882148810679,4.021232509076754,4.089273929595947,695300,0.0,0.0
2022-10-25,4.089273740244376,4.130098395998207,4.007624104291192,4.028036594390869,475800,0.0,0.0
2022-10-26,4.028036656857675,4.028036656857675,3.8443255408936845,3.857933759689331,766800,0.0,0.0
2022-10-27,3.8375221660765546,4.102882981273013,3.8375221660765546,4.007625102996826,435400,0.0,0.0
2022-10-28,3.9804072380065914,4.014427943023212,3.92597436953639,3.980407238006592,557900,0.0,0.0
2022-10-31,3.946386999746739,4.320613146197146,3.878345587259847,4.307004928588867,1528500,0.0,0.0
2022-11-01,4.272984981536865,4.3818507334794115,4.1981396148535985,4.272984981536865,811900,0.0,0.0
2022-11-03,4.272984547527545,4.388654234995102,4.184530970835737,4.279788494110107,620200,0.0,0.0
2022-11-04,4.286593180198404,4.436283588409424,4.286593180198404,4.436283588409424,840000,0.0,0.0
2022-11-07,4.443086930036108,4.443086930036108,4.1641180137340434,4.22535514831543,782800,0.0,0.0
2022-11-08,4.21855088035365,4.2525715827941895,4.0960769355695446,4.2525715827941895,1747900,0.0,0.0
2022-11-09,4.245768075392222,4.27978878394548,4.143706598623494,4.191335201263428,607800,0.0,0.0
2022-11-10,4.116490188717267,4.272984865092771,3.8375212202984406,3.91917085647583,1341300,0.0,0.0
2022-11-11,3.9327791366745055,3.9327791366745055,3.7422637485383388,3.762676239013672,843200,0.0,0.0
2022-11-14,3.7286548664010546,3.8443248681448026,3.68102594672849,3.8103041648864746,1302500,0.0,0.0
2022-11-16,3.7218504198524927,3.8307164704602945,3.4905107517575074,3.5517475605010986,1026000,0.0,0.0
2022-11-17,3.4905118972227345,3.5041201174587746,3.2931925415773695,3.4769036769866943,1007200,0.0,0.0
2022-11-18,3.558551816888753,3.626592895477883,3.4088614439926683,3.4292736053466797,1132100,0.0,0.0
2022-11-21,3.4292740793098346,3.606181232537528,3.4156658617112043,3.538139820098877,1248400,0.0,0.0
2022-11-22,3.5177276148516485,3.565356213668006,3.3680368985689637,3.4224700927734375,1135500,0.0,0.0
2022-11-23,3.4156656241774863,3.422469894726366,3.3204081076115144,3.3612327575683594,1628900,0.0,0.0
2022-11-24,3.4156662644050195,3.653810262680054,3.3816455541747836,3.6538102626800537,1157200,0.0,0.0
2022-11-25,3.6470061377945076,3.6470061377945076,3.456490753779908,3.4700989723205566,339300,0.0,0.0
2022-11-28,3.388449663638057,3.5653565048002127,3.3680371735888928,3.442882537841797,1010900,0.0,0.0
2022-11-29,3.456491115895258,3.6810269075619533,3.456491115895258,3.6061818599700928,647200,0.0,0.0
2022-11-30,3.6197891610932844,3.6402013236385535,3.4292738054797542,3.5177273750305176,709100,0.0,0.0
2022-12-01,3.5109231045517784,3.5653559705997946,3.4292738054797542,3.5177273750305176,684000,0.0,0.0
2022-12-02,3.5381392746221967,3.6878299695747416,3.497314628120262,3.6742217540740967,432900,0.0,0.0
2022-12-05,3.6470055941172927,3.653809540150558,3.456490238503762,3.5177273750305176,800500,0.0,0.0
2022-12-06,3.5313363075256348,3.640202061694343,3.4632952111701925,3.5313363075256348,966600,0.0,0.0
2022-12-07,3.4973151676594623,3.6061812329051013,3.4973151676594623,3.524531602859497,607000,0.0,0.0
2022-12-08,3.49731517099608,3.5177276596383305,3.3748412124790774,3.402057647705078,1017500,0.0,0.0
2022-12-09,3.408861720639317,3.4156656668276777,3.3067999322500565,3.32721209526062,316400,0.0,0.0
2022-12-12,3.3204089322666297,3.361233592362667,3.170718187468934,3.197934627532959,357700,0.0,0.0
2022-12-13,3.2047378927878007,3.2387585944007196,3.075459680882348,3.1230885982513428,322300,0.0,0.0
2022-12-14,3.095873150516925,3.170718198736179,3.0210277778521117,3.1435017585754395,1135500,0.0,0.0
2022-12-15,3.116284566491265,3.218346354690488,3.0822641867218445,3.1366970539093018,893200,0.0,0.0
2022-12-16,3.102676635703506,3.163913779157062,2.9938108912931933,3.0074191093444824,891300,0.0,0.0
2022-12-19,3.048243522906205,3.129892824769513,3.000614601263199,3.061851739883423,1215800,0.0,0.0
2022-12-20,3.055047706268637,3.245563083180718,3.0482437594747287,3.075460195541382,801100,0.0,0.0
2022-12-21,3.123089118493739,3.1775219905854413,3.0414394859106766,3.1162848472595215,522200,0.0,0.0
2022-12-22,3.1162848472595215,3.1571095013282977,3.055047703933602,3.1162848472595215,749300,0.0,0.0
2022-12-23,3.1162852119336293,3.265975952148438,3.102676992318242,3.2659759521484375,910400,0.0,0.0
2022-12-26,3.265975239852154,3.3340163230896,3.1979338321692317,3.3340163230895996,139400,0.0,0.0
2022-12-27,3.2523674964904785,3.306800371001528,3.1775221318150226,3.2523674964904785,749200,0.0,0.0
2022-12-28,3.2659750421952904,3.3272118511802,3.238758610547451,3.2727789878845215,502600,0.0,0.0
2022-12-29,3.3476248260509123,3.4088619684248087,3.197934105680389,3.24556303024292,1554900,0.0,0.0
2023-01-02,3.252367604606437,3.279584042766697,3.0686564848019136,3.089068651199341,369600,0.0,0.0
2023-01-03,3.0754601528303986,3.157109459896439,3.027831228152456,3.0686562061309814,921500,0.0,0.0
2023-01-04,3.068656010594774,3.102676390815077,3.027831035217635,3.061851739883423,427800,0.0,0.0
2023-01-05,3.0006148341353307,3.1435012857080142,3.0006148341353307,3.075460195541382,773500,0.0,0.0
2023-01-06,3.05504743161069,3.2863874418245884,3.05504743161069,3.231954574584961,483500,0.0,0.0
2023-01-09,3.204738183492986,3.2999957024264304,3.16391353252151,3.2251503467559814,247100,0.0,0.0
2023-01-10,3.1979340612236093,3.3340165618909867,3.1979340612236093,3.320408344268799,469200,0.0,0.0
2023-01-11,3.3136040290047513,3.4156658220315816,3.299995811564207,3.4088618755340576,692600,0.0,0.0
2023-01-12,3.4292743166986113,3.565356502105095,3.3816453895835807,3.4700989723205566,1036800,0.0,0.0
2023-01-13,3.415666100739927,3.497315412045537,3.340820736487023,3.442882537841797,586000,0.0,0.0
2023-01-16,3.436078155138386,3.4700985349796136,3.3067999330725644,3.35442852973938,497800,0.0,0.0
2023-01-17,3.361232994498411,3.4292740825559695,3.361232994498411,3.415665864944458,235200,0.0,0.0
2023-01-18,3.442882296908465,3.606181232537528,3.4156658617112043,3.538139820098877,756700,0.0,0.0
2023-01-19,3.504119628051976,3.6061814277904833,3.4837071383260674,3.585768938064575,334400,0.0,0.0
2023-01-20,3.8103049396619215,3.8239131588432107,3.653810256854326,3.6946349143981934,997500,0.0,0.0
2023-01-23,3.742263799285919,3.742263799285919,3.647006266148845,3.701439142227173,389300,0.0,0.0
2023-01-24,3.7014393779987436,3.755872257544297,3.6810268859463835,3.715047597885132,251900,0.0,0.0
2023-01-25,3.7218510634661848,3.8307171329000202,3.6810264090955633,3.783088207244873,632000,0.0,0.0
2023-01-26,3.789892943433861,3.8715422621909887,3.7286557921432393,3.8511297702789307,695200,0.0,0.0
2023-01-27,3.8511290551830117,3.8919537069810604,3.7490675879106354,3.769479751586914,527900,0.0,0.0
2023-01-30,3.7762840661798003,3.83071693587431,3.6878304907034742,3.721850872039795,243000,0.0,0.0
2023-01-31,3.7150473576993446,3.7898927244583445,3.6742227006795813,3.7286555767059326,544700,0.0,0.0
2023-02-01,3.728654862290341,3.7558712950888093,3.633397347495702,3.742263078689575,898400,0.0,0.0
2023-02-02,3.749068067438581,3.8851502575044594,3.6810266479601084,3.7286555767059326,653200,0.0,0.0
2023-02-03,3.728655392809382,3.728655392809382,3.5857689380645748,3.585768938064575,437700,0.0,0.0
2023-02-06,3.6129848949953005,3.6265931115238046,3.5177273792957724,3.599376678466797,531400,0.0,0.0
2023-02-07,3.599376918865403,3.626593353740168,3.463294744491577,3.463294744491577,253600,0.0,0.0
2023-02-08,3.5109238537512932,3.6061817141079646,3.4496870286026255,3.565356731414795,245000,0.0,0.0
2023-02-09,3.56535625751953,3.592573017179263,3.429274081448365,3.4564905166625977,275800,0.0,0.0
2023-02-10,3.4428827200407897,3.5313363075256348,3.4156662814986127,3.5313363075256348,214100,0.0,0.0
2023-02-13,3.5245313225101573,3.6061809460611625,3.4700984564398034,3.5449438095092773,164800,0.0,0.0
2023-02-14,3.5653564505349644,3.592573211668114,3.463294975179103,3.5585525035858154,219500,0.0,0.0
2023-02-15,3.538140237231899,3.7150474113162626,3.497315579622939,3.6538102626800537,276200,0.0,0.0
2023-02-16,3.6538088287918247,3.6742213118084686,3.5585513317534447,3.640200614929199,142000,0.0,0.0
2023-02-17,3.667418248077174,3.667418248077174,3.578964991119617,3.585768938064575,157200,0.0,0.0
2023-02-22,3.565356731414795,3.565356731414795,3.4564909760877915,3.565356731414795,355200,0.0,0.0
2023-02-23,3.544944284145978,3.6061814288969756,3.517727847466761,3.5721607208251953,241300,0.0,0.0
2023-02-24,3.5721605266823078,3.5993769618823426,3.483706950059445,3.524531602859497,225800,0.0,0.0
2023-02-27,3.510922840273194,3.647005319595337,3.463294248289076,3.647005319595337,308400,0.0,0.0
2023-02-28,3.647004884083217,3.6742213118084686,3.592572028632714,3.640200614929199,359800,0.0,0.0
2023-03-01,3.647005885333419,3.647005885333419,3.4700987321057255,3.538139820098877,623600,0.0,0.0
2023-03-02,3.5381400183079674,3.599377163155102,3.4837071448640784,3.504119634628296,265300,0.0,0.0
2023-03-03,3.5041194416420347,3.5449440944765698,3.408861918361452,3.415665864944458,720300,0.0,0.0
2023-03-06,3.4224700927734375,3.463294745092671,3.381645116008708,3.4224700927734375,451000,0.0,0.0
2023-03-07,3.415666098157963,3.470098972320556,3.3680371710429324,3.4700989723205566,268500,0.0,0.0
2023-03-08,3.4769024670920192,3.7082421306029842,3.470098197118972,3.6742217540740967,961700,0.0,0.0
2023-03-09,3.742262828009023,3.817108175413929,3.606180673132329,3.647005319595337,1635500,0.0,0.0
2023-03-10,3.6470060839158016,3.6742225205950185,3.544944284145978,3.5721607208251953,1270500,0.0,0.0
2023-03-13,3.5721611478315696,3.6333982999026886,3.51092399576045,3.6061818599700928,1135900,0.0,0.0
2023-03-14,3.6061814288969756,3.6606143022554103,3.5517482310930237,3.5721607208251953,654300,0.0,0.0
2023-03-15,3.543340029881056,3.6067395210266113,3.4658513896989316,3.6067395210266113,818800,0.179088,0.0
2023-03-16,3.592651503393521,3.6490067684030074,3.5362962383840344,3.6419625282287598,388100,0.0,0.0
2023-03-17,3.5856073652314193,3.627873815191034,3.5433409152718047,3.592651605606079,243400,0.0,0.0
2023-03-20,3.585606127462961,3.613783751042319,3.4588064854520777,3.5222063064575195,626800,0.0,0.0
2023-03-21,3.5010738153902836,3.5362960218160913,3.4728961846111797,3.5081183910369873,243900,0.0,0.0
2023-03-22,3.5081183678126755,3.649006520775493,3.4658519219238304,3.5644736289978027,355200,0.0,0.0
2023-03-23,3.5644735091159547,3.6067399535832774,3.3813189164242234,3.4588072299957275,772600,0.0,0.0
2023-03-24,3.4588075560642544,3.5856072373237167,3.4517633159408803,3.5715184211730957,242600,0.0,0.0
2023-03-27,3.5644730127299225,3.649005889892578,3.543339961391156,3.649005889892578,364100,0.0,0.0
2023-03-28,3.627874125621472,3.677184820175171,3.5926519130226184,3.677184820175171,255500,0.0,0.0
2023-03-29,3.599696181884624,3.6419626318442386,3.5292520986186,3.592651605606079,373500,0.0,0.0
2023-03-30,3.698317685081132,3.712406500921477,3.592651398326612,3.6137847900390625,401000,0.0,0.0
2023-03-31,3.663095688872103,3.663095688872103,3.5292520986186,3.592651605606079,197900,0.0,0.0
2023-04-03,3.592651473109972,3.656051313663166,3.5151628164231656,3.6208291053771973,737200,0.0,0.0
2023-04-04,3.6137849479555983,3.7335400557835667,3.599696131499595,3.6560513973236084,348700,0.0,0.0
2023-04-05,3.634917551320637,3.6842285707182456,3.5856068678268667,3.5996956825256348,271200,0.0,0.0
2023-04-06,3.592651605606079,3.6349180555656937,3.5503851556464645,3.592651605606079,188000,0.0,0.0
2023-04-10,3.585607687913422,3.6419629595978593,3.529252416228985,3.5503854751586914,405400,0.0,0.0
2023-04-11,3.606740113073062,3.7124063968658447,3.5996958733022666,3.7124063968658447,479000,0.0,0.0
2023-04-12,3.7194504234328165,3.8251163557221335,3.7194504234328165,3.7546722888946533,449400,0.0,0.0
2023-04-13,3.754672872808429,3.839205766147669,3.726495241695349,3.782850503921509,822400,0.0,0.0
2023-04-14,3.7335395609054807,3.8251166877790777,3.7335395609054807,3.7898948192596436,215700,0.0,0.0
2023-04-17,3.8110281109473387,3.8673833728173106,3.7687616645448596,3.839205741882324,214400,0.0,0.0
2023-04-18,3.8673827232665703,3.8673827232665703,3.74058340535586,3.79693865776062,205400,0.0,0.0
2023-04-19,3.761717342160187,3.761717342160187,3.6630953001495024,3.70536208152771,237100,0.0,0.0
2023-04-20,3.691272435638881,3.733539211351092,3.620828369291537,3.627872943878174,319500,0.0,0.0
2023-04-24,3.6560510820477896,3.7405839734942026,3.6490065064753296,3.698317527770996,164100,0.0,0.0
2023-04-25,3.698316959631148,3.7898944125817837,3.578561880527055,3.6630947589874268,515100,0.0,0.0
2023-04-26,3.641962580867605,3.70536242287156,3.6278737644116017,3.6560513973236084,270400,0.0,0.0
2023-04-27,3.6560505953361813,3.761716863529305,3.6419617819706853,3.7546722888946533,315000,0.0,0.0
2023-04-28,3.761717951291704,3.82511746181754,3.712406922301472,3.8039844036102295,585400,0.0,0.0
2023-05-02,3.7969395618836415,3.7969395618836415,3.6137849479555983,3.6560513973236084,932200,0.0,0.0
2023-05-03,3.6630947589874268,3.698316959631148,3.6067395066805124,3.6630947589874268,233600,0.0,0.0
2023-05-04,3.6630952142155757,3.7264950488917163,3.613784530270881,3.670139789581299,347700,0.0,0.0
2023-05-05,3.6842292088300335,3.7898955053242127,3.6630958151696387,3.7687621116638184,915400,0.0,0.0
2023-05-08,3.8039838191329336,3.839205689367957,3.768761612994058,3.775806188583374,239000,0.0,0.0
2023-05-09,3.7828510094990144,3.8321620384892463,3.7476291338521954,3.8039844036102295,244300,0.0,0.0
2023-05-10,3.6983172793925214,3.9800939011936696,3.6983172793925214,3.9660050868988037,820200,0.0,0.0
2023-05-11,3.9800945078996373,4.03644977366962,3.87442821662898,3.9871387481689453,254300,0.0,0.0
2023-05-12,3.9800942163126103,4.064627108774592,3.9237389546712897,3.9730496406555176,604800,0.0,0.0
2023-05-15,3.987137829599286,4.036448843739531,3.9519159645595137,4.008271217346191,247600,0.0,0.0
2023-05-16,4.008272140784629,4.043494013938928,3.9448722988414584,3.9871387481689453,320400,0.0,0.0
2023-05-17,4.030431897700875,4.136682365705685,4.002098484601049,4.1012654304504395,474100,0.03112,0.0
2023-05-18,4.0729318216438575,4.214598880335801,4.044598409905468,4.186265468597412,553300,0.0,0.0
2023-05-19,4.186265391508338,4.34209949096074,4.143765274683385,4.250015735626221,527600,0.0,0.0
2023-05-22,4.250015735626221,4.335015969276128,4.228765508333292,4.250015735626221,1080100,0.0,0.0
2023-05-23,4.264182817818016,4.370433288144167,4.228765881788988,4.292516231536865,252300,0.0,0.0
2023-05-24,4.306682980169654,4.398766744529563,4.285433088554868,4.370433330535889,752400,0.0,0.0
2023-05-25,4.370433371442548,4.497933735607465,4.370433371442548,4.448350429534912,620400,0.0,0.0
2023-05-26,4.4483504771402,4.597100734710693,4.4483504771402,4.597100734710693,434500,0.0,0.0
2023-05-29,4.646684590744801,4.646684590744801,4.490850803554632,4.512100696563721,648800,0.0,0.0
2023-05-30,4.51918421940739,4.582934236195616,4.462517387701874,4.512100696563721,236700,0.0,0.0
2023-05-31,4.533350270584617,4.632517211702897,4.469599925270982,4.618350505828857,342100,0.0,0.0
2023-06-01,4.604183969939612,4.731684327513238,4.568767035066477,4.710434436798096,494200,0.0,0.0
2023-06-02,4.745851496795189,4.887518912344286,4.667934772892188,4.689184665679932,376600,0.0,0.0
2023-06-05,4.6537682045884905,4.7529351620122595,4.611268079978304,4.724601745605469,298900,0.0,0.0
2023-06-06,4.724601745605469,4.809601994825842,4.703351514419892,4.724601745605469,448600,0.0,0.0
2023-06-07,4.717517973969597,4.915852216124184,4.582934084250582,4.696268081665039,1101300,0.0,0.0
2023-06-09,4.717517347200345,4.7600174639238455,4.646683819327843,4.660850524902344,387700,0.0,0.0
2023-06-12,4.689183906774955,4.689183906774955,4.547516851914434,4.604183673858643,478300,0.0,0.0
2023-06-13,4.611267496419242,4.611267496419242,4.455433388141838,4.476683616638184,585000,0.0,0.0
2023-06-14,4.505016936269123,4.61835058520943,4.483766708212357,4.554600238800049,339800,0.0,0.0
2023-06-15,4.554600364262485,4.632517418935731,4.505017060365722,4.568767070770264,773900,0.0,0.0
2023-06-16,4.582933446749114,4.618350379344695,4.51918344094233,4.604183673858643,365600,0.0,0.0
2023-06-19,4.568767195844872,4.63251754575557,4.483766954471231,4.5829339027404785,347200,0.0,0.0
2023-06-20,4.604183568382548,4.653767205328282,4.5333500425749955,4.61126708984375,343900,0.0,0.0
2023-06-21,4.639600539094595,4.710434065496465,4.582933380212203,4.70335054397583,397900,0.0,0.0
2023-06-22,4.703350612261007,4.703350612261007,4.568766741263062,4.604183673858643,287300,0.0,0.0
2023-06-23,4.575850799657436,4.767101515034286,4.568767277203026,4.738768100738525,375100,0.0,0.0
2023-06-26,4.710434585589206,4.781268119812012,4.667934465055523,4.781268119812012,294700,0.0,0.0
2023-06-27,4.8450182899491825,4.8450182899491825,4.590017238435825,4.6537675857543945,317800,0.0,0.0
2023-06-28,4.6325178146362305,4.689184645507715,4.590017691482617,4.6325178146362305,256800,0.0,0.0
2023-06-29,4.597100085492577,4.781267591898335,4.597100085492577,4.70335054397583,331200,0.0,0.0
2023-06-30,4.76710173712819,5.04335270826254,4.738768321512408,5.000852584838867,910000,0.0,0.0
2023-07-03,5.022102388257389,5.022102388257389,4.795434744850247,4.84501838684082,1269100,0.0,0.0
2023-07-04,4.845018488467461,5.029185678168006,4.774184616206315,4.802518367767334,1108700,0.0,0.0
2023-07-05,4.781267868693676,4.986685276031494,4.752934456492661,4.986685276031494,1886100,0.0,0.0
2023-07-06,4.95835164127621,5.029185168599405,4.915851524882293,5.015018463134766,528000,0.0,0.0
2023-07-07,5.064602909631523,5.1991868019104,5.022102786453081,5.1991868019104,1030800,0.0,0.0
2023-07-10,5.192103279166849,5.291270233249881,5.163769863714554,5.1991868019104,570400,0.0,0.0
2023-07-11,5.213353492031322,5.213353492031322,4.972519123739148,5.177936553955078,673400,0.0,0.0
2023-07-12,5.206270357239958,5.390437908541549,5.206270357239958,5.277103900909424,377500,0.0,0.0
2023-07-13,5.227519811930192,5.3904371070259325,5.227519811930192,5.369186878204346,474200,0.0,0.0
2023-07-14,5.326686733722636,5.355020146846618,5.234602972189228,5.3125200271606445,361100,0.0,0.0
2023-07-17,5.390436726497187,5.390436726497187,5.213352737274976,5.326686382293701,500700,0.0,0.0
2023-07-18,5.298352809150562,5.517936908545517,5.291269287672873,5.468353271484375,560300,0.0,0.0
2023-07-19,5.397519706108444,5.4541865264726965,5.319602996988043,5.376269817352295,465400,0.0,0.0
2023-07-20,5.532104288795407,5.617104530334473,5.454187231837461,5.617104530334473,955900,0.0,0.0
2023-07-21,5.638354759599707,5.673771695788119,5.546270995718584,5.617104530334473,982900,0.0,0.0
2023-07-24,5.588771116488117,5.666688173446063,5.546270995718584,5.617104530334473,337100,0.0,0.0
2023-07-25,5.680854789104157,5.978355274262305,5.680854789104157,5.92877197265625,1193900,0.0,0.0
2023-07-26,5.8862730188050945,5.971273265851857,5.815439141838501,5.9500226974487305,448700,0.0,0.0
2023-07-27,5.9500224028171385,5.999606384447234,5.808355331420898,5.808355331420898,399200,0.0,0.0
2023-07-28,5.843771868511472,5.843771868511472,5.666687872495973,5.744604587554932,1718100,0.0,0.0
2023-07-31,5.723354240165216,6.006688340956848,5.723354240165216,5.9783549308776855,924600,0.0,0.0
2023-08-01,5.921688941232171,5.950022355285076,5.801271762626855,5.914606094360352,500200,0.0,0.0
2023-08-02,5.928772962666747,6.084607090835644,5.893356023239007,6.042106628417969,1675800,0.0,0.0
2023-08-03,6.091690192082259,6.339607399868631,6.091690192082259,6.141273498535156,709200,0.0,0.0
2023-08-04,6.134190138451054,6.297107782644263,6.112940245911733,6.2333574295043945,289000,0.0,0.0
2023-08-07,6.325440295375479,6.325440295375479,6.127105741566588,6.183772563934326,293600,0.0,0.0
2023-08-08,6.183773410947077,6.26877433166336,6.049189858269778,6.19085693359375,377700,0.0,0.0
2023-08-09,6.190856954318165,6.26877435264861,6.127106601328493,6.247523784637451,353900,0.0,0.0
2023-08-10,6.41044060039852,6.417524122153915,6.212106719900168,6.282939910888672,680200,0.0,0.0
2023-08-11,6.29002331428443,6.353773657839762,6.226272970729099,6.304189682006836,1504200,0.0,0.0
2023-08-14,6.30419033925602,6.30419033925602,6.098772919451638,6.16252326965332,2061100,0.0,0.0
2023-08-15,6.247524713716972,6.3183585999108525,6.027940882455547,6.134191036224365,799700,0.0,0.0
2023-08-16,6.122758656500327,6.215743872376885,6.022619839681111,6.029772758483887,764100,0.084018,0.0
2023-08-17,6.151369910630482,6.151369910630482,5.872412204742432,5.872412204742432,841900,0.0,0.0
2023-08-18,5.8652597830064215,6.051231602702082,5.7651216355856585,6.001162528991699,658000,0.0,0.0
2023-08-21,5.972550352437037,6.036924570716498,5.886716697118087,5.986855506896973,410000,0.0,0.0
2023-08-22,6.022619576082949,6.122758388519287,6.022619576082949,6.122758388519287,413700,0.0,0.0
2023-08-23,6.129910868495894,6.25866067786823,6.129910868495894,6.251507759094238,408600,0.0,0.0
2023-08-24,6.258661055269862,6.308730125427246,6.1084531626577885,6.308730125427246,767500,0.0,0.0
2023-08-25,6.308730179550427,6.308730179550427,6.058384144475843,6.151370048522949,469700,0.0,0.0
2023-08-28,6.115606134329458,6.201439119109881,6.001162154622228,6.151370048522949,302600,0.0,0.0
2023-08-29,6.172827892956357,6.194285967812688,6.0369251605398295,6.137063980102539,500900,0.0,0.0
2023-08-30,6.179981428974456,6.179981428974456,5.986856689565894,6.001162528991699,369000,0.0,0.0
2023-08-31,6.015466939778086,6.065536007275063,5.8581061363220215,5.8581061363220215,803500,0.0,0.0
2023-09-01,5.829496225402893,6.079842973644249,5.829496225402893,6.058384895324707,983400,0.0,0.0
2023-09-04,6.022620498094581,6.036925655124139,5.765121532302921,5.786579608917236,1244200,0.0,0.0
2023-09-05,5.808036682469675,5.808036682469675,5.636370734922355,5.6578288078308105,945800,0.0,0.0
2023-09-06,5.629218139790626,5.808037015954775,5.586301650439623,5.757967948913574,761000,0.0,0.0
2023-09-08,5.700745656024958,6.036924995146781,5.693593078292124,6.029772758483887,1225900,0.0,0.0
2023-09-11,6.029773514967922,6.108453585249864,5.843801695603367,5.9367876052856445,735800,0.0,0.0
2023-09-12,5.958244499700757,6.079841381910146,5.9296335087185374,6.065535545349121,402000,0.0,0.0
2023-09-13,6.072688520455789,6.1799802492479845,5.972550392150879,5.972550392150879,374100,0.0,0.0
2023-09-14,6.036925132876022,6.036925132876022,5.786579108326293,5.865259170532227,298900,0.0,0.0
2023-09-15,5.893870349383607,5.893870349383607,5.686440467834473,5.686440467834473,478400,0.0,0.0
2023-09-18,5.700745507333025,5.757967833052884,5.650676441299304,5.679287433624268,468700,0.0,0.0
2023-09-19,5.672134104604544,5.7222035080854585,5.407482274212369,5.557690143585205,678900,0.0,0.0
2023-09-20,5.557690997454266,5.772273457333411,5.50046900815316,5.614912986755371,456200,0.0,0.0
2023-09-21,5.514773359519463,5.579148254641211,5.428940393403725,5.443245887756348,479900,0.0,0.0
2023-09-22,5.479009550715882,5.5719954361994946,5.414634995517139,5.4575514793396,368900,0.0,0.0
2023-09-25,5.450398533772379,5.450398533772379,5.335954577494711,5.393176555633545,405100,0.0,0.0
2023-09-26,5.393177496855177,5.393177496855177,5.2501225265420235,5.257275104522705,400500,0.0,0.0
2023-09-27,5.307344514667285,5.364566502792546,5.185747619366128,5.257275104522705,558700,0.0,0.0
2023-09-28,5.250122353659389,5.4289412311974345,5.250122353659389,5.364566326141357,274100,0.0,0.0
2023-09-29,5.4933165909315065,5.521927588196515,5.33595610597396,5.400331020355225,405900,0.0,0.0
2023-10-02,5.3431075996051165,5.364566013730806,5.157136155152141,5.185747146606445,778900,0.0,0.0
2023-10-03,5.164288509756668,5.192899841046951,4.992622568434408,5.021233558654785,1330900,0.0,0.0
2023-10-04,5.114220236629948,5.149983809389482,4.9854704196997375,5.128525733947754,336800,0.0,0.0
2023-10-05,5.2000525133364635,5.2000525133364635,4.9640116691589355,4.9640116691589355,497400,0.0,0.0
2023-10-06,4.899637410965906,4.978317816350136,4.806651508336359,4.928248405456543,508900,0.0,0.0
2023-10-09,4.949706365982494,5.099914243758894,4.88533146377263,5.064150333404541,692400,0.0,0.0
2023-10-10,5.064150355741612,5.257274722153117,5.064150355741612,5.200052738189697,411400,0.0,0.0
2023-10-11,5.157136909100626,5.321650304548897,5.149983989656367,5.228664398193359,602200,0.0,0.0
2023-10-13,5.200052991439944,5.214358488127497,4.964012125560337,4.971164703369141,678200,0.0,0.0
2023-10-16,5.014081825701586,5.064150896480884,4.885332006966332,4.942553997039795,659400,0.0,0.0
2023-10-17,4.935401233711068,4.97116480563067,4.8424153327941895,4.8424153327941895,377100,0.0,0.0
2023-10-18,4.856720816440807,4.9067902262747145,4.699360350072733,4.706512928009033,1327800,0.0,0.0
2023-10-19,4.67790223447599,4.820957213086581,4.67790223447599,4.742277145385742,225800,0.0,0.0
2023-10-20,4.742277044652834,4.84241552755316,4.692207632667689,4.799499034881592,268200,0.0,0.0
2023-10-23,4.727971444022089,4.949706821859499,4.727971444022089,4.928248405456543,422300,0.0,0.0
2023-10-24,4.96401250805295,5.021234499212298,4.892485019103766,4.956859588623047,277100,0.0,0.0
2023-10-25,4.956858918531959,4.978317332850853,4.8066510415094825,4.856720447540283,349400,0.0,0.0
2023-10-26,4.82810904395501,5.056997299194336,4.82810904395501,5.056997299194336,343200,0.0,0.0
2023-10-27,5.107067516162278,5.121373014036739,4.863874052296437,4.878179550170898,717200,0.0,0.0
2023-10-30,4.935401432209874,4.935401432209874,4.735124125339256,4.799499034881592,600900,0.0,0.0
2023-10-31,4.820956461882097,4.86387328984792,4.685054423913363,4.835262298583984,537500,0.0,0.0
2023-11-01,4.799498841848696,4.878179245783743,4.72797135693954,4.8424153327941895,871200,0.0,0.0
2023-11-03,5.021233775209237,5.235816552186438,4.9854698653563965,5.185747146606445,757200,0.0,0.0
2023-11-06,5.185746750914641,5.228663234821409,5.021233392070415,5.056997299194336,858700,0.0,0.0
2023-11-07,5.014081475096435,5.1929003521072366,4.992623059784365,5.1571364402771,472300,0.0,0.0
2023-11-08,5.135678217410715,5.235817037859553,5.078456229194209,5.114220142364502,253600,0.0,0.0
2023-11-09,5.1857479047377195,5.307344806730351,5.09991491782644,5.228664398193359,1045600,0.0,0.0
2023-11-10,5.264427358075849,5.371718742782554,5.171441468592045,5.3001909255981445,693200,0.0,0.0
2023-11-13,5.328801785676185,5.328801785676185,5.135677434356817,5.149982929229736,442200,0.0,0.0
2023-11-14,5.185747736441572,5.500469019305731,5.157136741733008,5.471858024597168,911500,0.0,0.0
2023-11-16,5.486163709919253,5.557691199141348,5.414636220697158,5.500469207763672,608100,0.0,0.0
2023-11-17,5.52859361568582,5.550217648349057,5.305143330488162,5.312351226806641,371400,0.059019,0.0
2023-11-20,5.398847836301424,5.398847836301424,5.175397559736324,5.348391532897949,511600,0.0,0.0
2023-11-21,5.348391810498439,5.4493047662509175,5.182606068479751,5.240270614624023,386100,0.0,0.0
2023-11-22,5.2907272643541665,5.377224083570576,5.182606068479751,5.240270614624023,410100,0.0,0.0
2023-11-23,5.2907275410885015,5.427681017198479,5.132149687189444,5.3628082275390625,327700,0.0,0.0
2023-11-24,5.333975673962371,5.341183570376502,5.225854478087955,5.240270614624023,356200,0.0,0.0
2023-11-27,5.2835196653544685,5.297935803639845,5.117733903218709,5.269103527069092,358500,0.0,0.0
2023-11-28,5.348391196801234,5.434888006092631,5.211437743569305,5.3844313621521,340100,0.0,0.0
2023-11-29,5.384432099069405,5.463721023625276,5.283519141085087,5.333975791931152,380100,0.0,0.0
2023-11-30,5.362808702954143,5.506970088635226,5.247479594409276,5.449305534362793,515600,0.0,0.0
2023-12-01,5.514177529338968,5.586258211716328,5.3628079244926115,5.478137016296387,667800,0.0,0.0
2023-12-04,5.478137704341569,5.528594360196897,5.312351942197318,5.355600357055664,353500,0.0,0.0
2023-12-05,5.348391708405352,5.564633752318627,5.312351195899239,5.463720798492432,778400,0.0,0.0
2023-12-06,5.442096765955005,5.579049888579512,5.434888525970662,5.463720798492432,661200,0.0,0.0
2023-12-07,5.478137679730582,5.615091164687328,5.427681367809782,5.586258888244629,825200,0.0,0.0
2023-12-08,5.557425825452088,5.6511308824859565,5.478136904599754,5.615090370178223,156400,0.0,0.0
2023-12-11,5.70158762900428,5.773668659204304,5.651131320313652,5.766460418701172,1040900,0.0,0.0
2023-12-12,5.8025009922578485,5.874581335768389,5.773668717370501,5.838541507720947,748400,0.0,0.0
2023-12-13,5.874581962389557,6.170113670777776,5.809709852535086,6.126864910125732,1732700,0.0,0.0
2023-12-14,6.124626073175565,6.341493157252002,6.124626073175565,6.259233474731445,727500,0.307008,0.0
2023-12-15,6.266711797853201,6.281667779537736,6.132104396820068,6.132104396820068,689400,0.0,0.0
2023-12-18,6.154538389004194,6.259233107762285,6.079757058326492,6.2517547607421875,431500,0.0,0.0
2023-12-19,6.2517548543448065,6.31905855218452,6.199407850769222,6.229320526123047,241900,0.0,0.0
2023-12-20,6.199408531188965,6.3041032630054,6.147061521868004,6.199408531188965,260800,0.0,0.0
2023-12-21,6.206886453240322,6.251755111529649,6.176973776655949,6.244277477264404,187000,0.0,0.0
2023-12-22,6.2816677345684235,6.431231829389853,6.199408052956205,6.408796787261963,430300,0.0,0.0
2023-12-26,6.408796771335222,6.453666142305036,6.334015437284808,6.393840789794922,374000,0.0,0.0
2023-12-27,6.3938408148309005,6.520969867706299,6.341493096298733,6.520969867706299,455700,0.0,0.0
2023-12-28,6.52097029750813,6.588274002075195,6.46114494082063,6.588274002075195,409600,0.0,0.0
2024-01-02,6.595751569482493,6.595751569482493,6.176974076942859,6.416275501251221,1087800,0.0,0.0
2024-01-03,6.281667505881417,6.378883878706356,6.206886174367611,6.311580181121826,647200,0.0,0.0
2024-01-04,6.296624784338887,6.296624784338887,6.057323360211356,6.0797576904296875,850000,0.0,0.0
2024-01-05,6.117148670170778,6.214365051284008,6.034888271365625,6.147061347961426,346000,0.0,0.0
2024-01-08,6.094714073003856,6.35645055770874,6.03488871304409,6.35645055770874,523700,0.0,0.0
2024-01-09,6.311580642618499,6.38636269277473,6.2068866282091575,6.296624660491943,374800,0.0,0.0
2024-01-10,6.21436465488114,6.363928034294009,6.21436465488114,6.221842288970947,346400,0.0,0.0
2024-01-11,6.214364696782188,6.2218423309224145,6.072278950501097,6.154538631439209,362000,0.0,0.0
2024-01-12,6.236799145530288,6.304102846308228,6.072279067314708,6.259233474731445,629200,0.0,0.0
2024-01-15,6.206887251227647,6.289146944116758,6.079758181106119,6.094714164733887,473800,0.0,0.0
2024-01-16,6.102191791867426,6.132104468761895,5.967584745842316,5.982541084289551,754800,0.0,0.0
2024-01-17,5.982541199490264,6.004975529299496,5.862890489608376,5.870368480682373,534000,0.0,0.0
2024-01-18,5.945149327278019,5.945149327278019,5.6460225951936645,5.6759352684021,505400,0.0,0.0
2024-01-19,5.66845733112633,5.780630042051563,5.58619729556953,5.720804691314697,519400,0.0,0.0
2024-01-22,5.72080544862574,5.765674467618077,5.556285355733234,5.646023750305176,330300,0.0,0.0
2024-01-23,5.6834144211718245,5.750718127953965,5.61611107097695,5.646023750305176,773800,0.0,0.0
2024-01-24,5.6535011699360265,5.7282828606916825,5.631066841002944,5.668457508087158,298300,0.0,0.0
2024-01-25,5.668456921806395,5.735760614818971,5.6460225951936645,5.6759352684021,304000,0.0,0.0
2024-01-26,5.660980335907857,5.735762037477277,5.616111314966206,5.653501987457275,196600,0.0,0.0
2024-01-29,5.646023179154076,5.7282828606916825,5.571241131811191,5.668457508087158,411600,0.0,0.0
2024-01-30,5.675935648529209,5.675935648529209,5.548806600585713,5.59367561340332,403100,0.0,0.0
2024-01-31,5.608632641453896,5.840456081176853,5.60115429343674,5.795587062835693,1033700,0.0,0.0
2024-02-01,5.832977445804865,5.832977445804865,5.5488066710951385,5.758195400238037,1660500,0.0,0.0
2024-02-02,5.7581954943859746,5.8180212031350464,5.6535011281027465,5.7357611656188965,354400,0.0,0.0
2024-02-05,5.735761777125254,5.795587135665255,5.653501730839119,5.750718116760254,732100,0.0,0.0
2024-02-06,5.750717637655486,5.937672045811046,5.750717637655486,5.855412006378174,1072300,0.0,0.0
2024-02-07,5.855412276827059,5.937672320059345,5.788108572674529,5.885324954986572,444900,0.0,0.0
2024-02-08,5.892803171873868,5.915237501701355,5.668457734075534,5.765674114227295,539300,0.0,0.0
2024-02-09,5.765673407541557,5.855411429027004,5.6609790491418694,5.773151397705078,556100,0.0,0.0
2024-02-14,5.7581956749384995,5.765674022486832,5.660979652920833,5.683413982391357,297000,0.0,0.0
2024-02-15,5.660979652920833,5.765674022486832,5.541328588258168,5.683413982391357,686800,0.0,0.0
2024-02-16,5.683413763104544,5.803064823150635,5.593675735510393,5.803064823150635,471500,0.0,0.0
2024-02-19,5.818020756019917,5.885324093736115,5.698369704304189,5.862889766693115,597900,0.0,0.0
2024-02-20,5.862890284195674,6.0348879953311405,5.788108236552321,6.004975318908691,620100,0.0,0.0
2024-02-21,6.072279371777154,6.094713702103163,5.8479342855808065,5.885324954986572,801100,0.0,0.0
2024-02-22,5.975062532018292,5.9825408792792585,5.8554118285406185,5.907759189605713,1207500,0.0,0.0
2024-02-23,5.900281117308065,6.0498448602123105,5.728283044749889,5.832977771759033,1031000,0.0,0.0
2024-02-26,5.892803053606144,6.034888090561253,5.818021361369972,5.982541084289551,754400,0.0,0.0
2024-02-27,5.990019337284697,6.124626024598487,5.960106304275018,6.004975318908691,1132000,0.0,0.0
2024-02-28,5.990019885417362,6.027410912660603,5.88532515177119,5.96010684967041,642000,0.0,0.0
2024-02-29,5.960106714607126,6.004975732329871,5.84793434859389,5.945150375366211,680100,0.0,0.0
2024-03-01,5.990019295150925,6.117148347345723,5.960106262351654,6.07227897644043,901100,0.0,0.0
2024-03-04,6.064800855345476,6.169495582580566,6.012453848315173,6.169495582580566,674700,0.0,0.0
2024-03-05,6.184452516008755,6.311580864667704,6.102192115307982,6.281668186187744,796500,0.0,0.0
2024-03-06,6.319058784855762,6.378884137766214,6.2667117793527325,6.326537132263184,437500,0.0,0.0
2024-03-07,6.580794866903919,6.66305454421449,6.438709126888616,6.528447151184082,1539700,0.0,0.0
2024-03-08,6.49853482390957,6.767749624365883,6.416275142200397,6.730358600616455,992100,0.0,0.0
2024-03-11,6.730358303969556,6.842530657099277,6.618185950839835,6.782705307006836,999400,0.0,0.0
2024-03-12,6.8200973354351335,6.857488363053681,6.730359297055339,6.82757568359375,576000,0.0,0.0
2024-03-13,6.835054377257583,7.0668774764968445,6.8275760287209435,7.059399127960205,1234800,0.0,0.0
2024-03-14,7.066876534681988,7.134180236192922,6.909834802214634,6.962182521820068,585700,0.0,0.0
2024-03-15,6.929737567901611,6.9902592366756275,6.793563452422475,6.929737567901611,913700,0.107114,0.0
2024-03-18,6.967563468580553,7.345824241638184,6.95999807996536,7.345824241638184,2549700,0.0,0.0
2024-03-19,7.315562823892694,7.41391070360339,7.270171217305023,7.338258266448975,1721900,0.0,0.0
2024-03-20,7.360953296120946,7.429040341445817,7.1113012775797975,7.133997440338135,1582700,0.0,0.0
2024-03-21,7.141563688202333,7.285303198274412,7.073477349272392,7.111302852630615,762100,0.0,0.0
2024-03-22,7.133999867734352,7.141564536419328,7.0053911209106445,7.0053911209106445,583300,0.0,0.0
2024-03-25,6.997824430556897,7.04321604160959,6.869215707628648,6.8843464851379395,1107000,0.0,0.0
2024-03-26,6.846520900726318,6.8843471265486125,6.785999228000747,6.846520900726318,825600,0.0,0.0
2024-03-27,6.884346667798219,7.096172508222336,6.838955055541165,7.043216228485107,791600,0.0,0.0
2024-03-28,7.043216300207944,7.2550421427891365,6.990259298456239,7.194520473480225,910600,0.0,0.0
2024-04-01,7.194520157419424,7.217215602044436,6.99025899136879,7.156693935394287,1428200,0.0,0.0
2024-04-02,7.103738184844109,7.217216137869241,6.9070423928903315,7.111302852630615,1236500,0.0,0.0
2024-04-03,7.096172823971684,7.1037382132636875,6.975129481200563,6.982694149017334,504200,0.0,0.0
2024-04-04,6.959998292304378,7.133998628386462,6.884346568269933,6.9221720695495605,616900,0.0,0.0
2024-04-05,6.922172274478767,7.01295550036802,6.884346772079325,6.952433109283447,415300,0.0,0.0
2024-04-08,6.937303094420606,7.088607269355718,6.861650646215443,7.020520210266113,1182300,0.0,0.0
2024-04-09,7.0053900765210715,7.224781308134681,7.0053900765210715,7.194520473480225,323400,0.0,0.0
2024-04-10,7.194520341818166,7.194520341818166,6.944868280118814,6.990259170532227,520100,0.0,0.0
2024-04-11,6.990260214356968,7.005390994404314,6.869216859879405,6.914608478546143,420600,0.0,0.0
2024-04-12,6.907042002767865,6.937302836630394,6.695216165730158,6.710346221923828,587200,0.0,0.0
2024-04-15,6.710346800843486,6.710346800843486,6.437999272584567,6.52121639251709,1149100,0.0,0.0
2024-04-16,6.490955215069473,6.490955215069473,6.241303146911048,6.400172710418701,1116200,0.0,0.0
2024-04-17,6.422868817234509,6.490955883098702,6.316956244979353,6.347217082977295,378600,0.0,0.0
2024-04-18,6.581737213801713,6.69521587699882,6.490954716129122,6.528780937194824,1635900,0.0,0.0
2024-04-19,6.528781318023346,6.68008548963668,6.445564204004813,6.5060858726501465,584400,0.0,0.0
2024-04-22,6.506085457970222,6.596867955151997,6.445563793182373,6.445563793182373,893700,0.0,0.0
2024-04-23,6.437999030205122,6.4606944763367755,6.369911970334939,6.422868251800537,486400,0.0,0.0
2024-04-24,6.422868156212591,6.445564323481694,6.316955594857631,6.400172710418701,510600,0.0,0.0
2024-04-25,6.392608148051623,6.392608148051623,6.248869344134382,6.309391021728516,955300,0.0,0.0
2024-04-26,6.35478141460907,6.634695053100586,6.35478141460907,6.634695053100586,333100,0.0,0.0
2024-04-29,6.672520174235769,6.702781008891989,6.581737670267109,6.657390117645264,493600,0.0,0.0
2024-04-30,6.657391038095926,6.664956428174774,6.483390673658971,6.589303970336914,803800,0.0,0.0
2024-05-02,6.596868820364524,6.8843471265486125,6.596868820364524,6.846520900726318,2888200,0.0,0.0
2024-05-03,6.95999874240271,7.1339990897372765,6.929737906536946,7.05078125,801400,0.0,0.0
2024-05-06,7.050780895965282,7.118867953613263,6.982693838317301,7.043216228485107,568700,0.0,0.0
2024-05-07,7.1113033234383245,7.149129550776085,6.990259973137714,7.012956142425537,293600,0.0,0.0
2024-05-08,7.028086602198375,7.0734782218933105,6.914608635174012,7.0734782218933105,402600,0.0,0.0
2024-05-09,7.1113033234383245,7.179390388351237,6.869216622837105,7.012956142425537,1187100,0.0,0.0
2024-05-10,6.982693737367192,7.118867850694459,6.884346568269933,6.9221720695495605,738500,0.0,0.0
2024-05-13,6.952433745799954,7.073477817575842,6.922172908224803,7.012956142425537,530600,0.0,0.0
2024-05-14,7.01295554262577,7.073477212599815,6.967563929407628,7.020520210266113,434300,0.0,0.0
2024-05-15,7.020519824693864,7.156693935394287,7.012955157468977,7.156693935394287,726000,0.0,0.0
2024-05-16,7.179389982798303,7.224781597334567,7.0205204141342366,7.05078125,723000,0.0,0.0
2024-05-17,7.024114221656137,7.0317493033262455,6.802701950073243,6.802701950073242,1179200,0.085072,0.0
2024-05-20,6.825606581554466,7.069924102249434,6.733987784339407,6.970670223236084,906200,0.0,0.0
2024-05-21,6.970668800252759,6.993573312850457,6.711081897074421,6.924859046936035,594400,0.0,0.0
2024-05-22,6.909591335805437,6.909591335805437,6.6652738041239195,6.69581413269043,684800,0.0,0.0
2024-05-23,6.69581447333924,6.69581447333924,6.566020982814379,6.665274143218994,438200,0.0,0.0
2024-05-24,6.726352491459139,6.779796600341797,6.6347329789154745,6.779796600341797,478400,0.0,0.0
2024-05-27,6.7187181171269215,6.825606346130371,6.650003839555303,6.825606346130371,334300,0.0,0.0
2024-05-28,6.840876199676706,6.894320311760288,6.749257409767099,6.764526844024658,559300,0.0,0.0
2024-05-29,6.764527511780675,6.764527511780675,6.634734031232564,6.756893157958984,379800,0.0,0.0
2024-05-31,6.756891735553032,6.795065680989886,6.627098282327984,6.7110819816589355,367000,0.0,0.0
2024-06-03,6.70344739785824,6.70344739785824,6.451495553081569,6.5278449058532715,4418100,0.0,0.0
2024-06-04,6.512575574332015,6.5812898549625825,6.4056873405702275,6.550750255584717,794700,0.0,0.0
2024-06-05,6.56602004130492,6.581289476053994,6.443860922705117,6.474400520324707,480300,0.0,0.0
2024-06-06,6.451496375576284,6.596560018712257,6.413321694323582,6.550750255584717,284900,0.0,0.0
2024-06-07,6.512574923777753,6.55074960121711,6.420956134796143,6.420956134796143,232600,0.0,0.0
2024-06-10,6.405687402343466,6.482036037463655,6.314068603326344,6.32170295715332,669800,0.0,0.0
2024-06-11,6.298798370410499,6.428591849626252,6.298798370410499,6.40568733215332,407600,0.0,0.0
2024-06-12,6.474400411363864,6.581289365294265,6.15373500581552,6.169004440307617,970200,0.0,0.0
2024-06-13,6.23771897592522,6.23771897592522,5.993401824832003,6.077385902404785,766900,0.0,0.0
2024-06-14,6.0315760730576455,6.107925063539752,5.939957284479118,6.062115669250488,617300,0.0,0.0
2024-06-17,6.062115717615031,6.062115717615031,5.939957331869062,6.0239410400390625,517300,0.0,0.0
2024-06-18,5.993401706250037,6.130829896236737,5.978131907362626,6.100290298461914,303200,0.0,0.0
2024-06-19,6.039211137620441,6.1079254150390625,5.9781319417197665,6.1079254150390625,422500,0.0,0.0
2024-06-20,6.184275311014855,6.2148149116172355,6.0392116620624146,6.069751262664795,606900,0.0,0.0
2024-06-21,6.09265553138452,6.13846492767334,5.985766940043941,6.13846492767334,343600,0.0,0.0
2024-06-24,6.138465027466789,6.44386100769043,6.107925429444425,6.44386100769043,768900,0.0,0.0
2024-06-25,6.436227218509165,6.48967133770313,6.3751480171099155,6.4133219718933105,518800,0.0,0.0
2024-06-26,6.405686700693247,6.4591308122355,6.329337345814533,6.420956134796143,285200,0.0,0.0
2024-06-27,6.398051443014212,6.581289015920629,6.382781281211315,6.5278449058532715,524300,0.0,0.0
2024-06-28,6.512574661778951,6.657638284588361,6.443860390776743,6.558384418487549,482100,0.0,0.0
2024-07-01,6.588924593210633,6.6423687073043,6.459131120593348,6.4820356369018555,782800,0.0,0.0
2024-07-02,6.482036061189868,6.581289942518755,6.382782179860981,6.5202107429504395,878100,0.0,0.0
2024-07-03,6.4973052282903385,6.642368122978368,6.4973052282903385,6.558384418487549,980700,0.0,0.0
2024-07-04,6.558385900284318,6.7187189928078785,6.550750817754256,6.665274143218994,1999400,0.0,0.0
2024-07-05,6.749257005534367,6.779796600341797,6.619463545572446,6.779796600341797,1155900,0.0,0.0
2024-07-08,6.779797855201931,6.840877056121826,6.695814135967453,6.840877056121826,923700,0.0,0.0
2024-07-09,6.8943210520949325,6.8943210520949325,6.756893216533784,6.863781452178955,511600,0.0,0.0
2024-07-10,6.947765350341797,6.985939301136367,6.901955590018298,6.947765350341797,462900,0.0,0.0
2024-07-11,6.94776636437516,7.253162384033203,6.940131281853322,7.253162384033203,1444200,0.0,0.0
2024-07-12,7.184446811676025,7.260796166985967,7.176811730520749,7.184446811676025,343700,0.0,0.0
2024-07-15,7.184447102088972,7.214986699823152,7.08519322742253,7.100463390350342,541000,0.0,0.0
2024-07-16,7.100463390350342,7.1691776672826055,7.047018548224445,7.100463390350342,470400,0.0,0.0
2024-07-17,7.176812020625067,7.3524152536876795,7.08519322742253,7.100463390350342,1424800,0.0,0.0
2024-07-18,7.14627256017755,7.14627256017755,6.955399888641725,7.031749248504639,566800,0.0,0.0
2024-07-19,7.1004631659169775,7.115732600240704,6.947765182072601,7.008844375610352,335500,0.0,0.0
2024-07-22,6.947764397638719,7.131001957563624,6.947764397638719,7.0851922035217285,264200,0.0,0.0
2024-07-23,7.0851925319300975,7.092827612644533,6.963034152984619,6.963034152984619,300300,0.0,0.0
2024-07-24,7.054654259341459,7.054654259341459,6.833241973976462,6.840877056121826,319800,0.0,0.0
2024-07-25,6.848511956912682,6.871416474620734,6.71108339442139,6.756893157958984,328700,0.0,0.0
2024-07-26,6.764527570421655,6.932495734020278,6.756893216533784,6.863781452178955,265200,0.0,0.0
2024-07-29,6.8485109177516,6.863780351199559,6.695812942665116,6.741621971130371,288000,0.0,0.0
2024-07-30,6.718718650993803,6.741623169297176,6.642369285820546,6.69581413269043,299200,0.0,0.0
2024-07-31,6.87141622886129,7.062288901885214,6.680543555837365,6.802701950073242,515300,0.0,0.0
2024-08-01,6.802702373516515,6.955400375816252,6.802702373516515,6.840877056121826,403600,0.0,0.0
2024-08-02,6.833241955161517,6.955400356664951,6.817972519034342,6.8866868019104,356200,0.0,0.0
2024-08-05,6.741621747685388,6.741621747685388,6.581288697128328,6.604193210601807,840600,0.0,0.0
2024-08-06,6.604194673666426,6.741623241195335,6.466766834259033,6.466766834259033,897800,0.0,0.0
2024-08-07,6.634732723236084,6.680542477742569,6.497304915959324,6.634732723236084,405100,0.0,0.0
2024-08-08,6.642369231287536,6.71108351375503,6.405687511812282,6.489671230316162,1344400,0.0,0.0
2024-08-09,6.55074984909972,6.688178401833183,6.5278453330179556,6.5660200119018555,510700,0.0,0.0
2024-08-12,6.695813775017944,6.703448128630256,6.535480699215876,6.573654651641846,388700,0.0,0.0
2024-08-13,6.5278456520425125,6.642368966169681,6.504941134841373,6.581289768218994,284800,0.0,0.0
2024-08-14,6.5812889152592176,6.7950660803802965,6.566019481811259,6.741621971130371,764500,0.0,0.0
2024-08-15,6.909590107786195,6.947764783588161,6.688177861880447,6.741621971130371,587600,0.0,0.0
2024-08-16,6.780404649865554,6.780404649865554,6.556959530866654,6.587779521942139,772400,0.080334,0.0
2024-08-19,6.626305821251764,6.680240631103516,6.580075459374066,6.680240631103516,342400,0.0,0.0
2024-08-20,6.687945608673284,6.741880416870117,6.587780440017274,6.741880416870117,812600,0.0,0.0
2024-08-21,6.749585457185832,6.749585457185832,6.595485483580213,6.657125473022461,352100,0.0,0.0
2024-08-22,6.695650033396175,6.711060398431815,6.518435244326203,6.5723700523376465,606000,0.0,0.0
2024-08-23,6.626305617932147,6.780405594784991,6.5723700749286635,6.741880416870117,519700,0.0,0.0
2024-08-26,6.780405837002035,6.8651606435971395,6.680240664767814,6.795815467834473,394000,0.0,0.0
2024-08-27,6.74187926871864,6.8497496015484876,6.7264689062544365,6.803519248962402,298300,0.0,0.0
2024-08-28,6.795815254361329,6.8035204369388484,6.695650085273541,6.7495856285095215,259200,0.0,0.0
2024-08-29,6.726469499194657,6.7572902268399195,6.587779898823926,6.618599891662598,814800,0.0,0.0
2024-08-30,6.6186000915326,6.6186000915326,6.356629777089549,6.39515495300293,931500,0.0,0.0
2024-09-02,6.395154199890115,6.402859381126728,6.125478735060868,6.279578685760498,1947400,0.0,0.0
2024-09-03,6.271875518843554,6.549255486690637,6.271875518843554,6.356630325317383,4147300,0.0,0.0
2024-09-04,6.356629945417341,6.649420261383057,6.356629945417341,6.649420261383057,2604700,0.0,0.0
2024-09-05,6.6108953176889695,6.641715313361847,6.533844961103445,6.595485687255859,410500,0.0,0.0
2024-09-06,6.56466528804223,6.6648297167168185,6.510729747825205,6.556960105895996,534200,0.0,0.0
2024-09-09,6.4876150072573715,6.556960177719846,6.456795013141452,6.518435001373291,370800,0.0,0.0
2024-09-10,6.503025158636887,6.549255520923047,6.410565168871246,6.47220516204834,206400,0.0,0.0
2024-09-11,6.4645001953720875,6.603189801490415,6.4645001953720875,6.518435001373291,222500,0.0,0.0
2024-09-12,6.495320796966553,6.518435611013663,6.395155623020154,6.495320796966553,327400,0.0,0.0
2024-09-13,6.487614783952822,6.734174728393555,6.487614783952822,6.734174728393555,558500,0.0,0.0
2024-09-16,6.780405594784991,6.79581522506695,6.672535243584675,6.741880416870117,299100,0.0,0.0
2024-09-17,6.695649506355984,6.741879863017289,6.618599891662598,6.618599891662598,249600,0.0,0.0
2024-09-18,6.703354735338463,6.872865064544764,6.626305120104032,6.734174728393555,617600,0.0,0.0
2024-09-19,6.834339841533306,6.834339841533306,6.572369535001294,6.618599891662598,656100,0.0,0.0
2024-09-20,6.61860006096981,6.61860006096981,6.341219383519625,6.387449741363525,759900,0.0,0.0
2024-09-23,6.379743837416889,6.379743837416889,6.248758695620572,6.279578685760498,500400,0.0,0.0
2024-09-24,6.333515269602399,6.387450077587138,6.225644918826274,6.302695274353027,627400,0.0,0.0
2024-09-25,6.279579658346066,6.333515200549405,6.171710043552669,6.179415225982666,270500,0.0,0.0
2024-09-26,6.171709783347701,6.279579393593216,6.171709783347701,6.225644588470459,212300,0.0,0.0
2024-09-27,6.202529979682083,6.279579598831901,6.1331848080826035,6.164004802703857,332400,0.0,0.0
2024-09-30,6.179415218541763,6.210235213417999,6.086954866509735,6.148594856262207,577200,0.0,0.0
2024-10-01,6.1640050446655215,6.271875397477566,6.13318504883446,6.217939853668213,851900,0.0,0.0
2024-10-02,6.2179395493501035,6.37974470324578,6.210235101874406,6.310399532318115,705600,0.0,0.0
2024-10-03,6.310399489817111,6.310399489817111,6.1100695280689905,6.194824695587158,392000,0.0,0.0
2024-10-04,6.210234959066789,6.2333497705755985,6.125479425523474,6.225644588470459,370100,0.0,0.0
2024-10-07,6.233350145292565,6.294990136225941,6.164004971790853,6.256464958190918,474100,0.0,0.0
2024-10-08,6.318105007694994,6.356630186087157,6.241055385717328,6.271875381469727,655300,0.0,0.0
2024-10-09,6.271875589249987,6.28728522023336,6.194825229913068,6.210235595703125,922200,0.0,0.0
2024-10-10,6.187119067040194,6.271874595847713,6.171709438497552,6.202529430389404,388300,0.0,0.0
2024-10-11,6.187119944025732,6.241055488586426,6.094659955244552,6.241055488586426,462600,0.0,0.0
2024-10-14,6.279579771089271,6.302695318794277,6.2102353323942125,6.256464958190918,753400,0.0,0.0
2024-10-15,6.294989960988191,6.42597512177696,6.279579596280509,6.325809955596924,713000,0.0,0.0
2024-10-16,6.325809724828068,6.441384516692925,6.256464555786511,6.379744529724121,1113400,0.0,0.0
2024-10-17,6.37974431164218,6.37974431164218,6.241054713106568,6.33351469039917,473400,0.0,0.0
2024-10-18,6.333514280787974,6.3643342712256015,6.225643946853012,6.294989109039307,541600,0.0,0.0
2024-10-21,6.3489250786864915,6.3489250786864915,6.210235463560462,6.2333502769470215,363100,0.0,0.0
2024-10-22,6.194825040496583,6.264170214818136,6.12547986617503,6.217939853668213,371300,0.0,0.0
2024-10-23,6.210234711690593,6.217939158682228,6.148594359514751,6.1717095375061035,225400,0.0,0.0
2024-10-24,6.1717100536615215,6.3258100284806655,6.125479693812457,6.287284851074219,906400,0.0,0.0
2024-10-25,6.24105488174707,6.348924490766576,6.210234888483411,6.264169692993164,337900,0.0,0.0
2024-10-28,6.256464360360444,6.54925465672001,6.256464360360444,6.441384315490723,672100,0.0,0.0
2024-10-29,6.395155127168229,6.503024740895473,6.302695143342033,6.325809955596924,278100,0.0,0.0
2024-10-30,6.302695991985665,6.618601162962735,6.264170809835765,6.526141166687012,780300,0.0,0.0
2024-10-31,6.503024952204744,6.626305669452188,6.487615321802974,6.533844947814941,867700,0.0,0.0
2024-11-01,6.533844735504205,6.533844735504205,6.302695143342033,6.325809955596924,1320200,0.0,0.0
2024-11-04,6.38744978638872,6.664829730987549,6.38744978638872,6.664829730987549,977900,0.0,0.0
2024-11-05,6.66483029430099,6.711060656378173,6.541550308504071,6.68794584274292,621800,0.0,0.0
2024-11-06,6.572369211847439,6.741879531528857,6.503024047668379,6.703354358673096,831700,0.0,0.0
2024-11-07,6.934505526385439,7.034670694387804,6.764995185550156,6.788110733032227,1903600,0.0,0.0
2024-11-08,6.818930941693322,6.857455385756295,6.703355405084395,6.834340572357178,569800,0.0,0.0
2024-11-11,6.903684457907676,6.926799266989466,6.788109677692197,6.919094085693359,574300,0.0,0.0
2024-11-12,6.942211814430374,6.949916998151452,6.849751814197728,6.872866630554199,431300,0.0,0.0
2024-11-13,6.888274669647217,6.980735383296644,6.834339865690545,6.888274669647217,989600,0.0,0.0
2024-11-14,6.934505090873618,7.119425050276663,6.857454740385715,7.065490245819092,1508600,0.0,0.0
2024-11-18,7.043234404101745,7.0997098911197,6.8576741780136246,6.898013591766357,1205000,0.412415,0.0
2024-11-19,6.962557217645398,7.019031942323071,6.857675036522278,6.914149761199951,453500,0.0,0.0
2024-11-21,6.881878851020107,6.8980149274097124,6.712453895981606,6.849607467651367,419600,0.0,0.0
2024-11-22,6.898014395381583,6.898014395381583,6.704386110103254,6.809267520904541,350700,0.0,0.0
2024-11-25,6.7366566982447775,6.938352997360965,6.7366566982447775,6.865742206573486,452200,0.0,0.0
2024-11-26,6.889946059921827,7.115845716313093,6.793131921468427,7.059370994567871,569600,0.0,0.0
2024-11-27,7.115846028453184,7.15618544693087,6.809267525197345,6.841538906097412,621400,0.0,0.0
2024-11-28,6.785064132480951,6.793132169999836,6.48655366897583,6.48655366897583,1221700,0.0,0.0
2024-11-29,6.486553763137414,6.502689838409424,6.325196857469402,6.502689838409424,679300,0.0,0.0
2024-12-02,6.534960608638648,6.534960608638648,6.309060577115919,6.325196266174316,1094900,0.0,0.0
2024-12-03,6.333264826503996,6.438147012775652,6.276790099054049,6.317129135131836,440500,0.0,0.0
2024-12-04,6.317128229292531,6.454281778641491,6.300992540234135,6.325196266174316,477700,0.0,0.0
2024-12-05,6.34133241442291,6.559164424837561,6.34133241442291,6.510756969451904,717200,0.0,0.0
2024-12-06,6.51075700755473,6.518825045067956,6.413942865627234,6.454282283782959,735100,0.0,0.0
2024-12-09,6.446213783743264,6.607570675378134,6.446213783743264,6.518824577331543,1073400,0.0,0.0
2024-12-10,6.518824584163618,6.680181475967599,6.502689279688395,6.551095962524414,384800,0.0,0.0
2024-12-11,6.567232612794886,6.672114794025232,6.462350431564539,6.599503993988037,561800,0.0,0.0
2024-12-12,6.583367298436177,6.599503372217706,6.276789205985406,6.3574676513671875,1185100,0.0,0.0
2024-12-13,6.3574680857646895,6.494621644637829,6.341332395585802,6.38167142868042,509700,0.0,0.0
2024-12-16,6.381671357948738,6.4139427379488305,6.228382110595703,6.228382110595703,974100,0.0,0.0
2024-12-17,6.260653977292781,6.309061048081515,6.204178869019991,6.2929253578186035,447100,0.0,0.0
2024-12-18,6.252585811190366,6.2606538485084595,6.018618114838368,6.067025184631348,786300,0.0,0.0
2024-12-19,6.067025254259802,6.268721573064589,5.986346803678926,6.2203145027160645,582700,0.0,0.0
2024-12-20,6.268721580505371,6.365535721317337,6.179975092408469,6.268721580505371,416600,0.0,0.0
2024-12-23,6.204179233266723,6.300993380528139,6.1154327392578125,6.1154327392578125,375900,0.0,0.0
2024-12-26,6.115432302137761,6.236450169917005,6.0750932693481445,6.0750932693481445,582900,0.0,0.0
2024-12-27,6.179974581157422,6.179974581157422,6.042821034000847,6.091228485107422,589000,0.0,0.0
2024-12-30,6.067025613113743,6.1154326863254616,5.994414810943554,6.042821884155273,780100,0.0,0.0
2025-01-02,6.034754226364204,6.058957955304191,5.865329277899958,5.994414806365967,635500,0.0,0.0
2025-01-03,5.9298715267980615,6.018618012258548,5.703971871614334,5.752378940582275,4482300,0.0,0.0
2025-01-06,5.752378943514505,5.816921702171327,5.679768147672986,5.768514633178711,1897200,0.0,0.0
2025-01-07,5.768515068238103,5.881464904406179,5.768515068238103,5.808854103088379,349900,0.0,0.0
2025-01-08,5.808854103088379,5.8330578317627175,5.703972304713488,5.808854103088379,847800,0.0,0.0
2025-01-09,5.808854577944343,5.808854577944343,5.6959047325429655,5.728176116943359,446200,0.0,0.0
2025-01-10,5.736243194169583,5.760446536061482,5.647496709587189,5.695903778076172,248700,0.0,0.0
2025-01-13,5.6959047325429655,5.800786924196869,5.671701386595294,5.728176116943359,870700,0.0,0.0
2025-01-14,5.744311382753512,5.849193566622197,5.744311382753512,5.784650802612305,745600,0.0,0.0
2025-01-15,5.808853732112041,5.929871598344623,5.808853732112041,5.889532566070557,1335000,0.0,0.0
2025-01-16,5.865329694602479,5.897601079011702,5.77658319512449,5.792718887329102,393200,0.0,0.0
2025-01-17,5.792717942723886,5.905668154442885,5.768514600716376,5.841125011444092,395300,0.0,0.0
2025-01-20,5.873397311223492,5.94600772857666,5.784650818119375,5.94600772857666,241400,0.0,0.0
2025-01-21,6.155771700507583,6.276789567910844,6.107364630487318,6.244517803192139,724400,0.0,0.0
2025-01-22,6.317128229292531,6.325196266174316,6.1961103690019685,6.325196266174316,462500,0.0,0.0
2025-01-23,6.325196635301175,6.3493999779486465,6.196110730595612,6.228382110595703,353400,0.0,0.0
2025-01-24,6.220314522154752,6.389739461256648,6.188043141821552,6.349400043487549,380700,0.0,0.0
2025-01-27,6.244517502644198,6.647910118103027,6.244517502644198,6.647910118103027,1452000,0.0,0.0
2025-01-28,6.647910187856103,6.647910187856103,6.4946213309139225,6.534960746765137,808800,0.0,0.0
2025-01-29,6.567232518893786,6.63177528035723,6.5188250630910005,6.583367824554443,332200,0.0,0.0
2025-01-30,6.599503657275823,6.873810768127441,6.567232277729184,6.873810768127441,825700,0.0,0.0
2025-01-31,6.8738112583436015,7.002896785736084,6.825403800866203,7.002896785736084,504500,0.0,0.0
2025-02-03,6.889946899921496,7.0835752004348205,6.889946899921496,7.043235778808594,400000,0.0,0.0
2025-02-04,6.994828224182129,7.0432349086246315,6.914149390897456,6.994828224182129,207700,0.0,0.0
2025-02-05,7.172321796417236,7.29333928706863,7.0432354984691905,7.172321796417236,1040100,0.0,0.0
2025-02-06,7.180388561379597,7.2933387756347665,7.107778533726688,7.293338775634766,665500,0.0,0.0
2025-02-07,7.19652557484196,7.3175430727945106,7.1561861523876145,7.22879695892334,444600,0.0,0.0
2025-02-10,7.236864100189747,7.3014068603515625,7.220728025444097,7.3014068603515625,762400,0.0,0.0
2025-02-11,7.258602446641259,7.393803292189309,7.241701938017449,7.326202869415283,745300,0.409345,0.0
2025-02-12,7.26705270597727,7.30085291738765,7.148751563110635,7.2163519859313965,426100,0.0,0.0
2025-02-13,7.174101600108932,7.292402744293213,7.157201897145814,7.292402744293213,519400,0.0,0.0
2025-02-14,7.292402351555639,7.537454075278016,7.224801931622609,7.478303909301758,464600,0.0,0.0
2025-02-17,7.478304952449109,7.723356710353711,7.461404442178117,7.59660530090332,761300,0.0,0.0
2025-02-18,7.5797048167212555,7.596604519392986,7.461403674576741,7.529004096984863,332200,0.0,0.0
2025-02-19,7.503655109027733,7.503655109027733,7.376903696249072,7.419154167175293,286300,0.0,0.0
2025-02-20,7.427603498592935,7.5205538783797055,7.30930235588746,7.43605375289917,548500,0.0,0.0
2025-02-21,7.436054677890063,7.486754598312963,7.326203775826173,7.419154167175293,384900,0.0,0.0
2025-02-24,7.419153654046221,7.419153654046221,7.199452670974271,7.250152587890625,307400,0.0,0.0
2025-02-25,7.207901811895781,7.4276035914406116,7.1065011765352315,7.292402744293213,360300,0.0,0.0
2025-02-26,7.36000343397157,7.36000343397157,7.174101859492223,7.191002368927002,820900,0.0,0.0
2025-02-27,7.123402209580546,7.241702556610107,7.114951954546813,7.241702556610107,456500,0.0,0.0
2025-02-28,7.182552190933574,7.309302789605788,7.182552190933574,7.267053127288818,536700,0.0,0.0
2025-03-05,7.191002462710525,7.41070425306409,7.174101953055334,7.309302806854248,380900,0.0,0.0
2025-03-06,7.317753887694708,7.461405012536259,7.309303631913265,7.410705089569092,435400,0.0,0.0
2025-03-07,7.343102020154148,7.6895551681518555,7.309301811308097,7.6895551681518555,483500,0.0,0.0
2025-03-10,7.6135048015502,7.706455178132491,7.5628040833213115,7.647305011749268,338100,0.0,0.0
2025-03-11,7.698005235691097,7.706455490048029,7.486753711931468,7.60505485534668,334300,0.0,0.0
2025-03-12,7.529003841512563,7.757155863793828,7.529003841512563,7.740255355834961,335200,0.0,0.0
2025-03-13,7.748706079833785,7.875456673771406,7.621955485896166,7.850106716156006,327200,0.0,0.0
2025-03-14,7.850107340211636,8.069809139305605,7.790957165786601,8.002208709716797,558000,0.0,0.0
2025-03-17,7.9261580092692325,8.196559727089026,7.706456210610306,8.112059593200684,385100,0.0,0.0
2025-03-18,8.036009353060217,8.15430970821908,8.027559097445804,8.095159530639648,397700,0.0,0.0
2025-03-19,8.086708843182238,8.230359957513143,7.968408494340804,8.154309272766113,382200,0.0,0.0
2025-03-20,8.20501010617437,8.348661222401187,7.976858048922123,8.010658264160156,710000,0.0,0.0
2025-03-21,8.086708650585253,8.179659843444824,8.010657967649484,8.179659843444824,501800,0.0,0.0
2025-03-24,8.272610427468235,8.306410642260172,8.103609353508551,8.154309272766113,324900,0.0,0.0
2025-03-25,8.154309362809215,8.238810303652494,8.0782594830831,8.120509147644043,347100,0.0,0.0
2025-03-26,8.112060041868475,8.24726090825616,8.052909058428314,8.095159530639648,337300,0.0,0.0
2025-03-27,8.103609353508551,8.154309272766113,8.036008923924678,8.154309272766113,375600,0.0,0.0
2025-03-28,8.171210056053907,8.171210056053907,7.934608544606611,8.052908897399902,371600,0.0,0.0
2025-03-31,8.044458629693436,8.044458629693436,7.79940608186184,7.8163065910339355,558600,0.0,0.0
2025-04-01,7.833207695444848,8.044459240985077,7.799406674532146,7.951508045196533,543500,0.0,0.0
2025-04-02,7.926157833021249,8.061358688924788,7.80785668117532,7.943057537078857,520700,0.0,0.0
2025-04-03,8.027559188537115,8.137410095188805,7.89235832061526,8.061359405517578,864100,0.0,0.0
2025-04-04,8.061358641919078,8.061358641919078,7.731805953180323,7.883907318115234,594500,0.0,0.0
2025-04-07,7.816306282037175,7.976857083521978,7.630404717796404,7.858556747436523,1198600,0.0,0.0
2025-04-08,7.926157709759617,8.078259073216065,7.765606091475443,7.807856559753418,825400,0.0,0.0
2025-04-09,7.807856710091926,8.019108249688745,7.714906322779166,7.959958076477051,1721200,0.0,0.0
2025-04-10,8.027558747829698,8.162759608329118,7.816307201834179,7.8416571617126465,1176900,0.0,0.0
2025-04-11,7.774057158253268,8.061359405517578,7.562805600660186,8.061359405517578,1576300,0.0,0.0
2025-04-14,8.137410095188805,8.27261096311066,8.010658677116513,8.061359405517578,749800,0.0,0.0
2025-04-15,8.154309347663474,8.154309347663474,7.976858016910744,8.078259468078613,680300,0.0,0.0
2025-04-16,8.069809661227879,8.128959839478505,8.00220922726695,8.061359405517578,581100,0.0,0.0
2025-04-17,8.07825955480775,8.213460416668848,8.010658318016496,8.19655990600586,622300,0.0,0.0
2025-04-22,8.196559377034568,8.416261166310582,8.162759163750616,8.399360656738281,994900,0.0,0.0
2025-04-23,8.450060925515864,8.593712025718482,8.4416106711838,8.526111602783203,696000,0.0,0.0
2025-04-24,8.568362410091993,8.762713432312012,8.458511516978689,8.762713432312012,972000,0.0,0.0
2025-04-25,8.754262917733575,8.754262917733575,8.492311477661133,8.492311477661133,988100,0.0,0.0
2025-04-28,8.585263160444006,8.64441333861746,8.399361564363632,8.619063377380371,1190800,0.0,0.0
2025-04-29,8.669764013721664,8.847215352219854,8.610613030315115,8.652863502502441,1410100,0.0,0.0
2025-04-30,8.593713808514906,8.830315337872207,8.576813296344712,8.82186508178711,1044600,0.0,0.0
2025-05-02,8.83031447341928,8.83031447341928,8.712014123252153,8.788064002990723,828900,0.0,0.0
2025-05-05,8.788063657386108,8.821863871227567,8.534562456505494,8.6613130569458,1023000,0.0,0.0
2025-05-06,8.61906255088931,9.007765411314743,8.61906255088931,8.990865707397461,1030100,0.0,0.0
2025-05-07,8.990865733004732,9.05001590567468,8.771163940429688,8.771163940429688,780700,0.0,0.0
2025-05-08,8.889463876281882,9.261266177156308,8.788062442910123,9.202116012573242,1708700,0.0,0.0
2025-05-09,9.286616845231546,9.286616845231546,8.999314642305043,9.083815574645996,655400,0.0,0.0
2025-05-12,9.185216948842678,9.185216948842678,8.728913650387609,8.855664253234863,799700,0.0,0.0
2025-05-13,8.821862814423637,9.168315972121508,8.821862814423637,9.134515762329102,492600,0.0,0.0
2025-05-14,9.117616414090184,9.185216842272485,8.940165088646474,8.99931526184082,898100,0.0,0.0
2025-05-15,8.999315062705007,9.286617279052734,8.999315062705007,9.286617279052734,1095800,0.0,0.0
2025-05-16,9.171956409107555,9.385257720947266,9.163424161350783,9.385257720947266,473700,0.105611,0.0
2025-05-19,9.291405224844436,9.555898389835209,9.257277048275308,9.54736614227295,547200,0.0,0.0
2025-05-20,9.496173967881075,9.76919937133789,9.402321688862767,9.76919937133789,693700,0.0,0.0
2025-05-21,9.743603302063466,9.743603302063466,9.39378930553094,9.42791748046875,1033300,0.0,0.0
2025-05-22,9.444981161097719,9.641218777250035,9.282872533563086,9.42791748046875,593600,0.0,0.0
2025-05-23,9.385257127549913,9.59855842590332,9.274340354764556,9.59855842590332,415000,0.0,0.0
2025-05-26,9.675347315317811,9.726539172805897,9.52177011549375,9.641219139099121,288300,0.0,0.0
2025-05-27,9.709476133093045,9.965437878485927,9.709476133093045,9.931309700012207,643100,0.0,0.0
2025-05-28,10.008097480585976,10.06782240311091,9.786264727584653,9.897181510925293,766800,0.0,0.0
2025-05-29,9.897180612245707,10.059289241682336,9.888648364991178,10.033693313598633,615500,0.0,0.0
2025-05-30,10.033694224673786,10.06782240311091,9.743604301118259,9.897181510925293,910100,0.0,0.0
2025-06-02,9.905713071143731,9.999566173298353,9.658283570910578,9.87158489227295,1043500,0.0,0.0
2025-06-03,9.854519988508052,10.195801734924316,9.811859566786053,10.195801734924316,439600,0.0,0.0
2025-06-04,10.1958023751996,10.20433462281578,9.982501066874589,10.084885597229004,944500,0.0,0.0
2025-06-05,9.999565178950949,10.221397912712199,9.999565178950949,10.136077880859375,656000,0.0,0.0
2025-06-06,10.10195066617456,10.22139888486516,9.956905703181718,10.170207023620605,524900,0.0,0.0
2025-06-09,10.178738693647157,10.178738693647157,9.845988359735367,10.084885597229004,735900,0.0,0.0
2025-06-10,10.084885264248262,10.323783307533928,10.084885264248262,10.272590637207031,272100,0.0,0.0
2025-06-11,10.272591866634627,10.349380474475117,10.144611396020471,10.281124114990234,391800,0.0,0.0
2025-06-12,10.24699507204842,10.24699507204842,10.127546046172181,10.153141975402832,275000,0.0,0.0
2025-06-13,10.153142506586292,10.161674754669532,10.008097543891063,10.101950645446777,326500,0.0,0.0
2025-06-16,10.238462712091945,10.28112313612831,10.084885511032994,10.21286678314209,293000,0.0,0.0
2025-06-17,10.21286679569395,10.306719077745372,10.1360781950701,10.246994972229004,271100,0.0,0.0
2025-06-18,10.212866314192578,10.4005708694458,10.110481789414491,10.4005708694458,864800,0.0,0.0
2025-06-20,10.332314324537615,10.374974745809764,10.127545278847125,10.255526542663574,277800,0.0,0.0
2025-06-23,10.255527621349039,10.298187233428306,10.119014096183575,10.229930877685547,266400,0.0,0.0
2025-06-24,10.26405815572066,10.434699030117704,10.26405815572066,10.366442680358887,286500,0.0,0.0
2025-06-25,10.332314955417651,10.40910355566018,10.110482215881348,10.110482215881348,344100,0.0,0.0
2025-06-26,10.22139795347357,10.349379222283005,10.042225641764162,10.238462448120117,805800,0.0,0.0
2025-06-27,10.238462078048387,10.374974775566923,10.14460980192436,10.323782920837402,412000,0.0,0.0
2025-06-30,10.451764439076857,10.801578465624518,10.323783975498914,10.630937576293945,737400,0.0,0.0
2025-07-01,10.596810357147625,10.750387578279625,10.571214424852297,10.665066719055176,545600,0.0,0.0
2025-07-02,10.665065377007581,10.665065377007581,10.298186867660947,10.349379539489746,853800,0.0,0.0
2025-07-03,10.4602969277557,10.682130495831945,10.357912391800502,10.53708553314209,362000,0.0,0.0
2025-07-04,10.537085064012809,10.758917808532715,10.511488320903648,10.758917808532715,145500,0.0,0.0
2025-07-07,10.767450704835632,10.852771559645793,10.528553450519146,10.648001670837402,307700,0.0,0.0
2025-07-08,10.758917772324267,10.835706374033467,10.520020533202247,10.656533241271973,193300,0.0,0.0
2025-07-09,10.622404775518588,10.639469270403422,10.520020247249288,10.613872528076172,200400,0.0,0.0
2025-07-10,10.434699048888456,10.758917117666003,10.315250843435589,10.733321189880371,360800,0.0,0.0
2025-07-11,10.750386386416963,10.835706422502222,10.579744686886594,10.793045997619629,394900,0.0,0.0
2025-07-14,10.733320790748056,10.92955839962022,10.622404022895067,10.750385284423828,527800,0.0,0.0
2025-07-15,10.844238073360021,11.108732042130702,10.827173578874223,11.006346702575684,656000,0.0,0.0
2025-07-16,11.023411354272833,11.117263634243553,10.68212959648849,10.707725524902344,481400,0.0,0.0
2025-07-17,10.741853965589481,10.758917647059564,10.520020410718995,10.682129859924316,366200,0.0,0.0
2025-07-18,10.622405353183657,10.699193956981505,10.26405907791366,10.298187255859375,482600,0.0,0.0
2025-07-21,10.238463391465205,10.443232464011317,10.153142537731009,10.20433521270752,489600,0.0,0.0
2025-07-22,10.238462379609732,10.306718730379407,10.059289255419365,10.067821502685547,398500,0.0,0.0
2025-07-23,9.999566130005487,10.246995629167401,9.982501633803993,10.170207023620605,352500,0.0,0.0
2025-07-24,10.119013786315918,10.136078281569025,9.948372902184436,10.119013786315918,288500,0.0,0.0
2025-07-25,10.067820306667668,10.20433299198984,10.042224381589708,10.127544403076172,157400,0.0,0.0
2025-07-28,10.008097512562607,10.170206970916864,9.90571297692411,9.999566078186035,401500,0.0,0.0
2025-07-29,9.999564828710534,10.289654716945323,9.931308480147036,10.255526542663574,677000,0.0,0.0
2025-07-30,10.23846216386072,10.528552055358887,10.221397669687951,10.528552055358887,602400,0.0,0.0
2025-07-31,10.537085512135654,10.648001482272695,10.332315626953518,10.468829154968262,516200,0.0,0.0
2025-08-01,10.468829186172739,10.724790119473422,10.409104263213278,10.571213722229004,303800,0.0,0.0
2025-08-04,10.665065415051519,10.665065415051519,10.383507753188551,10.451764106750488,343700,0.0,0.0
2025-08-05,10.468828844122235,10.49442477388001,10.264058965020235,10.357912063598633,460900,0.0,0.0
2025-08-06,10.40057080430262,10.665064768582608,10.357911196172182,10.5626802444458,397300,0.0,0.0
2025-08-07,10.810110962355955,10.997816351780466,10.48589285832451,10.53708553314209,633100,0.0,0.0
2025-08-08,10.613872528076172,10.750386046115139,10.511487999806873,10.613872528076172,753500,0.0,0.0
2025-08-11,10.613871851612119,10.75038536095054,10.588275924596099,10.622404098510742,279400,0.0,0.0
2025-08-12,10.622404022895067,10.852769805438932,10.622404022895067,10.750385284423828,325900,0.0,0.0
2025-08-13,10.733321538044487,10.775981961524263,10.511487986893577,10.579744338989258,317100,0.0,0.0
2025-08-14,10.733322356969564,10.733322356969564,10.477360610241586,10.53708553314209,366500,0.0,0.0
2025-08-15,10.96380380301881,10.96380380301881,10.324968178871833,10.463094711303711,512600,0.144294,0.0
2025-08-18,10.463095414373795,10.773880133228772,10.463095414373795,10.72208309173584,520800,0.0,0.0
2025-08-19,10.661652178741981,10.661652178741981,10.463094671649367,10.497626304626465,331800,0.0,0.0
2025-08-20,10.488992476452323,10.791144861905275,10.471727072788761,10.747980117797852,445900,0.0,0.0
2025-08-21,10.730716464236583,10.747981870716005,10.488994187131457,10.514893531799316,648400,0.0,0.0
2025-08-22,10.566690194781017,10.877475733232831,10.488993810168065,10.773880004882812,252700,0.0,0.0
2025-08-25,10.765248342738161,10.877476368926834,10.678918838500977,10.678918838500977,160500,0.0,0.0
2025-08-26,10.730716122678132,10.799779392995841,10.601221873358082,10.791146278381348,374600,0.0,0.0
2025-08-27,10.860209668386975,11.110564231872559,10.825678032847554,11.110564231872559,298900,0.0,0.0
2025-08-28,11.119197100681374,11.507678197733387,11.119197100681374,11.369551658630371,383000,0.0,0.0
2025-08-29,11.438615137818129,11.490413002580622,11.145095825195312,11.145095825195312,651500,0.0,0.0
2025-09-01,11.119196695702808,11.378184358737785,11.110563581498521,11.343652725219727,1430700,0.0,0.0
2025-09-02,11.352284936159991,11.524943925833165,11.309121012040777,11.412715911865234,1554900,0.0,0.0
2025-09-03,11.438614889794923,11.481779638944538,11.317753756835824,11.455881118774414,569200,0.0,0.0
2025-09-04,11.524944791103286,11.913425900436163,11.429982174993617,11.904792785644531,806500,0.0,0.0
2025-09-05,11.991121206240095,12.569526672363281,11.991121206240095,12.569526672363281,1344300,0.0,0.0
2025-09-08,12.534995492773287,12.733552182468896,12.483197630118422,12.560894012451172,766200,0.0,0.0
2025-09-09,12.578159875441061,12.673122489880207,12.448666449041117,12.604059219360352,638800,0.0,0.0
2025-09-10,12.707653459800756,12.785349840892394,12.534995292541048,12.733551979064941,490600,0.0,0.0
2025-09-11,12.76808337495423,12.940741539001465,12.66448847652589,12.940741539001465,463800,0.0,0.0
2025-09-12,12.845781152991849,12.96664229263139,12.785350994821657,12.932109832763672,592100,0.0,0.0
2025-09-15,12.966640350115469,13.122032279745344,12.897576264025593,13.018437385559082,643500,0.0,0.0
2025-09-16,13.052970310079967,13.216996192932129,12.992540154976073,13.216996192932129,561900,0.0,0.0
2025-09-17,13.21699508486336,13.381020130665092,13.191095743448049,13.355121612548828,498400,0.0,0.0
2025-09-18,13.286058840239555,13.398286853960768,13.208362459717247,13.311957359313965,363800,0.0,0.0
2025-09-19,13.45871809868943,13.45871809868943,13.15656566619873,13.15656566619873,453600,0.0,0.0
2025-09-22,13.096135223316885,13.113400629291586,12.888945411825702,13.027071952819824,470700,0.0,0.0
2025-09-23,13.052970018104366,13.251527531331476,12.992539864352207,13.035704612731934,461300,0.0,0.0
2025-09-24,13.104767492724127,13.147931416526465,12.828513605254546,12.871678352355957,370700,0.0,0.0
2025-09-25,12.871678589682721,12.94074185699873,12.604058634657958,12.612690925598145,619500,0.0,0.0
2025-09-26,12.586792742866278,12.91484368304197,12.586792742866278,12.811248779296875,461800,0.0,0.0
2025-09-29,12.854413566694829,13.001173219929626,12.707653913460033,12.724919319152832,437600,0.0,0.0
2025-09-30,12.742185428500498,12.888945080357278,12.673122159779554,12.880311965942383,573000,0.0,0.0
2025-10-01,12.880311128646944,12.880311128646944,12.612690362275876,12.776716232299805,856600,0.0,0.0
2025-10-02,12.768084451204844,12.776717565959677,12.414134979248047,12.414134979248047,587100,0.0,0.0
2025-10-03,12.336438060128062,12.552260979880685,12.336438060128062,12.491830825805664,903000,0.0,0.0
2025-10-06,12.55226088665559,12.569527115291134,12.1378812789917,12.1378812789917,567000,0.0,0.0
2025-10-07,12.146513223209338,12.181044856195399,11.835728526334785,11.939323425292969,691400,0.0,0.0
2025-10-08,11.93932400388071,11.991121867519498,11.688969446774646,11.827095985412598,549800,0.0,0.0
2025-10-09,11.904793089629228,11.904793089629228,11.576742128862824,11.663071632385254,1087200,0.0,0.0
2025-10-10,11.66307025783244,11.887526281898129,11.481778980440778,11.585373878479004,800500,0.0,0.0
2025-10-13,11.688969651789966,11.766666036961325,11.594007860635598,11.602640151977539,285900,0.0,0.0
2025-10-14,11.602640323295795,11.611273438064336,11.43861525918923,11.516311645507812,357400,0.0,0.0
2025-10-15,11.507678855364546,11.758033427620596,11.438615581866268,11.663071632385254,505900,0.0,0.0
2025-10-16,11.663070593348305,11.81846253322633,11.585374211759747,11.680335998535156,1062600,0.0,0.0
2025-10-17,11.654437399057494,11.766665413548013,11.576741018002592,11.749399185180664,1028100,0.0,0.0
2025-10-20,11.714868010976991,11.982488798068259,11.714868010976991,11.844362258911133,287400,0.0,0.0
2025-10-21,11.852994085487508,11.887526542222204,11.637171170690147,11.749399185180664,563600,0.0,0.0
2025-10-22,11.90479249781267,11.90479249781267,11.663071052585263,11.775299072265625,331300,0.0,0.0
2025-10-23,11.94795612366695,11.956589237437866,11.697601587403655,11.913424491882324,229300,0.0,0.0
2025-10-24,11.982488715690632,12.353704404597698,11.982488715690632,12.284640312194824,587400,0.0,0.0
2025-10-27,12.362336007749862,12.647222182772657,12.362336007749862,12.552260398864746,452500,0.0,0.0
2025-10-28,12.629958195540219,12.647223602143379,12.3364388735941,12.543628692626953,647900,0.0,0.0
2025-10-29,12.543627743286358,12.975273578586085,12.543627743286358,12.595425605773926,421400,0.0,0.0
2025-10-30,12.595425773078663,12.828514099121094,12.46593152678922,12.828514099121094,433600,0.0,0.0
2025-10-31,12.966640920754434,13.027071072531086,12.811248160986963,12.906209945678711,199700,0.0,0.0
2025-11-03,13.0098062646357,13.182465271358524,12.949376106262207,12.949376106262207,421300,0.0,0.0
2025-11-04,12.90621061283299,13.199729919433594,12.863045863633058,13.199729919433594,496000,0.0,0.0
2025-11-05,13.199728773857066,13.415551677826802,13.070235360794841,13.372386932373047,362000,0.0,0.0
2025-11-06,13.726336787531249,14.166615722833336,13.553678623677216,13.959425926208496,928300,0.0,0.0
2025-11-07,13.968059539794922,14.106186075818258,13.804033660792888,13.968059539794922,442700,0.0,0.0
2025-11-10,13.968060038746732,14.166616735548129,13.898996768268061,13.976693153381348,215100,0.0,0.0
2025-11-11,14.227046385914804,14.468768647301047,13.950793313815206,14.287476539611816,449900,0.0,0.0
2025-11-12,14.313375623092664,14.347908079778135,14.011223213487458,14.071653366088867,393300,0.0,0.0
2025-11-13,14.20114935356505,14.313376551878854,14.054389696324987,14.157983779907227,805800,0.0,0.0
2025-11-14,14.057398289518801,14.40771162491501,14.012487158102545,14.371781349182129,555100,0.63802,0.0
2025-11-17,14.371781873076188,14.470588421693556,14.165187919830695,14.308905601501465,432800,0.0,0.0
2025-11-18,14.174170057158038,14.353817164629152,14.165188344253218,14.246028900146484,196600,0.0,0.0
2025-11-19,14.165188005857052,14.281957980454992,14.066381456639624,14.192134857177734,332200,0.0,0.0
2025-11-21,14.56041051184325,14.847847584961126,14.488551671876253,14.6771821975708,709800,0.0,0.0
2025-11-24,14.677182537628104,14.820900220891911,14.605323695996201,14.73107624053955,305100,0.0,0.0
2025-11-25,14.811917308352685,14.874793579167571,14.578375650147471,14.6771821975708,529300,0.0,0.0
2025-11-26,14.740821319927543,15.098974367597842,14.66542077292805,15.02357292175293,365400,0.767521,0.0
2025-11-27,14.99529852012152,15.023573501626318,14.778522163842293,14.863348007202148,266900,0.0,0.0
2025-11-28,14.863347780725963,15.438276290893555,14.806796919732585,15.438276290893555,516400,0.0,0.0
2025-12-01,15.45712661743164,15.598502419268195,15.089549173118433,15.45712661743164,495700,0.0,0.0
2025-12-02,15.31575049327578,15.523101545092974,15.221499361471306,15.419426918029785,537400,0.0,0.0
2025-12-03,15.43827559022371,15.485402054617214,15.127248115989795,15.1743745803833,415900,0.0,0.0
2025-12-04,15.17437495008645,15.570228272182302,15.17437495008645,15.523101806640625,631000,0.0,0.0
2025-12-05,15.438275813447326,15.475976985507256,14.65599536895752,14.65599536895752,1022400,0.0,0.0
2025-12-08,14.88219681230818,14.88219681230818,14.571169337672023,14.731395721435547,525000,0.0,0.0
2025-12-09,14.721971200253805,14.882197592416215,14.373243434619571,14.618295669555664,444100,0.0,0.0
2025-12-10,14.66542098776322,14.750245930246193,14.46749432427875,14.57116985321045,419800,0.0,0.0
2025-12-11,14.580595262808206,14.816222202225328,14.524044401856102,14.750246047973633,461400,0.0,0.0
2025-12-12,14.816222434525727,15.098974946028578,14.731396591190327,14.985873222351074,426300,0.0,0.0
2025-12-15,14.976448225495085,15.428852405476022,14.957597639358395,15.344026565551758,417300,0.0,0.0
2025-12-16,15.17437517891232,15.212074554223312,14.778521850847097,14.882197380065918,641200,0.0,0.0
2025-12-17,14.882196943340766,14.919897216390863,14.514618606968268,14.721970558166504,548000,0.0,0.0
2025-12-18,14.84449719727769,14.84449719727769,14.410943592387508,14.561744689941406,735200,0.0,0.0
2025-12-19,14.608870388183135,14.712545918966523,14.458069289281678,14.552319526672363,572800,0.0,0.0
2025-12-22,14.655995122926663,14.750245354958057,14.278991498264888,14.420368194580078,601500,0.0,0.0
2025-12-23,14.524043766651888,15.089548756058983,14.524043766651888,14.919897079467773,421100,0.0,0.0
2025-12-26,14.919897903003505,15.117825469181888,14.816222372055952,14.929323196411133,320300,0.0,0.0
2025-12-29,15.16494963118805,15.174374924280356,14.75024572358079,14.835071563720703,450400,0.0,0.0
2025-12-30,14.910472477029606,15.117825334772078,14.825646634806027,15.061273574829102,986600,0.0,0.0
2026-01-02,15.004723244000528,15.249775471327963,14.75024572358079,14.835071563720703,582000,0.0,0.0
2026-01-05,14.750246063502972,15.193225860595703,14.750246063502972,15.193225860595703,479400,0.0,0.0
2026-01-06,15.193225794615488,15.513676777292904,15.15552462154116,15.259201049804688,945200,0.0,0.0
2026-01-07,15.24035056720373,15.504253387451172,15.042423901440873,15.504253387451172,827500,0.0,0.0
2026-01-08,15.55137824583328,15.72102993250928,15.344027183057564,15.673903465270996,489000,0.0,0.0
2026-01-09,15.787004405072382,15.8906808301578,15.532526887694074,15.730454444885254,570900,0.0,0.0
2026-01-12,15.69275346737917,15.89068102702241,15.55137766631448,15.777579307556152,404600,0.0,0.0
2026-01-13,15.805855056863024,15.805855056863024,15.438275819888673,15.787004470825195,518200,0.0,0.0
2026-01-14,15.805854911838914,16.050907135009766,15.711603780205383,16.050907135009766,589800,0.0,0.0
2026-01-15,16.060333081133507,16.11688304333725,15.692753832581971,15.881256103515625,626000,0.0,0.0
2026-01-16,15.80585554161427,15.909530172620277,15.080124136117789,15.315751075744629,1420400,0.0,0.0
2026-01-19,15.315750442301397,15.381725695037703,15.051848532510762,15.108399391174316,652800,0.0,0.0
2026-01-20,15.06127374752626,15.19322605788199,14.84449739166522,15.117825508117676,365500,0.0,0.0
2026-01-21,15.164950145526548,15.57022877378704,15.164950145526548,15.494828224182129,374900,0.0,0.0
2026-01-22,15.560802940372067,16.079181476205303,15.485402393383763,16.03205680847168,571800,0.0,0.0
2026-01-23,16.003780782770733,16.352509432957294,15.843554397175419,16.29595947265625,670000,0.0,0.0
2026-01-26,16.437334837550985,16.550434755162023,15.994355066783882,16.380783081054688,642900,0.0,0.0
2026-01-27,16.38078407538714,16.861463248638774,16.38078407538714,16.569286346435547,625900,0.0,0.0
2026-01-28,16.682387784963794,17.002840561683115,16.644686612318765,16.965139389038086,301200,0.0,0.0
2026-01-29,17.32329169760341,17.521219260400667,16.663537349557913,16.701236724853516,762000,0.0,0.0
2026-01-30,16.720087739812517,16.87088884024108,16.578711932872103,16.86146354675293,532200,0.0,0.0
2026-02-02,17.115941412448404,17.115941412448404,16.77663803100586,16.77663803100586,1224200,0.0,0.0
2026-02-03,16.889999389648438,17.389999389648438,16.799999237060547,17.200000762939453,1114800,1.023362,0.0
2026-02-04,17.100000381469727,17.100000381469727,16.549999237060547,16.799999237060547,821200,0.0,0.0
2026-02-05,16.889999389648438,17.450000762939453,16.889999389648438,17.299999237060547,869700,0.0,0.0
2026-02-06,17.350000381469727,17.3799991607666,16.829999923706055,17.329999923706055,563200,0.0,0.0
2026-02-09,17.34000015258789,17.829999923706055,17.200000762939453,17.829999923706055,807300,0.0,0.0
2026-02-10,17.81999969482422,17.90999984741211,17.530000686645508,17.790000915527344,453500,0.0,0.0
2026-02-11,17.799999237060547,18.100000381469727,17.780000686645508,18.06999969482422,778700,0.0,0.0
2026-02-12,18.06999969482422,18.149999618530273,17.829999923706055,18.059999465942383,625800,0.0,0.0
2026-02-13,18.0,18.170000076293945,17.799999237060547,18.170000076293945,775400,0.0,0.0
2026-02-18,18.170000076293945,18.5,18.09000015258789,18.170000076293945,709900,0.0,0.0
2026-02-19,18.329999923706055,18.68000030517578,18.209999084472656,18.68000030517578,856000,0.0,0.0
2026-02-20,18.649999618530273,18.940000534057617,18.360000610351562,18.940000534057617,412300,0.0,0.0
2026-02-23,18.979999542236328,18.979999542236328,18.600000381469727,18.799999237060547,384600,0.0,0.0
2026-02-24,18.8700008392334,18.950000762939453,18.690000534057617,18.770000457763672,521200,0.0,0.0
2026-02-25,18.809999465942383,18.829999923706055,18.489999771118164,18.719999313354492,352300,0.0,0.0
2026-02-26,18.639999389648438,18.81999969482422,18.399999618530273,18.600000381469727,436700,0.0,0.0
2026-02-27,18.5,18.530000686645508,18.209999084472656,18.40999984741211,698200,0.0,0.0
2026-03-02,18.270000457763672,18.5,17.860000610351562,18.40999984741211,1442200,0.0,0.0
2026-03-03,18.010000228881836,18.030000686645508,17.600000381469727,17.760000228881836,1552200,0.0,0.0
2026-03-04,17.719999313354492,18.350000381469727,17.719999313354492,18.270000457763672,633700,0.0,0.0
2026-03-05,18.149999618530273,18.280000686645508,17.610000610351562,17.760000228881836,662500,0.0,0.0
2026-03-06,17.709999084472656,17.729999542236328,17.280000686645508,17.5,693700,0.0,0.0
2026-03-09,17.399999618530273,17.520000457763672,17.030000686645508,17.5,637000,0.0,0.0
2026-03-10,17.719999313354492,17.8799991607666,17.43000030517578,17.530000686645508,422200,0.0,0.0
2026-03-11,17.530000686645508,17.760000228881836,17.229999542236328,17.290000915527344,377300,0.0,0.0
2026-03-12,17.049999237060547,17.100000381469727,15.619999885559082,15.760000228881836,3709900,0.0,0.0
2026-03-13,15.920000076293945,16.110000610351562,15.260000228881836,15.3100004196167,878100,0.0,0.0
2026-03-16,15.609999656677246,15.75,15.270000457763672,15.319999694824219,1036400,0.0,0.0
2026-03-17,15.319999694824219,15.670000076293945,14.899999618530273,15.020000457763672,1016900,0.0,0.0
2026-03-18,14.960000038146973,15.170000076293945,14.819999694824219,14.84000015258789,932100,0.0,0.0
2026-03-19,14.84000015258789,14.84000015258789,14.1899995803833,14.279999732971191,778400,0.0,0.0
2026-03-20,14.3100004196167,14.329999923706055,13.6899995803833,13.6899995803833,779800,0.0,0.0
2026-03-23,13.75,14.489999771118164,13.75,14.329999923706055,987800,0.0,0.0
2026-03-24,14.449999809265137,14.449999809265137,13.779999732971191,13.930000305175781,741500,0.0,0.0
2026-03-25,14.0,14.460000038146973,14.0,14.229999542236328,919800,0.0,0.0
2026-03-26,14.229999542236328,14.229999542236328,13.760000228881836,13.760000228881836,637500,0.0,0.0
2026-03-27,13.850000381469727,13.869999885559082,13.520000457763672,13.619999885559082,1862900,0.0,0.0
2026-03-30,13.680000305175781,14.020000457763672,13.680000305175781,13.720000267028809,627400,0.0,0.0
2026-03-31,13.949999809265137,14.260000228881836,13.770000457763672,14.260000228881836,981800,0.0,0.0
2026-04-01,14.420000076293945,14.5,14.239999771118164,14.329999923706055,2283800,0.0,0.0
2026-04-02,13.949999809265137,14.399999618530273,13.899999618530273,14.319999694824219,837200,0.0,0.0
2026-04-06,14.329999923706055,14.399999618530273,14.210000038146973,14.380000114440918,319900,0.0,0.0
2026-04-07,14.420000076293945,14.460000038146973,13.800000190734863,13.850000381469727,476900,0.0,0.0
2026-04-08,14.550000190734863,14.800000190734863,14.479999542236328,14.5,798800,0.0,0.0
2026-04-09,14.5,14.949999809265137,14.40999984741211,14.9399995803833,538100,0.0,0.0
2026-04-10,14.970000267028809,15.239999771118164,14.8100004196167,15.130000114440918,1367700,0.0,0.0
2026-04-13,15.130000114440918,15.380000114440918,14.859999656677246,15.289999961853027,549700,0.0,0.0
2026-04-14,15.390000343322754,15.720000267028809,15.260000228881836,15.40999984741211,602600,0.0,0.0
2026-04-15,15.5600004196167,15.619999885559082,15.319999694824219,15.319999694824219,446700,0.0,0.0
2026-04-16,15.3100004196167,15.449999809265137,14.949999809265137,15.0,529300,0.0,0.0
2026-04-17,15.079999923706055,15.600000381469727,15.079999923706055,15.34000015258789,578300,0.0,0.0
2026-04-20,15.350000381469727,15.59000015258789,15.029999732971191,15.09000015258789,427000,0.0,0.0
2026-04-22,15.100000381469727,15.100000381469727,14.59000015258789,14.6899995803833,530000,0.0,0.0
2026-04-23,14.609999656677246,14.75,14.300000190734863,14.449999809265137,423500,0.0,0.0
2026-04-24,14.449999809265137,14.5,14.010000228881836,14.010000228881836,870600,0.0,0.0
2026-04-27,14.010000228881836,14.100000381469727,13.289999961853027,13.289999961853027,985300,0.0,0.0
2026-04-28,13.350000381469727,13.369999885559082,12.890000343322754,13.319999694824219,690400,0.0,0.0
2026-04-29,13.40999984741211,13.40999984741211,12.949999809265137,13.0,447000,0.0,0.0
2026-04-30,13.029999732971191,13.369999885559082,13.0,13.050000190734863,557200,0.0,0.0
2026-05-04,13.100000381469727,13.119999885559082,12.380000114440918,12.579999923706055,1255400,0.0,0.0
2026-05-05,12.59000015258789,12.770000457763672,12.539999961853027,12.579999923706055,681200,0.0,0.0
2026-05-06,12.770000457763672,13.069999694824219,12.609999656677246,12.670000076293945,667300,0.0,0.0
2026-05-07,12.680000305175781,12.680000305175781,11.90999984741211,11.960000038146973,1571300,0.0,0.0
2026-05-08,11.979999542236328,12.270000457763672,11.930000305175781,12.010000228881836,879000,0.0,0.0
2026-05-11,12.09000015258789,12.09000015258789,11.579999923706055,11.729999542236328,779400,0.0,0.0
2026-05-12,11.729999542236328,11.920000076293945,11.619999885559082,11.920000076293945,612000,0.0,0.0
2026-05-13,11.949999809265137,12.069999694824219,11.619999885559082,11.680000305175781,583300,0.0,0.0
2026-05-14,11.770000457763672,11.90999984741211,11.640000343322754,11.789999961853027,674200,0.0,0.0
2026-05-15,11.630000114440918,11.789999961853027,11.359999656677246,11.5,673000,0.0,0.0
2026-05-18,11.510000228881836,11.630000114440918,11.210000038146973,11.369999885559082,915900,0.0,0.0
2026-05-19,11.25,11.520000457763672,11.029999732971191,11.289999961853027,645700,0.0,0.0
2026-05-20,11.289999961853027,11.800000190734863,11.25,11.699999809265137,698800,0.0,0.0
2026-05-21,11.569999694824219,11.899999618530273,11.329999923706055,11.75,730700,0.0,0.0
2026-05-22,11.649999618530273,11.720000267028809,11.449999809265137,11.510000228881836,709500,0.0,0.0
2026-05-25,11.6899995803833,12.170000076293945,11.5600004196167,12.109999656677246,684000,0.0,0.0
2026-05-26,12.100000381469727,12.100000381469727,11.739999771118164,11.890000343322754,734000,0.0,0.0
2026-05-27,11.930000305175781,12.109999656677246,11.649999618530273,11.699999809265137,509600,0.0,0.0
2026-05-28,11.699999809265137,11.8100004196167,11.550000190734863,11.699999809265137,290800,0.0,0.0
2026-05-29,11.699999809265137,11.75,11.479999542236328,11.720000267028809,406500,0.0,0.0
2026-06-01,11.729999542236328,11.819999694824219,11.369999885559082,11.380000114440918,380100,0.0,0.0
2026-06-02,11.380000114440918,11.569999694824219,11.289999961853027,11.529999732971191,456500,0.0,0.0
2026-06-03,11.279999732971191,11.3100004196167,10.84000015258789,10.930000305175781,1105800,0.0,0.0
2026-06-05,11.0,11.0,10.619999885559082,10.640000343322754,553100,0.0,0.0
2026-06-08,10.640000343322754,10.8100004196167,10.619999885559082,10.670000076293945,368000,0.0,0.0
2026-06-09,10.84000015258789,11.220000267028809,10.670000076293945,11.149999618530273,782400,0.0,0.0
2026-06-10,11.229999542236328,11.229999542236328,10.899999618530273,10.930000305175781,506600,0.0,0.0
2026-06-11,11.010000228881836,11.270000457763672,10.84000015258789,11.229999542236328,542700,0.0,0.0
2026-06-12,11.229999542236328,11.420000076293945,11.0600004196167,11.100000381469727,381700,0.0,0.0
2026-06-15,11.229999542236328,11.59000015258789,10.930000305175781,10.930000305175781,487100,0.0,0.0
2026-06-16,10.960000038146973,11.109999656677246,10.800000190734863,10.9399995803833,434100,0.0,0.0
2026-06-17,11.069999694824219,11.289999961853027,10.649999618530273,10.649999618530273,580500,0.0,0.0
2026-06-18,10.680000305175781,10.850000381469727,10.609999656677246,10.710000038146973,377600,0.0,0.0
2026-06-19,10.75,10.890000343322754,10.670000076293945,10.75,272900,0.0,0.0
2026-06-22,10.880000114440918,11.029999732971191,10.789999961853027,10.899999618530273,353300,0.0,0.0
2026-06-23,10.899999618530273,10.979999542236328,10.710000038146973,10.949999809265137,218900,0.0,0.0
2026-06-24,10.979999542236328,11.270000457763672,10.850000381469727,11.210000038146973,525100,0.0,0.0
2026-06-25,11.220000267028809,11.460000038146973,11.180000305175781,11.300000190734863,391500,0.0,0.0
2026-06-26,11.300000190734863,11.9399995803833,11.1899995803833,11.9399995803833,506800,0.0,0.0
2026-06-29,11.9399995803833,11.9399995803833,11.5,11.569999694824219,733700,0.0,0.0
2026-06-30,11.489999771118164,11.489999771118164,11.15999984741211,11.479999542236328,662500,0.0,0.0
2026-07-01,11.350000381469727,11.449999809265137,11.210000038146973,11.34000015258789,300400,0.0,0.0
2026-07-02,11.609999656677246,11.640000343322754,11.329999923706055,11.460000038146973,269700,0.0,0.0
2026-07-03,11.520000457763672,11.630000114440918,11.40999984741211,11.600000381469727,178700,0.0,0.0
2026-07-06,11.59000015258789,11.600000381469727,11.199999809265137,11.210000038146973,295400,0.0,0.0
2026-07-07,11.210000038146973,11.25,10.859999656677246,10.880000114440918,343400,0.0,0.0
2026-07-08,10.850000381469727,10.979999542236328,10.350000381469727,10.399999618530273,412100,0.0,0.0
2026-07-09,10.460000038146973,10.800000190734863,10.359999656677246,10.720000267028809,433300,0.0,0.0
2026-07-10,10.920000076293945,11.359999656677246,10.800000190734863,11.34000015258789,1489300,0.0,0.0
2026-07-13,11.239999771118164,11.399999618530273,11.0,11.109999656677246,385100,0.0,0.0
2026-07-14,11.130000114440918,11.380000114440918,11.0,11.289999961853027,836400,0.0,0.0
2026-07-15,11.3100004196167,11.3100004196167,10.920000076293945,11.069999694824219,615500,0.0,0.0
2026-07-16,11.09000015258789,11.09000015258789,10.8100004196167,10.9399995803833,300500,0.0,0.0
2026-07-17,10.949999809265137,11.319999694824219,10.819999694824219,11.0600004196167,753400,0.0,0.0
2026-07-20,11.140000343322754,11.140000343322754,10.710000038146973,10.720000267028809,625400,0.0,0.0
2026-07-21,10.779999732971191,10.779999732971191,10.149999618530273,10.149999618530273,688300,0.0,0.0
2026-07-22,10.260000228881836,10.449999809265137,10.079999923706055,10.329999923706055,329800,0.0,0.0
2026-07-23,10.279999732971191,10.489999771118164,10.149999618530273,10.279999732971191,275300,0.0,0.0
2026-07-24,10.260000228881836,10.329999923706055,10.069999694824219,10.100000381469727,221900,0.0,0.0
2026-07-27,10.149999618530273,10.369999885559082,10.149999618530273,10.270000457763672,286200,0.0,0.0
2026-07-28,10.3100004196167,10.670000076293945,10.180000305175781,10.25,252900,0.0,0.0
2026-07-29,10.25,10.260000228881836,9.869999885559082,9.979999542236328,417800,0.0,0.0
2026-07-30,10.130000114440918,10.4399995803833,10.039999961853027,10.40999984741211,344300,0.0,0.0
2026-07-31,10.40999984741211,10.40999984741211,10.229999542236328,10.319999694824219,327400,0.0,0.0
2026-08-03,10.460000038146973,10.550000190734863,10.289999961853027,10.359999656677246,359900,0.0,0.0
2026-08-04,10.4399995803833,10.670000076293945,10.319999694824219,10.399999618530273,361000,0.0,0.0
2026-08-05,10.470000267028809,10.720000267028809,10.40999984741211,10.569999694824219,534200,0.0,0.0
2026-08-06,10.59000015258789,10.59000015258789,9.600000381469727,9.770000457763672,2141600,0.0,0.0
2026-08-07,9.899999618530273,10.130000114440918,9.34000015258789,9.4399995803833,814000,0.0,0.0
2026-08-11,9.600000381469727,9.880000114440918,9.140000343322754,9.220000267028809,1060300,0.0,0.0
2026-08-12,9.289999961853027,9.5,9.100000381469727,9.260000228881836,474900,0.0,0.0
2026-08-13,9.25,9.619999885559082,9.229999542236328,9.59000015258789,940700,0.0,0.0
2026-08-14,9.609999656677246,9.609999656677246,9.239999771118164,9.449999809265137,429600,0.0,0.0
2026-08-17,9.460000038146973,9.630000114440918,9.15999984741211,9.449999809265137,440700,0.0,0.0
2026-08-18,9.489999771118164,9.600000381469727,9.380000114440918,9.4399995803833,613800,0.0,0.0
2026-08-19,9.40999984741211,9.65999984741211,9.399999618530273,9.529999732971191,293000,0.0,0.0
2026-08-20,9.520000457763672,9.720000267028809,9.369999885559082,9.600000381469727,431800,0.0,0.0
2026-08-21,9.619999885559082,9.930000305175781,9.569999694824219,9.739999771118164,325900,0.0,0.0
2026-08-24,9.710000038146973,9.970000267028809,9.579999923706055,9.8100004196167,586400,0.0,0.0
2026-08-25,9.8100004196167,10.449999809265137,9.8100004196167,10.359999656677246,645400,0.0,0.0
2026-08-26,10.359999656677246,10.619999885559082,10.199999809265137,10.25,362200,0.0,0.0
2026-08-27,10.239999771118164,10.300000190734863,10.109999656677246,10.109999656677246,712500,0.0,0.0
2026-08-28,10.1899995803833,10.220000267028809,9.789999961853027,10.010000228881836,376800,0.0,0.0
2026-08-31,9.989999771118164,10.199999809265137,9.989999771118164,10.100000381469727,538400,0.0,0.0
2026-09-01,10.109999656677246,10.329999923706055,10.050000190734863,10.220000267028809,541100,0.0,0.0
2026-09-02,10.25,10.850000381469727,10.140000343322754,10.850000381469727,742300,0.0,0.0
2026-09-03,10.880000114440918,11.180000305175781,10.630000114440918,10.6899995803833,704100,0.0,0.0
2026-09-04,10.739999771118164,10.789999961853027,10.369999885559082,10.609999656677246,639500,0.0,0.0
2026-09-08,10.899999618530273,10.979999542236328,10.699999809265137,10.979999542236328,539900,0.0,0.0
2026-09-09,10.979999542236328,11.09000015258789,10.529999732971191,10.619999885559082,731800,0.0,0.0
2026-09-10,10.65999984741211,11.119999885559082,10.470000267028809,11.020000457763672,672900,0.0,0.0
2026-09-11,11.109999656677246,11.15999984741211,10.6899995803833,10.75,703100,0.0,0.0
2026-09-14,10.59000015258789,10.819999694824219,10.25,10.710000038146973,615800,0.0,0.0
2026-09-15,10.800000190734863,10.979999542236328,10.630000114440918,10.979999542236328,419400,0.0,0.0
2026-09-16,10.979999542236328,11.109999656677246,10.710000038146973,10.710000038146973,785300,0.0,0.0
2026-09-17,10.760000228881836,10.869999885559082,10.239999771118164,10.25,587500,0.0,0.0
2026-09-18,10.289999961853027,10.569999694824219,10.149999618530273,10.569999694824219,717000,0.0,0.0
2026-09-21,10.579999923706055,10.949999809265137,10.539999961853027,10.890000343322754,573900,0.0,0.0
2026-09-22,10.90999984741211,10.90999984741211,10.579999923706055,10.699999809265137,477800,0.0,0.0
2026-09-23,10.680000305175781,10.789999961853027,10.420000076293945,10.59000015258789,420300,0.0,0.0
2026-09-24,10.579999923706055,10.630000114440918,10.34000015258789,10.390000343322754,337100,0.0,0.0
2026-09-25,10.420000076293945,10.600000381469727,10.3100004196167,10.380000114440918,548300,0.0,0.0
2026-09-28,10.380000114440918,10.399999618530273,10.029999732971191,10.069999694824219,514600,0.0,0.0
