Date,Open,High,Low,Close,Volume,Dividends,Stock splits
2020-09-29,3.7793825521838462,3.7793825521838462,3.6219085294748137,3.6893973350524902,1090600,0.0,0.0
2020-09-30,3.639905572901085,3.7028950103513534,3.639905572901085,3.6893973350524902,1255900,0.0,0.0
2020-10-01,3.6983955737915357,3.8108771873453136,3.689396838747248,3.8018784523010254,402700,0.0,0.0
2020-10-02,3.743388583797624,3.7838820400590634,3.693896820079962,3.716393232345581,440100,0.0,0.0
2020-10-05,3.7208928206833156,3.7568869108037855,3.675899993491028,3.7343904972076416,109400,0.0,0.0
2020-10-06,3.770384487333099,3.770384487333099,3.5454212155047524,3.5724167823791504,970900,0.0,0.0
2020-10-07,3.576915936254036,3.6264081306696414,3.486930713339375,3.5724167823791504,1276800,0.0,0.0
2020-10-08,3.599412349253549,3.599412349253549,3.5364226932132863,3.5724167823791504,131500,0.0,0.0
2020-10-09,3.554419306818094,3.6129095873497508,3.554419306818094,3.5769155025482178,241300,0.0,0.0
2020-10-13,3.59941165818299,3.729890313628791,3.513925605556145,3.53642201423645,310600,0.0,0.0
2020-10-14,3.5364229523379884,3.5949132442474365,3.513926537690094,3.5949132442474365,111200,0.0,0.0
2020-10-15,3.585914361965253,3.621908664703369,3.509427031818689,3.621908664703369,118800,0.0,0.0
2020-10-16,3.639905267804163,3.639905267804163,3.5274236485473387,3.549919843673706,477300,0.0,0.0
2020-10-19,3.5859141750760966,3.6309067829767248,3.4914298057556152,3.4914298057556152,132100,0.0,0.0
2020-10-20,3.491429262369197,3.5544189036267237,3.3924453258514404,3.3924453258514404,447600,0.0,0.0
2020-10-21,3.3834470586790757,3.3834470586790757,3.257467552201888,3.374448537826538,335500,0.0,0.0
2020-10-22,3.374448241770504,3.374448241770504,3.284463041139947,3.293461561203003,1047000,0.0,0.0
2020-10-23,3.2979606868573117,3.360950326780981,3.2664659741662967,3.329455614089966,940600,0.0,0.0
2020-10-26,3.3159581699890017,3.365450143814087,3.3159581699890017,3.365450143814087,296600,0.0,0.0
2020-10-27,3.374448053298458,3.594911889800642,3.374448053298458,3.4869296550750732,1213400,0.0,0.0
2020-10-28,3.4644342590698955,3.4644342590698955,3.266466771015923,3.2799644470214844,226800,0.0,0.0
2020-10-29,3.2844634977834772,3.2844634977834772,3.1809803954001166,3.234971523284912,388400,0.0,0.0
2020-10-30,3.1989774121508514,3.3294560774211273,2.9830126878170033,3.023505926132202,1015300,0.0,0.0
2020-11-03,3.095494215054486,3.189978792442898,2.9380199909210205,2.9380199909210205,547700,0.0,0.0
2020-11-04,2.9515182587955433,3.122490406036377,2.9335212132482664,3.122490406036377,365700,0.0,0.0
2020-11-05,3.1449862804795843,3.18547973604442,3.0684989520839934,3.1359877586364746,370900,0.0,0.0
2020-11-06,3.135987258639486,3.2844631671905518,3.0415029016221165,3.2844631671905518,283400,0.0,0.0
2020-11-09,3.3024603710062364,3.3924455795316133,3.1404867811188977,3.374448537826538,370500,0.0,0.0
2020-11-10,3.3744483712745463,3.4869299836503647,3.270965279307128,3.2844631671905518,343800,0.0,0.0
2020-11-11,3.302460608005661,3.3879466695104634,3.153984896012674,3.1629834175109863,573800,0.0,0.0
2020-11-12,3.23497157100628,3.23497157100628,3.08199649186771,3.1044929027557373,522000,0.0,0.0
2020-11-13,3.1764806174788447,3.1764806174788447,3.068498375646692,3.126988649368286,491900,0.0,0.0
2020-11-16,3.176480836461377,3.2709654118489784,3.149485274142299,3.2394704818725586,467700,0.0,0.0
2020-11-17,3.279963918590138,3.279963918590138,3.1809801905103106,3.19897723197937,223700,0.0,0.0
2020-11-18,3.1944782136599246,3.2349716686641274,3.131488561630249,3.131488561630249,351200,0.0,0.0
2020-11-19,3.131488240308395,3.180980211952755,3.0819962686640356,3.1449859142303467,326500,0.0,0.0
2020-11-23,3.153984828703879,3.257467716455215,3.1134913755548026,3.1584839820861816,696800,0.0,0.0
2020-11-24,3.194478383625453,3.2709659295733555,3.1674828170335507,3.203476905822754,264600,0.0,0.0
2020-11-25,3.239470587286047,3.5049272805408527,3.239470587286047,3.4194412231445312,792300,0.0,0.0
2020-11-26,3.4194405050036973,3.5859132170304777,3.4194405050036973,3.5319221019744873,379800,0.0,0.0
2020-11-27,3.585914568823429,3.6264082421928734,3.5544198471055855,3.5814154148101807,1149100,0.0,0.0
2020-11-30,3.594912596480981,3.680398870922545,3.4644339299342164,3.599411964416504,936500,0.0,0.0
2020-12-01,3.644404914923692,3.6669008972328716,3.4734325745154253,3.5139260292053223,578100,0.0,0.0
2020-12-02,3.5454209362030276,3.644404888153076,3.540921568140899,3.644404888153076,573800,0.0,0.0
2020-12-03,3.644403797059287,3.644403797059287,3.581413950298012,3.6354050636291504,789300,0.0,0.0
2020-12-04,3.6444051752525737,3.6444051752525737,3.5679174139625704,3.5724167823791504,404000,0.0,0.0
2020-12-07,3.563418266846254,3.644405182164747,3.5544197445377206,3.612910032272339,557800,0.0,0.0
2020-12-08,3.6129092823986793,3.6354056907716408,3.5859137210761154,3.6264073848724365,241300,0.0,0.0
2020-12-09,3.6264075403405753,3.6444045819938378,3.5724162008391285,3.6399052143096924,210000,0.0,0.0
2020-12-10,3.644405442289489,3.644405442289489,3.5229250606409095,3.5949132442474365,309800,0.0,0.0
2020-12-11,3.603911365151091,3.603911365151091,3.5004282616506535,3.563417911529541,406700,0.0,0.0
2020-12-14,3.5544183936324423,3.824374174829749,3.5004272803013037,3.6354050636291504,568500,0.0,0.0
2020-12-15,3.6354061520288194,3.7208924288758376,3.5499200897234786,3.644404888153076,438600,0.0,0.0
2020-12-16,3.680398703427834,3.680398703427834,3.5364221541685357,3.5679168701171875,596400,0.0,0.0
2020-12-17,3.5769150810573733,3.59041296853824,3.4194408713360276,3.504926919937134,672200,0.0,0.0
2020-12-18,3.4914294407101996,3.5409211969554555,3.428439581693529,3.5004279613494873,464200,0.0,0.0
2020-12-21,3.468932839377014,3.5454203678380902,3.392445310915938,3.504926919937134,446600,0.0,0.0
2020-12-22,3.5454203689805075,3.5454203689805075,3.374448271723204,3.410442352294922,605800,0.0,0.0
2020-12-23,3.387946716490311,3.482431086261942,3.365450305161741,3.3969452381134033,489800,0.0,0.0
2020-12-28,3.41044270207869,3.4824308706054175,3.329456012486122,3.4194412231445312,686400,0.0,0.0
2020-12-29,3.4509358142899655,3.4509358142899655,3.3519518777722084,3.3924453258514404,747400,0.0,0.0
2020-12-30,3.392445695484676,3.459934711456299,3.369949285313579,3.459934711456299,457800,0.0,0.0
2021-01-04,3.4914294407101996,3.5184250026280632,3.378947825448273,3.5004279613494873,910800,0.0,0.0
2021-01-05,3.500427782548844,3.500427782548844,3.3924453258514404,3.3924453258514404,526200,0.0,0.0
2021-01-06,3.3969451500908954,3.4419377570404976,3.1539848580213707,3.257467746734619,1188300,0.0,0.0
2021-01-07,3.2664660335472826,3.275464553699962,3.104492456257409,3.126988649368286,1085600,0.0,0.0
2021-01-08,3.1224898995874186,3.243970044599045,3.1224898995874186,3.234971523284912,698900,0.0,0.0
2021-01-11,3.31595778465271,3.329455672142523,3.1224894942430117,3.31595778465271,1286900,0.0,0.0
2021-01-12,3.315958215112106,3.320457583040008,3.189978916714249,3.234971523284912,505900,0.0,0.0
2021-01-13,3.261966853532636,3.2754647418076512,3.140486717224121,3.140486717224121,744200,0.0,0.0
2021-01-14,3.1494856050672992,3.2124752570969743,3.131488561630249,3.131488561630249,912200,0.0,0.0
2021-01-15,3.1314885975885653,3.1314885975885653,3.005509077540934,3.0190069675445557,923100,0.0,0.0
2021-01-18,3.0505012184026055,3.1404864164798827,2.933520246360509,2.965015172958374,911600,0.0,0.0
2021-01-19,2.9875121071232766,3.037004085627396,2.8390363861526073,2.8705313205718994,2251800,0.0,0.0
2021-01-20,2.8840288681346715,2.9335208444382728,2.816540063088108,2.8795297145843506,1027300,0.0,0.0
2021-01-21,2.9065254572315338,2.9740144809464093,2.7715474098017827,2.7985429763793945,873400,0.0,0.0
2021-01-22,2.7805454589116088,2.789543979573135,2.7265543349424486,2.7400522232055664,632300,0.0,0.0
2021-01-26,2.7445515001905947,2.789544105529785,2.7265544580549186,2.789544105529785,259800,0.0,0.0
2021-01-27,2.7760465308493347,2.848034701976166,2.7040583597225036,2.758049488067627,319800,0.0,0.0
2021-01-28,2.771547164941915,2.861532593458973,2.7445516007493,2.8345370292663574,311600,0.0,0.0
2021-01-29,2.8255388367793555,2.8615329265594482,2.767048333615856,2.8615329265594482,403500,0.0,0.0
2021-02-01,2.8750302682844437,2.9605163288318956,2.8030420971041363,2.8345370292663574,358500,0.0,0.0
2021-02-02,2.8390361991764888,2.8615326100717757,2.816540002822876,2.816540002822876,1740900,0.0,0.0
2021-02-03,2.812040447267327,2.9335205860076092,2.7985425587221133,2.897526502609253,4927300,0.0,0.0
2021-02-04,2.9245217265527814,2.965015172958374,2.88852764732187,2.965015172958374,570100,0.0,0.0
2021-02-05,2.969514740315137,3.037003755569458,2.969514740315137,3.037003755569458,622100,0.0,0.0
2021-02-08,3.077496937445891,3.1179901714101055,3.0235056012575283,3.072997570037842,653600,0.0,0.0
2021-02-09,3.0819961584284865,3.104492566882642,3.037003556061827,3.0774970054626465,430400,0.0,0.0
2021-02-10,3.072997900230411,3.0999934639544335,2.94701860285164,3.023505926132202,533200,0.0,0.0
2021-02-11,3.0235057405882633,3.0550006702710366,2.983012504758019,3.046002149581909,463100,0.0,0.0
2021-02-12,3.05050154746868,3.1134911929176425,2.947018451245984,3.0100080966949463,586100,0.0,0.0
2021-02-17,3.0145073192058716,3.0145073192058716,2.879529504422398,2.9020256996154785,326500,0.0,0.0
2021-02-18,2.9065252795113117,2.951517887722914,2.7985428052617882,2.8795297145843506,522600,0.0,0.0
2021-02-19,2.8975265651867588,2.920022760525749,2.807541140205805,2.825538396835327,494700,0.0,0.0
2021-02-22,2.7895440102730817,2.8525338701386502,2.6770623934952695,2.7040581703186035,785800,0.0,0.0
2021-02-23,2.7355530952331826,2.8345370457224357,2.71305689887957,2.816540002822876,310100,0.0,0.0
2021-02-24,2.8345373475023847,2.8615329147258164,2.744551908882582,2.803042411804199,995200,0.0,0.0
2021-02-25,2.8570336679890502,2.8570336679890502,2.6770629976226057,2.735553503036499,249500,0.0,0.0
2021-02-26,2.8075412917982847,2.8075412917982847,2.6590655792857167,2.686061143875122,452300,0.0,0.0
2021-03-01,2.7310536284756655,2.7310536284756655,2.5555821585223395,2.5645806789398193,758600,0.0,0.0
2021-03-02,2.555582571291482,2.654566526412964,2.443100940634506,2.654566526412964,889300,0.0,0.0
2021-03-03,2.627570659590313,2.627570659590313,2.497092000148898,2.59157657623291,439700,0.0,0.0
2021-03-04,2.600574975151387,2.780545383500978,2.510589556434942,2.5645806789398193,749000,0.0,0.0
2021-03-05,2.5780790774891673,2.650067255088042,2.497092377690433,2.605074644088745,595100,0.0,0.0
2021-03-08,2.5870774642986447,2.609573875891827,2.474595835416095,2.4970922470092773,360900,0.0,0.0
2021-03-09,2.501590936877629,2.5150888242397422,2.384610176086426,2.384610176086426,558500,0.0,0.0
2021-03-10,2.4296031774103994,2.474595785140991,2.3441171154514366,2.474595785140991,438400,0.0,0.0
2021-03-11,2.4745959272667806,2.551083472072606,2.420604794889147,2.524087905883789,520900,0.0,0.0
2021-03-12,2.506090768738214,2.5195884440607785,2.438601748500348,2.4970922470092773,414500,0.0,0.0
2021-03-15,2.4655969543475442,2.5645806789398193,2.4655969543475442,2.5645806789398193,337100,0.0,0.0
2021-03-16,2.564580492863974,2.564580492863974,2.4520988885358763,2.4925923347473145,503600,0.0,0.0
2021-03-17,2.501591271676131,2.641068458557129,2.4835942291457873,2.641068458557129,596800,0.0,0.0
2021-03-18,2.6095739727525533,2.6185724948154925,2.4970923396949725,2.524087905883789,425000,0.0,0.0
2021-03-19,2.474595785140991,2.5645810006021748,2.4700964170970936,2.474595785140991,1824100,0.0,0.0
2021-03-22,2.483594148153518,2.560081683683985,2.4700962594251035,2.5195882320404053,1107500,0.0,0.0
2021-03-23,2.5195880768524215,2.5645806789398193,2.488093362662068,2.5645806789398193,430300,0.0,0.0
2021-03-24,2.5420848040077173,2.587077411738309,2.474595785140991,2.474595785140991,486500,0.0,0.0
2021-03-25,2.4610977234206173,2.578078709880126,2.4071065979200723,2.5375852584838867,768500,0.0,0.0
2021-03-26,2.5240875558492246,2.542084597479315,2.456598542465557,2.5150890350341797,516700,0.0,0.0
2021-03-29,2.4745953766950435,2.5150888242397422,2.384610176086426,2.384610176086426,1385700,0.0,0.0
2021-03-30,2.389109595821873,2.479095021027734,2.366613400426657,2.407106637954712,1219600,0.0,0.0
2021-03-31,2.407106149083306,2.4475995929290075,2.375611439018091,2.425103187561035,909500,0.0,0.0
2021-04-01,2.4116056568660724,2.5150887414295875,2.384610097572325,2.4925923347473145,1697800,0.0,0.0
2021-04-05,2.492592828233228,2.5555824790560564,2.4610978955509752,2.474595785140991,1079300,0.0,0.0
2021-04-06,2.497091911503998,2.5285866260528564,2.474595502933397,2.5285866260528564,377900,0.0,0.0
2021-04-07,2.5420847702924947,2.5420847702924947,2.465597230894091,2.510589838027954,348200,0.0,0.0
2021-04-08,2.510589575277554,2.510589575277554,2.452099084854126,2.452099084854126,294700,0.0,0.0
2021-04-09,2.4970921962771255,2.546583957509938,2.43410233091262,2.474595785140991,1318900,0.0,0.0
2021-04-12,2.4880932915826874,2.6950592552721524,2.4835939242316596,2.6905601024627686,914800,0.0,0.0
2021-04-13,2.677062673045795,2.758049582889486,2.5870774560435605,2.6320700645446777,1019400,0.0,0.0
2021-04-14,2.6455680394953385,2.690560649444235,2.551083451331813,2.618572473526001,612700,0.0,0.0
2021-04-15,2.6275704213630595,2.7175556215981067,2.587076973986468,2.650066614151001,688700,0.0,0.0
2021-04-16,2.6320696278163505,2.672563076019287,2.605074067194941,2.672563076019287,369200,0.0,0.0
2021-04-19,2.83453705493313,2.8390362084018026,2.758049515090621,2.780545711517334,2217900,0.0,0.0
2021-04-20,2.780545164311643,2.8255379773939238,2.7625481248953836,2.812040090560913,603700,0.0,0.0
2021-04-22,2.834536981128482,2.8975266298415217,2.8210390919905675,2.8885281085968018,1260800,0.0,0.0
2021-04-23,2.8840288171659396,2.9155237496282984,2.8480347312327727,2.8570332527160645,598700,0.0,0.0
2021-04-26,2.861532620728548,2.87053114221184,2.7670480378831472,2.8570332527160645,790200,0.0,0.0
2021-04-27,2.828371560033875,2.8914243669681734,2.7698224176450625,2.787837505340576,611100,0.00636,0.0
2021-04-28,2.7878375693195188,2.819364080888572,2.7022657934236225,2.733792304992676,399900,0.0,0.0
2021-04-29,2.7518066865842585,2.9004312327026054,2.720280183109532,2.7923405170440674,682200,0.0,0.0
2021-04-30,2.7878372676588583,2.7878372676588583,2.702265501022339,2.702265501022339,394700,0.0,0.0
2021-05-03,2.688753788531514,2.7788294243545546,2.657227498536682,2.769821882247925,491800,0.0,0.0
2021-05-04,2.7833336899138867,2.810356322077308,2.6977619140179905,2.733792304992676,368200,0.0,0.0
2021-05-05,2.7427988271584285,2.7698214492539903,2.679745827512073,2.715776205062866,422700,0.0,0.0
2021-05-06,2.715776923020428,2.7337920091800356,2.679746535944446,2.702265501022339,301700,0.0,0.0
2021-05-07,2.7022653851504437,2.855393825697798,2.6932578424568794,2.837378740310669,871000,0.0,0.0
2021-05-10,2.859897953113259,2.877913041419737,2.7427998791211534,2.7653186321258545,548200,0.0,0.0
2021-05-11,2.742799459789309,2.769822088117681,2.706769288684812,2.7247843742370605,359700,0.0,0.0
2021-05-12,2.702265472244654,2.7382956441801674,2.670738964422698,2.729288101196289,389600,0.0,0.0
2021-05-13,2.7382954035993543,2.751806824266469,2.6707387297772707,2.7427992820739746,370800,0.0,0.0
2021-05-14,2.7563107595011616,2.783333388740573,2.6842504148627313,2.702265501022339,576000,0.0,0.0
2021-05-17,2.7067691133039955,2.7427992820739746,2.68875381416226,2.7427992820739746,490100,0.0,0.0
2021-05-18,2.742799786101792,2.814860136883847,2.715777154558521,2.787837505340576,488300,0.0,0.0
2021-05-19,2.7563103500767996,2.801348058785884,2.733791603100625,2.7923405170440674,357400,0.0,0.0
2021-05-20,2.7788295454308622,2.900431476547049,2.7382954968065487,2.819363594055176,1804900,0.0,0.0
2021-05-21,2.8148595927810733,2.8328746769943325,2.7473029196029786,2.769821882247925,461600,0.0,0.0
2021-05-24,2.769821882247925,2.7878369664611844,2.715776629608147,2.769821882247925,392400,0.0,0.0
2021-05-25,2.7878369664611844,2.8373785554260196,2.742799255928036,2.769821882247925,309300,0.0,0.0
2021-05-26,2.7878369664611844,2.823867134887703,2.7563104617096084,2.769821882247925,470400,0.0,0.0
2021-05-27,2.7698224754530685,2.8058526515960693,2.756311052021048,2.8058526515960693,376000,0.0,0.0
2021-05-28,2.8238672579263477,2.859897427922736,2.796844630429056,2.819363594055176,520100,0.0,0.0
2021-05-31,2.8238673231572737,2.9004315435465977,2.7473031027679493,2.8103559017181396,802600,0.0,0.0
2021-06-01,2.886919911968918,2.9589804631377574,2.8373785380639727,2.882416248321533,940200,0.0,0.0
2021-06-02,2.8914242024996684,3.161650717318275,2.8553940291580906,3.107605457305908,2374400,0.0,0.0
2021-06-04,3.1256199767209427,3.1526426018229023,3.0625671848163702,3.1031010150909424,1294600,0.0,0.0
2021-06-07,3.1481387235942084,3.1481387235942084,3.0760783899889828,3.1031010150909424,652200,0.0,0.0
2021-06-08,3.0760783899889828,3.1031010150909424,3.0265368032570232,3.1031010150909424,723500,0.0,0.0
2021-06-09,3.112108619464385,3.1616502071940316,3.062567246491477,3.1211161613464355,1066100,0.0,0.0
2021-06-10,3.116612666804726,3.1481389577232752,2.986003195053379,3.031040906906128,1367100,0.0,0.0
2021-06-11,3.0625678982050974,3.0625678982050974,2.9139431033888417,2.9589810371398926,1163100,0.0,0.0
2021-06-14,2.9905076541836553,3.067071892073908,2.9319587205824096,3.022034168243408,1089000,0.0,0.0
2021-06-15,3.004018218463984,3.0355445087388877,2.954476629059034,3.0130257606506348,553100,0.0,0.0
2021-06-16,3.0400480584767977,3.0400480584767977,2.95898018756317,3.008521556854248,525000,0.0,0.0
2021-06-17,3.004018182536884,3.008521846197974,2.9499729300633453,2.9679880142211914,539200,0.0,0.0
2021-06-18,2.936461862750132,2.972492035399361,2.8779127248167513,2.9319581985473633,955500,0.0,0.0
2021-06-21,2.9454690516455124,2.9679880142211914,2.904935004911987,2.9679880142211914,298900,0.0,0.0
2021-06-22,2.9634845587285534,2.99050718882178,2.886920332752692,2.922950506210327,346500,0.0,0.0
2021-06-23,2.972491615310609,2.972491615310609,2.904934943762399,2.9499728679656982,476900,0.0,0.0
2021-06-24,2.958980803340444,3.0175297260284424,2.9184467520699493,3.0175297260284424,795000,0.0,0.0
2021-06-25,3.008522056715419,3.0175295994246336,2.891424001495634,2.9094390869140625,993700,0.0,0.0
2021-06-28,2.891423816681462,2.9319578636604477,2.850889769702476,2.855393648147583,639400,0.0,0.0
2021-06-29,2.8508894914937994,2.868904574002708,2.769821620203712,2.7833328247070312,850800,0.0,0.0
2021-06-30,2.7518065376948035,2.796844243967074,2.729287577180306,2.7833328247070312,499300,0.0,0.0
2021-07-01,2.778829604602176,2.7923408112601473,2.7112729270420455,2.738295555114746,445800,0.0,0.0
2021-07-02,2.7653185383427914,2.787837505340576,2.71127327525625,2.787837505340576,379300,0.0,0.0
2021-07-05,2.814859898891942,2.8193637778134173,2.742799554202474,2.7743258476257324,303500,0.0,0.0
2021-07-06,2.7563109147581644,2.787837424691681,2.6797466868887523,2.6977617740631104,604100,0.0,0.0
2021-07-07,2.7067686643643456,2.7247837457613873,2.6707382868135525,2.715776205062866,497000,0.0,0.0
2021-07-08,2.675243161260201,2.733792304992676,2.6211978969333583,2.733792304992676,721100,0.0,0.0
2021-07-12,2.738295377496349,2.8148595927810733,2.715776629608147,2.769821882247925,1047800,0.0,0.0
2021-07-13,2.75631102581318,2.76982244911673,2.7022657621125585,2.760814905166626,492700,0.0,0.0
2021-07-14,2.7698220619112757,2.774325725878347,2.7202804697329457,2.738295555114746,481800,0.0,0.0
2021-07-15,2.738294949430813,2.7563100308278545,2.6932572459382094,2.715776205062866,402400,0.0,0.0
2021-07-16,2.724784556305276,2.738295763993892,2.652723994524486,2.693258047103882,428200,0.0,0.0
2021-07-19,2.6662356172057273,2.733792304992676,2.6211978969333583,2.733792304992676,450000,0.0,0.0
2021-07-20,2.715776894098854,2.729288101196289,2.693257929260776,2.729288101196289,299000,0.0,0.0
2021-07-21,2.7247837457613873,2.733791286459908,2.6707382868135525,2.715776205062866,364100,0.0,0.0
2021-07-22,2.7022655037377405,2.7292881330043057,2.675242874471175,2.688754081726074,349600,0.0,0.0
2021-07-23,2.6932579264913596,2.6977615906002854,2.6257012468033576,2.6572277545928955,441900,0.0,0.0
2021-07-26,2.679746414070611,2.6842502927840615,2.5221143099647088,2.5671520233154297,849400,0.0,0.0
2021-07-27,2.53562524196614,2.576159068780278,2.468068577600289,2.5086026191711426,458200,0.0,0.0
2021-07-28,2.508603396902382,2.5356260280750864,2.481580765729678,2.5131070613861084,530100,0.0,0.0
2021-07-29,2.499596118927002,2.522114873253318,2.4860846945257684,2.499596118927002,299500,0.0,0.0
2021-07-30,2.4770767115095587,2.5086032196957526,2.4275351171474724,2.4455502033233643,721100,0.0,0.0
2021-08-02,2.4365423953977894,2.513106610701639,2.4365423953977894,2.486083984375,458500,0.0,0.0
2021-08-03,2.477076380916084,2.4815802592373477,2.4005121675085084,2.454557418823242,667800,0.0,0.0
2021-08-04,2.4590615337854813,2.4860841620432956,2.4230313627750615,2.468069076538086,368000,0.0,0.0
2021-08-05,2.472572709283649,2.477076587981404,2.409519910812378,2.409519910812378,381600,0.0,0.0
2021-08-06,2.4275346675203706,2.4545572917790874,2.368985755671514,2.4320385456085205,436900,0.0,0.0
2021-08-09,2.4275347931658753,2.459061297144506,2.4185272512800866,2.454557418823242,220800,0.0,0.0
2021-08-10,2.4545578032553665,2.526618364384521,2.436542716662271,2.477076768875122,429600,0.0,0.0
2021-08-11,2.477076380916084,2.5040990065734507,2.4095197093942975,2.454557418823242,365500,0.0,0.0
2021-08-12,2.436542504480063,2.454557589504345,2.3509707432363465,2.3644821643829346,358000,0.0,0.0
2021-08-13,2.387001191764642,2.468069076538086,2.3104369709891213,2.468069076538086,564800,0.0,0.0
2021-08-16,2.4770764593060886,2.589670843820002,2.359978196328381,2.3870010375976562,1152100,0.0,0.0
2021-08-17,2.3599782857484874,2.405016213065946,2.139293386822655,2.3644821643829346,2313300,0.0,0.0
2021-08-18,2.346467412588109,2.3779939232361613,2.2653995184661246,2.2699031829833984,915000,0.0,0.0
2021-08-19,2.2473843261746143,2.323948559528455,2.1618127633451634,2.3194448947906494,697200,0.0,0.0
2021-08-20,2.3059330539271286,2.3059330539271286,2.2383763770264977,2.251887798309326,940500,0.0,0.0
2021-08-23,2.274407034172928,2.27891069863459,2.224865436553955,2.224865436553955,376800,0.0,0.0
2021-08-24,2.2563918235664167,2.3104370826950476,2.2428804014058743,2.274406909942627,990700,0.0,0.0
2021-08-25,2.287917999842921,2.328452049486021,2.265399250407567,2.310436964035034,390400,0.0,0.0
2021-08-26,2.3104369931689863,2.3329557428882954,2.184331178665161,2.184331178665161,1131700,0.0,0.0
2021-08-27,2.2023461480308466,2.2293687751209292,2.1843310633041253,2.2203612327575684,446200,0.0,0.0
2021-08-30,2.229368802479215,2.238376344953114,2.1888349687250446,2.193338632583618,324400,0.0,0.0
2021-08-31,2.1978428158960686,2.2248654470640385,2.1032634994297816,2.1257822513580322,701800,0.0,0.0
2021-09-01,2.148300850635559,2.16631593499989,2.0897517190731105,2.1032631397247314,554900,0.0,0.0
2021-09-02,2.103263256359002,2.1392934270856796,2.026699036186433,2.067233085632324,1224700,0.0,0.0
2021-09-03,2.0897517867554005,2.193338632583618,2.040210410527331,2.193338632583618,1359600,0.0,0.0
2021-09-06,2.17081969714371,2.2068498639416583,2.0852479436202165,2.1392931938171387,656600,0.0,0.0
2021-09-08,2.1392932010405263,2.1392932010405263,1.9771572351455688,1.9771572351455688,657700,0.0,0.0
2021-09-09,1.9816616691711,2.031203269958496,1.905097435615159,2.031203269958496,1257700,0.0,0.0
2021-09-10,2.053721850196902,2.0627293936942084,1.9501349925994873,1.9501349925994873,1329300,0.0,0.0
2021-09-13,1.9726538070445916,2.0537216922870742,1.9501348426544105,2.040210485458374,612900,0.0,0.0
2021-09-14,2.0492179057600968,2.0897517385798303,1.990668773651123,1.990668773651123,466800,0.0,0.0
2021-09-15,1.9906685913125897,2.0041797960960044,1.9231119231253329,1.9591420888900757,612700,0.0,0.0
2021-09-16,1.9411272692219996,1.9456311479316766,1.8600593852586305,1.8825781345367432,1427000,0.0,0.0
2021-09-17,1.8735707950309364,1.9321199360648482,1.8735707950309364,1.923112392425537,757200,0.0,0.0
2021-09-20,1.8960895282919714,1.9096007347106934,1.860059358166374,1.9096007347106934,368000,0.0,0.0
2021-09-21,1.9141045224801667,1.9771573172064487,1.8915855598424085,1.9456310272216797,581300,0.0,0.0
2021-09-22,1.9726539587211425,2.004180253583327,1.914104818610261,1.9501349925994873,990100,0.0,0.0
2021-09-23,1.936623454093933,1.9816611638912185,1.9141044918169203,1.936623454093933,443200,0.0,0.0
2021-09-24,1.9321194645665187,1.9591420888900757,1.8870817573605903,1.9591420888900757,343000,0.0,0.0
2021-09-27,1.9771576542614033,1.9771576542614033,1.9005934259488695,1.923112392425537,605900,0.0,0.0
2021-09-28,1.9141051545758545,1.9411277898108135,1.864563549266689,1.891586184501648,2459100,0.0,0.0
2021-09-29,1.9186086964326803,2.022195339202881,1.8915858512023587,2.022195339202881,742200,0.0,0.0
2021-09-30,2.031203406048148,2.076241130346562,1.950135287554194,1.9681503772735596,664500,0.0,0.0
2021-10-01,1.9816610092635287,1.999676091776738,1.896089259947423,1.9141043424606323,1070900,0.0,0.0
2021-10-04,1.9141046412342098,1.9231121838968064,1.8645630492115501,1.8825781345367432,347200,0.0,0.0
2021-10-05,1.9050972162613462,1.9141047594803948,1.851051956947054,1.8960896730422974,460300,0.0,0.0
2021-10-06,1.8600598841059364,1.9096012746582873,1.8195258238750907,1.891586184501648,1669000,0.0,0.0
2021-10-07,1.9141043424606323,1.9681495900002601,1.9005929231973635,1.9141043424606323,26162800,0.0,0.0
2021-10-08,1.9501349594900075,2.094255867756799,1.9276162085074537,2.0627293586730957,1606300,0.0,0.0
2021-10-11,2.0717363135706033,2.1302854360573997,2.0447136912128614,2.0987589359283447,832600,0.0,0.0
2021-10-13,2.1122705687186776,2.188834780542684,2.0852479436202165,2.1392931938171387,2311900,0.0,0.0
2021-10-14,2.1663158323283875,2.179827252339641,2.0266988277435303,2.0266988277435303,1228000,0.0,0.0
2021-10-15,2.044713948416074,2.1032630782677266,2.0086837807402076,2.0717365741729736,551000,0.0,0.0
2021-10-18,2.062729438274,2.1528050899505615,2.0312031427304675,2.1528050899505615,1087600,0.0,0.0
2021-10-19,2.1392936545257824,2.1483011981650932,1.923112392425537,1.923112392425537,978500,0.0,0.0
2021-10-20,1.9456312985300328,1.9681500495511721,1.8825782802545856,1.9411274194717407,2173700,0.0,0.0
2021-10-21,1.9141045136965409,1.9141045136965409,1.824029093072342,1.8600592613220215,1051600,0.0,0.0
2021-10-22,1.8555555924937153,1.8690670144918045,1.74746507553607,1.8015103340148926,4066700,0.0,0.0
2021-10-25,1.8240287954624634,1.9366231602501043,1.8105173771949952,1.8420438766479492,2418500,0.0,0.0
2021-10-26,1.837540379465996,1.837540379465996,1.7159384489059448,1.7159384489059448,1412200,0.0,0.0
2021-10-27,1.7339537143707275,1.801510397217748,1.7204423992770008,1.7339537143707275,829200,0.0,0.0
2021-10-28,1.7339536684042973,1.7474650905182287,1.6438782368339842,1.6663970947265625,892300,0.0,0.0
2021-10-29,1.693419550769736,1.693419550769736,1.5853289365768433,1.5853289365768433,966700,0.0,0.0
2021-11-01,1.6213592978036055,1.7744877487081856,1.6078479828493872,1.7609764337539673,714000,0.0,0.0
2021-11-03,1.7474650438480164,1.8465480159291146,1.729449850636708,1.8060141801834106,1004500,0.0,0.0
2021-11-04,1.8015101481513343,1.80601402660495,1.7159383903433365,1.747464895248413,515700,0.0,0.0
2021-11-05,1.756472644949172,1.8420444128685962,1.751968873341749,1.8240293264389038,482900,0.0,0.0
2021-11-08,1.8240292845424537,1.8240292845424537,1.7294498682022095,1.7294498682022095,415800,0.0,0.0
2021-11-09,1.7474648138149316,1.8420441093659332,1.7474648138149316,1.792502522468567,753200,0.0,0.0
2021-11-10,1.7925027079107774,1.909600762524533,1.787998936579479,1.8825781345367432,739700,0.0,0.0
2021-11-11,1.918608636914367,2.0176916122436523,1.8960896715065987,2.0176916122436523,593600,0.0,0.0
2021-11-12,2.0176912991042966,2.0312027192033812,1.9096005825818276,1.9276158809661865,550900,0.0,0.0
2021-11-16,1.990669115413286,1.990669115413286,1.8420445351256778,1.8465481996536255,1027200,0.0,0.0
2021-11-17,1.850215841216766,1.935610334976911,1.8075184812275087,1.8739365339279175,963500,0.207731,0.0
2021-11-18,1.8597041658908324,1.9118898042999746,1.8454717498999358,1.8976572751998901,405600,0.0,0.0
2021-11-19,1.9118894695483484,2.0115162509318414,1.888168667274261,1.9498425722122192,334600,0.0,0.0
2021-11-22,1.9498429136090323,1.9498429136090323,1.8549600272272002,1.8976572751998901,1236700,0.0,0.0
2021-11-23,1.9024013735656695,1.916633675299705,1.8407274628025627,1.8929129838943481,498100,0.0,0.0
2021-11-24,1.8549600272272002,1.9498429136090323,1.8549600272272002,1.8976572751998901,216600,0.0,0.0
2021-11-25,1.8976570037504379,2.0067722905148218,1.8976570037504379,1.9925397634506226,457000,0.0,0.0
2021-11-26,1.9166336724921809,1.9166336724921809,1.8217507939005606,1.8264949321746826,639400,0.0,0.0
2021-11-29,1.8502159539530314,1.9925401188919516,1.8502159539530314,1.9403547048568726,627800,0.0,0.0
2021-11-30,1.9213779793082588,1.9735633887200001,1.8264949848700351,1.8834247589111328,586700,0.0,0.0
2021-12-01,1.9071458964880525,1.9688198233475824,1.8027747139552228,1.9118901491165161,670400,0.0,0.0
2021-12-02,1.94509848686888,1.9498427382149408,1.8786805515525178,1.907145380973816,3714500,0.0,0.0
2021-12-03,1.926121769938132,2.0352370532059285,1.926121769938132,1.9498425722122192,530100,0.0,0.0
2021-12-06,1.9593309983374907,2.054213762283325,1.9166336414526883,2.054213762283325,292100,0.0,0.0
2021-12-07,2.0542138466685262,2.10639948209165,1.9640751041079907,1.9830516576766968,620600,0.0,0.0
2021-12-08,2.0115160345524705,2.044725108920215,1.9498423624671033,1.954586386680603,371300,0.0,0.0
2021-12-09,1.9545865090728993,1.9688190350412342,1.902401108365098,1.9213776588439941,473600,0.0,0.0
2021-12-10,1.949842721942907,2.054213762283325,1.949842721942907,2.054213762283325,435600,0.0,0.0
2021-12-13,2.063701981798066,2.0921668101972677,1.9356101408924853,1.964074969291687,556900,0.0,0.0
2021-12-14,1.9735633887200001,1.978307640240175,1.869192343678154,1.8834247589111328,854100,0.0,0.0
2021-12-15,1.8834250150553957,1.9877961874008179,1.8502160416620514,1.9877961874008179,363100,0.0,0.0
2021-12-16,1.9877955855201304,1.9877955855201304,1.9213776588439941,1.9213776588439941,293700,0.0,0.0
2021-12-17,1.8739364820891469,1.9688193634181888,1.8739364820891469,1.8834247589111328,373100,0.0,0.0
2021-12-20,1.9213779448574237,1.9498427748129996,1.873936448488951,1.8786805868148804,460300,0.0,0.0
2021-12-21,1.9118898042999746,1.916633829854419,1.8407276112363036,1.8976572751998901,494000,0.0,0.0
2021-12-22,1.8929129317786497,1.9356101751327515,1.8359831608640054,1.9356101751327515,573900,0.0,0.0
2021-12-23,1.9448974519234241,1.9642016255797046,1.896636902720772,1.9304192066192627,298500,0.069243,0.0
2021-12-27,1.9448974262040397,2.041418293209047,1.9255931377410889,1.9255931377410889,283000,0.0,0.0
2021-12-28,1.9062889643400873,1.9786796145938428,1.901462920989837,1.9255931377410889,276200,0.0,0.0
2021-12-29,1.9690275539318236,1.9690275539318236,1.896636902720772,1.9304192066192627,2793900,0.0,0.0
2021-12-30,1.9304188231830395,1.988331332648805,1.8821583986282349,1.8821583986282349,1005100,0.0,0.0
2022-01-03,1.891810550587262,1.9400709768524749,1.8435500092601167,1.8725063800811768,594600,0.0,0.0
2022-01-04,1.877332726024122,1.8821587694303763,1.8435503071183912,1.8628544807434082,625800,0.0,0.0
2022-01-05,1.8869846288876961,1.8869846288876961,1.804941783917206,1.8290719985961914,541000,0.0,0.0
2022-01-06,1.8387241690072087,1.858028341637949,1.780811651114987,1.8001158237457275,431700,0.0,0.0
2022-01-07,1.7759855312129242,1.8435501325008958,1.7518553164672201,1.785637617111206,331500,0.0,0.0
2022-01-10,1.7711593946292805,1.886984534347363,1.7711593946292805,1.8773324489593506,418900,0.0,0.0
2022-01-11,1.8773324593918899,1.89663663027519,1.838724002563355,1.8580281734466553,364100,0.0,0.0
2022-01-12,1.8483760518866381,1.9352450492878859,1.8242458387540317,1.8725063800811768,775800,0.0,0.0
2022-01-13,1.8918106985851038,1.8918106985851038,1.8145938954580996,1.8338980674743652,298100,0.0,0.0
2022-01-14,1.8483761440538502,1.8483761440538502,1.7856375867806853,1.8242459297180176,220400,0.0,0.0
2022-01-17,1.824246211549621,1.8338982987751251,1.761507644583844,1.8097680807113647,329900,0.0,0.0
2022-01-18,1.8194199177551917,1.8435501325008958,1.7470291584561395,1.785637617111206,752900,0.0,0.0
2022-01-19,1.8338980154523508,1.8483761440538502,1.800115715382185,1.8242459297180176,418500,0.0,0.0
2022-01-20,1.83389795984253,1.90628871571684,1.83389795984253,1.8580281734466553,809400,0.0,0.0
2022-01-21,1.8483759863779432,1.9062886109056372,1.824245774100541,1.8821583986282349,531000,0.0,0.0
2022-01-24,1.8821587644700062,1.906288981437683,1.824246128685631,1.906288981437683,324600,0.0,0.0
2022-01-25,1.9255927664456889,1.9883313179016113,1.882158384668512,1.9883313179016113,413300,0.0,0.0
2022-01-26,2.0028095337903773,2.0558961147682404,1.949722952812514,2.026939630508423,1676600,0.0,0.0
2022-01-27,2.036591992452115,2.21032977104187,2.0269399064262337,2.21032977104187,735200,0.0,0.0
2022-01-28,2.1910253578027636,2.1910253578027636,2.0365917682647705,2.0365917682647705,519500,0.0,0.0
2022-01-31,2.046243853228154,2.080026265661925,2.0317658408450074,2.0365917682647705,399100,0.0,0.0
2022-02-01,2.060722277853076,2.089678535302258,1.993157677138318,2.002809762954712,285500,0.0,0.0
2022-02-02,1.9835053643664,2.0752002841922175,1.9835053643664,2.026939630508423,174800,0.0,0.0
2022-02-03,2.026940119078223,2.0703746258134688,2.0028100165439033,2.05107045173645,228400,0.0,0.0
2022-02-04,2.041417925808391,2.041417925808391,1.95454916113794,2.0365917682647705,233000,0.0,0.0
2022-02-07,2.0365919482501518,2.0365919482501518,1.964201419689136,2.002809762954712,210300,0.0,0.0
2022-02-08,1.9642013398371663,2.046243950879244,1.9593751820632312,2.031765937805176,201400,0.0,0.0
2022-02-09,2.0317656265256043,2.0365915534363075,1.954548954963684,1.954548954963684,199300,0.0,0.0
2022-02-10,1.954548954963684,1.9883311337101075,1.9304186300386674,1.954548954963684,239100,0.0,0.0
2022-02-11,1.9883314295298187,1.9931575872823808,1.8966366184078802,1.9642013311386108,348800,0.0,0.0
2022-02-14,1.9545491096641663,1.9545491096641663,1.896636486347087,1.9400708675384521,216700,0.0,0.0
2022-02-15,1.9352447870732041,1.9690269658196273,1.9207665460934273,1.954548954963684,230200,0.0,0.0
2022-02-16,1.9545495304349876,1.9593754587665724,1.906288981437683,1.906288981437683,205200,0.0,0.0
2022-02-17,1.906288423912243,1.920766549858483,1.843549763083287,1.8918102979660034,412700,0.0,0.0
2022-02-18,1.9014629380441477,1.9255931550118246,1.8580284324403789,1.906288981437683,349300,0.0,0.0
2022-02-21,1.9207671166804103,1.9207671166804103,1.7952898730558486,1.8628544807434082,485100,0.0,0.0
2022-02-22,1.8628542161674804,1.90628871571684,1.838724002563355,1.8580281734466553,387300,0.0,0.0
2022-02-23,1.8628539310116068,1.9304186338226428,1.8338976791191273,1.8918102979660034,336000,0.0,0.0
2022-02-24,1.7856375326342797,1.891810587554365,1.7856375326342797,1.8580281734466553,532300,0.0,0.0
2022-02-25,1.8580280712889041,1.8821583986282349,1.8097676467340995,1.8821583986282349,263400,0.0,0.0
2022-03-02,1.8580283086404488,1.8676803947844036,1.8290720502085842,1.838724136352539,128600,0.0,0.0
2022-03-03,1.8435500969229779,1.9255929405370007,1.838724054066973,1.867680311203003,201100,0.0,0.0
2022-03-04,1.8676803472466001,1.8773325482068217,1.761507402365502,1.785637617111206,1152300,0.0,0.0
2022-03-07,1.7663333937384138,1.7952896505877476,1.7373770218271432,1.7759854793548584,445100,0.0,0.0
2022-03-08,1.7856378626476044,1.8097680807113647,1.7228991806198715,1.8097680807113647,442000,0.0,0.0
2022-03-09,1.8532020800950644,1.8628541652730128,1.7904635264383997,1.8049416542053223,490500,0.0,0.0
2022-03-10,1.8049419102511792,1.8532023429870605,1.7856377371568266,1.8532023429870605,184100,0.0,0.0
2022-03-11,1.8532022074200654,1.8773325370847518,1.7566813490090771,1.7615073919296265,585000,0.0,0.0
2022-03-14,1.7711595316601239,1.7808116177948976,1.703594813654765,1.7277250289916992,283300,0.0,0.0
2022-03-15,1.7228989437104352,1.785637617111206,1.6842906001173086,1.785637617111206,188500,0.0,0.0
2022-03-16,1.780811632018162,1.785637675124094,1.6987687841553696,1.7518553733825684,625300,0.0,0.0
2022-03-17,1.732551029608717,1.785637617111206,1.7084208148630127,1.785637617111206,161500,0.0,0.0
2022-03-18,1.7663334007819524,1.877332500875629,1.7566813151270186,1.8435500860214233,256200,0.0,0.0
2022-03-21,1.848376088005005,1.9014626729960151,1.848376088005005,1.8580281734466553,311700,0.0,0.0
2022-03-22,1.8435503022597726,1.93041919840536,1.8435503022597726,1.906288981437683,188600,0.0,0.0
2022-03-23,1.925592836824776,2.022113803808205,1.925592836824776,1.9352450370788574,553100,0.0,0.0
2022-03-24,1.9738532796544113,2.0510699573503204,1.9304187833885367,2.026939630508423,1156600,0.0,0.0
2022-03-25,2.051070264914869,2.1089827818709677,2.026939934454551,2.0607223510742188,297400,0.0,0.0
2022-03-28,2.080026010323539,2.0993301778805784,2.0124614238739014,2.0124614238739014,428800,0.0,0.0
2022-03-29,2.0510703628898854,2.244112325421948,2.0414182762694772,2.191025733947754,754600,0.0,0.0
2022-03-30,2.215155681491721,2.244111936332441,2.1620690992218057,2.186199426651001,210500,0.0,0.0
2022-03-31,2.1861994303830006,2.195851515346384,2.0365917682647705,2.0365917682647705,290600,0.0,0.0
2022-04-01,2.0462437999324,2.1041565383281835,2.0172875457964343,2.026939630508423,329600,0.0,0.0
2022-04-04,2.041418364697941,2.0607225387749595,2.0124621035824126,2.05107045173645,135300,0.0,0.0
2022-04-05,2.0607218427664997,2.080026010323539,1.9835051725383424,2.0124614238739014,276500,0.0,0.0
2022-04-06,2.0124620535839757,2.0462442423175062,1.9593754611291259,2.0414183139801025,269600,0.0,0.0
2022-04-07,2.007635793937102,2.055896455622193,1.9642015205939654,2.0221140384674072,235400,0.0,0.0
2022-04-08,2.022114123775255,2.022114123775255,1.973853690178069,1.9931578636169434,219200,0.0,0.0
2022-04-11,1.993157475383225,2.0124616450619706,1.9593750633834934,1.9883313179016113,176200,0.0,0.0
2022-04-12,2.0365919482501518,2.0365919482501518,1.9304190042698182,2.002809762954712,264400,0.0,0.0
2022-04-13,1.983505495105767,2.012461751150335,1.9400709959769815,2.0076355934143066,236300,0.0,0.0
2022-04-14,1.9931575281723843,2.017287625847979,1.969027200372929,1.997983455657959,326600,0.0,0.0
2022-04-18,2.0028092203363648,2.0124613035377332,1.9352446379267865,1.9497226476669312,243300,0.0,0.0
2022-04-19,1.9690275539318236,1.9738537124078448,1.9304192066192627,1.9304192066192627,844100,0.0,0.0
2022-04-20,1.940071293447403,1.9497233802755431,1.9207671197911225,1.9304192066192627,160900,0.0,0.0
2022-04-22,1.9497230498051505,1.9497230498051505,1.8821584534601024,1.9352450370788574,186500,0.0,0.0
2022-04-25,1.9014629380441477,1.915941068224754,1.833898215472702,1.906288981437683,347700,0.0,0.0
2022-04-26,1.9412782536234352,1.9412782536234352,1.8721232524685039,1.916580080986023,168500,0.090834,0.0
2022-04-27,1.9462180467432733,1.951157681673274,1.8918819447430788,1.906700849533081,192700,0.0,0.0
2022-04-28,1.9511573638566881,1.9511573638566881,1.8770627342054824,1.9264591932296753,137500,0.0,0.0
2022-04-29,1.921519590376733,1.9412781271999107,1.8721231305486197,1.9017609357833862,153500,0.0,0.0
2022-05-02,1.9017609609613806,1.9017609609613806,1.8276664468935047,1.8474249839782715,242000,0.0,0.0
2022-05-03,1.8474253404954182,1.8573046109443085,1.7930893530265206,1.8326064348220825,314000,0.0,0.0
2022-05-04,1.8227265118364187,1.9659759998321533,1.8029679780122,1.9659759998321533,200100,0.0,0.0
2022-05-05,1.9462179956422794,1.9560972652428852,1.8424855470657349,1.8424855470657349,215700,0.0,0.0
2022-05-06,1.8474252627114993,1.8622441677609003,1.807908182579763,1.8523648977279663,168300,0.0,0.0
2022-05-09,1.8227269241929966,1.8573043662078539,1.8029683858987926,1.8177872896194458,149900,0.0,0.0
2022-05-10,1.8573043279024377,1.886942134732488,1.8227268866007127,1.8276665210723877,169600,0.0,0.0
2022-05-11,1.8474253404954182,1.9017613279643157,1.798028988250966,1.8326064348220825,202100,0.0,0.0
2022-05-12,1.8276666426648263,1.8573044514666437,1.8079081034636146,1.8424855470657349,93500,0.0,0.0
2022-05-13,1.9511577158274955,1.9511577158274955,1.8326063576620981,1.8523648977279663,225600,0.0,0.0
2022-05-16,1.8721235210141312,1.9067009676664493,1.847425344833904,1.891882061958313,122700,0.0,0.0
2022-05-17,1.9264593159031733,1.9758556603026702,1.9017610259332502,1.9412782192230225,190000,0.0,0.0
2022-05-18,1.965976534843491,1.965976534843491,1.8424855470657349,1.8424855470657349,141100,0.0,0.0
2022-05-19,1.8474251091208922,1.9067007243904606,1.842485474515095,1.8770629167556763,90300,0.0,0.0
2022-05-20,1.921708180423496,1.931665327099733,1.8520089845697905,1.886858582496643,91600,0.029676,0.0
2022-05-23,1.9366440579228958,1.9515796015637839,1.901794337397007,1.9067728519439697,143400,0.0,0.0
2022-05-24,1.9117512702941895,1.9266868131835413,1.8420520701438807,1.9117512702941895,133900,0.0,0.0
2022-05-25,1.8968158228500442,1.9466010870168213,1.8769017646621935,1.9067728519439697,73700,0.0,0.0
2022-05-26,1.9067724064707028,2.0113213062286377,1.9067724064707028,2.0113213062286377,210900,0.0,0.0
2022-05-27,1.986429214477539,2.0063433914736684,1.9466010978795816,1.986429214477539,91200,0.0,0.0
2022-05-30,1.986429203392523,2.0063433802775235,1.901794337397007,1.9067728519439697,174200,0.0,0.0
2022-05-31,1.926686479027258,2.0013642992193583,1.9117509387282625,1.9416221380233765,174500,0.0,0.0
2022-06-01,1.9416220719467618,2.001364231109619,1.9416220719467618,2.001364231109619,186600,0.0,0.0
2022-06-02,1.9963860750706848,2.016300130504295,1.9565578455063313,1.9764719009399414,148400,0.0,0.0
2022-06-03,1.9764718779097779,1.9764718779097779,1.896815538406372,1.896815538406372,164900,0.0,0.0
2022-06-06,1.9167296435089365,1.9466008457861013,1.842051934558862,1.856987476348877,128100,0.0,0.0
2022-06-07,1.8569875764933699,1.8569875764933699,1.7922667732158768,1.802223801612854,263900,0.0,0.0
2022-06-08,1.8072023873970895,1.8121809014657948,1.7673741561503091,1.7922667264938354,186500,0.0,0.0
2022-06-09,1.7773311609277835,1.8221379056543623,1.7524385909114268,1.7872881889343262,157700,0.0,0.0
2022-06-10,1.7823095315916826,1.8022235860032123,1.7524384499743881,1.7574169635772705,227500,0.0,0.0
2022-06-13,1.7474600998754881,1.8221379296032054,1.7026534732571406,1.7922667264938354,337800,0.0,0.0
2022-06-14,1.782309703820655,1.8121809070216046,1.697674964393191,1.717589020729065,319100,0.0,0.0
2022-06-15,1.7424814700070432,1.767374038696289,1.7026533601042495,1.767374038696289,176100,0.0,0.0
2022-06-17,1.7325243504813712,1.7972450256347656,1.702653269641343,1.7972450256347656,138800,0.0,0.0
2022-06-20,1.8121807810340622,1.8121807810340622,1.737502956269194,1.767374038696289,98400,0.0,0.0
2022-06-21,1.76239552495844,1.7872880936476858,1.7026533601042495,1.767374038696289,247400,0.0,0.0
2022-06-22,1.76239590977007,1.7922669987193902,1.7325248208207502,1.7474603652954102,127600,0.0,0.0
2022-06-23,1.7524384260177612,1.7823095072267046,1.7325243718784658,1.7524384260177612,126000,0.0,0.0
2022-06-24,1.7673739907830353,1.7773310179888002,1.7375029091657408,1.7574169635772705,91000,0.0,0.0
2022-06-27,1.7773310661719874,1.7872880936476858,1.7424814700070432,1.767374038696289,64900,0.0,0.0
2022-06-28,1.757416866652466,1.792266459950623,1.717588760026001,1.7375028133392334,176600,0.0,0.0
2022-06-29,1.737503077064939,1.8221379351895415,1.697674964393191,1.717589020729065,150900,0.0,0.0
2022-06-30,1.7126104562502107,1.782309651374817,1.6926964005003233,1.782309651374817,158100,0.0,0.0
2022-07-01,1.7773309199656986,1.7773309199656986,1.7275457866826172,1.7375028133392334,84400,0.0,0.0
2022-07-04,1.7375031741901652,1.7673742603637492,1.6926965449297893,1.7126106023788452,145200,0.0,0.0
2022-07-05,1.7126106659152738,1.9067728519439697,1.6976751222743856,1.9067728519439697,173200,0.0,0.0
2022-07-06,1.9117510556975141,1.9167295694351196,1.8370733496334297,1.9167295694351196,160700,0.0,0.0
2022-07-07,1.9366438652174789,1.9565579214237852,1.8818800919529992,1.8918371200561523,178400,0.0,0.0
2022-07-08,1.881880279209156,1.9615366306577093,1.8719232501152308,1.9067728519439697,135300,0.0,0.0
2022-07-11,1.9117509387282625,1.9416221380233765,1.8569872909652794,1.9416221380233765,88700,0.0,0.0
2022-07-12,1.936643917873772,1.936643917873772,1.8520090579986572,1.8520090579986572,421500,0.0,0.0
2022-07-13,1.85200925415244,1.946601152420044,1.8370737100097372,1.946601152420044,269800,0.0,0.0
2022-07-14,1.94660117288644,1.94660117288644,1.8171596702582595,1.847030758857727,276100,0.0,0.0
2022-07-15,1.852008794300762,1.881879875169212,1.817159199954237,1.822137713432312,122400,0.0,0.0
2022-07-18,1.8221380781163092,1.8719232228610931,1.7723528146743774,1.7723528146743774,138500,0.0,0.0
2022-07-19,1.7723524146440455,1.8370732069015503,1.7574168745916494,1.8370732069015503,86800,0.0,0.0
2022-07-20,1.8569875721855968,1.8569875721855968,1.8022237974321198,1.8520090579986572,68200,0.0,0.0
2022-07-21,1.866944600559476,1.866944600559476,1.8221379728770195,1.8520090579986572,88100,0.0,0.0
2022-07-22,1.852009245811041,1.8669447898864746,1.8320951870437965,1.8669447898864746,79400,0.0,0.0
2022-07-25,1.8769015545175423,1.8918370964861935,1.84703047058024,1.886858582496643,49300,0.0,0.0
2022-07-26,1.886858848653719,1.886858848653719,1.8320951870437965,1.8669447898864746,154800,0.0,0.0
2022-07-27,1.8669443178312763,1.9416221380233765,1.812180670068293,1.9416221380233765,152500,0.0,0.0
2022-07-28,1.9366437900727211,1.981450414798344,1.9316652762143185,1.9764719009399414,154400,0.0,0.0
2022-07-29,1.9466007943876755,1.9764718771789833,1.9366437667905727,1.9714933633804321,136100,0.0,0.0
2022-08-01,1.966514898784745,1.9864289544772067,1.926686668702687,1.931665301322937,169800,0.0,0.0
2022-08-02,1.9316653511659023,1.9565579214237852,1.8918371200561523,1.8918371200561523,124000,0.0,0.0
2022-08-03,1.8968155377050304,1.9914074185746373,1.8968155377050304,1.9714933633804321,165900,0.0,0.0
2022-08-04,1.9714935475304205,2.0362143516540527,1.9665150332668444,2.0362143516540527,331400,0.0,0.0
2022-08-05,2.0362143516540527,2.046171380181205,1.9963862375454438,2.0362143516540527,162700,0.0,0.0
2022-08-08,2.036214254437235,2.0660853385925293,2.011321565610686,2.0660853385925293,167200,0.0,0.0
2022-08-09,2.0859994942898137,2.0859994942898137,1.9963862375454438,2.0362143516540527,139600,0.0,0.0
2022-08-10,2.061106633080712,2.18556959802945,2.036214182527524,2.1009347438812256,434200,0.0,0.0
2022-08-11,2.1059134985440684,2.150720244489989,2.0163002440465068,2.076042413711548,167500,0.0,0.0
2022-08-12,2.0810207589414964,2.1357845318435627,2.051149674829717,2.115870475769043,292000,0.0,0.0
2022-08-15,2.1009349026398754,2.1855697631835938,2.0660854217531326,2.1855697631835938,456800,0.0,0.0
2022-08-16,2.2403333191391117,2.38968896870609,2.1108917245284955,2.1407630443573,667700,0.0,0.0
2022-08-17,2.1407630920760052,2.180591202876519,2.0959563487282944,2.1009347438812256,228500,0.0,0.0
2022-08-18,2.1208490366757484,2.1507201197761336,2.066085265627909,2.1009347438812256,164200,0.0,0.0
2022-08-19,2.06309746189263,2.2237277628054772,2.0129004928573653,2.1584718227386475,294800,0.034622,0.0
2022-08-22,2.1584719751832657,2.1584719751832657,2.0781565796964436,2.0982353687286377,148200,0.0,0.0
2022-08-23,2.1183144111613097,2.1685116291046143,2.0831766458306857,2.1685116291046143,133300,0.0,0.0
2022-08-24,2.168511221019741,2.2187081901585715,2.123333829115779,2.213688373565674,184200,0.0,0.0
2022-08-25,2.2136883274160826,2.21870814390433,2.1835701465606694,2.183570146560669,96300,0.0,0.0
2022-08-26,2.1584721479408535,2.2889842870959116,2.128353722623929,2.163491725921631,223700,0.0,0.0
2022-08-29,2.1283532294466228,2.228747398737771,2.1283532294466228,2.1484322547912598,173800,0.0,0.0
2022-08-30,2.148432752621234,2.2036493072001107,2.108274931984689,2.163491725921631,513800,0.0,0.0
2022-08-31,2.1986294412062684,2.1986294412062684,2.0881958677988117,2.133373260498047,138400,0.0,0.0
2022-09-01,2.1434125154476558,2.248826265335083,2.073136761975377,2.248826265335083,346700,0.0,0.0
2022-09-02,2.238786954159223,2.238786954159223,2.14341259412415,2.198629379272461,325700,0.0,0.0
2022-09-05,2.2086687917739125,2.2086687917739125,2.1283534019594597,2.1584718227386475,210800,0.0,0.0
2022-09-06,2.1584719537299777,2.1936097145080566,2.093215770344913,2.1936097145080566,135900,0.0,0.0
2022-09-08,2.228747690896353,2.2337672683720036,2.113294536659896,2.1233339309692383,131500,0.0,0.0
2022-09-09,2.178550587664617,2.193609558539353,2.1434125900268555,2.1434125900268555,132200,0.0,0.0
2022-09-12,2.1986293750696158,2.1986293750696158,2.1233338026218567,2.1434125900268555,142000,0.0,0.0
2022-09-13,2.1132945576627797,2.143412740890135,2.083176374435425,2.083176374435425,106900,0.0,0.0
2022-09-14,2.0982351765256646,2.1534519609852416,2.0781563893327317,2.1283533573150635,156300,0.0,0.0
2022-09-15,2.128353486670714,2.1383931202353867,2.0982353040508124,2.1082746982574463,139300,0.0,0.0
2022-09-16,2.103255271911621,2.1434128516227076,2.058077875057621,2.103255271911621,195700,0.0,0.0
2022-09-19,2.0932157911496123,2.1132945801818064,2.063097607601321,2.0982353687286377,137600,0.0,0.0
2022-09-20,2.098235412035862,2.1032552290765416,2.063097650183308,2.073137044906616,73600,0.0,0.0
2022-09-21,2.1183141141355466,2.1333733252785807,2.083176353731869,2.1233339309692383,124200,0.0,0.0
2022-09-22,2.1584718227386475,2.1936095813843184,2.0932156433137887,2.1584718227386475,436300,0.0,0.0
2022-09-23,2.1685111981073897,2.198629379272461,2.1333732004024593,2.198629379272461,170600,0.0,0.0
2022-09-26,2.1885901807476134,2.1885901807476134,2.1082747844528615,2.1132946014404297,35500,0.0,0.0
2022-09-27,2.0982353246390595,2.1082747189442017,2.068117141723633,2.068117141723633,183500,0.0,0.0
2022-09-28,2.0630975440066126,2.11831409246408,2.0580777272242763,2.1082746982574463,90500,0.0,0.0
2022-09-29,2.088196059840936,2.133373456694936,2.0630976922005346,2.103255271911621,153800,0.0,0.0
2022-09-30,2.123333806680769,2.203648956454293,2.0932156255156973,2.198629379272461,246500,0.0,0.0
2022-10-03,2.233767208864949,2.304043206516249,2.2086688434392285,2.299023389816284,406400,0.0,0.0
2022-10-04,2.309062980822909,2.3542403775441185,2.248826611433333,2.2689054012298584,140000,0.0,0.0
2022-10-05,2.273925238952463,2.3291417917139645,2.2588660267896534,2.2839646339416504,129500,0.0,0.0
2022-10-06,2.2789446651669283,2.304043270649303,2.2237278767205284,2.23376727104187,204400,0.0,0.0
2022-10-07,2.243806665363212,2.243806665363212,2.203649088077845,2.23376727104187,1151900,0.0,0.0
2022-10-10,2.23376727104187,2.2839644820066196,2.1735309051138203,2.23376727104187,498000,0.0,0.0
2022-10-11,2.24380659454747,2.24380659454747,2.133373260498047,2.133373260498047,250300,0.0,0.0
2022-10-13,2.1233338689596413,2.193609627072712,2.0982352642402415,2.1885900497436523,143100,0.0,0.0
2022-10-14,2.1986292112463715,2.223727573953489,2.0731366796367565,2.0932154655456543,316200,0.0,0.0
2022-10-17,2.09321561730141,2.1283533755104243,2.053058042572236,2.08819580078125,472700,0.0,0.0
2022-10-18,2.098235346370081,2.1233339520718983,2.0379989799153706,2.083176374435425,375000,0.0,0.0
2022-10-19,2.1283534615102,2.1283534615102,2.0329793373536695,2.037998914718628,268000,0.0,0.0
2022-10-20,2.0881955504910144,2.0881955504910144,1.977762233222277,2.0329790115356445,377900,0.0,0.0
2022-10-21,2.0329794453210384,2.073137023805535,2.01290065607879,2.058077812194824,207300,0.0,0.0
2022-10-24,2.063097541625467,2.063097541625467,1.9978413596786428,2.05305814743042,248900,0.0,0.0
2022-10-25,2.0530577717558827,2.0681167406139,2.007880386465843,2.0179197788238525,259200,0.0,0.0
2022-10-26,2.0179201480687365,2.05305814743042,1.9928216625811195,2.05305814743042,118300,0.0,0.0
2022-10-27,2.0279595422637837,2.063097541625467,2.0229399648452793,2.05305814743042,144900,0.0,0.0
2022-10-28,2.027959268631693,2.0781562328338623,2.017919875791259,2.0781562328338623,205500,0.0,0.0
2022-10-31,2.0379988149468664,2.1333731737923087,2.032979237827645,2.1283533573150635,170400,0.0,0.0
2022-11-01,2.128353552276929,2.1584719751832657,2.0781565796964436,2.0982353687286377,194500,0.0,0.0
2022-11-03,2.0480382301740976,2.178550587664617,2.0480382301740976,2.1434125900268555,146200,0.0,0.0
2022-11-04,2.1785506784141346,2.2036490440368652,2.1132944969505694,2.2036490440368652,118700,0.0,0.0
2022-11-07,2.168511171058953,2.1785505646554193,2.083176205809977,2.1283533573150635,98200,0.0,0.0
2022-11-08,2.093216041547732,2.1735312072841,2.07313725011364,2.1685116291046143,215700,0.0,0.0
2022-11-09,2.1584720636933925,2.198629643404479,2.0781566649131644,2.103255271911621,116200,0.0,0.0
2022-11-10,2.058077666830945,2.0831762712900423,1.9878019094467163,1.9878019094467163,174200,0.0,0.0
2022-11-11,2.022940040793087,2.088195985831795,1.8874079747135968,1.9125064611434937,903000,0.0,0.0
2022-11-14,1.9627034215686856,1.9878019063091517,1.8823881507201792,1.9325851202011108,410600,0.0,0.0
2022-11-16,1.932585120201111,1.9426245140972973,1.85226996903162,1.9325851202011108,437200,0.0,0.0
2022-11-17,1.9144617215970912,1.9195533702691123,1.8126286267621916,1.8788201808929443,573100,0.054406,0.0
2022-11-18,1.9093701569196995,1.950103348087751,1.8228120042931044,1.868636965751648,280600,0.0,0.0
2022-11-21,1.8737287822259645,1.8991870289828738,1.7973539205607405,1.8482705354690552,370000,0.0,0.0
2022-11-22,1.8228124377406776,1.8584541098824607,1.7566209863528919,1.7871708869934082,327200,0.0,0.0
2022-11-23,1.787170551491496,1.807537148095127,1.6700624996261266,1.726070761680603,866900,0.0,0.0
2022-11-24,1.7311622917244256,1.8380869165368812,1.7260706429238324,1.792262077331543,182300,0.0,0.0
2022-11-25,1.8228121521507414,1.8279038014597577,1.741345763206482,1.741345763206482,84900,0.0,0.0
2022-11-28,1.7566208301223338,1.7566208301223338,1.7057042121887207,1.7057042121887207,105500,0.0,0.0
2022-11-29,1.7107956368256305,1.782078843999172,1.6955206898729762,1.7769871950149536,263500,0.0,0.0
2022-11-30,1.776987285866703,1.7973538828448554,1.6751541795814477,1.7006124258041382,561300,0.0,0.0
2022-12-01,1.7158873735377524,1.7260707934213222,1.6802458288259858,1.7006124258041382,144600,0.0,0.0
2022-12-02,1.7057041788980056,1.751529146283329,1.70061252934347,1.7311625480651855,112300,0.0,0.0
2022-12-05,1.7311624999055086,1.7515290975570679,1.6853375337950025,1.7515290975570679,325000,0.0,0.0
2022-12-06,1.7362541283055637,1.7362541283055637,1.6904291627496495,1.7107957601547241,295500,0.0,0.0
2022-12-07,1.7107958284525415,1.7617124453924005,1.7107958284525415,1.7311625480651855,81100,0.0,0.0
2022-12-08,1.7260707934213222,1.7311624426658603,1.6751541795814477,1.7006124258041382,224400,0.0,0.0
2022-12-09,1.7006125625348096,1.731162581852779,1.654787715649611,1.7057042121887207,519000,0.0,0.0
2022-12-12,1.7209790584708688,1.7209790584708688,1.5427711009979248,1.5427711009979248,2294500,0.0,0.0
2022-12-13,1.5631376234002006,1.6089625835568901,1.5274960821407055,1.5885958671569824,391500,0.0,0.0
2022-12-14,1.5631375950488977,1.6140542030334473,1.5325877030948558,1.6140542030334473,252000,0.0,0.0
2022-12-15,1.578412652015686,1.6853374027679755,1.573321002998648,1.578412652015686,321600,0.0,0.0
2022-12-16,1.5580460479708365,1.5885959419166598,1.5325878030159836,1.5427711009979248,260600,0.0,0.0
2022-12-19,1.5580459746488442,1.6344208273136722,1.5478626771461312,1.5885958671569824,163800,0.0,0.0
2022-12-20,1.5885959197380095,1.6700624238506583,1.5885959197380095,1.6038709878921509,144400,0.0,0.0
2022-12-21,1.6446041695140976,1.6751540628525334,1.614054276175662,1.6344208717346191,306400,0.0,0.0
2022-12-22,1.634421177362156,1.6547877767295525,1.5885962073910065,1.6191462278366089,190000,0.0,0.0
2022-12-23,1.629329347721835,1.6700625419616701,1.629329347721835,1.67006254196167,232000,0.0,0.0
2022-12-26,1.6700624694966975,1.6904290657328966,1.624237627965249,1.649695873260498,144200,0.0,0.0
2022-12-27,1.6751540251349977,1.6751540251349977,1.6038709422836475,1.6242375373840332,261900,0.0,0.0
2022-12-28,1.680245505520402,1.680245505520402,1.6242373746073258,1.644603967666626,215400,0.0,0.0
2022-12-29,1.649695845067501,1.6802457388997079,1.6038710043191908,1.6751540899276733,231900,0.0,0.0
2023-01-02,1.6547875112496238,1.6547875112496238,1.5020379191054793,1.5122212171554565,1099600,0.0,0.0
2023-01-03,1.5325878030159836,1.5580460479708365,1.5020379090701605,1.5427711009979248,301200,0.0,0.0
2023-01-04,1.5427710283947749,1.5885958671569826,1.50712948713528,1.5885958671569824,552600,0.0,0.0
2023-01-05,1.5631377516930516,1.6038710664415277,1.5427711550160594,1.5580461025238037,360400,0.0,0.0
2023-01-06,1.5885959500497624,1.6140543165294414,1.578412652015686,1.578412652015686,144600,0.0,0.0
2023-01-09,1.5784129077073084,1.6191462278366089,1.547863008656214,1.6191462278366089,124500,0.0,0.0
2023-01-10,1.624237627965249,1.6700624694966975,1.59877938267,1.649695873260498,405700,0.0,0.0
2023-01-11,1.6496959205891184,1.6904291142301235,1.5733210611177408,1.6293293237686157,591800,0.0,0.0
2023-01-12,1.6293293237686157,1.639512622178867,1.5987794285378618,1.6293293237686157,155900,0.0,0.0
2023-01-13,1.6293291785623156,1.6293291785623156,1.5885958671569826,1.5885958671569824,120700,0.0,0.0
2023-01-16,1.5885960091592324,1.5987794289667079,1.5173129202683526,1.5274962186813354,713900,0.0,0.0
2023-01-17,1.532587677051236,1.5784125142035867,1.532587677051236,1.5733208656311035,152800,0.0,0.0
2023-01-18,1.573321152562047,1.5835044515641703,1.5529545545578005,1.5529545545578003,180100,0.0,0.0
2023-01-19,1.547862815507301,1.5631377631267753,1.5173129202683526,1.5274962186813354,343500,0.0,0.0
2023-01-20,1.5376796408273705,1.5631378889083862,1.5020380935139488,1.5631378889083862,131800,0.0,0.0
2023-01-23,1.5631377631267753,1.5733210615397581,1.5274962186813354,1.5274962186813354,174500,0.0,0.0
2023-01-24,1.5427712555556772,1.5784128020631087,1.5427712555556772,1.5529545545578003,147300,0.0,0.0
2023-01-25,1.558046239292183,1.5936879080001074,1.55295458967598,1.5631378889083862,149300,0.0,0.0
2023-01-26,1.5682294580430403,1.6395126704061311,1.5682294580430403,1.6089627742767334,381800,0.0,0.0
2023-01-27,1.573321002998648,1.6191459655464795,1.573321002998648,1.578412652015686,97600,0.0,0.0
2023-01-30,1.5784126921163892,1.6038710592428562,1.5224045515060427,1.5224045515060425,345500,0.0,0.0
2023-01-31,1.5325878678878269,1.5529544647137925,1.5274962186813354,1.5274962186813354,366700,0.0,0.0
2023-02-01,1.5376793221364917,1.542770970697428,1.5071294307708738,1.507129430770874,348300,0.0,0.0
2023-02-02,1.5122212710618612,1.5529544647137925,1.5071296218553698,1.5274962186813354,468500,0.0,0.0
2023-02-03,1.532587983600204,1.5376796331911218,1.466396538918276,1.4918547868728638,1545500,0.0,0.0
2023-02-06,1.491854649610728,1.4969462987331745,1.4460296861142183,1.4867630004882812,534300,0.0,0.0
2023-02-07,1.4918547335740162,1.5122213312100576,1.4511214169074353,1.4765797853469849,371900,0.0,0.0
2023-02-08,1.4867630250294042,1.5274962186813354,1.456213008395963,1.5274962186813354,328100,0.0,0.0
2023-02-09,1.5274962186813354,1.5274962186813354,1.47148807740993,1.5274962186813354,440800,0.0,0.0
2023-02-10,1.527496164230422,1.5631377074053419,1.4918546210555022,1.5122212171554565,1058200,0.0,0.0
2023-02-13,1.5173129202683526,1.5733210615397581,1.4867630250294042,1.5274962186813354,338900,0.0,0.0
2023-02-14,1.5478628336551934,1.568229430719947,1.5325878858566284,1.5325878858566284,114000,0.0,0.0
2023-02-15,1.5376796060546154,1.5936878719607934,1.5325879565535538,1.5529545545578003,139800,0.0,0.0
2023-02-16,1.558046204058862,1.573321152562047,1.5325879565535538,1.5529545545578003,249500,0.0,0.0
2023-02-17,1.5529545545578005,1.5529545545578005,1.5325879565535538,1.5529545545578003,52400,0.0,0.0
2023-02-22,1.5529543258974876,1.5885958671569826,1.5274960821407055,1.5885958671569824,102700,0.0,0.0
2023-02-23,1.578412615463355,1.578412615463355,1.5478627220685899,1.5682293176651,81600,0.0,0.0
2023-02-24,1.5682293459527774,1.573320994943748,1.5122212070521015,1.5427711009979248,425600,0.0,0.0
2023-02-27,1.5376797069216803,1.5580463062619134,1.5224047574165056,1.5478630065917969,146100,0.0,0.0
2023-02-28,1.5427711663008097,1.558046113920284,1.5173129202683526,1.5274962186813354,465900,0.0,0.0
2023-03-01,1.5325878132554105,1.5325878132554105,1.4613046055110825,1.5122212171554565,451100,0.0,0.0
2023-03-02,1.4969463829830265,1.4969463829830265,1.4562130663164459,1.4765797853469849,250800,0.0,0.0
2023-03-03,1.4714881146874925,1.5020380107003688,1.4154798506027235,1.4358464479446411,673800,0.0,0.0
2023-03-06,1.4460297500395187,1.50712966360444,1.435846451344448,1.471488118171692,342400,0.0,0.0
2023-03-07,1.4765798381001112,1.5224046844183692,1.4765798381001112,1.4918547868728638,331500,0.0,0.0
2023-03-08,1.5020380595471838,1.573321152562047,1.5020380595471838,1.5529545545578003,142400,0.0,0.0
2023-03-09,1.558046019866845,1.603870981353478,1.5478627220685899,1.5682293176651,331000,0.0,0.0
2023-03-10,1.5580459199136532,1.5784125142035867,1.5478626227686865,1.5733208656311035,201100,0.0,0.0
2023-03-13,1.573321002998648,1.578412652015686,1.542771108896419,1.578412652015686,172300,0.0,0.0
2023-03-14,1.573320994943748,1.5885959419166598,1.5427711009979248,1.5427711009979248,111500,0.0,0.0
2023-03-15,1.5478629400597768,1.5885961369894017,1.5274963415949645,1.5631378889083862,143500,0.0,0.0
2023-03-16,1.5733209636632624,1.6344208717346191,1.5733209636632624,1.6344208717346191,181200,0.0,0.0
2023-03-17,1.6344207976694751,1.6344207976694751,1.5733208923669117,1.6140542030334473,82100,0.0,0.0
2023-03-20,1.5885960091592324,1.5936877797602165,1.522404569474844,1.5274962186813354,201600,0.0,0.0
2023-03-21,1.532587831588436,1.5376794806743315,1.5071295861589584,1.5173128843307495,103900,0.0,0.0
2023-03-22,1.517313008050369,1.558046204058862,1.5071297090482456,1.5529545545578003,129400,0.0,0.0
2023-03-23,1.5427711663008097,1.558046113920284,1.496946323442387,1.5274962186813354,131000,0.0,0.0
2023-03-24,1.51222121479419,1.5835043010327243,1.4969462677430756,1.578412652015686,149400,0.0,0.0
2023-03-27,1.5987793389722658,1.6038709878921509,1.5631376751385835,1.6038709878921509,98300,0.0,0.0
2023-03-28,1.6038709422836475,1.7464372293808301,1.5885958745638757,1.6242375373840332,249000,0.0,0.0
2023-03-29,1.624237674999165,1.624237674999165,1.47148807740993,1.5274962186813354,502300,0.0,0.0
2023-03-30,1.5682292135021096,1.5682292135021096,1.4969461336490013,1.507129430770874,1645200,0.0,0.0
2023-03-31,1.5173129202683526,1.5325878678878269,1.4867630250294042,1.5274962186813354,638100,0.0,0.0
2023-04-03,1.5325879103421172,1.5325879103421172,1.4613046980821252,1.471488118171692,258200,0.0,0.0
2023-04-04,1.4867631547467002,1.5122214030003416,1.4714882057945153,1.4969464540481567,544900,0.0,0.0
2023-04-05,1.4969462879871673,1.5173128843307495,1.4613046229914086,1.5173128843307495,205300,0.0,0.0
2023-04-06,1.512221385236534,1.5173130348274515,1.4765798381001112,1.4918547868728638,255300,0.0,0.0
2023-04-10,1.4969461600559664,1.507129457357478,1.476579565452943,1.4816712141036987,86800,0.0,0.0
2023-04-11,1.5020379902594982,1.542771184389005,1.5020379902594982,1.5325878858566284,172300,0.0,0.0
2023-04-12,1.5325878108623427,1.578412652015686,1.5325878108623427,1.578412652015686,183900,0.0,0.0
2023-04-13,1.5784126994935153,1.659879207611084,1.5580461028127461,1.659879207611084,473600,0.0,0.0
2023-04-14,1.7057042121887207,1.731162581852779,1.6598793653035218,1.7057042121887207,1066500,0.0,0.0
2023-04-17,1.7057041788980056,1.746437496728793,1.6853375806798625,1.7311625480651855,198900,0.0,0.0
2023-04-18,1.7311624176721998,1.761712312698364,1.7260707685011722,1.7617123126983643,741300,0.0,0.0
2023-04-19,1.7311623687694129,1.751528964878196,1.6547875119669873,1.6802457571029663,1171000,0.0,0.0
2023-04-20,1.6649707464233168,1.6955206394195559,1.6344208534270777,1.6955206394195557,245000,0.0,0.0
2023-04-24,1.7260707934213222,1.7820789351112412,1.6802458288259858,1.7006124258041382,294400,0.0,0.0
2023-04-25,1.690429055157358,1.6955207041845537,1.6547875119669873,1.6802457571029663,292300,0.0,0.0
2023-04-26,1.6802458967179326,1.7260708631648707,1.6751542472676615,1.7209792137145996,486000,0.0,0.0
2023-04-27,1.7209792137145996,1.7362541620654128,1.710795793419559,1.7209792137145996,141100,0.0,0.0
2023-04-28,1.7311624353132673,1.7871705767653085,1.7209791368674416,1.7668039798736572,236800,0.0,0.0
2023-05-02,1.8265833261438613,1.8376535177230835,1.7823025598269728,1.8376535177230835,143100,0.278001,0.0
2023-05-03,1.8376535177230835,1.8376535177230835,1.804442942985417,1.8376535177230835,116600,0.0,0.0
2023-05-04,1.8431888051612988,1.9317504789705153,1.8376537087961669,1.8985399007797241,119800,0.0,0.0
2023-05-05,1.9317507457807535,1.9372858429103839,1.9096103572622318,1.926215648651123,142700,0.0,0.0
2023-05-08,1.9428209587271212,2.003707027738691,1.9206805699956415,1.9760315418243408,152800,0.0,0.0
2023-05-09,1.9760312429698297,2.0092419530113954,1.9538908575868565,1.987101435661316,115100,0.0,0.0
2023-05-10,1.987101736190081,1.9981719305558208,1.9594262502757311,1.9760315418243408,97200,0.0,0.0
2023-05-11,1.9815664904182644,2.02584739652792,1.9704962968826296,1.9704962968826294,125800,0.0,0.0
2023-05-12,1.981566556526494,1.9926367504314482,1.9151453930967688,1.9372857809066772,166500,0.0,0.0
2023-05-15,1.937285716275725,1.9704962968826296,1.937285716275725,1.9704962968826294,114400,0.0,0.0
2023-05-16,1.9649612656690627,2.003706944336402,1.9372857809066772,1.9372857809066772,150600,0.0,0.0
2023-05-17,1.964961051940918,1.964961051940918,1.8985398957357993,1.964961051940918,145100,0.0,0.0
2023-05-18,1.9594258669436766,1.9594258669436766,1.9151450981435802,1.9483556747436523,135300,0.0,0.0
2023-05-19,1.9483558231637044,1.9926365953369805,1.9372856301203853,1.9538909196853638,134700,0.0,0.0
2023-05-22,1.9594261125655752,2.031382502852854,1.9594261125655752,2.0203123092651367,111100,0.0,0.0
2023-05-23,1.9981717901225853,2.092268567585298,1.9926366933287267,2.0203123092651367,235500,0.0,0.0
2023-05-24,2.0203123588730705,2.0867335220303174,2.003706936116638,2.0756633281707764,174500,0.0,0.0
2023-05-25,2.064593015737728,2.214040756225586,2.0590579191258485,2.214040756225586,344200,0.0,0.0
2023-05-26,2.208505506898538,2.4022341388524713,2.1919002182111327,2.369023561477661,437500,0.0,0.0
2023-05-29,2.4077693256140345,2.4077693256140345,2.2693917751312256,2.2693917751312256,224800,0.0,0.0
2023-05-30,2.274926940146004,2.34134809917389,2.2693917115932347,2.3026022911071777,118100,0.0,0.0
2023-05-31,2.3247424553549214,2.3247424553549214,2.2306459543553956,2.241716146469116,234000,0.0,0.0
2023-06-01,2.241716436074001,2.297067403793335,2.241716436074001,2.297067403793335,149500,0.0,0.0
2023-06-02,2.297067403793335,2.374558758600402,2.280461981510418,2.297067403793335,136400,0.0,0.0
2023-06-05,2.3081375388552474,2.3247426967832014,2.285997152328491,2.285997152328491,97500,0.0,0.0
2023-06-06,2.2915319503355636,2.4243745237690115,2.2693915654190233,2.369023561477661,260900,0.0,0.0
2023-06-07,2.402234033810418,2.5074009895324707,2.3800936498620064,2.5074009895324707,432600,0.0,0.0
2023-06-09,2.4797253608703618,2.5461465122666818,2.4575849770715883,2.4797253608703613,700700,0.0,0.0
2023-06-12,2.5018659749592778,2.5018659749592778,2.3911640457755916,2.407769203186035,156100,0.0,0.0
2023-06-13,2.4354447612183105,2.4354447612183105,2.2970672209665226,2.3524181842803955,141600,0.0,0.0
2023-06-14,2.352418252502393,2.435444831848145,2.3136724450919166,2.4354448318481445,196400,0.0,0.0
2023-06-15,2.429909658899716,2.429909658899716,2.330277919769287,2.330277919769287,269000,0.0,0.0
2023-06-16,2.3413482165937194,2.346883181489846,2.297067441687758,2.3247427940368652,173000,0.0,0.0
2023-06-19,2.3413481186453815,2.3413481186453815,2.2749269590651133,2.285997152328491,233000,0.0,0.0
2023-06-20,2.2915323918086243,2.3136727809906006,2.280462197217636,2.3136727809906006,71100,0.0,0.0
2023-06-21,2.3026021885334074,2.3800938012148216,2.3026021885334074,2.3081374168395996,143900,0.0,0.0
2023-06-22,2.3081375973372014,2.313672562142018,2.2251110137910843,2.297067403793335,262700,0.0,0.0
2023-06-23,2.3302778467234044,2.3302778467234044,2.285997075164591,2.291532039642334,96300,0.0,0.0
2023-06-26,2.2915318017035835,2.335812568664551,2.2749266460603157,2.335812568664551,86500,0.0,0.0
2023-06-27,2.3690233435301984,2.3690233435301984,2.1863649208389027,2.2361807823181152,439600,0.0,0.0
2023-06-28,2.2749269535857155,2.36348849947943,2.252786567112287,2.330277919769287,285700,0.0,0.0
2023-06-29,2.3358129425110024,2.3579535934692837,2.3136725554869537,2.341348171234131,73600,0.0,0.0
2023-06-30,2.346882955981902,2.402234183229987,2.3192076062920717,2.3524181842803955,183300,0.0,0.0
2023-07-03,2.4077695085963198,2.4299098972414246,2.352418536983557,2.374558925628662,106000,0.0,0.0
2023-07-04,2.369023659938854,2.407769203186035,2.3579534670204856,2.407769203186035,53500,0.0,0.0
2023-07-05,2.3966992951061425,2.463120460510254,2.3745589066381054,2.463120460510254,149600,0.0,0.0
2023-07-06,2.452050151295485,2.4797257675499,2.3800940241156328,2.4409799575805664,126100,0.0,0.0
2023-07-07,2.4631203063042326,2.4797257285827867,2.4077693385994405,2.413304567337036,160100,0.0,0.0
2023-07-10,2.4409801500320745,2.4520503446197885,2.3634887879180786,2.385629177093506,340800,0.0,0.0
2023-07-11,2.407769489340161,2.463120460510254,2.308137741233994,2.463120460510254,176900,0.0,0.0
2023-07-12,2.435444418394203,2.490795373916626,2.424374227289718,2.490795373916626,201700,0.0,0.0
2023-07-13,2.4299096478371944,2.490795842329043,2.407769261464563,2.418839454650879,242100,0.0,0.0
2023-07-14,2.446515198701559,2.4686555862426762,2.3856290009963685,2.468655586242676,120700,0.0,0.0
2023-07-17,2.4741900168847617,2.546146392822266,2.440979442744571,2.5461463928222656,155500,0.0,0.0
2023-07-18,2.5627523048120864,2.5848926918309796,2.5074013372648536,2.573822498321533,144900,0.0,0.0
2023-07-19,2.5738225436479842,2.584892737352383,2.501866152602273,2.5572171211242676,174600,0.0,0.0
2023-07-20,2.557216520543534,2.612567476065957,2.485260146397296,2.490795373916626,297200,0.0,0.0
2023-07-21,2.496330797558265,2.5406115654550883,2.4907955696040642,2.5074009895324707,71100,0.0,0.0
2023-07-24,2.535076607838428,2.623638153076172,2.535076607838428,2.623638153076172,244800,0.0,0.0
2023-07-25,2.6236380504805745,2.6789892780239155,2.579357279593272,2.6291732788085938,563500,0.0,0.0
2023-07-26,2.6291734007681633,2.6347086293529456,2.573822434591468,2.6070330142974854,114900,0.0,0.0
2023-07-27,2.6291737673198075,2.6291737673198075,2.5350769797336166,2.584892988204956,246300,0.0,0.0
2023-07-28,2.590427121216308,2.651313304901123,2.5350761651092846,2.651313304901123,107100,0.0,0.0
2023-07-31,2.6513139170335234,2.6789895334438394,2.612568106845928,2.6568491458892822,188600,0.0,0.0
2023-08-01,2.6734541188801737,2.767550891417856,2.6291733468469634,2.7121999263763428,250300,0.0,0.0
2023-08-02,2.717734935559397,2.7620157083200367,2.69005958455111,2.695594549179077,141100,0.0,0.0
2023-08-03,2.7177350521087646,2.789691442897748,2.7177350521087646,2.7177350521087646,386500,0.0,0.0
2023-08-04,2.684523836704476,2.73987479194839,2.66238345460691,2.6679186820983887,124100,0.0,0.0
2023-08-07,2.6845243021459466,2.6845243021459466,2.623638108854137,2.6402435302734375,105100,0.0,0.0
2023-08-08,2.5793574692747554,2.6734542462970934,2.568287275738847,2.6457788944244385,89300,0.0,0.0
2023-08-09,2.6679191446608654,2.6734541091778192,2.601497722917882,2.6402435302734375,219700,0.0,0.0
2023-08-10,2.651313664252245,2.66791908530209,2.6070328933649427,2.6291732788085938,151500,0.0,0.0
2023-08-11,2.5848926090017708,2.6900595759387036,2.5848926090017708,2.623638153076172,1035700,0.0,0.0
2023-08-14,2.651313852887659,2.6623840463971056,2.5461468825808007,2.573822498321533,751400,0.0,0.0
2023-08-15,2.551682029537617,2.623638153076172,2.490795835219556,2.623638153076172,311000,0.0,0.0
2023-08-16,2.573822793426243,2.601498148405894,2.4797260058400523,2.584892988204956,207600,0.0,0.0
2023-08-17,2.524006375718696,2.5295416041777155,2.429909603389125,2.4354448318481445,389900,0.0,0.0
2023-08-18,2.4575854953603695,2.4797258838284066,2.3800941357222394,2.463120460510254,149900,0.0,0.0
2023-08-21,2.463119968327088,2.463119968327088,2.330277664063551,2.3468828201293945,280000,0.0,0.0
2023-08-22,2.357953265913595,2.5074009895324707,2.3358126180309875,2.5074009895324707,237700,0.0,0.0
2023-08-23,2.507401648205616,2.56828758809087,2.4797260290328533,2.4963314533233643,110700,0.0,0.0
2023-08-24,2.496330965009494,2.496330965009494,2.3966989666242378,2.424374580383301,188100,0.0,0.0
2023-08-25,2.4243742211882826,2.4243742211882826,2.352417847223138,2.402233839035034,526600,0.0,0.0
2023-08-28,2.4133047955299194,2.418839760856647,2.3524185933303645,2.385629177093506,273600,0.0,0.0
2023-08-29,2.4133040962615024,2.546146392822266,2.3800935221213115,2.5461463928222656,311500,0.0,0.0
2023-08-30,2.5904277177188186,2.5904277177188186,2.4686555862426762,2.468655586242676,98700,0.0,0.0
2023-08-31,2.468655768468488,2.4797259630562016,2.3579538225913503,2.385629177093506,213500,0.0,0.0
2023-09-01,2.3856284204530107,2.4188389936828836,2.3690232658051613,2.402233839035034,64800,0.0,0.0
2023-09-04,2.3745586244309296,2.407769203186035,2.352418238594192,2.407769203186035,97900,0.0,0.0
2023-09-05,2.4077692724262874,2.4077692724262874,2.324742691183817,2.330277919769287,140200,0.0,0.0
2023-09-06,2.3358127665679222,2.346882959246094,2.2804618031770643,2.3081374168395996,238400,0.0,0.0
2023-09-08,2.324742871804305,2.363488683110267,2.2859973244325893,2.3192079067230225,211800,0.0,0.0
2023-09-11,2.3192075634483422,2.3911639463942014,2.3026021427938335,2.369023561477661,1875300,0.0,0.0
2023-09-12,2.402234017574655,2.4797253608703618,2.3966987896578646,2.4797253608703613,290300,0.0,0.0
2023-09-13,2.479725240666197,2.5129358147544814,2.4520496302922026,2.457584857940674,350700,0.0,0.0
2023-09-14,2.4631202304278492,2.5572170045944627,2.4631202304278492,2.53507661819458,165500,0.0,0.0
2023-09-15,2.645778742265199,2.6568489351644584,2.4022342345472723,2.452049970626831,234100,0.0,0.0
2023-09-18,2.4907955696040642,2.512935953552476,2.4299093817788346,2.5074009895324707,79800,0.0,0.0
2023-09-19,2.490795973783793,2.5018661675543514,2.446515198701559,2.468655586242676,85500,0.0,0.0
2023-09-20,2.440979906103468,2.546146876144478,2.440979906103468,2.501866102218628,162600,0.0,0.0
2023-09-21,2.4686555217742403,2.524006489181553,2.4188395191405427,2.501866102218628,260000,0.0,0.0
2023-09-22,2.485260680029318,2.540611911370863,2.440979906103468,2.501866102218628,182600,0.0,0.0
2023-09-25,2.501866147511289,2.501866147511289,2.3856289818845107,2.4852607250213623,124400,0.0,0.0
2023-09-26,2.4465155173055266,2.4465155173055266,2.391164541244507,2.391164541244507,119300,0.0,0.0
2023-09-27,2.402234321633713,2.4354449015354502,2.324742704595432,2.3579535484313965,248700,0.0,0.0
2023-09-28,2.3468829708101344,2.424374583873381,2.335812778077415,2.380093812942505,74700,0.0,0.0
2023-09-29,2.3856290009963685,2.4686555862426762,2.3856290009963685,2.468655586242676,116200,0.0,0.0
2023-10-02,2.5240062327096835,2.5572168097794448,2.4520498504247654,2.4741902351379395,560800,0.0,0.0
2023-10-03,2.5129361221175612,2.5184713504430594,2.413304387666518,2.424374580383301,586400,0.0,0.0
2023-10-04,2.4852605493246096,2.5074011990573464,2.435444813245051,2.452049970626831,702200,0.0,0.0
2023-10-05,2.438340100710231,2.455715291031239,2.345671682535066,2.3688387870788574,303800,0.196328,0.0
2023-10-06,2.36883848518016,2.36883848518016,2.293545266921813,2.3225042819976807,625900,0.0,0.0
2023-10-09,2.32829584879619,2.32829584879619,2.229835531928476,2.2587945461273193,379200,0.0,0.0
2023-10-10,2.3109206352695666,2.345671426377145,2.276169982248808,2.3398795127868652,114900,0.0,0.0
2023-10-11,2.32829602699481,2.3514631296575526,2.276170046003639,2.299337148666382,64300,0.0,0.0
2023-10-13,2.2993371176856776,2.2993371176856776,2.2530029129844884,2.276170015335083,94200,0.0,0.0
2023-10-16,2.2819617909227317,2.293545342098029,2.2472111373968398,2.276170015335083,85400,0.0,0.0
2023-10-17,2.2935450077056885,2.316712106678586,2.258794359246342,2.2935450077056885,118700,0.0,0.0
2023-10-18,2.2935452138481107,2.2935452138481107,2.218251997332084,2.2703781127929688,234900,0.0,0.0
2023-10-19,2.2587945461273193,2.2877534222393487,2.218251981483664,2.2587945461273193,125700,0.0,0.0
2023-10-20,2.2587946252039046,2.322504292967551,2.2472110743535723,2.3167123794555664,114200,0.0,0.0
2023-10-23,2.287753491524003,2.35725493438454,2.2587946145349536,2.3225042819976807,119500,0.0,0.0
2023-10-24,2.3456714604736892,2.3456714604736892,2.2530029129844884,2.276170015335083,120100,0.0,0.0
2023-10-25,2.2877536484458085,2.2935454242408886,2.235627528203262,2.247211217880249,55000,0.0,0.0
2023-10-26,2.2819617269045693,2.3167123794555664,2.2414191608415877,2.3167123794555664,60900,0.0,0.0
2023-10-27,2.339879497050231,2.339879497050231,2.224043849673257,2.328295946121216,280600,0.0,0.0
2023-10-30,2.3225042819976807,2.386213673286772,2.2182520486634663,2.3225042819976807,316900,0.0,0.0
2023-10-31,2.3282960078395276,2.3746302127838135,2.2935453541313136,2.3746302127838135,176400,0.0,0.0
2023-11-01,2.3225045779912747,2.3688387870788574,2.2761702308168568,2.3688387870788574,180800,0.0,0.0
2023-11-03,2.36883837019992,2.432547758396643,2.363046456996424,2.397797107696533,1750600,0.0,0.0
2023-11-06,2.426756239158259,2.502049457416606,2.3225042819976807,2.3225042819976807,140500,0.0,0.0
2023-11-07,2.3225043243633063,2.3630466148007043,2.293545308759187,2.3398795127868652,337400,0.0,0.0
2023-11-08,2.3398795283684586,2.386213732704683,2.3282959772844025,2.3514630794525146,102300,0.0,0.0
2023-11-09,2.368838575252601,2.3746302127838135,2.3340879215443864,2.3746302127838135,39600,0.0,0.0
2023-11-10,2.37463026225346,2.4267563819885254,2.334087970169433,2.4267563819885254,79800,0.0,0.0
2023-11-13,2.4267562076516227,2.4730904102325444,2.392005555715932,2.473090410232544,52500,0.0,0.0
2023-11-14,2.4730906372521324,2.507841292377791,2.4093809647682627,2.4788825511932373,252600,0.0,0.0
2023-11-16,2.490466144119122,2.536800351720167,2.461507126281638,2.496257781982422,84700,0.0,0.0
2023-11-17,2.4788821251992412,2.5425915105610444,2.4383395630996856,2.5136327743530273,229900,0.0,0.0
2023-11-20,2.5310082789054653,2.571550846099854,2.5020495390583117,2.5715508460998535,77800,0.0,0.0
2023-11-21,2.5715509730723993,2.5715509730723993,2.438339989911881,2.4557151794433594,131600,0.0,0.0
2023-11-22,2.5020496509936336,2.5020496509936336,2.438339978601856,2.4615070819854736,80700,0.0,0.0
2023-11-23,2.4557151680527407,2.4615070819854736,2.420964512977314,2.4615070819854736,54300,0.0,0.0
2023-11-24,2.4499235743813768,2.5425919895834665,2.4267564705808544,2.496257781982422,70800,0.0,0.0
2023-11-27,2.473090666820095,2.5194248742082728,2.467299028983403,2.502049684524536,31600,0.0,0.0
2023-11-28,2.502049604678364,2.5078412423302314,2.4093809166856195,2.4267563819885254,264800,0.0,0.0
2023-11-29,2.426755949904947,2.4788820603589654,2.4093804876957403,2.4441311359405518,91000,0.0,0.0
2023-11-30,2.4846739228868198,2.4846739228868198,2.4267561705462373,2.4325478076934814,67700,0.0,0.0
2023-12-01,2.4325476501539165,2.5136327743530273,2.4209641004359876,2.5136327743530273,94100,0.0,0.0
2023-12-04,2.513633039512032,2.5194246768951416,2.4730904731357075,2.5194246768951416,50900,0.0,0.0
2023-12-05,2.5194246768951416,2.5194246768951416,2.4615069221958494,2.5194246768951416,38900,0.0,0.0
2023-12-06,2.5136331311226874,2.588926076889038,2.473090563268769,2.588926076889038,188800,0.0,0.0
2023-12-07,2.6005097490847726,2.6005097490847726,2.496257781982422,2.496257781982422,116200,0.0,0.0
2023-12-08,2.51363326587284,2.571551025787814,2.4441316778012077,2.525216817855835,247600,0.0,0.0
2023-12-11,2.5078412024639087,2.5947179752500826,2.4788824623176158,2.5773425102233887,214000,0.0,0.0
2023-12-12,2.5773424315944338,2.583134345151182,2.490465937632315,2.5194246768951416,165200,0.0,0.0
2023-12-13,2.5368004813530507,2.6063017963062003,2.525216928860859,2.6005098819732666,187000,0.0,0.0
2023-12-14,2.6005091637082165,2.6642188229053922,2.5657585158298297,2.6236765384674072,260800,0.0,0.0
2023-12-15,2.6236768092407616,2.6642190978628637,2.588925881602348,2.646843910217285,212300,0.0,0.0
2023-12-18,2.680036116946722,2.680036116946722,2.5678759804155886,2.585585594177246,304000,0.086228,0.0
2023-12-19,2.597392031028751,2.621004662825712,2.5560697846416804,2.567876100540161,217100,0.0,0.0
2023-12-20,2.585586003418072,2.6032953384979627,2.561973368988348,2.5973923206329346,131500,0.0,0.0
2023-12-21,2.585585559075734,2.638713836669922,2.5619729287039266,2.638713836669922,183500,0.0,0.0
2023-12-22,2.64461736827523,2.7685838294041303,2.638714069419196,2.7626805305480957,254300,0.0,0.0
2023-12-26,2.774486917436039,2.774486917436039,2.6623270511627197,2.6623270511627197,118300,0.0,0.0
2023-12-27,2.6741334005521247,2.7862932682037354,2.6741334005521247,2.7862932682037354,229600,0.0,0.0
2023-12-28,2.786293196552443,2.8335187435150146,2.739067931074657,2.8335187435150146,163900,0.0,0.0
2024-01-02,2.827615261077881,2.8866468390940097,2.7272614377080773,2.827615261077881,307900,0.0,0.0
2024-01-03,2.8276153390099177,2.839421654938538,2.7626804606601185,2.809906005859375,108700,0.0,0.0
2024-01-04,2.804002560822913,2.804002560822913,2.7154550552368164,2.7154550552368164,172000,0.0,0.0
2024-01-05,2.709552259837325,2.7626805423445777,2.650520396964047,2.75677752494812,146300,0.0,0.0
2024-01-08,2.756777156368202,2.8335183426553727,2.756777156368202,2.7803897857666016,80100,0.0,0.0
2024-01-09,2.7921961548843712,2.798099171606645,2.7390675969601497,2.774486541748047,58300,0.0,0.0
2024-01-10,2.7744864876746287,2.7862928023738283,2.756777156368202,2.7803897857666016,73600,0.0,0.0
2024-01-11,2.78039000956488,2.7862930266472508,2.697745800018311,2.6977458000183105,97700,0.0,0.0
2024-01-12,2.733164471125958,2.733164471125958,2.5973917141168896,2.621004343032837,408100,0.0,0.0
2024-01-15,2.6859395254714467,2.6859395254714467,2.6091983318328857,2.6091983318328857,172200,0.0,0.0
2024-01-16,2.609198224869615,2.6623267846698258,2.585585594177246,2.585585594177246,354900,0.0,0.0
2024-01-17,2.59739213712857,2.6151014709573053,2.5678762054342963,2.591488838195801,157200,0.0,0.0
2024-01-18,2.603295127745068,2.603295127745068,2.5501668453216553,2.5501668453216553,118000,0.0,0.0
2024-01-19,2.5560696125030518,2.603294872916588,2.544263297399668,2.5560696125030518,97100,0.0,0.0
2024-01-22,2.5619730549693296,2.5973920022726436,2.5265541076660156,2.5265541076660156,144400,0.0,0.0
2024-01-23,2.526553989173836,2.597391880458257,2.5088443756103516,2.5088443756103516,190300,0.0,0.0
2024-01-24,2.5619729107971216,2.573779225900506,2.5206506671929,2.5560696125030518,61100,0.0,0.0
2024-01-25,2.5560697846416804,2.5855857151302697,2.5383604515363465,2.567876100540161,60500,0.0,0.0
2024-01-26,2.5796821880591314,2.5796821880591314,2.5442632434993318,2.5619728565216064,64200,0.0,0.0
2024-01-29,2.5560695583525983,2.573779171374873,2.5265539119618063,2.5619728565216064,74700,0.0,0.0
2024-01-30,2.556069569949376,2.556069569949376,2.4970379954152193,2.520650625228882,124000,0.0,0.0
2024-01-31,2.567876283864223,2.5796826006055724,2.485232066674778,2.573779582977295,65700,0.0,0.0
2024-02-01,2.573779370737101,2.573779370737101,2.520650809039744,2.5265541076660156,41200,0.0,0.0
2024-02-02,2.5265542128035197,2.585585794098858,2.4675223500233985,2.5501668453216553,153200,0.0,0.0
2024-02-05,2.5147479507614765,2.585585849843121,2.5147479507614765,2.5442636013031006,82800,0.0,0.0
2024-02-06,2.5442634687431998,2.5796824164386423,2.514747819739385,2.567876100540161,58800,0.0,0.0
2024-02-07,2.585585858279906,2.632811124488432,2.53836059207138,2.6269078254699707,191900,0.0,0.0
2024-02-08,2.632811124488432,2.650520458574234,2.5619732251756426,2.6269078254699707,200400,0.0,0.0
2024-02-09,2.6269078744708674,2.6859397398174627,2.567876290609067,2.656423807144165,180800,0.0,0.0
2024-02-14,2.626907359519454,2.626907359519454,2.573779085200942,2.621004343032837,179700,0.0,0.0
2024-02-15,2.626907972927687,2.6505206073574112,2.5973923206329346,2.5973923206329346,27200,0.0,0.0
2024-02-16,2.6269078254699707,2.6269078254699707,2.5678762427093136,2.6269078254699707,170500,0.0,0.0
2024-02-19,2.6151012062981147,2.66822976537706,2.5796822607404035,2.638713836669922,286400,0.0,0.0
2024-02-20,2.632811026099612,2.72135853767395,2.632811026099612,2.72135853767395,256000,0.0,0.0
2024-02-21,2.6800359700810317,2.7803897857666016,2.6387137278914596,2.7803897857666016,220800,0.0,0.0
2024-02-22,2.7626804235639035,2.8807438627495707,2.7449710906511546,2.863034248352051,190200,0.0,0.0
2024-02-23,2.863034393696238,2.863034393696238,2.7744868801829963,2.8335187435150146,122900,0.0,0.0
2024-02-26,2.8335186260215743,2.8335186260215743,2.7626804492574544,2.8158090114593506,65900,0.0,0.0
2024-02-27,2.8807437685774184,2.8807437685774184,2.7862929640195477,2.7980992794036865,215400,0.0,0.0
2024-02-28,2.7980995848767884,2.8217124997076883,2.774486951530682,2.7862932682037354,59400,0.0,0.0
2024-02-29,2.7980992794036865,2.8276152086064137,2.739067702482994,2.7980992794036865,88300,0.0,0.0
2024-03-01,2.798099317613668,2.8689374923706055,2.7567773539472844,2.8689374923706055,158100,0.0,0.0
2024-03-04,2.8689374397609457,2.8689374397609457,2.786292950974154,2.839421510696411,97100,0.0,0.0
2024-03-05,2.8394215882122795,2.8807438337337676,2.798099342690792,2.8217122554779053,252300,0.0,0.0
2024-03-06,2.809906110776122,2.868937692623354,2.809906110776122,2.8335187435150146,191800,0.0,0.0
2024-03-07,2.8276152725611072,2.8689375180825953,2.798099342690792,2.8217122554779053,210700,0.0,0.0
2024-03-08,2.815809128218452,2.8571313762539075,2.786293196552443,2.8335187435150146,73600,0.0,0.0
2024-03-11,2.8276152725611072,2.9102594821193146,2.798099342690792,2.8217122554779053,275900,0.0,0.0
2024-03-12,2.8807438337337676,2.9043564650361127,2.8217122554779053,2.8217122554779053,193400,0.0,0.0
2024-03-13,2.8158090230812975,2.8630342867957785,2.7626804606601185,2.809906005859375,187200,0.0,0.0
2024-03-14,2.821712310141683,2.8335186260215743,2.7803900638196777,2.8158090114593506,145700,0.0,0.0
2024-03-15,2.7862929471117894,2.809905859221541,2.6918424246118255,2.7154550552368164,140400,0.0,0.0
2024-03-18,2.72135853767395,2.73906787109795,2.6741332732302445,2.72135853767395,163400,0.0,0.0
2024-03-19,2.7154550552368164,2.7390676858618073,2.7036487399243208,2.7154550552368164,39200,0.0,0.0
2024-03-20,2.715455331390083,2.786293230469048,2.7095523138758972,2.7508742809295654,70000,0.0,0.0
2024-03-21,2.786292856677346,2.8040024698136703,2.7508739118894487,2.774486541748047,264100,0.0,0.0
2024-03-22,2.8630342599185825,2.8925501902054354,2.7803900491940765,2.857131242752075,374200,0.0,0.0
2024-03-25,2.863034393696238,2.863034393696238,2.8040028118490055,2.8335187435150146,124400,0.0,0.0
2024-03-26,2.8158089454746547,2.8866468390940097,2.804002629871429,2.827615261077881,309100,0.0,0.0
2024-03-27,2.804002641258762,2.8394215882122795,2.7213584317005552,2.8217122554779053,3694500,0.0,0.0
2024-03-28,2.821712685004154,2.827615702985924,2.7803904331925176,2.792196750640869,95300,0.0,0.0
2024-04-01,2.7803899739832194,2.8984531289674216,2.7803899739832194,2.874840497970581,430200,0.0,0.0
2024-04-02,2.857131205499803,2.9220658009086025,2.857131205499803,2.910259485244751,286200,0.0,0.0
2024-04-03,2.898453140491627,2.9043564390066914,2.827615247219456,2.8689374923706055,248300,0.0,0.0
2024-04-04,2.8984531289674216,2.904356427459014,2.8276152359769005,2.874840497970581,241800,0.0,0.0
2024-04-05,2.8748404017305487,2.8748404017305487,2.8335184396117814,2.845324754714966,2196400,0.0,0.0
2024-04-08,2.8630339774783806,2.9515814781188965,2.8335183315880386,2.9515814781188965,261100,0.0,0.0
2024-04-09,2.9515818658726274,2.9515818658726274,2.880743968648032,2.8866469860076904,132400,0.0,0.0
2024-04-10,2.8925498178686024,2.898452834275257,2.8630338913811193,2.8807435035705566,161900,0.0,0.0
2024-04-11,2.8984533022117898,2.8984533022117898,2.8453250200357343,2.8866469860076904,153500,0.0,0.0
2024-04-12,2.922065797770487,2.93977541198963,2.804002641258762,2.8217122554779053,221300,0.0,0.0
2024-04-15,2.851228337882627,2.851228337882627,2.7508744988292326,2.792196750640869,4381800,0.0,0.0
2024-04-16,2.744971196949557,2.786293163002669,2.697745932040411,2.7626805305480957,202000,0.0,0.0
2024-04-17,2.7980993422967604,2.7980993422967604,2.685939484368801,2.6977458000183105,327700,0.0,0.0
2024-04-18,2.7154551995067817,2.739067831386293,2.6446173038682477,2.6859395503997803,228600,0.0,0.0
2024-04-19,2.697745866339536,2.7154551995067817,2.668229935747759,2.6859395503997803,77300,0.0,0.0
2024-04-22,2.685939182572395,2.7449707541870625,2.685939182572395,2.7095518112182617,55800,0.0,0.0
2024-04-23,2.715455107321254,2.833518544195514,2.6859394592162635,2.7449710369110107,760900,0.0,0.0
2024-04-24,2.7449710009174444,2.809905876272587,2.715455071714717,2.7980992794036865,151800,0.0,0.0
2024-04-25,2.7980995562182724,2.839421804893128,2.6269078254699707,2.6269078254699707,1721200,0.0,0.0
2024-04-26,2.626907692795348,2.6682299393831816,2.597392043648132,2.6505203247070312,99900,0.0,0.0
2024-04-29,2.6623270511627197,2.6741333676906893,2.6328111191004,2.6623270511627197,261300,0.0,0.0
2024-04-30,2.7453575002217923,2.7453575002217923,2.615509488432673,2.65879225730896,191100,0.204284,0.0
2024-05-02,2.6773421492610825,2.732991388570364,2.6773421492610825,2.7206249237060547,74600,0.0,0.0
2024-05-03,2.7082584608374525,2.807190179824829,2.7082584608374525,2.807190179824829,132900,0.0,0.0
2024-05-06,2.7824571714019033,2.7886405510836645,2.6773420755301345,2.7020750045776367,231100,0.0,0.0
2024-05-07,2.7020746322590194,2.72062447390855,2.6278758553403563,2.6835250854492188,157500,0.0,0.0
2024-05-08,2.6835250854492188,2.7082580110887733,2.6464256969898874,2.6835250854492188,153600,0.0,0.0
2024-05-09,2.6835253173829745,2.6958917812715697,2.6340594618285937,2.677341938018799,203700,0.0,0.0
2024-05-10,2.677341898137242,2.6835252774093106,2.5722268092300937,2.627876043319702,410400,0.0,0.0
2024-05-13,2.6216928220900275,2.6216928220900275,2.4732952486916195,2.522761106491089,600600,0.0,0.0
2024-05-14,2.5227612154858603,2.6093264703749446,2.479478735461209,2.5907769203186035,231000,0.0,0.0
2024-05-15,2.5907766586754057,2.634059429168701,2.5474938881821108,2.634059429168701,233100,0.0,0.0
2024-05-16,2.6031431908174176,2.6526090470583576,2.584593347307185,2.64642596244812,419700,0.0,0.0
2024-05-17,2.64642596244812,2.64642596244812,2.615509654877653,2.64642596244812,81900,0.0,0.0
2024-05-20,2.646425980753299,2.646425980753299,2.5845933651846713,2.5969598293304443,137700,0.0,0.0
2024-05-21,2.5845933651846713,2.6093262934762174,2.5660438163858927,2.5969598293304443,81700,0.0,0.0
2024-05-22,2.547493758894641,2.590776527191299,2.4609285171410624,2.479478359222412,720000,0.0,0.0
2024-05-23,2.4856617080708765,2.5042115521277215,2.3990964570983935,2.4361958503723145,464000,0.0,0.0
2024-05-24,2.4732952764856613,2.4732952764856613,2.392913109238332,2.3990964889526367,545700,0.0,0.0
2024-05-27,2.3990962437674286,2.4361956337424204,2.3558134747100663,2.3929128646850586,412100,0.0,0.0
2024-05-28,2.4114629374094214,2.448562330927748,2.380546628724263,2.4176461696624756,597300,0.0,0.0
2024-05-29,2.4238294620857057,2.442379159305355,2.337264060974121,2.337264060974121,1176000,0.0,0.0
2024-05-31,2.3619970594269883,2.374363524600436,2.337264129080092,2.34963059425354,293900,0.0,0.0
2024-06-03,2.380546477097505,2.4732951024056677,2.34344708594219,2.4114627838134766,324600,0.0,0.0
2024-06-04,2.4423790873793005,2.4423790873793005,2.324897527694702,2.324897527694702,397800,0.0,0.0
2024-06-05,2.331080913543701,2.361997076703453,2.3187144482798003,2.331080913543701,135500,0.0,0.0
2024-06-06,2.3434472933806707,2.380546687819969,2.3063478989413726,2.337264060974121,695600,0.0,0.0
2024-06-07,2.3434472405884006,2.3434472405884006,2.300164614717607,2.3063478469848633,385500,0.0,0.0
2024-06-10,2.3063475659782924,2.3125307974921805,2.2445152508394113,2.2568817138671875,201700,0.0,0.0
2024-06-11,2.256881798181654,2.2754314934163133,2.2383319555271215,2.2506985664367676,69500,0.0,0.0
2024-06-12,2.2754316329956055,2.306347793616494,2.2197823964581245,2.2754316329956055,870300,0.0,0.0
2024-06-13,2.2506988154321546,2.2568820478610934,2.2197825058675695,2.225965738296509,259700,0.0,0.0
2024-06-14,2.250698788500334,2.2692484855651855,2.219782479305693,2.2692484855651855,138300,0.0,0.0
2024-06-17,2.244515412536561,2.269248340373899,2.213599105320011,2.2383320331573486,244300,0.0,0.0
2024-06-18,2.2506988154321546,2.2506988154321546,2.2135992734386307,2.225965738296509,284000,0.0,0.0
2024-06-19,2.2383322199635356,2.2383322199635356,2.1826831276851775,2.20741605758667,140600,0.0,0.0
2024-06-20,2.213599151469043,2.2506986914183775,2.1641332947631056,2.182682991027832,189800,0.0,0.0
2024-06-21,2.182682975604025,2.219782367871317,2.1641332794703785,2.201232671737671,242700,0.0,0.0
2024-06-24,2.2197823995121553,2.312531028922308,2.164133310317993,2.164133310317993,1324000,0.0,0.0
2024-06-25,2.1703165268513476,2.207415919380801,2.151766830586621,2.182682991027832,190100,0.0,0.0
2024-06-26,2.1826828959865248,2.1826828959865248,2.096117650520474,2.1023008823394775,960200,0.0,0.0
2024-06-27,2.1146673459774847,2.1332170414344955,1.9786360985395304,2.1023008823394775,2593100,0.0,0.0
2024-06-28,2.1084841684162665,2.1764997201755554,2.1084841684162665,2.1332170963287354,234100,0.0,0.0
2024-07-01,2.151766947023395,2.1826831091375465,2.1023010876407526,2.1394004821777344,245300,0.0,0.0
2024-07-02,2.1703165115149274,2.2135991358267684,2.1394003512921835,2.201232671737671,200600,0.0,0.0
2024-07-03,2.2012324896431115,2.256881720860408,2.2012324896431115,2.2321486473083496,180500,0.0,0.0
2024-07-04,2.232148866736018,2.3805465855370196,2.232148866736018,2.36199688911438,272500,0.0,0.0
2024-07-05,2.33108072840998,2.3805465855370196,2.31871426412822,2.36199688911438,159400,0.0,0.0
2024-07-08,2.399096566899327,2.399096566899327,2.3001646995544434,2.3001646995544434,262700,0.0,0.0
2024-07-09,2.2877983515204243,2.34344744682312,2.2877983515204243,2.34344744682312,96600,0.0,0.0
2024-07-10,2.3743635596128847,2.386730024968689,2.3125312328338623,2.3125312328338623,135400,0.0,0.0
2024-07-11,2.3434473100665856,2.368180239868889,2.3001646829125546,2.3187143802642822,243700,0.0,0.0
2024-07-12,2.3372639921436194,2.3372639921436194,2.2568819732256578,2.324897527694702,327000,0.0,0.0
2024-07-15,2.3063478310213266,2.343447224368078,2.2630652054501166,2.324897527694702,184700,0.0,0.0
2024-07-16,2.3434473100665856,2.399096549541658,2.3187143802642822,2.3187143802642822,196200,0.0,0.0
2024-07-17,2.349630472855657,2.3867298664591945,2.300164614717607,2.3063478469848633,150200,0.0,0.0
2024-07-18,2.287797871436628,2.3063475659782924,2.2568817138671875,2.2568817138671875,207000,0.0,0.0
2024-07-19,2.2506984893273607,2.2692481839265035,2.2321486473083496,2.2321486473083496,147000,0.0,0.0
2024-07-22,2.24451562359995,2.2816150188446045,2.2383322436392823,2.2816150188446045,100200,0.0,0.0
2024-07-23,2.2816149775768495,2.2816149775768495,2.225965738296509,2.225965738296509,160000,0.0,0.0
2024-07-24,2.2259657190168007,2.256882028313611,2.1579501628875732,2.1579501628875732,295000,0.0,0.0
2024-07-25,2.176499981235105,2.176499981235105,2.1146676540374756,2.1146676540374756,161300,0.0,0.0
2024-07-26,2.1394005849165274,2.1394005849165274,2.0899347231584238,2.1146676540374756,224500,0.0,0.0
2024-07-29,2.1394003283068526,2.164133256219321,2.096117704460032,2.1332170963287354,173700,0.0,0.0
2024-07-30,2.127033809615492,2.127033809615492,2.0899344187014703,2.1023008823394775,211300,0.0,0.0
2024-07-31,2.1084841684162665,2.1394003283068526,2.1084841684162665,2.1332170963287354,77000,0.0,0.0
2024-08-01,2.1394005849165274,2.1950496793943937,2.1146676540374756,2.1146676540374756,107600,0.0,0.0
2024-08-02,2.1332172014782693,2.195049524307251,2.108484272346677,2.195049524307251,119800,0.0,0.0
2024-08-05,2.1146673459774847,2.1332170414344955,2.0899344187014703,2.1023008823394775,342700,0.0,0.0
2024-08-06,2.102301071509114,2.1641333952629576,2.102301071509114,2.1579501628875732,159700,0.0,0.0
2024-08-07,2.1703164964348254,2.2197823524475098,2.16413326443324,2.2197823524475098,162000,0.0,0.0
2024-08-08,2.244515257794313,2.2877978785256463,2.2197821842422543,2.2321486473083496,203000,0.0,0.0
2024-08-09,2.2630652802900326,2.2630652802900326,2.164133414007118,2.225965738296509,288700,0.0,0.0
2024-08-12,2.2259654920373486,2.2877979569060862,2.219782260292462,2.2506985664367676,125700,0.0,0.0
2024-08-13,2.2754316329956055,2.3248974899890267,2.2445154723747174,2.2754316329956055,84200,0.0,0.0
2024-08-14,2.225965738296509,2.312531139721545,2.2135992734386307,2.225965738296509,446000,0.0,0.0
2024-08-15,2.2259657360973586,2.2383322009430193,2.1208507849092437,2.1394004821777344,2622700,0.0,0.0
2024-08-16,2.139400273253499,2.1517667368915063,2.096117650520474,2.1023008823394775,747900,0.0,0.0
2024-08-19,2.1023010876407526,2.1394004821777344,2.1023010876407526,2.1394004821777344,561200,0.0,0.0
2024-08-20,2.1455835050725027,2.1517667368915063,2.0899344187014703,2.1023008823394775,2817000,0.0,0.0
2024-08-21,2.1270341194770013,2.1394005849165274,2.0837513430187644,2.1146676540374756,3677300,0.0,0.0
2024-08-22,2.1023012864911728,2.120850985514225,2.0404688089944307,2.0837514400482178,2175200,0.0,0.0
2024-08-23,2.1023012556490075,2.1455838860678096,2.089934789815064,2.1270341873168945,625600,0.0,0.0
2024-08-26,2.1332170812354683,2.157950008972943,2.120850617366731,2.151766777038574,358900,0.0,0.0
2024-08-27,2.1146674003943837,2.1764997201755554,2.1146674003943837,2.1332170963287354,192000,0.0,0.0
2024-08-28,2.157950008972943,2.176499704776049,2.1270338493010996,2.151766777038574,253900,0.0,0.0
2024-08-29,2.1703168495756957,2.1703168495756957,2.0837514400482178,2.0837514400482178,1452900,0.0,0.0
2024-08-30,2.083751123353302,2.1208506631808066,2.059018195081553,2.0961177349090576,1336100,0.0,0.0
2024-09-02,2.1023010359177725,2.1146675004591806,2.0713847271443666,2.1084842681884766,743800,0.0,0.0
2024-09-03,2.1084845194988566,2.1394006845372764,2.0837514400482178,2.0837514400482178,1672800,0.0,0.0
2024-09-04,2.108484199044932,2.1270338952487435,2.0899345028411203,2.0961177349090576,3219300,0.0,0.0
2024-09-05,2.1084845194988566,2.1146677525065405,2.07138497403285,2.0837514400482178,9119400,0.0,0.0
2024-09-06,2.0837514400482178,2.151767150552644,2.07138497403285,2.0837514400482178,2187900,0.0,0.0
2024-09-09,2.089934752609385,2.1146676838369687,2.065201673961903,2.071384906768799,1402400,0.0,0.0
2024-09-10,2.0775682124298656,2.089934825897217,2.0528352803349716,2.089934825897217,897800,0.0,0.0
2024-09-11,2.1023012919446638,2.1765000882293464,2.089934825897217,2.089934825897217,4168600,0.0,0.0
2024-09-12,2.1023008823394775,2.1641332005295135,2.0713845758245846,2.1023008823394775,2070800,0.0,0.0
2024-09-13,2.102301121560512,2.188866376876831,2.096117889037918,2.188866376876831,1433100,0.0,0.0
2024-09-16,2.219782226738789,2.219782226738789,2.0652012880333612,2.176499605178833,4358900,0.0,0.0
2024-09-17,2.1764997198377363,2.275431578892135,2.157950023906264,2.2445154190063477,2015900,0.0,0.0
2024-09-18,2.2445154723747174,2.34344718636156,2.2383320928306576,2.2754316329956055,1346800,0.0,0.0
2024-09-19,2.275431415459551,2.3187140361908845,2.2259654157753017,2.2321486473083496,797500,0.0,0.0
2024-09-20,2.2259658429932085,2.2259658429932085,2.1146676540374756,2.1146676540374756,2072000,0.0,0.0
2024-09-23,2.1208507327298847,2.145583661812701,2.0899345713763644,2.1084842681884766,508600,0.0,0.0
2024-09-24,2.1208505777964883,2.15794996871051,2.096117650520474,2.1023008823394775,538300,0.0,0.0
2024-09-25,2.108484488565979,2.151767118984781,2.0775681765612193,2.1270341873168945,1339600,0.0,0.0
2024-09-26,2.1579501628875732,2.176499860013726,2.1146675362598826,2.1579501628875732,1172000,0.0,0.0
2024-09-27,2.182682836830255,2.201232531784522,2.1579499102245663,2.176499605178833,495500,0.0,0.0
2024-09-30,2.176500050652668,2.176500050652668,2.1270341873168945,2.1270341873168945,562100,0.0,0.0
2024-10-01,2.1332171343218946,2.182682991027832,2.114667438057168,2.182682991027832,612900,0.0,0.0
2024-10-02,2.2135989665985107,2.2754314297368254,2.195049271882977,2.2135989665985107,668100,0.0,0.0
2024-10-03,2.232148640391767,2.2692481768949637,2.213598945850103,2.2568817138671875,581500,0.0,0.0
2024-10-04,2.256881798181654,2.2630650299265405,2.2383319555271215,2.2506985664367676,200400,0.0,0.0
2024-10-07,2.2506988154321546,2.2877982100057888,2.2135992734386307,2.225965738296509,337700,0.0,0.0
2024-10-08,2.2321486473083496,2.2506984893273607,2.2135989527092064,2.2321486473083496,260400,0.0,0.0
2024-10-09,2.238332150287538,2.2506987622732204,2.1764998274585565,2.195049524307251,449700,0.0,0.0
2024-10-10,2.195049524307251,2.2135992211559454,2.1764998274585565,2.195049524307251,590800,0.0,0.0
2024-10-11,2.182683144354237,2.219782539489802,2.133217284173483,2.188866376876831,733900,0.0,0.0
2024-10-14,2.2012328251112967,2.225965755012789,2.1888663601605507,2.20741605758667,279700,0.0,0.0
2024-10-15,2.225965738296509,2.2445155830032153,2.2074160410096915,2.225965738296509,345500,0.0,0.0
2024-10-16,2.2259657116606433,2.2816149502750864,2.2259657116606433,2.2692484855651855,332100,0.0,0.0
2024-10-17,2.269248529760292,2.269248529760292,2.20741605758667,2.20741605758667,306900,0.0,0.0
2024-10-18,2.2321487766620924,2.2321487766620924,2.170316457748413,2.170316457748413,397200,0.0,0.0
2024-10-21,2.164133249645336,2.244515412536561,2.164133249645336,2.2383320331573486,323200,0.0,0.0
2024-10-22,2.23214891800464,2.23214891800464,2.195049524307251,2.195049524307251,229600,0.0,0.0
2024-10-23,2.195049439693122,2.2074159037822194,2.1703165115149274,2.201232671737671,364100,0.0,0.0
2024-10-24,2.188866292024353,2.2135992211559454,2.1703165951756587,2.195049524307251,387000,0.0,0.0
2024-10-25,2.2135989665985107,2.2445152718776025,2.1888660403111326,2.2135989665985107,715500,0.0,0.0
2024-10-28,2.219782479305693,2.2692484855651855,2.219782479305693,2.2692484855651855,192000,0.0,0.0
2024-10-29,2.281614819883244,2.2939812838864153,2.2197823524475098,2.2197823524475098,387200,0.0,0.0
2024-10-30,2.213598945850103,2.2568817138671875,2.2074157143362148,2.2568817138671875,207500,0.0,0.0
2024-10-31,2.250698675513941,2.250698675513941,2.201232671737671,2.201232671737671,166000,0.0,0.0
2024-11-01,2.2259655447707245,2.2259655447707245,2.170316457748413,2.170316457748413,638100,0.0,0.0
2024-11-04,2.1826829604379965,2.238332048452266,2.1826829604379965,2.2197823524475098,314700,0.0,0.0
2024-11-05,2.207415968010104,2.324897527694702,2.207415968010104,2.324897527694702,378100,0.0,0.0
2024-11-06,2.3063476228555673,2.3248973178546892,2.2568817695245755,2.2877979278564453,446200,0.0,0.0
2024-11-07,2.2877978928805143,2.306347587596048,2.195049271882977,2.2135989665985107,478600,0.0,0.0
2024-11-08,2.1950493001330997,2.1950493001330997,2.1394002152702996,2.176499605178833,565900,0.0,0.0
2024-11-11,2.17649975893959,2.2012326872925585,2.1641332947631056,2.182682991027832,350900,0.0,0.0
2024-11-12,2.2816147251612,2.3187141156305184,2.2259654920373486,2.2506985664367676,1063400,0.0,0.0
2024-11-13,2.2259654637728343,2.2877979278564453,2.2012325371073382,2.2877979278564453,711900,0.0,0.0
2024-11-14,2.2568817695245755,2.343447012853811,2.2568817695245755,2.2877979278564453,619000,0.0,0.0
2024-11-18,2.287797871436628,2.3063475659782924,2.2074157143362148,2.2568817138671875,614900,0.0,0.0
2024-11-19,2.225965778557731,2.2816150188446045,2.2197825460169556,2.2816150188446045,281700,0.0,0.0
2024-11-21,2.238331892885889,2.2506985034494473,2.2135989665985107,2.2135989665985107,629200,0.0,0.0
2024-11-22,2.225965778557731,2.2816150188446045,2.2012328483946284,2.2816150188446045,415900,0.0,0.0
2024-11-25,2.2754317531102517,2.3187143802642822,2.256882055758524,2.3187143802642822,405600,0.0,0.0
2024-11-26,2.3187144810494384,2.4052798865400384,2.3063480156107663,2.380546808242798,816900,0.0,0.0
2024-11-27,2.3867297544809696,2.3867297544809696,2.2445154190063477,2.2445154190063477,1009500,0.0,0.0
2024-11-28,2.2445154034739816,2.2445154034739816,2.1146673854323623,2.151766777038574,3017300,0.0,0.0
2024-11-29,2.164133358624813,2.164133358624813,2.0713847271443666,2.1084842681884766,1642700,0.0,0.0
2024-12-02,2.096117650520474,2.127033809615492,2.0713845758245846,2.1023008823394775,572800,0.0,0.0
2024-12-03,2.0961178036470685,2.1146675004591806,2.0899345713763644,2.1084842681884766,264900,0.0,0.0
2024-12-04,2.108484488565979,2.133217420233866,2.083751409478191,2.1270341873168945,343300,0.0,0.0
2024-12-05,2.1455838860678096,2.1641335848187246,2.089934789815064,2.1270341873168945,538100,0.0,0.0
2024-12-06,2.15795005558843,2.15795005558843,2.077567891285365,2.0961177349090576,369600,0.0,0.0
2024-12-09,2.0961178036470685,2.1208507327298847,2.0899345713763644,2.1084842681884766,286100,0.0,0.0
2024-12-10,2.077567891285365,2.133217127316681,2.077567891285365,2.0961177349090576,514400,0.0,0.0
2024-12-11,2.1084842365407805,2.1764997904976324,2.0961177721849893,2.1455836296081543,489500,0.0,0.0
2024-12-12,2.2568820886815018,2.2939814839261556,2.21359931347618,2.2816150188446045,1255000,0.0,0.0
2024-12-13,2.3372640185885634,2.4485623473079863,2.312531089410889,2.3990964889526367,1226600,0.0,0.0
2024-12-16,2.4300127653008463,2.43619599788757,2.34963059425354,2.34963059425354,836300,0.0,0.0
2024-12-17,2.3208420869249995,2.366476734985374,2.236092314897725,2.2947652339935303,1131800,0.195841,0.0
2024-12-18,2.301284531279945,2.301284531279945,2.1709001064300537,2.1709001064300537,576800,0.0,0.0
2024-12-19,2.216534718828752,2.2230539321899414,2.151342429786549,2.2230539321899414,281000,0.0,0.0
2024-12-20,2.27520772755575,2.3208422228586714,2.2165348050234224,2.2882461547851562,421100,0.0,0.0
2024-12-23,2.2882461547851562,2.3338806500880778,2.2556500867116407,2.2882461547851562,326300,0.0,0.0
2024-12-26,2.288246185353413,2.3338806812659576,2.262169330546245,2.275207757949829,387000,0.0,0.0
2024-12-27,2.275207841143357,2.340399980545044,2.2426117714425136,2.340399980545044,276300,0.0,0.0
2024-12-30,2.3534384715648096,2.3534384715648096,2.2686886880689,2.3143231868743896,297500,0.0,0.0
2025-01-02,2.3403997104916363,2.3403997104916363,2.2426115126726645,2.2491307258605957,312200,0.0,0.0
2025-01-03,2.236092373307092,2.2947652939355034,2.236092373307092,2.268688440322876,201400,0.0,0.0
2025-01-06,2.2947654111382882,2.3338806935550016,2.2491309149854555,2.3208422660827637,194200,0.0,0.0
2025-01-07,2.2621692704488776,2.327361405734887,2.2621692704488776,2.3012845516204834,151500,0.0,0.0
2025-01-08,2.3078040128028734,2.366477096286886,2.2686887274337497,2.346919298171997,281400,0.0,0.0
2025-01-09,2.353438366006083,2.353438366006083,2.3078038692474365,2.3078038692474365,170100,0.0,0.0
2025-01-10,2.327361405734887,2.327361405734887,2.2817269110346805,2.3012845516204834,229200,0.0,0.0
2025-01-13,2.3012844313640475,2.3143228577399104,2.2295730862968015,2.2491307258605957,416100,0.0,0.0
2025-01-14,2.2686886880689,2.3143231868743896,2.24913104572369,2.3143231868743896,206100,0.0,0.0
2025-01-15,2.31432285431659,2.3925535678863525,2.3012844279600135,2.3925535678863525,426100,0.0,0.0
2025-01-16,2.418630612244561,2.477303535498223,2.3860345437703048,2.4642651081085205,628800,0.0,0.0
2025-01-17,2.496861335581763,2.496861335581763,2.372996267491917,2.3990731239318848,737600,0.0,0.0
2025-01-20,2.4186305696508263,2.438188210390957,2.3729960745905214,2.431668996810913,325700,0.0,0.0
2025-01-21,2.399072946352409,2.4316690144896063,2.3664768782152117,2.3729960918426514,404700,0.0,0.0
2025-01-22,2.353438104505099,2.4121111778199644,2.353438104505099,2.4055919647216797,277900,0.0,0.0
2025-01-23,2.4251499918460135,2.438188420127686,2.359957695007324,2.359957695007324,352500,0.0,0.0
2025-01-24,2.3664768480450005,2.4121113428552823,2.3664768480450005,2.3860344886779785,235100,0.0,0.0
2025-01-27,2.392553583473958,2.4512265024608095,2.379515157032435,2.438188076019287,548200,0.0,0.0
2025-01-28,2.3664770533819253,2.438188408591836,2.3664770533819253,2.3990731239318848,222800,0.0,0.0
2025-01-29,2.3990728108285304,2.4316688771243724,2.372995957791857,2.3795151710510254,292900,0.0,0.0
2025-01-30,2.399072869709041,2.464265003900737,2.399072869709041,2.4577457904815674,433400,0.0,0.0
2025-01-31,2.4707844358971776,2.516418933868408,2.4642652219012873,2.516418933868408,439900,0.0,0.0
2025-02-03,2.516418561626669,2.5359763561515702,2.4968609225320666,2.522937774658203,492900,0.0,0.0
2025-02-04,2.522938147864298,2.5555343732740705,2.496861291880738,2.516418933868408,482000,0.0,0.0
2025-02-05,2.5164187559186986,2.542495765488533,2.490341901779175,2.490341901779175,239600,0.0,0.0
2025-02-06,2.522937833724186,2.529457202338648,2.4707841282509118,2.496860980987549,264700,0.0,0.0
2025-02-07,2.4707841576288745,2.5164186504605897,2.4707841576288745,2.4838225841522217,154000,0.0,0.0
2025-02-10,2.4838224964689983,2.5359763561515702,2.4838224964689983,2.522937774658203,160600,0.0,0.0
2025-02-11,2.4773037006561727,2.5359767832517917,2.4773037006561727,2.5294575691223145,135600,0.0,0.0
2025-02-12,2.509899348595135,2.522937774658203,2.47078407040593,2.522937774658203,227300,0.0,0.0
2025-02-13,2.477303355343855,2.5033802082269,2.438188076019287,2.438188076019287,402700,0.0,0.0
2025-02-14,2.438188005248259,2.5359763561515702,2.438188005248259,2.522937774658203,494600,0.0,0.0
2025-02-17,2.5490149110134475,2.6076878312619303,2.5033802620565426,2.5555341243743896,519000,0.0,0.0
2025-02-18,2.5490152115107456,2.5620536397697,2.516418985433035,2.5294575691223145,232800,0.0,0.0
2025-02-19,2.5229378637222633,2.5424956589375887,2.4838225841522217,2.4838225841522217,198000,0.0,0.0
2025-02-20,2.483822644158246,2.4903418575774157,2.444707363643228,2.4577457904815674,263800,0.0,0.0
2025-02-21,2.477303355343855,2.477303355343855,2.438188076019287,2.438188076019287,191600,0.0,0.0
2025-02-24,2.451226532385351,2.4707841722863946,2.418630465883612,2.42514967918396,1124600,0.0,0.0
2025-02-25,2.4447072433113894,2.45774566950796,2.3925535385251093,2.4055919647216797,243000,0.0,0.0
2025-02-26,2.418630361557007,2.444707213633584,2.3925535094804298,2.418630361557007,265100,0.0,0.0
2025-02-27,2.4186302566664746,2.457745533084999,2.4121110439300537,2.4121110439300537,307900,0.0,0.0
2025-02-28,2.412111223136242,2.457745715681571,2.4055920099154804,2.438188076019287,480900,0.0,0.0
2025-03-05,2.5229378786891767,2.5229378786891767,2.4121112525832644,2.42514967918396,205400,0.0,0.0
2025-03-06,2.425149753148707,2.4707842476429502,2.4121113261503524,2.4447073936462402,236100,0.0,0.0
2025-03-07,2.41211139854971,2.483822749193074,2.41211139854971,2.4642651081085205,262600,0.0,0.0
2025-03-10,2.4707842913294025,2.496861145787183,2.4642650777149573,2.4773035049438477,160500,0.0,0.0
2025-03-11,2.4773034307390764,2.4903418575774157,2.451226577062398,2.4577457904815674,204300,0.0,0.0
2025-03-12,2.457745906427705,2.509899616241455,2.4447074789742675,2.509899616241455,244400,0.0,0.0
2025-03-13,2.4838224964689983,2.522937774658203,2.4838224964689983,2.522937774658203,221500,0.0,0.0
2025-03-14,2.529457516979918,2.6011688709259033,2.5164189335594167,2.6011688709259033,508600,0.0,0.0
2025-03-17,2.5946493540960467,2.672879912906434,2.5946493540960467,2.666360855102539,458100,0.0,0.0
2025-03-18,2.640284299850464,2.6728802142662538,2.63376493045092,2.640284299850464,325900,0.0,0.0
2025-03-19,2.6994613836955805,2.779091434602759,2.683535183661128,2.73927640914917,1016200,0.734315,0.0
2025-03-20,2.6914983980999914,2.747239434138761,2.5402011104274553,2.5800161361694336,727100,0.0,0.0
2025-03-21,2.6277938609786573,2.6755718863039246,2.5402008145490003,2.5879788398742676,1214900,0.0,0.0
2025-03-24,2.611867978654351,2.611867978654351,2.5163119233897677,2.5720529556274414,421400,0.0,0.0
2025-03-25,2.5163119969156793,2.57205303078209,2.5163119969156793,2.532238006591797,624900,0.0,0.0
2025-03-26,2.556126832962036,2.5800158457178592,2.516311811702331,2.556126832962036,833900,0.0,0.0
2025-03-27,2.5561267710264537,2.611867799439422,2.516311750731476,2.564089775085449,1032800,0.0,0.0
2025-03-28,2.5720530061310405,2.6277940394632187,2.5322379823223424,2.5959420204162598,1213700,0.0,0.0
2025-03-31,2.6198306857293607,2.6198306857293607,2.5322376450179735,2.548163652420044,490300,0.0,0.0
2025-04-01,2.5481638187698783,2.6039048483160236,2.5402008145490003,2.5879788398742676,512300,0.0,0.0
2025-04-02,2.5879789533993023,2.611867967109858,2.5561269351185607,2.603904962539673,412600,0.0,0.0
2025-04-03,2.5879787000393852,2.675571741736174,2.5800156962487684,2.6676087379455566,1032400,0.0,0.0
2025-04-04,2.6437199970758787,2.6437199970758787,2.5561269464166774,2.5720529556274414,668600,0.0,0.0
2025-04-07,2.5640898372139773,2.5800158457178592,2.492422798946508,2.556126832962036,518100,0.0,0.0
2025-04-08,2.5720527791444447,2.611867799439422,2.5561267710264537,2.564089775085449,889100,0.0,0.0
2025-04-09,2.5481638696246938,2.6198309090428853,2.5242748564852966,2.611867904663086,590800,0.0,0.0
2025-04-10,2.5959420204162598,2.611868029939739,2.5800160108927805,2.5959420204162598,479600,0.0,0.0
2025-04-11,2.5959419579694876,2.6437199853905997,2.580015948829117,2.603904962539673,465700,0.0,0.0
2025-04-14,2.6198309716800434,2.6198309716800434,2.580015948829117,2.603904962539673,655600,0.0,0.0
2025-04-15,2.627793913422684,2.627793913422684,2.58001588714389,2.611867904663086,229300,0.0,0.0
2025-04-16,2.6277938609786573,2.6277938609786573,2.5561268229907563,2.5879788398742676,537100,0.0,0.0
2025-04-17,2.619830983259733,2.619830983259733,2.5640899510220594,2.5720529556274414,487800,0.0,0.0
2025-04-22,2.5720529442589313,2.6198309716800434,2.5720529442589313,2.603904962539673,407500,0.0,0.0
2025-04-23,2.611867904663086,2.6198309090428853,2.587978891523689,2.611867904663086,445800,0.0,0.0
2025-04-24,2.619830784907424,2.659645804919864,2.59594177289996,2.627793788909912,608000,0.0,0.0
2025-04-25,2.6198309090428853,2.6437199221822825,2.595941895903488,2.611867904663086,683200,0.0,0.0
2025-04-28,2.643720074831612,2.7313133179200664,2.611868055473269,2.683535099029541,741200,0.0,0.0
2025-04-29,2.6596457958221436,2.7153870135018794,2.6596457958221436,2.6596457958221436,125800,0.0,0.0
2025-04-30,2.843550107301994,2.878227514866439,2.765525940281992,2.808872699737549,410800,0.272131,0.0
2025-05-02,2.8088724360228565,2.8175417871000343,2.7741950317141453,2.8002030849456787,168000,0.0,0.0
2025-05-05,2.7741952435128705,2.8608887609033524,2.765525891773822,2.791533946990967,237500,0.0,0.0
2025-05-06,2.7915337839937227,2.8175418376922607,2.765525730295184,2.8175418376922607,168000,0.0,0.0
2025-05-07,2.8175417100259406,2.8175417100259406,2.7568562541457515,2.7741949558258057,225800,0.0,0.0
2025-05-08,2.7741951062057684,2.8608886193054075,2.7741951062057684,2.8262112140655518,225700,0.0,0.0
2025-05-09,2.8348807056862078,2.843550057425256,2.791533946990967,2.791533946990967,200800,0.0,0.0
2025-05-12,2.8262110523253594,2.89556585883599,2.8002029998838727,2.8522191047668457,295100,0.0,0.0
2025-05-13,2.895566117498333,2.9475824337215766,2.869558062733534,2.930243730545044,440900,0.0,0.0
2025-05-14,2.9302435468490775,2.964920951028228,2.8782272338867188,2.8782272338867188,258300,0.0,0.0
2025-05-15,2.860888464226076,2.860888464226076,2.7135094999456166,2.7741949558258057,871100,0.0,0.0
2025-05-16,2.7741950317141453,2.843549840331568,2.7655256806369675,2.8002030849456787,178200,0.0,0.0
2025-05-19,2.8262114222300614,2.8262114222300614,2.730848550796509,2.730848550796509,863800,0.0,0.0
2025-05-20,2.7741952747999266,2.886896848678589,2.7568565711262862,2.886896848678589,459800,0.0,0.0
2025-05-21,2.8695579826482973,2.912904739379883,2.8348805772630286,2.912904739379883,514200,0.0,0.0
2025-05-22,2.912904634048094,2.9822596490043667,2.8955659319824343,2.947582244873047,493600,0.0,0.0
2025-05-23,2.973590618065358,3.06028413772583,2.9302438582351225,3.06028413772583,850200,0.0,0.0
2025-05-26,3.060283988750206,3.068953340294226,2.9995985279420636,3.008267879486084,347400,0.0,0.0
2025-05-27,3.034275909001831,3.05161461194635,2.9909291516405334,2.999598503112793,472200,0.0,0.0
2025-05-28,3.0516145865400803,3.0516145865400803,2.9735904239393363,2.990929126739502,222800,0.0,0.0
2025-05-29,3.0256064041685167,3.0256064041685167,2.947582244873047,2.947582244873047,212700,0.0,0.0
2025-05-30,2.9475822701391956,2.973590323460622,2.912904659016993,2.956251621246338,174700,0.0,0.0
2025-06-02,2.9909291338114645,2.9909291338114645,2.9129047643325925,2.921574115753174,256300,0.0,0.0
2025-06-03,2.9735905879163576,2.9735905879163576,2.9302438285256107,2.964921236038208,225000,0.0,0.0
2025-06-04,2.9649212847436646,2.9909293408053528,2.930243876661413,2.98225998878479,197000,0.0,0.0
2025-06-05,2.9909290000371964,2.9909290000371964,2.9389128938402167,2.947582244873047,257500,0.0,0.0
2025-06-06,2.9475825807025386,2.98225998878479,2.9215743179471945,2.98225998878479,171500,0.0,0.0
2025-06-09,2.9822598400746414,2.9822598400746414,2.895566117498333,2.930243730545044,236100,0.0,0.0
2025-06-10,2.9042354690865992,2.9475824337215766,2.8868967659100666,2.930243730545044,340700,0.0,0.0
2025-06-11,2.930243598112758,2.938912949309213,2.8782272842403906,2.895565986633301,249500,0.0,0.0
2025-06-12,2.912904586487827,2.9215739373791085,2.8348804284662914,2.8608884811401367,426100,0.0,0.0
2025-06-13,2.895566200515409,2.895566200515409,2.8175420339840276,2.886896848678589,187500,0.0,0.0
2025-06-16,2.895566150997698,2.9129048543748253,2.8348806891777523,2.869558095932007,471400,0.0,0.0
2025-06-17,2.860888793168128,2.912904904189049,2.8522194413313082,2.886896848678589,298400,0.0,0.0
2025-06-18,2.886896799309134,2.9042355026862614,2.8522193925548796,2.869558095932007,448900,0.0,0.0
2025-06-20,2.886896508022161,2.89556585883599,2.8175417015115305,2.8522191047668457,474000,0.0,0.0
2025-06-23,2.9129046890262114,2.956251651702124,2.886896635436846,2.895565986633301,580600,0.0,0.0
2025-06-24,2.930243691334717,3.0429452604740903,2.9215741331688143,2.999598503112793,825400,0.0,0.0
2025-06-25,3.0429450702315712,3.0429450702315712,2.9735902627895032,3.016937017440796,470900,0.0,0.0
2025-06-26,3.006248795268093,3.006248795268093,2.8273055796642073,2.8988828659057617,1010700,0.108054,0.0
2025-06-27,2.9436185890289335,2.9436185890289335,2.8899356258209177,2.9257242679595947,299500,0.0,0.0
2025-06-30,2.952565956836811,3.0151960849761963,2.8809886675346563,3.0151960849761963,545300,0.0,0.0
2025-07-01,3.033090570893946,3.033090570893946,2.9436187474159183,2.952565908432007,246900,0.0,0.0
2025-07-02,2.9794073914802714,2.9794073914802714,2.9167772643676537,2.952565908432007,482700,0.0,0.0
2025-07-03,2.961512856707999,3.050984673758824,2.961512856707999,3.033090353012085,257100,0.0,0.0
2025-07-04,3.015196077276436,3.149403707692405,3.0062489161365145,3.104667901992798,875600,0.0,0.0
2025-07-07,3.1225619579690376,3.140456278722787,3.077826156084665,3.113614797592163,695100,0.0,0.0
2025-07-08,3.0867733946859035,3.1851921613256313,3.0778262340822917,3.167297840118408,1697200,0.0,0.0
2025-07-09,3.131509385412562,3.1851923522520904,3.086773579712955,3.104667901992798,479000,0.0,0.0
2025-07-10,3.077826338601946,3.149403625861526,3.0509848558796033,3.131509304046631,427600,0.0,0.0
2025-07-11,3.1494034390996615,3.1494034390996615,3.0867733164615396,3.113614797592163,190100,0.0,0.0
2025-07-14,3.095720664056385,3.122562146810284,3.0509848594665527,3.0509848594665527,187300,0.0,0.0
2025-07-15,3.0599318353309157,3.1672977598534104,3.0599318353309157,3.113614797592163,484600,0.0,0.0
2025-07-16,3.1315093354194494,3.1315093354194494,3.0330905644515247,3.0420377254486084,359500,0.0,0.0
2025-07-17,3.059931993484497,3.059931993484497,2.9973016542921758,3.059931993484497,281800,0.0,0.0
2025-07-18,3.0599321595312547,3.0599321595312547,2.9973018169403076,2.9973018169403076,315600,0.0,0.0
2025-07-21,3.0330904074587433,3.0330904074587433,2.9704600704037567,3.006248712539673,197000,0.0,0.0
2025-07-22,3.006248712539673,3.0420375679927223,2.9794072309377357,3.006248712539673,268800,0.0,0.0
2025-07-23,3.068879208439861,3.068879208439861,2.9704602241547913,3.0420377254486084,242400,0.0,0.0
2025-07-24,3.0599321595312547,3.0599321595312547,2.98835465561548,2.9973018169403076,224700,0.0,0.0
2025-07-25,2.997301498201477,3.0599318341321933,2.9704600170813684,3.033090353012085,295500,0.0,0.0
2025-07-28,2.997301686188043,3.024143382308755,2.9525658815154285,2.961513042449951,201300,0.0,0.0
2025-07-29,2.961513096610361,2.9883545799048092,2.9436187744140625,2.9436187744140625,118400,0.0,0.0
2025-07-30,2.9704602304641834,2.9883545524963595,2.925724425383742,2.952565908432007,150500,0.0,0.0
2025-07-31,2.961513096610361,2.9973017410029588,2.9436187744140625,2.9436187744140625,141800,0.0,0.0
2025-08-01,2.9436187205809055,2.997301686188043,2.9436187205809055,2.961513042449951,202100,0.0,0.0
2025-08-04,2.961513042449951,2.98835452525352,2.9346715596463824,2.961513042449951,284200,0.0,0.0
2025-08-05,2.9704603404443506,2.9704603404443506,2.9167773723602295,2.9167773723602295,142800,0.0,0.0
2025-08-06,2.9346716950549365,2.9525660177496436,2.9167773723602295,2.9167773723602295,182400,0.0,0.0
2025-08-07,2.9346715596463824,2.961513042449951,2.9167772377773367,2.961513042449951,254600,0.0,0.0
2025-08-08,2.952565956836811,3.024143459456114,2.9436187956740416,3.0151960849761963,173700,0.0,0.0
2025-08-11,3.0151960080570888,3.024143382308755,2.961513042449951,2.961513042449951,312400,0.0,0.0
2025-08-12,2.9704602771552286,3.059932102039615,2.952565954841781,3.0241434574127197,397000,0.0,0.0
2025-08-13,3.042037698548586,3.0599320203845193,2.988354519723645,3.0509848594665527,344300,0.0,0.0
2025-08-14,3.095720815038725,3.158350944519043,3.050985008267069,3.158350944519043,930200,0.0,0.0
2025-08-15,3.158350850892217,3.3551886081695557,3.122562206535819,3.3551886081695557,836600,0.0,0.0
2025-08-18,3.3372942859913564,3.3551886081695557,3.212033817426815,3.3551886081695557,1020400,0.0,0.0
2025-08-19,3.2836111657987184,3.3372941298211978,3.212033667118275,3.2478225231170654,335500,0.0,0.0
2025-08-20,3.247822600344348,3.310452726526471,3.220980904377725,3.3015055656433105,368700,0.0,0.0
2025-08-21,3.292558355219511,3.292558355219511,3.20308653441698,3.2299280166625977,519900,0.0,0.0
2025-08-22,3.220980878238597,3.319399860471807,3.2120337174280453,3.310452699661255,391000,0.0,0.0
2025-08-25,3.3193997541610316,3.364135556781032,3.2925582725890314,3.3462412357330322,346300,0.0,0.0
2025-08-26,3.3730829303477545,3.3730829303477545,3.2925584805458583,3.3551886081695557,454700,0.0,0.0
2025-08-27,3.3551885276006406,3.3820300102233887,3.3283470449778925,3.3820300102233887,351600,0.0,0.0
2025-08-28,3.3193999326944725,3.444660186767578,3.3193999326944725,3.444660186767578,537200,0.0,0.0
2025-08-29,3.453607297217384,3.453607297217384,3.2836112406066458,3.3820300102233887,500700,0.0,0.0
2025-09-01,3.4178185729400044,3.4357128942655697,3.3641356089633088,3.4088714122772217,256500,0.0,0.0
2025-09-02,3.408871705524833,3.4804492103016735,3.3730830597949906,3.390977382659912,1058100,0.0,0.0
2025-09-03,3.4536075126871366,3.4893963717341343,3.3820302212274513,3.390977382659912,594300,0.0,0.0
2025-09-04,3.435713002823848,3.435713002823848,3.346241393368986,3.3730828762054443,1123700,0.0,0.0
2025-09-05,3.3730827696260914,3.426765733602787,3.3462412876377434,3.4088714122772217,926500,0.0,0.0
2025-09-08,3.4267660283897547,3.4267660283897547,3.3551887369300695,3.390977382659912,651800,0.0,0.0
2025-09-09,3.3999243319718873,3.3999243319718873,3.337294205852142,3.3820300102233887,1012500,0.0,0.0
2025-09-10,3.3820300914368544,3.4267658968823524,3.346241447080456,3.3551886081695557,850100,0.0,0.0
2025-09-11,3.36413568847489,3.426765814594636,3.3283470449778925,3.3820300102233887,1108800,0.0,0.0
2025-09-12,3.364135635327675,3.3999242782592773,3.3372941531289735,3.3999242782592773,282500,0.0,0.0
2025-09-15,3.3909772252388057,3.4267658693072134,3.346241420153296,3.3641357421875,621500,0.0,0.0
2025-09-16,3.3730829303477545,3.4178187357932526,3.3372942859913564,3.3551886081695557,1352100,0.0,0.0
2025-09-17,3.3641357152599585,3.4267658418783618,3.346241393368986,3.3730828762054443,2214600,0.0,0.0
2025-09-18,3.390977198096417,3.390977198096417,3.346241393368986,3.3730828762054443,1156600,0.0,0.0
2025-09-19,3.390977382659912,3.417818866957294,3.3551887369300695,3.390977382659912,1520200,0.0,0.0
2025-09-22,3.4088715472730096,3.4088715472730096,3.346241420153296,3.3641357421875,1156400,0.0,0.0
2025-09-23,3.3641357377205816,3.444660186767578,3.3641357377205816,3.444660186767578,857300,0.0,0.0
2025-09-24,3.45360715893975,3.6236036353783487,3.4446599984237323,3.6057093143463135,909300,0.0,0.0
2025-09-25,3.623603767153892,3.6683393580436956,3.578867749629807,3.64149808883667,741800,0.0,0.0
2025-09-26,3.6504449828451975,3.6772866782930045,3.6146563400043057,3.6593923568725586,635800,0.0,0.0
2025-09-29,3.6325508668580464,3.8204414657157297,3.6325508668580464,3.7399168014526367,1040300,0.0,0.0
2025-09-30,3.7846528208508663,3.7846528208508663,3.730969853553571,3.7399168014526367,412400,0.0,0.0
2025-10-01,3.722022455812013,3.7488641526104423,3.6683394888494507,3.6772868633270264,501500,0.0,0.0
2025-10-02,3.6951811149058247,3.7130754368841026,3.5341320037841797,3.5341320037841797,974900,0.0,0.0
2025-10-03,3.543078977417058,3.632550582577233,3.4983431748369704,3.6057093143463135,536800,0.0,0.0
2025-10-06,3.596762185885862,3.6057095603294065,3.516237735748291,3.516237735748291,762500,0.0,0.0
2025-10-07,3.5162376044269186,3.525184765219165,3.444660104771811,3.4804489612579346,670500,0.0,0.0
2025-10-08,3.525184765219165,3.5341319260114106,3.462554426356303,3.4804489612579346,490500,0.0,0.0
2025-10-09,3.4893962051108325,3.5251848491317195,3.4357130257623565,3.444660186767578,532500,0.0,0.0
2025-10-10,3.4267658113404558,3.4715018289863613,3.399924328743197,3.462554454803467,509600,0.0,0.0
2025-10-13,3.444660351254676,3.4625546741195974,3.3820302212274513,3.390977382659912,558200,0.0,0.0
2025-10-14,3.3730827710296714,3.3730827710296714,3.310452646364132,3.3283469676971436,904900,0.0,0.0
2025-10-15,3.3730830597949906,3.435713189822215,3.337294414065148,3.390977382659912,374700,0.0,0.0
2025-10-16,3.4178185997250785,3.44466008192378,3.364135635327675,3.3999242782592773,305300,0.0,0.0
2025-10-17,3.417818784713745,3.417818784713745,3.3641358174107636,3.417818784713745,267200,0.0,0.0
2025-10-20,3.399924462279418,3.4446602683652356,3.399924462279418,3.417818784713745,218000,0.0,0.0
2025-10-21,3.444660351254676,3.444660351254676,3.3641358983625302,3.390977382659912,256500,0.0,0.0
2025-10-22,3.4088714122772217,3.4357128942655697,3.3641356089633088,3.4088714122772217,277100,0.0,0.0
2025-10-23,3.399924198742175,3.4267656803131104,3.3730827171712394,3.4267656803131104,375800,0.0,0.0
2025-10-24,3.4267659459309088,3.4446602683652356,3.4088716234965815,3.417818784713745,241500,0.0,0.0
2025-10-27,3.435712840836756,3.4983431778194056,3.4267656803131104,3.4267656803131104,372400,0.0,0.0
2025-10-28,3.4267658096165894,3.507290470684998,3.3909771661715817,3.4715018272399902,499800,0.0,0.0
2025-10-29,3.5162376044269186,3.525184765219165,3.462554426356303,3.4804489612579346,444200,0.0,0.0
2025-10-30,3.489396148962494,3.51623763154625,3.4715018272399902,3.4715018272399902,187400,0.0,0.0
2025-10-31,3.480449091242704,3.5520263802538783,3.4715019301163075,3.516237735748291,237700,0.0,0.0
2025-11-03,3.552026276778137,3.552026276778137,3.462554454803467,3.462554454803467,290000,0.0,0.0
2025-11-04,3.462554403389581,3.4804489381725205,3.3999242782592773,3.3999242782592773,450700,0.0,0.0
2025-11-05,3.399924300810581,3.560973408388149,3.3909771400183346,3.4804489612579346,523600,0.0,0.0
2025-11-06,3.498343366116054,3.5341320101369416,3.444660186767578,3.444660186767578,163400,0.0,0.0
2025-11-07,3.462554403389581,3.462554403389581,3.3999242782592773,3.3999242782592773,186300,0.0,0.0
2025-11-10,3.4446602190605518,3.4625545412387506,3.3551886081695557,3.3551886081695557,570200,0.0,0.0
2025-11-11,3.3909772207362474,3.4536073477728,3.3909772207362474,3.444660186767578,376800,0.0,0.0
2025-11-12,3.453607297217384,3.462554458091633,3.36413568847489,3.3820300102233887,1111600,0.0,0.0
2025-11-13,3.3999243862559076,3.4357130303243153,3.355188581170398,3.3641357421875,680800,0.0,0.0
2025-11-14,3.390977382659912,3.3999245440923724,3.3283472526326876,3.390977382659912,603500,0.0,0.0
2025-11-17,3.408871574704153,3.408871574704153,3.346241447080456,3.3551886081695557,567300,0.0,0.0
2025-11-18,3.3551885276006406,3.390977171097638,3.337294205852142,3.3820300102233887,447300,0.0,0.0
2025-11-19,3.3999243862559076,3.3999243862559076,3.3372942591361943,3.3641357421875,347700,0.0,0.0
2025-11-21,3.3641357421875,3.3641357421875,3.3104527760848885,3.3641357421875,650600,0.0,0.0
2025-11-24,3.3372942324235,3.3999243590419033,3.3283470714780137,3.3730828762054443,479500,0.0,0.0
2025-11-25,3.408871413695694,3.408871413695694,3.3283469676971436,3.3283469676971436,415800,0.0,0.0
2025-11-26,3.3551884745947747,3.426765760457979,3.3462413138618743,3.3999242782592773,1432500,0.0,0.0
2025-11-27,3.4088715472730096,3.4088715472730096,3.346241420153296,3.3641357421875,269900,0.0,0.0
2025-11-28,3.373082846145939,3.462554454803467,3.373082846145939,3.462554454803467,323200,0.0,0.0
2025-12-01,3.462554453061597,3.489396148962494,3.3999243270328336,3.4715018272399902,953600,0.0,0.0
2025-12-02,3.6414979302341215,3.775705123692526,3.6236036093307167,3.695180892944336,2372600,0.0,0.0
2025-12-03,3.739916644774807,3.775705288140362,3.64149808883667,3.64149808883667,771600,0.0,0.0
2025-12-04,3.7130753993988037,3.7578109905757264,3.6504450597899707,3.7130753993988037,1106200,0.0,0.0
2025-12-05,3.7488641325592433,3.7488641325592433,3.552026374765508,3.596762180328369,1197300,0.0,0.0
2025-12-08,3.641498348345009,3.739916911296863,3.6325509735488524,3.7041282653808594,930100,0.0,0.0
2025-12-09,3.6593922524601354,3.730969536099625,3.6325505577781954,3.6862335205078125,722400,0.0,0.0
2025-12-10,3.730969536099625,3.730969536099625,3.677286573370008,3.6862335205078125,431500,0.0,0.0
2025-12-11,3.7130752151897526,3.748863857009497,3.6862335205078125,3.6862335205078125,958200,0.0,0.0
2025-12-12,3.722022455812013,3.739916778132867,3.6772868633270264,3.6772868633270264,499800,0.0,0.0
2025-12-15,3.7041282653808594,3.7488642860930197,3.6862339424228576,3.7041282653808594,1111700,0.0,0.0
2025-12-16,3.704128003165189,3.71307537732796,3.6325507164001465,3.6325507164001465,1107500,0.0,0.0
2025-12-17,3.648342494688259,3.677451582650583,3.4445786476135254,3.4445786476135254,1407100,0.316275,0.0
2025-12-18,3.4542815057334915,3.5319059677909386,3.444578476893618,3.5027966499328613,1039800,0.0,0.0
2025-12-19,3.5027968087517762,3.5319061279296875,3.493093779471961,3.5319061279296875,357600,0.0,0.0
2025-12-22,3.53190605458151,3.551312112738129,3.444578561538265,3.4736876487731934,609600,0.0,0.0
2025-12-23,3.4639846916325157,3.5707182450489476,3.4639846916325157,3.5319061279296875,441700,0.0,0.0
2025-12-26,3.531905979518261,3.628936268239179,3.5124996904356207,3.609530210494995,447600,0.0,0.0
2025-12-29,3.6386392971112707,3.6386392971112707,3.5707180950066277,3.609530210494995,497400,0.0,0.0
2025-12-30,3.6095302986072615,3.725966647914692,3.6095302986072615,3.687154531478882,549200,0.0,0.0
2026-01-02,3.725966647914692,3.725966647914692,3.658045444152024,3.687154531478882,533700,0.0,0.0
2026-01-05,3.7162635964862964,3.7259666255369734,3.6483423931315557,3.66774845123291,569700,0.0,0.0
2026-01-06,3.658045354855454,3.716263528088005,3.5998271816229033,3.609530210494995,571400,0.0,0.0
2026-01-07,3.619233216682852,3.6289362454941285,3.561015043815195,3.5901241302490234,553100,0.0,0.0
2026-01-08,3.6095302517238372,3.619233280706759,3.541609048843384,3.541609048843384,425300,0.0,0.0
2026-01-09,3.5416089861926423,3.6386392743054046,3.5319059573813663,3.5901241302490234,451700,0.0,0.0
2026-01-12,3.5901243472169817,3.609530406012333,3.561015259023955,3.570718288421631,295100,0.0,0.0
2026-01-13,3.5998271999697655,3.5998271999697655,3.493093650494322,3.522202968597412,395700,0.0,0.0
2026-01-14,3.5901241710482217,3.5901241710482217,3.5027966794158663,3.522202968597412,443800,0.0,0.0
2026-01-15,3.5513122296262796,3.609530406012333,3.5513122296262796,3.570718288421631,438100,0.0,0.0
2026-01-16,3.590124140830182,3.5998271696700557,3.4930936210929873,3.5027966499328613,569400,0.0,0.0
2026-01-19,3.5027966272409206,3.531905944910421,3.4833905696868896,3.4833905696868896,323200,0.0,0.0
2026-01-20,3.4736876924637374,3.522203069803951,3.4736876924637374,3.5124998092651367,459600,0.0,0.0
2026-01-21,3.5124998380315913,3.590124303608578,3.5027968087517762,3.5319061279296875,808500,0.0,0.0
2026-01-22,3.5707181607261376,3.66774845123291,3.56101513167546,3.66774845123291,770200,0.0,0.0
2026-01-23,3.6774513845902135,3.7938879615069285,3.658045326993837,3.7841849327087402,565200,0.0,0.0
2026-01-26,3.7841849775480405,3.861809208853327,3.735669601643779,3.8229970932006836,569600,0.0,0.0
2026-01-27,3.8521062466946745,3.890918594358368,3.8229971594507504,3.8812153339385986,593100,0.0,0.0
2026-01-28,3.881215420673365,3.958839655058523,3.8327002741826415,3.8521063327789307,436800,0.0,0.0
2026-01-29,3.8521061799401664,3.90062132450597,3.7841849775480405,3.8229970932006836,543800,0.0,0.0
2026-01-30,3.8229972662628797,3.881215442377307,3.8132942369104748,3.8715124130249023,356300,0.0,0.0
2026-02-02,3.871512237766488,3.8812152666796487,3.8229970932006836,3.8229970932006836,323000,0.0,0.0
2026-02-03,3.8229971810946366,3.9394335307295374,3.8229971810946366,3.9006214141845703,451700,0.0,0.0
2026-02-04,3.8812152666796487,3.90062132450597,3.7550756594701005,3.8229970932006836,610300,0.0,0.0
2026-02-05,3.8424031054978705,3.8521061342960587,3.7841849327087402,3.7841849327087402,438200,0.0,0.0
2026-02-06,3.8229972448844967,3.8521063327789307,3.755075808459017,3.8521063327789307,379600,0.0,0.0
2026-02-09,3.8618092757759825,3.920027450263831,3.8327001885320584,3.8812153339385986,661400,0.0,0.0
2026-02-10,3.852106202416431,3.9103246075735463,3.813294086537327,3.8424031734466553,533500,0.0,0.0
2026-02-11,3.8812153339385986,3.9297307106836,3.8424032176133665,3.8812153339385986,707200,0.0,0.0
2026-02-12,3.9297308204777974,3.9297308204777974,3.7938881782056657,3.8715124130249023,519300,0.0,0.0
2026-02-13,3.871512237766488,3.871512237766488,3.7744819486348797,3.8229970932006836,581700,0.0,0.0
2026-02-18,3.813294194046288,3.8812153987496365,3.7938881355596172,3.832700252532959,622300,0.0,0.0
2026-02-19,3.8715123048572906,3.8812153339385986,3.784185043125518,3.8812153339385986,634300,0.0,0.0
2026-02-20,3.8812152777205444,3.9297306537628174,3.813294075135203,3.9297306537628174,490700,0.0,0.0
2026-02-23,3.939433552811805,3.939433552811805,3.8715123484773843,3.920027494430542,409600,0.0,0.0
2026-02-24,3.92002753773124,3.9588396549224854,3.8618093619443723,3.9588396549224854,551500,0.0,0.0
2026-02-25,3.958839531666042,4.007354907983064,3.9200274156831925,3.949136734008789,705200,0.0,0.0
2026-02-26,3.95883948660473,4.007354862369528,3.9103245735168457,3.9103245735168457,869500,0.0,0.0
2026-02-27,3.9394334288341937,3.9394334288341937,3.861809197752048,3.9103245735168457,448500,0.0,0.0
2026-03-02,3.910324717818108,3.910324717818108,3.8035911648029526,3.832700252532959,497500,0.0,0.0
2026-03-03,3.871512338895815,3.871512338895815,3.696857582558236,3.7065606117248535,956000,0.0,0.0
2026-03-04,3.7065605481298007,3.793888040469507,3.7065605481298007,3.755075693130493,390500,0.0,0.0
2026-03-05,3.793888105562875,3.793888105562875,3.6774515242250008,3.7065606117248535,403800,0.0,0.0
2026-03-06,3.7162635047956143,3.7162635047956143,3.570718072626471,3.5901241302490234,611400,0.0,0.0
2026-03-09,3.599827311383569,3.6192333698272705,3.5319061068306143,3.6192333698272705,610700,0.0,0.0
2026-03-10,3.658045530319214,3.7647790843703186,3.5998273542941392,3.658045530319214,439600,0.0,0.0
2026-03-11,3.6871544414717294,3.6871544414717294,3.5901241527508114,3.609530210494995,397600,0.0,0.0
2026-03-12,3.6095302743075086,3.6095302743075086,3.512499752532742,3.5610151290893555,733200,0.0,0.0
2026-03-13,3.570718083150434,3.619233227349804,3.5027966499328613,3.5027966499328613,991600,0.0,0.0
2026-03-16,3.5416089861926423,3.609530187871576,3.5319059573813663,3.5901241302490234,566000,0.0,0.0
2026-03-17,3.599827222740915,3.599827222740915,3.5319060198604615,3.541609048843384,554600,0.0,0.0
2026-03-18,3.5513120553620445,3.561015084283589,3.51249970833741,3.522202968597412,515300,0.0,0.0
2026-03-19,3.5513120024644516,3.5513120024644516,3.3572511955856896,3.4833905696868896,2067200,0.0,0.0
2026-03-20,3.425172455566246,3.463984571337666,3.3281421661376953,3.3281421661376953,855000,0.0,0.0
2026-03-23,3.4154694080352783,3.4445784947054223,3.3475482058049426,3.4154694080352783,507700,0.0,0.0
2026-03-24,3.4154695378112936,3.444578625587482,3.29903318670654,3.318439245223999,1080800,0.0,0.0
2026-03-25,3.3766573557013713,3.3766573557013713,3.3378452394144413,3.3669543266296387,3712500,0.0,0.0
2026-03-26,3.308736142624232,3.3572512878424985,3.260220766067505,3.260220766067505,1120300,0.0,0.0
2026-03-27,3.2505178451538086,3.289330193957993,3.2311117864209504,3.2505178451538086,728100,0.0,0.0
2026-03-30,3.2505177147988435,3.269923772753464,3.221408627866913,3.240814685821533,503600,0.0,0.0
2026-03-31,3.2893301788605025,3.3475483547918645,3.269923888878248,3.3378453254699707,515900,0.0,0.0
2026-04-01,3.366954348605484,3.4154694942808006,3.3378452612002936,3.3863604068756104,664300,0.0,0.0
2026-04-02,3.3281421883683326,3.3863603624143366,3.2990331013453305,3.347548246383667,389300,0.0,0.0
2026-04-06,3.3669542413117273,3.3960633277893066,3.328142126008288,3.3960633277893066,813800,0.0,0.0
2026-04-07,3.386360384773104,3.3960634138448365,3.3087361521992436,3.3669543266296387,606000,0.0,0.0
2026-04-08,3.425172414266886,3.473687558396185,3.3863602989634467,3.3960633277893066,1079500,0.0,0.0
2026-04-09,3.4154695596512012,3.4542816769342997,3.366954413047328,3.4445786476135254,622000,0.0,0.0
2026-04-10,3.4639846623076176,3.4639846623076176,3.405766487121582,3.405766487121582,566400,0.0,0.0
2026-04-13,3.3960635010096523,3.473687735575849,3.3184392664434554,3.4445786476135254,472900,0.0,0.0
2026-04-14,3.4736875409098746,3.531905944910421,3.4542814833558437,3.4833905696868896,525800,0.0,0.0
2026-04-15,3.5319060990043005,3.5319060990043005,3.493093750864437,3.5124998092651367,479900,0.0,0.0
2026-04-16,3.5124998380315913,3.5707182450489476,3.5124998380315913,3.5319061279296875,527600,0.0,0.0
2026-04-17,3.531905997518956,3.5901241710482217,3.4833906215727777,3.522202968597412,706000,0.0,0.0
2026-04-20,3.5416089736874365,3.5416089736874365,3.4542814833558437,3.4833905696868896,447200,0.0,0.0
2026-04-22,3.5124998747659526,3.5124998747659526,3.4348756397156235,3.463984727859497,677200,0.0,0.0
2026-04-23,3.4542816769342997,3.473687735575849,3.425172588971976,3.4445786476135254,501400,0.0,0.0
2026-04-24,3.4445785172347607,3.4542815461882714,3.3863603435136955,3.43487548828125,561700,0.0,0.0
2026-04-27,3.444578448869872,3.444578448869872,3.366954218782401,3.376657247543335,509800,0.0,0.0
2026-04-28,3.3863604720794394,3.3863604720794394,3.3184392668261835,3.3378453254699707,326100,0.0,0.0
2026-04-29,3.308736172122531,3.357251317773324,3.2796270847320557,3.2796270847320557,618600,0.0,0.0
2026-04-30,3.3499999046325684,3.390000104904175,3.3399999141693115,3.369999885559082,441300,0.100373,0.0
2026-05-04,3.380000114440918,3.390000104904175,3.319999933242798,3.3299999237060547,688900,0.0,0.0
2026-05-05,3.3399999141693115,3.3499999046325684,3.319999933242798,3.3399999141693115,307700,0.0,0.0
2026-05-06,3.380000114440918,3.390000104904175,3.319999933242798,3.3399999141693115,705000,0.0,0.0
2026-05-07,3.369999885559082,3.369999885559082,3.2799999713897705,3.309999942779541,628300,0.0,0.0
2026-05-08,3.3399999141693115,3.3399999141693115,3.2899999618530273,3.299999952316284,497700,0.0,0.0
2026-05-11,3.299999952316284,3.299999952316284,3.180000066757202,3.190000057220459,710900,0.0,0.0
2026-05-12,3.2300000190734863,3.2300000190734863,3.140000104904175,3.1500000953674316,504500,0.0,0.0
2026-05-13,3.190000057220459,3.200000047683716,3.109999895095825,3.140000104904175,666600,0.0,0.0
2026-05-14,3.1700000762939453,3.2200000286102295,3.140000104904175,3.2200000286102295,815200,0.0,0.0
2026-05-15,3.180000066757202,3.2699999809265137,3.1500000953674316,3.2100000381469727,507300,0.0,0.0
2026-05-18,3.2100000381469727,3.2699999809265137,3.180000066757202,3.2699999809265137,1043500,0.0,0.0
2026-05-19,3.2200000286102295,3.2300000190734863,3.119999885559082,3.1700000762939453,535100,0.0,0.0
2026-05-20,3.1700000762939453,3.259999990463257,3.1500000953674316,3.2300000190734863,291400,0.0,0.0
2026-05-21,3.2300000190734863,3.299999952316284,3.200000047683716,3.2799999713897705,312800,0.0,0.0
2026-05-22,3.309999942779541,3.309999942779541,3.2300000190734863,3.2699999809265137,339900,0.0,0.0
2026-05-25,3.2799999713897705,3.359999895095825,3.25,3.299999952316284,649200,0.0,0.0
2026-05-26,3.2899999618530273,3.3299999237060547,3.25,3.3299999237060547,379600,0.0,0.0
2026-05-27,3.299999952316284,3.3399999141693115,3.2799999713897705,3.319999933242798,417200,0.0,0.0
2026-05-28,3.319999933242798,3.3499999046325684,3.259999990463257,3.2699999809265137,394700,0.0,0.0
2026-05-29,3.299999952316284,3.299999952316284,3.25,3.2799999713897705,308100,0.0,0.0
2026-06-01,3.299999952316284,3.299999952316284,3.240000009536743,3.259999990463257,624600,0.0,0.0
2026-06-02,3.2699999809265137,3.2899999618530273,3.2300000190734863,3.259999990463257,412000,0.0,0.0
2026-06-03,3.2100000381469727,3.240000009536743,3.1600000858306885,3.190000057220459,408100,0.0,0.0
2026-06-05,3.200000047683716,3.200000047683716,3.1500000953674316,3.190000057220459,563600,0.0,0.0
2026-06-08,3.200000047683716,3.200000047683716,3.119999885559082,3.1500000953674316,558400,0.0,0.0
2026-06-09,3.1500000953674316,3.200000047683716,3.1500000953674316,3.180000066757202,297300,0.0,0.0
2026-06-10,3.1700000762939453,3.180000066757202,3.130000114440918,3.180000066757202,282900,0.0,0.0
2026-06-11,3.180000066757202,3.2100000381469727,3.119999885559082,3.190000057220459,695600,0.0,0.0
2026-06-12,3.2100000381469727,3.2300000190734863,3.1700000762939453,3.180000066757202,432100,0.0,0.0
2026-06-15,3.200000047683716,3.2300000190734863,3.130000114440918,3.180000066757202,798000,0.0,0.0
2026-06-16,3.1700000762939453,3.2699999809265137,3.130000114440918,3.200000047683716,588900,0.0,0.0
2026-06-17,3.2100000381469727,3.3399999141693115,3.2100000381469727,3.259999990463257,695600,0.0,0.0
2026-06-18,3.25,3.2699999809265137,3.190000057220459,3.190000057220459,201300,0.0,0.0
2026-06-19,3.25,3.25,3.190000057220459,3.240000009536743,411300,0.0,0.0
2026-06-22,3.2200000286102295,3.25,3.119999885559082,3.1600000858306885,713500,0.0,0.0
2026-06-23,3.1700000762939453,3.1700000762939453,3.140000104904175,3.140000104904175,246500,0.0,0.0
2026-06-24,3.1500000953674316,3.190000057220459,3.119999885559082,3.190000057220459,416600,0.0,0.0
2026-06-25,3.200000047683716,3.2200000286102295,3.1700000762939453,3.200000047683716,293500,0.0,0.0
2026-06-26,3.200000047683716,3.25,3.190000057220459,3.240000009536743,345300,0.0,0.0
2026-06-29,3.240000009536743,3.25,3.2100000381469727,3.2300000190734863,302600,0.0,0.0
2026-06-30,3.2300000190734863,3.259999990463257,3.190000057220459,3.259999990463257,287600,0.0,0.0
2026-07-01,3.25,3.25,3.200000047683716,3.2100000381469727,290200,0.0,0.0
2026-07-02,3.2100000381469727,3.240000009536743,3.200000047683716,3.2200000286102295,299700,0.0,0.0
2026-07-03,3.2200000286102295,3.240000009536743,3.200000047683716,3.200000047683716,198800,0.0,0.0
2026-07-06,3.2100000381469727,3.2100000381469727,3.109999895095825,3.130000114440918,411200,0.0,0.0
2026-07-07,3.140000104904175,3.1500000953674316,3.109999895095825,3.140000104904175,208500,0.0,0.0
2026-07-08,3.1700000762939453,3.1700000762939453,3.0799999237060547,3.0899999141693115,450200,0.0,0.0
2026-07-09,3.0999999046325684,3.140000104904175,3.0999999046325684,3.109999895095825,331500,0.0,0.0
2026-07-10,3.130000114440918,3.2200000286102295,3.130000114440918,3.2200000286102295,435400,0.0,0.0
2026-07-13,3.2300000190734863,3.2300000190734863,3.1500000953674316,3.180000066757202,346600,0.0,0.0
2026-07-14,3.180000066757202,3.200000047683716,3.109999895095825,3.1700000762939453,211400,0.0,0.0
2026-07-15,3.1600000858306885,3.1600000858306885,2.9800000190734863,3.0,1169000,0.0,0.0
2026-07-16,2.990000009536743,3.059999942779541,2.990000009536743,3.0399999618530273,334400,0.0,0.0
2026-07-17,3.0399999618530273,3.0399999618530273,2.990000009536743,2.990000009536743,325700,0.0,0.0
2026-07-20,3.009999990463257,3.009999990463257,2.930000066757202,2.990000009536743,462200,0.0,0.0
2026-07-21,2.990000009536743,2.990000009536743,2.9100000858306885,2.930000066757202,492200,0.0,0.0
2026-07-22,2.930000066757202,2.9700000286102295,2.9100000858306885,2.940000057220459,494400,0.0,0.0
2026-07-23,2.930000066757202,2.940000057220459,2.880000114440918,2.9100000858306885,431200,0.0,0.0
2026-07-24,2.9200000762939453,2.930000066757202,2.880000114440918,2.9000000953674316,344700,0.0,0.0
2026-07-27,2.9000000953674316,2.940000057220459,2.880000114440918,2.890000104904175,306600,0.0,0.0
2026-07-28,2.9100000858306885,2.9700000286102295,2.880000114440918,2.880000114440918,427300,0.0,0.0
2026-07-29,2.9200000762939453,2.9200000762939453,2.8499999046325684,2.8499999046325684,317300,0.0,0.0
2026-07-30,2.8499999046325684,2.880000114440918,2.8499999046325684,2.869999885559082,297600,0.0,0.0
2026-07-31,2.890000104904175,2.9000000953674316,2.869999885559082,2.869999885559082,196900,0.0,0.0
2026-08-03,2.9000000953674316,2.930000066757202,2.869999885559082,2.930000066757202,399600,0.0,0.0
2026-08-04,2.930000066757202,2.940000057220459,2.890000104904175,2.890000104904175,336500,0.0,0.0
2026-08-05,2.9200000762939453,2.950000047683716,2.9000000953674316,2.9000000953674316,293600,0.0,0.0
2026-08-06,2.9100000858306885,2.9100000858306885,2.8499999046325684,2.8499999046325684,298500,0.0,0.0
2026-08-07,2.890000104904175,2.890000104904175,2.799999952316284,2.809999942779541,341300,0.0,0.0
2026-08-10,2.819999933242798,2.819999933242798,2.759999990463257,2.7799999713897705,295800,0.0,0.0
2026-08-11,2.7699999809265137,2.7799999713897705,2.700000047683716,2.700000047683716,535200,0.0,0.0
2026-08-12,2.700000047683716,2.7300000190734863,2.680000066757202,2.7100000381469727,185900,0.0,0.0
2026-08-13,2.759999990463257,2.880000114440918,2.759999990463257,2.7799999713897705,582100,0.0,0.0
2026-08-14,2.7799999713897705,2.7899999618530273,2.7200000286102295,2.759999990463257,520400,0.0,0.0
2026-08-17,2.740000009536743,2.8399999141693115,2.740000009536743,2.759999990463257,653200,0.0,0.0
2026-08-18,2.759999990463257,2.809999942779541,2.75,2.809999942779541,391400,0.0,0.0
2026-08-19,2.799999952316284,2.819999933242798,2.740000009536743,2.759999990463257,505100,0.0,0.0
2026-08-20,2.7699999809265137,2.7799999713897705,2.7100000381469727,2.740000009536743,596100,0.0,0.0
2026-08-21,2.740000009536743,2.7899999618530273,2.7200000286102295,2.7799999713897705,752000,0.0,0.0
2026-08-24,2.7799999713897705,2.8299999237060547,2.740000009536743,2.819999933242798,315000,0.0,0.0
2026-08-25,2.7799999713897705,2.940000057220459,2.7799999713897705,2.940000057220459,321100,0.0,0.0
2026-08-26,2.950000047683716,2.950000047683716,2.8499999046325684,2.859999895095825,605200,0.0,0.0
2026-08-27,2.8499999046325684,2.880000114440918,2.819999933242798,2.8499999046325684,221500,0.0,0.0
2026-08-28,2.880000114440918,2.880000114440918,2.8299999237060547,2.869999885559082,353900,0.0,0.0
2026-08-31,2.869999885559082,2.890000104904175,2.7899999618530273,2.809999942779541,464000,0.0,0.0
2026-09-01,2.809999942779541,2.9000000953674316,2.809999942779541,2.890000104904175,795700,0.0,0.0
2026-09-02,2.859999895095825,2.9800000190734863,2.859999895095825,2.9000000953674316,615300,0.0,0.0
2026-09-03,2.930000066757202,2.9700000286102295,2.9000000953674316,2.940000057220459,410900,0.0,0.0
2026-09-04,2.9800000190734863,2.9800000190734863,2.890000104904175,2.9100000858306885,550700,0.0,0.0
2026-09-08,2.940000057220459,2.9600000381469727,2.9200000762939453,2.9200000762939453,497200,0.0,0.0
2026-09-09,2.950000047683716,3.0,2.9000000953674316,3.0,407400,0.0,0.0
2026-09-10,2.9700000286102295,3.0199999809265137,2.950000047683716,3.009999990463257,755800,0.0,0.0
2026-09-11,3.0,3.009999990463257,2.950000047683716,2.950000047683716,288300,0.0,0.0
2026-09-14,2.940000057220459,2.950000047683716,2.890000104904175,2.9100000858306885,390300,0.0,0.0
2026-09-15,2.890000104904175,2.940000057220459,2.890000104904175,2.940000057220459,438900,0.0,0.0
2026-09-16,2.930000066757202,2.9600000381469727,2.9000000953674316,2.950000047683716,463500,0.0,0.0
2026-09-17,2.9800000190734863,2.9800000190734863,2.890000104904175,2.9100000858306885,324700,0.0,0.0
2026-09-18,2.930000066757202,2.930000066757202,2.890000104904175,2.930000066757202,141100,0.0,0.0
2026-09-21,2.950000047683716,2.9700000286102295,2.930000066757202,2.9700000286102295,338900,0.0,0.0
2026-09-22,2.9700000286102295,2.990000009536743,2.930000066757202,2.990000009536743,354400,0.0,0.0
2026-09-23,3.0,3.0,2.930000066757202,2.950000047683716,258400,0.0,0.0
2026-09-24,2.940000057220459,2.950000047683716,2.9000000953674316,2.9100000858306885,556800,0.0,0.0
2026-09-25,2.9100000858306885,2.9600000381469727,2.9000000953674316,2.950000047683716,257500,0.0,0.0
