Date,Open,High,Low,Close,Volume,Dividends,Stock splits
2020-09-18,11.782214524854092,11.840833051888747,11.514246853632768,11.58961296081543,9516400,0.0,0.0
2020-09-21,11.355139967159733,11.42213187740556,11.179286003112793,11.179286003112793,9811000,0.0,0.0
2020-09-22,11.17091327621343,11.589613169333234,11.14579150623611,11.397010803222656,5729100,0.0,0.0
2020-09-23,11.355139630133639,11.706846749182114,11.338391253766,11.422131538391113,5888500,0.0,0.0
2020-09-24,11.464000653325277,11.76546503307453,11.39700874640467,11.547740936279297,6399400,0.0,0.0
2020-09-25,11.505872832162424,11.639856669728333,11.346767224704575,11.48912525177002,6107800,0.0,0.0
2020-09-28,11.58961192915052,11.664978029624365,10.961562156677246,10.961562156677246,17523700,0.0,0.0
2020-09-29,11.01180423539007,11.053674374407308,10.601478629955396,10.618227005004883,9781500,0.0,0.0
2020-09-30,10.693594029858044,10.794081893115566,10.567983601831232,10.609853744506836,6677300,0.0,0.0
2020-10-01,10.718717599580112,10.819205479745987,10.4507491205311,10.727091789245605,9032000,0.0,0.0
2020-10-02,10.688665299076447,10.875589721512027,10.493244938121416,10.561217308044434,6863800,0.184774,0.0
2020-10-05,10.603697657191987,10.96055294472195,10.374291149662398,10.705657005310059,11794800,0.0,0.0
2020-10-06,10.81611121883794,10.943559995758251,10.535725044025423,10.578207969665527,6437400,0.0,0.0
2020-10-07,10.620690598826373,10.629187345776089,10.229849152377788,10.289324760437012,9521800,0.0,0.0
2020-10-08,10.306318043996248,10.850097683264215,10.289324550443638,10.782124519348145,11991000,0.0,0.0
2020-10-09,10.697161094079373,10.935064367597315,10.552719618298429,10.722650527954102,7129800,0.0,0.0
2020-10-13,10.663173905119173,10.935063334891039,10.493243011511758,10.773629188537598,8504700,0.0,0.0
2020-10-14,10.782124870706424,11.249435424804688,10.765132186894443,11.249435424804688,19630000,0.0,0.0
2020-10-15,11.096496633384959,11.351392530559679,10.994537302161916,11.257930755615234,9029200,0.0,0.0
2020-10-16,11.232443291114038,11.334401829862653,11.088001825313222,11.206953048706055,5812300,0.0,0.0
2020-10-19,11.223944919543973,11.41936522129463,10.90957260131836,10.90957260131836,6413200,0.0,0.0
2020-10-20,11.045516046192407,11.21544690022883,11.011529875385124,11.062509536743164,5758700,0.0,0.0
2020-10-21,11.071006867436578,11.147475963966917,10.824606895446777,10.824606895446777,5496200,0.0,0.0
2020-10-22,10.824606895446777,10.93506216706901,10.680165448732653,10.824606895446777,13356300,0.0,0.0
2020-10-23,10.790620986767907,10.81611041614256,10.459255974014367,10.510234832763672,9010900,0.0,0.0
2020-10-26,10.467752193910473,10.569710724466102,10.306318056437652,10.425270080566406,5723800,0.0,0.0
2020-10-27,10.45076063320287,10.45076063320287,10.008939476375767,10.1108980178833,32990600,0.0,0.0
2020-10-28,9.957960925408793,9.991947106985158,9.669077976862448,9.796525955200195,8916200,0.0,0.0
2020-10-29,9.788029355275206,9.805022039766433,9.541628542649773,9.711560249328613,7739800,0.0,0.0
2020-10-30,9.669075385209068,9.70306155767594,9.38868925978381,9.48215103149414,8980200,0.0,0.0
2020-11-03,9.686068954702664,9.77953154527966,9.405682803560358,9.516138076782227,12026500,0.0,0.0
2020-11-04,9.592607902663019,9.889987569320743,9.550124977384144,9.635090827941895,27549000,0.0,0.0
2020-11-05,9.728554280224012,10.527230819206942,9.677575409400573,10.484747886657715,46893000,0.0,0.0
2020-11-06,10.32331290502956,10.527230819206942,10.178871420538915,10.484747886657715,9786000,0.0,0.0
2020-11-09,10.841603536550519,11.164472698832132,10.47625144049338,10.561217308044434,14895000,0.0,0.0
2020-11-10,10.586705119692052,11.003036024159375,10.408277473449708,10.620691299438477,18727100,0.0,0.0
2020-11-11,10.535724177889051,10.841600569116338,10.382786792569751,10.544220924377441,14195700,0.0,0.0
2020-11-12,10.450761100438577,10.476250534381435,9.856002509906762,9.940967559814453,17507100,0.0,0.0
2020-11-13,9.991947638006673,10.085409439735079,9.813519972674607,9.983450889587402,7902600,0.0,0.0
2020-11-16,10.136388072628785,10.40827751159668,9.93247018310842,10.40827751159668,13782500,0.0,0.0
2020-11-17,10.348801159961436,10.850097884961055,10.263835311207663,10.731145858764648,19781700,0.0,0.0
2020-11-18,10.722650527954102,10.799119639872776,10.544222870242022,10.722650527954102,11702000,0.0,0.0
2020-11-19,10.77362812130277,10.884083393779502,10.620689927058931,10.790620803833008,7776200,0.0,0.0
2020-11-23,10.62918752517893,10.62918752517893,10.382787531539115,10.450759887695312,6138500,0.0,0.0
2020-11-24,10.459258772538256,11.113493036833063,10.41677583868402,10.901079177856445,20519800,0.0,0.0
2020-11-25,10.901077358245535,11.028525328240029,10.73964320889955,10.867091178894043,8294100,0.0,0.0
2020-11-26,10.782125125497156,10.95205682939899,10.680166589332707,10.773629188537598,7046700,0.0,0.0
2020-11-27,10.824607536107793,11.104993699784313,10.688662827694253,10.977545738220215,5262700,0.0,0.0
2020-11-30,10.96905062579239,11.317409195582156,10.909575009573015,11.079505920410156,14338200,0.0,0.0
2020-12-01,11.215447994405675,11.903669033263677,11.215447994405675,11.614786148071289,25967800,0.0,0.0
2020-12-02,11.665766597925792,11.89517391231898,11.62328448218876,11.767725944519043,12564700,0.0,0.0
2020-12-03,11.852690585866913,12.30300764188059,11.725242622372564,12.099090576171875,16009300,0.0,0.0
2020-12-04,12.175559528503143,12.252028629776161,11.827201009632173,11.954648971557617,5216000,0.0,0.0
2020-12-07,11.929159827143321,11.954649258080451,11.495835449740108,11.640276908874512,9348400,0.0,0.0
2020-12-08,11.682760701870992,11.98014038930913,11.419367194971974,11.674263954162598,13032900,0.0,0.0
2020-12-09,11.521326313427537,11.589298673128452,11.12198809246382,11.172966957092285,10223000,0.0,0.0
2020-12-10,11.223947118191003,11.657271537775031,10.884085304964987,11.572305679321289,13938400,0.0,0.0
2020-12-11,11.49583556337057,11.733739622116676,11.274925809241193,11.623284339904785,13165000,0.0,0.0
2020-12-14,11.64027705394501,11.767725830807828,11.410870552062988,11.410870552062988,6497900,0.0,0.0
2020-12-15,11.410871977902994,11.597795577521023,11.325906116044246,11.563809394836426,5621900,0.0,0.0
2020-12-16,11.597793438782869,11.742234891129721,11.342897520800761,11.682759284973145,9235800,0.0,0.0
2020-12-17,11.759228432216911,11.997131668103243,11.48733901977539,11.48733901977539,9038000,0.0,0.0
2020-12-18,11.512829824140537,11.597794870525348,11.232443631511183,11.300415992736816,12687400,0.0,0.0
2020-12-21,11.113491743655807,11.461850302194971,10.90957465723695,11.215450286865234,7745500,0.0,0.0
2020-12-22,11.223947034706304,11.410871435737493,11.147477924725615,11.215450286865234,5158400,0.0,0.0
2020-12-23,11.249434999703197,11.50433172960589,11.21544882306913,11.419365882873535,4801100,0.0,0.0
2020-12-28,11.504330799616636,11.580799893435257,11.368386104069888,11.436358451843262,3620300,0.0,0.0
2020-12-29,11.521327056666957,11.759230330967275,11.470347378455354,11.69975471496582,5241600,0.0,0.0
2020-12-30,11.699753385174265,11.818704603657206,11.368387540198066,11.444856643676758,6109000,0.0,0.0
2021-01-04,11.589298548415279,11.648774159939949,11.181463584304074,11.27492618560791,8016400,0.0,0.0
2021-01-05,11.172967251613636,11.23244367564058,10.960553419375398,11.08800220489502,7169000,0.0,0.0
2021-01-06,10.986043480386039,11.020029660568511,10.680167048449325,10.765132904052734,11890200,0.0,0.0
2021-01-07,10.773628783141536,10.884084062403689,10.561214971551486,10.731145858764648,12132000,0.0,0.0
2021-01-08,10.841602645238158,11.274927075593745,10.7736302809033,11.079505920410156,10807400,0.0,0.0
2021-01-11,10.986042022705078,11.215448505924405,10.960551783229553,10.986042022705078,8243700,0.0,0.0
2021-01-12,11.07950490725704,11.223946370833945,10.918070759297548,11.130484580993652,8355100,0.0,0.0
2021-01-13,11.130485598808548,11.21545064907987,10.952057939855925,11.079505920410156,6340300,0.0,0.0
2021-01-14,11.138981706131707,11.750733804748965,11.138981706131707,11.563809394836426,9953200,0.0,0.0
2021-01-15,11.40237401347045,11.419366697853038,11.096498401934053,11.130484580993652,6915400,0.0,0.0
2021-01-18,11.249436064329426,11.495836070818859,11.096498660149587,11.172966957092285,9233300,0.0,0.0
2021-01-19,11.26642800323204,11.30891092475079,10.960551616532499,11.054014205932617,14760100,0.0,0.0
2021-01-20,11.096497733925077,11.147476594298338,10.88408392501628,10.960552215576172,5211400,0.0,0.0
2021-01-21,10.98604425891004,11.079506058461382,10.671671867370605,10.671671867370605,11136400,0.0,0.0
2021-01-22,10.586704658517325,10.722649371581046,10.501738807705298,10.62918758392334,11000400,0.0,0.0
2021-01-26,10.595203037702206,10.756637206758478,10.323312759399414,10.323312759399414,11316600,0.0,0.0
2021-01-27,10.314815681720647,10.765132765934396,10.280829501974223,10.620691299438477,14221900,0.0,0.0
2021-01-28,10.620690382070201,10.85859361974615,10.578207458483046,10.782124519348145,15853100,0.0,0.0
2021-01-29,10.663172056898793,10.705654975510795,10.221350999804809,10.297820091247559,15203000,0.0,0.0
2021-02-01,10.450759567212918,10.569710781691311,10.280828682033517,10.374290466308594,13186800,0.0,0.0
2021-02-02,10.586703846525047,10.782124153991953,10.535724177889051,10.544220924377441,12881200,0.0,0.0
2021-02-03,10.595201120538059,10.850097855820406,10.569710879803754,10.714152336120605,11121400,0.0,0.0
2021-02-04,10.75663510946336,10.807614779922318,10.450759517592735,10.569710731506348,7446700,0.0,0.0
2021-02-05,10.569710724466102,10.646179824956418,10.425270080566406,10.425270080566406,5382700,0.0,0.0
2021-02-08,10.442263286138823,10.518732390453915,10.263835646168411,10.36579418182373,7196200,0.0,0.0
2021-02-09,10.357298013447487,10.391284193898635,10.25533947209404,10.34030532836914,7880800,0.0,0.0
2021-02-10,10.348800417517062,10.391282528551807,10.153379303521051,10.2383451461792,10924600,0.0,0.0
2021-02-11,10.323312879874983,10.561216977453142,10.272334009175763,10.467754364013672,10942500,0.0,0.0
2021-02-12,10.43376793244268,10.64618177933448,10.323312634823603,10.586706161499023,11189100,0.0,0.0
2021-02-17,10.64618032657193,10.697159999398938,10.493242928679729,10.578207969665527,14994000,0.0,0.0
2021-02-18,10.544221351487995,10.578207528523876,10.297821365404268,10.374290466308594,9533200,0.0,0.0
2021-02-19,10.365794761133888,10.433767122036187,10.246843534702096,10.34030532836914,5256900,0.0,0.0
2021-02-22,10.068414179186187,10.068414179186187,9.558620748482713,9.618096351623535,33952100,0.0,0.0
2021-02-23,9.694565552626777,9.856000491898353,9.584110281097365,9.813517570495605,10192700,0.0,0.0
2021-02-24,9.86449709899189,10.187366189204408,9.830510921616593,9.898483276367188,13937800,0.0,0.0
2021-02-25,9.898482158180325,10.017434170703586,9.652082197470515,9.754040718078613,10133300,0.0,0.0
2021-02-26,9.788029685816339,9.88998822709012,9.533132927484662,9.558622360229492,19692800,0.0,0.0
2021-03-01,9.592608768115712,9.686070563925911,9.278236389160156,9.278236389160156,8929400,0.0,0.0
2021-03-02,9.15078755679772,9.35470462512052,8.759946104031817,9.24424934387207,17453500,0.0,0.0
2021-03-03,9.142291854022254,9.609602463363064,8.99785037822065,9.371698379516602,14031200,0.0,0.0
2021-03-04,9.48215251088681,9.94946306293616,9.431173649379982,9.881490707397461,16069800,0.0,0.0
2021-03-05,9.762537946410292,10.085407016102945,9.66907616714176,9.97495174407959,12774000,0.0,0.0
2021-03-08,9.660582053055187,9.898485344385671,9.465161694893071,9.49065113067627,13305400,0.0,0.0
2021-03-09,9.465159878776147,9.652083452379928,9.414180206696862,9.456663131713867,16072800,0.0,0.0
2021-03-10,9.524635993561718,10.025932752743037,9.482153066288067,9.856001853942871,17735000,0.0,0.0
2021-03-11,9.906981519270987,10.918071866879183,9.906981519270987,10.654678344726562,24836600,0.0,0.0
2021-03-12,10.56971193530962,10.748139586795853,10.467753393073837,10.697160720825195,10846100,0.0,0.0
2021-03-15,10.64617919921875,10.858592994631781,10.637683263225915,10.64617919921875,10620700,0.0,0.0
2021-03-16,10.629187881577199,10.654677313416837,10.272332594644553,10.314815521240234,7631800,0.0,0.0
2021-03-17,10.289324681184947,10.688662871507402,10.2043596432254,10.552718162536621,10872400,0.0,0.0
2021-03-18,10.382787991512517,10.637684743537772,10.348801811928778,10.44226360321045,9164600,0.0,0.0
2021-03-19,10.433766760819248,10.765132616466909,10.35729765487791,10.705657005310059,15362900,0.0,0.0
2021-03-22,10.586703931181981,10.81611041614256,10.501738086207338,10.510234832763672,8282200,0.0,0.0
2021-03-23,10.51023454621435,10.535723974894065,10.229848399854518,10.2383451461792,6802200,0.0,0.0
2021-03-24,10.57820785291458,10.901076949803718,10.442263140602186,10.450759887695312,30072600,0.0,0.0
2021-03-25,10.450760388611984,10.450760388611984,10.12789127624737,10.229849815368652,12613700,0.0,0.0
2021-03-26,10.246842440460494,10.297821300546047,10.068414809572308,10.195862770080566,12631100,0.0,0.0
2021-03-29,10.076911371119879,10.4337666550317,10.076911371119879,10.348801612854004,6967000,0.0,0.0
2021-03-30,10.280830637744021,10.578209540804425,10.280830637744021,10.323312759399414,8514000,0.0,0.0
2021-03-31,10.323310816112084,11.003035168474158,10.297821385858139,10.977545738220215,36083700,0.0,0.0
2021-04-01,10.95205772181151,11.028526022444943,10.76513331846488,10.969050407409668,9038500,0.0,0.0
2021-04-05,11.045518155656353,11.215449042146036,11.003035231460336,11.155973434448242,6872400,0.0,0.0
2021-04-06,11.181464105795426,11.317408830074662,11.037022633675118,11.215450286865234,5564900,0.0,0.0
2021-04-07,11.385380761120912,11.487340110764249,10.93506367642302,11.0115327835083,22144200,0.0,0.0
2021-04-08,11.172966024484968,11.172966024484968,10.824607507521641,10.960552215576172,13331100,0.0,0.0
2021-04-09,10.814963364607237,10.934748825761522,10.72940162151653,10.780738830566406,13097500,0.089842,0.0
2021-04-12,10.84918789398596,10.857743415509548,10.506941737747454,10.737957954406738,12872700,0.0,0.0
2021-04-13,10.72940262386769,10.72940262386769,10.60106081321907,10.669509887695312,6192000,0.0,0.0
2021-04-14,10.678064370025407,10.806406984151357,10.54972257187671,10.643839836120605,12931200,0.0,0.0
2021-04-15,10.643839883851419,10.746514302003508,10.47271721356003,10.575390815734863,14365000,0.0,0.0
2021-04-16,10.524053623983804,10.626727218366915,10.464160081944094,10.498385429382324,7359900,0.0,0.0
2021-04-19,10.50694267008592,10.729402568984442,10.447049934219905,10.695178031921387,11440900,0.0,0.0
2021-04-20,10.660952592026048,10.720845322819994,10.455605387037727,10.626728057861328,7368100,0.0,0.0
2021-04-22,10.686621774470513,10.874857137729363,10.506942749536458,10.549723625183105,8481400,0.0,0.0
2021-04-23,10.643839076108836,10.66950808668751,10.387155498139656,10.498385429382324,8838600,0.0,0.0
2021-04-26,10.583947258485933,10.669509002471045,10.438492783297603,10.524054527282715,6052000,0.0,0.0
2021-04-27,10.51549733620913,10.532610010008124,10.25025660416509,10.310150146484375,11163300,0.0,0.0
2021-04-28,10.327264631843478,10.575392753219074,10.284484568415975,10.541168212890625,17368200,0.0,0.0
2021-04-29,10.506943692715849,10.686622733779195,10.48127549141463,10.635286331176758,10284700,0.0,0.0
2021-04-30,10.558280129811813,10.618172867074092,10.301595687866211,10.301595687866211,15186900,0.0,0.0
2021-05-03,10.780739647914581,11.105872337963984,10.626728825065786,10.823519706726074,31436600,0.0,0.0
2021-05-04,10.823519045265453,10.832075382895773,10.3529318992796,10.412824630737305,17905600,0.0,0.0
2021-05-05,10.481273618402426,10.541166349394858,10.335819143726006,10.429936408996582,13726700,0.0,0.0
2021-05-06,10.429936437376245,10.849188003395838,10.361487368633714,10.438492774963379,40648700,0.0,0.0
2021-05-07,11.354002744444005,11.713360018474647,11.157211020878908,11.508012771606445,34206600,0.0,0.0
2021-05-10,11.396780117189598,11.499453716374154,11.234213789141695,11.345443725585938,8024600,0.0,0.0
2021-05-11,11.29410835895623,11.516568268105907,11.174322881704377,11.45667552947998,7853300,0.0,0.0
2021-05-12,11.276996643124525,11.302664843441477,11.020312192022864,11.199991226196289,10571900,0.0,0.0
2021-05-13,11.251326540279456,11.482342768754718,11.251326540279456,11.371112823486328,5267500,0.0,0.0
2021-05-14,11.508010943332598,11.610684550454978,11.31977558895292,11.448118209838867,4952000,0.0,0.0
2021-05-17,11.405337313465528,11.533679118118238,11.371112777826319,11.525123596191406,7288700,0.0,0.0
2021-05-18,11.482342672243666,11.713358082799907,11.41389360126572,11.593572616577148,16634900,0.0,0.0
2021-05-19,11.525123397344602,11.850256888296096,11.4994543840751,11.798919677734375,14433200,0.0,0.0
2021-05-20,11.82458797885626,11.867368852037133,11.627797104592444,11.704802513122559,9739500,0.0,0.0
2021-05-21,11.636352516629055,11.78180698428521,11.559347114225535,11.670577049255371,17018600,0.0,0.0
2021-05-24,11.73902783957998,12.012824140825396,11.593573350549018,11.867369651794434,9499400,0.0,0.0
2021-05-25,11.918704928673217,12.029934861966137,11.798918658363025,11.901592254638672,6817500,0.0,0.0
2021-05-26,11.952930390146824,12.132609401594173,11.850256785887948,11.893036842346191,10722400,0.0,0.0
2021-05-27,11.927261328119519,12.038491269604183,11.841700399577118,11.961485862731934,20888600,0.0,0.0
2021-05-28,11.952931376145036,11.987155913721178,11.78180868826432,11.858813285827637,8801000,0.0,0.0
2021-05-31,11.816032324975662,11.875925057173303,11.593572439702601,11.790363311767578,5787100,0.0,0.0
2021-06-01,11.81603128202323,12.02993481067988,11.77325041309646,11.927260398864746,15336400,0.0,0.0
2021-06-02,11.875924982958349,11.99571126258234,11.773251378699474,11.893036842346191,7558700,0.0,0.0
2021-06-04,11.867368741034717,11.875925078786317,11.516567052991924,11.713357925415039,11278300,0.0,0.0
2021-06-07,11.713357790381236,12.141164881302027,11.713357790381236,12.04704761505127,8547100,0.0,0.0
2021-06-08,12.012825069212093,12.106942351044532,11.884483247079004,11.987156867980957,4865700,0.0,0.0
2021-06-09,11.96148700991324,12.021380563212082,11.756139782544672,11.807476997375488,5425900,0.0,0.0
2021-06-10,11.833143190454907,11.995710329874255,11.781806800305688,11.901592254638672,5622300,0.0,0.0
2021-06-11,11.867366888236116,11.918704090753389,11.559346121063939,11.696244239807129,5633300,0.0,0.0
2021-06-14,11.79036329755993,11.978598647639329,11.730470565434462,11.952930450439453,5454100,0.0,0.0
2021-06-15,11.91870591551386,11.995711323090763,11.824587832485522,11.952930450439453,7061400,0.0,0.0
2021-06-16,11.987155010239807,12.064160417976504,11.790363322026325,11.918705940246582,12593400,0.0,0.0
2021-06-17,11.918706015304391,12.055604156152956,11.71335798805426,11.816032409667969,6256100,0.0,0.0
2021-06-18,11.807476969960643,11.910150583406537,11.65346614180313,11.756139755249023,9610800,0.0,0.0
2021-06-21,11.807475864964703,11.970042200379353,11.730470458092453,11.961485862731934,7435200,0.0,0.0
2021-06-22,11.816031451765072,11.867367842432898,11.4481171160777,11.61068344116211,6584200,0.0,0.0
2021-06-23,11.636354446411133,11.798920799351967,11.559349031236975,11.636354446411133,5750900,0.0,0.0
2021-06-24,11.764696176537624,11.858813452198078,11.64490988535194,11.739027976989746,5644800,0.0,0.0
2021-06-25,11.68768900936668,11.75613807521543,11.242770081349803,11.41389274597168,6777300,0.0,0.0
2021-06-28,11.336887269578485,11.550790802966759,11.319774595238355,11.473785400390625,5864900,0.0,0.0
2021-06-29,11.473786402513547,11.533679135980595,11.285551048217728,11.362556457519531,4486400,0.0,0.0
2021-06-30,11.781809916741475,12.12405532818848,11.302665524738241,11.508012771606445,20591400,0.0,0.0
2021-07-01,11.550792638705518,11.764696206088953,11.465230885361203,11.576460838317871,9870000,0.0,0.0
2021-07-02,11.61924086255738,11.704802609624554,11.422449986671094,11.482342720031738,6629200,0.0,0.0
2021-07-05,11.379668113943062,11.70480158188169,11.362555439641293,11.670577049255371,4760000,0.0,0.0
2021-07-06,11.610684602520084,11.696246350161063,11.36255651353401,11.379669189453125,6287300,0.0,0.0
2021-07-07,11.508010816980898,11.653465296134915,11.422449886640308,11.619240760803223,8156600,0.0,0.0
2021-07-08,11.405338399258781,11.49945567723229,11.225659366053089,11.354001998901367,10445600,0.0,0.0
2021-07-12,11.396781754369005,11.679134396681581,11.396781754369005,11.644909858703613,7606600,0.0,0.0
2021-07-13,11.525124439093165,11.636354392049833,11.448119024278752,11.576460838317871,7107600,0.0,0.0
2021-07-14,11.687689710281392,11.841700525665773,11.567904245851118,11.833144187927246,12748600,0.0,0.0
2021-07-15,11.82458978296848,12.055606043805652,11.721916161255542,11.841702461242676,10072700,0.0,0.0
2021-07-16,11.858811334972795,12.05560300564506,11.850255813969206,11.927260398864746,8055000,0.0,0.0
2021-07-19,11.721913257161988,11.970041318822435,11.636352334920886,11.901592254638672,9006000,0.0,0.0
2021-07-20,11.807476914986246,12.183946829201718,11.747583362105322,11.910150527954102,19799700,0.0,0.0
2021-07-21,11.927261511942616,11.987155060420372,11.76469517402249,11.85025691986084,5599200,0.0,0.0
2021-07-22,11.841700607082753,11.978598747931317,11.781807874455827,11.816032409667969,7326000,0.0,0.0
2021-07-23,11.875925132692178,11.910149667876645,11.602128851216438,11.687689781188965,5320900,0.0,0.0
2021-07-26,11.72191333092622,11.790362395540724,11.559347006461076,11.679132461547852,6461600,0.0,0.0
2021-07-27,11.670578986152746,11.687690847317247,11.47378727890814,11.550792694091797,7125700,0.0,0.0
2021-07-28,11.636353439451838,11.704802510132838,11.525123495600893,11.66202163696289,5942800,0.0,0.0
2021-07-29,11.66202361474631,11.68769181661048,11.431007350036513,11.508012771606445,5326500,0.0,0.0
2021-07-30,11.413892873593655,11.448117406900705,11.054534865881019,11.122983932495117,8416800,0.0,0.0
2021-08-02,11.234215765278018,11.53368027824881,11.199991226196289,11.199991226196289,14256000,0.0,0.0
2021-08-03,11.199990193066967,11.276995602891933,10.909081229718115,11.259882926940918,10924400,0.0,0.0
2021-08-04,11.25988310614096,11.25988310614096,10.823519654172996,10.891968727111816,6999400,0.0,0.0
2021-08-05,10.943306104126703,11.097316928540296,10.772183419210116,10.814964294433594,9583300,0.0,0.0
2021-08-06,10.832075223639025,10.840631561143548,10.558278951312369,10.780738830566406,9879400,0.0,0.0
2021-08-09,10.695177902353139,11.07164780548595,10.695177902353139,10.951862335205078,12225400,0.0,0.0
2021-08-10,10.968975396024826,11.020312614604672,10.635286331176758,10.635286331176758,8827000,0.0,0.0
2021-08-11,10.626728101805536,10.70373350798891,10.50694182374504,10.515498161315918,8549700,0.0,0.0
2021-08-12,10.506941959787449,10.515498297469113,10.181808471679688,10.181808471679688,12367100,0.0,0.0
2021-08-13,10.147583989727432,10.412824747398123,10.002129512291452,10.156140327453613,10563800,0.0,0.0
2021-08-16,10.13047120793458,10.216032129474764,9.967904069846986,10.164695739746094,10045700,0.0,0.0
2021-08-17,10.096247591824792,10.173252999379176,9.831006834246052,10.113359451293945,15817000,0.0,0.0
2021-08-18,10.13047120052735,10.284482001555153,9.967904062558622,10.121914863586426,11971500,0.0,0.0
2021-08-19,10.070578378130765,10.643839076108836,9.950792110028539,10.498385429382324,13621300,0.0,0.0
2021-08-20,10.40426804446141,11.063091338660398,10.241701713256747,10.874855995178223,18546500,0.0,0.0
2021-08-23,10.91763701730265,10.934748876413702,10.429936384990086,10.464160919189453,8748700,0.0,0.0
2021-08-24,10.583948003458454,10.891968834726445,10.41282531942068,10.7978515625,8237700,0.0,0.0
2021-08-25,10.746515138872871,10.832076072692871,10.566836117080355,10.832076072692871,6912900,0.0,0.0
2021-08-26,10.909080664118138,10.977529732418738,10.558278985083248,10.58394718170166,8463700,0.0,0.0
2021-08-27,10.583946994875244,10.891967796790802,10.56683513609078,10.857743263244629,8504000,0.0,0.0
2021-08-30,10.857743310247548,10.857743310247548,10.583947040692905,10.789294242858887,8466900,0.0,0.0
2021-08-31,10.823519979787568,10.823519979787568,10.438493728929254,10.481274604797363,9158400,0.0,0.0
2021-09-01,10.506941852094787,10.62672813047849,10.301594645703236,10.524054527282715,20861300,0.0,0.0
2021-09-02,10.489831082357494,10.506942943345393,10.121916687378114,10.26737117767334,11446900,0.0,0.0
2021-09-03,10.327263971316238,10.327263971316238,10.062024004729754,10.198922157287598,12491400,0.0,0.0
2021-09-06,10.1903647605353,10.39571196804769,10.130472029005169,10.25025749206543,3176900,0.0,0.0
2021-09-08,10.19892230053387,10.284484055072934,9.890901452952496,9.985018730163574,12662500,0.0,0.0
2021-09-09,9.97646136726001,10.156140380563032,9.71122142417958,10.130472183227539,16688300,0.0,0.0
2021-09-10,10.190364883843875,10.301594826586676,9.985017673846679,10.079134941101074,12371500,0.0,0.0
2021-09-13,10.275926709161352,10.275926709161352,9.96790507579537,10.019242286682129,11259700,0.0,0.0
2021-09-14,10.062023190971377,10.121915923877317,9.976461444553788,10.070579528808594,6973100,0.0,0.0
2021-09-15,10.036355250955838,10.113360667772767,9.617104443816304,9.719778060913086,12059200,0.0,0.0
2021-09-16,9.66844068910729,9.831007029185534,9.617103477727307,9.796782493591309,12509400,0.0,0.0
2021-09-17,9.805337826089174,9.865230553243613,9.711220566849738,9.822449684143066,17129200,0.0,0.0
2021-09-20,9.711221534741336,9.813895141229528,9.711221534741336,9.788226127624512,12510300,0.0,0.0
2021-09-21,9.80534061389745,9.99357600187173,9.754003393185394,9.933682441711426,42989800,0.0,0.0
2021-09-22,10.04491041618613,10.284482977400657,9.899455938297768,10.207477569580078,11632900,0.0,0.0
2021-09-23,10.198921161735637,10.472717440125122,10.190364824041646,10.35293197631836,16890000,0.0,0.0
2021-09-24,10.233144746343292,10.361486535926964,10.10480295675962,10.310150146484375,9077400,0.0,0.0
2021-09-27,10.327263887267566,10.404269301448982,10.164697536422516,10.301595687866211,9848600,0.0,0.0
2021-09-28,10.224587563243427,10.284481100605843,9.993572197916514,10.062021255493164,8807300,0.0,0.0
2021-09-29,10.113359535810178,10.370043957810784,10.062023140996425,10.139028549194336,25970200,0.0,0.0
2021-09-30,10.130474131967665,10.23314775703765,9.985019625790828,10.010687828063965,20509700,0.0,0.0
2021-10-01,9.976461263183397,10.224589344110733,9.908012193684634,10.181808471679688,14726400,0.0,0.0
2021-10-04,10.070579571140607,10.070579571140607,9.659884328978013,9.873787879943848,12691200,0.0,0.0
2021-10-05,9.925126048476267,10.027799664925382,9.779671554512344,9.916569709777832,16034600,0.0,0.0
2021-10-06,9.831005970644277,10.190363963678859,9.719776037945268,10.17325210571289,11500500,0.0,0.0
2021-10-07,10.198921253440377,10.293038520988711,10.130472183227539,10.130472183227539,7947100,0.0,0.0
2021-10-08,10.267371890263048,10.746516270838715,10.241703689011063,10.541168212890625,12245800,0.0,0.0
2021-10-11,10.541167396779462,10.635285487379,10.43849378374325,10.455606460571289,12562000,0.0,0.0
2021-10-13,10.438493570732584,10.866300690975537,10.438493570732584,10.772183418273926,11588500,0.0,0.0
2021-10-14,10.789294347457298,10.909080624537363,10.635284352328364,10.737957954406738,6845100,0.0,0.0
2021-10-15,10.737958720988129,10.98608681438568,10.669509648049308,10.891968727111816,18295000,0.0,0.0
2021-10-18,10.695177954349141,11.054535998893458,10.695177954349141,10.883413314819336,9921900,0.0,0.0
2021-10-19,10.755069951108318,10.797850823182932,10.301594665462847,10.447049140930176,16511800,0.0,0.0
2021-10-20,10.498386310633556,10.746514388548638,10.404268229232388,10.601059913635254,15591200,0.0,0.0
2021-10-21,10.352932986903848,10.566836554269818,10.113360403950269,10.198922157287598,16813100,0.0,0.0
2021-10-22,9.933681545104314,10.079136038686169,9.360419909452858,9.865232467651367,28702000,0.0,0.0
2021-10-25,9.985017652816367,10.275926607688325,9.88234404803402,10.156140327453613,13500300,0.0,0.0
2021-10-26,10.010687076892783,10.207478788826686,9.745447102692477,9.77111530303955,11430800,0.0,0.0
2021-10-27,9.80533870654877,10.139028536323696,9.771114171390622,9.967905044555664,23979000,0.0,0.0
2021-10-28,10.036354245476897,10.130472330369546,9.74544610083562,9.839563369750977,10425400,0.0,0.0
2021-10-29,9.87378702215438,10.250256880118261,9.745445229115543,9.779669761657715,23702900,0.0,0.0
2021-11-01,9.976460662912716,10.036353391126148,9.497317205250813,9.50587272644043,20885500,0.0,0.0
2021-11-03,9.420311663880463,9.95079232074871,9.403198989798966,9.831006050109863,15842400,0.0,0.0
2021-11-04,9.771113322779046,9.933679646667212,9.676996063262445,9.831006050109863,7170600,0.0,0.0
2021-11-05,9.908011428612735,10.241701228635467,9.89945509159177,10.02779769897461,8668800,0.0,0.0
2021-11-08,9.94223796931609,10.019243386107496,9.762558935461932,9.805339813232422,7679900,0.0,0.0
2021-11-09,9.839563294306277,10.12191591486471,9.822450618647082,9.94223690032959,9230700,0.0,0.0
2021-11-10,9.925125096728696,10.173253183348049,9.908012420972808,9.959349632263184,5401000,0.0,0.0
2021-11-11,10.104803013070244,10.335818398803664,10.062022144311552,10.164695739746094,6675800,0.0,0.0
2021-11-12,10.301596857397575,10.37860228032135,9.959351439933512,10.104805946350098,8649600,0.0,0.0
2021-11-16,10.147583936930305,10.284482891905105,10.019242135614443,10.181808471679688,20830700,0.0,0.0
2021-11-17,10.258814014411278,10.33581942260919,10.01068593020539,10.139028549194336,24176000,0.0,0.0
2021-11-18,10.181810348164303,10.48983203365371,10.130473944567685,10.216034889221191,7487900,0.0,0.0
2021-11-19,10.241702923233895,10.472718349183424,10.216033907923789,10.293039321899414,9116600,0.0,0.0
2021-11-22,10.310151325485997,10.421381269967402,9.908012420972808,9.959349632263184,9508800,0.0,0.0
2021-11-23,10.044909550684142,10.044909550684142,9.522985232393657,9.822449684143066,117425700,0.0,0.0
2021-11-24,9.7540015727222,10.087691405127893,9.591435233433655,9.908012390136719,9522100,0.0,0.0
2021-11-25,9.925124917246869,10.224589393763914,9.899455904077222,10.113359451293945,4830500,0.0,0.0
2021-11-26,9.84812143288972,10.096249563477903,9.762559670903132,10.002131462097168,6222000,0.0,0.0
2021-11-29,10.139027715320145,10.14758323643394,9.813894249656624,9.848118782043457,18717700,0.0,0.0
2021-11-30,9.813896630162214,10.532612800598145,9.685553990597274,10.532612800598145,26223800,0.0,0.0
2021-12-01,10.744522893030965,10.865054699844956,10.038552875684438,10.072990417480469,15679800,0.076139,0.0
2021-12-02,10.210738496257608,10.425973293724674,10.124645069904137,10.391535758972168,8632500,0.0,0.0
2021-12-03,10.417365317262528,11.020022631744634,10.400146138050292,10.813397407531738,10180900,0.0,0.0
2021-12-06,11.209428593807413,11.674335721321441,11.088896812209112,11.149162292480469,18430800,0.0,0.0
2021-12-07,11.25247651380225,11.295523643493652,10.822006858999645,11.295523643493652,14082600,0.0,0.0
2021-12-08,11.235256768255676,11.27830389263555,10.830615112773827,10.942537307739258,17805300,0.0,0.0
2021-12-09,10.856443772197926,10.8994908994058,10.486240448743807,10.598162651062012,10608900,0.0,0.0
2021-12-10,10.865053296553887,10.951147550452223,10.684256020211906,10.761740684509277,7252800,0.0,0.0
2021-12-13,10.770349183696856,10.847833840149514,10.572332748200557,10.58955192565918,6927300,0.0,0.0
2021-12-14,10.761739485049658,10.847833729352281,10.572332640217226,10.692864418029785,11119100,0.0,0.0
2021-12-15,10.692865616213055,10.899490840425951,10.589553004106607,10.813397407531738,9344600,0.0,0.0
2021-12-16,10.91670959237207,10.933927949854747,10.658427661686948,10.735912322998047,7649600,0.0,0.0
2021-12-17,10.615381360098723,10.675646847547831,10.443193666632924,10.46041202545166,10879300,0.0,0.0
2021-12-20,10.623988622686527,10.623988622686527,10.021331417049788,10.271003723144531,10037800,0.0,0.0
2021-12-21,10.245176041179468,10.460410838860176,10.124645079953853,10.443192481994629,7648800,0.0,0.0
2021-12-22,10.434582821547792,10.451801999350966,10.176300901889286,10.331270217895508,6471100,0.0,0.0
2021-12-23,10.417366153567384,10.417366153567384,10.219349682008213,10.262396812438965,4233500,0.0,0.0
2021-12-27,10.296832795375796,10.425973346082323,10.141863477683486,10.227957725524902,4737000,0.0,0.0
2021-12-28,10.202129167558489,10.271004233277496,10.038550270684183,10.141862869262695,3762300,0.0,0.0
2021-12-29,10.17630141793419,10.17630141793419,9.926629074516274,9.978285789489746,4772300,0.0,0.0
2021-12-30,10.064379219704692,10.064379219704692,9.84914441258388,9.978285789489746,13641900,0.0,0.0
2022-01-03,10.047160422775471,10.26239522048522,9.745831377559586,9.849143981933594,10991500,0.0,0.0
2022-01-04,9.849143931741661,10.064378728354558,9.763050505729858,9.840535163879395,9099100,0.0,0.0
2022-01-05,9.814706684370034,9.961066416034718,9.67695654187518,9.694175720214844,10856500,0.0,0.0
2022-01-06,9.6855671529626,9.771661411633437,9.418675607927566,9.478941917419434,7523600,0.0,0.0
2022-01-07,9.496159274586782,9.814706684370034,9.349799542922097,9.694175720214844,11105300,0.0,0.0
2022-01-10,9.642518681487152,9.642518681487152,9.435893474704102,9.461721420288086,9692100,0.0,0.0
2022-01-11,9.444503659102724,9.521988321796023,9.323971870351409,9.496159553527832,7087300,0.0,0.0
2022-01-12,9.470331050967424,9.89219105527536,9.453111873131709,9.840535163879395,21990600,0.0,0.0
2022-01-13,9.780269266330423,9.93523858902807,9.72000378352828,9.814706802368164,5848300,0.0,0.0
2022-01-14,9.763050859221655,9.87497305603941,9.685566198266624,9.806097984313965,5184200,0.0,0.0
2022-01-17,9.79748892297373,9.840536050385422,9.651129182407379,9.676957130432129,5123500,0.0,0.0
2022-01-18,9.642519064573579,9.81470674373361,9.573643992909567,9.754441261291504,7411400,0.0,0.0
2022-01-19,9.840535878985326,9.986895617002418,9.676956961881212,9.771660804748535,14986600,0.0,0.0
2022-01-20,9.840534173253216,10.331269197391553,9.797487054052983,10.271003723144531,13367800,0.0,0.0
2022-01-21,10.1676917979787,10.546504665516476,10.124644675949153,10.417364120483398,11785700,0.0,0.0
2022-01-24,10.451803381410187,10.486240920514682,10.193521427598633,10.357099533081055,8491100,0.0,0.0
2022-01-25,10.245177203355489,10.503459154082032,10.202130895780805,10.46041202545166,6566300,0.0,0.0
2022-01-26,10.5465043336039,10.796176648251077,10.460410092254307,10.675644874572754,11253600,0.0,0.0
2022-01-27,10.753131038854702,11.04585051531638,10.69286555407341,10.976975440979004,13618400,0.0,0.0
2022-01-28,10.847834521236175,11.002803022815693,10.761740270648735,10.959755897521973,7253400,0.0,0.0
2022-01-31,10.925317739004571,11.329959380021208,10.847833903157433,11.192209243774414,7792300,0.0,0.0
2022-02-01,11.226647485190638,11.338569683206904,10.951147195338676,11.071678161621094,10916300,0.0,0.0
2022-02-02,11.06306969442855,11.218038201159823,10.968365851422918,10.976975440979004,5910200,0.0,0.0
2022-02-03,10.97697447602208,11.166381324327435,10.865052284798715,10.925317764282227,6957500,0.0,0.0
2022-02-04,10.890880030448029,10.93392715259934,10.520676750480103,10.692864418029785,7581800,0.0,0.0
2022-02-07,10.675646185238321,10.718693311198079,10.529286449608524,10.64120864868164,3522300,0.0,0.0
2022-02-08,10.65842688451985,10.856442496938092,10.503457573197354,10.692864418029785,4928700,0.0,0.0
2022-02-09,10.804787220626897,10.865052702426878,10.710083382306228,10.778959274291992,4650100,0.0,0.0
2022-02-10,10.778959081317668,10.813396616166214,10.623989763971412,10.718692779541016,4065100,0.0,0.0
2022-02-11,10.761742000176499,10.942539298621694,10.69286691705983,10.727304458618164,7291500,0.0,0.0
2022-02-14,10.74452037041487,10.822005026527908,10.632599001646671,10.753129959106445,5932800,0.0,0.0
2022-02-15,10.813395284692753,11.020020468341887,10.78756652094499,10.968363761901855,5129100,0.0,0.0
2022-02-16,10.968364258838495,11.131943152430177,10.890879606195648,11.106114387512207,7356400,0.0,0.0
2022-02-17,11.071677220485205,11.252474475595987,10.916708731144217,11.123333930969238,15219700,0.0,0.0
2022-02-18,11.218036520967956,11.25247405297873,11.097505569458008,11.097505569458008,5883800,0.0,0.0
2022-02-21,11.080287988199347,11.149163062137124,10.865053176879883,10.865053176879883,2814200,0.0,0.0
2022-02-22,11.020023168170853,11.157773324351439,10.93392891003014,11.063070297241211,6940600,0.0,0.0
2022-02-23,10.976974833401009,11.123334563530804,10.890880584716797,10.890880584716797,5415800,0.0,0.0
2022-02-24,10.598161224529521,10.71008259072724,10.417363971436636,10.68425464630127,12914400,0.0,0.0
2022-02-25,10.658425433046565,10.658425433046565,10.012721151876136,10.124643325805664,16983900,0.0,0.0
2022-03-02,10.167692101714358,10.279613472856779,9.978285251759608,10.00411319732666,6539300,0.0,0.0
2022-03-03,10.055770691838948,10.141864124112246,9.900801364269102,10.047161102294922,5887000,0.0,0.0
2022-03-04,10.03855077181605,10.098816252064791,9.69417542602954,9.788878440856934,6724700,0.0,0.0
2022-03-07,9.720003952185001,9.728613541607732,9.444503659102724,9.496159553527832,7321900,0.0,0.0
2022-03-08,9.55642599306461,10.098816997447772,9.496159687312087,10.047161102294922,17441700,0.0,0.0
2022-03-09,10.081598080849556,10.68425535759532,10.064378902715527,10.61538028717041,13863800,0.0,0.0
2022-03-10,10.469021207758926,10.60677135716802,10.38292777490607,10.48624038696289,6287300,0.0,0.0
2022-03-11,10.5551149062641,10.641208334586775,10.219348318955516,10.236567497253418,11916000,0.0,0.0
2022-03-14,10.339879660415754,10.460410619109272,10.029941032791104,10.107425689697266,5497400,0.0,0.0
2022-03-15,10.064378215064925,10.219347523460467,9.961065616486414,10.141862869262695,5813300,0.0,0.0
2022-03-16,10.176301494638649,10.64981823808472,10.133255189734525,10.64120864868164,13447900,0.0,0.0
2022-03-17,10.66703708315712,11.088897098041851,10.589552423064903,11.002802848815918,10443300,0.0,0.0
2022-03-18,11.020023168170853,11.131945375331503,10.899491370984993,11.063070297241211,13524000,0.0,0.0
2022-03-21,10.976974498481603,11.166381347174495,10.899489841241076,11.028631210327148,3330000,0.0,0.0
2022-03-22,11.140552703568678,11.243866128398986,11.071677634385532,11.149162292480469,5943600,0.0,0.0
2022-03-23,11.114726128438464,11.329960951440157,11.045851050762378,11.278305053710938,5061900,0.0,0.0
2022-03-24,11.588242301340832,12.147852483655875,11.407445026568093,12.122024536132812,20041500,0.0,0.0
2022-03-25,12.053150820126257,12.397526229421853,12.053150820126257,12.19951057434082,14978300,0.0,0.0
2022-03-28,12.165071002538227,12.268383608079594,11.967054559458907,12.027320861816406,8131900,0.0,0.0
2022-03-29,12.225336224925519,12.242555402678871,11.863741702660974,11.90678882598877,10015300,0.0,0.0
2022-03-30,11.906787961224126,11.958444669676881,11.691553181272777,11.751818656921387,9886700,0.0,0.0
2022-03-31,11.794866561889648,11.898179164613497,11.708773136814234,11.794866561889648,7450100,0.0,0.0
2022-04-01,11.92400844014573,12.259774208068848,11.92400844014573,12.259774208068848,12285700,0.0,0.0
2022-04-04,12.302822427072181,12.302822427072181,11.872352781868738,11.880962371826172,8940700,0.0,0.0
2022-04-05,11.872349837403657,12.0100999583364,11.743209304293083,11.769037246704102,4438000,0.0,0.0
2022-04-06,11.700164373159675,11.73460190982971,11.476319974276622,11.622679710388184,11579300,0.0,0.0
2022-04-07,11.519367107768245,11.76903945405009,11.355788192688902,11.674336433410645,10938500,0.0,0.0
2022-04-08,11.631289948753984,11.88957189871717,11.622680358842219,11.71738338470459,8024400,0.0,0.0
2022-04-11,11.56241422647953,11.863742467078435,11.553804637048113,11.622679710388184,7249200,0.0,0.0
2022-04-12,11.769038727557179,11.932616811483344,11.579631876914577,11.691554069519043,6014900,0.0,0.0
2022-04-13,11.657117661637027,11.855134120323806,11.614070534004627,11.648508071899414,7290000,0.0,0.0
2022-04-14,11.622679710388184,11.674336425921057,11.50214792151524,11.622679710388184,5605300,0.0,0.0
2022-04-18,11.596850173674174,11.94122549317412,11.545193465221418,11.751818656921387,9868600,0.0,0.0
2022-04-19,11.665725844475674,11.898178991967475,11.605459544636226,11.837913513183594,7455500,0.0,0.0
2022-04-20,11.801035879680223,12.21693185046593,11.792371190926099,11.913674354553223,7486400,0.087438,0.0
2022-04-22,11.757714530343419,11.757714530343419,11.480451070788941,11.558431625366211,11407100,0.0,0.0
2022-04-25,11.411135352643544,11.688398815763534,11.220516308593401,11.653740882873535,10279100,0.0,0.0
2022-04-26,11.515109107020805,11.783708705617855,11.471786484497372,11.58442497253418,22299500,0.0,0.0
2022-04-27,11.645075950627174,11.723056504583719,11.281168076013769,11.4197998046875,17475000,0.0,0.0
2022-04-28,11.393803936133196,11.471784477772413,11.237843679164913,11.333152770996094,4316700,0.0,0.0
2022-04-29,11.419798279116753,11.489114134193713,10.752632141113281,10.752632141113281,16466400,0.0,0.0
2022-05-02,10.769961753360084,10.891264089240122,10.423381644092366,10.553349494934082,12226000,0.0,0.0
2022-05-03,10.553349946379894,10.631330494958696,10.336737678687763,10.518692016601562,8339900,0.0,0.0
2022-05-04,10.484034814114016,10.899930000305176,10.354066948696566,10.899930000305176,17754800,0.0,0.0
2022-05-05,10.691981665493222,10.691981665493222,10.388724160200148,10.518692016601562,8951400,0.0,0.0
2022-05-06,10.501361442133382,10.501361442133382,10.258755961325187,10.380058288574219,9405300,0.0,0.0
2022-05-09,10.198104461308727,10.371394084741352,10.154781848873045,10.18943977355957,5445200,0.0,0.0
2022-05-10,10.224099753656219,10.5013632068883,10.189441822002209,10.39738941192627,14686400,0.0,0.0
2022-05-11,10.48403330009617,10.709309413595385,10.39738806899713,10.61400032043457,21085400,0.0,0.0
2022-05-12,10.588007583582838,10.752632538903324,10.527355588414068,10.648658752441406,6399400,0.0,0.0
2022-05-13,10.717975107912942,10.986574688481506,10.622666005806801,10.795955657958984,12364700,0.0,0.0
2022-05-16,10.83061323971154,11.021232264097325,10.752632692175984,10.969244956970215,5485300,0.0,0.0
2022-05-17,11.064554641988199,11.48044978473068,11.064554641988199,11.393804550170898,7775900,0.0,0.0
2022-05-18,11.35048288824628,11.42846260866441,11.099212696738427,11.281167030334473,12307200,0.0,0.0
2022-05-19,11.367812224216788,11.367812224216788,11.099213462846425,11.211851119995117,12195900,0.0,0.0
2022-05-20,11.359147021060306,11.419799017909096,11.177192683134386,11.289831161499023,10554800,0.0,0.0
2022-05-23,11.411135068819519,11.497780312044577,11.307161272735616,11.350483894348145,6630700,0.0,0.0
2022-05-24,11.229180479289633,11.445792756416123,11.1685293061135,11.437128067016602,13743500,0.0,0.0
2022-05-25,11.34181896255264,11.445792756416123,11.289831652465766,11.437128067016602,6501900,0.0,0.0
2022-05-26,11.445791187240188,11.46311973735329,11.341817407631128,11.37647533416748,7276100,0.0,0.0
2022-05-27,11.393804550170898,11.471785096012663,11.341818070483187,11.393804550170898,5810400,0.0,0.0
2022-05-30,11.463119165100265,11.463119165100265,11.21184900367788,11.272500991821289,3633100,0.0,0.0
2022-05-31,11.315826098256043,11.558431625366211,11.272503476123083,11.558431625366211,12486400,0.0,0.0
2022-06-01,11.705726272385654,11.74904888795883,11.367810862487069,11.428462028503418,6787900,0.0,0.0
2022-06-02,11.558431774003614,11.757714681543533,11.445793285533544,11.653740882873535,5044500,0.0,0.0
2022-06-03,11.6017528384919,11.627746078090738,11.480449676513672,11.480449676513672,4851500,0.0,0.0
2022-06-06,11.523772402010572,11.54110095313641,11.350482759201205,11.393804550170898,8359900,0.0,0.0
2022-06-07,11.35914540196898,11.4457906272256,11.281165690810154,11.385139465332031,6383300,0.0,0.0
2022-06-08,11.324489603454072,11.515108639023865,11.142535257298878,11.211851119995117,10191800,0.0,0.0
2022-06-09,11.220514025960133,11.56709411066427,11.151198174281332,11.463119506835938,9523700,0.0,0.0
2022-06-10,11.341819263383854,11.4371283703758,11.19452284492612,11.307161331176758,7658500,0.0,0.0
2022-06-13,11.194520923962573,11.263836776482268,10.70064526818221,10.743967056274414,5496500,0.0,0.0
2022-06-14,10.752633337450307,10.804620647697218,10.579343680477711,10.66598892211914,5285100,0.0,0.0
2022-06-15,10.769961573034532,10.960579762314484,10.691981029097198,10.821948051452637,7944000,0.0,0.0
2022-06-17,10.596671390970478,10.839277717764011,10.596671390970478,10.804619789123535,11084300,0.0,0.0
2022-06-20,10.830612628628081,10.917257860181172,10.657322991832064,10.683316230773926,4679900,0.0,0.0
2022-06-21,10.674653085614887,10.865272126803806,10.657324532585141,10.856607437133789,6022000,0.0,0.0
2022-06-22,10.70064550712275,11.003902162090464,10.639993515081079,10.882599830627441,8859700,0.0,0.0
2022-06-23,10.934587768985642,11.073219495643102,10.856607216163251,10.917259216308594,4947900,0.0,0.0
2022-06-24,11.021231651306152,11.142533984007857,10.830612637518971,11.021231651306152,4451900,0.0,0.0
2022-06-27,11.047223505666741,11.315823028988794,11.012565582622935,11.168526649475098,7265400,0.0,0.0
2022-06-28,11.246507986692935,11.428462315623431,11.073218346356793,11.185856819152832,11621300,0.0,0.0
2022-06-29,11.324488072188219,11.34181744867418,11.073217897312839,11.10787582397461,6870900,0.0,0.0
2022-06-30,10.899930059173583,11.003903856282916,10.735305086994712,10.856607437133789,13554900,0.0,0.0
2022-07-01,10.787291374982228,10.87393661747617,10.562014405546195,10.69198226928711,7676700,0.0,0.0
2022-07-04,10.691983411067245,10.700648101503981,10.48403579844771,10.562015533447266,5523200,0.0,0.0
2022-07-05,10.406053649225377,10.484034198635845,10.27608579143785,10.432046890258789,6726500,0.0,0.0
2022-07-06,10.562013517234707,10.830613085327313,10.48403379712092,10.648658752441406,11460600,0.0,0.0
2022-07-07,10.769963264465332,11.003904106707742,10.75263388473092,10.769963264465332,13838200,0.0,0.0
2022-07-08,10.795955454828217,10.81328400656227,10.466704708778952,10.518692016601562,7782500,0.0,0.0
2022-07-11,10.388723155562198,10.527354861269194,10.336736679077148,10.336736679077148,5551300,0.0,0.0
2022-07-12,10.388723876587752,10.440711182991109,10.26742153883026,10.423381805419922,4937600,0.0,0.0
2022-07-13,10.258757350761687,10.501362864428145,10.258757350761687,10.345401763916016,5245300,0.0,0.0
2022-07-14,10.154783497466946,10.527356041755425,10.146118808311106,10.501362800598145,6662700,0.0,0.0
2022-07-15,10.527356105743419,10.622666034416495,10.310743833392236,10.345401763916016,17874000,0.0,0.0
2022-07-18,10.406053252409428,10.743967851888721,10.397388563625292,10.536020278930664,7583000,0.0,0.0
2022-07-19,10.588007989079726,10.588007989079726,10.397388960110828,10.432046890258789,5111900,0.0,0.0
2022-07-20,10.397388457647622,10.631330094573588,10.3454011517829,10.510026931762695,5603300,0.0,0.0
2022-07-21,10.39738806899713,10.639993559240217,10.388723380625192,10.61400032043457,4341400,0.0,0.0
2022-07-22,10.605336690639872,10.761297791661422,10.55335020783952,10.639994621276855,3358700,0.0,0.0
2022-07-25,10.683316338737352,10.795954810370606,10.665987788037715,10.709309577941895,2454800,0.0,0.0
2022-07-26,10.769960673134623,10.82194714720892,10.700644823495486,10.778624534606934,2970300,0.0,0.0
2022-07-27,10.882600440670828,10.986574227600492,10.709309969477848,10.943251609802246,5670600,0.0,0.0
2022-07-28,10.92592091744931,11.385139454018923,10.92592091744931,11.272500991821289,8208700,0.0,0.0
2022-07-29,11.315825682448063,11.367812166049102,11.194522510195204,11.255173683166504,9170900,0.0,0.0
2022-08-01,11.29849529194887,11.411133764744909,11.099212412139853,11.185856819152832,7509900,0.0,0.0
2022-08-02,11.133871657720357,11.471786289785008,11.003903792356022,11.4197998046875,10609000,0.0,0.0
2022-08-03,11.419800590272235,11.688399376477323,11.385142655719633,11.645076751708984,13950800,0.0,0.0
2022-08-04,11.70572579553396,12.043640365356884,11.70572579553396,11.956995964050293,7659100,0.0,0.0
2022-08-05,11.956996521313263,12.104292919340446,11.835693362258473,11.948331832885742,4818900,0.0,0.0
2022-08-08,12.08696255256632,12.364226775367946,12.000318154317767,12.216930389404297,8220100,0.0,0.0
2022-08-09,12.234260455700563,12.381556859930438,11.9569970248256,11.982990264892578,6763200,0.0,0.0
2022-08-10,12.260253692032178,12.45087271385574,12.095628736577877,12.208267211914062,6282000,0.0,0.0
2022-08-11,12.2775824449206,12.28624713326949,11.809700016112702,11.922338485717773,9175900,0.0,0.0
2022-08-12,12.173609204614642,12.780123368715365,12.034977490112786,12.72813606262207,10934900,0.0,0.0
2022-08-15,12.589503793178126,12.632826408627857,12.303575688044134,12.624161720275879,10463500,0.0,0.0
2022-08-16,12.563512207731337,12.598170139389909,12.190938822668985,12.390222549438477,9491600,0.0,0.0
2022-08-17,12.225595867432467,12.346899032592773,12.008983603702768,12.346899032592773,10834200,0.0,0.0
2022-08-18,12.390220745433165,12.442207222196703,12.026312102847802,12.30357551574707,6648300,0.0,0.0
2022-08-19,12.251589485292557,12.277582724621226,12.043641091732676,12.156279563903809,10512200,0.0,0.0
2022-08-22,12.043641040954894,12.364227905334268,12.03497717875532,12.312240600585938,10368700,0.0,0.0
2022-08-23,12.346899606742355,12.346899606742355,12.00898416213877,12.112957954406738,8591500,0.0,0.0
2022-08-24,11.93966830062679,12.164945263695847,11.91367505913736,12.112957954406738,4048600,0.0,0.0
2022-08-25,12.208269077211712,12.338236123674827,12.13895320892334,12.13895320892334,3203200,0.0,0.0
2022-08-26,12.190938914896465,12.234261536374994,11.931004838645842,12.008984565734863,5732800,0.0,0.0
2022-08-29,12.008982721024884,12.242924345286804,11.948331556057784,12.190937042236328,4782100,0.0,0.0
2022-08-30,12.199601906360021,12.303575687649944,11.974324967076772,12.034976959228516,4555900,0.0,0.0
2022-08-31,12.156279397285235,12.164944085712756,11.88768066651343,11.948331832885742,12087200,0.0,0.0
2022-09-01,11.948331832885742,12.190937324685152,11.731719580058726,11.948331832885742,6586500,0.0,0.0
2022-09-02,12.008984449955927,12.234261418424156,11.931004723618711,12.095629692077637,8020300,0.0,0.0
2022-09-05,12.095628944210766,12.381557068699234,12.052306325828527,12.372892379760742,2417600,0.0,0.0
2022-09-06,12.346898414091688,12.355563102521282,11.965661212601473,12.060970306396484,7163500,0.0,0.0
2022-09-08,12.147617651091771,12.268920004965354,11.965663293971085,12.225597381591797,5463400,0.0,0.0
2022-09-09,12.303577067193553,12.615499272347892,12.251590583874666,12.476866722106934,6847500,0.0,0.0
2022-09-12,12.502860527593256,12.502860527593256,12.268918878638843,12.35556411743164,10649900,0.0,0.0
2022-09-13,12.346899180639515,12.346899180639515,11.766378240778312,11.783707618713379,9681100,0.0,0.0
2022-09-14,11.757713103060738,12.052305906231547,11.610416701475332,11.93100357055664,8110300,0.0,0.0
2022-09-15,11.896344359798837,11.965661039925099,11.645074183137911,11.740384101867676,12397000,0.0,0.0
2022-09-16,11.69706148665507,11.766377340471177,11.445791309994144,11.740384101867676,28761200,0.0,0.0
2022-09-19,11.627745641549875,12.02631221444615,11.627745641549875,11.96566104888916,3815000,0.0,0.0
2022-09-20,11.965661715492688,12.121621982229188,11.766378004787434,11.870351791381836,5733100,0.0,0.0
2022-09-21,11.818366050720215,11.956997774853665,11.714392257620128,11.818366050720215,5521100,0.0,0.0
2022-09-22,11.982990920649339,12.173609952962407,11.705727474601423,12.112957954406738,6402200,0.0,0.0
2022-09-23,11.879014858226059,12.000318005845344,11.757711710606774,11.853021621704102,10555300,0.0,0.0
2022-09-26,11.74904918531905,11.80970035287044,11.419798455464027,11.523772239685059,8262900,0.0,0.0
2022-09-27,11.63641154108146,11.679733334525679,11.055890584778304,11.090548515319824,28891200,0.0,0.0
2022-09-28,11.107877239465903,11.203187169663856,10.960580825805664,10.960580825805664,16125900,0.0,0.0
2022-09-29,10.847942568881482,10.908593738332636,10.717974714801594,10.787290573120117,25711800,0.0,0.0
2022-09-30,10.605337220875331,10.960581234243122,10.605337220875331,10.856607437133789,12583200,0.0,0.0
2022-10-03,11.168529203072127,11.532437891392012,11.029896652889585,11.411134719848633,47463800,0.0,0.0
2022-10-04,11.549765067561149,11.558429755848328,11.125205257211196,11.177191734313965,13209200,0.0,0.0
2022-10-05,11.107877067435464,11.194522306944387,10.97791003448232,11.090548515319824,7691300,0.0,0.0
2022-10-06,11.116541359785181,11.220515147697855,11.055890190080342,11.081883430480957,9186200,0.0,0.0
2022-10-07,11.012568486476185,11.125206972647195,10.88260144736902,10.899930000305176,7960300,0.0,0.0
2022-10-10,11.012568486476185,11.055891108282001,10.76129827157479,10.899930000305176,9484900,0.0,0.0
2022-10-11,10.804619845289384,10.943251560571941,10.596671446055346,10.648658752441406,15208200,0.0,0.0
2022-10-13,10.588008146157518,10.674652559657709,10.440711734265921,10.527356147766113,9237900,0.0,0.0
2022-10-14,10.53602017277815,10.579342789952145,10.258756744960893,10.284749984741211,7106300,0.0,0.0
2022-10-17,10.354066285406725,10.639994414173932,10.319408355444343,10.475369453430176,8080900,0.0,0.0
2022-10-18,10.631330645953119,10.726639747619629,10.484034235725634,10.726639747619629,12071600,0.0,0.0
2022-10-19,10.70064650649426,10.7699623670354,10.579343337392144,10.726639747619629,10821000,0.0,0.0
2022-10-20,10.787290812114328,10.821948742041442,10.527355924505864,10.70064640045166,10146600,0.0,0.0
2022-10-21,10.691980543093935,11.090547106860019,10.614000002701202,11.012566566467285,15619900,0.0,0.0
2022-10-24,11.090547106860019,11.142533582915082,10.90859278804702,11.012566566467285,6871200,0.0,0.0
2022-10-25,10.925922234419195,11.073218639177577,10.830613136291504,10.830613136291504,8782000,0.0,0.0
2022-10-26,10.74396872846637,10.87393659190161,10.39738941192627,10.39738941192627,7317100,0.0,0.0
2022-10-27,10.466704905714717,10.925922690495561,10.414718423224182,10.795955657958984,8586600,0.0,0.0
2022-10-28,10.795956721520536,11.11654281616211,10.76129878767578,11.11654281616211,15608900,0.0,0.0
2022-10-31,11.038561303192765,11.307160886978634,10.795955787273762,11.229180335998535,10511400,0.0,0.0
2022-11-01,11.255171725981677,11.480448652573008,11.090546788125005,11.298494338989258,48271300,0.0,0.0
2022-11-03,11.008535708575689,11.407395526507807,10.857855201422188,11.354214668273926,11945000,0.292863,0.0
2022-11-04,11.504894110358558,11.620120428056838,11.354214451377944,11.460577011108398,10792700,0.0,0.0
2022-11-07,11.301033467335627,11.442850222658986,11.017399956688907,11.088308334350586,7679200,0.0,0.0
2022-11-08,10.981945991753395,11.176943611651277,10.848992146956235,11.106035232543945,10773200,0.0,0.0
2022-11-09,11.04398953140525,11.141488331813147,10.786946470971275,10.857854843139648,7404600,0.0,0.0
2022-11-10,10.724901629440211,10.76921872713573,9.874000336151612,9.980362892150879,21947400,0.0,0.0
2022-11-11,10.193088019290322,10.193088019290322,9.67900190854967,10.104452133178711,11305800,0.0,0.0
2022-11-14,10.219678960546013,10.361495709215333,10.006953837542033,10.19308853149414,11168700,0.0,0.0
2022-11-16,10.193089009715115,10.317179093269855,10.095590201754309,10.255133628845215,19323000,0.0,0.0
2022-11-17,10.12218007617768,10.255133065667861,9.918317867625642,10.21967887878418,21751400,0.0,0.0
2022-11-18,10.255134085635842,10.458996314463864,9.998090993840215,10.04240894317627,14299800,0.0,0.0
2022-11-21,10.237406476776927,10.308314851111588,9.998090079426575,10.19308853149414,11277900,0.0,0.0
2022-11-22,10.18422424649253,10.299450560148683,9.909454521484701,9.980362892150879,8783300,0.0,0.0
2022-11-23,9.909456003512073,9.936046435165059,9.732184205039953,9.865138053894043,12152100,0.0,0.0
2022-11-24,9.936045929368863,10.432405418293284,9.936045929368863,10.255133628845215,10524600,0.0,0.0
2022-11-25,10.237406044045022,10.388086544460581,10.03354384247919,10.077861785888672,11232900,0.0,0.0
2022-11-28,10.086725453649068,10.405813121820827,10.060135025958369,10.308314323425293,12019400,0.0,0.0
2022-11-29,10.299451298022875,10.538767700137194,10.175361217819761,10.414677619934082,9533000,0.0,0.0
2022-11-30,10.396950994742605,10.467860221862793,10.157635417404855,10.467860221862793,17999400,0.0,0.0
2022-12-01,10.27286074656149,10.370359550732136,10.15763442601736,10.166498184204102,6101800,0.0,0.0
2022-12-02,10.246270907770448,10.476722716844737,10.16649877008165,10.352633476257324,11045900,0.0,0.0
2022-12-05,10.272860142338715,10.290586812375057,9.732182758871756,9.776500701904297,9250700,0.0,0.0
2022-12-06,9.820818819647814,10.201951953095717,9.758774205475166,10.175360679626465,8815700,0.0,0.0
2022-12-07,10.139906909643875,10.334905363279672,10.095589809299176,10.166498184204102,5712300,0.0,0.0
2022-12-08,10.122180401541302,10.122180401541302,9.81195562236647,9.882863998413086,8817700,0.0,0.0
2022-12-09,9.944910474075742,9.944910474075742,9.554913520812988,9.554913520812988,6466400,0.0,0.0
2022-12-12,9.528320907350405,9.608093031589283,9.262414108318954,9.386504173278809,16050700,0.0,0.0
2022-12-13,9.43968681495182,9.590367334784009,9.08514491257877,9.111735343933105,15160400,0.0,0.0
2022-12-14,9.182641445324215,9.34218568444133,8.934462175259876,9.173778533935547,23976100,0.0,0.0
2022-12-15,9.049691361223564,9.34218866265444,9.00537340897457,9.120599746704102,8748100,0.0,0.0
2022-12-16,9.102870812888701,9.164915423455861,8.881281951955222,8.978780746459961,19033300,0.0,0.0
2022-12-19,8.978780687958634,9.457412590644644,8.89900856329523,9.333322525024414,13861100,0.0,0.0
2022-12-20,9.324461926860923,9.616959226344713,9.25355269655778,9.448551177978516,5390500,0.0,0.0
2022-12-21,9.475139832634936,9.475139832634936,9.209233861408455,9.36877727508545,12677300,0.0,0.0
2022-12-22,9.368777893664237,9.60809429792243,9.368777893664237,9.581503868103027,5343900,0.0,0.0
2022-12-23,9.634683606903923,10.060134660992704,9.599229422837727,9.838545799255371,5844600,0.0,0.0
2022-12-26,9.705592532862374,9.741046718966288,9.421959044031052,9.546049118041992,2759900,0.0,0.0
2022-12-27,9.572640220649523,9.599230650777027,9.289005866542851,9.351051330566406,4858500,0.0,0.0
2022-12-28,9.395368759615765,9.643548066142689,9.386505001630468,9.59036636352539,8399200,0.0,0.0
2022-12-29,9.634684308157391,9.8385465153468,9.572639692849283,9.59036636352539,9549400,0.0,0.0
2023-01-02,9.457415000383971,9.457415000383971,9.05855512073229,9.120599746704102,4527400,0.0,0.0
2023-01-03,9.058552377117124,9.24468704395153,8.907871892284778,8.916735649108887,5901000,0.0,0.0
2023-01-04,8.987644345867471,9.138324836278542,8.89900846493352,9.031961441040039,10068700,0.0,0.0
2023-01-05,9.085143268102502,9.244687517939004,8.978780716642973,9.156051635742188,9546000,0.0,0.0
2023-01-06,9.19150655890757,9.413095436929337,9.182642800916023,9.262414932250977,6921500,0.0,0.0
2023-01-09,9.2358242762842,9.404231447506797,9.164915904685795,9.244688034057617,7035700,0.0,0.0
2023-01-10,9.209233400121486,9.705591977156672,9.164915458705453,9.634683609008789,13032400,0.0,0.0
2023-01-11,9.62582057970141,10.07786209480448,9.61695766698341,10.068998336791992,14899600,0.0,0.0
2023-01-12,10.04240773253214,10.485585481877052,9.96263560240294,10.326041221618652,45235500,0.0,0.0
2023-01-13,10.263996567268363,10.441267497257687,10.148770251451683,10.175360679626465,24623900,0.0,0.0
2023-01-16,10.068998205104464,10.255132894459923,9.749910528478454,9.820818901062012,13677400,0.0,0.0
2023-01-17,9.838546760252415,10.02468145610458,9.838546760252415,9.96263599395752,8221500,0.0,0.0
2023-01-18,10.07786170546301,10.370358946219088,10.015817092361555,10.104452133178711,22172200,0.0,0.0
2023-01-19,9.980364088090619,10.68058496629693,9.953772811933547,10.627403259277344,15505200,0.0,0.0
2023-01-20,10.627402696921767,10.831264910199039,10.574221838010835,10.591948509216309,25484000,0.0,0.0
2023-01-23,10.769219189221964,10.911036781933893,10.538767397315873,10.547630310058594,14307200,0.0,0.0
2023-01-24,10.59194855929959,10.707174881210797,10.228542922276672,10.414677619934082,9328000,0.0,0.0
2023-01-25,10.388087444690587,10.742629332102059,10.334905738931598,10.583085060119629,7563900,0.0,0.0
2023-01-26,10.618538195980243,10.698310324061659,10.405813084626105,10.48558521270752,6405600,0.0,0.0
2023-01-27,10.467858676069145,10.485585346260544,10.352632361294424,10.405813217163086,5794700,0.0,0.0
2023-01-30,10.396949071781952,10.529902897085508,10.352631975308533,10.441267013549805,5955700,0.0,0.0
2023-01-31,10.467858056152087,10.538766423307349,10.290586292969518,10.423540115356445,10252600,0.0,0.0
2023-02-01,10.388087246699635,10.476722294215904,10.255133407483456,10.361495971679688,9160200,0.0,0.0
2023-02-02,10.29058840276478,10.547631497725652,10.246271298177577,10.317179679870605,9682000,0.0,0.0
2023-02-03,10.272861432854551,10.30831562267558,9.927182448128587,9.971500396728516,10582600,0.0,0.0
2023-02-06,9.944908496650037,10.148769846683443,9.891726797127074,10.086725234985352,11352400,0.0,0.0
2023-02-07,10.068997932836375,10.201951761806301,9.953771619180221,9.980362892150879,8306800,0.0,0.0
2023-02-08,10.051273035823526,10.09559098663102,9.856274559447314,10.060136795043945,7024600,0.0,0.0
2023-02-09,10.05127145182159,10.06899812217424,9.811955062352279,9.84740924835205,5193800,0.0,0.0
2023-02-10,9.820818607884965,10.006953291683818,9.723319809816786,9.953771591186523,7831500,0.0,0.0
2023-02-13,10.015818345328443,10.113317156012636,9.847410309707628,9.971500396728516,7913000,0.0,0.0
2023-02-14,10.015819064416108,10.104454122684974,9.741048439604995,9.803093910217285,18245300,0.0,0.0
2023-02-15,9.829682270105408,9.918317309681296,9.546048790991456,9.85627269744873,13467800,0.0,0.0
2023-02-16,9.581503354916123,9.900591031542133,9.413095336059316,9.820818901062012,12675700,0.0,0.0
2023-02-17,9.838546635655657,9.92718168070903,9.599230238893107,9.714456558227539,10441400,0.0,0.0
2023-02-22,9.714456558227539,9.89172749362878,9.315596742251119,9.714456558227539,14554400,0.0,0.0
2023-02-23,9.670137614434685,9.829681862467185,9.608093004775117,9.767637252807617,7555400,0.0,0.0
2023-02-24,9.78536392186989,9.918316898367365,9.625819673837391,9.767637252807617,7439400,0.0,0.0
2023-02-27,9.749910973022306,9.971499858772814,9.68786635550641,9.732183456420898,7717200,0.0,0.0
2023-02-28,9.741045951843262,9.953771051714309,9.67900134237114,9.741045951843262,7938800,0.0,0.0
2023-03-01,9.741047042681565,9.84740960452796,9.519458160844618,9.661274909973145,7927100,0.0,0.0
2023-03-02,9.661274901678993,9.705592847067237,9.528321910808764,9.537185668945312,4035000,0.0,0.0
2023-03-03,9.590367712446456,9.634685663311943,9.466278464376622,9.554913520812988,6943700,0.0,0.0
2023-03-06,9.6258203619811,9.77650086360731,9.47513986035489,9.723320007324219,6376700,0.0,0.0
2023-03-07,9.723321127371122,9.829683697483873,9.616958557258371,9.794229507446289,6114200,0.0,0.0
2023-03-08,9.847410275389247,10.379223966145881,9.74991146504484,10.29945182800293,15831900,0.0,0.0
2023-03-09,10.246269883873909,10.71603805907126,10.246269883873909,10.379222869873047,14752200,0.0,0.0
2023-03-10,10.184224077214642,10.414676700696463,10.157633649980413,10.237405776977539,7907300,0.0,0.0
2023-03-13,10.157634792233555,10.538767955059512,10.042408467535136,10.458995819091797,9546500,0.0,0.0
2023-03-14,10.636266162463183,10.760356238664603,10.290587207877113,10.396949768066406,9138800,0.0,0.0
2023-03-15,10.272861116931972,10.565358385283906,10.113316844996541,10.458995819091797,7619200,0.0,0.0
2023-03-16,10.512176765231317,10.600812660427863,10.388087526309603,10.55649471282959,6615000,0.0,0.0
2023-03-17,10.47672321499972,10.822402212989585,10.29945225909258,10.565359115600586,25276100,0.0,0.0
2023-03-20,10.795810859061824,10.831265047215783,10.290587621249767,10.388087272644043,8860500,0.0,0.0
2023-03-21,10.379222816822926,10.56535750344703,10.31717820304638,10.432404518127441,8673800,0.0,0.0
2023-03-22,10.458995628969717,10.937627590780973,10.405813924193124,10.716038703918457,9219100,0.0,0.0
2023-03-23,10.857855684261754,10.91103739015508,10.148771062353099,10.255133628845215,10738600,0.0,0.0
2023-03-24,10.352633890072546,10.521041085584697,10.299452181056052,10.467860221862793,6496900,0.0,0.0
2023-03-27,10.538766860961914,10.636265658525732,10.467858490861966,10.538766860961914,4798100,0.0,0.0
2023-03-28,10.565358112137963,10.778083239022603,10.467859306972798,10.742629051208496,5930900,0.0,0.0
2023-03-29,10.760356359860802,10.760356359860802,10.334905269017193,10.521039962768555,18873600,0.0,0.0
2023-03-30,10.62740217132647,11.106034104325905,10.591947985374455,11.035125732421875,33726500,0.0,0.0
2023-03-31,11.017399766820105,11.345351219177246,10.955354303464494,11.345351219177246,18384600,0.0,0.0
2023-04-03,11.336487116747511,11.345350874857097,10.85785516765843,11.203534126281738,8959100,0.0,0.0
2023-04-04,11.079444826373075,11.451714240162774,11.035126878008672,11.256715774536133,15002300,0.0,0.0
2023-04-05,11.256715548155304,11.354215201655114,11.114898792476897,11.238988876342773,6615400,0.0,0.0
2023-04-06,11.27444370639199,11.407396711077332,11.21239823828352,11.371942520141602,4916600,0.0,0.0
2023-04-10,11.46057779634699,11.673302930383079,11.371941901184682,11.389669418334961,8055900,0.0,0.0
2023-04-11,11.611258397162475,11.646712586431745,11.309897365726401,11.487168312072754,14123100,0.0,0.0
2023-04-12,11.566939366788121,11.850572854399129,11.469439721450986,11.691028594970703,15102700,0.0,0.0
2023-04-13,11.735346092344571,12.107615453320875,11.735346092344571,11.983526229858398,14292300,0.0,0.0
2023-04-14,11.69103050979817,11.717621787587834,11.433987408227008,11.566941261291504,11888200,0.0,0.0
2023-04-17,11.566939273307892,11.611257216712564,11.425122530648503,11.59352970123291,5209600,0.0,0.0
2023-04-18,11.62898467264068,11.708756807100215,11.442849973999937,11.522622108459473,5709300,0.0,0.0
2023-04-19,11.389669170647215,11.531485923587228,11.194670712707435,11.469440460205078,13791100,0.0,0.0
2023-04-20,11.555259704589844,11.670812403358397,11.368597783146608,11.555259704589844,9862000,0.036548,0.0
2023-04-24,11.404152122710776,11.688589006631059,11.359708647676037,11.519704818725586,6231900,0.0,0.0
2023-04-25,11.519704634917048,11.653034210205078,11.395263076343126,11.653034210205078,12750400,0.0,0.0
2023-04-26,11.635257923098626,11.7952540997635,11.581925581647399,11.750810623168945,12209500,0.0,0.0
2023-04-27,11.750809830973028,11.884139404079297,11.653034019518927,11.839695930480957,6233100,0.0,0.0
2023-04-28,11.910803350470593,12.061910629272461,11.830806127300743,12.061910629272461,13483700,0.0,0.0
2023-05-02,12.088577830688989,12.186352784644415,11.893027075089472,12.159687042236328,11792500,0.0,0.0
2023-05-03,12.115243185303978,12.266350466927493,12.053022839113815,12.17746353149414,10033200,0.0,0.0
2023-05-04,12.213018016886952,12.284127225463898,11.973024649861918,12.00857925415039,10995700,0.0,0.0
2023-05-05,11.999692254522481,12.470791046421251,11.94635991596377,12.337461471557617,9334900,0.0,0.0
2023-05-08,12.364126379800547,12.479679065779555,12.124132991758538,12.230796813964844,14486900,0.0,0.0
2023-05-09,12.141910364887927,12.515234181620862,12.008580793635627,12.328572273254395,8353200,0.0,0.0
2023-05-10,12.26635204276218,12.35523814192592,12.150799350929447,12.221908569335938,9655100,0.0,0.0
2023-05-11,12.22190829956581,12.355237869212853,12.10635561028363,12.133021354675293,9908500,0.0,0.0
2023-05-12,12.115244654193669,12.133021534822479,11.866362391569123,11.9996919631958,8201300,0.0,0.0
2023-05-15,12.008580649055046,12.17746482712055,11.875250231719273,12.133021354675293,6944800,0.0,0.0
2023-05-16,12.141909617798497,12.319682651092803,11.759696960449219,11.759696960449219,16658400,0.0,0.0
2023-05-17,11.8485834416047,12.079688799772342,11.795251957528261,12.017468452453613,6760800,0.0,0.0
2023-05-18,12.008580250849612,12.284128245033305,11.973025643610145,12.257462501525879,8558200,0.0,0.0
2023-05-19,12.275239551955266,12.479678320384307,12.14190914639451,12.346348762512207,8765000,0.0,0.0
2023-05-22,12.346350183522345,12.515234366110736,11.99969210639196,12.195242881774902,8767300,0.0,0.0
2023-05-23,12.186353960132692,12.337461261168672,12.097467013280204,12.221908569335938,5331200,0.0,0.0
2023-05-24,12.221908133363785,12.27524046911059,12.044135093688965,12.044135093688965,7564700,0.0,0.0
2023-05-25,12.275240964781048,12.43523628310459,12.097467070239054,12.195242881774902,5554200,0.0,0.0
2023-05-26,12.27523972292292,12.284127738599839,12.01746861914165,12.159687042236328,4274900,0.0,0.0
2023-05-29,12.106356345502006,12.230797906368311,12.044135988913244,12.070801734924316,3270800,0.0,0.0
2023-05-30,12.10635465181385,12.355236891038867,12.09746578849079,12.23968505859375,8029600,0.0,0.0
2023-05-31,12.248572512046026,12.248572512046026,11.821917264385663,12.061910629272461,34638500,0.0,0.0
2023-06-01,12.044135075786945,12.35523768283329,11.964136996130003,12.319683074951172,8067300,0.0,0.0
2023-06-02,12.39079265811752,12.675230377297098,12.355238049181166,12.577454566955566,7840100,0.0,0.0
2023-06-05,12.550789833068848,12.639676786413434,12.408571385868559,12.550789833068848,4503100,0.0,0.0
2023-06-06,12.62189763434851,12.826337264927899,12.541899554890866,12.701895713806152,8459500,0.0,0.0
2023-06-07,12.781894379670138,12.799671260538117,12.310795592870544,12.497457504272461,8671200,0.0,0.0
2023-06-09,12.577454833546907,12.701896391306178,12.541900223856938,12.666341781616211,7345800,0.0,0.0
2023-06-12,12.65745224214205,12.737450321599692,12.613008770477947,12.701895713806152,10068000,0.0,0.0
2023-06-13,12.7374498165334,12.764115559399025,12.524122178231048,12.604120254516602,8977100,0.0,0.0
2023-06-14,12.604120314827524,12.71078413448909,12.36412608482249,12.52412223815918,18635300,0.0,0.0
2023-06-15,12.50634439643513,12.675229411784867,12.479678653686264,12.630785942077637,8384600,0.0,0.0
2023-06-16,12.595232468268224,12.755228634523796,12.488568639994094,12.497457504272461,8974700,0.0,0.0
2023-06-19,12.461901828981699,12.621897133864122,12.435235238427394,12.604120254516602,2636000,0.0,0.0
2023-06-20,12.621897078598456,12.7285608972826,12.577453608891227,12.630785942077637,5908700,0.0,0.0
2023-06-21,12.630787366775957,12.639676231257763,12.408570840863423,12.479680061340332,6046300,0.0,0.0
2023-06-22,12.408570909513895,12.426347790887085,12.213020128276124,12.39968204498291,5627600,0.0,0.0
2023-06-23,12.399681522273795,12.621898040048194,12.33746116855736,12.577454566955566,17187300,0.0,0.0
2023-06-26,12.613008108091844,12.790781985412265,12.346348987488556,12.4085693359375,4996700,0.0,0.0
2023-06-27,12.435237049222373,12.63078783665293,12.239687109480622,12.381905555725098,3591100,0.0,0.0
2023-06-28,12.310794550873341,12.364126036652003,12.204129883938656,12.275239944458008,5264700,0.0,0.0
2023-06-29,12.355239033175256,12.399682509807445,12.186354839199508,12.301907539367676,6898700,0.0,0.0
2023-06-30,12.301906399559867,12.55967752291674,12.301906399559867,12.488568305969238,12040900,0.0,0.0
2023-07-03,12.488568984183905,12.559678204993123,12.390793169804649,12.453014373779297,5624900,0.0,0.0
2023-07-04,12.444125166291018,12.6130093491362,12.373015947441598,12.497457504272461,3638000,0.0,0.0
2023-07-05,12.506343668403249,12.533010257288451,12.319681784649978,12.36412525177002,7596800,0.0,0.0
2023-07-06,12.310793704762963,12.310793704762963,11.990801421329067,12.061910629272461,6815600,0.0,0.0
2023-07-07,12.079690075895444,12.364126948188016,12.035246602677542,12.248574256896973,7545500,0.0,0.0
2023-07-10,12.2307976518489,12.399681836656299,12.141910703409996,12.28412914276123,2882600,0.0,0.0
2023-07-11,12.328571957168677,12.328571957168677,11.777475110332375,12.044135093688965,7517600,0.0,0.0
2023-07-12,12.061911467537344,12.301905696791609,12.026356861094714,12.168575286865234,4873300,0.0,0.0
2023-07-13,12.141908926858527,12.41745774855101,12.088577443749427,12.17746353149414,4931000,0.0,0.0
2023-07-14,12.159687845854762,12.195242453978192,11.893027861084686,11.964137077331543,6735600,0.0,0.0
2023-07-17,11.91080556348032,12.088579464057553,11.91080556348032,12.070801734924316,3139800,0.0,0.0
2023-07-18,12.097466251142295,12.097466251142295,11.830807122761799,11.981913566589355,5052300,0.0,0.0
2023-07-19,11.96413824605928,12.08857981049183,11.83969668162673,12.026358604431152,9582300,0.0,0.0
2023-07-20,12.097466024652341,12.097466024652341,11.875249523369824,11.919692993164062,5266100,0.0,0.0
2023-07-21,11.901917887687407,12.053025198895217,11.768587458433503,12.026358604431152,10586200,0.0,0.0
2023-07-24,11.946358959626043,12.053023628204675,11.795252515798486,11.981913566589355,8305900,0.0,0.0
2023-07-25,12.133020289896965,12.186352621688643,11.91080379486084,11.91080379486084,4932200,0.0,0.0
2023-07-26,11.919692709526059,11.999690783714339,11.875249240789385,11.937470436096191,4874900,0.0,0.0
2023-07-27,11.999692553233997,12.035247163928622,11.79525375366211,11.79525375366211,5456300,0.0,0.0
2023-07-28,11.821919324936347,11.928583155442855,11.821919324936347,11.875250816345215,3089800,0.0,0.0
2023-07-31,11.946359816675429,12.008581019091588,11.777475633405869,11.813030242919922,5218200,0.0,0.0
2023-08-01,11.804141770569176,11.875250991958422,11.617479852500207,11.79525375366211,11383700,0.0,0.0
2023-08-02,11.813028670756804,11.86636100177441,11.679699114745757,11.821917533874512,10069900,0.0,0.0
2023-08-03,11.875249633932647,12.035245787606058,11.839695027303964,11.866361618041992,24873000,0.0,0.0
2023-08-04,11.795254585208156,11.804142602741813,11.386376109550334,11.599703788757324,40860100,0.0,0.0
2023-08-07,11.599701937570757,11.697476896347926,11.501926131104875,11.573036193847656,11176600,0.0,0.0
2023-08-08,11.510814823004484,11.786363662990452,11.404151002016311,11.706365585327148,10242700,0.0,0.0
2023-08-09,11.688587638587194,11.893027260743667,11.55525807677678,11.590812683105469,6165200,0.0,0.0
2023-08-10,11.670811804863712,11.928582935762782,11.644146059650362,11.813030242919922,15533200,0.0,0.0
2023-08-11,11.866362368633604,11.89302811336965,11.555258905187669,11.697477340698242,9349000,0.0,0.0
2023-08-14,11.679700387143809,11.83080768585205,11.537481104832901,11.83080768585205,6813300,0.0,0.0
2023-08-15,11.795253362007275,11.946359816675429,11.759697904804465,11.813030242919922,9122500,0.0,0.0
2023-08-16,11.768585426757076,11.857472364247965,11.555257794005332,11.608590126037598,7257600,0.0,0.0
2023-08-17,11.741920561945424,11.741920561945424,11.33304214477539,11.33304214477539,12104900,0.0,0.0
2023-08-18,11.368596076965332,11.466371031546903,11.244154532116237,11.368596076965332,7361800,0.0,0.0
2023-08-21,11.377486356302683,11.386375220831399,11.164158693746147,11.270822525024414,4081300,0.0,0.0
2023-08-22,11.33304297025314,11.501927159179731,11.279710630351238,11.439706802368164,6718000,0.0,0.0
2023-08-23,11.493037782547235,11.608590465589854,11.439705448954994,11.564146995544434,5425700,0.0,0.0
2023-08-24,11.475260232727997,11.564147174192,11.341930668220694,11.377485275268555,6093300,0.0,0.0
2023-08-25,11.368596309500004,11.39526205262428,11.03082712173398,11.155268669128418,8198300,0.0,0.0
2023-08-28,11.173045648976832,11.430816761995997,11.137491041928971,11.377485275268555,9648800,0.0,0.0
2023-08-29,11.49303873953718,11.635257177373669,11.44859526579109,11.510815620422363,7958700,0.0,0.0
2023-08-30,11.58192439423742,11.58192439423742,11.333042137588324,11.386374473571777,4018600,0.0,0.0
2023-08-31,11.421929689565896,11.421929689565896,11.075271606445312,11.075271606445312,8318700,0.0,0.0
2023-09-01,11.093047027032469,11.306375506543597,11.093047027032469,11.253043174743652,7622200,0.0,0.0
2023-09-04,11.244155378375943,11.30637657932773,11.146380416435614,11.199712753295898,4459900,0.0,0.0
2023-09-05,11.075270658230458,11.137491008455036,10.933052230466455,11.02193832397461,4752600,0.0,0.0
2023-09-06,11.021938837040146,11.093048054232245,10.89749813079834,10.89749813079834,5465600,0.0,0.0
2023-09-08,10.888609266727144,10.959718483919243,10.844165794059899,10.89749813079834,4950300,0.0,0.0
2023-09-11,10.950828441850394,11.101935724050943,10.888608095422631,11.05749225616455,5047500,0.0,0.0
2023-09-12,11.084160071191448,11.16415815269538,11.021938870194646,11.146380424499512,4623900,0.0,0.0
2023-09-13,11.181935099029268,11.288598925766182,11.06638240814209,11.06638240814209,8000200,0.0,0.0
2023-09-14,11.093049049377441,11.173047137817276,11.04860642041203,11.093049049377441,3995900,0.0,0.0
2023-09-15,11.093047361606008,11.315263863378775,11.021938148853817,11.208600044250488,14840700,0.0,0.0
2023-09-18,11.226377988964202,11.48414910211129,11.208600261587101,11.324152946472168,7675900,0.0,0.0
2023-09-19,11.350820368080656,11.59081377141103,11.297488029735707,11.430817604064941,11924000,0.0,0.0
2023-09-20,11.466371031546903,11.51081450097077,11.368596076965332,11.368596076965332,5102200,0.0,0.0
2023-09-21,11.270822594541306,11.341931815832076,11.137492168854523,11.190824508666992,7064900,0.0,0.0
2023-09-22,11.199713373250535,11.324154086664992,11.16415876260515,11.190824508666992,7096900,0.0,0.0
2023-09-25,11.208600316963869,11.359707609660996,11.181934573455171,11.297487258911133,7738600,0.0,0.0
2023-09-26,11.377485178372778,11.697476639078335,10.995272520096846,11.101936340332031,26052800,0.0,0.0
2023-09-27,11.110826779114653,11.261934091125717,10.897499108400966,11.093049049377441,15138100,0.0,0.0
2023-09-28,11.101936761141229,11.421929081664505,11.075271016993863,11.386374473571777,15105600,0.0,0.0
2023-09-29,11.519703641704002,11.555258248561259,11.413039821132234,11.457483291625977,12049500,0.0,0.0
2023-10-02,11.43081722779064,11.52859303692305,11.190823832360257,11.226378440856934,11465300,0.0,0.0
2023-10-03,11.199712735911579,11.253044225000345,10.799722329302158,10.844165802001953,8748700,0.0,0.0
2023-10-04,10.835276881127271,10.959718434496645,10.82638886478489,10.870831489562988,4896800,0.0,0.0
2023-10-05,10.826389197418427,10.995273380754751,10.728613385449561,10.879720687866211,3306400,0.0,0.0
2023-10-06,10.728613385449561,10.959718771226644,10.586394947337128,10.879720687866211,8221900,0.0,0.0
2023-10-09,10.870831571284715,11.208600777807577,10.79083433746952,11.146380424499512,8139600,0.0,0.0
2023-10-10,11.19971290642501,11.404151697192379,11.110825959672134,11.341931343078613,5440000,0.0,0.0
2023-10-11,11.34193106550763,11.395262554103176,11.21748951263681,11.306376457214355,6079600,0.0,0.0
2023-10-13,11.279709961283688,11.279709961283688,10.835276929988702,10.89749813079834,9708600,0.0,0.0
2023-10-16,10.98638417890125,10.99527304293236,10.773056528286949,10.870831489562988,5016700,0.0,0.0
2023-10-17,10.790833532383555,10.853053881049464,10.657503123928313,10.710835456848145,4055700,0.0,0.0
2023-10-18,10.71083729594899,10.764168790337415,10.461955010862427,10.48862075805664,7286900,0.0,0.0
2023-10-19,10.470841292905014,10.719724384435446,10.444175550129852,10.577505111694336,5643800,0.0,0.0
2023-10-20,10.50639601442904,10.577505227735363,10.337511844748697,10.470841407775879,10935100,0.0,0.0
2023-10-23,10.417510819349591,10.950829965104766,10.390844226295261,10.853055000305176,13767500,0.0,0.0
2023-10-24,10.853054942642318,11.039716854587077,10.790834587890318,10.879720687866211,5918600,0.0,0.0
2023-10-25,10.853054566131496,10.897498038422002,10.524174227483721,10.675281524658203,8068200,0.0,0.0
2023-10-26,10.701945816047079,10.933051162431566,10.701945816047079,10.90638542175293,5227700,0.0,0.0
2023-10-27,10.897499567729762,10.96860879429824,10.435288747345812,10.497509956359863,7554400,0.0,0.0
2023-10-30,10.853054731580576,11.0841601128633,10.675281687397225,10.764167785644531,13981100,0.0,0.0
2023-10-31,10.752255748169333,10.91435033644539,10.63518838864393,10.788276672363281,8722800,0.156773,0.0
2023-11-01,10.968383632884432,11.08545186702076,10.626184377441325,10.842309951782227,26529300,0.0,0.0
2023-11-03,11.21152424840084,11.310582443516447,11.07644598445167,11.121472358703613,9198900,0.0,0.0
2023-11-06,11.229535079194623,11.26555600663459,10.941366800868233,11.004404067993164,5806400,0.0,0.0
2023-11-07,11.049431407927441,11.319587957940744,10.96838409940076,11.238540649414062,5300200,0.0,0.0
2023-11-08,11.202518256813875,11.463670184202748,11.17550277709961,11.17550277709961,5353300,0.0,0.0
2023-11-09,11.175503929708729,11.499693154942312,11.166498482606306,11.193514823913574,5177100,0.0,0.0
2023-11-10,11.328591685445863,11.463669939945685,11.229534356066432,11.256549835205078,3902900,0.0,0.0
2023-11-13,11.247544589917421,11.337597333728546,11.076445407244222,11.274560928344727,5272400,0.0,0.0
2023-11-14,11.265555419970147,11.985974790059625,11.24754452778477,11.823880195617676,13893000,0.0,0.0
2023-11-16,11.87791068655168,12.139062601303564,11.850895208144678,11.994978904724121,9282200,0.0,0.0
2023-11-17,12.040007489238464,12.058018384027093,11.733829148285603,11.80587100982666,7727700,0.0,0.0
2023-11-20,11.895924321235917,11.904929769050439,11.661787830898994,11.751840591430664,5015200,0.0,0.0
2023-11-21,11.73382969580162,11.832887904147812,11.652782383084475,11.751840591430664,4592300,0.0,0.0
2023-11-22,11.778854128903449,12.130058806351139,11.778854128903449,11.859901428222656,9476000,0.0,0.0
2023-11-23,11.92293824185723,11.976970062849851,11.787859977585661,11.904928207397461,3929200,0.0,0.0
2023-11-24,11.823880638046164,11.877911599010819,11.68880151802125,11.760844230651855,3238100,0.0,0.0
2023-11-27,11.814874178648992,12.01298968908246,11.652779592039197,11.976968765258789,4997800,0.0,0.0
2023-11-28,11.886917214270076,12.238121900755036,11.886917214270076,11.895922660827637,7245500,0.0,0.0
2023-11-29,11.895922081670047,12.112047635689411,11.886916635550921,12.04901123046875,4943600,0.0,0.0
2023-11-30,12.103042461612185,12.256131613851895,11.967964202015562,12.193095207214355,9067500,0.0,0.0
2023-12-01,12.193095236329068,12.580320841013732,11.976969676935754,12.41822624206543,8157900,0.0,0.0
2023-12-04,12.382205351263993,12.508279024010887,12.292152605186692,12.310163497924805,5756800,0.0,0.0
2023-12-05,12.319169211431955,12.508279295249784,12.193095535951185,12.45424747467041,4570500,0.0,0.0
2023-12-06,12.508279600844098,12.634352420598345,12.43623774418262,12.49026870727539,3878300,0.0,0.0
2023-12-07,12.490267959706777,12.625347076967286,12.409220661111798,12.51728343963623,4526600,0.0,0.0
2023-12-08,12.59833100368233,12.760425604287681,12.319169034647164,12.652362823486328,5513800,0.0,0.0
2023-12-11,12.60733749942939,12.805453043457732,12.55330567512831,12.661369323730469,3971400,0.0,0.0
2023-12-12,12.715398096768082,12.760424466120842,12.526288032531738,12.526288032531738,2853000,0.0,0.0
2023-12-13,12.544299272808608,12.796445745870212,12.472257423362437,12.787440299987793,9647400,0.0,0.0
2023-12-14,12.904508489989865,12.994561230991177,12.796445716072244,12.895503044128418,9707900,0.0,0.0
2023-12-15,12.985555917543458,13.003565950643416,12.616341221525053,12.796445846557617,5850300,0.0,0.0
2023-12-18,12.859482558863403,12.90450893090249,12.697388821851954,12.832467079162598,4677200,0.0,0.0
2023-12-19,12.877492748624151,13.129639215957026,12.814455487686006,13.084612846374512,7836900,0.0,0.0
2023-12-20,13.102624035419737,13.102624035419737,12.787440299987793,12.787440299987793,5609100,0.0,0.0
2023-12-21,12.895504297302438,12.949536118915306,12.733410550077165,12.922520637512207,6211500,0.0,0.0
2023-12-22,12.931525225442128,13.075609796807557,12.850478781232827,12.922520637512207,10245700,0.0,0.0
2023-12-26,12.976551600318407,12.985557047054996,12.832467887759647,12.922520637512207,2940300,0.0,0.0
2023-12-27,12.922520437567062,12.958541365149415,12.832467689207853,12.904509544372559,3160200,0.0,0.0
2023-12-28,12.84147296842245,12.904509376168251,12.751420221237037,12.769431114196777,3423500,0.0,0.0
2024-01-02,12.670372348716116,12.72440416635023,12.445241349719415,12.5983304977417,4084400,0.0,0.0
2024-01-03,12.553304971910205,12.625347686544819,12.409221260254306,12.580321311950684,4541200,0.0,0.0
2024-01-04,12.535295022684542,12.571315950843712,12.292153113505142,12.373200416564941,5449400,0.0,0.0
2024-01-05,12.391211066333351,12.535294776136144,12.319169211431955,12.45424747467041,3589900,0.0,0.0
2024-01-08,12.391210390891908,12.72440416635023,12.328173127184339,12.5983304977417,5943500,0.0,0.0
2024-01-09,12.454247337544116,12.589325599295304,12.400216376366297,12.553304672241211,3495100,0.0,0.0
2024-01-10,12.589326601460973,12.589326601460973,12.256132784985258,12.445242881774902,4045100,0.0,0.0
2024-01-11,12.418226585654152,12.499273887370729,12.229116501251026,12.346184730529785,3983200,0.0,0.0
2024-01-12,12.283149373819402,12.679379610933118,12.283149373819402,12.364195823669434,3731200,0.0,0.0
2024-01-15,12.355189086965371,12.436236381530762,12.229115422218475,12.436236381530762,2559900,0.0,0.0
2024-01-16,12.292151400584064,12.355188660183321,12.067020416259766,12.067020416259766,5217900,0.0,0.0
2024-01-17,12.067020925610988,12.193094591324545,11.994979076290836,12.121052742004395,4754600,0.0,0.0
2024-01-18,12.112048393533415,12.166080214822301,11.967964681838604,12.031001091003418,5300800,0.0,0.0
2024-01-19,11.994978538929667,12.283146782107256,11.922936692836906,12.166078567504883,6209500,0.0,0.0
2024-01-22,12.157073153512105,12.202099522138274,11.958957646840888,12.067020416259766,3547600,0.0,0.0
2024-01-23,12.094036721412122,12.283146782107256,12.049010352902512,12.166078567504883,7640500,0.0,0.0
2024-01-24,12.202101036187736,12.247127410400825,11.994980058330189,12.012990951538086,2709100,0.0,0.0
2024-01-25,12.012990746045999,12.103042634125108,11.940948892060053,11.98597526550293,2534600,0.0,0.0
2024-01-26,11.994979546382686,12.076026844745805,11.913932248019567,11.94995403289795,2410400,0.0,0.0
2024-01-29,11.958958419156055,12.049011162224042,11.886916568224306,11.9319429397583,3529200,0.0,0.0
2024-01-30,11.985975862715,12.003985897705531,11.787860324979045,11.841891288757324,6326600,0.0,0.0
2024-01-31,11.922938387218224,12.09403844010865,11.814875602722168,11.814875602722168,4367700,0.0,0.0
2024-02-01,11.83288635194507,11.92293824185723,11.715818122133271,11.904928207397461,5511800,0.0,0.0
2024-02-02,11.931944040130036,11.958959522019176,11.71581846740355,11.841891288757324,8316100,0.0,0.0
2024-02-05,11.80587100982666,11.931944696926877,11.760845490468547,11.80587100982666,4557800,0.0,0.0
2024-02-06,11.76984847781002,11.985974891836694,11.742832998109167,11.8328857421875,8216600,0.0,0.0
2024-02-07,11.77885528527633,12.247128234511967,11.77885528527633,12.112049102783203,12418200,0.0,0.0
2024-02-08,11.967964637785201,12.229116578972427,11.958959191135758,12.130059242248535,10439700,0.0,0.0
2024-02-09,11.976969516266365,12.427231521698884,11.958958623821886,12.292152404785156,11510800,0.0,0.0
2024-02-14,12.265138479092688,12.427233096406209,12.220112101082627,12.364195823669434,7527600,0.0,0.0
2024-02-15,12.364193840351827,12.562309356532705,12.175084628896352,12.238121032714844,8722200,0.0,0.0
2024-02-16,12.30115784739597,12.346184219687327,11.922937694239163,11.94995403289795,6730300,0.0,0.0
2024-02-19,11.913932494504982,11.931943387316796,11.742833306825926,11.877911567687988,3983000,0.0,0.0
2024-02-20,11.787859864697536,12.364194702797308,11.661786189459885,12.229116439819336,17836700,0.0,0.0
2024-02-21,12.229116501251026,12.53529481493291,12.14806919953445,12.346184730529785,16659900,0.0,0.0
2024-02-22,12.364195028714468,12.60733693905196,12.310164065621697,12.49026870727539,9325400,0.0,0.0
2024-02-23,12.508279642111631,12.562310605382663,12.337179587871121,12.382205963134766,5059400,0.0,0.0
2024-02-26,12.319169453729522,12.490268647783912,12.265137632087432,12.373200416564941,6321700,0.0,0.0
2024-02-27,12.454247295947194,12.733410123789003,12.382205442079627,12.652362823486328,8814500,0.0,0.0
2024-02-28,12.589325291985853,12.697388929316908,12.445241587286608,12.51728343963623,6847700,0.0,0.0
2024-02-29,12.508278886855775,12.517283474319463,12.175085104113895,12.409220695495605,14253800,0.0,0.0
2024-03-01,12.409222201679492,12.571316818993013,12.328174893022732,12.364195823669434,5730700,0.0,0.0
2024-03-04,12.328172677758896,12.382204493423272,12.148068056888599,12.319168090820312,6047300,0.0,0.0
2024-03-05,12.38220582328965,12.544300428885393,12.346184895246893,12.481263160705566,4223000,0.0,0.0
2024-03-06,12.54430128323226,12.562311319076905,12.355191183426513,12.46325397491455,4662800,0.0,0.0
2024-03-07,12.454247679375165,12.490268607417923,12.247127557830975,12.481263160705566,4721100,0.0,0.0
2024-03-08,12.445242028106072,12.544300222700482,12.346184692318316,12.45424747467041,8280100,0.0,0.0
2024-03-11,12.39121122570065,12.634352274418314,12.355190297786676,12.580321311950684,6512700,0.0,0.0
2024-03-12,12.661368375248287,12.67037296295166,12.409221025807604,12.67037296295166,5805800,0.0,0.0
2024-03-13,12.670373408157632,12.877494391132586,12.571316069486718,12.60733699798584,6907300,0.0,0.0
2024-03-14,12.625346216869124,12.64335624932629,12.382204337648155,12.526288032531738,7400900,0.0,0.0
2024-03-15,12.517284247334697,12.823462568980565,12.292153229513522,12.60733699798584,13972200,0.0,0.0
2024-03-18,12.63435247965851,12.697389748636981,12.337179604839093,12.60733699798584,6575000,0.0,0.0
2024-03-19,12.60733699798584,12.850478909459914,12.58932610433294,12.60733699798584,8092600,0.0,0.0
2024-03-20,12.616341922822041,12.985556639363761,12.56231010290554,12.877493858337402,8883100,0.0,0.0
2024-03-21,12.886498998123546,13.12964003494502,12.823461733253323,12.841472625732422,5394600,0.0,0.0
2024-03-22,12.841472904590356,12.850478351025462,12.607336450117437,12.652362823486328,6095600,0.0,0.0
2024-03-25,12.580321331379496,12.607336812655035,12.139063890243504,12.247127532958984,25064600,0.0,0.0
2024-03-26,12.202102065162642,12.49927495769961,12.157075687152583,12.364195823669434,9588500,0.0,0.0
2024-03-27,12.36419459050556,12.589325599295304,12.346184556381836,12.553304672241211,2856000,0.0,0.0
2024-03-28,12.553305671539455,12.580322013085627,12.364195574749811,12.445242881774902,4327000,0.0,0.0
2024-04-01,12.526288853723656,12.526288853723656,12.229115998842722,12.292152404785156,8515700,0.0,0.0
2024-04-02,12.301157851007396,12.38220514939431,12.130058666817952,12.292152404785156,8410600,0.0,0.0
2024-04-03,12.301157851007396,12.409220629254406,12.13906325423357,12.292152404785156,7195000,0.0,0.0
2024-04-04,12.283147778128491,12.634351591607627,12.283147778128491,12.391210556030273,4715400,0.0,0.0
2024-04-05,12.355189976728578,12.472258204108565,12.292152710412191,12.328173637390137,6745500,0.0,0.0
2024-04-08,12.364194929864938,12.544300428885393,12.283148485873733,12.481263160705566,7348400,0.0,0.0
2024-04-09,12.490269564414996,12.760426974838314,12.490269564414996,12.706395149230957,7532400,0.0,0.0
2024-04-10,12.661368593259075,12.787441411343563,12.35519027709961,12.35519027709961,5848300,0.0,0.0
2024-04-11,12.346183603941958,12.364193636676308,12.184089015299918,12.220109939575195,6323000,0.0,0.0
2024-04-12,12.220110861553929,12.229116308003833,11.87791162571737,11.98597526550293,8934700,0.0,0.0
2024-04-15,11.931943875092728,11.96796480338225,11.607755520487025,11.706812858581543,16593000,0.0,0.0
2024-04-16,11.544718438637869,11.59875026134958,11.400634723148892,11.508697509765625,11122700,0.0,0.0
2024-04-17,11.508696792253295,11.580738645506317,11.328592159120737,11.418644905090332,7021200,0.0,0.0
2024-04-18,11.400633573564347,11.616759125004762,11.382623540347613,11.481680870056152,6821500,0.0,0.0
2024-04-19,11.523858915635145,11.680208232204052,11.487070892742205,11.634222984313965,6719300,0.265862,0.0
2024-04-22,11.579043371295983,11.753786290686183,11.560648918151855,11.560648918151855,4860400,0.0,0.0
2024-04-23,11.450283973750775,11.551451704281499,11.358314346199622,11.496269226074219,6435600,0.0,0.0
2024-04-24,11.496269427721762,11.523860228761484,11.25714681312217,11.312329292297363,4743000,0.0,0.0
2024-04-25,11.247949636307764,11.38590539630169,11.192768033986798,11.284738540649414,5169500,0.0,0.0
2024-04-26,11.284738540649414,11.284738540649414,11.284738540649414,11.284738540649414,0,0.0,0.0
2024-04-29,11.450284906729797,11.542255418870521,11.404299650659436,11.477875709533691,3635300,0.0,0.0
2024-04-30,11.496270344472116,11.523861147712019,11.293935740822576,11.339920997619629,8407700,0.0,0.0
2024-05-02,11.514663628973098,11.661815734107009,11.450283925155212,11.523859977722168,3932100,0.0,0.0
2024-05-03,11.707800882483557,11.89174190314667,11.680210080222405,11.726195335388184,8782200,0.0,0.0
2024-05-06,11.69860381003993,11.827361464030691,11.496269226074219,11.496269226074219,6717200,0.0,0.0
2024-05-07,11.716998988410593,11.974516085829798,11.643422925461063,11.818166732788086,14495000,0.0,0.0
2024-05-08,11.762983346709843,11.808968601807631,11.606634005634838,11.70780086517334,8074500,0.0,0.0
2024-05-09,11.606634005634838,11.735392544489487,11.533057948316692,11.70780086517334,9810200,0.0,0.0
2024-05-10,11.744587930088436,11.91013359455884,11.634222984313965,11.634222984313965,7339300,0.0,0.0
2024-05-13,11.716998150992998,11.772180632809164,11.643422093301975,11.689407348632812,9638100,0.0,0.0
2024-05-14,11.7353925113065,11.818165794829312,11.661816454196398,11.753786087036133,8295600,0.0,0.0
2024-05-15,11.76298242627108,11.900937303673857,11.698603600429212,11.744588851928711,10131100,0.0,0.0
2024-05-16,11.818165888140001,11.854953916985513,11.643422093301975,11.689407348632812,9759100,0.0,0.0
2024-05-17,11.661816529042024,11.707800907209126,11.533057989725078,11.671012878417969,13637700,0.0,0.0
2024-05-20,11.634224065916472,11.698603769786063,11.459481160203543,11.53305721282959,7579300,0.0,0.0
2024-05-21,11.542254487650741,11.542254487650741,11.422693182352232,11.50546646118164,4464400,0.0,0.0
2024-05-22,11.367511792503644,11.468679532801959,11.321527412836213,11.330723762512207,4443800,0.0,0.0
2024-05-23,11.284739434332527,11.339921041023544,11.109995633254055,11.303133010864258,15820400,0.0,0.0
2024-05-24,11.303133134085758,11.385906422120462,11.128390208198143,11.183571815490723,7317800,0.0,0.0
2024-05-27,11.220358799147766,11.349117332643168,11.165177197003844,11.247949600219727,3933900,0.0,0.0
2024-05-28,11.376707198882409,11.431889673587696,11.174372627757263,11.275540351867676,7474000,0.0,0.0
2024-05-29,11.192768119793376,11.312329428533063,11.10079761242569,11.137585639953613,5453900,0.0,0.0
2024-05-31,11.100797703147782,11.257147040693168,11.00882807212423,11.073206901550293,12840800,0.0,0.0
2024-06-03,11.091601436845718,11.12838946494903,10.981236475440008,10.99963092803955,3394500,0.0,0.0
2024-06-04,10.953645641367121,11.091601404169955,10.889266811649929,11.045616149902344,4292600,0.0,0.0
2024-06-05,10.81568885732024,11.082402232744665,10.723718364927423,11.018022537231445,16678600,0.0,0.0
2024-06-06,10.953646543200945,11.201966410433215,10.944449316171044,11.082405090332031,6739600,0.0,0.0
2024-06-07,10.944448479849664,11.201965554433635,10.907660451637064,10.953645706176758,11625000,0.0,0.0
2024-06-10,10.953645856720234,10.97204030962723,10.668538853428114,10.78809928894043,9353300,0.0,0.0
2024-06-11,10.834084578757233,10.935252315877644,10.778902974051366,10.824888229370117,5636200,0.0,0.0
2024-06-12,10.861676317243205,10.880069893213205,10.576568434393913,10.72372055053711,10362400,0.0,0.0
2024-06-13,10.72371970571038,10.72371970571038,10.594962052776655,10.604158401489258,4231100,0.0,0.0
2024-06-14,10.567370354746945,10.788098511142142,10.484597076824814,10.659340858459473,4736000,0.0,0.0
2024-06-17,10.631751112786239,10.705327172216249,10.52138614654541,10.52138614654541,8373200,0.0,0.0
2024-06-18,10.512189865112305,10.622553954973055,10.457007381634021,10.512189865112305,4720100,0.0,0.0
2024-06-19,10.466203463874272,10.696128845214844,10.447809012361079,10.696128845214844,5554800,0.0,0.0
2024-06-20,10.73291754549734,11.054813450437226,10.73291754549734,10.96284294128418,16244900,0.0,0.0
2024-06-21,10.89846397989498,11.211161777639115,10.89846397989498,11.064009666442871,13044400,0.0,0.0
2024-06-24,11.146783998761089,11.174374802936658,10.981237419515972,10.990434646606445,5787300,0.0,0.0
2024-06-25,10.944448479849664,10.99963096071645,10.852478847866054,10.953645706176758,4717600,0.0,0.0
2024-06-26,10.852478076728614,10.90765967657862,10.732916774259312,10.751310348510742,4967900,0.0,0.0
2024-06-27,10.806493593326362,11.008828187043544,10.797296366999268,10.953645706176758,5342500,0.0,0.0
2024-06-28,10.990433062260001,10.990433062260001,10.650143602830209,10.705326080322266,6825700,0.0,0.0
2024-07-01,10.6961290041019,10.806493083533304,10.54897689819336,10.54897689819336,4520100,0.0,0.0
2024-07-02,10.548976919598688,10.668538225165916,10.484597215311263,10.493794441223145,6106400,0.0,0.0
2024-07-03,10.558173713704033,11.045616182442634,10.548977364500036,10.99963092803955,8234600,0.0,0.0
2024-07-04,11.073206837686985,11.220358948152604,11.03641881007058,11.165177345275879,4065400,0.0,0.0
2024-07-05,11.119192091481432,11.229556174330646,10.999630782454176,11.165177345275879,6617300,0.0,0.0
2024-07-08,11.23875400695116,11.477875760812903,11.137586267725219,11.450284957885742,8407600,0.0,0.0
2024-07-09,11.422693065192016,11.643421221742653,11.367510587506493,11.615830421447754,6082300,0.0,0.0
2024-07-10,11.68021002992603,11.854953823384363,11.615831199228639,11.753786087036133,11799000,0.0,0.0
2024-07-11,11.818165637549267,12.029696579651741,11.781377609483803,11.910135269165039,19519500,0.0,0.0
2024-07-12,11.91013617871983,11.992909467462308,11.827362889977351,11.946924209594727,4323200,0.0,0.0
2024-07-15,11.965317884316072,11.983711460007683,11.790574091218952,11.808968544006348,5419600,0.0,0.0
2024-07-16,11.808968402509983,12.112469853099148,11.808968402509983,11.900938034057617,4840800,0.0,0.0
2024-07-17,11.956120514662818,11.956120514662818,11.845756430548192,11.900938034057617,2528300,0.0,0.0
2024-07-18,11.83656062257813,11.891743109795561,11.551453590393066,11.551453590393066,6051900,0.0,0.0
2024-07-19,11.533057323393512,11.73539190860273,11.395102442671076,11.413496017456055,5587600,0.0,0.0
2024-07-22,11.441086639690038,11.652618447539528,11.404298613598266,11.615830421447754,3807100,0.0,0.0
2024-07-23,11.569845481891521,11.606633508976401,11.303132066252205,11.312329292297363,3305600,0.0,0.0
2024-07-24,11.229556021071094,11.459481409809571,11.155979966842441,11.321526527404785,4979200,0.0,0.0
2024-07-25,11.293935740822576,11.358315451176777,11.192768877545717,11.339920997619629,7369500,0.0,0.0
2024-07-26,11.275541986177391,11.514664616066627,11.247950306277689,11.477875709533691,7385300,0.0,0.0
2024-07-29,11.560648124118853,11.579042575999573,11.413496017456055,11.413496017456055,3436200,0.0,0.0
2024-07-30,11.477875090408741,11.542254796272884,11.155980069471074,11.192768096923828,3800800,0.0,0.0
2024-07-31,11.192767905706756,11.48707212030091,11.109994626078215,11.385905265808105,10808700,0.0,0.0
2024-08-01,11.422693191494833,11.551451722787608,11.367510713199147,11.514663696289062,7481300,0.0,0.0
2024-08-02,11.45028471413672,11.781377850597714,11.431891138275438,11.68021011352539,7560000,0.0,0.0
2024-08-05,11.597435979142452,11.726194509114643,11.30313177017256,11.625027656555176,6479400,0.0,0.0
2024-08-06,11.689407132786659,11.89174172624874,11.634224651989445,11.864150047302246,6034300,0.0,0.0
2024-08-07,11.946923273591032,12.084879036385379,11.919332471870472,11.965317726135254,3869900,0.0,0.0
2024-08-08,11.974514870373802,12.075681727386643,11.92852961642405,12.038893699645996,3767800,0.0,0.0
2024-08-09,12.12166775035564,12.23203184057927,12.01130366013201,12.167652130126953,4717300,0.0,0.0
2024-08-12,12.305606954490047,12.52633511796444,12.103272366090644,12.18604564666748,4291600,0.0,0.0
2024-08-13,12.28721233184621,12.35159203645485,12.204439929513514,12.324000358581543,3331300,0.0,0.0
2024-08-14,12.250425201957658,12.517138634588706,12.250425201957658,12.434366226196289,4916900,0.0,0.0
2024-08-15,12.434365294105985,12.526334922235375,12.342394788880855,12.379182815551758,5349400,0.0,0.0
2024-08-16,12.563123908161812,12.563123908161812,12.305607701802868,12.369986534118652,4993700,0.0,0.0
2024-08-19,12.397576280653567,12.581517289476437,12.333197453823002,12.498744010925293,8116600,0.0,0.0
2024-08-20,12.434366158144439,12.517138566083851,12.36078922259418,12.443562507629395,2919000,0.0,0.0
2024-08-21,12.406773576395034,12.517137656052943,12.360788323930306,12.415970802307129,6348800,0.0,0.0
2024-08-22,12.415971279144287,12.425168505409601,11.956120491027832,11.956120491027832,10293800,0.0,0.0
2024-08-23,12.066484052465484,12.54472927240534,12.038893251959948,12.507941246032715,11364800,0.0,0.0
2024-08-26,12.599911782880014,12.88501966566879,12.526335724824033,12.53553295135498,7412900,0.0,0.0
2024-08-27,12.691882191482545,12.691882191482545,12.461956792640818,12.590714454650879,7654000,0.0,0.0
2024-08-28,12.507941246032715,12.54472927240534,12.342394688808037,12.507941246032715,4334100,0.0,0.0
2024-08-29,12.507940612738015,12.507940612738015,12.112468691433799,12.158453941345215,6102400,0.0,0.0
2024-08-30,12.020499085513809,12.18604564666748,11.97451470927846,12.18604564666748,14455400,0.0,0.0
2024-09-02,12.186045535311003,12.305606842041016,12.020498975670101,12.305606842041016,4901100,0.0,0.0
2024-09-03,12.314804077148438,12.553925813689533,12.25042437218729,12.314804077148438,5612700,0.0,0.0
2024-09-04,12.489547729492188,12.609109043429676,12.369986415554699,12.489547729492188,5538700,0.0,0.0
2024-09-05,12.489547678680902,12.599911765613635,12.406774394207403,12.517138481140137,3120100,0.0,0.0
2024-09-06,12.434365244915538,12.664290629973038,12.406773567199707,12.406773567199707,6697600,0.0,0.0
2024-09-09,12.324001477217717,12.324001477217717,12.075682493488506,12.167652130126953,5750200,0.0,0.0
2024-09-10,12.121667022729957,12.195243078462504,12.002105712890625,12.002105712890625,6405900,0.0,0.0
2024-09-11,12.048090155267673,12.09407452918053,11.845755577087402,11.845755577087402,7890700,0.0,0.0
2024-09-12,11.772179594143088,11.919331696541823,11.735391568543404,11.762982368469238,6599500,0.0,0.0
2024-09-13,11.781377465475062,12.232031023042408,11.781377465475062,12.075681686401367,4320500,0.0,0.0
2024-09-16,12.094075270597708,12.250424607354276,12.057287242954738,12.084878921508789,3315900,0.0,0.0
2024-09-17,12.038893600334013,12.094075202941895,11.937725867059966,12.094075202941895,3058700,0.0,0.0
2024-09-18,11.937725997476708,12.21363664481765,11.937725997476708,11.992908477783203,2923700,0.0,0.0
2024-09-19,12.140061718490566,12.140061718490566,11.827363014221191,11.827363014221191,3478300,0.0,0.0
2024-09-20,11.827362427734313,11.854954107634015,11.477875709533691,11.477875709533691,10042800,0.0,0.0
2024-09-23,11.404297865597815,11.542253612215331,11.293933794561205,11.367509841918945,4951700,0.0,0.0
2024-09-24,11.367510944130863,11.468678676878893,11.20196526007221,11.284738540649414,5437500,0.0,0.0
2024-09-25,11.385905256673308,11.487072111084947,11.275541176289044,11.376708030700684,8933700,0.0,0.0
2024-09-26,11.496269177283493,11.597436030289124,11.404298673026933,11.523859977722168,3921900,0.0,0.0
2024-09-27,11.505466581476735,11.560648183209468,11.395102500915527,11.395102500915527,3635400,0.0,0.0
2024-09-30,11.450284382072038,11.450284382072038,11.128389358520508,11.128389358520508,5098000,0.0,0.0
2024-10-01,11.137585689801151,11.303132252965604,11.073206860613093,11.109994888305664,8597200,0.0,0.0
2024-10-02,11.29393475113855,11.652618670209215,11.284738402261668,11.376708030700684,14418900,0.0,0.0
2024-10-03,11.220358980374785,11.330723063540939,11.119192123413086,11.119192123413086,13441100,0.0,0.0
2024-10-04,11.045615938218642,11.358314608730758,11.036418712122224,11.220358848571777,6187900,0.0,0.0
2024-10-07,11.238754126081526,11.367511792503644,11.192768869318275,11.330723762512207,11871100,0.0,0.0
2024-10-08,11.220358939171694,11.275541419100016,11.137585657827096,11.155980110168457,8581600,0.0,0.0
2024-10-09,11.082403259364389,11.247948933072934,10.990432758451874,11.008827209472656,13691600,0.0,0.0
2024-10-10,11.045616050251562,11.229556188566773,10.990433570209115,11.100797653198242,7765900,0.0,0.0
2024-10-11,11.128389290893454,11.137585639953613,10.916857474786081,11.137585639953613,8772800,0.0,0.0
2024-10-14,11.128390036107218,11.413497049266894,11.091602006115782,11.330723762512207,7663700,0.0,0.0
2024-10-15,11.312330202681574,11.44108786929283,11.201966112545147,11.34911823272705,15897200,0.0,0.0
2024-10-16,11.303131937458957,11.450284044121755,11.293934711518597,11.413496017456055,10471400,0.0,0.0
2024-10-17,11.25714682627563,11.33072288053136,11.174373545963997,11.247949600219727,8153400,0.0,0.0
2024-10-18,11.358314608730758,11.376708183827835,11.091601191604969,11.220358848571777,6979700,0.0,0.0
2024-10-21,11.146782740789922,11.349117328466592,11.146782740789922,11.321526527404785,5232300,0.0,0.0
2024-10-22,11.211161763139518,11.247949790891,11.091601330769025,11.128389358520508,6625700,0.0,0.0
2024-10-23,11.073207863302128,11.183571956373411,10.990434574224706,11.082405090332031,5287900,0.0,0.0
2024-10-24,11.100797571921602,11.275541359863455,11.018024291011857,11.174373626708984,5939700,0.0,0.0
2024-10-25,11.229556257069154,11.275541511202416,11.045616117631873,11.091601371765137,6159900,0.0,0.0
2024-10-28,11.238752317979468,11.385904414271232,11.15597904454143,11.266343116760254,9387100,0.0,0.0
2024-10-29,11.266344101958104,11.395102636020669,11.220358848571777,11.220358848571777,4257100,0.0,0.0
2024-10-30,11.229556124376584,11.275541377966467,11.091601240702692,11.192768096923828,8752800,0.0,0.0
2024-10-31,11.13758459395712,11.496268486490054,11.11919102046849,11.266343116760254,21242900,0.0,0.0
2024-11-01,11.229555477199984,11.229555477199984,10.778901947601652,10.898463249206543,15257200,0.0,0.0
2024-11-04,11.045615885499462,11.330722876361554,11.018024207341902,11.321526527404785,11991900,0.0,0.0
2024-11-05,11.257146884894834,11.293934912214263,11.119192001720908,11.2295560836792,10173700,0.0,0.0
2024-11-06,10.988536254375903,11.24928092956543,10.923349419509584,11.24928092956543,11150800,0.151181,0.0
2024-11-07,11.184094885428898,11.407590319360015,11.137533114670271,11.239968299865723,9199100,0.0,0.0
2024-11-08,11.100283600308144,11.128220306833509,10.886099815368652,10.886099815368652,12876900,0.0,0.0
2024-11-11,10.914037404947972,10.997848412577266,10.81160133424911,10.98853588104248,6397900,0.0,0.0
2024-11-12,10.988536433753296,11.193407697363925,10.969911369746905,11.053722381591797,6445900,0.0,0.0
2024-11-13,10.979222105807489,11.109594868250504,10.85816187384436,11.063033103942871,5776600,0.0,0.0
2024-11-14,10.960599104752523,11.221343769423344,10.960599104752523,11.090970993041992,7539400,0.0,0.0
2024-11-18,10.932661089093036,11.239967511209025,10.914036914951504,11.044408798217773,12741600,0.0,0.0
2024-11-19,11.007159691140744,11.184094232068864,10.904724511929421,11.1654691696167,6219500,0.0,0.0
2024-11-21,11.044408666411943,11.239967377069366,10.969910194551197,11.025784492492676,10654300,0.0,0.0
2024-11-22,11.128220453704511,11.258593232696692,11.016472738036313,11.221343994140625,7090300,0.0,0.0
2024-11-25,11.21203169025264,11.314466876339832,11.100283972314273,11.24928092956543,8533500,0.0,0.0
2024-11-26,11.32377985232493,11.54727529696746,11.221344662220092,11.407590866088867,6208000,0.0,0.0
2024-11-27,11.407590455640479,11.454152226955355,10.820914268493652,10.820914268493652,11653000,0.0,0.0
2024-11-28,10.802289417227579,10.839538654331458,10.178364029668689,10.206300735473633,14173200,0.0,0.0
2024-11-29,10.224924515741082,10.364609815563737,10.020054163614782,10.271486282348633,11729700,0.0,0.0
2024-12-02,10.150426805831653,10.271487052855791,10.029367446899414,10.029367446899414,8090500,0.0,0.0
2024-12-03,10.047991752624512,10.271487186299467,10.001429981919253,10.047991752624512,12033100,0.0,0.0
2024-12-04,9.973492424907931,10.131801898961376,9.945555720101979,9.954867362976074,3830100,0.0,0.0
2024-12-05,10.094553124807815,10.364610318526465,10.057303887332548,10.113177299499512,16582400,0.0,0.0
2024-12-06,10.075928665468433,10.159739676830165,9.917619174694476,9.964180946350098,6462300,0.0,0.0
2024-12-09,9.973493151354848,10.15042681213577,9.917618849581354,9.926931381225586,9065800,0.0,0.0
2024-12-10,10.047991225511762,10.234237410470506,9.964180220257361,10.094552993774414,5484500,0.0,0.0
2024-12-11,10.141114919030558,10.560169063698028,10.010742143495218,10.327361106872559,13738700,0.0,0.0
2024-12-12,10.24355102148822,10.280800262406316,9.898995320972832,10.00143051147461,14827700,0.0,0.0
2024-12-13,9.973491960199011,10.066615489335591,9.871056788622207,9.898993492126465,14344600,0.0,0.0
2024-12-16,9.889682520279719,9.954868468094025,9.749998092651367,9.749998092651367,11248500,0.0,0.0
2024-12-17,9.787246439828559,10.029366921185492,9.703435435659477,9.973492622375488,14895100,0.0,0.0
2024-12-18,9.86174498512922,9.871057516347786,9.349567313302257,9.4426908493042,19994100,0.0,0.0
2024-12-19,9.386816484068886,9.59168772897722,9.386816484068886,9.545125961303711,28454900,0.0,0.0
2024-12-20,9.46131550050438,9.871058013853917,9.46131550050438,9.712748527526855,26114400,0.0,0.0
2024-12-23,9.656873872875417,9.694123110175065,9.442690980425409,9.461315155029297,11748000,0.0,0.0
2024-12-26,9.554438062793407,9.591687297638746,9.396128592677764,9.498563766479492,9198100,0.0,0.0
2024-12-27,9.507877479885215,9.601001022627974,9.470628240406496,9.526501655578613,15778600,0.0,0.0
2024-12-30,9.498565447458382,9.554439753660477,9.414754432201226,9.47062873840332,12799100,0.0,0.0
2025-01-02,9.414753288417534,9.53581353040468,9.368192408346362,9.45200252532959,8688400,0.0,0.0
2025-01-03,9.470628184534215,9.573063370473392,9.405442237854004,9.405442237854004,7869700,0.0,0.0
2025-01-06,9.51718915781161,9.67549863341422,9.507876626754552,9.638249397277832,7521200,0.0,0.0
2025-01-07,9.68481125674513,9.805871508465936,9.666187080837584,9.749998092651367,8547300,0.0,0.0
2025-01-08,9.69412364445507,9.722060351946537,9.489252383969838,9.517189979553223,10076600,0.0,0.0
2025-01-09,9.47994024401392,9.759309080490063,9.470627712640216,9.675498962402344,9703100,0.0,0.0
2025-01-10,9.573063092992347,9.638249925874996,9.489252085066008,9.59168815612793,7306800,0.0,0.0
2025-01-13,9.554438592906637,9.563751124157616,9.424065819668515,9.45200252532959,9323500,0.0,0.0
2025-01-14,9.489252063033243,9.498564594579411,9.293693341023141,9.377504348754883,9190600,0.0,0.0
2025-01-15,9.498564770848034,9.79655956921222,9.452003000345014,9.722060203552246,13024400,0.0,0.0
2025-01-16,9.694123137057879,9.731372374460824,9.601000487596455,9.675498962402344,8842600,0.0,0.0
2025-01-17,9.72205999743699,9.954867956924476,9.619624814975575,9.908307075500488,11169300,0.0,0.0
2025-01-20,9.731372206457571,9.964180158229723,9.72205967524464,9.871057510375977,6499600,0.0,0.0
2025-01-21,9.852432806844543,9.992117227759373,9.787246862163206,9.917618751525879,5045900,0.0,0.0
2025-01-22,10.02936698446994,10.23423734251835,9.898994211818522,10.196988105773926,13937700,0.0,0.0
2025-01-23,10.187675309821538,10.290111374275632,10.057303428649902,10.057303428649902,19840600,0.0,0.0
2025-01-24,10.010741661906389,10.12248936923572,9.936243190353503,10.057303428649902,7072500,0.0,0.0
2025-01-27,10.057303816677775,10.383234420273654,10.057303816677775,10.318048477172852,7945400,0.0,0.0
2025-01-28,10.336672977820255,10.383233855736815,10.224924384163415,10.252861976623535,5740500,0.0,0.0
2025-01-29,10.35529728462386,10.383233989351659,10.234237046680958,10.271486282348633,7451000,0.0,0.0
2025-01-30,10.308736317705286,10.77435224371679,10.271487079148041,10.681229591369629,13942300,0.0,0.0
2025-01-31,10.699853646241339,10.774352122517806,10.457733154296875,10.457733154296875,8670500,0.0,0.0
2025-02-03,10.54154412928093,10.54154412928093,10.34598540764164,10.448421478271484,5187500,0.0,0.0
2025-02-04,10.355297841787127,10.513607323915492,10.224925065889686,10.439108848571777,7654400,0.0,0.0
2025-02-05,10.401859812311733,10.43910905070485,10.224925263875505,10.355298042297363,10236300,0.0,0.0
2025-02-06,10.383234645663796,10.60673096188862,10.383234645663796,10.448421478271484,7030700,0.0,0.0
2025-02-07,10.41117262414112,10.476358571060526,10.113177820884003,10.169052124023438,11378800,0.0,0.0
2025-02-10,10.364610573918617,10.420483987462344,10.224925263875505,10.355298042297363,5401900,0.0,0.0
2025-02-11,10.38323418732688,10.87678767944886,10.327360776805955,10.718478202819824,18918800,0.0,0.0
2025-02-12,10.476359079625142,10.765041365024166,10.439109838421265,10.662605285644531,16097000,0.0,0.0
2025-02-13,10.606731043426713,10.78366470336914,10.522920035209602,10.78366470336914,8218800,0.0,0.0
2025-02-14,10.876788513232958,11.14684571969752,10.830226742168326,11.137533187866211,8824600,0.0,0.0
2025-02-17,11.165469942440525,11.482088921307383,11.128220703049832,11.361028671264648,8666500,0.0,0.0
2025-02-18,11.361028523350289,11.398277762256017,11.044409548605636,11.128220558166504,9390300,0.0,0.0
2025-02-19,11.044408964208905,11.044408964208905,10.85816277953517,10.951286315917969,9371400,0.0,0.0
2025-02-20,10.886099582987201,11.025784888815988,10.82091363978889,10.960598945617676,11557600,0.0,0.0
2025-02-21,10.932661482177041,11.035097551960027,10.839538831937459,10.979223251342773,6798900,0.0,0.0
2025-02-24,11.10959643160565,11.128220607094446,10.802289987259261,10.914037704467773,13786600,0.0,0.0
2025-02-25,10.91403739000372,11.444839253473246,10.867475620485436,11.31446647644043,11960200,0.0,0.0
2025-02-26,11.426215591298446,11.454152299026385,11.146845849743281,11.156157493591309,13145300,0.0,0.0
2025-02-27,11.212031462478633,11.351715885040905,11.137532985366501,11.221343994140625,9315100,0.0,0.0
2025-02-28,11.128221381143554,11.202719864464477,10.80229073863751,10.895413398742676,18253300,0.0,0.0
2025-03-05,10.709167190440368,11.01647365616217,10.671917948779907,10.895413398742676,9015200,0.0,0.0
2025-03-06,10.988535853201897,11.025785091154777,10.820913838368,10.876788139343262,6449300,0.0,0.0
2025-03-07,10.690541183994512,11.090971162645575,10.6812295404685,10.997848510742188,8762100,0.0,0.0
2025-03-10,10.792976511260143,10.914036749668222,10.727790570614191,10.811600685119629,8088000,0.0,0.0
2025-03-11,10.72779086540522,10.774351745379306,10.57879302997582,10.737102508544922,12968700,0.0,0.0
2025-03-12,10.792978092022937,10.895413283482574,10.709167077150523,10.77435302734375,10768700,0.0,0.0
2025-03-13,10.792976906737215,10.802289438054107,10.504294652556675,10.746415138244629,16172300,0.0,0.0
2025-03-14,10.867475640382372,10.9885358861148,10.71847868812458,10.886099815368652,32515300,0.0,0.0
2025-03-17,10.997848881809476,11.351716214310482,10.932662046376617,11.258593559265137,11322100,0.0,0.0
2025-03-18,11.2865302764749,11.314466984202838,11.053722306527582,11.156157493591309,13982900,0.0,0.0
2025-03-19,11.156157484195754,11.342404570470295,11.090971536854822,11.258593559265137,11079800,0.0,0.0
2025-03-20,11.286529713568077,11.305154776519077,11.081658461566493,11.090970993041992,5374500,0.0,0.0
2025-03-21,11.025785020508504,11.12822020219961,10.941974013628563,10.979223251342773,13372000,0.0,0.0
2025-03-24,10.914037409985903,11.053721830704612,10.848850577304205,10.886099815368652,5048700,0.0,0.0
2025-03-25,10.960599076531608,11.165469439913819,10.8488504752971,10.979223251342773,4502800,0.0,0.0
2025-03-26,11.072346687316895,11.249280342800771,11.063034155951462,11.072346687316895,9674400,0.0,0.0
2025-03-27,11.118907695032808,11.27721717768693,11.063034282385402,11.19340705871582,8403800,0.0,0.0
2025-03-28,11.165469369695145,11.193406963874015,11.016472419775337,11.081658363342285,10586000,0.0,0.0
2025-03-31,10.979222990302956,11.063033995190223,10.783664274929952,10.83953857421875,7644400,0.0,0.0
2025-04-01,10.802289337390171,11.035097289591754,10.737102506871263,10.83953857421875,8034200,0.0,0.0
2025-04-02,10.886098669125582,11.072345727928974,10.848849434983263,10.96990966796875,7813000,0.0,0.0
2025-04-03,10.895412640938384,11.612461603144613,10.886100109147986,11.351716041564941,20167200,0.0,0.0
2025-04-04,11.05372119661157,11.118907137462012,10.86747501697328,10.923348426818848,15909100,0.0,0.0
2025-04-07,10.792977333068848,11.212031489871379,10.681229617127633,10.792977333068848,11436000,0.0,0.0
2025-04-08,10.848850516752357,10.960599118413874,10.67191685895674,10.765040397644043,11370400,0.0,0.0
2025-04-09,10.690541285972555,11.044409498001558,10.560169394445806,10.904725074768066,14340500,0.0,0.0
2025-04-10,10.783664274929952,10.923348691014159,10.737102506871263,10.83953857421875,15767300,0.0,0.0
2025-04-11,10.979224414501708,11.072347962698847,10.867476689520323,10.895413398742676,17300200,0.0,0.0
2025-04-14,11.063034514646365,11.118907928466797,10.858163258423682,11.118907928466797,27675500,0.0,0.0
2025-04-15,11.10028331538001,11.631085166196453,11.007159778563292,11.603148460388184,19151900,0.0,0.0
2025-04-16,11.500714106601732,11.603149293985815,11.4075905630948,11.482089042663574,10671900,0.0,0.0
2025-04-17,11.435526028717003,11.742832445579777,11.40758932393634,11.659022331237793,7065100,0.0,0.0
2025-04-22,11.659023983613828,12.003579685046946,11.631086386781876,11.854581832885742,15762600,0.0,0.0
2025-04-23,11.994265914472493,12.273635637305963,11.891830734273363,12.14326286315918,10391500,0.0,0.0
2025-04-24,12.022202847086968,12.236386630932842,11.91976766495574,12.171199798583984,13592400,0.0,0.0
2025-04-25,12.143263216955173,12.376071178083984,12.012890439009956,12.29226016998291,12487200,0.0,0.0
2025-04-28,12.292259743386932,12.459881753771855,12.236386331986534,12.245697975158691,9291100,0.0,0.0
2025-04-29,12.366757491865274,12.5995654312578,12.329508257086141,12.376070022583008,18830000,0.0,0.0
2025-04-30,12.366758796545309,12.57163005349014,12.273636143819042,12.525068283081055,11708200,0.0,0.0
2025-05-02,12.35744765289271,13.018621444702148,12.171200563721214,13.018621444702148,6083200,0.0,0.0
2025-05-05,12.91618464824917,12.972058945663447,12.515754699707031,12.515754699707031,5718300,0.0,0.0
2025-05-06,12.63681630455105,12.813750858762461,12.3946966911389,12.450570106506348,6970300,0.0,0.0
2025-05-07,12.47850638835773,12.562317396640754,12.180512481655327,12.404007911682129,5766500,0.0,0.0
2025-05-08,12.850999350768484,12.850999350768484,12.404007613372881,12.478506088256836,6419000,0.0,0.0
2025-05-09,12.580942298629473,12.636815711374203,12.106013849839858,12.273635864257812,13163800,0.0,0.0
2025-05-12,12.4226331275388,12.4226331275388,12.022203144418285,12.096701622009277,4671800,0.0,0.0
2025-05-13,12.171200365393332,12.52506858572423,12.106014418100667,12.450570106506348,13508800,0.0,0.0
2025-05-14,12.320196800954026,12.64612829976851,12.320196800954026,12.49713134765625,9021300,0.0,0.0
2025-05-15,12.925498451110517,12.925498451110517,12.310885559531156,12.329509735107422,10897000,0.0,0.0
2025-05-16,12.26432412138611,12.58094310760498,12.152576400619205,12.58094310760498,7660600,0.0,0.0
2025-05-19,12.757876601350382,12.813750905011425,12.459882683403304,12.674065589904785,6438700,0.0,0.0
2025-05-20,12.7206261081775,12.850998878479004,12.366757921437854,12.850998878479004,12709800,0.0,0.0
2025-05-21,12.674065006266586,12.804437783410757,12.42263287160012,12.49713134765625,11565200,0.0,0.0
2025-05-22,12.422633171081543,12.664753668146883,12.32950962972044,12.422633171081543,6432300,0.0,0.0
2025-05-23,12.34813481418017,12.618192021062304,12.05014001176091,12.543693542480469,8264600,0.0,0.0
2025-05-26,12.54369239233773,12.906872220100906,12.534379861345895,12.627503395080566,3243300,0.0,0.0
2025-05-27,13.03724595308882,13.130369493704787,12.906873173844849,12.953434944152832,5046500,0.0,0.0
2025-05-28,13.037245521024627,13.037245521024627,12.804437565292044,13.009308815002441,3573600,0.0,0.0
2025-05-29,13.130369541518352,13.130369541518352,12.534380833208088,12.739252090454102,10106200,0.0,0.0
2025-05-30,12.739252303531174,12.795125718565235,12.431945856568092,12.55300521850586,13034600,0.0,0.0
2025-06-02,12.739251638442552,12.823062644709971,12.338821669872388,12.478506088256836,6052000,0.0,0.0
2025-06-03,12.441257500345822,12.55300521850586,12.301573074668754,12.55300521850586,5749800,0.0,0.0
2025-06-04,12.571629753314124,12.729939236069875,12.487818746197329,12.599566459655762,6329800,0.0,0.0
2025-06-05,12.674065665789923,12.795125917703748,12.534381237938861,12.571630477905273,10460600,0.0,0.0
2025-06-06,12.62750452870675,12.62750452870675,12.301573019466945,12.43194580078125,4050100,0.0,0.0
2025-06-09,12.422632843902043,12.497131319792068,12.161888178286958,12.385383605957031,3969300,0.0,0.0
2025-06-10,12.469194444965247,12.599566331966232,12.431945207523269,12.478506088256836,5695900,0.0,0.0
2025-06-11,12.329509782185784,12.683378000405197,12.255011303412426,12.55300521850586,3107800,0.0,0.0
2025-06-12,12.404007613372881,12.646128100791671,12.394695970081292,12.478506088256836,2919400,0.0,0.0
2025-06-13,12.338822387679526,12.450570106506348,12.245698844611214,12.450570106506348,4207700,0.0,0.0
2025-06-16,12.618192271574213,12.823063535787577,12.497132019452312,12.683378219604492,6611600,0.0,0.0
2025-06-17,12.80443816713261,12.878936645421302,12.599566907792752,12.7578763961792,5681400,0.0,0.0
2025-06-18,12.785813299438452,12.88824937472402,12.692690644196576,12.776501655578613,6395400,0.0,0.0
2025-06-20,12.599567283686827,12.841687789394426,12.562318043431192,12.58094310760498,7449500,0.0,0.0
2025-06-23,12.525068152470237,12.636815867431599,12.385383730791508,12.506443977355957,8987300,0.0,0.0
2025-06-24,12.580942956701323,13.009309658549002,12.357447517848255,12.785813331604004,8163500,0.0,0.0
2025-06-25,12.52506851098883,12.692690532274845,12.45988256408512,12.55300521850586,6142000,0.0,0.0
2025-06-26,12.655441381944213,12.720627329306632,12.385384172467422,12.664753913879395,6324200,0.0,0.0
2025-06-27,12.562318043431192,12.832375257307532,12.553005511344297,12.58094310760498,5900300,0.0,0.0
2025-06-30,12.711313479479404,12.981370660957026,12.627503365027867,12.841686248779297,8444700,0.0,0.0
2025-07-01,12.869624235680732,13.046558789363534,12.832374996183075,12.878936767578125,3762400,0.0,0.0
2025-07-02,12.850999044437158,12.916184986383803,12.497130853127647,12.655440330505371,5527800,0.0,0.0
2025-07-03,12.664753839469526,12.851000036619272,12.571630296848694,12.767189025878906,3447600,0.0,0.0
2025-07-04,12.711313479479404,12.953433956139847,12.664752600814717,12.841686248779297,1660600,0.0,0.0
2025-07-07,12.711313576733332,13.027932527389918,12.646127635630567,12.748562812805176,5770700,0.0,0.0
2025-07-08,12.739251334774973,12.823062339044574,12.590254388558726,12.655440330505371,5166100,0.0,0.0
2025-07-09,12.55300393528594,12.711313408519258,12.43194458572336,12.515754699707031,8903100,0.0,0.0
2025-07-10,12.385383709671192,12.41332041634092,12.1711999236249,12.29226016998291,11372900,0.0,0.0
2025-07-11,12.115326258850763,12.310884977664125,12.050139427185059,12.050139427185059,6987400,0.0,0.0
2025-07-14,12.012889829057674,12.059451596537649,11.891830476938324,12.003578186035156,12782400,0.0,0.0
2025-07-15,12.161888602553361,12.41332074543041,12.040828352985924,12.329509735107422,8178500,0.0,0.0
2025-07-16,12.469194998973343,12.469194998973343,12.059452480814798,12.106014251708984,9014600,0.0,0.0
2025-07-17,12.106013924675182,12.21776163894731,12.012890385402462,12.068764686584473,4518300,0.0,0.0
2025-07-18,11.81733211458602,12.087389323077351,11.640398448922838,11.686960220336914,10568900,0.0,0.0
2025-07-21,11.696272629915546,11.761458576358367,11.454152131568046,11.565899848937988,8828700,0.0,0.0
2025-07-22,11.584524328570264,11.705584580922084,11.435527368165543,11.491401672363281,6219900,0.0,0.0
2025-07-23,11.416902820463338,11.752145970459523,11.398277756973153,11.6683349609375,8937000,0.0,0.0
2025-07-24,11.640397697496498,11.789394645929754,11.528649986171555,11.603148460388184,5741600,0.0,0.0
2025-07-25,11.603148891322116,11.640398129813844,11.454151937355203,11.547274589538574,7083800,0.0,0.0
2025-07-28,11.593836531631522,11.640398302459744,11.407590336410548,11.45415210723877,5544200,0.0,0.0
2025-07-29,11.547275186515854,11.584524426933315,11.388965692718665,11.500714302062988,11213200,0.0,0.0
2025-07-30,11.454152529518177,11.686960504150287,11.239968731048826,11.500714302062988,13234200,0.0,0.0
2025-07-31,11.37034024855948,11.584523135051663,11.30515430712131,11.46346378326416,8383000,0.0,0.0
2025-08-01,11.63108549395023,11.82664421630252,11.5286503110388,11.640398025512695,11070800,0.0,0.0
2025-08-04,11.770770072937012,11.929079547310947,11.668334008288092,11.770770072937012,8181000,0.0,0.0
2025-08-05,11.826642567468841,12.273634251138123,11.826642567468841,11.882516860961914,11540300,0.0,0.0
2025-08-06,11.919682557151626,12.288040745086857,11.900792878688288,11.995243072509766,10141300,0.179347,0.0
2025-08-07,11.94801778207214,12.184144622830503,11.94801778207214,12.136919975280762,3791100,0.0,0.0
2025-08-08,12.13691912032232,12.288040143641897,12.07080299705574,12.127473831176758,5446000,0.0,0.0
2025-08-11,12.089694426978607,12.250260750754485,12.061359458298279,12.136919975280762,4335000,0.0,0.0
2025-08-12,12.269149542423362,12.486386688603567,12.212479609160594,12.373045921325684,7022600,0.0,0.0
2025-08-13,12.231369384306692,12.45805092067205,12.231369384306692,12.363600730895996,5933100,0.0,0.0
2025-08-14,12.203033634729486,12.62806171334073,12.18414305753453,12.429715156555176,5830500,0.0,0.0
2025-08-15,12.429715526849375,12.675287633185869,12.354155017323118,12.561946868896484,5451200,0.0,0.0
2025-08-18,12.61861730838067,12.788628912031403,12.580837052097438,12.599727630615234,5265300,0.0,0.0
2025-08-19,12.458051105779978,12.505276651745884,12.136919374867029,12.184144020080566,7245400,0.0,0.0
2025-08-20,12.325820516125532,12.590282309437708,12.118028656718357,12.278594970703125,9076700,0.0,0.0
2025-08-21,12.174698634978926,12.694176895827008,12.155808057837827,12.514720916748047,7833000,0.0,0.0
2025-08-22,12.590281810748195,13.260882007077909,12.4958307236445,13.128650665283203,15620800,0.0,0.0
2025-08-25,13.138096344053475,13.28921736730246,13.015310287475586,13.015310287475586,8214200,0.0,0.0
2025-08-26,13.081426351936031,13.081426351936031,12.873634495526117,12.939749717712402,9694400,0.0,0.0
2025-08-27,12.807519213411073,13.33644278993112,12.798073924356558,13.2703275680542,6725000,0.0,0.0
2025-08-28,13.440338598202334,13.742581550122257,13.345888407588655,13.563124656677246,8643300,0.0,0.0
2025-08-29,13.553680771710772,13.685911223633235,13.468674966473532,13.600905418395996,8335700,0.0,0.0
2025-09-01,13.676464897391075,13.770915985107422,13.553679744413083,13.770915985107422,3361400,0.0,0.0
2025-09-02,13.733135901609337,13.733135901609337,13.497009080123103,13.515899658203125,6367000,0.0,0.0
2025-09-03,13.515900231136369,13.808696997769522,13.506454941695976,13.789807319641113,9210600,0.0,0.0
2025-09-04,13.81814214917145,14.063714267654214,13.714246668622145,13.959817886352539,6647900,0.0,0.0
2025-09-05,14.05426858674673,14.27150483113903,13.903147564429938,14.073158264160156,9352000,0.0,0.0
2025-09-08,14.025932855625175,14.092048074096407,13.846475975842838,13.978707313537598,3644900,0.0,0.0
2025-09-09,14.082603020689163,14.092048309414862,13.7709156987596,13.874811172485352,4427300,0.0,0.0
2025-09-10,13.78036117553711,14.007042703533386,13.78036117553711,13.78036117553711,7938900,0.0,0.0
2025-09-11,13.789807429922151,14.214835549862737,13.714246915299485,13.94092845916748,6340400,0.0,0.0
2025-09-12,13.789807069041043,13.978708350654134,13.789807069041043,13.808696746826172,3532600,0.0,0.0
2025-09-15,13.846476575229673,14.00704288482666,13.808696320074636,14.00704288482666,2952400,0.0,0.0
2025-09-16,14.10149401268839,14.139274267949515,13.922037124633789,13.922037124633789,3155600,0.0,0.0
2025-09-17,13.808696320074636,14.092048684113575,13.544234533989382,14.00704288482666,14518800,0.0,0.0
2025-09-18,13.997596703957248,14.356509555437214,13.931481486836718,14.328174591064453,9527100,0.0,0.0
2025-09-19,14.347065925598145,14.394291472180251,14.148719350555204,14.347065925598145,8450300,0.0,0.0
2025-09-22,14.233724943730692,14.252615522385089,14.073158628177792,14.205389976501465,6120400,0.0,0.0
2025-09-23,14.214835364857777,14.271505299711027,14.0731587262199,14.195944786071777,4331300,0.0,0.0
2025-09-24,14.167608581135612,14.233723799606844,13.903146806498391,13.978707313537598,7896800,0.0,0.0
2025-09-25,14.025933342415149,14.129828818011823,13.855921745300293,13.855921745300293,9969700,0.0,0.0
2025-09-26,13.903147447379395,14.016488213162772,13.780361392592651,13.922037124633789,4151400,0.0,0.0
2025-09-29,14.129829811838487,14.243170584302812,14.073158975230129,14.177055358886719,5285500,0.0,0.0
2025-09-30,14.347065597738876,14.347065597738876,13.97870832447139,14.054268836975098,7312800,0.0,0.0
2025-10-01,13.978708465044614,14.063714267654214,13.874812083742938,13.959817886352539,6019600,0.0,0.0
2025-10-02,13.950373106272314,13.978708072762899,13.582014938885333,13.591460227966309,7151300,0.0,0.0
2025-10-03,13.572570307274997,13.761471594283398,13.421449277668279,13.695356369018555,14861600,0.0,0.0
2025-10-06,13.770916459062953,13.770916459062953,13.459229119924881,13.487564086914062,8167300,0.0,0.0
2025-10-07,13.459228968833743,13.49700922464599,12.920860098321144,13.015310287475586,13044200,0.0,0.0
2025-10-08,13.10031590967168,13.251436930860745,12.977529854767482,13.194766998291016,6734100,0.0,0.0
2025-10-09,13.289217794187218,13.402558565264762,13.09087121961342,13.223102569580078,8275200,0.0,0.0
2025-10-10,13.364777028914997,13.412002570864805,13.053089713099473,13.166430473327637,10795700,0.0,0.0
2025-10-13,13.37422359768347,13.37422359768347,13.166431733665117,13.223102569580078,3744600,0.0,0.0
2025-10-14,13.27977344926539,13.298663127464385,13.053091005610774,13.138096809387207,4216000,0.0,0.0
2025-10-15,13.024755610927507,13.468674293455067,12.996420644181766,13.336442947387695,15009700,0.0,0.0
2025-10-16,13.18532237928753,13.58201553044286,13.18532237928753,13.459229469299316,8489200,0.0,0.0
2025-10-17,13.40255760927233,13.761470475793143,13.33644238938113,13.629240036010742,9633000,0.0,0.0
2025-10-20,13.648130598893001,14.318730832370907,13.648130598893001,14.035378456115723,9391000,0.0,0.0
2025-10-21,14.05426929686227,14.29984142091117,13.950373813958068,14.177055358886719,10119600,0.0,0.0
2025-10-22,14.280950059206083,14.460406948004795,14.08260349307465,14.403736114501953,9764700,0.0,0.0
2025-10-23,14.48874102441177,14.535966565971261,14.186498999634688,14.233723640441895,10385100,0.0,0.0
2025-10-24,14.460406810067116,14.5831919634394,14.384845399199996,14.498187065124512,10358000,0.0,0.0
2025-10-27,14.545412524496355,14.753204389346983,14.545412524496355,14.668198585510254,8113400,0.0,0.0
2025-10-28,14.620972608707577,14.866544723510742,14.554857385780707,14.866544723510742,11493600,0.0,0.0
2025-10-29,14.932660984570337,15.008221497396875,14.696534156799316,14.696534156799316,13861800,0.0,0.0
2025-10-30,14.696533848026627,14.743758491986755,14.233724590747206,14.639863014221191,10297600,0.0,0.0
2025-10-31,14.705977833581782,15.074335991347208,14.6115276474961,14.998775482177734,17227800,0.0,0.0
2025-11-03,15.112116478887888,15.367133876830241,15.02711067957377,15.225458145141602,8607900,0.0,0.0
2025-11-04,15.131006525312953,15.37657862564878,15.08378098282494,15.34824275970459,12023900,0.0,0.0
2025-11-05,15.348243338528667,15.489919070583381,14.913769952607916,15.14045238494873,25419700,0.0,0.0
2025-11-06,15.244347177491745,15.301018912322242,14.998775965159378,15.28212833404541,13293000,0.0,0.0
2025-11-07,15.301019136833116,15.301019136833116,14.800429614180146,15.01766586303711,9800400,0.0,0.0
2025-11-10,15.112115330152841,15.386023285234037,15.093224753629062,15.23490047454834,7581900,0.0,0.0
2025-11-11,15.489918486416327,15.773271741344406,15.291572829320817,15.34824275970459,13258000,0.0,0.0
2025-11-12,15.34824377048604,15.556034729913996,15.22545861298423,15.42380428314209,12604800,0.0,0.0
2025-11-13,15.414358861692108,15.42380415088121,14.951550500454346,15.112116813659668,12977400,0.0,0.0
2025-11-14,15.140451752415249,15.357687985923821,15.055445055680533,15.272682189941406,10602600,0.0,0.0
2025-11-17,15.282128457754299,15.282128457754299,14.913770285145361,15.027111053466797,11256400,0.0,0.0
2025-11-18,14.989330895958455,15.10267166502544,14.885435416168475,15.01766586303711,10567000,0.0,0.0
2025-11-19,15.16878617743289,15.16878617743289,14.583191780993307,14.998775482177734,9302500,0.0,0.0
2025-11-21,14.99877601167539,15.046001556761583,14.715423641910592,14.790984153747559,10764400,0.0,0.0
2025-11-24,14.743758340240467,15.140452371290962,14.734313951997052,15.055445671081543,11034700,0.0,0.0
2025-11-25,15.168786846481328,15.319907871485759,15.07433665622974,15.10267162322998,9106000,0.0,0.0
2025-11-26,15.093225503659921,15.39546753704163,15.083781115680976,15.253791809082031,8267900,0.0,0.0
2025-11-27,15.253791809082031,15.367133472352483,15.225457744392886,15.253791809082031,2915600,0.0,0.0
2025-11-28,15.225457872272466,15.35768831261142,15.083781242370605,15.083781242370605,5935300,0.0,0.0
2025-12-01,15.046001899796787,15.310462796503284,14.998776353633895,15.24434757232666,7655800,0.0,0.0
2025-12-02,15.348243475958547,15.518255076548376,15.253792386574787,15.452139854431152,9412300,0.0,0.0
2025-12-03,15.603260076022414,15.67882058335042,15.4521390613664,15.518254280090332,7275200,0.0,0.0
2025-12-04,15.584370768321943,15.943282756990905,15.471029097344786,15.65048599243164,16782600,0.0,0.0
2025-12-05,15.678821889763903,15.678821889763903,14.705978700538648,14.762649536132812,13987800,0.0,0.0
2025-12-08,14.91377040598752,14.91377040598752,14.554857519685287,14.696534156799316,16366600,0.0,0.0
2025-12-09,14.573747890356248,14.668198079665792,14.243169975891961,14.630417823791504,11034500,0.0,0.0
2025-12-10,14.6776432698407,14.866544547938247,14.592637469508718,14.639863014221191,11027200,0.0,0.0
2025-12-11,14.598247564558353,14.941511050338324,14.598247564558353,14.779414176940918,8695600,0.146355,0.0
2025-12-12,14.874765427681604,15.275239944458008,14.788949329895438,15.275239944458008,13441200,0.0,0.0
2025-12-15,15.437336033511011,15.56129160254307,15.265703846638152,15.38012409210205,7269800,0.0,0.0
2025-12-16,15.237098700675604,15.332450122841303,14.321729412709967,14.41707992553711,15996800,0.0,0.0
2025-12-17,14.312194756130213,14.407545273404395,13.91172021929829,14.33126449584961,15388700,0.0,0.0
2025-12-18,13.988000608712053,14.350334746712482,13.988000608712053,14.302659034729004,11653000,0.0,0.0
2025-12-19,14.293123901556118,14.483825842701041,14.169167412477272,14.426615715026855,10561800,0.0,0.0
2025-12-22,14.331263903232093,14.445685064832798,14.04521054456105,14.178702354431152,6240200,0.0,0.0
2025-12-23,14.27405425267788,14.38847541809082,14.169167502378741,14.38847541809082,4044100,0.0,0.0
2025-12-26,14.178702736869164,14.436151039418748,14.178702736869164,14.426615715026855,3108300,0.0,0.0
2025-12-29,14.331263880051957,14.426615302567598,14.197772979736328,14.197772979736328,3834400,0.0,0.0
2025-12-30,14.312194245365246,14.455220470841587,14.226378146344018,14.359869956970215,5352300,0.0,0.0
2026-01-02,14.41707981918603,14.455220205903247,14.159632436179455,14.254982948303223,4155300,0.0,0.0
2026-01-05,14.197773408789711,14.493361190711388,14.169167435567418,14.40754508972168,4756600,0.0,0.0
2026-01-06,14.378939677952092,14.893835362094302,14.378939677952092,14.760343551635742,9810100,0.0,0.0
2026-01-07,14.750808985947163,14.750808985947163,14.560107051055567,14.636387825012207,8163400,0.0,0.0
2026-01-08,14.722203242613938,14.81755466621156,14.455220529614591,14.521965980529785,7890900,0.0,0.0
2026-01-09,14.636388804613562,14.979652310392774,14.531502051399285,14.81755542755127,9752900,0.0,0.0
2026-01-12,14.82708969192792,14.836625015963422,14.531501012197179,14.655457496643066,5676900,0.0,0.0
2026-01-13,14.569642246661104,14.588712895841638,14.274054459071642,14.293124198913574,5697200,0.0,0.0
2026-01-14,14.455220380001839,14.569641541531576,14.245447795861375,14.39801025390625,5604000,0.0,0.0
2026-01-15,14.483825866303958,14.636388328807096,14.321729898070558,14.40754508972168,6029600,0.0,0.0
2026-01-16,14.407544794878525,14.550571930047255,14.331264019857297,14.541036605834961,6498700,0.0,0.0
2026-01-19,14.569642158812025,14.65545826092979,14.417080603642045,14.531501770019531,2497900,0.0,0.0
2026-01-20,14.455219866926011,14.655457119830439,14.388474419070713,14.607781410217285,4355200,0.0,0.0
2026-01-21,14.760343189142098,15.160817701344113,14.664992677732144,15.13221263885498,12333900,0.0,0.0
2026-01-22,15.208493891447626,15.990373201968296,15.170353503812853,15.761530876159668,15648800,0.0,0.0
2026-01-23,15.818742254707931,16.4575944801478,15.656645367098493,16.22875213623047,10016700,0.0,0.0
2026-01-26,16.333635334647163,16.39084727854253,16.04758288987868,16.152469635009766,7478200,0.0,0.0
2026-01-27,16.400383408924803,16.52433898943876,16.133399780316882,16.209680557250977,9803800,0.0,0.0
2026-01-28,16.162005266758698,16.24782136555882,15.990373069158451,16.219215393066406,12895700,0.0,0.0
2026-01-29,16.314566465523153,16.37177659060174,15.561292240833914,15.933160781860352,9882000,0.0,0.0
2026-01-30,15.856881372183794,16.076190204748457,15.647109683075467,15.980838775634766,9830100,0.0,0.0
2026-02-02,16.190609908348158,16.209680557250977,15.952232253094468,16.209680557250977,7106500,0.0,0.0
2026-02-03,16.352705799494625,16.638760059736963,16.028512062426223,16.409915924072266,10719200,0.0,0.0
2026-02-04,16.552944085008928,16.552944085008928,15.856879986384993,15.952231407165527,5952400,0.0,0.0
2026-02-05,16.057118699433268,16.266890377361907,15.952231951130377,16.142934799194336,4945000,0.0,0.0
2026-02-06,16.133400218906214,16.3908485300615,16.009444635022497,16.2382869720459,5631200,0.0,0.0
2026-02-09,16.314567869194107,16.44805877875511,16.19061046573554,16.38131332397461,12378500,0.0,0.0
2026-02-10,16.591082988972655,16.591082988972655,15.809204639201173,16.200143814086914,7654500,0.0,0.0
2026-02-11,16.362242233702535,16.657830019202,16.20968067869138,16.352706909179688,7836300,0.0,0.0
2026-02-12,16.247820200650324,16.35270512158174,15.828275060893677,15.87594985961914,13627200,0.0,0.0
2026-02-13,15.656644492063156,15.704319295710787,15.380125538610798,15.608969688415527,13456000,0.0,0.0
2026-02-18,15.76153114180644,15.790135296341406,15.341985961414318,15.44687271118164,14779900,0.0,0.0
2026-02-19,15.551757642271795,15.580363615483929,15.027327530789519,15.44687271118164,48669400,0.0,0.0
2026-02-20,15.294310190752517,15.771065468738414,15.218028509683329,15.64710807800293,15269500,0.0,0.0
2026-02-23,15.647108904589146,15.942696683325773,15.542222155914763,15.923627853393555,19138500,0.0,0.0
2026-02-24,15.999908875351514,16.257355360830843,15.790135374774872,16.209680557250977,14483000,0.0,0.0
2026-02-25,16.314567080404842,16.324102404723497,15.761531000662838,15.904557228088379,9150200,0.0,0.0
2026-02-26,15.999909727572184,16.200146095685646,15.895022971697164,16.047584533691406,17705700,0.0,0.0
2026-02-27,15.904555830060614,15.98083659922755,15.704317674324285,15.87594985961914,12213000,0.0,0.0
2026-03-02,15.656644151215247,15.98083790125748,15.561292727318623,15.742460250854492,25155800,0.0,0.0
2026-03-03,15.04639678811199,15.427801568004774,14.588712143446912,15.03686237335205,16663600,0.0,0.0
2026-03-04,15.303844305355131,15.628038052790787,15.179888728360146,15.599433898925781,11067900,0.0,0.0
2026-03-05,15.380124787183409,15.523152828492734,15.017791568603283,15.094072341918945,8127700,0.0,0.0
2026-03-06,14.912906272686193,15.179888988959549,14.722203423152358,14.865230560302734,15199900,0.0,0.0
2026-03-09,14.607781992511049,14.97965145111084,14.550571866165582,14.97965145111084,8787000,0.0,0.0
2026-03-10,15.122677487650074,15.494546941610608,14.931975553313347,15.275239944458008,11538800,0.0,0.0
2026-03-11,14.989186240660532,15.380124514980428,14.97011559299986,15.20849323272705,2946700,0.0,0.0
2026-03-12,14.836625184789163,14.884299986832069,14.378939628601074,14.378939628601074,9273200,0.0,0.0
2026-03-13,14.474291037236894,14.598247522972299,14.178702354431152,14.178702354431152,8592600,0.0,0.0
2026-03-16,14.474291155026027,14.579176993345575,14.407544794878525,14.541036605834961,6630700,0.0,0.0
2026-03-17,14.445685295783743,14.760343722550937,14.302659068830865,14.48382568359375,14123600,0.0,0.0
2026-03-18,14.388475259252099,14.693598363651596,14.293123834457967,14.445685386657715,9946600,0.0,0.0
2026-03-19,13.635201537397185,14.617317184614231,13.635201537397185,14.41707992553711,12001100,0.0,0.0
2026-03-20,14.52196609478005,14.52196609478005,13.968930015975442,14.083352088928223,12863400,0.0,0.0
2026-03-23,14.42661575472223,14.94151145189957,14.359870302472501,14.808019638061523,11664600,0.0,0.0
2026-03-24,14.569641884677903,14.703133697609228,14.407545008025073,14.645922660827637,6948700,0.0,0.0
2026-03-25,14.903370609481362,15.084537221212994,14.827089835137668,14.9987211227417,4158200,0.0,0.0
2026-03-26,14.874765654937717,14.89383539399346,14.560107231140137,14.560107231140137,7698000,0.0,0.0
2026-03-27,14.560107719841909,14.684063301211156,14.321730062943425,14.550572395324707,8138800,0.0,0.0
2026-03-30,14.693598649722283,14.693598649722283,14.407545279109273,14.531501770019531,5194700,0.0,0.0
2026-03-31,14.703133216716855,15.227564217597756,14.579176732193114,15.075002670288086,9825900,0.0,0.0
2026-04-01,15.227564100024537,15.942696120182381,15.103607616457872,15.313379287719727,26337700,0.0,0.0
2026-04-02,14.951046303799265,15.485011723598634,14.931975655565722,15.437336921691895,7927200,0.0,0.0
2026-04-06,15.43733665783956,15.504082106839041,15.160817719210762,15.332449913024902,15916700,0.0,0.0
2026-04-07,15.30384458739117,15.380125363565513,15.141748620024623,15.265705108642578,6176200,0.0,0.0
2026-04-08,15.923628431360823,16.495733360989945,15.599434667943138,15.675715446472168,19880000,0.0,0.0
2026-04-09,15.751995653263528,15.923627853393555,15.61850293167509,15.923627853393555,18787800,0.0,0.0
2026-04-10,15.961766310593703,16.343170164990553,15.866414892325231,16.162004470825195,9626100,0.0,0.0
2026-04-13,16.03804761100148,16.200144481806724,15.866415416186857,16.114328384399414,8436500,0.0,0.0
2026-04-14,16.114329394742875,16.73411094479506,16.04758394116948,16.715042114257812,11674200,0.0,0.0
2026-04-15,16.591084094161477,16.95341914101153,16.591084094161477,16.76271629333496,9410900,0.0,0.0
2026-04-16,16.772251362063553,16.848532136236624,16.343170870666828,16.47666358947754,7460400,0.0,0.0
2026-04-17,16.972488417647046,16.98202374214961,16.638761153443223,16.791322708129883,9322000,0.0,0.0
2026-04-20,16.810389982162278,16.810389982162278,16.581547671318365,16.63875961303711,5129300,0.0,0.0
2026-04-22,16.5255643069243,16.57340828986813,15.989702207272392,16.085391998291016,9218500,0.061704,0.0
2026-04-23,15.999270518169023,16.219357573348603,15.693064663295873,15.76961612701416,4859700,0.0,0.0
2026-04-24,15.693064663295873,15.817461932544878,15.559100058071584,15.76961612701416,4416700,0.0,0.0
2026-04-27,15.788754584368212,15.788754584368212,15.281600904752281,15.386858940124512,6940500,0.0,0.0
2026-04-28,15.128497995871877,15.319876657056994,14.975394154358344,15.300738334655762,6820300,0.0,0.0
2026-04-29,14.984963458794992,15.195480444393597,14.83186052838344,14.870136260986328,7615500,0.0,0.0
2026-04-30,15.090222270426011,15.405997289664924,14.850998715695596,15.310307502746582,9206900,0.0,0.0
2026-05-04,15.492118041759262,15.501687203042247,14.956256873262912,14.965826034545898,7180600,0.0,0.0
2026-05-05,14.870136260671094,15.09022240755712,14.774446472883179,14.927550315856934,12110700,0.0,0.0
2026-05-06,15.147635412319577,15.434702947939837,15.099790518861054,15.252893447875977,5286200,0.0,0.0
2026-05-07,15.147635515198804,15.27203187400966,14.937118530090784,14.994532585144043,9526300,0.0,0.0
2026-05-08,15.272031804494027,15.386859001512425,15.109359713909935,15.185911178588867,5703400,0.0,0.0
2026-05-11,15.042377535378657,15.18591130470229,14.650051047499641,14.784015655517578,9845600,0.0,0.0
2026-05-12,14.659619381393119,14.78401574139339,14.496947288513184,14.496947288513184,6714000,0.0,0.0
2026-05-13,14.391689425818795,14.573498931061337,14.008932092378986,14.037638664245605,12946500,0.0,0.0
2026-05-14,14.085483536431884,14.248155631023758,14.085483536431884,14.123759269714355,4094700,0.0,0.0
2026-05-15,13.807984249805656,14.16203501101023,13.712294460262598,14.07591438293457,15081000,0.0,0.0
2026-05-18,13.951518000546734,14.190741561478696,13.922811428753228,14.104620933532715,11190400,0.0,0.0
2026-05-19,13.760139375838685,14.095051814614829,13.760139375838685,14.047207832336426,11658800,0.0,0.0
2026-05-20,14.171603987720047,14.745739979796895,14.15246566503476,14.573498725891113,7195100,0.0,0.0
2026-05-21,14.362982743251754,14.496947352640444,14.209879811055847,14.353413581848145,7297800,0.0,0.0
2026-05-22,14.162035078837514,14.334275423248293,13.798415154424031,13.874966621398926,10684600,0.0,0.0
2026-05-25,14.047207811097838,14.219448154683693,13.999362916326309,14.07591438293457,2422300,0.0,0.0
2026-05-26,13.989793828488724,14.05677613398212,13.798415160960825,13.884535789489746,4816900,0.0,0.0
2026-05-27,14.075913525397336,14.17160330911075,13.674017893905646,13.71229362487793,5348200,0.0,0.0
2026-05-28,13.865396611748416,13.941948074040708,13.520915031433105,13.520915031433105,9356200,0.0,0.0
2026-05-29,13.482639285981403,13.626173049485802,13.166864276219396,13.501776695251465,21315900,0.0,0.0
2026-06-01,13.578328171869616,13.626173063943652,13.377380355210999,13.520915031433105,11119600,0.0,0.0
2026-06-02,13.415656972385579,13.731431981858012,13.415656972385579,13.54005241394043,10538800,0.0,0.0
2026-06-03,13.367812122719915,13.473070155355433,13.195570876075053,13.37738037109375,15162200,0.0,0.0
2026-06-05,13.348673827627973,13.540052483969959,13.272122365091178,13.358242988586426,9926300,0.0,0.0
2026-06-08,13.272122397335913,13.434794483763168,13.243415826956227,13.291260719299316,6911500,0.0,0.0
2026-06-09,13.51134588116164,13.549621612337974,13.291260655039075,13.425225257873535,10663800,0.0,0.0
2026-06-10,13.37738044891196,13.37738044891196,13.157295221421405,13.205140113830566,8239500,0.0,0.0
2026-06-11,13.262553181058713,13.559190782296767,13.109450256251492,13.492208480834961,13306800,0.0,0.0
2026-06-12,13.425225282991498,13.540052476735335,13.272122357999713,13.348673820495605,11928400,0.0,0.0
2026-06-15,13.683587133191883,13.951517251533014,13.37738037109375,13.37738037109375,9674700,0.0,0.0
2026-06-16,13.329536405759946,13.48263933068977,13.300828922911542,13.39651870727539,8018000,0.0,0.0
2026-06-17,13.482639374531383,13.587897407621552,13.16686436269546,13.233846664428711,10485900,0.0,0.0
2026-06-18,13.099881173622139,13.415657098631543,13.071174603190526,13.157295227050781,8003000,0.0,0.0
2026-06-19,13.119019521178041,13.195570984188418,12.956347434139632,13.080743789672852,5138500,0.0,0.0
2026-06-22,13.099881130472264,13.377380410571568,13.09031288207019,13.319967269897461,8142500,0.0,0.0
2026-06-23,13.147725944243813,13.664448770052706,13.147725944243813,13.597466468811035,8920900,0.0,0.0
2026-06-24,13.578328141809296,13.769707709681752,13.482639270438478,13.64531135559082,10796000,0.0,0.0
2026-06-25,13.76013850444277,14.008931211823077,13.721862773504677,13.750569343566895,12479400,0.0,0.0
2026-06-26,13.721863674421146,13.999362970083038,13.597467312563682,13.855828285217285,9146200,0.0,0.0
2026-06-29,14.190741576164966,14.286431365662967,13.999362909734428,14.06634521484375,6682200,0.0,0.0
2026-06-30,13.894104900333598,14.075914405680647,13.788845949153046,13.98979377746582,7938500,0.0,0.0
2026-07-01,13.769708611985203,13.913242384729637,13.721863716881902,13.798415184020996,11209500,0.0,0.0
2026-07-02,13.932380640275921,14.018500355965932,13.798415117149014,13.99936294555664,9985900,0.0,0.0
2026-07-03,14.075914339443859,14.276862166811036,13.970656301324084,14.190741539001465,3976100,0.0,0.0
2026-07-06,14.028069502768243,14.152465864277548,13.884535730869683,14.037638664245605,11303400,0.0,0.0
2026-07-07,14.085483580451644,14.133328475345625,13.922811485351389,14.008932113647461,7821000,0.0,0.0
2026-07-08,13.92281153129019,13.970656426342037,13.654881396591506,13.836690902709961,10723300,0.0,0.0
2026-07-09,13.894104892347045,14.075914397589587,13.846259997525701,14.037638664245605,6648400,0.0,0.0
2026-07-10,14.477809878356078,14.554361344115406,14.190741425475872,14.496947288513184,9369100,0.0,0.0
2026-07-13,14.449103391983314,14.506516535358408,14.209879831934355,14.32470703125,7234400,0.0,0.0
2026-07-14,14.353413518355808,14.516085611235743,14.267292891235199,14.496947288513184,5730300,0.0,0.0
2026-07-15,14.429965062421298,14.525654851422459,14.286431291485016,14.31513786315918,6696700,0.0,0.0
2026-07-16,14.276862160113156,14.334275303582293,14.095051743141477,14.181172370910645,5470200,0.0,0.0
2026-07-17,14.13332845533203,14.190741599071133,13.94194887602711,13.980224609375,3269000,0.0,0.0
2026-07-20,13.980224658699095,14.047207876718328,13.874966619762397,13.932380676269531,2929400,0.0,0.0
2026-07-21,13.884535797761806,13.913242369766728,13.654881396591506,13.836690902709961,4976100,0.0,0.0
2026-07-22,13.922811449718049,14.142896688075432,13.798415088338258,14.07591438293457,4932500,0.0,0.0
2026-07-23,13.989793821861268,14.028069555348715,13.846260049424707,13.874966621398926,4450900,0.0,0.0
2026-07-24,13.721862775671838,13.827120807626866,13.65488047466095,13.8079833984375,4217800,0.0,0.0
2026-07-27,13.932380627114236,14.03763866567957,13.846259998940116,13.980224609375,3486100,0.0,0.0
2026-07-28,14.592637225071234,14.678757853065736,14.05677604675293,14.05677604675293,10001600,0.0,0.0
2026-07-29,14.056775247124666,14.123758460957488,13.473070119849806,13.54962158203125,5525800,0.0,0.0
2026-07-30,13.683587845003597,14.24815559387207,13.683587845003597,14.24815559387207,9152900,0.0,0.0
2026-07-31,14.477810030718594,14.477810030718594,13.903673118916041,14.123759269714355,5364500,0.0,0.0
2026-08-03,14.16203496060942,14.29599957041438,14.008932027937771,14.181172370910645,12040400,0.0,0.0
2026-08-04,14.496947367182834,14.554361423096623,14.286431291485016,14.31513786315918,6109800,0.0,0.0
2026-08-05,14.40125849746043,14.63091289609172,14.219448080786565,14.32470703125,7446500,0.0,0.0
2026-08-06,14.209879942149808,14.334275391282503,14.008932113647461,14.008932113647461,7429200,0.0,0.0
2026-08-07,14.075914443671934,14.114190177141223,13.807984309386907,13.865397453308105,6460300,0.0,0.0
2026-08-10,13.779275913629112,13.970655480884984,13.712293612628802,13.750569343566895,4599600,0.0,0.0
2026-08-11,13.760138590090516,13.827120891507748,13.39651868763264,13.425225257873535,11419900,0.0,0.0
2026-08-12,13.425225263224592,13.540052456799362,13.243415768205894,13.37738037109375,8270100,0.0,0.0
2026-08-13,13.348673816819073,13.645311418333014,13.32953640748308,13.453932762145996,8458500,0.0,0.0
2026-08-14,13.367812200482465,13.473070233730285,13.01376145675934,13.205140113830566,14531200,0.0,0.0
2026-08-17,13.147726058959961,13.310398145593714,13.109450327549984,13.147726058959961,10707300,0.0,0.0
2026-08-18,13.09031292374764,13.243415849453273,12.937209998042004,13.099881172180176,9893200,0.0,0.0
2026-08-19,13.291260687008085,13.463501021433164,13.195570902554383,13.358242988586426,12039000,0.0,0.0
2026-08-20,13.233846677133409,13.463501065495386,13.166864375335853,13.195570945739746,5776200,0.0,0.0
2026-08-21,13.300829706521748,13.97065641140028,13.291261457573988,13.874966621398926,24240500,0.0,0.0
2026-08-24,13.674018813558625,13.951518109912392,13.664449652030623,13.846260070800781,8312000,0.0,0.0
2026-08-25,13.884535582514797,14.535223042409939,13.846259849579788,14.468240737915039,24711700,0.0,0.0
2026-08-26,14.5447922316458,14.774446629695758,14.362982727997617,14.449103355407715,18925400,0.0,0.0
2026-08-27,14.324706981692248,14.544792218144464,14.267292925950326,14.429965019226074,11412900,0.0,0.0
2026-08-28,14.506516513051917,14.583067979144635,14.133328343991282,14.41082763671875,9960300,0.0,0.0
2026-08-31,14.573498676303709,14.99453264829292,14.496947210953936,14.793584823608398,19580000,0.0,0.0
2026-09-01,14.965825986520867,15.272031846070202,14.784015572989366,15.013669967651367,20975200,0.0,0.0
2026-09-02,15.405997242494774,15.855736866963824,15.109359634008511,15.472979545593262,52976700,0.0,0.0
2026-09-03,15.874875059971195,15.951426523621588,15.549530883174311,15.75047779083252,19874300,0.0,0.0
2026-09-04,15.635652414317358,16.075822899540977,15.559100946229295,16.056686401367188,22292900,0.0,0.0
2026-09-08,16.200000762939453,16.43000030517578,16.100000381469727,16.280000686645508,14268900,0.723315,0.0
2026-09-09,16.06999969482422,16.3799991607666,16.020000457763672,16.3799991607666,11929200,0.0,0.0
2026-09-10,16.270000457763672,16.690000534057617,16.1200008392334,16.670000076293945,16901000,0.0,0.0
2026-09-11,16.6200008392334,16.739999771118164,16.389999389648438,16.540000915527344,22776800,0.0,0.0
2026-09-14,16.149999618530273,16.520000457763672,16.149999618530273,16.3799991607666,9769200,0.0,0.0
2026-09-15,16.520000457763672,16.520000457763672,16.209999084472656,16.360000610351562,7967600,0.0,0.0
2026-09-16,16.3799991607666,16.479999542236328,16.15999984741211,16.229999542236328,9730400,0.0,0.0
2026-09-17,16.329999923706055,16.329999923706055,15.869999885559082,16.100000381469727,7978600,0.0,0.0
2026-09-18,16.100000381469727,16.31999969482422,15.979999542236328,16.139999389648438,19357600,0.0,0.0
2026-09-21,16.34000015258789,16.670000076293945,16.299999237060547,16.5,13519900,0.0,0.0
2026-09-22,16.350000381469727,16.729999542236328,16.350000381469727,16.690000534057617,8638800,0.0,0.0
2026-09-23,16.440000534057617,16.81999969482422,16.420000076293945,16.469999313354492,13214500,0.0,0.0
2026-09-24,16.549999237060547,16.56999969482422,16.290000915527344,16.450000762939453,7698000,0.0,0.0
2026-09-25,16.399999618530273,16.639999389648438,16.25,16.639999389648438,6687600,0.0,0.0
2026-09-28,16.5,16.760000228881836,16.34000015258789,16.489999771118164,6448700,0.0,0.0
