Date,Open,High,Low,Close,Volume,Dividends,Stock splits
2020-09-17,43.00971720331929,43.53802490234375,43.00971720331929,43.53802490234375,120,0.0,0.0
2020-09-18,43.53802490234375,43.53802490234375,43.53802490234375,43.53802490234375,0,0.0,0.0
2020-09-21,42.998320812330284,42.998320812330284,42.89722209165689,42.90211486816406,1500,0.0,0.0
2020-09-22,42.90211486816406,42.90211486816406,42.90211486816406,42.90211486816406,0,0.0,0.0
2020-09-23,42.90211486816406,42.90211486816406,42.90211486816406,42.90211486816406,0,0.0,0.0
2020-09-24,42.90211486816406,42.90211486816406,42.90211486816406,42.90211486816406,0,0.0,0.0
2020-09-25,42.90211486816406,42.90211486816406,42.90211486816406,42.90211486816406,0,0.0,0.0
2020-09-28,42.90211486816406,42.90211486816406,42.90211486816406,42.90211486816406,0,0.0,0.0
2020-09-29,42.90211486816406,42.90211486816406,42.90211486816406,42.90211486816406,0,0.0,0.0
2020-09-30,44.023926808428705,44.023926808428705,43.699440002441406,43.699440002441406,720,0.0,0.0
2020-10-01,44.05655353234284,44.05655353234284,43.86251449584961,43.86251449584961,1440,0.0,0.0
2020-10-02,43.536401161188756,43.536401161188756,43.12712478637695,43.12712478637695,2796,0.0,0.0
2020-10-05,43.262461766751954,43.262461766751954,43.06352996826172,43.06352996826172,1920,0.0,0.0
2020-10-06,43.97502246130407,44.03208990769059,43.33909606933594,43.33909606933594,1530,0.0,0.0
2020-10-07,44.51473617553711,44.51473617553711,44.51473617553711,44.51473617553711,132,0.0,0.0
2020-10-08,44.954998229538916,45.49308776855469,44.90445075233051,45.49308776855469,1980,0.0,0.0
2020-10-09,45.49308776855469,45.49308776855469,45.49308776855469,45.49308776855469,0,0.0,0.0
2020-10-13,47.93894958496094,47.93894958496094,47.93894958496094,47.93894958496094,6,0.0,0.0
2020-10-14,47.009525299072266,47.009525299072266,47.009525299072266,47.009525299072266,60,0.0,0.0
2020-10-15,47.009525299072266,47.009525299072266,47.009525299072266,47.009525299072266,0,0.0,0.0
2020-10-16,47.88841247558594,47.88841247558594,47.88841247558594,47.88841247558594,12,0.0,0.0
2020-10-19,48.81947708129883,48.81947708129883,48.81947708129883,48.81947708129883,1800,0.0,0.0
2020-10-20,48.81947708129883,48.81947708129883,48.81947708129883,48.81947708129883,0,0.0,0.0
2020-10-21,48.822729674006474,49.0656852722168,48.81784063064704,49.0656852722168,1890,0.0,0.0
2020-10-22,49.1749267578125,49.1749267578125,49.1749267578125,49.1749267578125,6,0.0,0.0
2020-10-23,48.27811050415039,48.27811050415039,48.27811050415039,48.27811050415039,120,0.0,0.0
2020-10-26,48.428142521451726,48.428142521451726,47.890052795410156,47.890052795410156,12,0.0,0.0
2020-10-27,48.26344063157693,48.26344063157693,47.69274000127544,48.102012634277344,2082,0.0,0.0
2020-10-28,47.431845102575956,47.431845102575956,46.48611012742151,47.13671112060547,90,0.0,0.0
2020-10-29,47.58838099693331,47.58838099693331,47.49706785530035,47.54435348510742,618,0.0,0.0
2020-10-30,47.449789491687156,47.449789491687156,46.471443316600826,46.69809341430664,2622,0.0,0.0
2020-11-03,46.616559715934955,48.1982174172336,46.616559715934955,48.11505889892578,762,0.0,0.0
2020-11-04,49.0477425816389,49.0477425816389,47.61283466303445,48.2813720703125,3366,0.0,0.0
2020-11-05,48.08245297092271,49.53529387040779,48.08245297092271,49.241790771484375,2454,0.0,0.0
2020-11-06,49.24178566023915,49.24178566023915,48.508026123046875,48.508026123046875,252,0.0,0.0
2020-11-09,50.05869580515675,50.05869580515675,49.569522857666016,49.569522857666016,330,0.0,0.0
2020-11-10,49.56952482791086,49.56952482791086,47.81828844267844,48.59117889404297,42792,0.0,0.0
2020-11-11,49.3249452872725,50.3032913588494,49.3249452872725,49.84673309326172,354,0.0,0.0
2020-11-12,49.84673309326172,49.84673309326172,49.84673309326172,49.84673309326172,0,0.0,0.0
2020-11-13,49.84673309326172,49.84673309326172,49.84673309326172,49.84673309326172,0,0.0,0.0
2020-11-16,53.809036779036845,54.13515090942383,53.727505447369396,54.13515090942383,528,0.0,0.0
2020-11-17,54.2982063293457,54.2982063293457,54.2982063293457,54.2982063293457,6,0.0,0.0
2020-11-18,54.03731642006159,54.03731642006159,53.270945807218816,53.319862365722656,612,0.0,0.0
2020-11-19,53.091586156585194,53.091586156585194,52.977447509765625,52.977447509765625,642,0.0,0.0
2020-11-23,57.21695101505185,57.21695101505185,56.744083404541016,56.744083404541016,1062,0.0,0.0
2020-11-24,56.254896999147874,56.254896999147874,55.6841926574707,55.6841926574707,372,0.0,0.0
2020-11-25,56.417943360615936,56.417943360615936,54.75475834728335,55.11348342895508,360,0.0,0.0
2020-11-26,55.759200481891945,55.765724182128906,55.759200481891945,55.765724182128906,162,0.0,0.0
2020-11-27,55.765718513334505,56.09183258224679,55.765718513334505,55.99399948120117,156,0.0,0.0
2020-11-30,56.58427647963297,56.88919603803777,55.796707573952176,56.04129409790039,4002,0.0,0.0
2020-12-01,56.56307422189239,58.13005729769532,56.48480848040124,58.07951354980469,2418,0.0,0.0
2020-12-02,58.17735290527344,58.17735290527344,58.17735290527344,58.17735290527344,18,0.0,0.0
2020-12-03,59.237219406061904,59.237219406061904,59.18993377685547,59.18993377685547,984,0.0,0.0
2020-12-04,60.068810154903666,62.25377922988152,60.068810154903666,61.41403579711914,32490,0.0,0.0
2020-12-07,59.84215524765465,60.03782517468059,59.84052805491431,59.99053955078125,375606,0.0,0.0
2020-12-08,59.974234081181784,61.175968170166016,59.974234081181784,61.175968170166016,4818,0.0,0.0
2020-12-09,60.60689926147461,60.60689926147461,60.60689926147461,60.60689926147461,6600,0.0,0.0
2020-12-10,58.60292434692383,58.60292434692383,58.60292434692383,58.60292434692383,720,0.0,0.0
2020-12-11,58.34365650583139,58.34365650583139,57.23486646865182,57.949058532714844,21540,0.0,0.0
2020-12-14,59.5665914766099,59.68888472026337,59.35624694824219,59.35624694824219,8268,0.0,0.0
2020-12-15,59.35625528056731,60.698219299316406,59.35625528056731,60.698219299316406,6012,0.0,0.0
2020-12-16,61.0781353463056,61.0781353463056,60.950949333255906,61.04878616333008,6696,0.0,0.0
2020-12-17,60.83355720022258,60.83355720022258,59.42962928616577,59.81444549560547,5214,0.0,0.0
2020-12-18,59.97261261898728,60.0394656193988,59.450828552246094,59.450828552246094,16386,0.0,0.0
2020-12-21,59.35299156997393,59.90249762992134,59.02687746203804,59.70193862915039,4398,0.0,0.0
2020-12-22,59.20298511550739,59.33506393432617,59.20298511550739,59.33506393432617,5406,0.0,0.0
2020-12-23,59.66442715841528,59.66442715841528,59.51441192626953,59.51441192626953,150,0.0,0.0
2020-12-28,60.7552943222518,61.79560443358597,60.33134332939048,60.574302673339844,7002,0.0,0.0
2020-12-29,60.09327134369486,60.09327134369486,58.635537894513774,59.15732192993164,61866,0.0,0.0
2020-12-30,60.81561636297973,61.0520482311108,60.76180703598073,60.77648162841797,82338,0.0,0.0
2021-01-04,64.6996455227349,64.6996455227349,63.53214967822762,63.70499038696289,19602,0.0,0.0
2021-01-05,66.80472841758996,67.7488362296951,65.82801703254513,66.60906219482422,27756,0.0,0.0
2021-01-06,66.75253140132682,68.15645511344727,66.56011962890625,66.56011962890625,133722,0.0,0.0
2021-01-07,67.83199003105626,70.16697446230145,67.83199003105626,69.67290496826172,14298,0.0,0.0
2021-01-08,72.13670972468854,72.13670972468854,68.37007904052734,68.37007904052734,34026,0.0,0.0
2021-01-11,68.74510931573563,71.18771996652866,68.55596679855856,70.53548431396484,20424,0.0,0.0
2021-01-12,70.6855035504014,70.6855035504014,68.41574096679688,68.41574096679688,3342,0.0,0.0
2021-01-13,69.14949611033933,69.14949611033933,67.99504752289391,68.40106201171875,354,0.0,0.0
2021-01-14,69.18047186622222,70.34960250030485,69.05981327347013,69.36309814453125,49122,0.0,0.0
2021-01-15,69.4625697835061,70.44254302978516,69.429958746009,70.44254302978516,1182,0.0,0.0
2021-01-18,70.50287756002511,70.73767852783203,70.17350532788551,70.73767852783203,210,0.0,0.0
2021-01-19,70.03327525073682,74.68041907782928,70.03327525073682,74.2939682006836,20064,0.0,0.0
2021-01-20,74.29395490034716,74.40157354579077,72.2214935754757,72.39922332763672,22146,0.0,0.0
2021-01-21,72.37966934291687,74.22221903126011,71.97365484719705,73.9156723022461,16830,0.0,0.0
2021-01-22,73.3775808672995,74.76194142232416,73.3759536743164,73.3759536743164,12180,0.0,0.0
2021-01-26,73.21615744032054,73.21615744032054,69.35169329143847,69.38104248046875,17946,0.0,0.0
2021-01-27,70.11481025727505,70.11481025727505,65.64376831054688,65.64376831054688,18288,0.0,0.0
2021-01-28,65.95683069614383,70.94639433417566,65.95683069614383,70.59093475341797,12384,0.0,0.0
2021-01-29,70.60071178631338,71.15674156570316,69.00438315450647,70.14414978027344,7584,0.0,0.0
2021-02-01,70.9855370090441,71.79430430691457,70.15883326440442,71.58232879638672,8334,0.0,0.0
2021-02-02,70.93007753973139,71.53013098374494,70.53547583840634,71.41925048828125,8790,0.0,0.0
2021-02-03,71.41927982276697,71.7633341921474,69.29789733886719,69.29789733886719,20202,0.0,0.0
2021-02-04,69.29951698998349,71.69157287434108,69.29951698998349,71.51709747314453,2796,0.0,0.0
2021-02-05,72.68132575391512,72.68132575391512,70.44417435225272,71.06216430664062,3432,0.0,0.0
2021-02-08,72.67154566202656,73.53738403320312,71.50079520141334,73.53738403320312,9426,0.0,0.0
2021-02-09,73.53739295028971,73.84882877800902,72.9520139169064,73.29443359375,19836,0.0,0.0
2021-02-10,74.19124572342496,74.19124572342496,71.90843575119726,72.59490966796875,18684,0.0,0.0
2021-02-11,72.50685419971043,76.17239006961445,72.50685419971043,75.23807525634766,13752,0.0,0.0
2021-02-12,76.23762876728507,76.91920625438213,75.84139229599899,76.69418334960938,7698,0.0,0.0
2021-02-17,76.70396628449357,76.70396628449357,75.33265299854314,76.30937194824219,14466,0.0,0.0
2021-02-18,76.96321967041725,78.59380138718831,76.4577448617173,78.36551666259766,12564,0.0,0.0
2021-02-19,79.53790854012918,80.31895377095412,78.36552336524016,80.07762908935547,11580,0.0,0.0
2021-02-22,80.76245757186233,80.90920348649618,76.63872569435212,76.94690704345703,14010,0.0,0.0
2021-02-23,77.10997677118867,78.90687561035156,74.74564287182703,78.90687561035156,2496,0.0,0.0
2021-02-24,79.53955088180768,81.52885437011719,78.26769780677192,81.52885437011719,15762,0.0,0.0
2021-02-25,81.5288394918611,82.67024072185163,79.40908475363705,79.65367126464844,53388,0.0,0.0
2021-02-26,79.29495967667683,84.4638880853047,79.04547662746509,84.23560333251953,46428,0.0,0.0
2021-03-01,81.30218417479514,87.31737879294647,81.30218417479514,87.23584747314453,10014,0.0,0.0
2021-03-02,87.88809379594689,88.21420418645538,84.46388244628906,84.46388244628906,15750,0.0,0.0
2021-03-03,88.21092182026301,88.21092182026301,82.01799812099924,82.8039321899414,52560,0.0,0.0
2021-03-04,81.52884426676013,87.23585821514334,75.82182285418851,77.86004638671875,26484,0.0,0.0
2021-03-05,78.3899780653406,82.62132178958859,77.53392526275498,82.50718688964844,13050,0.0,0.0
2021-03-08,82.50720059270184,82.79581093695887,80.58148453321161,81.52885437011719,11064,0.0,0.0
2021-03-09,84.10514929752242,85.1161063853295,83.11049399632182,84.98728942871094,9612,0.0,0.0
2021-03-10,84.47690464925584,84.47690464925584,79.00143098242488,79.24601745605469,24750,0.0,0.0
2021-03-11,79.70421885907668,81.52883960803705,79.70421885907668,80.5667953491211,7182,0.0,0.0
2021-03-12,80.56679507759102,80.56679507759102,78.9199115780929,79.92597961425781,10230,0.0,0.0
2021-03-15,80.35482355591807,81.39839172363281,79.71564271831049,81.39839172363281,10452,0.0,0.0
2021-03-16,82.42727449950536,85.35905800011902,82.42727449950536,83.65673065185547,5724,0.0,0.0
2021-03-17,84.05460290833193,86.82821310156382,84.05460290833193,86.01455688476562,13296,0.0,0.0
2021-03-18,84.62693199897512,84.62693199897512,81.36577606201172,81.36577606201172,20280,0.0,0.0
2021-03-19,82.14519402531663,82.69470007333899,81.36577606201172,81.36577606201172,3048,0.0,0.0
2021-03-22,83.0354927628648,83.30453195190155,81.10325336691639,82.42402648925781,5184,0.0,0.0
2021-03-23,82.19246889247768,82.19246889247768,76.48382142342656,76.94690704345703,35148,0.0,0.0
2021-03-24,77.99211909140706,78.1225707142579,76.1479420325434,76.47405242919922,252204,0.0,0.0
2021-03-25,76.47405573145461,77.80786895751953,74.51736341027292,77.80786895751953,8472,0.0,0.0
2021-03-26,78.73239484308958,81.88755927983718,78.42422092096386,81.35436248779297,18972,0.0,0.0
2021-03-29,82.01802748140952,83.19203996283537,81.2826331570099,81.52885437011719,15324,0.0,0.0
2021-03-30,81.52884308672074,81.7554931640625,80.64669545818268,81.7554931640625,2760,0.0,0.0
2021-03-31,81.83213931057784,82.50720059270184,80.9907609620199,81.52885437011719,12456,0.0,0.0
2021-04-01,85.27915103519294,88.21418882375622,85.18946882737437,85.45525360107422,32040,0.0,0.0
2021-04-05,85.4552620203555,87.3173828125,85.40961104764992,87.3173828125,7464,0.0,0.0
2021-04-06,87.31740073056277,87.93212897297997,85.1177489138272,85.27754974365234,16998,0.0,0.0
2021-04-07,85.68518102126029,86.8249551314279,84.78999343780191,86.09608459472656,14514,0.0,0.0
2021-04-08,86.72873903048394,86.93908730015097,85.65419458914872,86.58199310302734,3702,0.0,0.0
2021-04-09,86.63416805330019,88.03646497497483,86.63416805330019,88.033203125,9072,0.0,0.0
2021-04-12,88.52890392145098,89.31809997558594,88.01853260747937,89.31809997558594,2004,0.0,0.0
2021-04-13,90.17904962520431,92.19117823792145,85.27916104592838,86.09445190429688,37416,0.0,0.0
2021-04-14,87.1168212497449,87.1168212497449,83.44639641059605,84.10514831542969,13926,0.0,0.0
2021-04-15,84.13775964060132,84.21929096552502,82.28705156056783,82.83493041992188,17118,0.0,0.0
2021-04-16,83.485512353,84.13774041075774,82.09789027440858,82.49900817871094,9180,0.0,0.0
2021-04-19,82.83166859735437,82.83329579032693,78.59380124826693,79.88358306884766,28500,0.0,0.0
2021-04-20,81.36578923963582,81.36578923963582,78.16986232301583,79.43844604492188,9990,0.0,0.0
2021-04-22,79.4498578835161,79.4498578835161,74.86630137602363,75.45983123779297,35466,0.0,0.0
2021-04-23,76.36478806899075,77.43607800336201,75.46307699264311,77.38389587402344,12900,0.0,0.0
2021-04-26,78.26767868657541,78.4437812621877,76.63710453533426,78.16984558105469,21342,0.0,0.0
2021-04-27,78.26768263936978,79.91782797356574,78.26768263936978,79.82977294921875,13476,0.0,0.0
2021-04-28,77.92361629049012,77.92361629049012,75.29187094513617,75.44840240478516,53232,0.0,0.0
2021-04-29,75.69788214519096,76.99581458960024,75.33262964798169,76.35826110839844,15018,0.0,0.0
2021-04-30,76.35828539274297,77.72959868975381,75.67670792340147,76.26045227050781,19230,0.0,0.0
2021-05-03,76.74960829865778,76.74960829865778,73.58465860689573,75.67505645751953,7380,0.0,0.0
2021-05-04,74.74399739830918,74.98043299328701,73.05472493497419,74.43418884277344,14562,0.0,0.0
2021-05-05,74.84673845505662,75.41907002750787,74.20592295421433,74.60051727294922,19890,0.0,0.0
2021-05-06,74.41463966140971,74.41463966140971,71.85789378895893,72.88678741455078,24684,0.0,0.0
2021-05-07,72.89819260945808,73.52270628397928,72.46935262114395,73.3221435546875,11232,0.0,0.0
2021-05-10,73.35963641359635,73.35963641359635,69.12014230699391,69.13644409179688,43518,0.0,0.0
2021-05-11,69.13643518684601,69.13643518684601,66.47533337263637,68.81684112548828,5964,0.0,0.0
2021-05-12,67.3591179202276,67.7504577974547,66.28293885599359,66.33511352539062,50856,0.0,0.0
2021-05-13,67.16671757041807,67.6053431005111,66.3791487262838,67.12432098388672,2616,0.0,0.0
2021-05-14,67.60045078737112,68.8755655273505,66.39871648190736,68.65706634521484,11472,0.0,0.0
2021-05-17,68.6570736164374,68.82665252685547,67.24988738083871,68.82665252685547,3582,0.0,0.0
2021-05-18,68.75979632827594,69.16906523540804,67.73415714622186,67.86460876464844,9606,0.0,0.0
2021-05-19,66.85364186953008,69.2538482919644,65.73995528539918,69.13644409179688,19776,0.0,0.0
2021-05-20,69.46257147830156,70.0724105834961,68.79240680398775,70.0724105834961,5916,0.0,0.0
2021-05-21,70.11317050087608,70.66919279309592,69.95174250708027,70.46700286865234,4008,0.0,0.0
2021-05-24,71.02630339891924,72.46283880860724,71.02630339891924,72.09269714355469,15600,0.0,0.0
2021-05-25,72.56555805550529,72.56555805550529,69.51963944890687,70.81268310546875,27738,0.0,0.0
2021-05-26,70.99531359342535,71.09967041015625,69.97783276425197,71.09967041015625,8262,0.0,0.0
2021-05-27,71.98833243759863,72.6780682047376,71.90680857498481,72.07475280761719,19002,0.0,0.0
2021-05-28,72.07476157617354,72.0780234267775,71.04912975480418,71.95899200439453,2376,0.0,0.0
2021-05-31,71.95900117171047,73.07757721732267,71.95900117171047,72.79222869873047,1152,0.0,0.0
2021-06-01,72.08288672794643,72.10245782458085,70.45231282516998,71.01160430908203,9420,0.0,0.0
2021-06-02,70.83226312944433,70.84367587412896,69.56041014200653,69.88652801513672,26418,0.0,0.0
2021-06-04,69.85391347151337,69.85391347151337,68.44835454047056,68.78262329101562,18582,0.0,0.0
2021-06-07,69.09895068465055,69.304402456633,68.27877078968324,69.25222778320312,10716,0.0,0.0
2021-06-08,69.95663715680918,69.99251004719434,65.87204655318327,66.00575256347656,52362,0.0,0.0
2021-06-09,66.25684772199655,66.25684772199655,65.04695527541217,65.31600189208984,22506,0.0,0.0
2021-06-10,65.22307510909431,66.39709498435646,65.19209872527149,65.50190734863281,10626,0.0,0.0
2021-06-11,66.31718391909708,66.65796885234765,66.07096277416242,66.28131103515625,18480,0.0,0.0
2021-06-14,66.28294403049009,66.78679164259052,65.99269908372519,66.25848388671875,8334,0.0,0.0
2021-06-15,67.38847042557926,68.55922826509281,67.38847042557926,67.50587463378906,23622,0.0,0.0
2021-06-16,68.11571255103301,68.12386344385577,66.18510790111557,66.85364532470703,14178,0.0,0.0
2021-06-17,67.66892699681665,67.66892699681665,65.22306207567644,66.26826477050781,5922,0.0,0.0
2021-06-18,64.5708412628259,64.5708412628259,63.046250960006304,63.652828216552734,45768,0.0,0.0
2021-06-21,63.35117164884942,63.597385366231485,62.39402384652914,63.03810119628906,11388,0.0,0.0
2021-06-22,63.494659943963796,63.833817717433064,62.7755750022744,62.90765380859375,12282,0.0,0.0
2021-06-23,63.05437973136143,64.41917621371445,63.05437973136143,64.00011444091797,31668,0.0,0.0
2021-06-24,64.00177494594156,64.96218463229098,64.00177494594156,64.59040832519531,17688,0.0,0.0
2021-06-25,65.28827341242153,66.85199801920744,65.28827341242153,66.28292846679688,18354,0.0,0.0
2021-06-28,66.28293723112263,67.26128316811337,66.28293723112263,66.9775619506836,10638,0.0,0.0
2021-06-29,67.27598078381774,67.38848851510268,66.18186492982665,66.43949890136719,18198,0.0,0.0
2021-06-30,68.92773059323181,69.01578560953634,67.93308286476915,68.76141357421875,43632,0.0,0.0
2021-07-01,67.11126679652571,67.11452864625115,65.65516065787892,66.1378173828125,50490,0.0,0.0
2021-07-02,66.13782580079791,66.35142846778571,64.57898985785961,66.19163513183594,26238,0.0,0.0
2021-07-05,67.11779932656202,67.55805206298828,67.0085534710411,67.55805206298828,2976,0.0,0.0
2021-07-06,67.5107735782179,68.97829280723012,67.50099549090707,68.87067413330078,12354,0.0,0.0
2021-07-07,69.14949791542293,69.37452078726996,66.62373616576006,66.90582275390625,42654,0.0,0.0
2021-07-08,65.55732068150186,67.17974366501348,65.36980539498875,65.81658172607422,21330,0.0,0.0
2021-07-12,67.45859746461502,67.55643058496509,66.46557673789405,67.03953552246094,26070,0.0,0.0
2021-07-13,68.62932941283536,68.62932941283536,65.88017991483207,66.36446380615234,19494,0.0,0.0
2021-07-14,66.36448169604722,66.82919461535386,65.06001770021071,65.11056518554688,8220,0.0,0.0
2021-07-15,65.00457919076297,65.38613357302644,64.00013828711982,64.15667724609375,16956,0.0,0.0
2021-07-16,64.36539418473592,64.48931464679205,62.627201080322266,62.627201080322266,25998,0.0,0.0
2021-07-19,62.45109750508758,63.623486491685185,61.961924407835994,63.550106048583984,23394,0.0,0.0
2021-07-20,64.64584745853895,64.77140256598226,63.68869969457308,64.39473724365234,6228,0.0,0.0
2021-07-21,64.82196411297303,65.99108760748274,64.18114850015918,65.1333999633789,9936,0.0,0.0
2021-07-22,64.84967886437535,64.84967886437535,63.42944525924966,64.05068969726562,33318,0.0,0.0
2021-07-23,63.69195177385387,64.66866302490234,63.22560430346339,64.66866302490234,9324,0.0,0.0
2021-07-26,64.48604740126412,65.3404730189491,63.77185895056669,64.4909439086914,5220,0.0,0.0
2021-07-27,64.29364753685472,64.29364753685472,61.30968883010866,62.552188873291016,33522,0.0,0.0
2021-07-28,62.809803366746614,63.72130000303121,62.809803366746614,63.326698303222656,24300,0.0,0.0
2021-07-29,63.11799050041058,63.8452262878418,63.02178458781486,63.8452262878418,15534,0.0,0.0
2021-07-30,63.499552278464385,65.92421922780868,63.2370293093861,65.7774658203125,31890,0.0,0.0
2021-08-02,66.16553649444994,66.29109159292567,65.12196843560139,65.54755401611328,6516,0.0,0.0
2021-08-03,67.9803716185553,68.94893205734735,67.04768406505877,68.3113784790039,37440,0.0,0.0
2021-08-04,68.27876516863587,70.62190044914021,67.41618875740092,69.29298400878906,34062,0.0,0.0
2021-08-05,69.10382293977055,69.46417891572383,68.6733558638933,69.247314453125,16356,0.0,0.0
2021-08-06,70.07892302541967,70.62027817446922,70.05120849609375,70.05120849609375,14682,0.0,0.0
2021-08-09,70.36099730026194,70.36099730026194,68.54290080205598,68.7238998413086,26160,0.0,0.0
2021-08-10,68.37007187226814,68.40757941190331,64.32950592041016,64.32950592041016,69888,0.0,0.0
2021-08-11,64.24471761771888,64.67845409246304,62.72828580947058,63.859901428222656,25428,0.0,0.0
2021-08-12,62.61414592570111,62.61414592570111,58.70076180534479,60.549835205078125,1076190,0.0,0.0
2021-08-13,59.82260386104065,61.1466314580318,59.82260386104065,60.4797248840332,1806,0.0,0.0
2021-08-16,60.47971689997321,61.20858360574728,59.933472735833895,61.024330139160156,3600,0.0,0.0
2021-08-17,61.02433949090901,61.18250564668398,60.32319093768946,60.590606689453125,2844,0.0,0.0
2021-08-18,61.27706510232002,62.45108097132506,61.16129555993547,62.09072494506836,2970,0.0,0.0
2021-08-19,62.05811989054569,62.387495839853834,61.15803960248844,62.17062759399414,5808,0.0,0.0
2021-08-20,62.801661538836186,63.232136182575374,61.37490814915846,61.71080780029297,4446,0.0,0.0
2021-08-23,61.78581383222407,62.93374252319336,61.733635425002475,62.93374252319336,10758,0.0,0.0
2021-08-24,62.88645669548532,62.95656781450491,61.73037338256836,61.73037338256836,7176,0.0,0.0
2021-08-25,61.84778344880035,65.59647821828506,61.71733555276412,62.953311920166016,23754,0.0,0.0
2021-08-26,63.11473293123893,63.11473293123893,61.56894811383936,62.32390594482422,7758,0.0,0.0
2021-08-27,62.32389402789916,62.902745428644415,62.139636850278166,62.74457931518555,2388,0.0,0.0
2021-08-30,62.84241639246017,63.2468036540028,61.74178095963077,62.16083908081055,5358,0.0,0.0
2021-08-31,62.157590329051295,62.718509175314814,61.570584143567956,62.37119674682617,4992,0.0,0.0
2021-09-01,62.52608998643217,62.77393459353053,61.47273641091298,62.325531005859375,20364,0.0,0.0
2021-09-02,62.32553546530486,62.446197793685634,60.97378597750054,62.442935943603516,10686,0.0,0.0
2021-09-03,62.40380089738588,62.866882840214075,62.13801609842026,62.59131622314453,8754,0.0,0.0
2021-09-06,63.160392359032585,63.40497887522133,61.97170174107151,63.3935661315918,1626,0.0,0.0
2021-09-08,63.266372569455875,63.266372569455875,61.30968055736768,62.519569396972656,14142,0.0,0.0
2021-09-09,62.51957145336872,63.25985841436717,61.73526444414926,62.394020080566406,804,0.0,0.0
2021-09-10,62.777194210831496,64.01643586272031,62.164100816446044,63.40985870361328,7812,0.0,0.0
2021-09-13,63.408243276619466,63.66098069639974,62.707094737722244,63.26148986816406,1776,0.0,0.0
2021-09-14,62.930467792501645,63.184839808201424,62.3418271075603,63.116355895996094,804,0.0,0.0
2021-09-15,62.65816142119168,63.20604020125055,61.83146167289383,62.82121658325195,9798,0.0,0.0
2021-09-16,62.77719477682739,64.41755439038621,62.705449010434684,64.11100769042969,4830,0.0,0.0
2021-09-17,64.43223628477072,64.60182263487359,63.49628683001288,63.67891311645508,2472,0.0,0.0
2021-09-20,63.02016012791536,63.033200064030915,62.17552009877942,63.00548553466797,19026,0.0,0.0
2021-09-21,63.16365413447396,63.165281327481345,62.35977973579055,62.45924377441406,11556,0.0,0.0
2021-09-22,62.75273701799005,64.89531707763672,62.75273701799005,64.89531707763672,6960,0.0,0.0
2021-09-23,63.60393121326529,64.51705555055635,63.38706660902073,64.20561218261719,2292,0.0,0.0
2021-09-24,63.95446629178667,64.89693919364184,63.68704690212702,64.69963836669922,1044,0.0,0.0
2021-09-27,63.95936052488541,66.5258912118028,63.95936052488541,65.72364044189453,7200,0.0,0.0
2021-09-28,65.08283879765706,65.8198601964775,64.71922087355726,65.24100494384766,25044,0.0,0.0
2021-09-29,62.37283131239476,64.73390359383501,62.37283131239476,63.34791564941406,16836,0.0,0.0
2021-09-30,63.87127889273396,63.889241003872314,63.33731907290156,63.356910705566406,714,0.092525,0.0
2021-10-01,62.97153899218425,62.97153899218425,61.723998336667506,62.42941665649414,15876,0.0,0.0
2021-10-04,62.24980129593455,63.19362316873726,62.24980129593455,62.899696350097656,8574,0.0,0.0
2021-10-05,63.681849631399146,63.681849631399146,62.44736778871059,63.36996078491211,1584,0.0,0.0
2021-10-06,62.834374262921735,63.14462616358759,62.336338710530164,62.56167984008789,18336,0.0,0.0
2021-10-07,64.17990497879823,64.53097718944815,63.54633501319073,63.5740966796875,3102,0.0,0.0
2021-10-08,63.678594275231006,63.678594275231006,62.86703281864996,63.15442657470703,17532,0.0,0.0
2021-10-11,62.79846060955348,63.25894249902207,62.70375400706716,62.867042541503906,16644,0.0,0.0
2021-10-13,59.76450729370117,60.677304651282135,59.76450729370117,59.76450729370117,9198,0.0,0.0
2021-10-14,60.10414667857674,61.33699542330388,60.10414667857674,60.922237396240234,2592,0.0,0.0
2021-10-15,61.0545098557544,61.15901600627813,60.16457431731626,60.216827392578125,3384,0.0,0.0
2021-10-18,60.49441966695792,60.974496882723756,60.03394155839619,60.57933044433594,2490,0.0,0.0
2021-10-19,60.442157853980596,61.815436898737225,60.28703191462285,61.719093322753906,23772,0.0,0.0
2021-10-20,60.69690513093459,62.742941378172745,60.69690513093459,61.92485427856445,4950,0.0,0.0
2021-10-21,62.5812831281769,63.25731033983683,62.42615715821252,63.24261474609375,8130,0.0,0.0
2021-10-22,63.83045339722812,64.37910876528949,62.213871002197266,62.213871002197266,9804,0.0,0.0
2021-10-25,62.47351335184118,65.09107080400759,62.1093750596943,62.33634948730469,7050,0.0,0.0
2021-10-26,63.270357492592815,63.270357492592815,62.5812718082883,62.62535858154297,3462,0.0,0.0
2021-10-27,62.44901690037595,62.4800413458154,61.20310566899486,62.199180603027344,2220,0.0,0.0
2021-10-28,62.62535170581798,64.23050474910231,62.62535170581798,63.72756576538086,4230,0.0,0.0
2021-10-29,62.51271152214022,64.12765737793497,62.51271152214022,63.77494812011719,12798,0.0,0.0
2021-11-01,63.727590553582715,65.73280675939242,63.62961742737522,65.14985656738281,51948,0.0,0.0
2021-11-03,65.44704195557638,66.11489911888138,64.78244383536405,64.9343032836914,1596,0.0,0.0
2021-11-04,66.17529959599645,66.4267690832018,65.1220683625473,66.04792785644531,5124,0.0,0.0
2021-11-05,66.04794312138179,66.63742624614848,65.36375340547116,66.45944213867188,7266,0.0,0.0
2021-11-08,66.45944720485342,67.90946726721508,66.37126616768744,67.51593780517578,10218,0.0,0.0
2021-11-09,67.51592204629642,68.10866412081127,66.88888527786906,67.89639282226562,7332,0.0,0.0
2021-11-10,66.3549452845937,66.52476685882041,65.54338368606638,66.0218276977539,14394,0.0,0.0
2021-11-11,65.5972468170081,66.13284349613367,65.29679451888447,65.75237274169922,1386,0.0,0.0
2021-11-12,66.04143256546564,69.21907487868933,66.04143256546564,68.9251480102539,59784,0.0,0.0
2021-11-16,68.92349610453134,69.14720396429686,68.10377214257842,69.07535552978516,3816,0.0,0.0
2021-11-17,68.36178353386529,68.64754031267826,67.6188039491607,67.96825408935547,2994,0.0,0.0
2021-11-18,69.23539462947222,70.13675932632519,68.87941888636583,70.13023376464844,3480,0.0,0.0
2021-11-19,70.623369612297,76.67003098342823,70.623369612297,76.20955657958984,11514,0.0,0.0
2021-11-22,76.24545424178847,79.99461627027384,75.86499093945544,77.05374908447266,13380,0.0,0.0
2021-11-23,78.37969163143575,80.57105438601322,77.49791860560812,77.88328552246094,22272,0.0,0.0
2021-11-24,77.56322676021917,79.44924090355373,77.03579999058415,78.96426391601562,12918,0.0,0.0
2021-11-25,78.01715794464765,79.52433790244436,77.92734741168466,78.05145263671875,180,0.0,0.0
2021-11-26,77.56159793588994,77.56159793588994,74.88525837478798,75.92215728759766,13746,0.0,0.0
2021-11-29,77.10600866877517,79.17817687988281,77.10600866877517,79.17817687988281,8874,0.0,0.0
2021-11-30,78.24088750386409,79.02142085937857,77.66284089016908,78.0008544921875,2838,0.0,0.0
2021-12-01,78.70137138013676,81.72715381074264,78.70137138013676,79.85584259033203,42978,0.0,0.0
2021-12-02,77.64487710319919,77.64487710319919,75.04691896589293,76.58838653564453,543006,0.0,0.0
2021-12-03,76.64226536011792,77.19418723867665,74.48192366408786,75.12692260742188,27036,0.0,0.0
2021-12-06,75.07303257785158,77.40155870432926,74.70889436816803,76.60960388183594,307482,0.0,0.0
2021-12-07,77.60732308765651,79.8591127567148,77.60732308765651,78.44990539550781,31614,0.0,0.0
2021-12-08,79.0197755496001,79.0197755496001,77.11906609474936,77.49300384521484,17550,0.0,0.0
2021-12-09,77.2496995477191,78.25720715114014,77.10600267884426,77.40972900390625,12690,0.0,0.0
2021-12-10,76.55897976939919,78.4727554321289,76.23403228080346,78.4727554321289,12618,0.0,0.0
2021-12-13,79.68602350933966,80.1187437333808,78.29641527769095,78.45317077636719,42222,0.0,0.0
2021-12-14,78.18049598057371,78.18049598057371,76.1426217582873,77.3379135131836,3858,0.0,0.0
2021-12-15,78.0612728610483,79.45577703552,76.730447099638,79.15042114257812,6006,0.0,0.0
2021-12-16,79.92115178665267,80.15302222864956,76.35977278993782,77.06029510498047,32796,0.0,0.0
2021-12-17,76.38261511782476,76.98026068453063,75.58249033668397,76.80227661132812,11010,0.0,0.0
2021-12-20,76.7990175046723,77.20887948625763,75.85846229455959,76.98680114746094,2088,0.0,0.0
2021-12-21,82.80486973952127,85.36854066892718,82.4619601029139,84.99297332763672,103950,0.0,0.0
2021-12-22,84.42144846345526,84.5047259803725,82.9763245407261,83.4563980102539,32550,0.0,0.0
2021-12-23,83.98220234821785,87.96813927126149,83.9070873820397,87.52561950683594,50244,0.0,0.0
2021-12-27,87.51255324149714,87.52398979219862,86.34502343740184,86.6716079711914,12726,0.0,0.0
2021-12-28,86.51156775954617,86.51156775954617,85.1840087484886,85.78165435791016,2670,0.0,0.0
2021-12-29,85.78164625355416,90.14641571044922,83.4514833954073,90.14641571044922,3078,0.0,0.0
2021-12-30,90.0630303580004,90.16927181745176,81.72851917875599,85.35392761230469,18102,0.09162,0.0
2022-01-03,86.14013818099885,88.75539597340133,86.01590922705489,88.6491470336914,10350,0.0,0.0
2022-01-04,90.22648306420382,90.22648306420382,86.91981392126955,89.72795104980469,22470,0.0,0.0
2022-01-05,88.69328399443815,90.9326000845533,88.12936401367188,88.12936401367188,37242,0.0,0.0
2022-01-06,88.12936397751507,90.2934977194718,87.75506094002839,88.85673522949219,10542,0.0,0.0
2022-01-07,89.42063872962815,89.89955951142927,86.84297989027488,87.11431121826172,9300,0.0,0.0
2022-01-10,90.71356959179914,90.71356959179914,84.55790271163987,86.34117889404297,33756,0.0,0.0
2022-01-11,85.99139133365242,86.24638131158342,84.81615832054564,85.35392761230469,12378,0.0,0.0
2022-01-12,86.52753387529896,87.03424412694741,85.35557047508414,85.81487274169922,61914,0.0,0.0
2022-01-13,86.95739471029223,87.90869675657908,86.73019409179688,86.73019409179688,22272,0.0,0.0
2022-01-14,86.66319157278929,87.69131469726562,86.66319157278929,87.69131469726562,17916,0.0,0.0
2022-01-17,91.37064652172249,91.37064652172249,86.42454178309262,86.59126281738281,228,0.0,0.0
2022-01-18,86.59128782903983,86.59128782903983,84.64291381835938,84.64291381835938,16188,0.0,0.0
2022-01-19,85.0122963094397,85.29506810427341,80.40289607347526,80.4290542602539,37674,0.0,0.0
2022-01-20,80.14303355511042,80.51734417141955,76.20053100585938,76.20053100585938,23532,0.0,0.0
2022-01-21,75.71832357564901,75.79024363422516,72.64702580994064,73.0801773071289,41034,0.0,0.0
2022-01-24,72.64702255166826,74.32569590351936,70.11512533883851,74.18348693847656,32634,0.0,0.0
2022-01-25,72.79577411542664,72.96576494002085,71.67448114553962,72.08148193359375,30558,0.0,0.0
2022-01-26,73.51823168647948,74.71307577425496,72.14031769222576,72.62577056884766,29616,0.0,0.0
2022-01-27,73.21093859058651,73.4054489587036,69.50543975830078,69.50543975830078,40236,0.0,0.0
2022-01-28,69.50543481457444,69.50543481457444,66.66951634871081,68.1618423461914,49146,0.0,0.0
2022-01-31,70.03832638158265,70.61694929759997,68.73723291130726,70.55320739746094,27798,0.0,0.0
2022-02-01,71.27728355482682,71.83630264585702,69.30439779632478,69.86177825927734,114324,0.0,0.0
2022-02-02,71.8608090340035,73.04585129769892,71.69245684758265,72.75817108154297,37956,0.0,0.0
2022-02-03,72.4263578213495,73.3956398918227,71.2609342365113,71.28545379638672,24636,0.0,0.0
2022-02-04,71.43746403193191,71.46198359161497,69.9533011449951,70.86701202392578,20958,0.0,0.0
2022-02-07,68.07848630754864,70.69048159633223,68.07848630754864,69.87648010253906,24180,0.0,0.0
2022-02-08,69.8764835019995,72.5080900771443,69.29295237242573,72.03897857666016,44112,0.0,0.0
2022-02-09,73.78139553151912,75.88341106764285,72.41982286371275,75.45352935791016,37818,0.0,0.0
2022-02-10,77.52284381544031,80.2051203467182,75.72158036836706,77.8415756225586,82506,0.0,0.0
2022-02-11,77.73860571125392,80.17407077112031,76.33290983378679,76.58953094482422,39912,0.0,0.0
2022-02-14,77.3773645619079,79.09035908481877,75.86705108345258,76.34761047363281,13422,0.0,0.0
2022-02-15,78.66537886517649,81.64677604528282,77.35775390504324,80.57289123535156,51150,0.0,0.0
2022-02-16,80.63503610293469,80.82137584381249,79.18683272809935,80.1740951538086,20790,0.0,0.0
2022-02-17,80.17406008963272,80.7919125379732,79.18679809570312,79.18679809570312,18726,0.0,0.0
2022-02-18,79.52677970413842,79.94522088282811,74.83565782744029,76.30838012695312,22992,0.0,0.0
2022-02-21,77.09132685947039,77.09132685947039,68.65220642089844,68.65220642089844,9072,0.0,0.0
2022-02-22,74.2080108799331,77.50977910904133,73.65226904614022,75.43391418457031,22056,0.0,0.0
2022-02-23,75.4339277450776,75.50421667155452,70.80328369140625,70.80328369140625,21606,0.0,0.0
2022-02-24,70.79019629353989,74.33224448542695,69.33056018628572,74.3240737915039,31566,0.0,0.0
2022-02-25,74.65914658249515,76.23647958010197,73.42671114344725,75.33748626708984,39270,0.0,0.0
2022-03-02,77.29402539011762,78.47906784441375,76.93933346439859,77.59968566894531,38316,0.0,0.0
2022-03-03,76.9393298997955,76.95077036746275,72.8595199584961,72.8595199584961,49770,0.0,0.0
2022-03-04,72.8595247489838,73.18643482466375,66.89672866533462,67.15989685058594,59244,0.0,0.0
2022-03-07,67.01604940075272,67.95263383315319,63.145460266419455,63.19776916503906,38892,0.0,0.0
2022-03-08,63.145449204775566,66.14972732919504,61.94896659925782,64.58711242675781,60708,0.0,0.0
2022-03-09,65.61523731284979,65.72311738585577,63.46092059069989,65.06112670898438,17844,0.0,0.0
2022-03-10,64.05426275158342,64.63616277156889,61.099019488840284,62.10262680053711,54114,0.0,0.0
2022-03-11,61.10065117829772,63.106227068676084,60.232709595605456,60.234344482421875,26634,0.0,0.0
2022-03-14,60.23270236270481,60.23270236270481,57.70080545626792,58.176456451416016,54738,0.0,0.0
2022-03-15,58.629226317457,62.00945000831482,57.70080894258735,61.51908874511719,35586,0.0,0.0
2022-03-16,64.28473665275102,66.19715038640787,64.16541609056132,65.71659088134766,61086,0.0,0.0
2022-03-17,65.7509258482596,66.35733803723818,64.30436124411604,65.9781265258789,16728,0.0,0.0
2022-03-18,65.79504287700276,66.84278458823395,64.65903972545789,64.98921203613281,20160,0.0,0.0
2022-03-21,64.8911454886381,65.05296562204022,61.210169557716696,62.2382926940918,52560,0.0,0.0
2022-03-22,62.91662415773255,64.25040745198842,62.408279117846,63.87445831298828,29046,0.0,0.0
2022-03-23,63.052287485493075,63.052287485493075,59.41054153442383,59.41054153442383,49854,0.0,0.0
2022-03-24,60.19022004266312,61.989845275878906,59.41054730206037,61.989845275878906,45546,0.0,0.0
2022-03-25,61.55341834082465,61.55341834082465,58.679900831129494,60.219635009765625,40572,0.0,0.0
2022-03-28,61.535431456411516,62.69431917809323,60.71816396353934,61.99637222290039,53910,0.0,0.0
2022-03-29,63.89570271024678,64.77672330007155,61.72340225052737,63.915321350097656,29136,0.0,0.0
2022-03-30,65.14776948000616,66.69404334040111,61.54361811063671,61.707069396972656,55284,0.0,0.0
2022-03-31,60.95681136060004,61.9685893175608,59.538032631069036,61.05488586425781,38208,0.0,0.0
2022-04-01,60.005522943483875,60.74760081489561,57.04373978273729,57.462181091308594,53178,0.0,0.0
2022-04-04,57.53736496209152,58.689717144260136,57.53573007505949,58.51645278930664,23886,0.0,0.0
2022-04-05,58.51644624651136,59.08526715293107,56.657980203031386,57.07805633544922,21300,0.0,0.0
2022-04-06,57.07642519760506,57.25132069036288,54.951524834365316,57.19411087036133,13848,0.0,0.0
2022-04-07,56.720090659802295,57.80542357044983,56.12675393588081,56.75278091430664,7152,0.0,0.0
2022-04-08,56.78086960080724,56.78086960080724,54.834592718047126,55.52700424194336,8712,0.083602,0.0
2022-04-11,55.52700960210487,56.11465578089966,54.01778522125738,55.66450881958008,10548,0.0,0.0
2022-04-12,55.92313228565734,56.05408622615332,54.95081435742802,55.26346206665039,28968,0.0,0.0
2022-04-13,55.26346098800246,56.70884732862932,54.926258250714874,55.597389221191406,28230,0.0,0.0
2022-04-14,55.6841435829103,56.040989590117064,53.96703338623047,53.96703338623047,15450,0.0,0.0
2022-04-18,53.935938203457056,55.085045777539,53.47760872222186,54.179840087890625,122142,0.0,0.0
2022-04-19,54.55632975496519,56.12120960735039,54.24859374149274,55.563026428222656,57546,0.0,0.0
2022-04-20,56.54516316717993,57.77120285087439,55.299480202921444,55.531917572021484,22296,0.0,0.0
2022-04-22,54.721654360059134,55.096502707213126,54.0407035285804,54.834598541259766,27264,0.0,0.0
2022-04-25,53.74768970695672,56.14575076409684,53.74768970695672,55.93295669555664,15312,0.0,0.0
2022-04-26,54.83786938099047,56.189951186490354,54.8100435872627,54.991737365722656,14838,0.0,0.0
2022-04-27,55.78890838798399,55.88385027719865,53.924475377324804,54.101261138916016,190602,0.0,0.0
2022-04-28,55.47790193648325,57.22447540128077,55.101412603192735,56.88563537597656,28566,0.0,0.0
2022-04-29,55.423882020594924,56.96256936106172,54.991737365722656,54.991737365722656,31500,0.0,0.0
2022-05-02,54.99992249443053,58.44232940673828,54.99992249443053,58.44232940673828,119694,0.0,0.0
2022-05-03,58.308108268992946,58.987425620564416,57.751562363527725,57.995460510253906,29364,0.0,0.0
2022-05-04,58.45870811997502,59.61599830258979,57.47984098471537,58.984153747558594,36588,0.0,0.0
2022-05-05,59.12492190284657,59.17402823090208,57.9299825206325,58.28355407714844,19872,0.0,0.0
2022-05-06,58.622391300553794,59.2280472626393,57.12953567504883,57.12953567504883,29322,0.0,0.0
2022-05-09,58.00855139786251,59.841884268766286,56.75632318362775,57.14917755126953,25236,0.0,0.0
2022-05-10,58.03800962452957,59.098720381817465,57.122980576393026,58.16241455078125,45636,0.0,0.0
2022-05-11,58.162412007279,59.167467392216395,56.50422797815322,56.592620849609375,25200,0.0,0.0
2022-05-12,55.78563363784216,57.695898459296295,55.40587357580236,56.2652473449707,85524,0.0,0.0
2022-05-13,58.11003392101318,59.94991565409278,58.09039438878488,59.35572052001953,74082,0.0,0.0
2022-05-16,59.35572052001953,59.35572052001953,59.35572052001953,59.35572052001953,0,0.0,0.0
2022-05-17,59.493228747821874,60.38534021028698,59.26406212248862,60.0072135925293,40338,0.0,0.0
2022-05-18,59.182209495784974,60.21836910613656,57.386529702440384,58.07893753051758,35910,0.0,0.0
2022-05-19,56.86436033901182,57.273583489631854,55.41897380050859,55.99516296386719,18798,0.0,0.0
2022-05-20,56.76450189728418,56.76450189728418,52.85557928354309,54.53013229370117,54216,0.0,0.0
2022-05-23,54.53012990458337,54.79694204580887,54.06524772937389,54.38608169555664,46116,0.0,0.0
2022-05-24,54.386088392828796,54.386088392828796,52.04040793738797,52.50692367553711,37374,0.0,0.0
2022-05-25,52.50692527511147,54.222398537287205,52.17299698769766,53.58073425292969,55452,0.0,0.0
2022-05-26,52.961975062853206,55.50572147796439,52.57566600631746,55.02610778808594,13740,0.0,0.0
2022-05-27,55.71196788214354,56.92818758112893,55.69232835166785,56.797237396240234,29850,0.0,0.0
2022-05-30,57.57150129455299,57.864505767822266,57.53712648901063,57.864505767822266,2244,0.0,0.0
2022-05-31,56.906919372494784,57.748287230906115,55.44353050805023,57.350521087646484,11100,0.0,0.0
2022-06-01,58.020006802320935,58.409586629474035,57.28667522035095,57.93161392211914,9738,0.0,0.0
2022-06-02,57.68444555827738,59.06599044799805,57.68444555827738,59.06599044799805,7962,0.0,0.0
2022-06-03,56.58772283483202,56.58772283483202,54.379541510726185,54.731475830078125,58272,0.0,0.0
2022-06-06,55.15378755565802,56.42566264421487,54.99991958224026,55.20780563354492,11316,0.0,0.0
2022-06-07,55.13250384929409,56.3421745300293,55.0179224384994,56.3421745300293,3588,0.0,0.0
2022-06-08,56.08354982947994,56.08354982947994,54.49903073709024,54.83950424194336,25662,0.0,0.0
2022-06-09,54.821506721121814,54.90989961524463,53.66094207763672,53.66094207763672,10896,0.0,0.0
2022-06-10,52.12061762102809,53.16659708551543,50.90930938720703,50.90930938720703,36474,0.0,0.0
2022-06-13,49.92552138086426,50.57864633018123,49.12180296105066,49.32150650024414,54102,0.0,0.0
2022-06-14,49.498303053191265,49.992644632953,48.62255659138531,49.206932067871094,18810,0.0,0.0
2022-06-15,49.71272974201961,49.90752154920622,48.28862374421428,48.8026123046875,21456,0.0,0.0
2022-06-17,47.470172702413,47.470172702413,45.299640820232334,46.78267288208008,34818,0.0,0.0
2022-06-20,48.09547308560691,48.09547308560691,46.78267401169755,47.63386535644531,504,0.0,0.0
2022-06-21,47.635508720909534,48.73386910072209,47.63387146842977,47.90232467651367,36114,0.0,0.0
2022-06-22,46.908716817728795,47.997257303655516,46.908716817728795,47.740264892578125,37680,0.0,0.0
2022-06-23,47.843388247476646,48.223148345947266,46.89398425472744,48.223148345947266,59532,0.0,0.0
2022-06-24,48.231333456504615,50.3707650203701,48.231333456504615,50.13177490234375,17292,0.0,0.0
2022-06-27,50.81273132187966,51.154842116051746,50.185794830322266,50.185794830322266,16020,0.0,0.0
2022-06-28,50.2529014382507,51.107367192934994,49.93861647557566,49.98281478881836,8460,0.0,0.0
2022-06-29,49.07924078966117,49.17090817016219,47.37850310046607,47.458709716796875,22374,0.0,0.0
2022-06-30,47.268830448809844,47.89248860343268,46.65171755581662,47.324485778808594,13500,0.0,0.0
2022-07-01,46.65008565538998,46.94800187102123,45.31437256847784,46.550235748291016,285558,0.0,0.0
2022-07-04,47.48490055149784,47.50127307253246,45.78252552798432,47.20499038696289,1494,0.0,0.0
2022-07-05,47.203348405068695,50.09412089226646,45.95766568578635,49.99263000488281,108690,0.0,0.0
2022-07-06,49.9975449404789,51.33816962464922,49.9975449404789,51.04679870605469,26970,0.0,0.0
2022-07-07,50.79471995214935,52.05349706658039,50.79471995214935,51.87998580932617,1116,0.0,0.0
2022-07-08,51.9062702796897,52.011234043227745,50.79103123054807,51.04359817504883,2970,0.101714,0.0
2022-07-11,51.105932822154166,51.19777331841125,50.78447982385123,51.063289642333984,18792,0.0,0.0
2022-07-12,51.40605971339095,53.30196556171631,51.40605971339095,52.62626266479492,24798,0.0,0.0
2022-07-13,51.816073611051145,52.529498468679144,51.00260620824839,52.28185272216797,14052,0.0,0.0
2022-07-14,52.040757032965736,53.072357719518536,51.5110169515036,52.609859466552734,20214,0.0,0.0
2022-07-15,53.05923078942632,54.61893103951651,52.98706773341961,54.42048263549805,18870,0.0,0.0
2022-07-18,54.5287295886762,54.66321324227708,53.47417068481445,53.47417068481445,7050,0.0,0.0
2022-07-19,54.20236241832782,55.7358201157211,54.20236241832782,55.553775787353516,11214,0.0,0.0
2022-07-20,55.00105880406199,56.78216552734375,54.88953340947569,56.78216552734375,6912,0.0,0.0
2022-07-21,56.741177174458244,57.18727511224167,56.04087184392753,57.05442810058594,10650,0.0,0.0
2022-07-22,55.76205048450147,55.76205048450147,54.584490833995496,55.247074127197266,8556,0.0,0.0
2022-07-25,55.24707529121753,55.24707529121753,52.68693837838452,52.83126449584961,7644,0.0,0.0
2022-07-26,52.51801585807993,53.17895878280128,52.211326599121094,52.211326599121094,3210,0.0,0.0
2022-07-27,52.150646192079684,53.66442267452104,52.10144512490213,53.57257843017578,6684,0.0,0.0
2022-07-28,52.63446478464445,53.010036300012075,51.76030970446843,52.431095123291016,5538,0.0,0.0
2022-07-29,52.08504792607575,52.84439682974993,51.79311481961991,52.74271011352539,15450,0.0,0.0
2022-08-01,52.742708532878964,54.02851673170929,52.565581682571676,53.15764617919922,6810,0.0,0.0
2022-08-02,52.49505833007074,54.26632680970744,52.42453942688239,54.00883483886719,8808,0.0,0.0
2022-08-03,53.96619624579375,55.92770738384787,53.935035944272364,55.73910140991211,6528,0.0,0.0
2022-08-04,55.219202129351196,55.59969488817262,54.91907073850642,55.3782844543457,1830,0.0,0.0
2022-08-05,54.448360357004,54.448360357004,52.64593568697476,52.95918655395508,8580,0.0,0.0
2022-08-08,52.48194127149735,52.48194127149735,51.33389752754486,51.512664794921875,2502,0.0,0.0
2022-08-09,50.02020026214064,50.23668943496292,48.62287061087043,49.80207443237305,8286,0.0,0.0
2022-08-10,50.0382425042995,51.36177248010418,49.20181318173026,51.33061218261719,7434,0.0,0.0
2022-08-11,51.71110252131064,53.60865231223003,51.66190146115532,52.86078643798828,119010,0.0,0.0
2022-08-12,54.12198999490972,54.43524086210036,53.05103081733433,53.995704650878906,7980,0.0,0.0
2022-08-15,53.99570709249925,54.287636388142495,53.413485158144205,54.148231506347656,6198,0.0,0.0
2022-08-16,53.73658039019027,54.25155676402227,53.531574087131055,53.921905517578125,8262,0.0,0.0
2022-08-17,53.582423005619766,53.60702166327668,51.55694708641992,52.24577331542969,9006,0.0,0.0
2022-08-18,53.56437469097271,53.733299463938785,53.470890045166016,53.470890045166016,9882,0.0,0.0
2022-08-19,52.88047279009287,52.88047279009287,51.30765284525136,51.35029602050781,10890,0.0,0.0
2022-08-22,50.84187188073977,50.84187188073977,49.13785291256997,49.24609375,5124,0.0,0.0
2022-08-23,49.35761963070005,49.35761963070005,48.38178164335766,48.4621467590332,3768,0.0,0.0
2022-08-24,48.26369780200277,49.06240894835122,48.21613714974151,48.924644470214844,5340,0.0,0.0
2022-08-25,49.36582653935604,51.4159049987793,49.36582653935604,51.4159049987793,17766,0.0,0.0
2022-08-26,51.34209431094306,51.34209431094306,48.08001525733677,48.17513656616211,9570,0.0,0.0
2022-08-29,47.88977109165508,48.17842338343365,46.827013684418155,47.235389709472656,2412,0.0,0.0
2022-08-30,47.43711398010834,47.788086869029605,46.415355615713985,47.12714385986328,5340,0.0,0.0
2022-08-31,47.1271377717534,48.717994689941406,47.1271377717534,48.717994689941406,8922,0.0,0.0
2022-09-01,47.069730430005976,49.103408001077746,46.74171961380739,48.986961364746094,137184,0.0,0.0
2022-09-02,49.36581043155433,49.85946891124987,47.72739311430431,48.198089599609375,58176,0.0,0.0
2022-09-05,48.19810168243365,48.40802924434506,48.19810168243365,48.316184997558594,264,0.0,0.0
2022-09-06,48.25057950208837,48.296503498507526,47.41579055786133,47.41579055786133,15582,0.0,0.0
2022-09-08,47.06974481830143,47.7192087602591,45.92170097997166,47.12222671508789,7554,0.0,0.0
2022-09-09,48.2473002457208,48.67699781320956,48.21778035692259,48.294864654541016,15696,0.0,0.0
2022-09-12,48.50642764300206,48.73439970830297,48.14561608144935,48.31454086303711,4086,0.0,0.0
2022-09-13,47.59291857695555,47.768401251308305,45.309950846261415,45.649444580078125,20130,0.0,0.0
2022-09-14,45.64779500225992,46.04305136585541,44.7326411022039,44.83268737792969,14100,0.0,0.0
2022-09-15,45.283703336576764,45.81180293347441,44.73428215577208,45.405067443847656,8634,0.0,0.0
2022-09-16,44.7736502298997,45.53955690753629,44.7736502298997,45.17710494995117,342,0.0,0.0
2022-09-19,45.1771016761725,45.65928106460998,44.09630001734778,44.51943588256836,6546,0.0,0.0
2022-09-20,44.07661540972962,44.07661540972962,42.948256944164946,43.28118896484375,13536,0.0,0.0
2022-09-21,42.72357292203899,44.10778686752468,41.77562192036456,42.76949691772461,18372,0.0,0.0
2022-09-22,42.24959529000567,42.47755982077364,41.72805355522805,41.93142318725586,13092,0.0,0.0
2022-09-23,41.80678049398394,43.094225162494716,41.647694434079504,42.864620208740234,16794,0.0,0.0
2022-09-26,43.79617045296837,43.90605545043945,43.525562739966865,43.90605545043945,5550,0.0,0.0
2022-09-27,43.77321247863221,44.49319889663721,43.77321247863221,44.28982925415039,14100,0.0,0.0
2022-09-28,44.191430389825676,44.89665691678791,43.942140489066844,44.88189697265625,9048,0.0,0.0
2022-09-29,44.881891906813806,44.881891906813806,43.70432853154733,44.44891357421875,852,0.0,0.0
2022-09-30,43.746973968972014,46.110303098241715,43.53540600564586,44.60472869873047,16704,0.0,0.0
2022-10-03,43.81749408155412,44.995057550573385,43.78961460509928,44.001182556152344,13824,0.0,0.0
2022-10-04,45.293545769420675,46.271024104106964,45.293545769420675,45.729801177978516,8838,0.0,0.0
2022-10-05,44.97046615053439,46.78437042236328,44.97046615053439,46.78437042236328,342,0.0,0.0
2022-10-06,46.63347736082389,46.86472648054857,45.647800698489846,46.808963775634766,2172,0.0,0.0
2022-10-07,46.90914023030263,46.90914023030263,45.17517553499594,45.36254119873047,5148,0.101578,0.0
2022-10-10,44.97794688865588,44.97794688865588,43.54639600751264,44.10192108154297,1074,0.0,0.0
2022-10-11,43.82744064593588,46.664243055104,43.67951782878896,46.46372604370117,25170,0.0,0.0
2022-10-13,44.61307072266262,47.90349767877578,44.61307072266262,47.617515563964844,13728,0.0,0.0
2022-10-14,47.90349715092405,48.067851659598006,45.9821632260403,46.319095611572266,8982,0.0,0.0
2022-10-17,47.49261144186748,47.49261144186748,46.14652559181937,46.471954345703125,4410,0.0,0.0
2022-10-18,47.31345195102452,47.49588958748291,44.857960313468034,45.46443557739258,18258,0.0,0.0
2022-10-19,45.61728404530615,46.335527105661875,45.61728404530615,45.86710739135742,22572,0.0,0.0
2022-10-20,45.8671155271142,47.13759593374397,45.8671155271142,46.2024040222168,18624,0.0,0.0
2022-10-21,45.888467960187874,47.693109392336716,45.888467960187874,47.52710723876953,25278,0.0,0.0
2022-10-24,48.322610569573605,49.155898150663475,48.02512474759372,49.0885124206543,7152,0.0,0.0
2022-10-25,49.6769042810973,49.75579744841475,48.48202941803193,48.75650405883789,9282,0.0,0.0
2022-10-26,48.75487083879289,50.22093658400376,48.472176530246244,48.991546630859375,12126,0.0,0.0
2022-10-27,48.13687752823567,49.035910538917975,45.62879180908203,45.62879180908203,20856,0.0,0.0
2022-10-28,45.23926912937115,47.64052651262348,45.23926912937115,46.923927307128906,153330,0.0,0.0
2022-10-31,47.420283719271204,47.79173091098454,45.90984365815006,45.9114875793457,17412,0.0,0.0
2022-11-01,46.75135381504772,46.841750677582276,46.044618127808135,46.17610549926758,9792,0.0,0.0
2022-11-03,44.382962435901014,45.57948497094163,44.25312276181481,45.14393615722656,11502,0.0,0.0
2022-11-04,45.5005962497189,46.96008611776975,45.43814228825927,46.412776947021484,12270,0.0,0.0
2022-11-07,46.84174988370381,48.1566047668457,46.672463610629585,48.1566047668457,7176,0.0,0.0
2022-11-08,48.48531495871525,48.91757594717457,48.15660219593697,48.677616119384766,1086,0.0,0.0
2022-11-09,47.72927944665473,48.19276367853976,47.1606030619196,47.706268310546875,15762,0.0,0.0
2022-11-10,51.27938827581438,53.204010009765625,51.27938827581438,53.204010009765625,8586,0.0,0.0
2022-11-11,53.20401737696332,55.22889601603176,52.30169634394037,54.5879020690918,20256,0.0,0.0
2022-11-14,54.07345802082111,54.721027585117056,53.70694257049897,54.12112045288086,1296,0.0,0.0
2022-11-16,55.639783240141035,55.639783240141035,50.95232009887695,50.95232009887695,17052,0.0,0.0
2022-11-17,52.29018671025082,52.65999000024741,50.95067300275179,52.01077651977539,1458,0.0,0.0
2022-11-18,51.97954521459441,52.002556348797626,50.84055237995123,51.254730224609375,504,0.0,0.0
2022-11-21,51.25966241645982,52.26552774139343,49.573360443115234,49.573360443115234,2573,0.0,6.0
2022-11-22,50.19463315826367,51.51606369018555,50.19463315826367,51.51606369018555,4148,0.0,0.0
2022-11-23,52.26552784612997,52.75859886354629,51.220215934947376,51.920379638671875,3884,0.0,0.0
2022-11-24,52.334562786679946,52.413455963134766,52.25567337205883,52.413455963134766,71,0.0,0.0
2022-11-25,52.36413867744295,52.36413867744295,51.47661313484497,51.575225830078125,2353,0.0,0.0
2022-11-28,51.57522572091397,51.57522572091397,49.139457544945174,49.19862365722656,9722,0.0,0.0
2022-11-29,48.81403224169543,49.01126140715988,47.63066101074219,47.63066101074219,2436,0.0,0.0
2022-11-30,47.82789021503592,48.80417251586914,45.855606082457115,48.80417251586914,8387,0.0,0.0
2022-12-01,49.38600342585151,49.59309238603524,46.358543395996094,46.358543395996094,8473,0.0,0.0
2022-12-02,47.15731655957202,47.15731655957202,45.85560924328984,46.72341537475586,13378,0.0,0.0
2022-12-05,46.83189403699191,47.522190557262626,46.6248013190768,46.77272415161133,7920,0.0,0.0
2022-12-06,46.64452934165278,46.76286536257348,46.1120116047582,46.38813400268555,2793,0.0,0.0
2022-12-07,46.388129109504085,46.39798887610982,45.36254033814927,46.289512634277344,8579,0.0,0.0
2022-12-08,47.21648537862212,47.69969290690342,46.41770891359551,47.19676208496094,7078,0.0,0.0
2022-12-09,47.77858622669688,48.054704815125035,47.25592834767179,47.709556579589844,624,0.0,0.0
2022-12-12,46.64452335121083,48.21248953391861,46.555770406460056,47.90678787231445,6600,0.0,0.0
2022-12-13,48.281517306051775,49.87907024942504,47.76872295208632,48.16318130493164,8676,0.0,0.0
2022-12-14,48.616807256565565,48.94223597183903,47.11787073671596,47.5123291015625,15120,0.0,0.0
2022-12-15,47.51232575933004,47.51232575933004,45.23433619816119,45.53017807006836,13031,0.0,0.0
2022-12-16,45.54004159750425,45.62879453525975,44.652512219949244,45.53017807006836,12718,0.0,0.0
2022-12-19,45.697827213279226,45.77671662883532,44.59334906265779,44.77085494995117,5029,0.0,0.0
2022-12-20,44.603200606465506,44.603200606465506,43.340940095591606,43.83401107788086,1370,0.0,0.0
2022-12-21,43.83401851152077,44.18903028086738,43.39025379983751,43.92277145385742,3731,0.0,0.0
2022-12-22,43.232470337464235,43.232470337464235,41.31935599458104,42.01951599121094,12787,0.0,0.0
2022-12-23,42.06882566465447,42.7985725402832,41.5165846841291,42.7985725402832,6768,0.0,0.0
2022-12-26,42.828147743758635,43.76498340449902,42.79856468728084,43.488861083984375,683,0.0,0.0
2022-12-27,43.48886717630134,43.784712829857014,42.256189492598544,43.626930236816406,7984,0.0,0.0
2022-12-28,43.34094035529809,44.080546833163815,42.256181930661846,42.48299789428711,1857,0.0,0.0
2022-12-29,42.48299444861561,43.991790337301076,42.305488607378166,43.5677490234375,9830,0.0,0.0
2023-01-02,44.120874463944666,47.441801147525126,43.98250314718475,47.43191909790039,1302,0.099628,0.0
2023-01-03,47.44180359545594,47.44180359545594,43.952855495880904,45.36622619628906,5283,0.0,0.0
2023-01-04,46.45342957618628,48.82552110523214,46.45342957618628,48.22261428833008,18395,0.0,0.0
2023-01-05,48.430172400617465,48.71680085644045,47.9359869679581,48.35110092163086,10363,0.0,0.0
2023-01-06,48.35110409091527,49.36912871275055,47.16506199105945,49.12203598022461,6831,0.0,0.0
2023-01-09,49.41854006106754,50.01156103366619,48.79586540060418,48.90458679199219,1597,0.0,0.0
2023-01-10,48.924358957132846,48.924358957132846,48.26215227191866,48.825523376464844,4231,0.0,0.0
2023-01-11,49.210987861070215,50.39703369140625,48.72668446264602,50.39703369140625,5040,0.0,0.0
2023-01-12,50.30807383373055,50.30807383373055,47.78772534731948,48.14353942871094,11318,0.0,0.0
2023-01-13,48.14355393394691,48.14355393394691,47.24413641070302,47.629600524902344,7656,0.0,0.0
2023-01-16,47.995301619437434,49.151693988149475,47.619719548512485,49.042972564697266,368,0.0,0.0
2023-01-17,47.74819909145215,49.023194675117864,47.6592455604675,47.807498931884766,2148,0.0,0.0
2023-01-18,47.91621909821145,48.47959018981627,47.60982277264182,48.35110092163086,5479,0.0,0.0
2023-01-19,48.35110279651888,48.61796339294314,47.431921324838584,48.36098861694336,3909,0.0,0.0
2023-01-20,48.92436050308037,50.19935989379883,48.92436050308037,50.19935989379883,10983,0.0,0.0
2023-01-23,50.19935762813943,52.877841793548924,50.19935762813943,52.57144546508789,93939,0.0,0.0
2023-01-24,52.56156467021135,52.56156467021135,51.66214730362327,51.701683044433594,6154,0.0,0.0
2023-01-25,51.09877972829497,51.58307939055035,50.80226919237633,51.41505813598633,2231,0.0,0.0
2023-01-26,51.79063944618067,52.788892449779155,51.35575381383854,52.18598556518555,2871,0.0,0.0
2023-01-27,52.16621947149038,54.805171966552734,51.59296625977946,54.805171966552734,4722,0.0,0.0
2023-01-30,54.795287068340464,54.795287068340464,51.98831326801622,52.383663177490234,2030,0.0,0.0
2023-01-31,50.40691155902607,50.50574713238018,49.40865869494198,50.456329345703125,7538,0.0,0.0
2023-02-01,50.446448889218814,52.58132976595576,50.24877396593408,52.17609786987305,4273,0.0,0.0
2023-02-02,52.176103535815464,52.99644946657767,51.35575383471728,52.512149810791016,4188,0.0,0.0
2023-02-03,52.51214417685281,53.70807199729887,52.22551572623284,52.82842254638672,1282,0.0,0.0
2023-02-06,52.82842317663028,52.82842317663028,50.940634986431625,51.05923843383789,4714,0.0,0.0
2023-02-07,51.30632433988984,53.28306579589844,51.06911370622136,53.28306579589844,6055,0.0,0.0
2023-02-08,53.27319505441567,53.27319505441567,51.34587097167969,51.34587097167969,3659,0.0,0.0
2023-02-09,53.41156815703765,53.41156815703765,52.00807941818639,52.02784729003906,1863,0.0,0.0
2023-02-10,52.55167632667901,52.571444196135054,51.09877373984768,51.138309478759766,1290,0.0,0.0
2023-02-13,51.405171964694645,51.405171964694645,50.31796541695505,51.148197174072266,1454,0.0,0.0
2023-02-14,51.148189290898614,53.204002380371094,50.57493241275653,53.204002380371094,3872,0.0,0.0
2023-02-15,53.19411344612447,53.28306696440904,52.06737139474346,52.739463806152344,1603,0.0,0.0
2023-02-16,52.73946926835575,53.11505124782668,51.583073410889014,51.79063415527344,764,0.0,0.0
2023-02-17,51.79063274107045,51.79063274107045,49.89295879638841,50.03133010864258,2239,0.0,0.0
2023-02-22,50.031334313080855,50.031334313080855,48.32145309448242,48.32145309448242,3917,0.0,0.0
2023-02-23,49.86331500809108,49.90285075083416,48.74645478278261,49.635990142822266,2765,0.0,0.0
2023-02-24,49.42843064984661,49.87319834130549,49.01331665137568,49.744712829589844,703,0.0,0.0
2023-02-27,49.74470552343367,50.60458708707006,49.685401916503906,49.685401916503906,923,0.0,0.0
2023-02-28,49.74471521638941,50.485993480942774,49.467968767127516,49.9819221496582,500,0.0,0.0
2023-03-01,49.76447751890527,50.19936316472865,48.98366730727308,49.3197135925293,3721,0.0,0.0
2023-03-02,49.299939817791916,49.299939817791916,46.94761610263938,48.35110092163086,5480,0.0,0.0
2023-03-03,48.351103268781394,48.716803221343476,47.98540708655513,48.60808181762695,1531,0.0,0.0
2023-03-06,49.05284572682065,49.95226303824227,48.22261407240565,48.262149810791016,1021,0.0,0.0
2023-03-07,48.25227209901072,48.805761218403774,47.392390381485775,47.53076171875,750,0.0,0.0
2023-03-08,48.48948170291687,48.48948170291687,46.947621614671924,48.034828186035156,4881,0.0,0.0
2023-03-09,47.65924751030957,48.509247114419175,47.47145462036133,47.47145462036133,1565,0.0,0.0
2023-03-10,47.471451714881425,48.104008468897945,46.79935922115496,46.987152099609375,2659,0.0,0.0
2023-03-13,46.987152099609375,47.372616135942216,45.66273498201142,46.987152099609375,7739,0.0,0.0
2023-03-14,47.422028461573554,47.906331791381135,46.562146958801556,46.591796875,4973,0.0,0.0
2023-03-15,46.542383765928236,47.35284756632717,46.39412662937465,47.10575485229492,10534,0.0,0.0
2023-03-16,46.927853189930886,48.815641591285285,46.927853189930886,48.78599166870117,2475,0.0,0.0
2023-03-17,48.80575586984196,49.91273021697998,48.80575586984196,49.41854476928711,2675,0.0,0.0
2023-03-20,49.30982896504814,50.40692138671875,48.578436530825186,50.40692138671875,1999,0.0,0.0
2023-03-21,50.41680340415821,51.434828105116765,50.011571442133516,51.38541030883789,1562,0.0,0.0
2023-03-22,50.88133272489042,51.68191449933711,50.298193751726075,50.49586868286133,10042,0.0,0.0
2023-03-23,49.912731955741364,53.70807647705078,49.912731955741364,53.70807647705078,10578,0.0,0.0
2023-03-24,53.26330853984478,53.49063340013249,52.37377696963233,52.76912307739258,2179,0.0,0.0
2023-03-27,52.71970101064602,52.74935092948163,51.128423347318645,51.523773193359375,1463,0.0,0.0
2023-03-28,51.523776357660914,51.523776357660914,49.42842732343024,50.317962646484375,4622,0.0,0.0
2023-03-29,52.97668092270462,54.53830881904656,52.680170394509645,54.261566162109375,11604,0.0,0.0
2023-03-30,54.25167946474919,54.25167946474919,52.709823234913266,52.76912307739258,2027,0.0,0.0
2023-03-31,52.71970424839475,52.71970424839475,50.317962646484375,50.317962646484375,4128,0.0,0.0
2023-04-03,50.140055551870425,50.140055551870425,48.65749919455787,49.6656379699707,5526,0.0,0.0
2023-04-04,49.66563117474544,49.66563117474544,47.8371467590332,47.8371467590332,664,0.0,0.0
2023-04-05,50.50575309455373,50.50575309455373,47.145294189453125,47.145294189453125,29,0.0,0.0
2023-04-06,48.40229092199416,50.303917617599446,44.826839651484505,48.53104782104492,895,0.099155,0.0
2023-04-10,55.32540551002218,55.32540551002218,52.52248755108125,53.195980072021484,1175,0.0,0.0
2023-04-11,52.41353183145851,52.789896131700196,52.19563989189883,52.512577056884766,6616,0.0,0.0
2023-04-12,52.51258462369921,52.51258462369921,50.46239538931622,50.48220443725586,4767,0.0,0.0
2023-04-13,50.51190759441872,51.541955244285944,49.2936796881713,51.3537712097168,2682,0.0,0.0
2023-04-14,51.19531674816584,51.57168114289709,50.57134867317846,50.86847686767578,1022,0.0,0.0
2023-04-17,50.7694292820572,51.06656124107682,50.49211015037468,50.79914474487305,1162,0.0,0.0
2023-04-18,50.78923427999568,51.73014325939656,50.6802864074707,50.6802864074707,1789,0.0,0.0
2023-04-19,50.89818346266445,51.0566520690918,50.89818346266445,51.0566520690918,2823,0.0,0.0
2023-04-20,50.14545267814132,51.51224283234528,49.98698409019641,51.10616683959961,2862,0.0,0.0
2023-04-24,50.60105117619666,50.9278909973725,49.471961975097656,49.471961975097656,2509,0.0,0.0
2023-04-25,49.2243614847212,49.47196893305663,48.669719440301506,48.88761520385742,752,0.0,0.0
2023-04-26,49.73938253081442,50.86847182488721,49.71957348271968,50.719905853271484,3990,0.0,0.0
2023-04-27,51.502338072573515,51.502338072573515,49.84832249031197,50.81894302368164,239,0.0,0.0
2023-04-28,50.511916401380304,53.195980072021484,50.511916401380304,53.195980072021484,4381,0.0,0.0
2023-05-02,52.36401508395933,52.36401508395933,51.017030141394955,51.393394470214844,7625,0.0,0.0
2023-05-03,51.00713203814848,51.284451158655585,50.1751708984375,50.1751708984375,6185,0.0,0.0
2023-05-04,50.175171502307364,50.175171502307364,49.7889045003266,49.96718215942383,364,0.0,0.0
2023-05-05,50.27421451492767,50.294023564125,49.709669836468144,50.12565231323242,563,0.0,0.0
2023-05-08,50.11574375339041,50.46239643221395,49.90775441301008,50.1751708984375,2292,0.0,0.0
2023-05-09,49.739380843785426,50.50201216771314,49.67995370151682,50.105838775634766,588,0.0,0.0
2023-05-10,50.105845024143804,50.58125088701022,49.016373727348665,49.27388381958008,7749,0.0,0.0
2023-05-11,50.51191142770386,50.51191142770386,49.897846111377696,50.00679397583008,514,0.0,0.0
2023-05-12,50.10584420762032,50.4029723947961,49.055987249530034,49.36302185058594,542,0.0,0.0
2023-05-15,50.5218211236113,52.25507322860103,50.442588706327584,52.24517059326172,7274,0.0,0.0
2023-05-16,52.03717923108892,52.90875467838671,51.4924436319804,52.18574142456055,2040,0.0,0.0
2023-05-17,52.56210344383038,53.09693638419083,51.99755882173526,53.0177001953125,373,0.0,0.0
2023-05-18,53.483206375400684,56.03851693797864,53.483206375400684,55.473968505859375,4820,0.0,0.0
2023-05-19,55.4739638585911,56.34554302143814,54.84008947768028,56.236595153808594,536,0.0,0.0
2023-05-22,53.87937776618137,54.51325217643464,53.45349268838192,54.28545379638672,5296,0.0,0.0
2023-05-23,54.66180642765185,55.33529883528301,54.16659164428711,54.16659164428711,2059,0.0,0.0
2023-05-24,53.03750892475707,54.404302949203704,52.54229408180287,54.24583435058594,608,0.0,0.0
2023-05-25,56.454494739534944,58.06889626103227,56.157366575491096,57.70243453979492,5441,0.0,0.0
2023-05-26,57.702436504390434,61.11941995270669,57.68263123387751,60.69353485107422,6031,0.0,0.0
2023-05-29,60.69353483757552,60.69353483757552,56.94971153197264,60.128990173339844,606,0.0,0.0
2023-05-30,61.81271612797977,62.397069789837566,59.861568450927734,59.861568450927734,2946,0.0,0.0
2023-05-31,57.92033803778319,58.14813645329518,57.09828321469122,57.36569595336914,4322,0.0,0.0
2023-06-01,57.266651283213925,57.6331092548369,56.90019331159095,57.1577033996582,910,0.0,0.0
2023-06-02,57.40531011746155,57.40531011746155,56.13756118654078,56.345550537109375,2363,0.0,0.0
2023-06-05,56.57334756435816,56.57334756435816,54.949043341478955,55.176841735839844,5295,0.0,0.0
2023-06-06,55.176836983859545,55.68195824027062,54.4736328125,54.4736328125,1097,0.0,0.0
2023-06-07,54.47362967471143,55.46405930516073,54.47362967471143,54.493438720703125,1351,0.0,0.0
2023-06-09,54.24583761187819,54.24583761187819,52.235266437628006,52.6512451171875,4274,0.0,0.0
2023-06-12,52.93846789341887,54.17650501076641,52.93846789341887,54.14678955078125,2917,0.0,0.0
2023-06-13,54.15669514598895,54.988656227415284,54.15669514598895,54.57267379760742,3632,0.0,0.0
2023-06-14,53.92890345961704,55.1273226129399,53.92890345961704,54.43402099609375,13176,0.0,0.0
2023-06-15,53.97842346314898,55.057992083539546,53.97842346314898,54.75095748901367,9526,0.0,0.0
2023-06-16,56.15736397634969,56.4544921266415,52.017367584807495,53.909088134765625,44986,0.0,0.0
2023-06-19,53.909089923952216,54.09727021047167,52.64134109226421,52.94837188720703,3457,0.0,0.0
2023-06-20,53.16626393317781,53.4336803921557,52.10650450955577,52.5026741027832,9921,0.0,0.0
2023-06-21,53.473298770295514,53.473298770295514,51.46272400018178,51.948036193847656,1142,0.0,0.0
2023-06-22,51.94804436666598,52.42345022278354,51.41321136171251,52.07680130004883,1007,0.0,0.0
2023-06-23,51.423105362363906,51.96784468974471,51.30425486283958,51.4825325012207,2304,0.0,0.0
2023-06-26,51.6311046333382,52.344211493947064,51.541965803488374,51.5518684387207,4264,0.0,0.0
2023-06-27,51.551867375427534,52.78990455436763,50.30392756145936,52.76019287109375,4727,0.0,0.0
2023-06-28,52.69086451701541,54.196318220723256,52.304597511245,53.59215545654297,2611,0.0,0.0
2023-06-29,52.453152986646124,52.46305939886213,51.10616806765246,51.59148025512695,19053,0.0,0.0
2023-06-30,51.60138251584923,51.8588963369529,49.91765515747715,50.00679397583008,9650,0.0,0.0
2023-07-03,50.006792520465844,50.65056949811052,47.54062113660144,48.7291374206543,2892,0.0,0.0
2023-07-04,50.70999864632575,50.70999864632575,50.04640881864466,50.13554763793945,1812,0.0,0.0
2023-07-05,50.135548692589694,50.917989036393486,49.63043122475306,49.82851791381836,1555,0.0,0.0
2023-07-06,49.82852571182936,51.502350751091456,49.02627619575052,50.51192092895508,1833,0.0,0.0
2023-07-07,49.78838845792374,49.907450901105875,49.113694971680246,49.12361526489258,1350,0.090779,0.0
2023-07-10,49.113688838447274,50.63174710045921,48.7664218454793,50.34401321411133,1119,0.0,0.0
2023-07-11,50.8004220412979,51.32628456607237,50.60198213867079,50.840110778808594,1609,0.0,0.0
2023-07-12,50.55237925541143,50.86988162424627,50.42339273528266,50.81034851074219,392,0.0,0.0
2023-07-13,50.85003693148635,51.15761900525532,50.60198797084495,51.068321228027344,5313,0.0,0.0
2023-07-14,51.05839413959383,51.76285223789749,50.59206469483341,50.66151809692383,6810,0.0,0.0
2023-07-17,50.82026690932293,52.050587504830574,50.82026690932293,51.88191604614258,2550,0.0,0.0
2023-07-18,51.36598106216621,51.71324810552192,50.730976305786115,51.663639068603516,3876,0.0,0.0
2023-07-19,52.11012459937423,52.32840888960522,51.37589803173241,51.51480484008789,2501,0.0,0.0
2023-07-20,50.80042172179108,52.01089792884321,50.80042172179108,51.098079681396484,461,0.0,0.0
2023-07-21,51.09807986492354,51.971213163171505,50.99886180634082,51.683475494384766,999,0.0,0.0
2023-07-24,51.68348155513487,52.387939694490086,51.098085857026234,51.30644607543945,1833,0.0,0.0
2023-07-25,51.39574004362822,51.74301083350718,50.909566236694765,51.54457092285156,1015,0.0,0.0
2023-07-26,51.50487859886151,52.94356311982046,50.949247644684434,52.60621643066406,5290,0.0,0.0
2023-07-27,54.76921012297655,56.36664600173957,54.570770201621684,55.76140594482422,5139,0.0,0.0
2023-07-28,55.54311325756224,56.307104379099755,55.48358015467613,55.69194412231445,920,0.0,0.0
2023-07-31,55.69195380212341,56.148362982133605,55.682029724121094,55.682029724121094,1512,0.0,0.0
2023-08-01,55.68202921518722,56.24758053849307,55.15616663367432,56.06898498535156,2791,0.0,0.0
2023-08-02,54.66998419105668,54.69975263724132,53.83653961148861,54.114356994628906,2207,0.0,0.0
2023-08-03,54.31280664206399,55.98961639404297,54.31280664206399,55.98961639404297,2921,0.0,0.0
2023-08-04,55.860617648592566,56.55515540173953,55.860617648592566,56.15827560424805,4182,0.0,0.0
2023-08-07,56.48570456223084,56.82305126989364,55.82093143907485,55.99952697753906,7195,0.0,0.0
2023-08-08,57.12070940532306,57.12070940532306,54.501313213457244,54.679908752441406,3047,0.0,0.0
2023-08-09,55.553046436560194,55.553046436560194,54.431864083845404,54.53108215332031,559,0.0,0.0
2023-08-10,54.29295722930114,54.29295722930114,52.467316743961284,52.75505065917969,2526,0.0,0.0
2023-08-11,52.11012889298737,52.34825378838087,51.98114236677515,52.08036422729492,1849,0.0,0.0
2023-08-14,52.08035915419814,56.07890701293945,52.08035915419814,56.07890701293945,7448,0.0,0.0
2023-08-15,55.93007653624845,55.93007653624845,54.154048919677734,54.154048919677734,334,0.0,0.0
2023-08-16,53.836538945971576,53.836538945971576,52.75504544281706,52.963409423828125,5265,0.0,0.0
2023-08-17,53.052709406275845,53.052709406275845,52.30856257354114,52.34824752807617,1506,0.0,0.0
2023-08-18,51.64379273324476,52.26887717244491,51.167539184067856,52.25895309448242,158,0.0,0.0
2023-08-21,52.348250518774286,52.774895030044185,51.92160979243112,52.75505065917969,1230,0.0,0.0
2023-08-22,52.88403157744876,52.88403157744876,51.65371099354225,52.03074264526367,1046,0.0,0.0
2023-08-23,51.97121807953536,52.566534057199924,51.53464949664978,52.447471618652344,356,0.0,0.0
2023-08-24,52.85427295135214,53.64802886787398,51.19730392724393,51.30644607543945,4347,0.0,0.0
2023-08-25,50.274555102374926,51.39573732099833,50.274555102374926,51.356048583984375,490,0.0,0.0
2023-08-28,52.586374917889074,53.28091270209176,52.3284056874331,52.4276237487793,1918,0.0,0.0
2023-08-29,52.8046620112476,53.77701344702389,52.586377722731434,53.677791595458984,2986,0.0,0.0
2023-08-30,53.67778517587154,55.235532102339036,53.67778517587154,54.91802978515625,7478,0.0,0.0
2023-08-31,55.562967760809535,57.547359466552734,55.562967760809535,57.547359466552734,5275,0.0,0.0
2023-09-01,57.54735760446588,57.54735760446588,55.8407795815707,56.95204162597656,7495,0.0,0.0
2023-09-04,58.53955342523253,58.53955342523253,56.95204162597656,56.95204162597656,68,0.0,0.0
2023-09-05,56.94211995652697,58.43041375062304,56.94211995652697,58.22205352783203,2620,0.0,0.0
2023-09-06,58.22204270472077,58.22204270472077,57.41836284273426,57.94422912597656,203,0.0,0.0
2023-09-08,57.38860953092174,58.10299177171899,57.38860953092174,57.706111907958984,1230,0.0,0.0
2023-09-11,57.80532346606822,58.1129055150603,56.55515847050882,57.04133605957031,515,0.0,0.0
2023-09-12,58.222053732498686,58.64869825776681,57.84501824355612,57.854942321777344,2044,0.0,0.0
2023-09-13,57.93431572613014,58.033537583199816,57.398529052734375,57.398529052734375,638,0.0,0.0
2023-09-14,57.8152491149616,58.13275146484375,57.716027265044325,58.13275146484375,893,0.0,0.0
2023-09-15,57.38860709681518,57.38860709681518,56.1682066771671,56.436100006103516,704,0.0,0.0
2023-09-18,56.44601742781916,56.8627416243872,56.33687528621975,56.376564025878906,1785,0.0,0.0
2023-09-19,56.24758158977833,56.832977294921875,56.24758158977833,56.832977294921875,716,0.0,0.0
2023-09-20,57.448137131781756,57.74579510856749,56.20789240773575,56.505550384521484,1699,0.0,0.0
2023-09-21,56.148349822578716,56.148349822578716,55.54310989379883,55.54310989379883,3460,0.0,0.0
2023-09-22,56.356727575715034,56.59485626220703,56.307118536632935,56.59485626220703,1212,0.0,0.0
2023-09-25,56.26742364382884,56.485707933853654,55.751481366905324,56.14836120605469,107,0.0,0.0
2023-09-26,56.33687625027932,56.33687625027932,55.84077835083008,55.84077835083008,8466,0.0,0.0
2023-09-27,56.67422532480361,57.22985635781433,56.078909334734576,56.76352310180664,10852,0.0,0.0
2023-09-28,56.049149378455176,56.049149378455176,53.479361785441945,54.818824768066406,9386,0.0,0.0
2023-09-29,56.38648558263478,56.773441314697266,55.94991703575291,56.773441314697266,15140,0.0,0.0
2023-10-02,56.70398741333655,57.58704100635614,56.446014404296875,56.446014404296875,509,0.0,0.0
2023-10-03,57.45805961171292,58.35103736099354,57.45805961171292,57.55727767944336,5386,0.0,0.0
2023-10-04,57.77556021466197,58.02360916137695,57.56720000780376,58.02360916137695,1115,0.0,0.0
2023-10-05,58.351032117946836,59.19439697265625,58.34110804110951,59.19439697265625,2875,0.0,0.0
2023-10-06,59.531747918379935,59.531747918379935,56.55516052246094,56.55516052246094,938,0.0,0.0
2023-10-09,56.62186051712976,58.757598876953125,55.62849454314503,58.757598876953125,5026,0.067149,0.0
2023-10-10,58.75759973684745,58.85693481994347,57.87350082397461,57.87350082397461,2875,0.0,0.0
2023-10-11,57.99271782665278,58.57880401611328,57.873511158382335,58.57880401611328,3298,0.0,0.0
2023-10-13,58.80727317070219,58.80727317070219,57.962909722221355,58.37018966674805,299,0.0,0.0
2023-10-16,58.370187201489045,58.39999075965774,57.287418059664695,57.794036865234375,359,0.0,0.0
2023-10-17,57.615228472483004,57.6450282401224,56.84040419873391,57.34701919555664,2505,0.0,0.0
2023-10-18,57.50595536139928,57.933103031386096,57.50595536139928,57.76423263549805,133,0.0,0.0
2023-10-19,57.72450160972207,57.72450160972207,56.472858268177646,56.52252960205078,1205,0.0,0.0
2023-10-20,56.35364803637402,57.148340012373644,56.01590347290039,56.01590347290039,1249,0.0,0.0
2023-10-23,55.48942412312129,56.224512824593695,55.27088239541251,55.70796585083008,1489,0.0,0.0
2023-10-24,56.284121446960725,56.433127873408566,55.70797109610349,56.35365676879883,1721,0.0,0.0
2023-10-25,56.08544202723646,57.029140461165845,54.64506060591167,54.893402099609375,9135,0.0,0.0
2023-10-26,55.48941740940826,55.48941740940826,52.946399449883224,53.68149185180664,1565,0.0,0.0
2023-10-27,53.50269405225083,54.72453379318895,53.284152316843965,54.52585983276367,132,0.0,0.0
2023-10-30,55.18148196114151,55.598697662353516,54.47619299245839,55.598697662353516,4473,0.0,0.0
2023-10-31,55.092075215189,55.92650277290778,54.764266418972916,55.77750015258789,255,0.0,0.0
2023-11-01,56.1450492996105,57.72450146221524,56.1450492996105,56.97947692871094,16443,0.0,0.0
2023-11-03,57.61523016249852,59.2940174013286,57.61523016249852,58.98607635498047,932,0.0,0.0
2023-11-06,58.757594526021215,59.26420946790737,58.51918504258702,58.90659713745117,2241,0.0,0.0
2023-11-07,58.350316347874255,58.90659884301012,58.350316347874255,58.638389587402344,1134,0.0,0.0
2023-11-08,58.648326043599454,58.75759690336999,58.161575065364396,58.66819381713867,1728,0.0,0.0
2023-11-09,58.90659873133404,61.55888772772249,58.90659873133404,60.18804168701172,4334,0.0,0.0
2023-11-10,60.28738170731542,61.568824768066406,60.1880466221959,61.568824768066406,3103,0.0,0.0
2023-11-13,61.56881037841335,61.56881037841335,60.128429244477765,60.635047912597656,5025,0.0,0.0
2023-11-14,60.38671785409522,62.31384645985387,60.38671785409522,62.135040283203125,1379,0.0,0.0
2023-11-16,61.93636138414951,62.16483887225272,61.57875284880953,62.02576446533203,61,0.0,0.0
2023-11-17,62.025778092679886,62.88007354736328,62.025778092679886,62.88007354736328,158,0.0,0.0
2023-11-20,62.64165767465501,63.23767572417455,62.10523915645321,63.16814041137695,419,0.0,0.0
2023-11-21,63.158212363941566,63.37675030807305,61.926436851440755,62.075443267822266,2597,0.0,0.0
2023-11-22,62.07544164939655,63.05887184582475,62.03570610081206,62.52245330810547,503,0.0,0.0
2023-11-23,61.27080535888672,61.27080535888672,59.62181821486373,61.27080535888672,123,0.0,0.0
2023-11-24,62.284046302499206,62.601923105795805,61.95623371756749,62.462852478027344,159,0.0,0.0
2023-11-27,62.085371609409954,63.337011033723904,62.085371609409954,62.88999938964844,1703,0.0,0.0
2023-11-28,62.38338734748076,62.89000615638247,59.601963157986226,60.82380294799805,2297,0.0,0.0
2023-11-29,62.08536897096337,63.048935109997586,61.90656280517578,61.90656280517578,384,0.0,0.0
2023-11-30,63.1780805235931,63.1780805235931,61.16154861450195,61.16154861450195,246,0.0,0.0
2023-12-01,61.16153451010491,61.56881435322534,60.913193049924395,61.27080535888672,311,0.0,0.0
2023-12-04,61.241017894385806,61.74763290755837,60.376786711046265,60.615196228027344,2623,0.0,0.0
2023-12-05,60.43638934488745,60.43638934488745,59.919838555175,60.17811584472656,1753,0.0,0.0
2023-12-06,60.317184669755434,60.37678420448338,59.37348621286064,59.40328598022461,481,0.0,0.0
2023-12-07,59.40328799199747,60.19798006020463,59.40328799199747,59.89997100830078,14,0.0,0.0
2023-12-08,61.1019411078775,61.29068307344334,60.337052621098984,61.26087951660156,48,0.0,0.0
2023-12-11,61.71783255786808,64.03237343927023,61.68802900015685,63.71449661254883,4471,0.0,0.0
2023-12-12,64.04230820026787,64.07210796811314,63.46615409265485,63.78403091430664,461,0.0,0.0
2023-12-13,63.7840345793034,65.36349057488947,63.7840345793034,65.28401947021484,1086,0.0,0.0
2023-12-14,65.27407053058974,67.10186767578125,65.27407053058974,67.10186767578125,2303,0.0,0.0
2023-12-15,67.13166781154344,67.13166781154344,66.53564980087774,66.54557800292969,166,0.0,0.0
2023-12-18,66.83366112027069,67.24094480500108,66.12837219238281,66.12837219238281,626,0.0,0.0
2023-12-19,66.02904371098909,66.19791412353516,65.53236067730182,66.19791412353516,204,0.0,0.0
2023-12-20,66.26744931285502,66.26744931285502,64.56879425048828,64.56879425048828,1243,0.0,0.0
2023-12-21,67.22107034764278,69.03893180988965,67.22107034764278,68.87998962402344,3768,0.0,0.0
2023-12-22,68.8899322120531,69.95283355401729,68.8899322120531,69.5356216430664,2453,0.0,0.0
2023-12-26,68.14490510440332,70.16143684280308,68.14490510440332,69.41641235351562,774,0.0,0.0
2023-12-27,69.9130987943483,69.9130987943483,69.04887519457291,69.10847473144531,1074,0.0,0.0
2023-12-28,69.1741339756724,69.99941294812153,68.6769790649414,68.6769790649414,1143,0.066034,0.0
2024-01-02,67.79204342740893,67.93124619450157,66.78778839111328,66.78778839111328,2372,0.0,0.0
2024-01-03,65.70398778707064,67.32470989154858,65.47529321479162,67.11590576171875,1642,0.0,0.0
2024-01-04,67.96107428962253,67.96107428962253,67.02642822265625,67.02642822265625,1007,0.0,0.0
2024-01-05,67.02643326425918,67.18551890180137,66.81762151188752,67.10597229003906,2625,0.0,0.0
2024-01-08,68.55763716878471,68.69683989226813,68.28917694091797,68.28917694091797,368,0.0,0.0
2024-01-09,68.41844198764257,68.41844198764257,67.02641459935344,67.57328033447266,1371,0.0,0.0
2024-01-10,67.57328795085735,67.57328795085735,66.6187515258789,66.6187515258789,11,0.0,0.0
2024-01-11,67.02642343517593,67.29488372802734,66.4000034418871,67.29488372802734,1570,0.0,0.0
2024-01-12,66.30056664079343,66.30056664079343,65.82329467905787,66.21107482910156,597,0.0,0.0
2024-01-15,67.33465476387468,67.33465476387468,65.81336212158203,65.81336212158203,581,0.0,0.0
2024-01-16,67.11591075929282,69.39288108648144,67.11591075929282,68.62725830078125,2943,0.0,0.0
2024-01-17,68.20965259796824,68.46817527699862,68.07044982910156,68.07044982910156,266,0.0,0.0
2024-01-18,69.34314632816634,69.65138744906734,68.96531142774755,69.253662109375,370,0.0,0.0
2024-01-19,69.25366651665946,71.68972205008764,69.25366651665946,71.39143371582031,301,0.0,0.0
2024-01-22,73.1513731859468,73.82750416728172,72.31615657805291,73.79767608642578,2609,0.0,0.0
2024-01-23,73.77777861009363,73.77777861009363,71.63007354736328,71.63007354736328,1163,0.0,0.0
2024-01-24,73.07182446385292,73.07182446385292,71.62013307837027,71.83888244628906,953,0.0,0.0
2024-01-25,72.80336347203283,73.08176899731315,72.5249579467525,72.57466888427734,733,0.0,0.0
2024-01-26,71.68972937247555,71.8885958682797,71.06331697915009,71.75933074951172,182,0.0,0.0
2024-01-29,71.68973409766348,72.96244941077217,71.68973409766348,72.68404388427734,282,0.0,0.0
2024-01-30,72.68404106323676,73.29057061640889,70.21815713629091,70.50650787353516,1625,0.0,0.0
2024-01-31,69.81048395468889,70.38718540816446,69.39287569637118,70.347412109375,173,0.0,0.0
2024-02-01,71.0633344383943,71.0633344383943,69.44260433982022,69.79061889648438,355,0.0,0.0
2024-02-02,69.87014170064636,71.13291931152344,69.87014170064636,71.13291931152344,287,0.0,0.0
2024-02-05,71.82894292402464,71.89854431152344,71.20253043653554,71.89854431152344,254,0.0,0.0
2024-02-06,72.03773987594055,72.03773987594055,68.90567016601562,68.90567016601562,3568,0.0,0.0
2024-02-07,69.18407342453682,70.04911804199219,69.18407342453682,70.04911804199219,1893,0.0,0.0
2024-02-08,70.43690395084163,70.98377738579427,69.81049149569924,70.58605194091797,2431,0.0,0.0
2024-02-09,70.64570965239135,70.64570965239135,69.81048553091658,70.4170150756836,1236,0.0,0.0
2024-02-14,67.66278586754494,67.79204341239323,67.235232344146,67.26506042480469,3892,0.0,0.0
2024-02-15,67.57328732029569,67.74231815120827,67.11590576171875,67.11590576171875,650,0.0,0.0
2024-02-16,67.11590766906738,67.61306254069011,65.62444305419922,65.62444305419922,3348,0.0,0.0
2024-02-19,68.60737757392846,68.60737757392846,64.5307088294856,65.942626953125,1294,0.0,0.0
2024-02-20,64.67985435346138,65.97245251847178,64.67985435346138,65.78353881835938,136,0.0,0.0
2024-02-21,65.78352668929573,65.97244035457653,65.49517599536372,65.68408966064453,684,0.0,0.0
2024-02-22,67.61306012406776,70.85451189526688,67.61306012406776,70.7153091430664,5539,0.0,0.0
2024-02-23,70.99371080062954,71.59029507573116,70.43689223601812,70.8346176147461,3517,0.0,0.0
2024-02-26,71.570416493925,76.07463828096134,71.570416493925,73.92692565917969,3752,0.0,0.0
2024-02-27,76.0945199171185,76.3530425624793,74.30476701364925,75.63713836669922,617,0.0,0.0
2024-02-28,74.4539127619174,74.4539127619174,73.57892289626649,73.67835235595703,3125,0.0,0.0
2024-02-29,73.67835771970442,74.82181555434262,73.63858441573643,74.10591125488281,268,0.0,0.0
2024-03-01,75.567542941054,78.8984791719173,74.99084145060512,78.19252014160156,793,0.0,0.0
2024-03-04,80.65841529210662,80.8970475247215,78.1925236018133,78.91837310791016,4068,0.0,0.0
2024-03-05,77.71526081837976,77.97377591514781,76.66128722839028,77.55616760253906,4131,0.0,0.0
2024-03-06,77.55615808408362,78.74932671252323,77.55615808408362,78.09308624267578,696,0.0,0.0
2024-03-07,81.53339893028112,82.01067094477796,80.28056652996057,80.41976928710938,3948,0.0,0.0
2024-03-08,82.64701557889848,83.91973063613986,80.49930323031856,80.8174819946289,2963,0.0,0.0
2024-03-11,79.52490994873811,79.52490994873811,77.23799412108322,77.7450942993164,2813,0.0,0.0
2024-03-12,78.12290665438344,80.37004852294922,78.12290665438344,80.37004852294922,19999,0.0,0.0
2024-03-13,79.52491662446565,79.52491662446565,76.9595950203899,77.0689697265625,5311,0.0,0.0
2024-03-14,77.54620947929342,77.54620947929342,75.09026336669922,75.09026336669922,2774,0.0,0.0
2024-03-15,76.91981186357462,78.18258205593897,76.88998378134288,77.01924133300781,1921,0.0,0.0
2024-03-18,80.53908693451511,80.53908693451511,78.19251539966804,78.69961547851562,7906,0.0,0.0
2024-03-19,76.91980359628629,78.23229217529297,76.85020221656552,78.23229217529297,252,0.0,0.0
2024-03-20,78.55047225144239,78.9084243774414,78.11297352278102,78.9084243774414,527,0.0,0.0
2024-03-21,92.02336975413591,93.70374806143163,90.68104553222656,90.68104553222656,21690,0.0,0.0
2024-03-22,91.1881491541855,92.10291233256139,88.7520932238193,91.16826629638672,2983,0.0,0.0
2024-03-25,92.16257313910275,99.43097498283386,90.74070989340896,97.34292602539062,4739,0.0,0.0
2024-03-26,98.93382328688496,100.88266954885154,98.4366683959961,98.4366683959961,6549,0.0,0.0
2024-03-27,99.4309775761003,99.4309775761003,97.06452304074247,97.74065399169922,4209,0.0,0.0
2024-03-28,98.00969219867456,99.18381876420369,97.51218107076251,97.9599380493164,2269,0.070388,0.0
2024-04-01,103.47235146160791,106.22856707386049,103.47235146160791,104.0992202758789,9059,0.0,0.0
2024-04-02,104.0992369093275,104.0992369093275,101.49227572160719,103.96987915039062,10157,0.0,0.0
2024-04-03,103.47235772456477,107.06438851804107,102.48728786005039,106.46737670898438,14563,0.0,0.0
2024-04-04,108.79572585847983,108.79572585847983,103.58181155283127,104.47733306884766,8652,0.0,0.0
2024-04-05,104.47733719455711,105.51216125488281,102.28829126133334,105.51216125488281,5781,0.0,0.0
2024-04-08,105.75096753799711,108.85543980899728,102.49724799695363,102.61664581298828,4273,0.0,0.0
2024-04-09,103.58181845981805,105.46240997314453,100.96491258040939,105.46240997314453,2377,0.0,0.0
2024-04-10,101.93007419724779,105.45245361328125,99.80072734669791,105.45245361328125,3912,0.0,0.0
2024-04-11,103.79076145858446,109.34298706054688,103.2833056111767,109.34298706054688,29124,0.0,0.0
2024-04-12,107.15394042628445,107.26339347281846,103.56190976818384,106.4574203491211,14883,0.0,0.0
2024-04-15,106.06937503253134,106.66638689070643,103.78082831095722,104.07933044433594,5728,0.0,0.0
2024-04-16,104.47731722077215,106.9648723926953,103.58179584059663,106.86537170410156,2831,0.0,0.0
2024-04-17,106.36787654003888,107.56190016414658,101.19375645559904,103.2435073852539,6413,0.0,0.0
2024-04-18,101.99972431509163,101.99972431509163,97.73107831395546,98.90520477294922,6093,0.0,0.0
2024-04-19,97.61168161454844,104.4673843383789,91.35299072492889,104.4673843383789,4900,0.0,0.0
2024-04-22,89.85050642627726,94.74601375912543,89.85050642627726,93.94004821777344,10186,0.0,0.0
2024-04-23,93.94005010095927,95.87038801820187,93.7609458002443,95.46243286132812,3063,0.0,0.0
2024-04-24,104.40767970147935,104.42757680524672,93.98979605765982,95.02462005615234,2440,0.0,0.0
2024-04-25,95.81068641441591,99.17385864257812,93.04452597466955,99.17385864257812,4625,0.0,0.0
2024-04-26,96.16889579287542,97.9997329711914,95.16392125944283,97.9997329711914,2239,0.0,0.0
2024-04-29,96.91515763538479,97.38281925427258,95.28332193846764,96.527099609375,8070,0.0,0.0
2024-04-30,95.52213239997336,99.7907786025672,95.52213239997336,98.1390380859375,5253,0.0,0.0
2024-05-02,95.52212863700471,95.52212863700471,92.875366012141,95.09426879882812,1095,0.0,0.0
2024-05-03,97.41267057588915,97.41267057588915,95.52212696149294,97.23356628417969,6072,0.0,0.0
2024-05-06,99.7907735635846,101.98977163119947,99.69127286564236,100.91514587402344,7402,0.0,0.0
2024-05-07,100.91515330555687,101.53206982449593,100.41764218779166,100.49724578857422,1727,0.0,0.0
2024-05-08,99.60171928962683,101.41265936429579,99.60171928962683,100.63654327392578,2196,0.0,0.0
2024-05-09,101.41266356364457,102.6862907997002,100.09923452753505,100.24848937988281,2598,0.0,0.0
2024-05-10,102.62659317611883,103.68131432074972,102.03953369868607,103.57186126708984,2545,0.0,0.0
2024-05-13,103.57186198163467,105.67135952880622,103.57186198163467,105.0345458984375,3833,0.0,0.0
2024-05-14,104.74598986426233,105.51216125488281,104.15893037533516,105.51216125488281,1582,0.0,0.0
2024-05-15,106.47733560621799,108.9549389414822,106.47733560621799,108.85543823242188,17986,0.0,0.0
2024-05-16,110.55691889118863,110.55691889118863,108.14896695336832,109.12408447265625,1818,0.0,0.0
2024-05-17,110.44746153522405,110.44746153522405,105.92010759788916,106.05941009521484,4376,0.0,0.0
2024-05-20,108.7957151160401,110.83551350158996,108.12905211660498,110.19869995117188,3094,0.0,0.0
2024-05-21,107.46239145283083,109.2235773058623,104.30817308120159,108.09920501708984,3852,0.0,0.0
2024-05-22,107.9698506100925,108.70616484131585,107.25343348072222,107.67134094238281,4341,0.0,0.0
2024-05-23,113.06435775135604,113.1738107889542,106.93502560293996,107.61164093017578,7185,0.0,0.0
2024-05-24,109.89025653485767,115.96984291349702,107.92010919672491,111.19373321533203,6553,0.0,0.0
2024-05-27,112.04944885480825,118.50714070955291,112.04944885480825,114.42755126953125,1618,0.0,0.0
2024-05-28,112.93502549579537,113.61164093017578,110.76587668481856,113.61164093017578,11523,0.0,0.0
2024-05-29,112.51711797228853,114.54696427542974,111.96985269763626,113.61164093017578,5716,0.0,0.0
2024-05-31,113.02456000970064,113.02456000970064,105.5817987346258,108.01959991455078,13157,0.0,0.0
2024-06-03,111.24349331483245,112.06935603310971,108.85543833798154,110.69622802734375,2985,0.0,0.0
2024-06-04,111.44248932127984,111.79074558212541,109.69124807777722,110.81562805175781,4020,0.0,0.0
2024-06-05,113.43254626206391,117.8106460571289,111.96986221405778,117.8106460571289,13938,0.0,0.0
2024-06-06,119.40266219429348,119.40266219429348,112.71611189678636,114.42755126953125,9309,0.0,0.0
2024-06-07,114.42756217616963,118.47730255126953,113.3728409888429,118.47730255126953,2563,0.0,0.0
2024-06-10,116.0892345123497,120.56683426810785,115.42257148176571,119.99967193603516,9685,0.0,0.0
2024-06-11,123.38274690620136,123.38274690620136,118.00962576458348,119.9001693725586,5269,0.0,0.0
2024-06-12,123.38275463126605,127.03448433752553,122.5071378151801,124.56683349609375,8544,0.0,0.0
2024-06-13,128.70613163770892,129.35289001464844,125.90016165886146,129.35289001464844,9254,0.0,0.0
2024-06-14,129.61158310715538,129.61158310715538,124.43747083142766,125.52204895019531,5549,0.0,0.0
2024-06-17,131.03448063430508,133.4424326224965,128.18871643319986,132.8454132080078,15196,0.0,0.0
2024-06-18,137.76082335170554,142.28817749023438,136.3379488645636,142.28817749023438,22723,0.0,0.0
2024-06-19,142.5767102158664,147.24336630025047,140.48717291282063,142.39761352539062,3886,0.0,0.0
2024-06-20,142.069271098066,142.08917579362327,129.3230389123482,131.09417724609375,27506,0.0,0.0
2024-06-21,129.2334908025146,129.2334908025146,122.52703557335421,126.636474609375,21533,0.0,0.0
2024-06-24,127.4126000085567,134.3280014933122,123.3330027789594,127.74095916748047,19108,0.0,0.0
2024-06-25,127.3329961567845,128.7459259033203,124.37777891513417,128.7459259033203,7573,0.0,0.0
2024-06-26,132.26829926909087,132.26829926909087,127.75090497332421,130.64642333984375,19486,0.0,0.0
2024-06-27,123.88027682241128,125.6016687481995,120.19869733493884,120.87531280517578,51084,0.0,0.0
2024-06-28,121.39271979615562,125.03450503392075,120.3976975027445,123.87032318115234,27950,0.0,0.0
2024-07-01,123.8703071852467,123.8703071852467,117.91012654297485,123.22354125976562,11247,0.0,0.0
2024-07-02,122.88523451104221,125.17378847372538,121.07429451664142,123.88025665283203,5326,0.0,0.0
2024-07-03,126.85538540221839,130.34791564941406,122.38773759448802,130.34791564941406,4998,0.0,0.0
2024-07-04,130.24839586859986,130.34790415864822,119.999672081205,129.33297729492188,2083,0.0,0.0
2024-07-05,129.3285770380989,129.3385427717832,119.25309874992178,119.67124938964844,21111,0.075589,0.0
2024-07-08,121.23435065009046,121.23435065009046,118.078296776651,118.5661392211914,13257,0.0,0.0
2024-07-09,118.56613239507635,121.62263509094018,117.53071392630963,117.83934783935547,5634,0.0,0.0
2024-07-10,119.23320516673344,122.33947613609811,118.6358459492275,122.22000885009766,10771,0.0,0.0
2024-07-11,122.41912871115416,122.7078539849719,117.14244664698886,118.59602355957031,15157,0.0,0.0
2024-07-12,118.5163618559304,121.46334034963456,118.39688698338135,119.68121337890625,3506,0.0,0.0
2024-07-15,120.24870541500192,122.45894117843392,117.43115234375,117.43115234375,9239,0.0,0.0
2024-07-16,117.63027684408705,117.63027684408705,114.7330738650735,115.18109893798828,12483,0.0,0.0
2024-07-17,110.71086586710949,111.50734997670584,108.52054595947266,108.52054595947266,17220,0.0,0.0
2024-07-18,108.5304916798918,111.5969376805042,105.35452134101214,108.75947570800781,16492,0.0,0.0
2024-07-19,107.55480660834958,107.97295732895692,105.513828512527,106.34017181396484,5121,0.0,0.0
2024-07-22,106.77823549211851,106.85788541618525,104.75716614289264,106.0614013671875,27644,0.0,0.0
2024-07-23,106.81805914329317,107.43533465348304,105.4441321512593,106.1111831665039,4709,0.0,0.0
2024-07-24,106.33020815527051,106.33020815527051,103.01485443115234,103.01485443115234,11204,0.0,0.0
2024-07-25,101.0136997939694,103.16420209484693,98.72382152451783,100.47607421875,11834,0.0,0.0
2024-07-26,103.80137699689165,103.80137699689165,101.27254918945884,102.26815032958984,4659,0.0,0.0
2024-07-29,104.12992111891408,104.12992111891408,100.61545025833064,100.64531707763672,4354,0.0,0.0
2024-07-30,103.53256273468132,103.53256273468132,95.6474033527272,96.09542083740234,9734,0.0,0.0
2024-07-31,102.54690193028428,103.95070297164031,101.40195927306115,102.56681060791016,9918,0.0,0.0
2024-08-01,102.5668310724893,103.83124883524805,95.35868059631268,96.46379852294922,52852,0.0,0.0
2024-08-02,94.24362662194481,94.24362662194481,86.51775808592724,87.38392639160156,19242,0.0,0.0
2024-08-05,79.64809973573213,87.11510908595702,79.64809973573213,85.56197357177734,13700,0.0,0.0
2024-08-06,86.70689668963483,86.70689668963483,82.04749080479769,83.2919921875,14115,0.0,0.0
2024-08-07,87.29430446523627,87.29430446523627,81.17135620117188,81.17135620117188,7302,0.0,0.0
2024-08-08,82.9933157892922,86.08963609723311,82.54529829221646,85.63166046142578,3962,0.0,0.0
2024-08-09,85.63166535521272,86.10954969995969,83.79975511145683,85.56197357177734,16291,0.0,0.0
2024-08-12,85.82082653208278,87.90163713855463,84.5564162599296,86.05977630615234,3439,0.0,0.0
2024-08-13,87.54320032901455,88.71800986780426,86.99561671506602,88.08082580566406,6295,0.0,0.0
2024-08-14,89.61406723788534,91.84421182640284,88.96692493078174,91.22693634033203,3779,0.0,0.0
2024-08-15,94.56220984418624,98.1961483214495,93.00906673268099,97.74813079833984,9609,0.0,0.0
2024-08-16,97.74812686658676,99.4605621590025,96.17507513556907,97.89746856689453,2148,0.0,0.0
2024-08-19,98.88311757133097,98.88311757133097,94.383003184987,97.2702407836914,15637,0.0,0.0
2024-08-20,97.8974762889273,98.67404407678116,97.03130043548683,98.06672668457031,7345,0.0,0.0
2024-08-21,97.87756000953694,98.25589335960369,96.65297468125507,98.06672668457031,5231,0.0,0.0
2024-08-22,100.0579175773536,101.94956131937587,96.47375488479433,97.1109390258789,10391,0.0,0.0
2024-08-23,95.57771142247704,95.57771142247704,91.60526491831388,92.74024963378906,12241,0.0,0.0
2024-08-26,92.69048246531524,92.7402655702361,89.36517766332297,89.8928451538086,12999,0.0,0.0
2024-08-27,88.92709898345018,89.47468268241991,88.19035622142812,89.06648254394531,4791,0.0,0.0
2024-08-28,89.06647455822366,89.86295848606953,85.30310357061099,87.45359802246094,9076,0.0,0.0
2024-08-29,89.0366242110616,91.65505288521591,88.53882356302834,88.97689056396484,23680,0.0,0.0
2024-08-30,91.22694197064055,92.62078527292658,88.6483383178711,88.6483383178711,11324,0.0,0.0
2024-09-02,90.01231367190209,92.58095915298672,89.03662109375,89.03662109375,870,0.0,0.0
2024-09-03,88.48902379832998,88.48902379832998,82.9933090209961,82.9933090209961,12581,0.0,0.0
2024-09-04,83.82962659667275,84.50663578591951,82.31631595968094,83.71015930175781,3341,0.0,0.0
2024-09-05,83.71016424320003,84.61615753173828,81.84838696391124,84.61615753173828,3406,0.0,0.0
2024-09-06,83.05306369903849,84.61615753173828,79.26978308531292,84.61615753173828,12141,0.0,0.0
2024-09-09,82.91366470536482,82.91366470536482,79.30959331029946,80.11602783203125,7339,0.0,0.0
2024-09-10,82.61499192474781,82.61499192474781,79.41910534947492,81.16140747070312,5147,0.0,0.0
2024-09-11,82.37604623965265,84.78540706502395,81.09171970097375,84.70575714111328,10772,0.0,0.0
2024-09-12,84.72565606351554,84.72565606351554,79.6480917346015,81.19127655029297,18107,0.0,0.0
2024-09-13,82.6348932472175,84.66592045057689,81.79859194951094,84.04864501953125,5278,0.0,0.0
2024-09-16,81.63930581653707,81.63930581653707,78.80184365793419,79.767578125,10975,0.0,0.0
2024-09-17,80.83287000647435,81.73886321754652,79.88704423703822,80.79304504394531,4130,0.0,0.0
2024-09-18,81.63929714454304,81.63929714454304,78.53301871381132,79.21998596191406,3439,0.0,0.0
2024-09-19,79.20007901612131,81.31074871258627,79.20007901612131,80.4843978881836,6172,0.0,0.0
2024-09-20,79.96668626416113,84.10839080810547,79.96668626416113,84.10839080810547,4301,0.0,0.0
2024-09-23,84.22786555029168,87.13501942283293,84.22786555029168,86.01995086669922,14805,0.0,0.0
2024-09-24,86.61730401273441,86.61730401273441,83.96900118657447,85.0343017578125,124658,0.0,0.0
2024-09-25,85.62169772042034,87.58303317423317,85.22345574673999,87.31421661376953,11024,0.0,0.0
2024-09-26,101.75044174531233,101.94956654700803,96.95164416404614,100.56568145751953,60911,0.0,0.0
2024-09-27,99.35105138232834,100.65528661191556,96.67288154243653,97.2702407836914,18149,0.0,0.0
2024-09-30,95.80670463386049,96.47375559965208,92.59090948901061,93.6661605834961,2743,0.0,0.0
2024-10-01,93.66616304647768,93.90510520847945,89.78331683373553,90.67935943603516,18813,0.0,0.0
2024-10-02,90.67937607877906,92.2026449843428,89.87293379078265,90.79884338378906,2879,0.0,0.0
2024-10-03,91.44596039153626,93.53672120239105,90.7988181511724,92.97918701171875,6188,0.0,0.0
2024-10-04,92.66690712930816,94.6597438417664,89.68761837276234,91.6605224609375,4620,0.076584,0.0
2024-10-07,91.72030650394542,95.15794655869398,91.43134428801115,94.10174560546875,13765,0.0,0.0
2024-10-08,94.0618869659467,94.61987876897874,93.16510899531083,94.53020477294922,7530,0.0,0.0
2024-10-09,94.68963557240973,94.8590248691811,93.0256187350395,94.30103302001953,8145,0.0,0.0
2024-10-10,93.94232955780916,98.94435439712952,93.46405296249044,97.65897369384766,9822,0.0,0.0
2024-10-11,98.69523374291914,100.71796163638375,98.19702460257541,99.29308319091797,5554,0.0,0.0
2024-10-14,100.08025115817003,101.13645206729481,99.23328956659253,100.6781005859375,4845,0.0,0.0
2024-10-15,100.75782300809024,102.27237550586648,97.09100329539841,98.03759765625,8788,0.0,0.0
2024-10-16,99.4425573457812,103.26880027525526,99.4425573457812,102.38198852539062,24624,0.0,0.0
2024-10-17,103.40830024318393,107.61318710375427,103.40830024318393,105.34135437011719,7519,0.0,0.0
2024-10-18,106.29790445770765,106.29790445770765,103.66736075610962,105.68012237548828,4876,0.0,0.0
2024-10-21,105.61037562929029,105.68012460762147,102.11295279888185,104.59403228759766,3072,0.0,0.0
2024-10-22,102.51151764034691,102.62112426757812,100.6382538694232,102.62112426757812,6438,0.0,0.0
2024-10-23,102.4318125806225,102.4318125806225,98.08742783244234,99.64183807373047,5905,0.0,0.0
2024-10-24,101.15638899949676,101.86385272797502,100.2396859288312,100.39911651611328,2334,0.0,0.0
2024-10-25,102.23251447876844,103.78693217213899,102.16276550292969,102.16276550292969,5834,0.0,0.0
2024-10-28,102.15279294487075,102.15279294487075,100.83752119372024,101.63465881347656,945,0.0,0.0
2024-10-29,99.60197405303944,105.41109466552734,99.60197405303944,105.41109466552734,2530,0.0,0.0
2024-10-30,101.35567259703639,102.11295264784656,99.44255124958086,101.13645935058594,8770,0.0,0.0
2024-10-31,98.10735033236939,98.32656358682569,95.25759322857515,96.064697265625,4605,0.0,0.0
2024-11-01,97.03121785949124,98.14720916748047,96.25401274941987,98.14720916748047,4831,0.0,0.0
2024-11-04,98.14720458149816,99.24326321377124,96.8120076808544,96.86182403564453,5108,0.0,0.0
2024-11-05,98.68527079044448,101.23609924316406,98.16712900969304,101.23609924316406,4898,0.0,0.0
2024-11-06,102.52148600486066,105.70006305406032,102.51151969253047,105.58049011230469,18034,0.0,0.0
2024-11-07,108.10142125666817,108.10142125666817,104.85310301151146,107.20464324951172,5136,0.0,0.0
2024-11-08,107.02530116682449,109.16759458859865,106.21819711473033,106.52709197998047,4635,0.0,0.0
2024-11-11,108.5996254511054,108.5996254511054,102.39194386716404,104.1257095336914,16932,0.0,0.0
2024-11-12,101.6944418581331,101.6944418581331,98.24683570349754,99.28311157226562,13239,0.0,0.0
2024-11-13,98.54577471304248,99.0439838798404,96.36361612980564,98.94434356689453,7241,0.0,0.0
2024-11-14,98.94434356689453,98.94434356689453,94.89887996308877,98.94434356689453,4247,0.0,0.0
2024-11-18,93.01564578545685,93.66331919391352,91.47120199828753,93.15514373779297,5613,0.0,0.0
2024-11-19,94.14161553468357,94.44053649902344,92.66691293023813,94.44053649902344,5843,0.0,0.0
2024-11-21,92.54732036806764,99.68167838215973,92.54732036806764,98.83472442626953,4593,0.0,0.0
2024-11-22,98.83473053414167,99.83114880313532,98.08741683239644,98.6454086303711,8621,0.0,0.0
2024-11-25,99.25322082109591,102.15279392674596,99.25322082109591,101.2061996459961,4825,0.0,0.0
2024-11-26,101.20620926065156,101.20620926065156,96.80204207583301,97.60913848876953,2346,0.0,0.0
2024-11-27,98.58563060767447,98.58563060767447,94.16153085242256,96.60275268554688,1653,0.0,0.0
2024-11-28,96.60275412444969,98.82477034691084,96.07465362548828,96.07465362548828,1410,0.0,0.0
2024-11-29,98.64541283158552,98.88455109774961,96.34368896484375,96.34368896484375,6140,0.0,0.0
2024-12-02,97.96784826654803,100.8375302723117,97.96784826654803,100.15996551513672,7106,0.0,0.0
2024-12-03,100.18986494908727,104.53424942517928,100.18986494908727,100.77774810791016,11546,0.0,0.0
2024-12-04,101.8339458994891,103.9563217163086,100.63824699581168,103.9563217163086,4603,0.0,0.0
2024-12-05,102.94994420230945,103.29868910637535,100.23968505859375,100.23968505859375,3280,0.0,0.0
2024-12-06,101.11654682594951,102.63109951268244,100.35926668154833,101.60478973388672,3934,0.0,0.0
2024-12-09,101.60477830768316,104.6239246306951,100.72792531212107,101.78413391113281,3476,0.0,0.0
2024-12-10,105.54062545415698,106.13847491908311,97.64899427216798,97.878173828125,6285,0.0,0.0
2024-12-11,97.87816894321219,101.68448638916016,97.87816894321219,101.68448638916016,2827,0.0,0.0
2024-12-12,99.6119421035099,99.6119421035099,97.63903045654297,97.63903045654297,4210,0.0,0.0
2024-12-13,100.9969519767713,102.98978842840125,100.4688515334202,102.7107925415039,14962,0.0,0.0
2024-12-16,105.62035020662046,111.79814123448195,105.52070988721671,109.51634979248047,17736,0.0,0.0
2024-12-17,111.58888217681891,113.53190240370435,108.8885895229663,111.10063934326172,13975,0.0,0.0
2024-12-18,112.09706170218332,114.81728707773313,104.6239242553711,104.6239242553711,26241,0.0,0.0
2024-12-19,95.97500924954316,96.09458218091434,86.41936151129264,87.80438232421875,63579,0.0,0.0
2024-12-20,86.31971791466995,90.57442847659048,84.66566742608168,89.67765045166016,11992,0.0,0.0
2024-12-23,91.66052392176587,92.9459045340353,90.67407186195685,91.1324234008789,9710,0.0,0.0
2024-12-26,91.67047480377758,93.0455291890899,90.47477599933795,90.77369689941406,9831,0.0,0.0
2024-12-27,90.77463035079106,95.96061706542969,88.76007909450776,95.96061706542969,7926,0.080923,0.0
2024-12-30,90.45548328692989,95.74119832110495,87.03472975089566,88.84982299804688,13736,0.0,0.0
2025-01-02,88.40105032656767,89.76735992248446,87.46358187325049,89.58784484863281,23665,0.0,0.0
2025-01-03,89.63771148693071,92.49000251271165,89.58785083514596,91.4727554321289,9736,0.0,0.0
2025-01-06,95.69134508401243,102.72234348240744,89.97679567355617,101.22638702392578,22133,0.0,0.0
2025-01-07,101.24632968822965,107.70886493203615,101.22638695001545,103.91910552978516,41887,0.0,0.0
2025-01-08,104.79673005357967,105.83392736325638,100.6778587242859,104.94632720947266,4911,0.0,0.0
2025-01-09,106.61181680446285,106.61181680446285,99.05224940451046,101.26626586914062,6505,0.0,0.0
2025-01-10,100.51829478885287,101.49564867850258,98.33419607872311,100.79753875732422,7423,0.0,0.0
2025-01-13,99.70050753097264,99.70050753097264,94.47463536832589,96.53905487060547,6629,0.0,0.0
2025-01-14,98.09483889373887,98.09483889373887,96.05036229912717,97.41667175292969,6881,0.0,0.0
2025-01-15,98.58351199194797,103.9789310018903,98.58351199194797,102.92178344726562,13500,0.0,0.0
2025-01-16,103.75953571466971,105.58460432939799,103.04147543288629,103.5700454711914,49112,0.0,0.0
2025-01-17,104.61721755656723,106.67166188086243,103.08136809542789,106.39241790771484,18764,0.0,0.0
2025-01-20,108.05790011684496,109.17488347286836,103.4004916923652,105.70426177978516,16525,0.0,0.0
2025-01-21,106.51208894918135,110.69078826904297,105.9436258737009,110.69078826904297,4869,0.0,0.0
2025-01-22,111.34902234070951,111.34902234070951,106.76142425864933,107.62907409667969,5776,0.0,0.0
2025-01-23,107.62906231427897,107.62906231427897,101.88459587409567,103.00157165527344,49404,0.0,0.0
2025-01-24,102.48297890183657,103.25089976681714,100.72772142767484,103.23095703125,4151,0.0,0.0
2025-01-27,95.5417482132059,95.5417482132059,86.7654679515837,88.97948455810547,57952,0.0,0.0
2025-01-28,88.98945565467469,90.55522291864685,85.77813496592015,88.9695053100586,8978,0.0,0.0
2025-01-29,88.73015798094785,88.95953369140625,85.56870541861629,88.95953369140625,5727,0.0,0.0
2025-01-30,88.95953347701926,93.8762435913086,88.44093862994046,93.8762435913086,3698,0.0,0.0
2025-01-31,89.43825327076372,91.34310059835953,88.56062819314394,89.50806427001953,4825,0.0,0.0
2025-02-03,89.50804777043108,91.69214630126953,86.09726939181554,91.69214630126953,65033,0.0,0.0
2025-02-04,87.56331738449991,88.94956970214844,85.78810940393971,88.94956970214844,6591,0.0,0.0
2025-02-05,86.48622551468895,90.23609161376953,86.48622551468895,90.23609161376953,16652,0.0,0.0
2025-02-06,90.39565787877804,92.75927172359742,89.94687400351644,91.1935043334961,8525,0.0,0.0
2025-02-07,90.59511564316448,91.74201706794314,88.23150940834368,88.79997253417969,4552,0.0,0.0
2025-02-10,89.46815968343597,92.35036823896868,88.76007460804901,92.34039306640625,3611,0.0,0.0
2025-02-11,91.61236200838489,91.6721978239846,89.60777848869763,90.27597045898438,3706,0.0,0.0
2025-02-12,88.86978007225412,90.75468444824219,83.87328377600561,90.75468444824219,10583,0.0,0.0
2025-02-13,88.1716668247137,92.11101531982422,88.1716668247137,92.11101531982422,5277,0.0,0.0
2025-02-14,92.19080715463838,95.81101883706282,92.1209961616052,94.42476654052734,3820,0.0,0.0
2025-02-17,92.09107665505924,94.92342486195007,92.09107665505924,92.27059173583984,9028,0.0,0.0
2025-02-18,95.00319741784455,101.67515714487647,95.00319741784455,101.43580627441406,65787,0.0,0.0
2025-02-19,99.40130561176184,101.72502617300887,98.58351649001818,99.08216857910156,44400,0.0,0.0
2025-02-20,98.7331124467167,98.9325702364116,97.03769840782911,97.54631805419922,657,0.0,0.0
2025-02-21,98.21451992116513,98.21451992116513,93.25791688237578,94.50454711914062,15360,0.0,0.0
2025-02-24,95.16276473706957,95.54174520191927,91.9614191748843,92.00131225585938,2412,0.0,0.0
2025-02-25,92.00131193257994,92.01128710499546,88.26142120361328,88.26142120361328,2278,0.0,0.0
2025-02-26,92.40023863303949,95.44201197588534,92.10104431985516,94.21533203125,2919,0.0,0.0
2025-02-27,95.731241204115,96.65873454212961,89.02935484024529,89.50806427001953,3145,0.0,0.0
2025-02-28,88.76007949455096,92.00131835249805,87.71290697383698,91.1935043334961,50962,0.0,0.0
2025-03-05,88.18163020661942,90.85440560538255,87.79268220084052,90.00669860839844,3525,0.0,0.0
2025-03-06,88.38110143945715,89.09915407607433,85.27948475133472,88.00212097167969,49334,0.0,0.0
2025-03-07,87.76276860518256,89.63769774075188,86.26681232213967,88.39106750488281,3641,0.0,0.0
2025-03-10,86.76547242045112,87.36385346710246,84.12261455484423,85.56871032714844,4161,0.0,0.0
2025-03-11,86.24687651116786,87.59323575224265,83.7735585767325,85.97760009765625,3550,0.0,0.0
2025-03-12,90.19619802951543,93.54714088941758,89.38837641995656,90.81452178955078,10587,0.0,0.0
2025-03-13,92.09105514236404,94.38485757107522,90.81450713671919,91.28324127197266,19706,0.0,0.0
2025-03-14,93.53716342472654,97.83554216513674,93.49727034298759,95.80104064941406,6613,0.0,0.0
2025-03-17,95.80103877769511,98.13473455645156,95.80103877769511,97.66600036621094,8676,0.0,0.0
2025-03-18,96.35953408302552,96.65872077630047,94.97328186035156,94.97328186035156,2812,0.0,0.0
2025-03-19,94.38486796249636,97.13742965823126,94.38486796249636,95.4021224975586,1798,0.0,0.0
2025-03-20,95.3821675944837,99.24173736572266,95.3721924225857,99.24173736572266,5424,0.0,0.0
2025-03-21,94.12557258464413,94.14552293063184,89.05927276611328,89.05927276611328,11100,0.0,0.0
2025-03-24,91.75198422244114,93.54713478336754,91.55252643070578,92.51990509033203,6852,0.0,0.0
2025-03-25,93.44739905917126,93.44739905917126,88.26142034246676,89.86708068847656,3317,0.0,0.0
2025-03-26,91.5924076271199,91.5924076271199,86.71559104118259,87.4436264038086,4615,0.0,0.0
2025-03-27,91.15361168740067,91.15361168740067,85.97760009765625,85.97760009765625,17737,0.0,0.0
2025-03-28,86.83495246171896,86.91481170263265,83.99003364238709,84.06989288330078,6624,0.078893,0.0
2025-03-31,82.97185869080596,84.64886474609375,80.56615035719926,84.64886474609375,8418,0.0,0.0
2025-04-01,85.49734062202823,85.83673095703125,82.00357895424024,85.83673095703125,10654,0.0,0.0
2025-04-02,82.69234564922142,84.9782649589161,81.81391686763153,83.14154815673828,3106,0.0,0.0
2025-04-03,77.36187398367755,77.38183498730336,69.59574127197266,69.59574127197266,23047,0.0,0.0
2025-04-04,69.87524035756324,69.87524035756324,62.478447209171414,62.59823226928711,29183,0.0,0.0
2025-04-07,62.358660205853916,67.86881849425099,60.82140405199542,65.87238311767578,21937,0.0,0.0
2025-04-08,69.88522299933865,71.16294043114189,63.59644847092361,64.89413452148438,9382,0.0,0.0
2025-04-09,65.32336336887377,76.04421845539551,64.63459077529467,75.3554458618164,19286,0.0,0.0
2025-04-10,75.41534331509234,75.41534331509234,66.94047034155524,68.07843780517578,44346,0.0,0.0
2025-04-11,68.07843700782517,68.12835093394861,65.95223626981482,67.71907806396484,7336,0.0,0.0
2025-04-14,72.29090959744819,72.90980718977858,68.22816467285156,68.22816467285156,4111,0.0,0.0
2025-04-15,70.36437250594248,70.77364547067175,69.10662352706198,69.2064437866211,2689,0.0,0.0
2025-04-16,66.41141558921944,68.6374441841389,65.562932153915,67.77897644042969,53683,0.0,0.0
2025-04-17,68.09840940152658,68.09840940152658,65.05384251823727,65.92229461669922,6869,0.0,0.0
2025-04-22,65.05384082220259,66.8406512856376,64.67452086622157,66.3016128540039,8532,0.0,0.0
2025-04-23,67.81890519681858,70.7137301021701,67.81890519681858,69.67559051513672,4406,0.0,0.0
2025-04-24,69.88521955028615,73.1593722116415,69.67559475845749,72.80999755859375,7051,0.0,0.0
2025-04-25,72.02141561984773,75.76473236083984,72.02141561984773,75.76473236083984,2715,0.0,0.0
2025-04-28,75.2057210914724,75.2057210914724,72.77007497763653,73.75830841064453,12423,0.0,0.0
2025-04-29,73.86810503209959,73.86810503209959,71.74190421002443,72.45063781738281,1097,0.0,0.0
2025-04-30,70.03496275378316,72.43067932128906,69.42604930173286,72.43067932128906,3577,0.0,0.0
2025-05-02,74.80644607331462,76.67310852773105,74.27739184578915,75.44530487060547,3013,0.0,0.0
2025-05-05,74.86632794637677,76.70304486974547,74.34725809023244,74.87631225585938,15001,0.0,0.0
2025-05-06,76.86276708346466,76.88272808760057,74.93620651297451,76.64315795898438,768,0.0,0.0
2025-05-07,76.86276824818545,78.98896935544177,76.81285431339373,77.21214294433594,9850,0.0,0.0
2025-05-08,79.7176584144319,81.23494582060485,79.1586589935991,80.60607147216797,3760,0.0,0.0
2025-05-09,81.25492222211608,81.85385131835938,79.4980569394453,81.85385131835938,8230,0.0,0.0
2025-05-12,87.29413053515451,88.43209804805066,86.73513108763956,87.09449005126953,30155,0.0,0.0
2025-05-13,85.3476147629033,90.70804664233039,85.3476147629033,89.81963348388672,4988,0.0,0.0
2025-05-14,89.81962676100437,90.90768033499496,88.51195647149198,90.23887634277344,28003,0.0,0.0
2025-05-15,87.5936034094131,90.43852233886719,86.45563583763148,90.43852233886719,5124,0.0,0.0
2025-05-16,91.28700863666516,92.83424916913619,90.53834533691406,90.53834533691406,53445,0.0,0.0
2025-05-19,89.81963818989564,92.88416643555894,89.81963818989564,92.12551879882812,848,0.0,0.0
2025-05-20,92.1255164838465,92.92408610936191,91.55653267454542,92.23532104492188,4943,0.0,0.0
2025-05-21,91.55652677220888,92.83424418330107,89.81963014249273,90.63816833496094,3070,0.0,0.0
2025-05-22,89.9194496229603,90.91766729386582,88.64173222272866,90.27880859375,5644,0.0,0.0
2025-05-23,87.81320958950532,88.45206828861294,86.19609422350368,86.6552734375,6483,0.0,0.0
2025-05-26,86.82497924336091,89.14084401196878,86.78504962130602,86.87488555908203,5864,0.0,0.0
2025-05-27,90.01926318219492,91.0673947051316,88.84136611336343,90.69805145263672,3448,0.0,0.0
2025-05-28,91.07737662957894,91.93584442138672,90.71801766483166,91.93584442138672,2387,0.0,0.0
2025-05-29,92.92407958472924,93.62283652576386,90.69805843733018,91.58647155761719,488,0.0,0.0
2025-05-30,90.72800908302098,91.47667238227517,87.86312144952139,90.5083999633789,3079,0.0,0.0
2025-06-02,89.75972647874926,93.71266733636061,89.47024245532418,92.7843246459961,9104,0.0,0.0
2025-06-03,93.05385782735333,96.54761987552851,92.1255150356349,95.20002746582031,6686,0.0,0.0
2025-06-04,94.91055179438922,97.21643251281193,94.91055179438922,96.86705780029297,2785,0.0,0.0
2025-06-05,97.82533131253398,101.42889769769818,97.82533131253398,100.76009368896484,4396,0.0,0.0
2025-06-06,100.62034651181902,103.50519503564355,99.95153486942982,100.82997131347656,1581,0.0,0.0
2025-06-09,101.81821039492388,104.7629497080661,101.21928126870138,102.3372802734375,242410,0.0,0.0
2025-06-10,102.63674547439328,106.37007760780905,102.63674547439328,105.68131256103516,1865,0.0,0.0
2025-06-11,106.49984325535435,108.04707603959639,105.93085950087635,106.9290771484375,4916,0.0,0.0
2025-06-12,105.6513498118568,107.12871524833061,104.91267090151796,107.00892639160156,2442,0.0,0.0
2025-06-13,107.00893250199431,108.12693904791716,105.13228600085617,106.29022216796875,35181,0.0,0.0
2025-06-16,108.18683344245343,110.57257317716548,108.13692712607428,109.27489471435547,2776,0.0,0.0
2025-06-17,109.48451915674734,112.2296178697608,109.43460522473747,110.31304168701172,6059,0.0,0.0
2025-06-18,110.5026927983147,111.97007398876273,109.91374802979279,111.51089477539062,2838,0.0,0.0
2025-06-20,111.52087858617787,113.64707946777344,110.30305181816482,113.64707946777344,2714,0.0,0.0
2025-06-23,113.62711603589142,114.04636561781132,110.71232234854895,111.35118103027344,3282,0.0,0.0
2025-06-24,114.43568132251937,117.95938873291016,114.29593144791669,117.95938873291016,16439,0.0,0.0
2025-06-25,117.60002136665608,118.78790283203125,115.99289030731194,118.78790283203125,6679,0.0,0.0
2025-06-26,118.74797321186195,119.78612050345411,113.11802615746332,115.2242660522461,9384,0.0,0.0
2025-06-27,115.22427281716197,115.99289711790196,112.65885355706023,113.58719635009766,19068,0.0,0.0
2025-06-30,113.79682635267237,113.94656054208534,110.88203227739525,111.14156341552734,15747,0.0,0.0
2025-07-01,110.25313895558028,111.44102042371037,108.5661562666604,109.40465545654297,10885,0.0,0.0
2025-07-02,108.53621356331685,111.12159374338266,107.10876195174409,109.44458770751953,3695,0.0,0.0
2025-07-03,110.30305060080889,112.0499314926769,110.10341011662821,111.89021301269531,809,0.0,0.0
2025-07-04,111.87473607166625,111.87473607166625,108.08897399902344,108.08897399902344,1203,0.074504,0.0
2025-07-07,108.88808753205315,110.12669860703468,108.37865577200239,108.76821899414062,3985,0.0,0.0
2025-07-08,111.84477432660007,113.91245894033337,111.37529875377095,112.79370880126953,7651,0.0,0.0
2025-07-09,113.87249797102228,114.08226218436026,110.79594093367561,111.21546936035156,3079,0.0,0.0
2025-07-10,113.02346296221292,116.86915588378906,112.79371682396277,116.86915588378906,17046,0.0,0.0
2025-07-11,113.07340195880778,115.1510776607377,112.9635243654746,114.55175018310547,1796,0.0,0.0
2025-07-14,113.86252263289325,113.86252263289325,108.57843753542608,110.4863052368164,8893,0.0,0.0
2025-07-15,111.59505549139334,112.03456584163115,110.4063839282658,111.85476684570312,78935,0.0,0.0
2025-07-16,111.85476323020272,111.85476323020272,106.68055631558988,108.32870483398438,5200,0.0,0.0
2025-07-17,104.76269512150297,106.24104318139656,103.40421559215044,104.183349609375,11372,0.0,0.0
2025-07-18,104.88257209763323,106.75048350612047,104.52297409791522,104.5928955078125,45201,0.0,0.0
2025-07-21,105.64172306512994,106.84037796986328,104.05349731445312,104.05349731445312,4884,0.0,0.0
2025-07-22,104.782673869993,105.3320541381836,100.2677250932248,105.3320541381836,4040,0.0,0.0
2025-07-23,102.88480524314117,103.85372161865234,100.24775841745195,103.85372161865234,8503,0.0,0.0
2025-07-24,102.90478511029508,103.78380584716797,101.85596394133847,103.78380584716797,1812,0.0,0.0
2025-07-25,103.77379903757529,103.77379903757529,100.45751274284432,102.92475128173828,2399,0.0,0.0
2025-07-28,103.53408523752336,104.08346557617188,102.78492399502443,104.08346557617188,6961,0.0,0.0
2025-07-29,104.63284795851933,105.222184446525,103.08457842486955,104.882568359375,2918,0.0,0.0
2025-07-30,105.68167911006984,107.36978387631764,105.20221257627024,105.96136474609375,1573,0.0,0.0
2025-07-31,106.10121278833508,106.10121278833508,100.36763410494774,101.08682250976562,4243,0.0,0.0
2025-08-01,98.879280522538,100.0379867553711,95.7328021788123,100.0379867553711,4683,0.0,0.0
2025-08-04,97.57075659549666,100.8770523071289,96.70172684571203,100.8770523071289,1898,0.0,0.0
2025-08-05,100.08793224563254,100.77716298124287,98.68950411665757,100.24775695800781,2560,0.0,0.0
2025-08-06,98.56964218807761,102.47526550292969,97.62070766255667,102.47526550292969,3612,0.0,0.0
2025-08-07,103.39424276837559,104.43308060935877,100.76717912502214,101.14675903320312,2765,0.0,0.0
2025-08-08,101.36650650111885,107.95912343158193,101.27660319570757,107.59952545166016,9687,0.0,0.0
2025-08-11,110.87586212158203,115.3708295048894,110.35644702157917,110.87586212158203,18474,0.0,0.0
2025-08-12,112.89359031288258,115.31088947468838,111.3453284707614,114.75151062011719,5316,0.0,0.0
2025-08-13,114.11223574443075,115.37082873722366,111.105607512845,112.07451629638672,2981,0.0,0.0
2025-08-14,111.04566565264031,113.39303588867188,109.75710747402495,113.39303588867188,5023,0.0,0.0
2025-08-15,113.39303471280626,113.39303471280626,107.63948224299024,108.30873107910156,4741,0.0,0.0
2025-08-18,109.17775811733702,111.59504967595112,108.92803772605387,111.34532928466797,25371,0.0,0.0
2025-08-19,112.46408152101529,113.3131370217567,110.90582858284347,112.14443969726562,4107,0.0,0.0
2025-08-20,110.5761990391746,110.5761990391746,103.57404394233365,110.26654815673828,3821,0.0,0.0
2025-08-21,110.26653660160855,110.26653660160855,105.43195343017578,105.43195343017578,2979,0.0,0.0
2025-08-22,105.89143892850309,109.13780407879693,105.89143892850309,106.5706787109375,6473,0.0,0.0
2025-08-25,106.99021268811157,106.99021268811157,105.04239654541016,105.04239654541016,6513,0.0,0.0
2025-08-26,104.87258205403947,106.79044060940298,104.32320172034348,105.581787109375,3935,0.0,0.0
2025-08-27,105.58178509803612,107.08010754098382,104.98245764502946,106.39088439941406,4033,0.0,0.0
2025-08-28,107.36977819748262,110.57618713378906,107.28987346346057,110.57618713378906,4040,0.0,0.0
2025-08-29,109.38752821591574,112.13445266779871,106.43083953857422,106.43083953857422,8163,0.0,0.0
2025-09-01,106.88032921184005,108.17887831602951,106.11119374732651,106.2909927368164,566,0.0,0.0
2025-09-02,107.35979989324433,107.88920593261719,104.47302499964725,107.88920593261719,5267,0.0,0.0
2025-09-03,107.98909745764274,107.98909745764274,106.73050442537888,107.40974426269531,2357,0.0,0.0
2025-09-04,107.32982670110201,112.73377990722656,107.32982670110201,112.73377990722656,9353,0.0,0.0
2025-09-05,114.52177274817393,117.96791109296325,114.01234101708681,117.36858367919922,15570,0.0,0.0
2025-09-08,117.368594865004,119.35636723142945,116.55950316035522,117.37858581542969,3741,0.0,0.0
2025-09-09,118.56724054321204,123.61159557249488,118.56724054321204,122.86243438720703,6952,0.0,0.0
2025-09-10,125.80913007925349,127.89678889235293,125.4095835498924,126.3085708618164,18216,0.0,0.0
2025-09-11,132.88123293658046,139.8434396890069,132.63151250856438,136.97665405273438,21847,0.0,0.0
2025-09-12,138.81457230515454,140.92221301693957,137.34621518529033,140.39280700683594,112161,0.0,0.0
2025-09-15,140.3927992927617,141.08202997340558,138.5448624023896,139.51377868652344,13473,0.0,0.0
2025-09-16,139.52377390402077,140.62254975544997,139.1342106915547,140.08316040039062,3501,0.0,0.0
2025-09-17,139.72355250053658,141.6414031982422,136.796821708556,141.6414031982422,7216,0.0,0.0
2025-09-18,141.8911469936256,150.82115173339844,141.8911469936256,150.82115173339844,8225,0.0,0.0
2025-09-19,144.79789384873004,145.84670741072753,141.3417565579851,143.9088897705078,23283,0.0,0.0
2025-09-22,143.9188788472782,148.83337503971686,143.90889551718257,145.87667846679688,13898,0.0,0.0
2025-09-23,148.8333598185282,149.3627658522361,145.83671498996725,147.03536987304688,10528,0.0,0.0
2025-09-24,147.98430644576965,147.98430644576965,140.7424146743702,143.5892333984375,24304,0.0,0.0
2025-09-25,141.84118269198845,141.84118269198845,138.16530583684292,141.40167236328125,6287,0.0,0.0
2025-09-26,140.36285197718286,141.34175171430587,138.27517777097847,138.68472290039062,7012,0.0,0.0
2025-09-29,141.4715933971163,146.45600238642044,140.98213596930205,145.23736572265625,5712,0.0,0.0
2025-09-30,145.2473832877794,149.80228113871036,145.2473832877794,147.4349365234375,18746,0.0,0.0
2025-10-01,147.32504665257946,160.81993103027344,145.6369343788655,160.81993103027344,27603,0.0,0.0
2025-10-02,162.50111522366012,164.79957816890084,160.82223224027922,161.75161743164062,6997,0.072305,0.0
2025-10-03,163.38053551785703,170.7855623258487,163.38053551785703,165.9488067626953,10284,0.0,0.0
2025-10-06,175.10267538549928,177.9707487781587,168.1873107889722,169.88616943359375,13903,0.0,0.0
2025-10-07,171.39514272086862,174.47308202657547,163.39051211237194,166.88816833496094,5803,0.0,0.0
2025-10-08,166.88819074639247,174.4831085205078,166.88819074639247,174.4831085205078,12593,0.0,0.0
2025-10-09,174.15331482282042,174.61299827222678,169.87618188784427,171.4351348876953,2856,0.0,0.0
2025-10-10,173.50374181152645,182.02802903349544,166.19863891601562,166.19863891601562,5929,0.0,0.0
2025-10-13,172.58435308893183,175.66229248046875,170.47576538314334,175.66229248046875,5896,0.0,0.0
2025-10-14,174.87285428613365,175.26259258144637,170.56572690899327,170.8955078125,18697,0.0,0.0
2025-10-15,173.52374485469852,174.76292014593648,170.59571385213272,173.6636505126953,10990,0.0,0.0
2025-10-16,180.778864382653,186.64494423609216,177.7608975348924,183.3671417236328,16730,0.0,0.0
2025-10-17,181.17862108138178,183.477084260566,176.98143606858673,182.54769897460938,18980,0.0,0.0
2025-10-20,186.8847896081727,191.611633808962,184.01671597891828,186.46507263183594,20095,0.0,0.0
2025-10-21,185.80549111039653,185.80549111039653,180.85880875578087,182.83749389648438,17779,0.0,0.0
2025-10-22,182.74755521591598,184.45641700137057,173.1040224356973,178.62033081054688,24336,0.0,0.0
2025-10-23,177.23125913499297,185.44575654857672,172.97410171347926,185.265869140625,18484,0.0,0.0
2025-10-24,190.07265606702228,197.6475830078125,188.883450344659,197.6475830078125,18562,0.0,0.0
2025-10-27,202.3444248154173,202.3444248154173,194.1699090711434,197.8174591064453,32753,0.0,0.0
2025-10-28,193.51034264607873,199.24650476792146,193.07063481985475,198.76681518554688,16929,0.0,0.0
2025-10-29,203.5136249055562,206.60156735528759,201.81476631663327,202.46434020996094,19426,0.0,0.0
2025-10-30,202.1045942073393,203.71351682991937,198.46703200610247,203.053955078125,8712,0.0,0.0
2025-10-31,203.86341510753596,206.86140650617617,196.50834226626233,201.125244140625,26250,0.0,0.0
2025-11-03,205.8720463205763,212.01793731347374,205.8720463205763,211.84805297851562,49711,0.0,0.0
2025-11-04,202.86406925160662,204.97265698529773,195.9786834716797,195.9786834716797,41124,0.0,0.0
2025-11-05,195.97868304283227,214.6361795609821,195.97868304283227,213.05723571777344,87522,0.0,0.0
2025-11-06,214.64615673069966,218.85334416581549,210.62885974827074,212.1078643798828,65053,0.0,0.0
2025-11-07,213.16717449136104,216.60487365722656,202.16455179645928,216.60487365722656,45835,0.0,0.0
2025-11-10,219.85269038794365,227.84733367477796,219.29306779763675,223.949951171875,25674,0.0,0.0
2025-11-11,220.0125899194306,220.96195077299916,210.75878042939647,212.15785217285156,26471,0.0,0.0
2025-11-12,213.86669466585602,219.67281713262813,213.28708120063607,215.38568115234375,26295,0.0,0.0
2025-11-13,214.8560358804826,217.43431014087702,203.41370585656196,210.00927734375,29101,0.0,0.0
2025-11-14,205.3624040096178,224.3496822392175,203.93336880954683,217.85403442382812,38063,0.0,0.0
2025-11-17,218.863339773117,229.84598607551536,213.15717187539875,215.785400390625,31178,0.0,0.0
2025-11-18,215.53557091146038,215.53557091146038,201.16521029125252,202.3544158935547,29595,0.0,0.0
2025-11-19,205.85207135311975,210.65884806187046,193.1505754591918,202.8540802001953,30681,0.0,0.0
2025-11-21,180.9787488772098,190.33248241039968,173.66364273330444,188.93341064453125,116990,0.0,0.0
2025-11-24,191.6615721169295,201.94469054779586,190.50236043331424,200.9253692626953,58623,0.0,0.0
2025-11-25,200.73551130778313,202.4243822812163,194.74953141205796,201.4750213623047,36344,0.0,0.0
2025-11-26,203.66353043478182,207.8607148974193,202.21450446237463,206.01194763183594,19015,0.0,0.0
2025-11-27,207.8607277770633,207.8607277770633,200.15588351403215,203.34375,671,0.0,0.0
2025-11-28,209.00994823206162,211.34839297008304,208.0405965187427,210.6488494873047,22861,0.0,0.0
2025-12-01,206.951339228221,216.2051489541902,204.8627422474049,215.85537719726562,11340,0.0,0.0
2025-12-02,214.06658213567763,217.29441521553332,208.43035901468193,212.3477325439453,29216,0.0,0.0
2025-12-03,212.34773154158404,212.34773154158404,202.16455187713893,206.5615997314453,20144,0.0,0.0
2025-12-04,205.8520872442133,205.8520872442133,197.10794570649853,199.66622924804688,27873,0.0,0.0
2025-12-05,202.54428127743117,217.2644292754975,200.53563263192865,215.93531799316406,23823,0.0,0.0
2025-12-08,218.11384088989698,224.10982310503624,217.97393524815323,224.04986572265625,27323,0.0,0.0
2025-12-09,222.85068728085656,230.92527903548043,221.2817311766497,229.19644165039062,13146,0.0,0.0
2025-12-10,228.85666070038315,240.4988695836517,228.39697723291442,239.8592987060547,14400,0.0,0.0
2025-12-11,236.83132635510106,237.48088504137044,227.26772672942766,232.45425415039062,19019,0.0,0.0
2025-12-12,231.84466728276172,231.84466728276172,216.32506642117644,217.7041473388672,16168,0.0,0.0
2025-12-15,209.85938420841194,226.83801321075933,204.61289960320164,213.92666625976562,15414,0.0,0.0
2025-12-16,212.79742549688248,216.85470462756209,209.7494646171493,211.47830200195312,10645,0.0,0.0
2025-12-17,213.60688483811688,218.8633575439453,203.57361377544348,218.8633575439453,29676,0.0,0.0
2025-12-18,236.3616324721507,241.66807450115792,226.47825534269214,229.34632873535156,66287,0.0,0.0
2025-12-19,231.94460156720152,247.58411687695238,230.76538371699613,247.55413818359375,45937,0.0,0.0
2025-12-22,254.72933306861958,258.22698974609375,248.583456720487,258.22698974609375,19344,0.0,0.0
2025-12-23,257.2776293368869,261.924509699652,253.74997891862103,257.9771423339844,17749,0.0,0.0
2025-12-26,265.7863519516295,281.89005649370284,258.8990235172661,260.08856201171875,12568,0.072235,0.0
2025-12-29,259.8986370873115,273.39337401299883,258.65913027225133,272.77362060546875,24814,0.0,0.0
2025-12-30,275.5025331121398,275.5025331121398,266.67598909232765,266.8959045410156,11078,0.0,0.0
2026-01-02,266.89590325905056,287.1579895019531,264.4968450612288,287.1579895019531,29104,0.0,0.0
2026-01-05,293.98535948965315,295.6747031311502,278.5913688475622,280.780517578125,29489,0.0,0.0
2026-01-06,285.4786678967299,309.1894226074219,283.1395837341534,309.1894226074219,31701,0.0,0.0
2026-01-07,303.88148648131124,311.41855557576076,300.82268185389466,305.8807067871094,28022,0.0,0.0
2026-01-08,305.8807124276667,308.4996861956481,288.7473794483049,299.7131042480469,23939,0.0,0.0
2026-01-09,299.71310830155153,308.8795471191406,291.88617397666366,308.8795471191406,20762,0.0,0.0
2026-01-12,303.8814843955149,311.6384688905867,303.1817450910161,310.17901611328125,52545,0.0,0.0
2026-01-13,310.17903229034823,312.87799202768423,300.25291034386885,303.8815002441406,21124,0.0,0.0
2026-01-14,303.88147516433764,303.8914810273119,295.5647116805821,298.1836853027344,23761,0.0,0.0
2026-01-15,304.92107208600896,311.5984602028728,301.4824109168869,307.8699035644531,27136,0.0,0.0
2026-01-16,316.07674079701695,328.0120883969314,315.14708017565624,323.8736877441406,40306,0.0,0.0
2026-01-19,323.8736875667984,335.7490609918233,318.3058517276972,332.95013427734375,5303,0.0,0.0
2026-01-20,332.94018253618424,340.827091291012,323.58381503540306,327.53228759765625,54218,0.0,0.0
2026-01-21,330.8309727380234,349.7436105435613,327.4123230458355,346.1150207519531,62818,0.0,0.0
2026-01-22,351.87278613079235,353.8320135247806,334.72944728993025,350.3433837890625,177029,0.0,0.0
2026-01-23,349.86357585830905,363.41828795682204,345.86513499135697,352.26263427734375,28610,0.0,0.0
2026-01-26,348.2641811218929,348.9039462807589,338.86785151724143,343.466064453125,27197,0.0,0.0
2026-01-27,350.473295000825,363.84808349609375,349.8635474608341,363.84808349609375,53227,0.0,0.0
2026-01-28,368.85613574995546,380.7514901242245,361.5190011005973,380.5815734863281,41571,0.0,0.0
2026-01-29,380.5915723123471,384.1901750817269,363.46824495171313,383.8503112792969,127379,0.0,0.0
2026-01-30,393.35661646978207,397.1151300483546,357.4106119964323,365.8573303222656,67458,0.0,0.0
2026-02-02,363.89809766772333,388.4785082791314,361.9788327038483,384.85992431640625,43517,0.0,0.0
2026-02-03,389.17822006819085,390.1078807249524,355.94118140288,366.4770812988281,101009,0.0,0.0
2026-02-04,366.3671293826883,366.3671293826883,319.0955563902751,329.3615417480469,124977,0.0,0.0
2026-02-05,322.77409294815186,340.7970617058084,318.9955680166097,339.867431640625,65624,0.0,0.0
2026-02-06,343.97581448037835,345.8451109791722,323.9736372620963,339.867431640625,85788,0.0,0.0
2026-02-09,339.86744744840314,339.86744744840314,321.2846986147736,333.5699157714844,32504,0.0,0.0
2026-02-10,325.3731021690171,331.8705681109483,317.62612354594523,323.32391357421875,37934,0.0,0.0
2026-02-11,326.56265697029255,357.6605154869004,326.56265697029255,355.4513854980469,61766,0.0,0.0
2026-02-12,364.95768350199035,376.8530385651108,356.3010556663116,360.83929443359375,77228,0.0,0.0
2026-02-13,356.3710268574422,366.04724585647824,343.8658940307277,358.86004638671875,54204,0.0,0.0
2026-02-18,367.1468285359822,372.35478898938385,363.5382199528891,367.2467956542969,33428,0.0,0.0
2026-02-19,368.85613044055583,368.85613044055583,355.0815043505639,360.45941162109375,24393,0.0,0.0
2026-02-20,364.06801554099235,372.354792484452,358.7600879194538,368.116455078125,26269,0.0,0.0
2026-02-23,368.11645148487383,368.8561532498984,356.8508253294589,364.03802490234375,20154,0.0,0.0
2026-02-24,368.98610823483307,375.9033935524564,352.9323712884482,361.848876953125,115572,0.0,0.0
2026-02-25,361.84885393206616,374.18403902793176,360.9492109342643,367.2667541503906,42415,0.0,0.0
2026-02-26,370.85537030619963,371.4051436933298,345.08542153587746,356.36102294921875,89003,0.0,0.0
2026-02-27,349.22380585720583,357.7505101737591,344.7555775355088,350.7632141113281,37412,0.0,0.0
2026-03-02,349.8435708188491,360.8592636753136,344.2257361584671,354.8616027832031,45401,0.0,0.0
2026-03-03,343.2861268356963,344.065821522703,332.4003577958183,335.7590637207031,112917,0.0,0.0
2026-03-04,333.4799081600434,354.86158267133214,333.4799081600434,348.8639221191406,39355,0.0,0.0
2026-03-05,351.0930840688052,353.40218107552323,333.489933459224,347.194580078125,29263,0.0,0.0
2026-03-06,344.6655702454925,345.1753811878452,322.0044250488281,322.0044250488281,49645,0.0,0.0
2026-03-09,320.43500339922167,335.2992003427328,311.5384798273691,331.95050048828125,69052,0.0,0.0
2026-03-10,336.7586717910163,356.57092140992614,336.7586717910163,346.8647155761719,49838,0.0,0.0
2026-03-11,352.5825101731696,363.72815777702664,349.99352342166014,363.3583068847656,46618,0.0,0.0
2026-03-12,357.6604920852762,358.10032298265213,346.7047736090032,355.8612060546875,34248,0.0,0.0
2026-03-13,360.1395458944007,377.9526062011719,360.04958464101475,377.9526062011719,54489,0.0,0.0
2026-03-16,389.05826481505744,399.4442290998173,382.5008245556337,384.84991455078125,44154,0.0,0.0
2026-03-17,392.8468100036698,401.84330183581494,386.61922745337256,401.16357421875,63641,0.0,0.0
2026-03-18,403.1627656812949,409.7302115686225,400.18391650646856,409.540283203125,42468,0.0,0.0
2026-03-19,385.9894710229349,400.4638062110243,372.2248199813126,386.84912109375,73949,0.0,0.0
2026-03-20,387.46889352664914,393.7364688859374,368.73620849419035,370.8553771972656,87558,0.0,0.0
2026-03-23,378.85226776683453,378.85226776683453,351.2130516944803,354.5217590332031,96747,0.0,0.0
2026-03-24,350.8631604644526,355.01153645997596,342.0666034015192,346.0150451660156,34595,0.0,0.0
2026-03-25,339.85743898124883,339.85743898124883,324.8732928659567,331.4507141113281,47510,0.0,0.0
2026-03-26,326.372744208211,327.8721595721078,306.77040199359453,306.8903503417969,65659,0.0,0.0
2026-03-27,306.89780065997405,320.46638470885085,304.35808903544125,310.42742919921875,34742,0.087502,0.0
2026-03-30,319.46649441452325,319.86644636412285,279.3607153494793,283.12030029296875,68266,0.0,0.0
2026-03-31,282.9603186877005,291.3194580078125,271.731515684236,291.3194580078125,93794,0.0,0.0
2026-04-01,299.92853304308807,324.5559548452798,295.5090136802292,317.7266845703125,97646,0.0,0.0
2026-04-02,299.9685527949969,316.42681884765625,292.6893171344135,316.42681884765625,64741,0.0,0.0
2026-04-06,325.265882060404,330.6553315984664,318.68658535985907,324.5159606933594,33677,0.0,0.0
2026-04-07,318.836552500686,325.9658095990641,314.4470287849111,323.53607177734375,27435,0.0,0.0
2026-04-08,348.9634028340617,351.9630882452428,339.8943466174736,346.8636169433594,50441,0.0,0.0
2026-04-09,346.96361673877226,357.96246337890625,338.2045254680281,357.96246337890625,53041,0.0,0.0
2026-04-10,354.4528200912934,356.1626627591367,342.62407395544534,350.96319580078125,33289,0.0,0.0
2026-04-13,349.96329304214515,354.75279922523333,343.5539616421337,354.67279052734375,30862,0.0,0.0
2026-04-14,359.52230557964697,387.1494140625,352.9629956929064,387.1494140625,55818,0.0,0.0
2026-04-15,377.96036945416364,385.1596267923753,365.9616275667299,380.1101379394531,66166,0.0,0.0
2026-04-16,372.9508872346523,385.86954617220005,370.9611056240732,379.5502014160156,42341,0.0,0.0
2026-04-17,382.49989879553925,390.3390731010117,375.5506153050909,377.4604187011719,57772,0.0,0.0
2026-04-20,381.2400284326132,384.95963967813026,362.80195909363243,369.9612121582031,48789,0.0,0.0
2026-04-22,377.62041934429453,407.2273011342956,377.62041934429453,404.9575500488281,109096,0.0,0.0
2026-04-23,396.95838976479456,407.95723683636317,389.9591234465236,402.057861328125,72407,0.0,0.0
2026-04-24,409.95700178218306,423.06561224104865,409.6770323673947,409.9670104980469,113899,0.0,0.0
2026-04-27,422.98565173646955,440.40383899092126,422.4657172342392,435.454345703125,80414,0.0,0.0
2026-04-28,419.9559592296727,430.8048276126482,407.95721753739633,421.95574951171875,114876,0.0,0.0
2026-04-29,437.85408255079506,442.233628214788,423.9555459903092,430.4548645019531,60584,0.0,0.0
2026-04-30,433.9645095204606,444.9533475988051,417.0062655831961,424.9554443359375,49112,0.0,0.0
2026-05-04,456.97205907537847,489.2286855748125,456.97205907537847,476.01007080078125,136090,0.0,0.0
2026-05-05,499.44761332460945,534.3739426046195,495.8479847833584,521.9652709960938,118448,0.0,0.0
2026-05-06,546.3227455206438,550.4922914262253,516.7458283482501,546.2427368164062,138536,0.0,0.0
2026-05-07,534.563934248669,558.5414001490444,521.9452624787065,531.9442138671875,87668,0.0,0.0
2026-05-08,547.4026150959926,609.93603515625,547.2325889815561,609.93603515625,93287,0.0,0.0
2026-05-11,642.0426887056753,666.5901035253643,626.934286963396,652.181640625,225095,0.0,0.0
2026-05-12,628.9040025636197,639.3729361755252,577.6294126891971,624.9344482421875,169812,0.0,0.0
2026-05-13,652.9315387164509,676.3790923967823,639.9329016516516,665.93017578125,131288,0.0,0.0
2026-05-14,658.9208788902674,672.9294193610318,643.932460725861,645.9322509765625,144929,0.0,0.0
2026-05-15,624.9344611747999,629.1340329596458,606.7463661756183,609.926025390625,144840,0.0,0.0
2026-05-18,634.9334245132645,635.0034244976853,553.5919779260995,566.9605712890625,165286,0.0,0.0
2026-05-19,566.9505391216776,607.4862651277919,546.942628098836,585.9385375976562,172181,0.0,0.0
2026-05-20,618.5351314070426,622.6647033658558,589.3982323628524,607.236328125,92581,0.0,0.0
2026-05-21,608.9661798132378,638.1431133172619,608.9661798132378,633.9335327148438,103452,0.0,0.0
2026-05-22,629.1240394267221,653.2814796882496,624.9344762567466,633.9335327148438,89469,0.0,0.0
2026-05-25,634.9334028261973,679.9986833234694,634.9334028261973,659.8807983398438,12546,0.0,0.0
2026-05-26,680.398623951732,768.489423351962,679.4987549332917,756.6806640625,219425,0.0,0.0
2026-05-27,809.9150928673229,814.9145687492199,750.2713211847877,781.318115234375,166252,0.0,0.0
2026-05-28,782.9178909778382,797.3863442925275,764.1298833549928,776.9385375976562,112099,0.0,0.0
2026-05-29,796.9164195585311,827.7931860919825,790.7170575394011,808.9151611328125,175321,0.0,0.0
2026-06-01,837.9321682901274,876.35813227629,837.9221595738452,865.6692504882812,186481,0.0,0.0
2026-06-02,872.0585936778177,898.1558331060794,850.1108825723408,890.6866455078125,104960,0.0,0.0
2026-06-03,899.9156498277258,919.9535267994573,873.9083670350008,915.0540771484375,149548,0.0,0.0
2026-06-05,805.9255141203669,818.4841949892356,739.9224243164062,739.9224243164062,218592,0.0,0.0
2026-06-08,801.9159229530391,829.263031325533,790.6871197705674,817.9142456054688,238897,0.0,0.0
2026-06-09,853.9104783012857,854.5203997103133,739.8124546824268,809.8250732421875,313487,0.0,0.0
2026-06-10,783.9177744468669,823.8736054311177,763.6598895415856,773.9188232421875,125757,0.0,0.0
2026-06-11,781.5080773919422,843.2815680438121,769.5393007076478,839.9119262695312,151771,0.0,0.0
2026-06-12,829.9029723792657,854.9103600441043,813.9146585683052,828.9130859375,111321,0.0,0.0
2026-06-15,884.9071969859926,925.4929674834605,882.6774503578174,907.90478515625,130195,0.0,0.0
2026-06-16,923.9631149823412,938.061612263879,864.8093444335552,871.9685668945312,121407,0.0,0.0
2026-06-17,892.9063714796173,926.2728678473445,856.2202158810346,899.8856201171875,118456,0.0,0.0
2026-06-18,934.9019797947681,989.8962139003427,934.8919710785112,987.3164672851562,90827,0.0,0.0
2026-06-19,988.6863213501011,988.6863213501011,959.8993614292577,986.1766357421875,11925,0.0,0.0
2026-06-22,1019.9031260376489,1037.8511962890625,1003.0449073923645,1037.8511962890625,80088,0.0,0.0
2026-06-23,934.9019458837677,969.8982754088285,871.878526590977,911.9043579101562,126954,0.0,0.0
2026-06-24,939.261494865345,947.78062108532,859.9098302892737,924.9030151367188,165414,0.0,0.0
2026-06-25,1070.0977856568418,1082.9664317907766,985.2967385838667,1039.8909912109375,218514,0.0,0.0
2026-06-26,971.8980726733907,1030.3418945785338,966.9286231388121,982.386962890625,106546,0.0,0.0
2026-06-29,969.8983291328316,984.3368180406604,885.9071336202977,979.9273071289062,179143,0.0,0.0
2026-06-30,980.8971296107658,1007.3443681959307,971.8980733758046,997.525390625,115608,0.0,0.0
2026-07-01,940.9013687438288,949.1105301800553,901.4155176670978,901.9054565429688,102291,0.0,0.0
2026-07-02,902.4053463907636,934.9019378120377,830.9628278142425,844.911376953125,165256,0.0,0.0
2026-07-03,870.510009765625,888.4000244140625,870.510009765625,881.989990234375,104706,0.088606,0.0
2026-07-06,873.3200073242188,878.0999755859375,840.8099975585938,849.52001953125,166731,0.0,0.0
2026-07-07,801.0,808.25,766.0,808.25,199094,0.0,0.0
2026-07-08,779.0,823.5900268554688,772.9500122070312,811.5,117650,0.0,0.0
2026-07-09,869.0,887.0,843.8300170898438,848.0,93499,0.0,0.0
2026-07-10,826.9500122070312,848.760009765625,813.3699951171875,841.0,65478,0.0,0.0
2026-07-13,790.5,805.0,770.6400146484375,803.7999877929688,83499,0.0,0.0
2026-07-14,838.75,840.9299926757812,804.8300170898438,833.3300170898438,67810,0.0,0.0
2026-07-15,826.489990234375,827.9199829101562,743.969970703125,766.9000244140625,154701,0.0,0.0
2026-07-16,728.9600219726562,754.719970703125,716.1300048828125,723.030029296875,177509,0.0,0.0
2026-07-17,705.0,769.0,688.0900268554688,726.9500122070312,264921,0.0,0.0
2026-07-20,747.010009765625,762.969970703125,728.8599853515625,735.0,167362,0.0,0.0
2026-07-21,777.0,830.02001953125,775.52001953125,823.0,138360,0.0,0.0
2026-07-22,789.0,827.489990234375,786.6900024414062,815.0,81974,0.0,0.0
2026-07-23,823.3400268554688,855.8400268554688,811.6500244140625,844.0,143290,0.0,0.0
2026-07-24,824.3800048828125,825.7999877929688,765.5,782.6400146484375,126186,0.0,0.0
2026-07-27,796.0,801.3699951171875,728.7100219726562,765.719970703125,212362,0.0,0.0
2026-07-28,721.0,726.1099853515625,675.739990234375,705.0,216618,0.0,0.0
2026-07-29,695.1099853515625,718.5,631.1599731445312,632.9199829101562,328686,0.0,0.0
2026-07-30,668.5,745.0,660.9500122070312,741.0,309411,0.0,0.0
2026-07-31,697.8200073242188,721.3400268554688,696.1699829101562,698.0,135403,0.0,0.0
2026-08-03,665.4199829101562,710.0,651.0,704.530029296875,254336,0.0,0.0
2026-08-04,739.280029296875,770.0,730.0,765.0,169779,0.0,0.0
2026-08-05,749.989990234375,791.8800048828125,742.3200073242188,760.0,152935,0.0,0.0
2026-08-06,722.219970703125,775.8900146484375,705.0,762.0,208411,0.0,0.0
2026-08-07,772.5,772.5,720.010009765625,740.5900268554688,144866,0.0,0.0
2026-08-11,746.1400146484375,746.719970703125,722.6699829101562,746.0,90075,0.0,0.0
2026-08-12,777.010009765625,804.47998046875,774.3900146484375,795.989990234375,145672,0.0,0.0
2026-08-13,785.5,845.0,783.3599853515625,828.5,149857,0.0,0.0
2026-08-14,848.25,854.8900146484375,832.6599731445312,854.0,85602,0.0,0.0
2026-08-17,867.0,895.5499877929688,861.4099731445312,876.0,130183,0.0,0.0
2026-08-18,838.75,847.9099731445312,806.5499877929688,814.0999755859375,136430,0.0,0.0
2026-08-19,830.010009765625,831.9199829101562,788.7899780273438,813.9099731445312,123865,0.0,0.0
2026-08-20,809.5,850.0,803.260009765625,850.0,106840,0.0,0.0
2026-08-21,851.0,852.97998046875,821.5800170898438,825.0,63739,0.0,0.0
2026-08-24,808.0,808.0,763.510009765625,785.989990234375,114250,0.0,0.0
2026-08-25,799.0,812.27001953125,787.5,801.0,92181,0.0,0.0
2026-08-26,795.2999877929688,813.22998046875,791.0,807.0,86614,0.0,0.0
2026-08-27,835.469970703125,837.1699829101562,780.3900146484375,796.2000122070312,181940,0.0,0.0
2026-08-28,796.2000122070312,819.52001953125,785.02001953125,804.25,97688,0.0,0.0
2026-08-31,800.0,824.0,794.0,824.0,145128,0.0,0.0
2026-09-01,810.0,831.3400268554688,792.010009765625,802.5,295054,0.0,0.0
2026-09-02,803.0,819.0,795.2000122070312,814.3499755859375,95803,0.0,0.0
2026-09-03,814.3499755859375,816.0,783.1199951171875,815.280029296875,115120,0.0,0.0
2026-09-04,820.5499877929688,864.0,820.5499877929688,860.0,126661,0.0,0.0
2026-09-08,870.780029296875,881.6799926757812,848.72998046875,848.72998046875,320473,0.0,0.0
2026-09-09,855.489990234375,885.0,841.6599731445312,877.9099731445312,106638,0.0,0.0
2026-09-10,853.0,856.030029296875,828.0,831.02001953125,188137,0.0,0.0
2026-09-11,840.0,843.010009765625,820.8499755859375,835.0700073242188,52232,0.0,0.0
2026-09-14,787.8300170898438,800.5900268554688,778.0,793.510009765625,149181,0.0,0.0
2026-09-15,801.0,810.6099853515625,789.5700073242188,795.0,78043,0.0,0.0
2026-09-16,800.0,807.3200073242188,790.22998046875,794.0,115179,0.0,0.0
2026-09-17,814.0,848.3300170898438,813.989990234375,837.0800170898438,113712,0.0,0.0
2026-09-18,841.0,871.0,838.7999877929688,871.0,92606,0.0,0.0
2026-09-21,883.0,907.0,877.25,889.9000244140625,107269,0.0,0.0
2026-09-22,881.989990234375,933.0,877.780029296875,932.0,134824,0.0,0.0
2026-09-23,931.52001953125,942.5,917.0,923.5,73015,0.0,0.0
2026-09-24,906.0,935.7999877929688,901.0,935.7999877929688,73641,0.0,0.0
2026-09-25,940.3200073242188,959.0999755859375,930.0,951.489990234375,104207,0.0,0.0
2026-09-28,936.0,942.1699829101562,897.7899780273438,912.8300170898438,121211,0.0,0.0
