Date,Open,High,Low,Close,Volume,Dividends,Stock splits
2020-09-18,10.303232391044736,11.151459360269133,10.256541420377843,11.011384963989258,6385300,0.0,0.0
2020-09-21,10.801275335824439,10.840184977216236,10.217632941366531,10.435525894165039,3089000,0.0,0.0
2020-09-22,10.497777923775189,10.88687273852273,10.458868293872543,10.606724739074707,2640600,0.0,0.0
2020-09-23,10.692325749954275,10.972474502514846,10.466650778246867,10.48221492767334,2101400,0.0,0.0
2020-09-24,10.560036379945194,10.956913394822852,10.396616476297906,10.941349983215332,2546000,0.0,0.0
2020-09-25,10.847964273851886,10.87909183268967,10.591161727905273,10.591161727905273,1183200,0.0,0.0
2020-09-28,10.692327530307548,11.011385225280831,10.536689720825413,10.645636558532715,1980300,0.0,0.0
2020-09-29,10.645634850356425,10.700107889399638,10.085338083985166,10.217630386352539,2600500,0.0,0.0
2020-09-30,10.264323531933004,10.746801879652303,10.264323531933004,10.661200523376465,2644500,0.0,0.0
2020-10-01,10.653416609252675,10.77014550890959,10.489996743444612,10.76236343383789,1531500,0.0,0.0
2020-10-02,10.692327004743666,11.011384684034189,10.606726399270952,10.777928352355957,2524500,0.0,0.0
2020-10-05,10.871311779274215,11.353789369123298,10.871311779274215,11.244842529296875,2257900,0.0,0.0
2020-10-06,11.283752608533261,11.867394984836706,11.1981519938457,11.735102653503418,4514500,0.0,0.0
2020-10-07,11.735102653503418,11.859612908372474,11.447172503583811,11.735102653503418,2395400,0.0,0.0
2020-10-08,11.727321120317274,11.867395534603858,11.486082675867818,11.602810859680176,3066000,0.0,0.0
2020-10-09,11.62615520476949,12.093069378384811,11.61837387084961,11.61837387084961,2489000,0.0,0.0
2020-10-13,11.657283210073153,11.851830666119552,11.369353064181242,11.493864059448242,1686900,0.0,0.0
2020-10-14,11.462735658684698,12.015250458946477,11.454954324533697,11.906304359436035,2165900,0.0,0.0
2020-10-15,11.750664962708338,11.914084832117696,11.571680942812591,11.836265563964844,2156600,0.0,0.0
2020-10-16,11.828483913063605,11.906303184008193,11.45495319366455,11.45495319366455,1432200,0.0,0.0
2020-10-19,11.517209408010098,11.727320272103375,11.2526247522233,11.338225364685059,1179000,0.0,0.0
2020-10-20,11.431607972261606,11.556118965148926,11.229279185866435,11.556118965148926,1122600,0.0,0.0
2020-10-21,11.517209461193987,11.696192763205891,11.377135056391877,11.439390182495117,1495900,0.0,0.0
2020-10-22,11.439390182495117,11.532772871649977,11.268188214641386,11.439390182495117,1612100,0.0,0.0
2020-10-23,11.470517898449458,11.493864127654112,11.104769213252382,11.128114700317383,1466600,0.0,0.0
2020-10-26,11.12033217023816,11.198151446799566,10.964694359254977,11.042512893676758,1022800,0.0,0.0
2020-10-27,11.05807617629921,11.151458855546025,10.770146063086637,10.84018325805664,1149600,0.0,0.0
2020-10-28,10.645636133398948,10.645636133398948,9.991956617539072,9.999738693237305,1976500,0.0,0.0
2020-10-29,10.0308658091939,10.443306155100995,9.688461915047231,10.427742004394531,1759500,0.0,0.0
2020-10-30,10.419961473881397,10.482216597223962,10.139812676700247,10.334360122680664,2246900,0.0,0.0
2020-11-03,10.57559937108853,11.167023789951346,10.528907657119522,11.050294876098633,3272900,0.0,0.0
2020-11-04,11.04251256971983,11.229278679560071,10.225413900494633,10.451088905334473,3999600,0.0,0.0
2020-11-05,10.567816762935331,10.73123664038854,10.272104568394305,10.521125793457031,2107000,0.0,0.0
2020-11-06,10.466651466368123,10.700108528137207,10.326577823018306,10.700108528137207,1324800,0.0,0.0
2020-11-09,10.980257453365303,11.392698568278732,10.614508793612853,11.369352340698242,3745600,0.0,0.0
2020-11-10,11.30709778117502,11.423826698471613,10.933567026961057,11.190369606018066,2860900,0.0,0.0
2020-11-11,11.229279362267063,11.330444128123661,10.925785064697266,10.925785064697266,1434900,0.0,0.0
2020-11-12,10.949129533292199,11.073639774416554,10.505561613751787,10.567816734313965,1590900,0.0,0.0
2020-11-13,10.637853959637356,10.879092366942082,10.567816763278055,10.777928352355957,1518300,0.0,0.0
2020-11-16,10.933567192539641,11.058077445829886,10.567817766894809,11.026949882507324,2163300,0.0,0.0
2020-11-17,11.011383616418595,11.17480347803263,10.700108042934485,11.089202880859375,1780300,0.0,0.0
2020-11-18,11.128112798672985,11.260405106333774,10.76236343383789,10.76236343383789,1929500,0.0,0.0
2020-11-19,10.785707997631635,10.785707997631635,10.521124147000455,10.606724739074707,2065000,0.0,0.0
2020-11-23,10.894657110587891,11.112550045000555,10.746801376342773,10.746801376342773,1587500,0.0,0.0
2020-11-24,10.81683798577253,11.867394518710995,10.801274575595025,11.711756706237793,4161200,0.0,0.0
2020-11-25,11.688411346542125,12.217579914684393,11.618374144635444,12.061942100524902,2360300,0.0,0.0
2020-11-26,12.077505944852575,12.645584137575085,11.984122516599925,12.598893165588379,2196600,0.0,0.0
2020-11-27,12.591111279722716,12.840131779785388,12.116415023803711,12.116415023803711,1904300,0.0,0.0
2020-11-30,12.108632393263342,12.34208871600521,11.844047769207037,12.038595199584961,1351300,0.0,0.0
2020-12-01,12.100851979387963,12.396564203220594,12.04637818674797,12.147542953491211,1161800,0.0,0.0
2020-12-02,12.186452446703173,12.233144162384255,11.812921689813098,12.054160118103027,1451400,0.0,0.0
2020-12-03,12.046378851624493,12.318745603438254,12.007469951770835,12.170889854431152,1373900,0.0,0.0
2020-12-04,12.209797743531672,12.373217632663742,11.921867604039859,12.069724082946777,882100,0.0,0.0
2020-12-07,11.976341707807265,12.233144291412714,11.867394864828727,11.999687194824219,1110800,0.0,0.0
2020-12-08,12.007467819653447,12.108632574016866,11.61059087764455,11.766228675842285,1179100,0.0,0.0
2020-12-09,11.812919929691807,11.867392971420234,11.314878252573449,11.3771333694458,1404600,0.0,0.0
2020-12-10,11.447171366550187,11.47051685148434,11.089204048288279,11.283751487731934,1175500,0.0,0.0
2020-12-11,11.15924191795159,11.32266180662141,11.058077154285545,11.244842529296875,900600,0.0,0.0
2020-12-14,11.67284594584841,11.92964849728591,11.089203648555989,11.104767799377441,1783700,0.0,0.0
2020-12-15,11.10477065888809,11.252626419067383,10.918004511635626,11.252626419067383,1084200,0.0,0.0
2020-12-16,11.252624534962951,11.470517471111137,11.167023924153929,11.400480270385742,1210400,0.0,0.0
2020-12-17,11.431607904308205,11.532772667974248,11.244842529296875,11.244842529296875,953500,0.0,0.0
2020-12-18,11.2526247522233,11.462735616316579,11.159242063499661,11.338225364685059,1104300,0.0,0.0
2020-12-21,10.956910576593751,11.33044200691419,10.89465546189693,11.089202880859375,976500,0.0,0.0
2020-12-22,11.167022882724659,11.299315195726326,10.809055578509483,10.89465618133545,1205900,0.0,0.0
2020-12-23,10.902439679649966,11.205933237913937,10.879093450445312,11.128114700317383,960000,0.0,0.0
2020-12-28,11.174805196991507,11.447171922291409,11.167023863062074,11.361571311950684,903400,0.0,0.0
2020-12-29,11.408262362086695,11.688411165371095,11.268187960444497,11.610591888427734,2140100,0.0,0.0
2020-12-30,11.62615547873869,12.061942100524902,11.563900353074894,12.061942100524902,3168300,0.0,0.0
2021-01-04,12.061941856301592,12.108633570673872,11.509427070617676,11.509427070617676,3177700,0.0,0.0
2021-01-05,11.517208654842634,11.641718898331808,11.26040609211131,11.532772064208984,1388800,0.0,0.0
2021-01-06,11.556119089893137,11.952995332900612,11.470517734975342,11.906304359436035,2029200,0.0,0.0
2021-01-07,11.921867397723052,12.030814235972237,11.408262252807617,11.408262252807617,1908900,0.0,0.0
2021-01-08,11.454953319664057,11.711755877610516,11.384916123471463,11.595026969909668,1623400,0.0,0.0
2021-01-11,11.52499159947431,12.20201665609288,11.486081959915616,11.750666618347168,2210100,0.0,0.0
2021-01-12,11.80513929930036,11.867394423791703,11.571682211388008,11.719538688659668,1108300,0.0,0.0
2021-01-13,11.71175584572839,11.875175722353049,11.641718649726453,11.703973770141602,1083000,0.0,0.0
2021-01-14,11.750666155615004,12.396563623579603,11.672846879562076,12.388781547546387,2221800,0.0,0.0
2021-01-15,12.217579357977488,12.52885571425247,11.859612030652,11.984122276306152,2151800,0.0,0.0
2021-01-18,12.023032150483823,12.310962284766703,11.968559102471813,12.131978988647461,932300,0.0,0.0
2021-01-19,12.217579805337643,12.233143957684112,11.805139415971405,11.859612464904785,969900,0.0,0.0
2021-01-20,11.8751766493226,12.07750617753535,11.7351022463846,11.812921524047852,810300,0.0,0.0
2021-01-21,11.774011026584493,11.82070199606575,11.026948835628147,11.034730911254883,2462000,0.0,0.0
2021-01-22,10.910220883599418,11.096986249463761,10.723454775595483,10.9724760055542,1526200,0.0,0.0
2021-01-26,10.964694359254977,11.33822510561462,10.91800264489021,11.042512893676758,1638600,0.0,0.0
2021-01-27,11.026949830553864,11.275970335961095,10.879093348863588,10.925785064697266,1460700,0.0,0.0
2021-01-28,10.9024403579987,11.369353839048292,10.886876204227196,11.237061500549316,1497300,0.0,0.0
2021-01-29,11.167024934510758,11.260407629880376,10.7390203574619,10.886876106262207,1624500,0.0,0.0
2021-02-01,11.026950245758409,11.042513656862557,10.630073243717048,10.847966194152832,2687500,0.0,0.0
2021-02-02,10.894658281112948,11.36157250430224,10.894658281112948,11.237061500549316,1466900,0.0,0.0
2021-02-03,11.252624267527034,11.408262075362481,11.096986459691589,11.167023658752441,1421800,0.0,0.0
2021-02-04,11.244842825765254,11.26040697849636,10.933567192539641,11.026949882507324,823900,0.0,0.0
2021-02-05,11.128114743713063,11.151460230869102,10.933567285753533,11.01916790008545,823900,0.0,0.0
2021-02-08,11.034729790993138,11.221495134236642,10.762363108825069,10.879091262817383,1799800,0.0,0.0
2021-02-09,10.840183292974796,11.042512060924851,10.6845447515892,10.988039016723633,1840900,0.0,0.0
2021-02-10,10.902439799291674,11.065859694819332,10.82462051870149,10.863530158996582,1159000,0.0,0.0
2021-02-11,10.96469260174195,11.143675870148764,10.82461822323957,10.879091262817383,1123200,0.0,0.0
2021-02-12,10.894657552851527,11.050295369464333,10.8168382734753,11.026949882507324,1140700,0.0,0.0
2021-02-17,10.972477463846655,11.0969877243042,10.84018512657559,11.0969877243042,744000,0.0,0.0
2021-02-18,11.089204022227886,11.089204022227886,10.816837310791016,10.816837310791016,1301800,0.0,0.0
2021-02-19,10.82461979629971,10.863529433998092,10.466652465325891,10.544471740722656,1725200,0.0,0.0
2021-02-22,10.342141545421056,10.342141545421056,10.007519721984863,10.007519721984863,2826600,0.0,0.0
2021-02-23,10.163158572202274,10.427742466685933,9.914137344835911,9.999738693237305,2916400,0.0,0.0
2021-02-24,10.100903562647071,10.342142734708622,10.04643051243367,10.202068328857422,2014300,0.0,0.0
2021-02-25,10.217631619935537,10.272104665555325,9.672898937318887,9.742936134338379,2665100,0.0,0.0
2021-02-26,9.781844906411834,10.054211615388889,9.649552589724646,9.797409057617188,2385400,0.0,0.0
2021-03-01,9.83631904099813,9.921919649233022,9.532824761027806,9.618425369262695,1599600,0.0,0.0
2021-03-02,9.563953056141125,10.015303101715396,9.29158631664577,9.890792846679688,2104100,0.0,0.0
2021-03-03,9.890792846679688,10.093122382182543,9.805192231877554,9.890792846679688,3790700,0.0,0.0
2021-03-04,9.72737228350435,10.233195345390733,9.587297885137213,9.929701805114746,3462600,0.0,0.0
2021-03-05,9.945263253095135,10.349922216494612,9.906353623208346,10.194284439086914,2748300,0.0,0.0
2021-03-08,10.178721471456187,10.20206695524158,9.758499052621374,9.766281127929688,1982400,0.0,0.0
2021-03-09,9.781845032685373,9.87522771470423,9.571734183677837,9.680680274963379,1933500,0.0,0.0
2021-03-10,9.68846406464829,10.170941711503753,9.67290065262829,10.054213523864746,2904400,0.0,0.0
2021-03-11,10.11646749767203,10.419961789772458,10.09312201124573,10.264323234558105,3080100,0.0,0.0
2021-03-12,10.264324357053713,10.373271209190147,10.054213471960246,10.16316032409668,2253400,0.0,0.0
2021-03-15,10.163157067290838,10.357704478101509,10.108683287609006,10.178720474243164,1621500,0.0,0.0
2021-03-16,10.178721919604964,10.178721919604964,9.774063633570483,9.898573875427246,1188200,0.0,0.0
2021-03-17,9.805191253618988,10.07755722380088,9.805191253618988,9.999738693237305,879100,0.0,0.0
2021-03-18,9.999737328845876,10.02308281061567,9.579514946292184,9.649551391601562,1096200,0.0,0.0
2021-03-19,9.649551391601562,9.789625766499288,9.455003978527825,9.649551391601562,2575000,0.0,0.0
2021-03-22,9.641770312684566,9.696243352293225,9.416095337269326,9.431658744812012,1976400,0.0,0.0
2021-03-23,9.400531022782161,9.423876504756663,9.260456646656166,9.338275909423828,2018300,0.0,0.0
2021-03-24,9.338277709641421,9.416096987410953,9.081475131997452,9.135948181152344,2112100,0.0,0.0
2021-03-25,9.08925556894761,9.322711875872901,8.910271559213452,9.28380298614502,1747700,0.0,0.0
2021-03-26,9.244894613000904,9.307149735609158,9.050347169315211,9.213767051696777,1132200,0.0,0.0
2021-03-29,9.174857450206355,9.260458058590645,9.03478305272333,9.104820251464844,1064500,0.0,0.0
2021-03-30,9.081474723528139,9.548388884865057,9.065910571818426,9.470569610595703,1887500,0.0,0.0
2021-03-31,9.447223198416335,9.579515506412854,9.322712223371736,9.361621856689453,3362400,0.0,0.0
2021-04-01,9.431659573678651,9.46278713363906,9.198202502905803,9.229330062866211,1132900,0.0,0.0
2021-04-05,9.338277355095485,9.431660039589687,9.205985033193798,9.314931869506836,1314300,0.0,0.0
2021-04-06,9.322712330786787,9.704025851126419,9.307148922564098,9.672898292541504,1680000,0.0,0.0
2021-04-07,9.672898784670386,9.672898784670386,9.33049488067627,9.33049488067627,1511600,0.0,0.0
2021-04-08,9.338276597088047,9.556169509887695,9.307149038116668,9.556169509887695,1278800,0.0,0.0
2021-04-09,9.478351836642865,9.571734521962055,9.392750485162233,9.563952445983887,1014800,0.0,0.0
2021-04-12,9.563952253100574,9.867446530871854,9.384968962050053,9.836318969726562,2336300,0.0,0.0
2021-04-13,9.836317830335801,10.170938888351914,9.78184404803682,10.155375480651855,2601300,0.0,0.0
2021-04-14,10.186504354491765,10.606726806647638,10.085339593880587,10.443306922912598,3056300,0.0,0.0
2021-04-15,10.513345451102115,10.832403182983398,10.466653731786455,10.832403182983398,2365000,0.0,0.0
2021-04-16,10.785710272311748,10.980257720715104,10.66120002407594,10.746801376342773,1439600,0.0,0.0
2021-04-19,10.78571164653129,10.84796677858119,10.560036607315475,10.668983459472656,1176100,0.0,0.0
2021-04-20,10.668981245688043,10.754581848959834,10.575598566989845,10.739018440246582,904400,0.0,0.0
2021-04-22,10.777930126406789,10.96469551934685,10.435526163876975,10.474435806274414,1243900,0.0,0.0
2021-04-23,10.497780082919974,10.731237168212985,10.388833987352287,10.645636558532715,1163300,0.0,0.0
2021-04-26,10.676764675775852,11.307098022499888,10.637855035846547,11.275970458984375,1942200,0.0,0.0
2021-04-27,11.244841475831295,11.470516468362678,10.964693439559785,10.995820999145508,2100000,0.0,0.0
2021-04-28,10.99582170870315,11.120331955080658,10.863529386392145,10.910221099853516,926300,0.0,0.0
2021-04-29,10.910220669785422,11.089203956362878,10.754582125809018,11.034730911254883,885600,0.0,0.0
2021-04-30,11.073639260960713,11.143676453880614,10.591161727905273,10.591161727905273,2676600,0.0,0.0
2021-05-03,10.832402192304999,11.361571499501965,10.668982302855325,11.346007347106934,2578400,0.0,0.0
2021-05-04,11.346007484185899,11.657283114450948,10.824620246887207,10.824620246887207,2996000,0.0,0.0
2021-05-05,10.933566575929468,11.213714630033271,10.886874862509032,11.167023658752441,1326700,0.0,0.0
2021-05-06,11.15145984179121,11.299316320279901,11.034731667944037,11.244842529296875,1376100,0.0,0.0
2021-05-07,11.322661030522092,11.509426392731797,11.22927834941724,11.291533470153809,955400,0.0,0.0
2021-05-10,11.291534769349353,11.314880256776785,10.863530208434879,10.96469497680664,989800,0.0,0.0
2021-05-11,10.89465623807691,10.89465623807691,10.466651737438834,10.739018440246582,1592900,0.0,0.0
2021-05-12,10.684544654401297,10.80905563480512,10.474433812865241,10.739018440246582,969100,0.0,0.0
2021-05-13,10.754582696938748,11.011385269142089,10.73901928699835,11.0036039352417,1066400,0.0,0.0
2021-05-14,11.011385155557148,11.151459554273933,10.785710147702112,10.801274299621582,1198300,0.0,0.0
2021-05-17,10.801273809529178,11.346006485620766,10.668981492774703,11.081421852111816,3008900,0.0,0.0
2021-05-18,11.283751629999824,12.178669565868109,11.283751629999824,11.890739440917969,6871200,0.0,0.0
2021-05-19,11.7817936469283,12.707839167276703,11.766229494955239,12.606675148010254,4792300,0.0,0.0
2021-05-20,12.645582382852748,13.400425843057969,12.614454082994866,13.361516952514648,4128400,0.0,0.0
2021-05-21,13.36930138740173,13.672794943192988,13.190318084462236,13.447120666503906,3384800,0.0,0.0
2021-05-24,13.44711897203572,13.532718832410328,13.205879088789628,13.38486385345459,1871500,0.0,0.0
2021-05-25,13.384864416191206,13.493810507218798,12.81678476544078,12.824566841125488,1881700,0.0,0.0
2021-05-26,12.598893199691847,13.260354822457492,12.466600875138719,13.151407241821289,3560000,0.0,0.0
2021-05-27,13.307045780535342,13.91403287020306,13.307045780535342,13.408209800720215,3443700,0.0,0.0
2021-05-28,13.307045780535342,13.470464924898423,13.166971380064563,13.408209800720215,1398200,0.0,0.0
2021-05-31,13.361518760418427,13.415991808261259,12.591111046042897,12.902386665344238,2252400,0.0,0.0
2021-06-01,13.042459699556524,13.065805925164492,12.668928995503512,12.980204582214355,3445500,0.0,0.0
2021-06-02,12.987987646549628,13.042460692837672,12.528855564580129,12.676712036132812,2842800,0.0,0.0
2021-06-04,12.707837476690653,13.92181296778306,12.684491251836922,13.836213111877441,3834200,0.0,0.0
2021-06-07,13.83621422151372,13.906251417412722,13.51715654432011,13.610538482666016,2302000,0.0,0.0
2021-06-08,13.657230361451898,13.773960018577549,13.151407289597984,13.314827919006348,3394300,0.0,0.0
2021-06-09,13.517158147514186,13.517158147514186,13.003551488579127,13.213663101196289,2707000,0.0,0.0
2021-06-10,13.213662913264724,13.369301472459268,12.995770711527523,13.229227066040039,1849900,0.0,0.0
2021-06-11,13.237008289955117,13.322609640427261,12.653365956981501,12.964641571044922,1631800,0.0,0.0
2021-06-14,13.00355022365815,13.058024753847505,12.707838766883262,12.816784858703613,1989400,0.0,0.0
2021-06-15,12.840131991035348,13.003551140285378,12.72340381524543,12.987988471984863,1448500,0.0,0.0
2021-06-16,13.019114849977912,13.058025230103746,12.521073858601113,12.645584106445312,1554100,0.0,0.0
2021-06-17,12.567763431331382,12.746746707146702,12.18645065422433,12.256487846374512,2354000,0.0,0.0
2021-06-18,12.217581206347822,12.56776651076377,12.155326074102307,12.497729301452637,1529600,0.0,0.0
2021-06-21,12.559982641595418,12.58332886946115,12.349871785781096,12.443254470825195,980900,0.0,0.0
2021-06-22,12.443255185538773,12.443255185538773,12.209798088449448,12.357654571533203,1142300,0.0,0.0
2021-06-23,12.373217395479953,12.575546919505872,12.30318093759986,12.388781547546387,1167700,0.0,0.0
2021-06-24,12.482164293095517,12.544419413677675,12.303180264817128,12.427690505981445,918500,0.0,0.0
2021-06-25,12.427691373619792,12.58332918594103,12.209797694230431,12.373217582702637,1206400,0.0,0.0
2021-06-28,12.404345252222027,12.684493316818061,12.318744640241482,12.575547218322754,1460800,0.0,0.0
2021-06-29,12.598894569890238,12.614457239434298,12.310963661273759,12.474384307861328,1314100,0.0,0.0
2021-06-30,12.40434635779544,12.544421515787516,12.310963661273759,12.474384307861328,862600,0.0,0.0
2021-07-01,12.48994498095686,12.87903985867239,12.482164389568215,12.614455223083496,1872900,0.0,0.0
2021-07-02,12.661147733291587,12.863477248715277,12.645583581886878,12.777875900268555,720300,0.0,0.0
2021-07-05,12.871259229690812,13.641666907203941,12.80900262453016,13.556065559387207,1922200,0.0,0.0
2021-07-06,13.54828348460717,13.54828348460717,12.723402761804964,12.78565788269043,1303700,0.0,0.0
2021-07-07,12.879040049387907,12.886822125170957,12.318743951521062,12.40434455871582,1595000,0.0,0.0
2021-07-08,12.217580234373601,12.217580234373601,11.812921906970503,11.991905212402344,2429700,0.0,0.0
2021-07-12,12.015250458946477,12.100851813864272,11.890740206854748,11.906304359436035,1855800,0.0,0.0
2021-07-13,11.882959017599797,12.015250605455638,11.789575585252678,11.999687194824219,1296400,0.0,0.0
2021-07-14,12.061941608479534,12.178669778802526,11.952994771942365,12.085287094116211,1381000,0.0,0.0
2021-07-15,12.093069609698322,12.27983498586101,11.906304233535636,11.960777282714844,1053800,0.0,0.0
2021-07-16,11.999687785620313,12.030815350555345,11.72732103583401,11.758448600769043,813300,0.0,0.0
2021-07-19,11.688412136269985,11.781794831075084,11.478300516353746,11.758448600769043,1134200,0.0,0.0
2021-07-20,11.727319977158093,12.069723902672859,11.665064852908067,12.023032188415527,826600,0.0,0.0
2021-07-21,12.030814902660033,12.225362361796101,11.914086724034256,12.093070030212402,839700,0.0,0.0
2021-07-22,12.077507216877606,12.303182250954174,12.04637890942182,12.209798812866211,814200,0.0,0.0
2021-07-23,12.217579684590419,12.287616885178087,11.6572828220287,11.719538688659668,1651900,0.0,0.0
2021-07-26,11.750666150782818,12.00746872265641,11.680628950791908,11.921867370605469,1543500,0.0,0.0
2021-07-27,11.828484263565572,11.875175975943808,11.34600669897522,11.532772064208984,1303400,0.0,0.0
2021-07-28,11.571682500334783,12.147542787328849,11.462735658684698,11.906304359436035,2293000,0.0,0.0
2021-07-29,11.87517627936323,12.069723725320793,11.665064681502047,11.781793594360352,949800,0.0,0.0
2021-07-30,11.719539264511784,11.719539264511784,11.2681884765625,11.2681884765625,1551000,0.0,0.0
2021-08-02,11.439390503679562,11.696193091600598,11.37713537582838,11.57946491241455,1106800,0.0,0.0
2021-08-03,11.579464025356508,11.587246101276666,11.244842182185751,11.423826217651367,1173500,0.0,0.0
2021-08-04,11.416044643024579,11.524991484271977,11.22149718931542,11.338225364685059,850100,0.0,0.0
2021-08-05,11.454953690880835,11.563899784364713,11.268187580934926,11.369352340698242,1047000,0.0,0.0
2021-08-06,11.338223339646662,11.556116983225046,10.980256059070184,11.089202880859375,1692900,0.0,0.0
2021-08-09,11.06585785002133,11.563898787922788,11.06585785002133,11.47829818725586,1125600,0.0,0.0
2021-08-10,11.532772123132318,11.774011277729832,11.49386322844785,11.633936882019043,1265900,0.0,0.0
2021-08-11,11.641720501664192,11.719539785632225,11.400481315075043,11.602810859680176,1072900,0.0,0.0
2021-08-12,12.015249846221078,12.396563401481222,11.626154957206749,11.727319717407227,3975100,0.0,0.0
2021-08-13,11.789575515766215,11.882958947562944,11.45495439669659,11.750666618347168,2026000,0.0,0.0
2021-08-16,11.703973734604915,11.711755810168075,10.84796471828635,10.980257034301758,1988500,0.0,0.0
2021-08-17,10.910220038118474,11.159240506639906,10.482215551242613,10.598943710327148,3615400,0.0,0.0
2021-08-18,10.614508146699922,11.089203613145012,10.521125468488078,10.89465618133545,1473800,0.0,0.0
2021-08-19,10.715674087002911,11.283752294571556,10.645636885052884,11.190369606018066,1906900,0.0,0.0
2021-08-20,11.050295355007492,11.595028083509478,11.026949868081026,11.493864059448242,1221800,0.0,0.0
2021-08-23,11.501644378767152,11.579463651174853,11.34600657609133,11.392698287963867,884200,0.0,0.0
2021-08-24,11.384916860492103,11.86739444732666,11.384916860492103,11.86739444732666,1243100,0.0,0.0
2021-08-25,11.812921398823612,11.984122620444515,11.766229684292695,11.86739444732666,570100,0.0,0.0
2021-08-26,11.78957374698643,11.890738497805517,11.587244987487793,11.587244987487793,1007800,0.0,0.0
2021-08-27,11.60281034413275,12.131979670467548,11.60281034413275,12.093070030212402,1010300,0.0,0.0
2021-08-30,11.991904805402122,12.264271534668783,11.98412272921973,12.069724082946777,934000,0.0,0.0
2021-08-31,12.085287765981965,12.295399374811758,11.968559589169624,12.108633995056152,1284700,0.0,0.0
2021-09-01,12.155323491732632,12.443253602732996,11.914085091066719,12.178668975830078,1132200,0.0,0.0
2021-09-02,12.054159514743645,12.20979732232421,11.64950121503418,11.680628776550293,1231400,0.0,0.0
2021-09-03,11.882958637559002,12.38878171220713,11.688411186980547,12.225361824035645,2419600,0.0,0.0
2021-09-06,12.357653972770697,12.801222658390179,12.178669934889946,12.645584106445312,1374300,0.0,0.0
2021-09-08,12.630020921572266,12.653367151435564,11.820703506469727,11.820703506469727,1360200,0.0,0.0
2021-09-09,11.82848541554779,12.279835463223058,11.73510272383632,12.194234848022461,1385700,0.0,0.0
2021-09-10,12.33430883190874,12.404345291675781,12.030814537693004,12.061942100524902,920300,0.0,0.0
2021-09-13,12.209798356585802,12.575547791986555,12.1475432282801,12.396564483642578,1049900,0.0,0.0
2021-09-14,12.451036910208398,12.591111312932924,11.960777242812187,12.069724082946777,1034600,0.0,0.0
2021-09-15,11.991905543768501,12.29539985431187,11.929650414755454,12.27983570098877,1022000,0.0,0.0
2021-09-16,12.217579129724065,12.365435600280762,12.147541932317164,12.365435600280762,1001500,0.0,0.0
2021-09-17,12.303181819248215,12.692276000976562,12.07750679309035,12.692276000976562,2433500,0.0,0.0
2021-09-20,12.443254132210951,12.69227461888537,12.248706691461663,12.559982299804688,2556300,0.0,0.0
2021-09-21,12.591111973853788,13.050244102760399,12.528856845406079,12.692276000976562,2073400,0.0,0.0
2021-09-22,12.855695940715174,13.517157572123988,12.824567636046872,13.260354995727539,2471400,0.0,0.0
2021-09-23,13.275918583622857,13.48603020185399,13.096935272216795,13.096935272216797,1598800,0.0,0.0
2021-09-24,13.019112731698671,13.30704356066502,12.94907554314683,13.221442222595215,1251700,0.0,0.0
2021-09-27,13.260354764438409,13.688358556207431,13.18253548840425,13.579412460327148,2257000,0.0,0.0
2021-09-28,13.540502142370574,13.828433019735842,13.439338122056922,13.618321418762207,2127700,0.0,0.0
2021-09-29,13.696140871128945,13.945161371358319,13.182535718336045,13.260354995727539,1506000,0.0,0.0
2021-09-30,13.283699327523047,14.08523533649496,13.275917251597585,13.727267265319824,2720400,0.0,0.0
2021-10-01,13.711703665617511,14.785604837579985,13.602756094346597,14.622185707092285,3240100,0.0,0.0
2021-10-04,14.622186049463306,14.762258957041448,14.248653843084146,14.380946159362793,1993400,0.0,0.0
2021-10-05,14.396508104810277,14.497672103274867,13.952940254741291,14.100796699523926,2071100,0.0,0.0
2021-10-06,14.007413864135742,14.11635994144308,13.66500999852542,14.007413864135742,1211400,0.0,0.0
2021-10-07,14.264219100574465,14.52880375365295,13.75061394678194,13.81286907196045,2222500,0.0,0.0
2021-10-08,13.929596494011864,14.419856877065563,13.929596494011864,14.2642183303833,1690100,0.0,0.0
2021-10-11,14.357602588404509,14.552150040907122,14.124144754833813,14.318692207336426,1947200,0.0,0.0
2021-10-13,14.38872993216019,15.096882566276095,14.248655523780458,14.863426208496094,1951600,0.0,0.0
2021-10-14,15.011282523228173,15.0813182423449,14.583277226443597,14.754478454589844,1386300,0.0,0.0
2021-10-15,14.762260343124263,15.260302836966465,14.614405346084828,14.770042419433594,2035900,0.0,0.0
2021-10-18,14.668877585613073,15.462631513963816,14.52880318834186,15.182482719421387,2431400,0.0,0.0
2021-10-19,15.00349847643266,15.408156006569744,14.754476516906387,14.925679206848145,3017100,0.0,0.0
2021-10-20,14.956804994416935,15.034624258644003,14.583274307261819,14.76225757598877,2270300,0.0,0.0
2021-10-21,14.450985243693516,14.629968552553764,13.83621603543634,14.085236549377441,2577700,0.0,0.0
2021-10-22,13.898469407018064,13.937378300798139,12.83234879666162,13.392644882202148,3148900,0.0,0.0
2021-10-25,13.486027223252588,14.256434835664061,13.439336257606781,14.17861557006836,2022600,0.0,0.0
2021-10-26,14.054106333364475,14.093016711055332,13.493810253128382,13.571629524230957,827700,0.0,0.0
2021-10-27,13.517158440317392,14.201964859932595,13.517158440317392,14.030763626098633,2054700,0.0,0.0
2021-10-28,13.890687835802607,13.914032579206681,13.25257245525163,13.43155574798584,2407200,0.0,0.0
2021-10-29,13.486029155798093,13.680576605526444,12.879040578305109,13.058025360107422,1538400,0.0,0.0
2021-11-01,13.198097408919187,13.307044982910156,12.886821806686026,13.307044982910156,1537100,0.0,0.0
2021-11-03,13.073588028013122,13.79730477848614,13.06580743618974,13.657230377197266,1968200,0.0,0.0
2021-11-04,13.618320303530327,13.618320303530327,13.112497274826453,13.205879211425781,1997200,0.0,0.0
2021-11-05,13.205878073077251,13.602754980111357,13.034676881216635,13.221442222595215,872100,0.0,0.0
2021-11-08,13.135842757238393,13.190317288317432,12.840131295633917,13.011332511901855,953000,0.0,0.0
2021-11-09,13.011331162437823,13.29926200259046,12.949076046226315,13.089150428771973,1057400,0.0,0.0
2021-11-10,12.980205227982042,13.283698754589091,12.894603880773223,13.05024242401123,1138600,0.0,0.0
2021-11-11,13.229226706814398,13.423774158385198,12.9879882824648,13.135843276977539,1763000,0.0,0.0
2021-11-12,12.995769896237226,13.322609662618019,12.879040242024706,13.174753189086914,1283300,0.0,0.0
2021-11-16,13.229226468548722,13.29148159255896,12.700057172322095,12.855695724487305,1670300,0.0,0.0
2021-11-17,13.073586611692688,13.182534181047503,12.069722651674267,12.349870681762695,3012900,0.0,0.0
2021-11-18,12.365436470629017,12.412127444093594,11.719538981298442,11.906304359436035,2429000,0.0,0.0
2021-11-19,11.898521516707333,12.116414443832381,11.781793348425243,11.890739440917969,1683000,0.0,0.0
2021-11-22,11.968559084645948,12.256489218499986,11.774011636733249,11.921867370605469,1116900,0.0,0.0
2021-11-23,11.976340662885134,12.085286754218597,11.750665662372061,12.007468223571777,1814000,0.0,0.0
2021-11-24,11.87517605558739,12.264270940170414,11.87517605558739,12.100851058959961,1008400,0.0,0.0
2021-11-25,12.186453124794848,12.373218513632086,11.929650529608725,12.077507019042969,1489900,0.0,0.0
2021-11-26,11.79735726252425,11.820702748751406,11.229279064112443,11.610591888427734,1487200,0.0,0.0
2021-11-29,11.688410888973092,11.774011497874874,11.377134530700083,11.57168197631836,1120400,0.0,0.0
2021-11-30,11.478300689029714,11.626156439160493,10.941350000287757,11.237061500549316,2329400,0.0,0.0
2021-12-01,11.112550720033266,11.50942771699794,10.871312284957245,10.96469497680664,2779800,0.0,0.0
2021-12-02,11.08920419290095,11.727319565113037,11.08142211710822,11.633936882019043,1894700,0.0,0.0
2021-12-03,11.641719527031631,12.124197117677719,11.58724647809825,11.859612464904785,1829500,0.0,0.0
2021-12-06,11.968559505183963,12.310962698999864,11.921867789502882,12.054160118103027,1462900,0.0,0.0
2021-12-07,12.233144012890154,12.287617062069364,11.960777282714844,11.960777282714844,1016100,0.0,0.0
2021-12-08,12.069724558952727,12.949078422333288,11.96077771452149,12.240925788879395,1882600,0.0,0.0
2021-12-09,12.217580889730156,12.279836020362334,11.984123778789643,12.209798812866211,1077500,0.0,0.0
2021-12-10,12.264272150458043,12.45103753537515,12.202017022152342,12.396564483642578,1064200,0.0,0.0
2021-12-13,12.404344781766909,13.205880048344078,12.404344781766909,12.871259689331055,1886700,0.0,0.0
2021-12-14,12.949077302173945,13.19031719963588,12.746747783792578,12.762311935424805,1582100,0.0,0.0
2021-12-15,12.754530455807263,12.9179510870262,12.4977278789883,12.536638259887695,1733000,0.0,0.0
2021-12-16,12.75452997494741,13.291481336881315,12.645583881095014,12.964641571044922,1503600,0.0,0.0
2021-12-17,12.995769929594163,13.081369796149392,12.342089653015137,12.342089653015137,2392900,0.0,0.0
2021-12-20,12.178669892184873,12.380999415292028,11.875176349663754,12.287616729736328,1415700,0.0,0.0
2021-12-21,12.419908937513544,12.489945394423573,11.976340999718648,12.085287094116211,762100,0.0,0.0
2021-12-22,12.31874467942297,12.373217728843883,11.929649772954425,12.061942100524902,1886100,0.0,0.0
2021-12-23,12.186450586888144,12.310960820182913,12.054158278477571,12.155323028564453,885800,0.0,0.0
2021-12-27,12.272053252647485,12.63780191686864,12.225361539055628,12.443254470825195,1673000,0.0,0.0
2021-12-28,12.472779535543923,12.721902320540476,12.381433775232635,12.638861656188965,836300,1.005553,0.0
2021-12-29,12.630556759875756,12.854767414246956,12.373128890991211,12.373128890991211,776000,0.0,0.0
2021-12-30,12.38143328489225,12.821551085157184,12.315000439265164,12.746814727783203,2335800,0.0,0.0
2022-01-03,12.688684063738037,12.90459118536334,12.414648406268196,12.456169128417969,1443300,0.0,0.0
2022-01-04,12.472778139511947,12.655468055802675,12.30669524551393,12.530906677246094,1268600,0.0,0.0
2022-01-05,12.447866797723776,12.647165345287414,11.974532549274631,11.991140365600586,960300,0.0,0.0
2022-01-06,11.991140502920452,12.14061481127594,11.708801286609695,11.899795532226562,1651800,0.0,0.0
2022-01-07,11.791841350226203,12.040964920768433,11.625759233845384,11.941315650939941,1206800,0.0,0.0
2022-01-10,11.833361257433246,12.099092625231377,11.71710338805059,11.849969863891602,865900,0.0,0.0
2022-01-11,11.758623896124933,12.065875982479556,11.758623896124933,11.816752433776855,916400,0.0,0.0
2022-01-12,11.833360397063585,12.33160746740091,11.825056094438189,12.29008674621582,883800,0.0,0.0
2022-01-13,12.29008897173674,12.414650365906027,12.157223273438294,12.240263938903809,710700,0.0,0.0
2022-01-14,12.240262818294896,12.580731336999921,11.891489996220978,12.547514915466309,1131000,0.0,0.0
2022-01-17,12.555819853563465,12.638861307566431,12.298392771649866,12.348217010498047,793400,0.0,0.0
2022-01-18,12.356519641371959,12.389736060087667,12.140612523748906,12.32330322265625,1079800,0.0,0.0
2022-01-19,12.331609087975497,12.514299018091318,12.198742604334003,12.281784057617188,982200,0.0,0.0
2022-01-20,12.231956894228048,12.472776908366255,12.05757129823862,12.306694030761719,1678200,0.0,0.0
2022-01-21,12.381432410475272,12.381432410475272,11.841665379889813,11.908098220825195,1682400,0.0,0.0
2022-01-24,11.8748816314946,11.949618774469613,11.36833023663815,11.808448791503906,1796000,0.0,0.0
2022-01-25,11.783536796393044,12.505995373218644,11.700496135935628,12.373128890991211,1228600,0.0,0.0
2022-01-26,12.505995097277083,12.638860784630884,12.132309361667058,12.207046508789062,1302900,0.0,0.0
2022-01-27,12.215350519333763,12.422953348831657,12.040964110877853,12.198741912841797,1302900,0.0,0.0
2022-01-28,12.148917657255435,12.4229533283863,12.099092629803485,12.256871223449707,1227700,0.0,0.0
2022-01-31,12.26517567458779,12.55581916374621,12.132309197094335,12.514298439025879,1167800,0.0,0.0
2022-02-01,12.530906450727457,12.66377212997054,12.306695023048318,12.398040771484375,1408800,0.0,0.0
2022-02-02,12.41464928758277,12.489386434369564,12.132309307251308,12.173830032348633,1260300,0.0,0.0
2022-02-03,12.173829791114127,12.248566936419943,11.683886986946618,11.791840553283691,2537300,0.0,0.0
2022-02-04,11.766928507169991,11.83336134963716,11.426459991540266,11.667279243469238,1496300,0.0,0.0
2022-02-07,11.634063211951247,11.675583937869568,11.310202500118715,11.49289321899414,1645500,0.0,0.0
2022-02-08,11.492892815808723,11.542717051609229,11.351722827804043,11.418155670166016,1094000,0.0,0.0
2022-02-09,11.393243174169122,11.800144518118252,11.343418148080161,11.592541694641113,985600,0.0,0.0
2022-02-10,11.484588198992776,11.75862386424009,11.46798038482666,11.46798038482666,954900,0.0,0.0
2022-02-11,11.526109181045065,11.79184054920317,11.326810654926486,11.384939193725586,1622900,0.0,0.0
2022-02-14,11.40985213394581,11.567630739119085,11.301898559864622,11.476284980773926,1015300,0.0,0.0
2022-02-15,11.526109239042011,11.899794175380137,11.484588514572897,11.825057029724121,922400,0.0,0.0
2022-02-16,11.858273615748152,12.1157014774815,11.833361497497169,11.92470645904541,1384400,0.0,0.0
2022-02-17,12.040964616852015,12.182134610198053,11.683887481689453,11.683887481689453,1211300,0.0,0.0
2022-02-18,11.692190691852982,11.941314232809722,11.692190691852982,11.83336067199707,899400,0.0,0.0
2022-02-21,11.825057102618112,11.825057102618112,11.243769332293096,11.293594360351562,1359600,0.0,0.0
2022-02-22,11.409851291336501,11.542716975180698,11.052774963990714,11.135815620422363,1629800,0.0,0.0
2022-02-23,11.177335618784054,11.542716225628789,11.169031316097564,11.268680572509766,833300,0.0,0.0
2022-02-24,11.044470731782546,11.052775035061691,10.463182965255454,11.01125431060791,2489800,0.0,0.0
2022-02-25,10.936517848029872,11.044471421575265,10.68739427768989,10.845172882080078,2129200,0.0,0.0
2022-03-02,10.86177940895909,10.919907944762606,10.645872287486172,10.745521545410156,1485200,0.0,0.0
2022-03-03,10.737219332458357,11.094295685197338,10.687394301502545,10.787043571472168,1656900,0.0,0.0
2022-03-04,10.787044245193076,10.787044245193076,10.031369973436842,10.089498519897461,3308500,0.0,0.0
2022-03-07,10.081193682733597,10.280492208930486,9.699204444885254,9.699204444885254,1688600,0.0,0.0
2022-03-08,9.823765330187102,9.940023193907992,9.541425369680587,9.807157516479492,1524000,0.0,0.0
2022-03-09,9.840374946594238,10.255580627177252,9.765637797378577,9.840374946594238,3184800,0.0,0.0
2022-03-10,10.164234511765638,10.42996667647785,9.798853874206543,9.798853874206543,6276600,0.0,0.0
2022-03-11,10.047977949648846,10.205755762371696,9.624467958527829,9.940024375915527,3036700,0.0,0.0
2022-03-14,10.03967214864187,10.33861991382362,9.848677149152673,9.95663070678711,1892000,0.0,0.0
2022-03-15,10.03338286417365,10.591747150464899,9.904529000179583,10.351221084594727,2391800,0.399347,0.0
2022-03-16,10.454303148332906,10.703419622877727,10.359810974963368,10.600337028503418,1561800,0.0,0.0
2022-03-17,10.523026239392784,10.617518424987793,10.325451446086563,10.617518424987793,1000800,0.0,0.0
2022-03-18,10.617518806835884,10.8666353225708,10.54020746269286,10.8666353225708,1447000,0.0,0.0
2022-03-21,10.900995143788798,10.978307299718058,10.471483894606411,10.694829940795898,1485400,0.0,0.0
2022-03-22,10.712009452656794,10.986896355816505,10.634697306336227,10.746370315551758,1169600,0.0,0.0
2022-03-23,10.703420362394192,10.806502963890642,10.56597689373226,10.694829940795898,1068700,0.0,0.0
2022-03-24,10.703420078432924,10.961126984950942,10.65187836943825,10.91817569732666,861700,0.0,0.0
2022-03-25,10.909584938114497,11.115750129253437,10.763551056250837,11.03843879699707,1358400,0.0,0.0
2022-03-28,11.072800429650014,11.072800429650014,10.76355180227973,10.935356140136719,1656100,0.0,0.0
2022-03-29,11.081390962826845,11.253196134341124,10.858045714468272,11.167293548583984,2890800,0.0,0.0
2022-03-30,11.09856955992922,11.493719899774165,10.978306128071155,11.253193855285645,2505700,0.0,0.0
2022-03-31,11.278964853325833,11.399228291104038,10.98689708959851,11.03843879699707,1339200,0.0,0.0
2022-04-01,11.158703017770044,11.33050736838769,10.797913471859108,10.926767349243164,2015500,0.0,0.0
2022-04-04,10.935354209747741,11.158700219149,10.866632486736208,11.0985689163208,890000,0.0,0.0
2022-04-05,11.064210144997437,11.115751037379095,10.626108463614777,10.669059753417969,1560400,0.0,0.0
2022-04-06,10.651878892732686,10.660469314525097,10.256728501786565,10.368401527404785,1383900,0.0,0.0
2022-04-07,10.342631988678107,10.45430502409409,10.230958953262123,10.26531982421875,1184600,0.0,0.0
2022-04-08,10.273908996458477,10.402762042057823,10.15364555313212,10.222367286682129,958200,0.0,0.0
2022-04-11,10.188007274929337,10.230958566809674,9.99902290142026,10.016202926635742,1194400,0.0,0.0
2022-04-12,10.15364533932396,10.299679224849573,9.801446257489602,9.84439754486084,1897300,0.0,0.0
2022-04-13,9.938890038302434,10.016202194187937,9.801446569718289,9.921710014343262,1602800,0.0,0.0
2022-04-14,9.878757091113522,10.359809970793089,9.801444948019702,10.299677848815918,2333900,0.0,0.0
2022-04-18,10.351221877183427,10.64328967486027,10.316861007999547,10.583157539367676,1865800,0.0,0.0
2022-04-19,10.583156022788055,10.995487213134766,10.548795158528131,10.995487213134766,1926600,0.0,0.0
2022-04-20,10.926766694037529,11.596804030882536,10.892405825974393,11.51090145111084,2271900,0.0,0.0
2022-04-22,11.32191824011575,11.493722597938822,11.175884331159187,11.382049560546875,1492100,0.0,0.0
2022-04-25,11.244603936481186,11.528081277801917,11.0126674830946,11.407817840576172,1396200,0.0,0.0
2022-04-26,11.34768807516683,11.510902001463284,11.07280111751901,11.227424621582031,1142200,0.0,0.0
2022-04-27,11.23601301392266,11.467949456957296,11.13293042342758,11.253193855285645,947300,0.0,0.0
2022-04-28,11.321916618156166,11.485130529899372,11.072800130193789,11.39063835144043,833400,0.0,0.0
2022-04-29,11.519492115687259,11.760018197197887,11.253195587393137,11.450770378112793,2312800,0.0,0.0
2022-05-02,11.51089995564848,11.553851239954223,10.823682683667014,11.08997917175293,1817800,0.0,0.0
2022-05-03,11.072799117112352,11.433588593458936,11.072799117112352,11.253193855285645,1015200,0.0,0.0
2022-05-04,11.236015623951056,11.648346900939941,11.107162560707664,11.648346900939941,1434600,0.0,0.0
2022-05-05,11.579624034681139,11.802970103050756,11.450770974821317,11.57103443145752,1538000,0.0,0.0
2022-05-06,11.56244136491193,11.854509107647226,11.158700613529161,11.278964042663574,2309300,0.0,0.0
2022-05-09,11.047029355603536,11.15011196010049,10.77214241027832,10.77214241027832,1322400,0.0,0.0
2022-05-10,11.218833410538165,11.467949885006627,10.832272657718452,11.270374298095703,3144000,0.0,0.0
2022-05-11,11.339096482458642,11.845919872725938,11.261784328793777,11.588212966918945,2334400,0.0,0.0
2022-05-12,11.571033176227427,12.318382644642748,11.519491466338097,12.266840934753418,1958900,0.0,0.0
2022-05-13,12.275432406588074,12.919699329577428,12.266841984333555,12.773665428161621,1923800,0.0,0.0
2022-05-16,12.773666287202984,12.842388031405232,12.498779310393994,12.533140182495117,1266200,0.0,0.0
2022-05-17,12.653401065835016,12.902518377964254,12.584679331188225,12.842386245727539,1305900,0.0,0.0
2022-05-18,12.89392855263927,12.988420737341716,12.369924277688948,12.661992073059082,1593100,0.0,0.0
2022-05-19,12.670582111886468,12.730713425857807,12.412875193222895,12.447236061096191,1084100,0.0,0.0
2022-05-20,12.52454735564624,12.56749864233534,12.009133553832362,12.146577835083008,1869000,0.0,0.0
2022-05-23,12.155167082147361,12.97123904773063,12.155167082147361,12.902517318725586,1958700,0.0,0.0
2022-05-24,12.704943688580977,12.928289751831949,12.515958495120328,12.773665428161621,1154800,0.0,0.0
2022-05-25,12.765073182734946,12.95405834920378,12.533137549583428,12.911107063293457,940000,0.0,0.0
2022-05-26,12.885338197883202,13.1086842565945,12.679172983331728,12.79943561553955,1192700,0.0,0.0
2022-05-27,12.83379518787181,12.919697761535645,12.619039572939883,12.919697761535645,1134200,0.0,0.0
2022-05-30,12.919697986840935,13.039961428222034,12.533138037067818,12.593269348144531,1246200,0.0,0.0
2022-05-31,12.636221692159902,13.005601649318765,12.619040848000077,12.79943561553955,1039800,0.0,0.0
2022-06-01,12.799435043609702,13.804491443672879,12.481596813904858,13.787310600280762,2278800,0.0,0.0
2022-06-02,13.838851966768036,13.959114583489335,13.460881636201464,13.675637245178223,2198800,0.0,0.0
2022-06-03,13.624096719716603,13.993477480560893,13.495243670850574,13.856032371520996,1480600,0.0,0.0
2022-06-06,13.93334464594535,13.959115911317891,13.529604652508109,13.821672439575195,1561600,0.0,0.0
2022-06-07,13.77013045482691,13.77013045482691,13.374979276074562,13.581145286560059,1193600,0.0,0.0
2022-06-08,13.460882145772597,14.208232414223506,13.340618705271007,13.864622116088867,2010100,0.0,0.0
2022-06-09,13.941936180429892,14.311316154639064,13.778723068744187,14.165282249450684,1822700,0.0,0.0
2022-06-10,14.01065543234672,14.13091968719256,13.709998072142652,13.838851928710938,1662300,0.0,0.0
2022-06-13,13.735769269482173,13.735769269482173,12.93687891952322,12.997010231018066,1800200,0.0,0.0
2022-06-14,13.03137115466055,13.203175487705222,12.902518109683964,13.100092887878418,1267500,0.0,0.0
2022-06-15,13.228946024650579,13.804491158764696,13.228946024650579,13.77013111114502,1737900,0.0,0.0
2022-06-17,13.546786141748496,13.57255658912158,13.108684440267332,13.478063583374023,1093000,0.0,0.0
2022-06-20,13.452293021851334,13.572556473951476,13.082913062651269,13.237537384033203,677500,0.0,0.0
2022-06-21,13.280487017639008,13.426520898664146,12.765073223523505,12.979828834533691,1060500,0.0,0.0
2022-06-22,12.790845429098752,13.400751442073739,12.790845429098752,13.246127128601074,1389800,0.0,0.0
2022-06-23,13.33202822109365,13.632685573613303,13.306256958902093,13.49524211883545,1684300,0.0,0.0
2022-06-24,13.624095501097129,14.096558003392245,13.486652042806396,13.838851928710938,1612600,0.0,0.0
2022-06-27,13.856031430970072,13.950524425003476,13.297667164815579,13.417930603027344,1095900,0.0,0.0
2022-06-28,13.589735011027406,13.933343666223328,13.383569817909851,13.555374145507812,1465500,0.0,0.0
2022-06-29,13.546785496089802,13.916165440819082,13.478062940990743,13.821672439575195,1426600,0.0,0.0
2022-06-30,13.624095152882784,13.735768164696694,13.340617822596558,13.49524211883545,1381000,0.0,0.0
2022-07-01,13.37498033718372,13.93334464594535,13.37498033718372,13.821672439575195,1612900,0.0,0.0
2022-07-04,13.744359191498944,13.898983494556154,13.555374023232092,13.581145286560059,1155900,0.0,0.0
2022-07-05,13.559260944152658,13.559260944152658,12.687282759082818,12.94887638092041,1879900,0.234902,0.0
2022-07-06,12.922717587231084,13.341267585754395,12.783201198251072,13.341267585754395,1268200,0.0,0.0
2022-07-07,13.489502890146277,13.8034147405261,13.445903814142165,13.576700210571289,1341000,0.0,0.0
2022-07-08,13.550541512964719,13.934211564078414,13.376146035185766,13.585420608520508,1197000,0.0,0.0
2022-07-11,13.437183845496468,13.646458412616818,13.070952937244249,13.166871070861816,968400,0.0,0.0
2022-07-12,13.166870667779472,13.56798065827242,13.0011943501937,13.480782508850098,1078900,0.0,0.0
2022-07-13,13.402304504041277,13.61157906730578,13.184309959411621,13.184309959411621,678400,0.0,0.0
2022-07-14,13.062232955718432,13.2191892968503,12.783200199557964,13.166871070861816,1388100,0.0,0.0
2022-07-15,13.227908539504934,13.428463113897093,12.826798559137455,13.32382583618164,1155600,0.0,0.0
2022-07-18,13.31510765799092,13.445904056780332,13.08839312394493,13.236629486083984,872600,0.0,0.0
2022-07-19,13.349987423262188,13.602861083443404,13.027354737763805,13.445904731750488,964100,0.0,0.0
2022-07-20,13.411024788401813,13.681337564163176,13.227909333512445,13.533102035522461,1207500,0.0,0.0
2022-07-21,13.419744769963975,13.585420261729016,13.323826635946604,13.533102035522461,1272200,0.0,0.0
2022-07-22,13.454623396656675,13.73365614427501,13.384865209752093,13.480782508850098,991200,0.0,0.0
2022-07-25,13.533101146241842,13.602859330988807,13.149430298550373,13.472062110900879,1048500,0.0,0.0
2022-07-26,13.47206328895047,13.67261871132271,13.297667811833238,13.541821479797363,916300,0.0,0.0
2022-07-27,13.59413959910844,13.98653043497952,13.515661431934223,13.864452362060547,1191700,0.0,0.0
2022-07-28,13.820855447892447,13.942931869378615,13.498222767036353,13.506942749023438,933100,0.0,0.0
2022-07-29,13.52438303293115,13.681338554495351,13.43718487416405,13.663899421691895,1240700,0.0,0.0
2022-08-01,13.6638999062217,13.890614461788974,13.550542628438063,13.847015380859375,1404400,0.0,0.0
2022-08-02,13.803415073897797,14.204525917556435,13.69877778791072,13.733656883239746,1801500,0.0,0.0
2022-08-03,13.759815705060726,14.047569274902344,13.489502929888626,14.047569274902344,1287000,0.0,0.0
2022-08-04,14.073728615362763,14.63179583395224,14.056290314130706,14.570755958557129,2040600,0.0,0.0
2022-08-05,14.605635018086577,14.867227815830503,14.58819505472593,14.762591361999512,1365300,0.0,0.0
2022-08-08,14.910828396318976,15.093943030360098,14.718992117037965,14.971866607666016,1388000,0.0,0.0
2022-08-09,15.02418610593553,15.599691666054747,15.02418610593553,15.495055198669434,2637100,0.0,0.0
2022-08-10,15.64328658530578,16.244950238580753,15.529928508138404,16.218791961669922,2834700,0.0,0.0
2022-08-11,15.939762221072064,16.12287684620347,14.849789462433378,15.041624069213867,3147500,0.0,0.0
2022-08-12,15.102660179138184,15.268336481117823,14.875945677262415,15.102660179138184,1903300,0.0,0.0
2022-08-15,14.980585932216677,15.076504067647177,14.326602273917345,14.657953262329102,2572100,0.0,0.0
2022-08-16,14.657951610480314,14.718989812269708,14.230682534788299,14.448677062988281,2541400,0.0,0.0
2022-08-17,14.326601484017283,14.431237932202812,13.89061240252274,14.056288719177246,1689500,0.0,0.0
2022-08-18,14.021408463445246,14.065006705299279,13.53310116938155,13.794693946838379,1633400,0.0,0.0
2022-08-19,13.724937478710894,13.724937478710894,13.254069256175171,13.315108299255371,1172900,0.0,0.0
2022-08-22,13.210470204211116,13.559262004463898,13.175591107344164,13.445904731750488,1656400,0.0,0.0
2022-08-23,13.541820483951469,13.698776817606252,13.323825945690123,13.41102409362793,1197300,0.0,0.0
2022-08-24,13.428462515806748,13.428462515806748,13.158149768310414,13.288946151733398,1309100,0.0,0.0
2022-08-25,13.3412661758719,13.463342587536944,13.123271633232108,13.201749801635742,1129400,0.0,0.0
2022-08-26,13.210468923875938,13.332546166870392,12.90527706376458,12.966315269470215,889600,0.0,0.0
2022-08-29,12.913997286780944,13.131991833048405,12.844238266918813,12.94887638092041,886000,0.0,0.0
2022-08-30,12.99247340836872,13.079671551344264,12.242572538794906,12.364649772644043,3401200,0.0,0.0
2022-08-31,12.434410365355227,12.434410365355227,11.797865794010747,11.858904838562012,3297400,0.0,0.0
2022-09-01,11.858903106202227,12.04201854993978,11.623468607861161,11.885062217712402,4097300,0.0,0.0
2022-09-02,11.998420157623952,12.225134687806497,11.771705627441406,11.771705627441406,2775200,0.0,0.0
2022-09-05,11.850184079996229,11.893783157081613,11.466513199544728,11.562431335449219,2039200,0.0,0.0
2022-09-06,11.466513728993748,11.518832790228608,11.170041820607098,11.318277359008789,2179800,0.0,0.0
2022-09-08,11.396754332698286,11.440353407197037,11.06540253072423,11.353156089782715,3265400,0.0,0.0
2022-09-09,11.483953670345318,11.510112785118904,11.24851914263326,11.4229154586792,1671100,0.0,0.0
2022-09-12,11.536271090864265,11.597310129833037,11.16132103346024,11.213639259338379,3474000,0.0,0.0
2022-09-13,11.109002131112472,11.204920265867033,10.925886674815752,11.021804809570312,2183800,0.0,0.0
2022-09-14,11.039243281278766,11.135161410298988,10.795089631340618,11.030523300170898,2020800,0.0,0.0
2022-09-15,11.03052315982705,11.431633138270751,11.021804010413286,11.239798545837402,2457400,0.0,0.0
2022-09-16,11.170041100341596,11.187480231906529,10.838689284775723,11.06540298461914,2643700,0.0,0.0
2022-09-19,10.960765633011674,11.196200144563175,10.6642929139838,11.126441955566406,2173600,0.0,0.0
2022-09-20,11.152601293888848,11.370595846804255,11.082843103482576,11.196200370788574,2003200,0.0,0.0
2022-09-21,11.231079927162105,11.292118138378136,10.99564540118611,11.01308536529541,1320600,0.0,0.0
2022-09-22,11.152601123504517,11.544991146440848,11.074122952600609,11.49267292022705,1927100,0.0,0.0
2022-09-23,11.361874921876115,11.579869456694215,11.274677606898768,11.518831253051758,1747500,0.0,0.0
2022-09-26,11.431634524919499,11.46651362155484,10.986926250714719,11.01308536529541,1092800,0.0,0.0
2022-09-27,11.231079607361165,11.257238721196984,11.047964147343958,11.09156322479248,2670800,0.0,0.0
2022-09-28,11.091562525743209,11.213638937005285,10.96948528289795,10.96948528289795,1582700,0.0,0.0
2022-09-29,10.803811827149364,11.109003744238324,10.7602127442557,10.864850044250488,2338800,0.0,0.0
2022-09-30,10.821249728494944,11.109002478592856,10.795090614372382,11.07412338256836,1896700,0.0,0.0
2022-10-03,11.344437831045513,11.980981587993892,11.32699786596475,11.780426979064941,2735300,0.0,0.0
2022-10-04,11.982514791591145,12.035613456109928,11.513480104902893,11.61967658996582,2246500,0.198358,0.0
2022-10-05,11.672775196147507,11.725873864240102,11.2125903965687,11.221440315246582,2194700,0.0,0.0
2022-10-06,11.247988725174308,11.619676853305531,11.132942319421817,11.522330284118652,2072300,0.0,0.0
2022-10-07,11.531179677414729,11.56657850755053,11.106393715785103,11.159491539001465,2093100,0.0,0.0
2022-10-10,11.212590041946195,11.239138953165478,11.000197064242597,11.035595893859863,1289500,0.0,0.0
2022-10-11,11.000197150143842,11.053294972997051,10.796653245274069,10.929399490356445,1981000,0.0,0.0
2022-10-13,10.885150750240076,11.752422505279892,10.814353090399056,11.540029525756836,2649200,0.0,0.0
2022-10-14,11.619678252657875,11.646227166728904,11.247990079764419,11.27453899383545,1019200,0.0,0.0
2022-10-17,11.371886066425828,11.840920805699131,11.309937476879544,11.58427906036377,1513600,0.0,0.0
2022-10-18,11.72587386738515,11.796671528877802,11.433833302734289,11.663926124572754,1426500,0.0,0.0
2022-10-19,11.743573963675189,11.814371626728832,11.548879968290317,11.734724044799805,820300,0.0,0.0
2022-10-20,11.805521800316745,11.885169382869588,11.513481226939472,11.628527641296387,1434600,0.0,0.0
2022-10-21,11.584278787472146,11.93826710236312,11.566578949740238,11.902868270874023,1456400,0.0,0.0
2022-10-24,11.876319103276913,12.451550313618727,11.832070353871844,12.274556159973145,2384200,0.0,0.0
2022-10-25,12.363053402909014,12.814388274370435,12.212608164430314,12.42500114440918,1981400,0.0,0.0
2022-10-26,12.327654388471226,12.327654388471226,11.97366524982801,12.026763916015625,1380600,0.0,0.0
2022-10-27,12.062163769617147,12.46040084592514,12.017915018032983,12.309955596923828,1214600,0.0,0.0
2022-10-28,12.221458853418858,12.681643672385189,12.212608934368129,12.469250679016113,1338800,0.0,0.0
2022-10-31,12.124110595310777,12.814388198122135,12.124110595310777,12.584296226501465,1860100,0.0,0.0
2022-11-01,12.761290363289021,12.832088022793355,12.442700895519517,12.531197547912598,1251600,0.0,0.0
2022-11-03,12.460400581359863,12.610845827166848,12.186059846517516,12.460400581359863,1553900,0.0,0.0
2022-11-04,12.672793031748895,12.752440610720871,12.159509571679157,12.265706062316895,2086200,0.0,0.0
2022-11-07,12.256857423509791,12.433851580865316,12.088712341041004,12.345354080200195,1362600,0.0,0.0
2022-11-08,12.292254342149427,12.292254342149427,11.973664064511476,12.177207946777344,1705500,0.0,0.0
2022-11-09,12.115260649872981,12.540047450331226,12.07101274572028,12.088711738586426,1557300,0.0,0.0
2022-11-10,11.50463195071115,11.50463195071115,10.663909015415674,10.947099685668945,7838600,0.0,0.0
2022-11-11,11.177192559411495,11.823221488780105,10.814354301111342,11.778973579406738,2238200,0.0,0.0
2022-11-14,11.84976993996091,12.407302145103586,11.796671273005792,12.203758239746094,2328200,0.0,0.0
2022-11-16,12.132960413828517,12.469249716011854,12.044462918105394,12.248006820678711,2267400,0.0,0.0
2022-11-17,12.01791365273472,12.097561227742881,11.655075450119439,12.062162399291992,2599800,0.0,0.0
2022-11-18,12.159509745795727,12.478100066245638,11.823220431973432,11.832070350646973,1446700,0.0,0.0
2022-11-21,11.849768982452625,12.203757253634155,11.761271492669938,11.814370155334473,1146200,0.0,0.0
2022-11-22,11.82322017317577,12.442700963168736,11.82322017317577,12.150659561157227,2353300,0.0,0.0
2022-11-23,12.088711593245398,12.699342453317337,11.98251510540129,12.575446128845215,1952100,0.0,0.0
2022-11-24,12.681642533261087,12.761290109613858,12.460399640714348,12.513498306274414,1339700,0.0,0.0
2022-11-25,12.486949324684952,12.876337312303487,12.42500158100802,12.50464916229248,1531700,0.0,0.0
2022-11-28,12.433851496146175,12.433851496146175,11.292238134013129,11.56657886505127,3622300,0.0,0.0
2022-11-29,11.637376886860887,11.72587438965573,11.416133973848515,11.58427906036377,1935800,0.0,0.0
2022-11-30,11.566578008564733,11.85861855558005,11.486930433201527,11.681624412536621,1271700,0.0,0.0
2022-12-01,11.51348214405458,12.159511086932495,11.478083309430787,11.796672821044922,1615000,0.0,0.0
2022-12-02,11.858619783258167,12.062163701811226,11.637376870555778,11.752423286437988,1547400,0.0,0.0
2022-12-05,11.68162403986961,11.787820522307788,11.247988192253395,11.327635765075684,797400,0.0,0.0
2022-12-06,11.283387019732789,11.51347982033615,11.106392882335825,11.327635765075684,1736500,0.0,0.0
2022-12-07,11.274538388403508,11.371885808061089,11.070995318164417,11.239139556884766,852100,0.0,0.0
2022-12-08,11.159491026423565,11.345335087094004,10.982496883874251,11.07099437713623,1129400,0.0,0.0
2022-12-09,11.009046643202817,11.318787049530089,10.973647811963248,11.124093055725098,945300,0.0,0.0
2022-12-12,11.07099603185929,11.265689195775966,10.770105522565627,11.000198364257812,1547600,0.0,0.0
2022-12-13,11.026746931415618,11.292238598549009,10.761255264282227,10.761255264282227,904000,0.0,0.0
2022-12-14,10.690455960538575,10.752403697251793,10.424964334093241,10.663907051086426,1598800,0.0,0.0
2022-12-15,10.584260602877956,10.832052420022674,10.566560765380267,10.672758102416992,1239400,0.0,0.0
2022-12-16,10.637359251529872,11.026746392030063,10.637359251529872,11.00904655456543,1279300,0.0,0.0
2022-12-19,11.044446192038766,11.177192450793175,10.840903110180008,10.885151863098145,1390100,0.0,0.0
2022-12-20,10.867452024340984,11.194891445575571,10.761255523722314,10.885151863098145,1242400,0.0,0.0
2022-12-21,10.920549647345558,11.079844804955197,10.717005741069386,10.77010440826416,864600,0.0,0.0
2022-12-22,10.778955025680453,10.849752690547422,10.469214608906404,10.699307441711426,1390900,0.0,0.0
2022-12-23,10.584260582703209,10.770104656201186,10.504613002064835,10.566560745239258,1702300,0.0,0.0
2022-12-26,10.540011321740053,10.805502962997856,10.221421858615486,10.646207809448242,1135400,0.0,0.0
2022-12-27,10.6993075477949,10.6993075477949,10.301070467975993,10.371868133544922,1653500,0.0,0.0
2022-12-28,10.424964904785156,10.513462399769741,10.29221950628294,10.424964904785156,1142400,0.0,0.0
2022-12-29,10.460364621750472,10.522313211087093,10.256821547575843,10.416116714477539,1336500,0.0,0.0
2023-01-02,10.29221966369661,10.318768575008171,9.991329188916666,10.159473419189453,962900,0.0,0.0
2023-01-03,10.124074605767161,10.221422020690914,9.778936226236544,10.044427871704102,1546300,0.0,0.0
2023-01-04,10.070978622950928,10.115227379275217,9.832035845184665,9.929383277893066,1643300,0.0,0.0
2023-01-05,9.973629576634119,10.017877478080537,9.478045147072798,9.902831077575684,2722200,0.0,0.0
2023-01-06,9.902832989958876,10.070978086235199,9.743538657245518,9.955931663513184,2041300,0.0,0.0
2023-01-09,9.885132619891495,10.159473337170407,9.65503980644974,10.097525596618652,2007100,0.0,0.0
2023-01-10,10.062126945678054,10.168323435925682,9.8585838836971,10.106375694274902,1833500,0.0,0.0
2023-01-11,10.097526023908848,10.371867596771555,9.991329531051424,10.345317840576172,1705600,0.0,0.0
2023-01-12,10.301069329539631,10.327618240200206,9.885132457308936,9.97362995147705,2559100,0.0,0.0
2023-01-13,9.911681599188212,9.938230510468115,9.504594635672774,9.548843383789062,3208800,0.0,0.0
2023-01-16,9.495744237369486,9.495744237369486,9.02670955657959,9.02670955657959,2430700,0.0,0.0
2023-01-17,9.070958073017524,10.247970126193536,9.070958073017524,10.000178337097168,3085100,0.0,0.0
2023-01-18,9.947081589473424,9.947081589473424,9.699289752675357,9.778937339782715,3270600,0.0,0.0
2023-01-19,9.699289416196814,9.716988410509579,9.380699922794362,9.593092918395996,3298800,0.0,0.0
2023-01-20,9.58424162969852,9.947079822996722,9.575391711819387,9.902831077575684,1383300,0.0,0.0
2023-01-23,9.911681438482505,10.070976591528499,9.778936040260618,9.814334869384766,1301700,0.0,0.0
2023-01-24,9.840883340371002,9.991328568417762,9.805484512829095,9.902831077575684,1125700,0.0,0.0
2023-01-25,9.86743262088545,10.026727772798196,9.79663496314082,9.97362995147705,2346800,0.0,0.0
2023-01-26,9.982478769663352,10.274519311362772,9.947079941699018,10.239120483398438,920600,0.0,0.0
2023-01-27,10.292220036385865,10.363017698430117,10.150624712297361,10.23027229309082,1099800,0.0,0.0
2023-01-30,10.256821205588034,10.301069955360335,9.982479632179531,10.009029388427734,1231000,0.0,0.0
2023-01-31,9.973629951402687,10.283369493039475,9.84973362836318,10.14177417755127,1754200,0.0,0.0
2023-02-01,10.132925909648968,10.186024583592342,9.920532901825055,10.017879486083984,1275500,0.0,0.0
2023-02-02,9.947081816809346,10.212573498576633,9.938231897156319,10.017879486083984,1139100,0.0,0.0
2023-02-03,9.982479170090821,10.01787799947511,9.610791039568454,9.65503978729248,1474300,0.0,0.0
2023-02-06,9.690439143459361,10.000179550390706,9.513444986916324,9.84973430633545,1860800,0.0,0.0
2023-02-07,9.84088353301148,10.1594729871252,9.82318454088137,9.9647798538208,1303600,0.0,0.0
2023-02-08,10.017877756698967,10.070976421475924,9.752386964738111,9.858583450317383,1312400,0.0,0.0
2023-02-09,9.858583450317383,10.026727674824233,9.787785793264536,9.858583450317383,1045400,0.0,0.0
2023-02-10,9.770086464254232,10.283369926523184,9.743537552474718,10.168323516845703,1355000,0.0,0.0
2023-02-13,10.132925547085941,10.43381605272448,10.070977799680863,10.327619552612305,1805000,0.0,0.0
2023-02-14,10.389566949026122,10.55771203483768,10.124075285727425,10.363018035888672,1773900,0.0,0.0
2023-02-15,10.363018944559132,10.380717940211106,9.973631756492841,10.079828262329102,1431200,0.0,0.0
2023-02-16,10.053277542996376,10.3453181171556,9.991329798167065,10.026728630065918,814400,0.0,0.0
2023-02-17,10.035577147886954,10.132923711023786,9.9470796585083,9.9470796585083,930800,0.0,0.0
2023-02-22,9.947080449250661,10.097525686769238,9.805485130168394,9.823184967041016,1300300,0.0,0.0
2023-02-23,9.840882369981045,9.920529935090103,9.690437156769391,9.734685897827148,1130000,0.0,0.0
2023-02-24,9.725837361718588,9.840883767213512,9.672739540089951,9.761236190795898,1079000,0.0,0.0
2023-02-27,9.761236727515838,9.902832051610675,9.708138902967626,9.787786483764648,726400,0.0,0.0
2023-02-28,9.78778588890373,10.203721917159774,9.78778588890373,9.97362995147705,1558700,0.0,0.0
2023-03-01,9.964778676147862,10.283368092609553,9.69928707377585,9.734685897827148,1828600,0.0,0.0
2023-03-02,9.734687545030981,9.743537463534933,9.566543313329307,9.66388988494873,857100,0.0,0.0
2023-03-03,9.655038950326666,10.017877131055963,9.62849004158356,9.93822956085205,974200,0.0,0.0
2023-03-06,10.000180066066742,10.19487407029116,9.929382399798728,9.99133014678955,829000,0.0,0.0
2023-03-07,9.991329550928931,10.044428219450634,9.823185314563833,10.009029388427734,1047700,0.0,0.0
2023-03-08,10.000179878095489,10.34531828367088,9.973630964737707,10.203722953796387,1318600,0.0,0.0
2023-03-09,10.212572779891406,10.531162269207309,10.12407527753851,10.309919357299805,1821000,0.0,0.0
2023-03-10,10.336467989729755,10.380715892117072,10.088675347692655,10.186022758483887,1138900,0.0,0.0
2023-03-13,10.132924785298535,10.177173534679035,9.973630469093308,10.115225791931152,955900,0.0,0.0
2023-03-14,10.177175131744324,10.239122884213431,9.902833517713596,9.929383277893066,1471500,0.0,0.0
2023-03-15,9.832034389563256,9.858584145812067,9.663890153194314,9.787786483764648,1705700,0.0,0.0
2023-03-16,9.75238782173499,9.86743339157458,9.65504040175188,9.743537902832031,2104300,0.0,0.0
2023-03-17,9.734687210414469,9.83203377868774,9.548843148093026,9.752387046813965,1478100,0.0,0.0
2023-03-20,9.752387033375765,9.858583519702451,9.601941800085966,9.699288368225098,1355000,0.0,0.0
2023-03-21,9.522294196805364,9.708138258333198,9.221403731096046,9.424946784973145,3217300,0.0,0.0
2023-03-22,9.770085539520379,10.619658231825394,9.716986877012424,10.000178337097168,4856600,0.0,0.0
2023-03-23,10.088675347692655,10.522312049270262,9.991328780876064,10.186022758483887,4216000,0.0,0.0
2023-03-24,10.114485920283574,10.823317567708795,10.114485920283574,10.687004089355469,2992400,0.30128,0.0
2023-03-27,10.750617004737386,11.195908628209358,10.750617004737386,10.9232816696167,1814200,0.0,0.0
2023-03-28,10.914193521941407,11.095945110706722,10.777879180372468,10.832405090332031,1169200,0.0,0.0
2023-03-29,10.832404991225662,10.859667512626048,10.67791592552359,10.768792152404785,1121500,0.0,0.0
2023-03-30,10.859667825851474,11.286784717856532,10.85058002956925,10.99598217010498,1364300,0.0,0.0
2023-03-31,11.014156542729324,11.204995925235076,10.7960546389113,10.905105590820312,2220200,0.0,0.0
2023-04-03,10.886930927234586,10.941456841168817,10.587040567246321,10.805143356323242,3827500,0.0,0.0
2023-04-04,10.896018470685823,11.159558504144396,10.805143105121475,11.050507545471191,1155700,0.0,0.0
2023-04-05,11.06868306938008,11.141383708041035,10.905106199062944,11.086857795715332,1394500,0.0,0.0
2023-04-06,11.1322948906595,11.177733002320702,10.696091098695714,10.714265823364258,1431800,0.0,0.0
2023-04-10,10.832405059027703,10.941456011971747,10.65974040020468,10.732441902160645,1910400,0.0,0.0
2023-04-11,10.7597039324039,11.323134263549793,10.7597039324039,11.123207092285156,2506600,0.0,0.0
2023-04-12,11.15047133833384,11.268609224401992,10.950544151666268,11.059595108032227,1688800,0.0,0.0
2023-04-13,11.08685687310626,11.186820892941402,10.896017495837238,10.950543403625488,1102300,0.0,0.0
2023-04-14,10.923281651220005,10.986894492563161,10.796055101873728,10.886930465698242,809300,0.0,0.0
2023-04-17,10.877842714736138,10.896017439464924,10.668827747065771,10.814229011535645,1335700,0.0,0.0
2023-04-18,10.868755752541876,10.932368593960796,10.6324782463288,10.650653839111328,967300,0.0,0.0
2023-04-19,10.587040015774983,10.723354360180043,10.496164652831567,10.550689697265625,1219800,0.0,0.0
2023-04-20,10.532513981040962,10.65973965053158,10.405287444890469,10.450725555419922,1447900,0.0,0.0
2023-04-24,10.450726954851488,10.450726954851488,10.005435318686649,10.05996036529541,1826600,0.0,0.0
2023-04-25,10.04178475308367,10.096309794883991,9.905470415263038,10.023609161376953,1030200,0.0,0.0
2023-04-26,10.087223866421606,10.241712944615559,10.00543542894716,10.159924507141113,945800,0.0,0.0
2023-04-27,10.178099327536055,10.305325883294508,10.123574279825293,10.22353744506836,599100,0.0,0.0
2023-04-28,10.20536124838079,10.405288433713704,10.059959974196836,10.314413070678711,1830000,0.0,0.0
2023-05-02,10.18718570971716,10.432550123662734,10.169010118564213,10.241711616516113,839400,0.0,0.0
2023-05-03,10.205360754194695,10.587039513775075,10.087222874635929,10.468901634216309,1146700,0.0,0.0
2023-05-04,10.541601982654383,10.614302614259456,10.169010162353516,10.169010162353516,1153800,0.0,0.0
2023-05-05,10.159923225605256,10.841492296374986,10.132659838779347,10.750616073608398,2545300,0.0,0.0
2023-05-08,10.777879180372468,11.050506996850409,10.768792250929154,10.832405090332031,982200,0.0,0.0
2023-05-09,10.677916982872782,10.677916982872782,9.387479286673653,9.641931533813477,10396800,0.0,0.0
2023-05-10,9.723720383909882,10.13266172934038,9.596494688290644,10.069048881530762,3425400,0.0,0.0
2023-05-11,9.996347738123319,10.723355019682472,9.959997417378363,10.596128463745117,5875100,0.0,0.0
2023-05-12,10.614303520206237,10.796055114731693,10.505252563490963,10.650653839111328,1754500,0.0,0.0
2023-05-15,10.668829236262342,10.796055793762207,10.632478915070955,10.796055793762207,1097900,0.0,0.0
2023-05-16,10.786967249037245,10.959631912722081,10.687004089355469,10.687004089355469,1032500,0.0,0.0
2023-05-17,10.814229430955285,10.896017862056649,10.714266274420245,10.868755340576172,712800,0.0,0.0
2023-05-18,10.886931256150223,11.032333408814388,10.832406207228685,10.859668731689453,1431400,0.0,0.0
2023-05-19,10.896017135047778,11.195907451303412,10.86875461538632,11.032331466674805,1944400,0.0,0.0
2023-05-22,10.977805180975519,11.32313359582877,10.905104553286398,11.250432968139648,1167300,0.0,0.0
2023-05-23,11.159556813489502,11.441272397377476,11.159556813489502,11.214082717895508,1012100,0.0,0.0
2023-05-24,11.204996857716528,11.332223412194818,10.995982732495051,11.041419982910156,1064600,0.0,0.0
2023-05-25,11.25043503943368,11.613938244803103,11.105033757285913,11.277697563171387,1447200,0.0,0.0
2023-05-26,11.3685737325229,11.432186576432047,10.877843974763783,11.041419982910156,4437300,0.0,0.0
2023-05-29,11.068683373151217,11.323135615447796,10.905106498344844,11.041419982910156,3712800,0.0,0.0
2023-05-30,11.068682369648377,11.43218553997348,10.923281101518336,11.350397109985352,1558800,0.0,0.0
2023-05-31,11.423097795137725,11.850214672174848,11.22317148389475,11.72298812866211,2805800,0.0,0.0
2023-06-01,11.795689154339188,11.941091294602712,11.477624084996362,11.67755126953125,2847400,0.0,0.0
2023-06-02,11.677550849460605,11.995615907361836,11.54123651036586,11.623024940490723,2274600,0.0,0.0
2023-06-05,11.586674690246582,11.732075959458598,11.386747511750096,11.586674690246582,1251200,0.0,0.0
2023-06-06,11.586674673436983,12.231893454624185,11.523061834913996,11.99561595916748,4283400,0.0,0.0
2023-06-07,12.059230669293425,12.322770707984676,11.777515037132433,11.85930347442627,1535500,0.0,0.0
2023-06-09,11.986529470729764,12.07740570709855,11.777515340405584,11.813865661621094,1098800,0.0,0.0
2023-06-12,11.877477329919245,11.877477329919245,11.486711632245882,11.650287628173828,1081800,0.0,0.0
2023-06-13,11.63211300742475,11.63211300742475,11.377660781843755,11.47762393951416,1147600,0.0,0.0
2023-06-14,11.577587367740222,11.86839078471706,11.441273888944176,11.841127395629883,1382000,0.0,0.0
2023-06-15,11.83204060375943,11.895653445717285,11.677551530438947,11.768426895141602,878800,0.0,0.0
2023-06-16,11.70481398479886,11.886565579802266,11.677551462213343,11.804777145385742,1252900,0.0,0.0
2023-06-19,11.795688583370357,12.086491983161151,11.759338266728996,11.868390083312988,1242400,0.0,0.0
2023-06-20,11.822953084539467,12.122843441744603,11.804777491176734,11.89565372467041,1725200,0.0,0.0
2023-06-21,11.886565883369853,12.10466780294398,11.804777446864557,12.031967163085938,2570700,0.0,0.0
2023-06-22,11.95926645490073,11.986528978026739,11.67755169372534,11.795689582824707,902600,0.0,0.0
2023-06-23,11.677552173727936,11.959266946483135,11.677552173727936,11.813865661621094,1283700,0.0,0.0
2023-06-26,11.850214132679888,11.850214132679888,11.304958532917178,11.368572235107422,1594200,0.0,0.0
2023-06-27,11.395835773492259,11.523062322582525,10.750616964998695,11.059595108032227,2213400,0.0,0.0
2023-06-28,11.05959548168563,11.277697401786218,10.886930811611002,10.97780704498291,969500,0.0,0.0
2023-06-29,10.97780724832055,11.195909172460956,10.932369130792964,11.14138412475586,1156700,0.0,0.0
2023-06-30,11.195908045932203,11.459448061082883,11.077769298911566,11.350397109985352,2346400,0.0,0.0
2023-07-03,11.368572474469063,11.377660270210422,10.868754975273063,10.950543403625488,3043400,0.0,0.0
2023-07-04,10.95054456707014,10.959632363777034,10.732442646064625,10.841493606567383,1151600,0.0,0.0
2023-07-05,10.84149245470889,11.023244036236553,10.796054342661998,10.950543403625488,1344100,0.0,0.0
2023-07-06,10.941457171731788,10.95963276581232,10.76879336126688,10.859668731689453,1302600,0.0,0.0
2023-07-07,10.868756178016762,11.177734334135465,10.832405857688679,11.041419982910156,1121100,0.0,0.0
2023-07-10,11.014157225913458,11.177734097253255,10.914194063794682,11.050507545471191,1085600,0.0,0.0
2023-07-11,11.068681461692625,11.295871141174592,10.805141468159936,11.214082717895508,1663500,0.0,0.0
2023-07-12,11.29587230019369,11.541236728546842,11.123207640741526,11.341309547424316,2038600,0.0,0.0
2023-07-13,11.341308552072261,11.623024140141494,11.277695718204313,11.414010047912598,797300,0.0,0.0
2023-07-14,11.686637635133934,12.422732630552671,11.677550705967214,12.104666709899902,5095400,0.0,0.0
2023-07-17,12.17736785155292,12.17736785155292,11.759338759335792,11.950178146362305,1931800,0.0,0.0
2023-07-18,11.995616748092676,12.295507101795494,11.877477992594597,12.240982055664062,1238200,0.0,0.0
2023-07-19,12.26824501626525,12.504522535688022,12.122843732515857,12.395471572875977,1611000,0.0,0.0
2023-07-20,12.495433152963585,12.577221581357659,12.359119683413399,12.449995040893555,1411400,0.0,0.0
2023-07-21,12.404558574068409,12.531785131406862,12.304595407583923,12.359121322631836,1253900,0.0,0.0
2023-07-24,12.26824400537627,12.549959619422692,12.259156209225752,12.4318208694458,1526500,0.0,0.0
2023-07-25,12.522695841255231,12.686272700234126,12.449995207633483,12.47725772857666,1424100,0.0,0.0
2023-07-26,12.4590836255104,12.613572696334334,12.313682351007865,12.422733306884766,949600,0.0,0.0
2023-07-27,12.395470232070744,12.649922451108349,12.395470232070744,12.44090747833252,745100,0.0,0.0
2023-07-28,12.568134862803367,12.568134862803367,12.386383265605556,12.549960136413574,629100,0.0,0.0
2023-07-31,12.568134793707868,12.731711663616595,12.522696677993224,12.586310386657715,1495300,0.0,0.0
2023-08-01,12.586310715071614,12.640835762023926,12.422733840894685,12.640835762023926,817100,0.0,0.0
2023-08-02,12.640834661272645,13.222440600298288,12.631746865351952,12.886199951171875,2248400,0.0,0.0
2023-08-03,12.977076684780554,13.331492963284019,12.90437604303523,13.27696704864502,1615200,0.0,0.0
2023-08-04,13.167916016169881,13.585945137317815,13.167916016169881,13.31331729888916,1825300,0.0,0.0
2023-08-07,13.295141421967875,13.295141421967875,13.0225136071191,13.186090469360352,991200,0.0,0.0
2023-08-08,13.058864291449993,13.258791476842603,12.868024902361581,13.104302406311035,885100,0.0,0.0
2023-08-09,13.11338928411118,13.222440232143427,13.049775581097448,13.204264640808105,1413900,0.0,0.0
2023-08-10,13.067952048761748,13.304229552006193,12.913462978691149,13.240615844726562,1620200,0.0,0.0
2023-08-11,13.231528532318395,13.558681388889205,13.104301988099781,13.495068550109863,1535800,0.0,0.0
2023-08-14,13.376930361121385,13.667732912452296,13.349666971939138,13.540506362915039,1321400,0.0,0.0
2023-08-15,13.585944984484614,14.085762538204516,13.449631500133732,13.931273460388184,2106300,0.0,0.0
2023-08-16,13.967623174627969,14.185725086790315,13.867660014885217,14.022149085998535,1819300,0.0,0.0
2023-08-17,14.040323696011528,14.040323696011528,13.331492054010429,13.413280487060547,1816900,0.0,0.0
2023-08-18,13.413280239264665,13.440542760891075,12.958900834411471,13.149740219116211,3026500,0.0,0.0
2023-08-21,13.186091171275345,13.295142129687813,12.958901457917714,13.158827781677246,1347400,0.0,0.0
2023-08-22,13.177002704664739,13.467805245643403,13.077039547868306,13.286053657531738,2094500,0.0,0.0
2023-08-23,13.35875504227669,13.449631274761149,13.195179037128636,13.395105361938477,1387600,0.0,0.0
2023-08-24,13.395105059527245,13.649558158075143,13.322404421844977,13.440543174743652,1314400,0.0,0.0
2023-08-25,13.449631490292326,13.449631490292326,12.940726140212076,13.013426780700684,783100,0.0,0.0
2023-08-28,12.99525175122499,13.131565232301135,12.958901431827352,13.05886459350586,891000,0.0,0.0
2023-08-29,13.149740384829345,13.240615746949233,12.886200361359755,13.177002906799316,761300,0.0,0.0
2023-08-30,13.22244087171812,13.30422930336342,12.967988647334924,12.977075576782227,589600,0.0,0.0
2023-08-31,12.97707505043559,12.97707505043559,12.47725755138896,12.622659683227539,1689400,0.0,0.0
2023-09-01,12.622659870862176,12.96798831412476,12.622659870862176,12.922550201416016,2018600,0.0,0.0
2023-09-04,12.922549972930922,13.204264706756264,12.813499024354023,13.167914390563965,633400,0.0,0.0
2023-09-05,13.140651936078514,13.276965405819242,12.904374446312007,13.131564140319824,1167800,0.0,0.0
2023-09-06,13.149740084902799,13.495068533065808,13.149740084902799,13.222440719604492,1018700,0.0,0.0
2023-09-08,13.195177843970747,13.36784163008633,13.113389415462349,13.131564140319824,1024300,0.0,0.0
2023-09-11,13.31331690023277,13.613207253526314,13.158827825304583,13.29514217376709,1167600,0.0,0.0
2023-09-12,13.313316536951945,13.649558067321777,13.286054014667348,13.649558067321777,1004400,0.0,0.0
2023-09-13,13.59503214828788,13.858572174647566,13.376930236816406,13.376930236816406,1278400,0.0,0.0
2023-09-14,13.404192271254562,13.531418814979297,13.177002571741774,13.35875415802002,699000,0.0,0.0
2023-09-15,13.349667384815648,13.395105501531397,13.08612734785629,13.322404861450195,906500,0.0,0.0
2023-09-18,13.286054402953114,13.485981594422936,13.149740920886407,13.395105361938477,845100,0.0,0.0
2023-09-19,13.313316758984065,13.313316758984065,12.91346324772161,13.09521484375,1562100,0.0,0.0
2023-09-20,13.09521398971735,13.48598054568868,12.922550201416016,12.922550201416016,2170800,0.0,0.0
2023-09-21,12.777150388460903,12.967989790232382,12.595397916937578,12.768062591552734,2323800,0.0,0.0
2023-09-22,12.795323957162257,13.113389886871207,12.795323957162257,12.87711238861084,1081000,0.0,0.0
2023-09-25,12.786236468943697,13.149740521172077,12.722623628134212,13.104302406311035,1108200,0.0,0.0
2023-09-26,13.040690192996955,13.204266201043762,12.713536443583346,12.77715015411377,1135800,0.0,0.0
2023-09-27,12.777149533808624,13.004339241356245,12.213718296429759,12.322770118713379,1243400,0.0,0.0
2023-09-28,12.222805819699504,12.749885860103383,12.168280776435621,12.704447746276855,1245300,0.0,0.0
2023-09-29,12.868024111950005,12.931636948852105,12.340944091921424,12.449995040893555,1167200,0.0,0.0
2023-10-02,12.449997073648175,12.486347395907263,12.141018901115906,12.27733325958252,1155700,0.0,0.0
2023-10-03,12.168280932902675,12.595396955048319,12.168280932902675,12.222805976867676,1293900,0.0,0.0
2023-10-04,12.15010650147968,12.33185810983023,11.777515487696045,12.11375617980957,1834100,0.0,0.0
2023-10-05,12.113754724470102,12.195543155066844,11.50488625964984,11.586674690246582,1788400,0.0,0.0
2023-10-06,11.523062385128856,11.741164299044614,11.386748038936531,11.532149314880371,999500,0.0,0.0
2023-10-09,11.541237843634478,11.541237843634478,11.168646833720848,11.268610000610352,1893800,0.0,0.0
2023-10-10,11.223171949284138,11.777514526160909,11.223171949284138,11.741164207458496,2298800,0.0,0.0
2023-10-11,11.768426483035297,12.031966504766315,11.33222266775359,11.47762393951416,1430800,0.0,0.0
2023-10-13,11.450362473733117,11.532150046646334,11.159559036732706,11.268610000610352,1432400,0.0,0.0
2023-10-16,11.350396178920748,11.350396178920748,11.095943980565703,11.214082717895508,1157700,0.0,0.0
2023-10-17,11.123208280030845,11.295872949406645,11.086857960161202,11.114120483398438,887700,0.0,0.0
2023-10-18,11.059594691768718,11.123207530589596,10.587039698642396,10.768792152404785,3392900,0.0,0.0
2023-10-19,10.777878827610675,10.905105368912217,10.687003469532351,10.741528511047363,1131800,0.0,0.0
2023-10-20,10.67791580647787,10.796054553442348,10.559777059513392,10.668828010559082,1396200,0.0,0.0
2023-10-23,10.65065282627324,10.723353457169859,10.468901249031692,10.514338493347168,1596300,0.0,0.0
2023-10-24,10.596128064981553,10.723354616130997,10.53251522273682,10.577953338623047,1863500,0.0,0.0
2023-10-25,10.577952091570415,10.614302406662002,10.350762405583026,10.450725555419922,993700,0.0,0.0
2023-10-26,10.468902063111072,10.632478062018468,10.468902063111072,10.587039947509766,1670900,0.0,0.0
2023-10-27,10.641565728399593,10.914193545465139,10.423463821411133,10.423463821411133,1420400,0.0,0.0
2023-10-30,10.468902404104172,10.496164927033407,10.123573935913932,10.132660865783691,1030600,0.0,0.0
2023-10-31,10.223535706184434,10.314411925792239,10.050871928921435,10.250798225402832,1466900,0.0,0.0
2023-11-01,10.250799828646135,10.35985078923535,10.05996043095001,10.29623794555664,1449500,0.0,0.0
2023-11-03,10.541602548307527,10.93236824748797,10.505252230554463,10.832405090332031,1945800,0.0,0.0
2023-11-06,10.877842514490144,10.914192829938454,10.459813453504644,10.514338493347168,1034300,0.0,0.0
2023-11-07,10.450725978540875,10.796054419222285,10.396200070365953,10.741528511047363,1262500,0.0,0.0
2023-11-08,10.805142568682218,11.023244475200595,10.423463798945088,10.832405090332031,3330500,0.0,0.0
2023-11-09,10.805142793491086,10.886930360142175,10.178098715879718,10.550689697265625,1891800,0.0,0.0
2023-11-10,10.559777975273597,10.905106450195658,10.514339858399117,10.841493606567383,767000,0.0,0.0
2023-11-13,10.805141844838447,10.805141844838447,10.359849398868946,10.414375305175781,1078000,0.0,0.0
2023-11-14,10.38711319372214,10.877842903137207,10.368937602018661,10.877842903137207,1717300,0.0,0.0
2023-11-16,10.868756457651113,11.105033979192664,10.85966866067028,10.896018981933594,1401200,0.0,0.0
2023-11-17,10.896017439464924,10.995981458782884,10.78696649111252,10.814229011535645,987300,0.0,0.0
2023-11-20,10.814229607105709,11.268609016927964,10.814229607105709,11.168645858764648,1108300,0.0,0.0
2023-11-21,11.1504706557095,11.1686453806612,10.705178194484052,10.741528511047363,908400,0.0,0.0
2023-11-22,10.823318083194652,11.132296239948621,10.768793035920421,10.805143356323242,948400,0.0,0.0
2023-11-23,10.796055559557537,11.123208443182916,10.786967762791832,10.805143356323242,816300,0.0,0.0
2023-11-24,10.768791664825672,10.877842612149642,10.632477330675792,10.750616073608398,538500,0.0,0.0
2023-11-27,10.759705169525317,10.95054456707014,10.668828935776354,10.841493606567383,1198600,0.0,0.0
2023-11-28,10.823317324934848,11.032332302602896,10.768792281480534,10.932368278503418,822500,0.0,0.0
2023-11-29,11.014156475224887,11.132295222400574,10.923281115854305,10.941455841064453,986900,0.0,0.0
2023-11-30,10.941457171731788,10.941457171731788,10.65065459972351,10.859668731689453,1921200,0.0,0.0
2023-12-01,10.80514319783646,11.114120483398438,10.80514319783646,11.114120483398438,842400,0.0,0.0
2023-12-04,11.09594542682088,11.123207949247378,10.959631948028422,11.059595108032227,748700,0.0,0.0
2023-12-05,10.796054408008322,11.11411946094194,10.614302825380554,10.914193153381348,1743300,0.0,0.0
2023-12-06,10.92328158984604,11.195908546447754,10.92328158984604,11.195908546447754,1085200,0.0,0.0
2023-12-07,11.223171433701527,11.377660497754675,11.13229520779029,11.350397109985352,1113800,0.0,0.0
2023-12-08,11.350397548274392,11.58667505143939,11.177733752367637,11.232258796691895,1386300,0.0,0.0
2023-12-11,11.16864595609361,11.314047229838236,11.141383433931479,11.232258796691895,497700,0.0,0.0
2023-12-12,11.232259679317803,11.332223712867329,11.068683666831344,11.268610000610352,746000,0.0,0.0
2023-12-13,11.250434038528812,11.65937532485259,11.214083721225808,11.586674690246582,889200,0.0,0.0
2023-12-14,11.58667593735915,12.150106349529569,11.495799700990364,11.813865661621094,1784800,0.0,0.0
2023-12-15,11.886565238886583,11.986528396606445,11.768426488857687,11.986528396606445,1034900,0.0,0.0
2023-12-18,11.91382845137315,12.159193761810075,11.89565372467041,11.89565372467041,755600,0.0,0.0
2023-12-19,11.922915930383754,12.295506917792626,11.922915930383754,12.1773681640625,1204300,0.0,0.0
2023-12-20,11.832040716957266,11.886565762968509,11.3413101028962,11.595763206481934,5114900,0.0,0.0
2023-12-21,11.623025310167597,11.850215015891482,11.541236877441406,11.541236877441406,1417600,0.0,0.0
2023-12-22,11.550324471403421,11.786601969217038,11.550324471403421,11.650287628173828,711800,0.0,0.0
2023-12-26,11.60485038115269,11.67755101637843,11.523061949858752,11.650287628173828,976900,0.0,0.0
2023-12-27,11.65937532485259,11.704813438146326,11.523061851631306,11.586674690246582,931900,0.0,0.0
2023-12-28,11.54123591876381,11.713900566101074,11.54123591876381,11.713900566101074,998800,0.0,0.0
2024-01-02,11.722988508113003,11.87747757785759,11.404923439025879,11.404923439025879,2023300,0.0,0.0
2024-01-03,11.368573868932101,11.459449237512704,11.241347312927246,11.241347312927246,1707900,0.0,0.0
2024-01-04,11.241345835911538,11.368572375199925,11.023243939982784,11.123207092285156,1522500,0.0,0.0
2024-01-05,11.123208090861423,11.45944876060227,11.08685777160998,11.259522438049316,985900,0.0,0.0
2024-01-08,11.259523409989562,11.441275021935873,11.2231730876003,11.35948657989502,885500,0.0,0.0
2024-01-09,11.250435273294087,11.395836558464284,11.223172748989683,11.268610000610352,674200,0.0,0.0
2024-01-10,11.223172380206735,11.3413102705306,11.032332983026652,11.077770233154297,1491400,0.0,0.0
2024-01-11,11.059595436923965,11.132296076663254,10.932368884050218,11.114120483398438,1075200,0.0,0.0
2024-01-12,11.15047041358072,11.395834828390086,11.05050639520737,11.159557342529297,889000,0.0,0.0
2024-01-15,11.06868290439438,11.268609224401992,10.950544151666268,11.059595108032227,1448600,0.0,0.0
2024-01-16,11.032332488573925,11.114120055134082,10.968718781258307,10.99598217010498,882600,0.0,0.0
2024-01-17,10.96871751105788,11.114118768095887,10.93236719679838,11.005067825317383,964500,0.0,0.0
2024-01-18,11.005070402633343,11.114121370950876,10.777880668640137,10.777880668640137,1301900,0.0,0.0
2024-01-19,10.859668928414505,11.105034252986352,10.687005114821757,11.023245811462402,1116100,0.0,0.0
2024-01-22,10.986893853378342,11.059594486872433,10.832404790538423,10.877842903137207,563400,0.0,0.0
2024-01-23,10.941456074632452,11.086857346057212,10.877843235049104,10.932368278503418,505600,0.0,0.0
2024-01-24,10.950543346971076,11.023243979206011,10.75061617499505,10.814229011535645,875500,0.0,0.0
2024-01-25,10.814230216446697,10.868756130028073,10.732442646064625,10.841493606567383,632200,0.0,0.0
2024-01-26,10.850579291687966,10.88692960768495,10.632477395706074,10.714265823364258,1186300,0.0,0.0
2024-01-29,10.705177604187332,10.777878233305152,10.650652565678898,10.65973949432373,627300,0.0,0.0
2024-01-30,10.65974143929949,10.850580842219278,10.550690475725329,10.796055793762207,757600,0.0,0.0
2024-01-31,10.86875509655003,11.350397009637623,10.768791942259371,11.286784172058105,1378100,0.0,0.0
2024-02-01,11.332222723631844,11.332222723631844,11.005068993897455,11.168645858764648,822500,0.0,0.0
2024-02-02,11.177733883252595,11.377661070322468,10.886930465698242,10.886930465698242,946000,0.0,0.0
2024-02-05,10.850579784521743,10.977806329619762,10.650653470787628,10.732441902160645,991100,0.0,0.0
2024-02-06,10.705179557453729,10.950544875490607,10.677917033225194,10.796055793762207,984800,0.0,0.0
2024-02-07,10.805143105121475,11.077770068474498,10.687004349893842,11.050507545471191,764200,0.0,0.0
2024-02-08,10.97780670925715,11.03233262094477,10.559777608518617,10.650653839111328,763400,0.0,0.0
2024-02-09,10.705179535875336,10.886931141465915,10.632478893639103,10.69609260559082,510100,0.0,0.0
2024-02-14,10.705178259993756,10.705178259993756,10.378025408921966,10.468901634216309,730400,0.0,0.0
2024-02-15,10.487077402803566,10.868756200363176,10.487077402803566,10.805143356323242,730100,0.0,0.0
2024-02-16,10.886930309723688,11.14138340477075,10.76879242511035,11.132295608520508,1125900,0.0,0.0
2024-02-19,11.114120055134082,11.15047124026298,10.914193736884867,10.99598217010498,483000,0.0,0.0
2024-02-20,10.959631908503598,11.241346661434694,10.859667882200341,11.195908546447754,356500,0.0,0.0
2024-02-21,11.195909195306939,11.304960157599668,11.123208553778454,11.241347312927246,423700,0.0,0.0
2024-02-22,11.28678390957157,11.432185173034668,11.177732961974248,11.432185173034668,466100,0.0,0.0
2024-02-23,11.404923439025879,11.432185961139643,11.232258776765482,11.404923439025879,553400,0.0,0.0
2024-02-26,11.40492327305981,11.523062022713553,11.25952200168903,11.377660751342773,451900,0.0,0.0
2024-02-27,11.423097975900742,11.877477381359451,11.368572932575264,11.786602020263672,1392500,0.0,0.0
2024-02-28,11.741164030715575,11.768426552667005,11.314047142396774,11.44127368927002,987800,0.0,0.0
2024-02-29,11.368571938009836,11.42309697656526,11.241345403614076,11.414010047912598,1242700,0.0,0.0
2024-03-01,11.477623672117597,11.722988095832266,11.459448080240994,11.623024940490723,1008100,0.0,0.0
2024-03-04,11.61393782182112,11.813865010822916,11.513974660650208,11.768426895141602,544900,0.0,0.0
2024-03-05,11.804776231887798,12.150104669001438,11.286784009547286,11.495798110961914,1807500,0.0,0.0
2024-03-06,11.550324372943578,11.65937532485259,11.404923103731562,11.586674690246582,1499800,0.0,0.0
2024-03-07,11.314046968259346,12.440907680387328,11.068682541153061,12.331856727600098,3254900,0.0,0.0
2024-03-08,12.23189388903035,12.61357266704315,12.122842933406686,12.322770118713379,1177600,0.0,0.0
2024-03-11,12.268244907234553,12.513610221376046,12.231894586620259,12.295507431030273,587700,0.0,0.0
2024-03-12,12.34811621723524,12.412143207373052,11.9273655556818,12.009686470031738,830600,0.087518,0.0
2024-03-13,11.927366584712765,12.320677266183125,11.909073531224724,12.156035423278809,741200,0.0,0.0
2024-03-14,12.3481166920631,12.585932482151692,12.201768781947765,12.50361156463623,1366100,0.0,0.0
2024-03-15,12.467024428369173,12.805454184277366,12.457877466027844,12.567638397216797,1210500,0.0,0.0
2024-03-18,12.814601755245288,13.070710606850012,12.25664923815702,12.430438041687012,1060900,0.0,0.0
2024-03-19,12.412144225651938,12.540199088735362,12.384704209384916,12.485318183898926,265800,0.0,0.0
2024-03-20,12.485317319379144,12.951801925129727,12.421290328422042,12.93350887298584,890800,0.0,0.0
2024-03-21,12.933509042126166,13.125590889811786,12.869481178029401,13.015829086303711,939400,0.0,0.0
2024-03-22,12.915215928029037,13.043270791957243,12.67740012600625,12.842041969299316,895100,0.0,0.0
2024-03-25,12.741427910065772,12.768867926332796,12.13774231837693,12.485318183898926,1400600,0.0,0.0
2024-03-26,12.485317148915911,12.869480834018153,12.338969244553594,12.78715991973877,1419000,0.0,0.0
2024-03-27,12.668253615039404,13.244498302839649,12.649959689812798,13.125591278076172,1232700,0.0,0.0
2024-03-28,13.034122756402125,13.2353515625,12.97924185572004,13.2353515625,1232000,0.0,0.0
2024-04-01,13.180471609102,13.226205550906926,12.759720914640967,13.02497673034668,1129400,0.0,0.0
2024-04-02,12.942655166574246,13.134737014770508,12.759720280745029,13.134737014770508,727400,0.0,0.0
2024-04-03,13.024976533783084,13.079857437581252,12.540198851492503,12.823748588562012,801400,0.0,0.0
2024-04-04,12.759719693416836,12.915214557289847,12.558490892116062,12.585931777954102,551200,0.0,0.0
2024-04-05,12.494464443090827,12.842041161340351,12.467024428369173,12.567638397216797,1130900,0.0,0.0
2024-04-08,12.55849238542291,12.842042133349567,12.52190540559067,12.77801513671875,832600,0.0,0.0
2024-04-09,12.768867664827718,13.317673212743035,12.768867664827718,13.061563491821289,1170200,0.0,0.0
2024-04-10,13.01582873838047,13.01582873838047,12.659105939572902,12.78715991973877,761800,0.0,0.0
2024-04-11,12.787160456267548,12.80545438123158,12.439584604974476,12.622519493103027,551900,0.0,0.0
2024-04-12,12.585933140558003,12.631667082937106,12.183475494384766,12.183475494384766,1007600,0.0,0.0
2024-04-15,12.174328850497467,12.210915828277603,11.881632155954026,11.991393089294434,1154500,0.0,0.0
2024-04-16,11.91821937019249,11.91821937019249,11.543202622430153,11.716991424560547,1294800,0.0,0.0
2024-04-17,11.726137345796468,11.881632220279458,11.570642471313477,11.570642471313477,685100,0.0,0.0
2024-04-18,11.561497468349025,11.607230540895994,11.387708652381741,11.598084449768066,979000,0.0,0.0
2024-04-19,11.552349492858125,11.60722952402762,11.323680660946371,11.360267639160156,1088300,0.0,0.0
2024-04-22,11.305386680301522,11.442588502157824,11.223066633950577,11.3328275680542,741000,0.0,0.0
2024-04-23,11.241360468770402,11.460882352247683,11.12245256381127,11.396855354309082,1122600,0.0,0.0
2024-04-24,11.442588834477922,11.716991613857472,11.387707929681056,11.56149673461914,901300,0.0,0.0
2024-04-25,11.598083490247854,11.598083490247854,11.186478892958007,11.387707710266113,907900,0.0,0.0
2024-04-26,11.451736207193553,11.598084128819906,11.369415283203125,11.369415283203125,646300,0.0,0.0
2024-04-29,11.341974493121102,11.680405155227525,11.341974493121102,11.634671211242676,622500,0.0,0.0
2024-04-30,11.543202218877497,11.689550127785239,11.232212476297372,11.250506401062012,1618500,0.0,0.0
2024-05-02,11.433441794336389,11.808458545622242,11.259653862875524,11.771871566772461,995200,0.0,0.0
2024-05-03,11.872485026408796,12.055420785038251,11.771871057004471,11.909072875976562,1738400,0.0,0.0
2024-05-06,11.87248523354527,12.101154063519274,11.57064244776377,11.662110328674316,744000,0.0,0.0
2024-05-07,11.753577086861316,11.790164061270207,11.488321304321289,11.488321304321289,903400,0.0,0.0
2024-05-08,11.689550835716416,11.689550835716416,11.31453407835334,11.616376876831055,920100,0.0,0.0
2024-05-09,11.38770774570396,11.716991424560547,11.177332837369917,11.716991424560547,1371100,0.0,0.0
2024-05-10,11.652962477071432,11.753577312857194,10.820608139038086,10.820608139038086,1586400,0.0,0.0
2024-05-13,10.930369865611482,11.040130798994499,10.683407983575282,10.884635925292969,1027800,0.0,0.0
2024-05-14,10.866342816664146,10.97610374948269,10.784021898974649,10.857195854187012,644900,0.0,0.0
2024-05-15,10.921222240150257,10.921222240150257,10.235215793921409,10.308390617370605,3803500,0.0,0.0
2024-05-16,10.335831297084725,10.555353164672852,10.18948338535931,10.555353164672852,1816000,0.0,0.0
2024-05-17,10.527912256015167,10.582792282104492,10.39071044618728,10.582792282104492,1340300,0.0,0.0
2024-05-20,10.601086338212228,10.601086338212228,10.024840823255914,10.070574760437012,2370100,0.0,0.0
2024-05-21,10.152896718418608,10.216923713684082,9.997401839371841,10.216923713684082,1956900,0.0,0.0
2024-05-22,10.07057625242534,10.26265811920166,9.924228329605752,10.26265811920166,1854200,0.0,0.0
2024-05-23,10.27180290263882,10.573646545410156,10.107161946575374,10.573646545410156,1673800,0.0,0.0
2024-05-24,10.564500226653086,10.564500226653086,10.21692349688302,10.253510475158691,1343300,0.0,0.0
2024-05-27,10.253509850349735,10.335830764529273,10.162041974083067,10.27180290222168,734600,0.0,0.0
2024-05-28,10.271803243265483,10.42729811470016,9.988254387568608,10.052281379699707,1106400,0.0,0.0
2024-05-29,10.070575684302973,10.125455716113098,9.851053812457716,9.951667785644531,1108900,0.0,0.0
2024-05-31,9.933372807924501,9.951666731458243,9.796171870630591,9.805318832397461,6088700,0.0,0.0
2024-06-03,9.8053197500036,10.363271385462895,9.8053197500036,10.344978332519531,1330000,0.0,0.0
2024-06-04,10.262655902966552,10.42729684443293,10.04313319384098,10.061427116394043,1548100,0.0,0.0
2024-06-05,10.143748422352347,10.162041473322855,9.750437795010289,9.777877807617188,1268900,0.0,0.0
2024-06-06,9.860199208431503,10.033987998962402,9.713851304175368,10.033987998962402,1165800,0.0,0.0
2024-06-07,9.979107771297581,9.979107771297581,9.65897192723601,9.832759857177734,1031900,0.0,0.0
2024-06-10,9.832758705133257,9.869345679376545,9.668116884887322,9.777877807617188,611800,0.0,0.0
2024-06-11,9.796172142028809,9.905933069365268,9.750438204229706,9.796172142028809,610200,0.0,0.0
2024-06-12,10.033988064146964,10.033988064146964,9.485182547318889,9.521769523620605,1734800,0.0,0.0
2024-06-13,9.530917112512745,9.640678048635637,9.366275272177218,9.503477096557617,747800,0.0,0.0
2024-06-14,9.45774239799915,9.796172142028809,9.338834508642407,9.796172142028809,1479200,0.0,0.0
2024-06-17,9.750437583629656,9.896785477430122,9.604089689829193,9.814464569091797,1163300,0.0,0.0
2024-06-18,9.814466431949855,10.47303295135498,9.77787945155526,10.47303295135498,1625400,0.0,0.0
2024-06-19,10.409004970774337,10.546205916222005,10.280950115334798,10.354124069213867,1316800,0.0,0.0
2024-06-20,10.38156508045011,10.637673922093398,10.326684178232519,10.619379997253418,1306400,0.0,0.0
2024-06-21,10.610234450511381,10.610234450511381,10.3998586655895,10.454739570617676,778400,0.0,0.0
2024-06-24,10.5553534958132,11.140746033382042,10.527913479579432,10.99439811706543,2292200,0.0,0.0
2024-06-25,10.875490165128504,11.11330509185791,10.848049276723184,11.11330509185791,907700,0.0,0.0
2024-06-26,11.021838579193837,11.030985542409269,10.637674847169974,10.710848808288574,1644400,0.0,0.0
2024-06-27,10.701701943459435,10.976104736328125,10.701701943459435,10.976104736328125,639900,0.0,0.0
2024-06-28,10.884636250081872,11.049278091220359,10.73828833453761,10.756582260131836,930600,0.0,0.0
2024-07-01,10.75658212339407,10.875490021337821,10.692554256930592,10.729141235351562,1025500,0.0,0.0
2024-07-02,10.736665526639456,10.782904574017865,10.412993958863545,10.468480110168457,1266900,0.128137,0.0
2024-07-03,10.44998498252925,10.884630615213648,10.44998498252925,10.866134643554688,1060000,0.0,0.0
2024-07-04,10.838392892662373,11.254542604549295,10.838392892662373,11.125073432922363,1110300,0.0,0.0
2024-07-05,11.097328875417233,11.273036194559296,11.041841842988104,11.069585800170898,739800,0.0,0.0
2024-07-08,11.004850447109803,11.152815568439054,10.884630164055464,11.041841506958008,747900,0.0,0.0
2024-07-09,11.01409974397526,11.01409974397526,10.65343708799624,10.792153358459473,1151600,0.0,0.0
2024-07-10,10.80140048036651,10.89387769262712,10.64418824939336,10.708922386169434,966500,0.0,0.0
2024-07-11,10.70892270638106,10.829143879657453,10.616444609418759,10.773656845092773,1063500,0.0,0.0
2024-07-12,10.708923256930712,11.023347744443416,10.690428165749308,10.949365615844727,862800,0.0,0.0
2024-07-15,10.884630935841532,11.134320387037294,10.884630935841532,10.930869102478027,777300,0.0,0.0
2024-07-16,10.912374361995488,11.152816716732977,10.912374361995488,11.115825653076172,896900,0.0,0.0
2024-07-17,10.949366205056897,11.652197346502064,10.949366205056897,11.513480186462402,1359600,0.0,0.0
2024-07-18,11.513479954426478,11.513479954426478,10.977109063063974,11.051091194152832,1219100,0.0,0.0
2024-07-19,11.088080979573999,11.245293210471752,10.967859809950044,10.986355781555176,675400,0.0,0.0
2024-07-22,10.986357049934224,11.13432131211194,10.967861076193724,11.051091194152832,296000,0.0,0.0
2024-07-23,11.032595412430464,11.411754031034487,11.023347426138534,11.07883358001709,861600,0.0,0.0
2024-07-24,10.97710815105102,11.245293574450576,10.912374012210728,10.930869102478027,1305900,0.0,0.0
2024-07-25,10.884631487161556,11.226799052834512,10.847639540880278,11.10657787322998,869300,0.0,0.0
2024-07-26,11.078833303825895,11.328523635864258,10.986356089021553,11.328523635864258,730600,0.0,0.0
2024-07-29,11.78166530515133,12.022107670220516,11.291533470153809,11.291533470153809,1307300,0.0,0.0
2024-07-30,11.291533436061716,11.578214852307342,11.171312253890102,11.56896686553955,1080700,0.0,0.0
2024-07-31,11.541222365837282,11.827903768684358,11.467240239025749,11.550470352172852,1265900,0.0,0.0
2024-08-01,11.50423113354419,11.652196266931579,11.31002783303078,11.439496994018555,841000,0.0,0.0
2024-08-02,11.439496741458145,11.504230879554584,11.023347072956135,11.134320259094238,1078300,0.0,0.0
2024-08-05,10.866135874513455,11.208303451538086,10.708923625348547,11.208303451538086,1160500,0.0,0.0
2024-08-06,11.004850915937315,11.300780289266536,9.913614162958313,10.311267852783203,6209600,0.0,0.0
2024-08-07,10.403746087216364,10.727418540482132,10.376003011259336,10.542462348937988,1403200,0.0,0.0
2024-08-08,10.542462811555882,10.819896229109778,10.486976657207016,10.801401138305664,624100,0.0,0.0
2024-08-09,10.801401345006765,10.875383473512027,10.431489820543915,10.792153358459473,946200,0.0,0.0
2024-08-12,10.986355513547217,10.986355513547217,10.403745651245117,10.403745651245117,974900,0.0,0.0
2024-08-13,10.52396764864608,10.708922965102603,10.505471676032169,10.607197761535645,1080100,0.0,0.0
2024-08-14,10.607197817434168,10.708923021537204,10.579453858367096,10.64418888092041,610300,0.0,0.0
2024-08-15,10.71817080012857,10.829143988436158,10.533215486282588,10.653436660766602,1165600,0.0,0.0
2024-08-16,10.810647964477539,10.847639027070155,10.607197561186403,10.810647964477539,830300,0.0,0.0
2024-08-19,10.866135445835058,10.921622482972248,10.68118012527198,10.912374496459961,634600,0.0,0.0
2024-08-20,10.866135804200098,10.930869948047972,10.773657699900365,10.856887817382812,710400,0.0,0.0
2024-08-21,10.940117769778162,10.940117769778162,10.745914459228516,10.745914459228516,566900,0.0,0.0
2024-08-22,10.893877633325715,10.893877633325715,10.579453173091,10.671931266784668,813700,0.0,0.0
2024-08-23,10.681179482730233,10.81989574432373,10.57020629706814,10.81989574432373,484200,0.0,0.0
2024-08-26,10.847639250012449,10.893878299687655,10.662683933248141,10.764410018920898,912900,0.0,0.0
2024-08-27,10.764410001007818,10.764410001007818,10.57020669824434,10.607197761535645,772100,0.0,0.0
2024-08-28,10.634940602709275,11.02334719962401,10.560958477767086,10.930869102478027,1219200,0.0,0.0
2024-08-29,10.977108665450308,10.977108665450308,10.625693114538949,10.634941101074219,611200,0.0,0.0
2024-08-30,10.625693429396271,10.745914612107505,10.607198337714232,10.699675559997559,1376500,0.0,0.0
2024-09-02,10.773657371357093,10.773657371357093,10.625693114538949,10.634941101074219,801200,0.0,0.0
2024-09-03,10.634941101074219,10.764410266758363,10.607198023404951,10.634941101074219,985100,0.0,0.0
2024-09-04,10.403746489778111,10.866135222657139,10.34825945378056,10.764410018920898,1876700,0.0,0.0
2024-09-05,10.801400746012622,10.801400746012622,10.551710414701592,10.736665725708008,890700,0.0,0.0
2024-09-06,10.708923077580916,10.801401177748755,10.551710836457508,10.681180000305176,978400,0.0,0.0
2024-09-09,10.79215334442763,10.79215334442763,10.579454063799146,10.634941101074219,524200,0.0,0.0
2024-09-10,10.597949547879074,10.644188596485401,10.449985297888018,10.459233283996582,1347300,0.0,0.0
2024-09-11,10.468480538339977,10.551710650638013,10.25578214641078,10.412994384765625,1056800,0.0,0.0
2024-09-12,10.431489944458008,10.523968047156389,10.302021659004135,10.431489944458008,553500,0.0,0.0
2024-09-13,10.394498486158255,10.644188824826948,10.394498486158255,10.607197761535645,683600,0.0,0.0
2024-09-16,10.727419202553827,10.903126537041237,10.570206959200416,10.634941101074219,1017700,0.0,0.0
2024-09-17,10.810648114439026,11.199054718017578,10.653436757692003,11.199054718017578,1144800,0.0,0.0
2024-09-18,11.05109050045405,11.254541789145655,10.884631156921387,10.884631156921387,811000,0.0,0.0
2024-09-19,11.078833829141919,11.078833829141919,10.699675202011923,10.755162239074707,602000,0.0,0.0
2024-09-20,10.773656254959253,10.773656254959253,10.403745651245117,10.403745651245117,1207000,0.0,0.0
2024-09-23,10.496224361252166,10.496224361252166,10.18179988861084,10.18179988861084,859300,0.0,0.0
2024-09-24,10.237285984114168,10.39449821955407,10.117064811016803,10.144808769226074,1011900,0.0,0.0
2024-09-25,10.144808511354501,10.2280386199937,9.839632034301758,9.839632034301758,1632200,0.0,0.0
2024-09-26,10.043082707725492,10.690427623003588,10.043082707725492,10.302021026611328,6792700,0.0,0.0
2024-09-27,10.366755789663484,10.533216021552178,10.246534609070155,10.274277687072754,1055200,0.0,0.0
2024-09-30,10.36675550845902,10.403746572104598,9.996844872003244,10.089322090148926,1388900,0.0,0.0
2024-10-01,10.089322106304605,10.43148966605823,10.089322106304605,10.24653434753418,1860600,0.0,0.0
2024-10-02,10.398913119091153,10.66727190196354,10.255148799890438,10.274317741394043,1475200,0.388989,0.0
2024-10-03,10.255149277157765,10.303070719121566,10.111385865291842,10.18805980682373,898100,0.0,0.0
2024-10-04,10.188059500453047,10.24556449785996,9.986790181477947,10.07304859161377,1454100,0.0,0.0
2024-10-07,10.120970780973064,10.168891311015912,9.910116975487545,9.93886947631836,1452000,0.0,0.0
2024-10-08,9.699263353363746,9.804689801086798,9.670510851989373,9.737600326538086,2231400,0.0,0.0
2024-10-09,9.728016205282989,9.91970199208755,9.641758698051623,9.680095672607422,1187000,0.0,0.0
2024-10-10,9.689678664169909,9.7759370803833,9.603421161982034,9.7759370803833,934800,0.0,0.0
2024-10-11,9.66092569162699,10.03471183895514,9.651341220510133,9.862195014953613,1136300,0.0,0.0
2024-10-14,9.852610503274663,10.20722770690918,9.852610503274663,10.20722770690918,1613400,0.0,0.0
2024-10-15,10.111386473465444,10.303071338824514,10.015543583773143,10.082633972167969,1010700,0.0,0.0
2024-10-16,10.025127834257626,10.389329527413414,10.025127834257626,10.283902168273926,1116100,0.0,0.0
2024-10-17,10.264733619348101,10.274318090425501,10.044295354695285,10.20722770690918,726900,0.0,0.0
2024-10-18,10.283901823676583,10.331823265859168,9.843027114868164,9.843027114868164,1088700,0.0,0.0
2024-10-21,9.862195541740464,10.034712374956936,9.6992631801528,9.766352653503418,1064100,0.0,0.0
2024-10-22,9.75676896217878,9.862195406574191,9.699263047219596,9.795105934143066,611100,0.0,0.0
2024-10-23,9.795105761149365,9.862195232395607,9.699262875918599,9.823858261108398,408300,0.0,0.0
2024-10-24,9.85261032828841,9.977205708005318,9.737599419478675,9.900531768798828,724500,0.0,0.0
2024-10-25,9.948453738219346,10.073049124560374,9.622589022254424,9.64175796508789,1562900,0.0,0.0
2024-10-28,9.689678404590424,9.871779703723782,9.670510375959566,9.823858261108398,1192400,0.0,0.0
2024-10-29,9.766352391396099,9.938869219982601,9.756768834050012,9.814273834228516,705200,0.0,0.0
2024-10-30,9.775936090825086,10.044294869860364,9.775936090825086,9.958037376403809,539400,0.0,0.0
2024-10-31,9.929285015091082,10.015543431699317,9.766352653503418,9.766352653503418,458600,0.0,0.0
2024-11-01,9.862195058499083,9.862195058499083,9.459656410068469,9.517162322998047,1319400,0.0,0.0
2024-11-04,9.61300492213694,10.015543596932652,9.593836892588616,9.910117149353027,1036200,0.0,0.0
2024-11-05,9.948454109403851,10.149723446537259,9.83344319018841,10.082633972167969,1289300,0.0,0.0
2024-11-06,9.977206180107219,10.159307479858398,9.843027237159504,10.159307479858398,2002200,0.0,0.0
2024-11-07,10.830204404637774,11.453180388071067,10.63851955696795,10.926046371459961,6565600,0.0,0.0
2024-11-08,10.868541545575743,11.13690033654569,10.705609193980479,11.06981086730957,2473700,0.0,0.0
2024-11-11,11.069810872035962,11.491517543740219,10.993136931726097,11.405259132385254,2911700,0.0,0.0
2024-11-12,11.405259697734783,11.405259697734783,11.14648536486812,11.309417724609375,1644500,0.0,0.0
2024-11-13,11.299833270499029,11.357339185683283,10.92604710686516,10.964384078979492,1644400,0.0,0.0
2024-11-14,10.811036138760851,11.26149624446666,10.811036138760851,11.146485328674316,948200,0.0,0.0
2024-11-18,11.146485637571898,11.251912084796805,10.983553273844429,11.088979721069336,1142400,0.0,0.0
2024-11-19,11.08897980566603,11.290249143922157,10.993137829464636,11.07939624786377,912600,0.0,0.0
2024-11-21,11.06981112889646,11.136900599717949,10.906878773450998,11.021889686584473,1043100,0.0,0.0
2024-11-22,11.05064209750919,11.13690051017211,10.830204744282153,11.041058540344238,1032600,0.0,0.0
2024-11-25,11.136901064705636,11.280665397644043,10.983553174125092,11.280665397644043,597200,0.0,0.0
2024-11-26,11.280665045695347,11.654450288817213,11.136900717242286,11.510686874389648,1357200,0.0,0.0
2024-11-27,11.625698470886194,11.625698470886194,11.12731689878001,11.223159790039062,581700,0.0,0.0
2024-11-28,11.108147662265383,11.165652659553604,10.705609025146027,10.926046371459961,863700,0.0,0.0
2024-11-29,10.92604650541109,11.242326736450195,10.542676805371405,11.242326736450195,1140200,0.0,0.0
2024-12-02,11.242327218312846,11.29983313279632,10.78228355854708,10.99313735961914,2916900,0.0,0.0
2024-12-03,11.02188980845415,11.338170051574707,10.839789422485692,11.338170051574707,1225500,0.0,0.0
2024-12-04,11.290249095310076,11.798215131689934,11.242327650402943,11.759878158569336,1730400,0.0,0.0
2024-12-05,11.75029307605306,12.267842643293912,11.740708604764686,12.200752258300781,1201600,0.0,0.0
2024-12-06,12.200751908368442,12.296594790452318,11.769460767041933,11.922808647155762,1046200,0.0,0.0
2024-12-09,11.932393202086496,12.047404112980708,11.759877292757913,11.913225173950195,758700,0.0,0.0
2024-12-10,11.913226157830275,12.07615852355957,11.87488918436606,12.07615852355957,1051800,0.0,0.0
2024-12-11,12.143247823436065,12.344517159726047,11.922809543677735,12.104910850524902,1302000,0.0,0.0
2024-12-12,12.104911082303309,12.104911082303309,11.347755167291094,11.395676612854004,661300,0.0,0.0
2024-12-13,11.39567587650248,11.644865732081783,11.213574577935326,11.357338905334473,583400,0.0,0.0
2024-12-16,11.434013531889985,11.568192481994629,11.271081166169592,11.568192481994629,725200,0.0,0.0
2024-12-17,11.635282780716286,11.644866338488233,11.299833580008585,11.587361335754395,729500,0.0,0.0
2024-12-18,11.616113691391174,11.616113691391174,11.041059101139448,11.108148574829102,974600,0.0,0.0
2024-12-19,11.203989767216092,11.414843559265137,11.041058330207127,11.414843559265137,1175300,0.0,0.0
2024-12-20,11.462766104161139,11.462766104161139,11.184822816340551,11.223159790039062,758700,0.0,0.0
2024-12-23,11.012305775082943,11.22315958355829,11.012305775082943,11.088979721069336,906800,0.0,0.0
2024-12-26,11.08897959751026,11.15606998501995,10.839789732843853,10.945216178894043,564200,0.0,0.0
2024-12-27,10.926047280327035,10.97396872473713,10.849373334881097,10.93563175201416,479500,0.0,0.0
2024-12-30,10.954800439800412,10.964383997238413,10.72477769480376,10.811036109924316,710000,0.0,0.0
2025-01-02,10.801452331585018,11.088979157405962,10.590598533827569,11.021889686584473,982000,0.0,0.0
2025-01-03,11.002721110227652,11.002721110227652,10.523508499210235,10.619351387023926,957400,0.0,0.0
2025-01-06,10.811036776523693,11.529855728149414,10.667273351808774,11.529855728149414,1666300,0.0,0.0
2025-01-07,11.587360640356621,11.826966936760934,11.568191697912045,11.711956024169922,1104800,0.0,0.0
2025-01-08,11.740708351135254,12.02823608539672,11.616112969154434,11.740708351135254,949000,0.0,0.0
2025-01-09,11.625697819882816,12.00906753540039,11.606528877094187,12.00906753540039,1131800,0.0,0.0
2025-01-10,12.01865244535536,12.047404946561981,11.635282715848623,11.932394027709961,950000,0.0,0.0
2025-01-13,12.018651529239635,12.018651529239635,11.65444985695656,11.922808647155762,702400,0.0,0.0
2025-01-14,11.855719178112327,12.028236000253116,11.731123797013476,11.922808647155762,846100,0.0,0.0
2025-01-15,12.219921065330997,12.737470626831055,12.056988711337878,12.737470626831055,2433100,0.0,0.0
2025-01-16,12.612875702875925,13.063335810557355,12.564954259245898,12.996246337890625,1539000,0.0,0.0
2025-01-17,13.072920417131197,13.072920417131197,12.727886750651233,12.967493057250977,808300,0.0,0.0
2025-01-20,13.034583318774605,13.034583318774605,12.62246018291433,12.823729515075684,827200,0.0,0.0
2025-01-21,12.775807860468804,12.804560360581254,12.555370502897526,12.689549446105957,956600,0.0,0.0
2025-01-22,12.660797155039088,12.900403459325197,12.59370768232714,12.823729515075684,821500,0.0,0.0
2025-01-23,12.718302935659485,13.015414237976074,12.603291106476705,13.015414237976074,1272800,0.0,0.0
2025-01-24,12.996246126093165,13.149594011989757,12.804560354696926,12.862066268920898,866400,0.0,0.0
2025-01-27,12.86206634433731,13.197515532222127,12.775807929508327,13.187931060791016,1268100,0.0,0.0
2025-01-28,13.178346376335153,13.216683347414381,12.862066136425149,13.053750991821289,797000,0.0,0.0
2025-01-29,12.96749326334314,13.30294246352428,12.890819317134687,13.101673126220703,1584100,0.0,0.0
2025-01-30,13.120840808063054,13.322110140033073,13.04416686388643,13.159177780151367,827100,0.0,0.0
2025-01-31,13.159177563451957,13.293357420564194,12.929155734709976,13.03458309173584,1253200,0.0,0.0
2025-02-03,12.919571613125923,13.01541450137603,12.64162833403124,12.967493057250977,841400,0.0,0.0
2025-02-04,12.986661774768436,13.29335754939675,12.871650859282818,13.178346633911133,1767700,0.0,0.0
2025-02-05,13.178346335093364,13.216683306052616,12.794976625500842,12.89081859588623,666000,0.0,0.0
2025-02-06,12.996246120278844,13.159177563451957,12.833313763080234,13.03458309173584,738700,0.0,0.0
2025-02-07,13.024998632178031,13.072920075049113,12.612875503122426,12.689549446105957,668500,0.0,0.0
2025-02-10,12.689549838976728,12.881234702370156,12.526617476585933,12.62246036529541,638000,0.0,0.0
2025-02-11,12.584123437310778,12.689549884045215,12.50744949168109,12.612875938415527,483900,0.0,0.0
2025-02-12,12.555370857811795,12.593707830387267,12.354101523284182,12.459527969360352,583500,0.0,0.0
2025-02-13,12.459527969360352,12.574538887086769,12.430775468435128,12.459527969360352,410100,0.0,0.0
2025-02-14,12.497864287996288,12.842897023122012,12.449942846278013,12.747055053710938,627200,0.0,0.0
2025-02-17,12.794977127885218,13.274189740704507,12.708718711333663,13.140009880065918,1336400,0.0,0.0
2025-02-18,13.072920120927595,13.072920120927595,12.65121251901272,12.679965019226074,675600,0.0,0.0
2025-02-19,12.632044317416286,12.727886288158262,12.51703340411062,12.545785903930664,820600,0.0,0.0
2025-02-20,12.545785559798608,12.603290557861328,12.363684266540576,12.603290557861328,978800,0.0,0.0
2025-02-21,12.555369899204118,12.747054747446263,12.507448458637219,12.632043838500977,965600,0.0,0.0
2025-02-24,12.622459494094214,12.651211993112351,12.267842292785645,12.267842292785645,673300,0.0,0.0
2025-02-25,12.267843309045238,12.612876067921547,12.22950633583676,12.593708038330078,1000000,0.0,0.0
2025-02-26,12.66079659985749,12.66079659985749,12.33493189407361,12.411605834960938,570000,0.0,0.0
2025-02-27,12.459528065979073,12.632044900919261,12.219921757017937,12.277427673339844,1477800,0.0,0.0
2025-02-28,12.296595098411336,12.440358511112132,12.16241524293857,12.210336685180664,1209300,0.0,0.0
2025-03-05,12.06657339956374,12.478696527550506,12.03782089952586,12.191168785095215,694900,0.0,0.0
2025-03-06,12.191168568100318,12.74705510040756,12.191168568100318,12.564953804016113,1829700,0.0,0.0
2025-03-07,12.598636212334018,12.890496700547711,12.501350001462063,12.802938461303711,2266500,0.194621,0.0
2025-03-10,12.647279781669452,13.016969609700276,12.618094011187758,12.802938461303711,540600,0.0,0.0
2025-03-11,12.802938489969304,12.861310958862305,12.647279809986527,12.861310958862305,982200,0.0,0.0
2025-03-12,12.880767408924815,13.055883882080833,12.871038509794172,13.026698112487793,658800,0.0,0.0
2025-03-13,13.094798609028542,13.221271514892578,12.783481257854847,13.221271514892578,793100,0.0,0.0
2025-03-14,13.17262795832972,13.464488439209475,13.075340822103504,13.260186195373535,1875800,0.0,0.0
2025-03-17,13.269915059571762,13.289371930086373,13.094798585945798,13.143442153930664,469500,0.0,0.0
2025-03-18,13.18235723964122,13.18235723964122,12.744566969530402,12.939140319824219,783300,0.0,0.0
2025-03-19,12.939140288272965,13.104527867569152,12.783481608417475,12.822396278381348,753700,0.0,0.0
2025-03-20,12.822395674065286,12.890496111342777,12.481891632080078,12.481891632080078,579100,0.0,0.0
2025-03-21,12.481891699649871,12.676465041352353,12.481891699649871,12.657008171081543,1079200,0.0,0.0
2025-03-24,12.637550733367943,12.666737431304725,12.306775579142329,12.31650447845459,573800,0.0,0.0
2025-03-25,12.267861356658967,12.530536080866849,12.209489814256509,12.228946685791016,672800,0.0,0.0
2025-03-26,12.209489822387695,12.345690706616766,12.121931580926757,12.209489822387695,798300,0.0,0.0
2025-03-27,12.258133274950913,12.258133274950913,11.781427401341396,11.800885200500488,1952000,0.0,0.0
2025-03-28,11.820341960624686,11.820341960624686,11.37282278996521,11.431195259094238,2322300,0.0,0.0
2025-03-31,11.431195220004076,11.479838789478771,11.304722310489439,11.333908081054688,761200,0.0,0.0
2025-04-01,11.304722389452852,11.596582880540746,11.246350847914629,11.586853981018066,1855900,0.0,0.0
2025-04-02,11.63549758122217,11.800885162343972,11.4020095588616,11.703598022460938,1669300,0.0,0.0
2025-04-03,11.577124672187251,11.917628721051125,11.489567362975494,11.791155815124512,1419100,0.0,0.0
2025-04-04,11.567397078944868,11.625768620327532,11.304722359326107,11.470109939575195,2750900,0.0,0.0
2025-04-07,11.29499340057373,11.47983877884659,11.061505380670145,11.29499340057373,1882200,0.0,0.0
2025-04-08,11.431195570560108,11.431195570560108,10.818288803100586,10.818288803100586,942800,0.0,0.0
2025-04-09,10.71127329717815,11.207436032837926,10.682086598987167,11.042048454284668,1607500,0.0,0.0
2025-04-10,11.090691443330815,11.090691443330815,10.506971378197003,10.584800720214844,1435600,0.0,0.0
2025-04-11,10.575071812333782,10.711273624659134,10.516700269765018,10.604257583618164,999100,0.0,0.0
2025-04-14,10.633444346786895,10.85720347431394,10.536157204854039,10.818288803100586,726700,0.0,0.0
2025-04-15,10.866931955140375,11.003133763035924,10.740459046622846,10.964219093322754,746300,0.0,0.0
2025-04-16,10.857202616307477,11.30472176379465,10.828016847153647,11.129605293273926,1047000,0.0,0.0
2025-04-17,11.275536465280412,11.275536465280412,10.993404877553589,11.061505317687988,1051500,0.0,0.0
2025-04-22,11.012861831570074,11.499295671166616,11.012861831570074,11.372822761535645,734700,0.0,0.0
2025-04-23,11.440923737832033,11.635497081441649,11.421465939571629,11.596582412719727,736000,0.0,0.0
2025-04-24,11.635497730853933,12.238675593608363,11.567397288739397,12.209489822387695,1523100,0.0,0.0
2025-04-25,12.238675612706631,12.501350337499348,12.112202700154466,12.28731918334961,882000,0.0,0.0
2025-04-28,12.297047528791575,12.355419068693102,12.024643916588115,12.04410171508789,587000,0.0,0.0
2025-04-29,12.024643852053634,12.209489225613865,11.85925627688875,11.868985176086426,791700,0.0,0.0
2025-04-30,11.820341641888806,12.034372785858658,11.518753188284782,11.985729217529297,968600,0.0,0.0
2025-05-02,12.063559112105398,12.335962736193457,11.849528886063418,12.267861366271973,815000,0.0,0.0
2025-05-05,12.228946150350707,12.27758971875554,11.907899897797268,12.005187034606934,749100,0.0,0.0
2025-05-06,12.005187531665813,12.404063139062341,11.995458632022254,12.112202644348145,656400,0.0,0.0
2025-05-07,12.345690677253899,12.345690677253899,11.985729740392008,12.092745780944824,801400,0.0,0.0
2025-05-08,11.752241141791458,12.063558493002182,11.139334410746182,11.732784271240234,4532600,0.0,0.0
2025-05-09,11.830070514275945,11.907899852306796,11.538210032760812,11.849528312683105,1771300,0.0,0.0
2025-05-12,11.917628704770689,11.956543373633494,11.557667785840012,11.693869590759277,1540200,0.0,0.0
2025-05-13,11.68414116120107,11.88844341289181,11.567397149920497,11.742512702941895,1276500,0.0,0.0
2025-05-14,11.830070537019969,11.976001241957544,11.693869659103575,11.92735767364502,1594200,0.0,0.0
2025-05-15,12.014915926574295,12.17057460313641,11.868985221448138,12.024643898010254,1006300,0.0,0.0
2025-05-16,11.917628767198076,12.063558544248291,11.800884759998127,11.94681453704834,583900,0.0,0.0
2025-05-19,11.878714070963309,11.956543408918602,11.723055395052718,11.810613632202148,572100,0.0,0.0
2025-05-20,11.800885239828549,11.956543922424316,11.723055898530665,11.956543922424316,529900,0.0,0.0
2025-05-21,11.927358103608915,11.927358103608915,11.723055851570628,11.820342063903809,1020300,0.0,0.0
2025-05-22,11.684140618330792,11.83979929280599,11.538209915161133,11.538209915161133,1085400,0.0,0.0
2025-05-23,11.518753109966983,11.75224112300172,11.38255130513061,11.713326454162598,755700,0.0,0.0
2025-05-26,11.703598022460938,11.85925670403465,11.60631181037683,11.703598022460938,478800,0.0,0.0
2025-05-27,11.703598072073763,11.966272794192106,11.703598072073763,11.898171424865723,402100,0.0,0.0
2025-05-28,11.89817148161966,12.1122026346112,11.82034214013163,12.073287963867188,634500,0.0,0.0
2025-05-29,12.05383061830452,12.199760395905262,11.985729251331795,12.102473258972168,452800,0.0,0.0
2025-05-30,12.170575026140261,12.219218596206316,11.820342063903809,11.820342063903809,723100,0.0,0.0
2025-06-02,12.005187530051552,12.053831100463867,11.820342148044544,12.053831100463867,578700,0.0,0.0
2025-06-03,12.0732875588874,12.355419144267563,11.976001349190147,12.258132934570312,759100,0.0,0.0
2025-06-04,12.190031567203443,12.4916209512024,12.170574696383554,12.258132934570312,1435200,0.0,0.0
2025-06-05,12.258133383298704,12.306776026028519,12.112202671712447,12.170575141906738,769300,0.0,0.0
2025-06-06,12.238675603187835,12.365148515641636,12.141388461977545,12.248404502868652,3599700,0.0,0.0
2025-06-09,12.25813342155713,12.433248977088672,12.131660508907219,12.326233863830566,528500,0.0,0.0
2025-06-10,12.452706307595063,12.472163178455313,12.248404060668467,12.394333839416504,518400,0.0,0.0
2025-06-11,12.326233417995843,12.501349894992437,12.199760509920404,12.41379165649414,811900,0.0,0.0
2025-06-12,12.355419331161809,12.929411409914024,12.326233560591046,12.900225639343262,833100,0.0,0.0
2025-06-13,12.900225597018018,12.900225597018018,12.481892199747637,12.744566917419434,844000,0.0,0.0
2025-06-16,12.851581615993895,13.094798527024968,12.832123817767943,12.948868751525879,420000,0.0,0.0
2025-06-17,12.95859713796803,12.98778383624195,12.598636209446575,12.744566917419434,566600,0.0,0.0
2025-06-18,12.783481569007106,12.822396238851008,12.598636191399388,12.725109100341797,469500,0.0,0.0
2025-06-20,12.579179259431035,12.627821900651055,12.413791681446023,12.549992561340332,483500,0.0,0.0
2025-06-23,12.452706795547533,12.491621466591788,12.180304098237755,12.40406322479248,531800,0.0,0.0
2025-06-24,12.335962328141449,12.501349905938845,12.316504529436386,12.452706336975098,450400,0.0,0.0
2025-06-25,12.384604994005231,12.598636141193223,12.345690324316406,12.588907241821289,517300,0.0,0.0
2025-06-26,12.579179245161278,12.579179245161278,12.287318759177701,12.452706336975098,933100,0.0,0.0
2025-06-27,12.45270648277282,13.143442572308313,12.374877142639152,12.997511863708496,920000,0.0,0.0
2025-06-30,12.929410965074709,13.055883870261912,12.861310526819633,12.987783432006836,316900,0.0,0.0
2025-07-01,12.919682135093893,13.2893719535121,12.890496365371082,13.221271514892578,1037900,0.0,0.0
2025-07-02,13.221271795312648,13.221271795312648,12.520806812516247,12.627821922302246,1247500,0.0,0.0
2025-07-03,12.618093608736261,13.026698093643294,12.618093608736261,13.007240295410156,427100,0.0,0.0
2025-07-04,13.016969206313863,13.055883875016491,12.832123834127218,13.046154975891113,334200,0.0,0.0
2025-07-07,13.065612677467788,13.114255317136996,12.657008195214072,12.734837532043457,763700,0.0,0.0
2025-07-08,12.802938052956641,13.055883863194115,12.744566513854998,13.007240295410156,518500,0.0,0.0
2025-07-09,13.016969182668847,13.12398428945696,12.89049627766532,12.9683256149292,612400,0.0,0.0
2025-07-10,12.598635733775765,13.036425985567417,12.462434858168827,12.793209075927734,788200,0.0,0.0
2025-07-11,12.871039002440941,13.192086191448215,12.627822081658923,13.133713722229004,1070100,0.0,0.0
2025-07-14,13.114255444798918,13.221271479830241,12.851581662392437,13.104527473449707,645900,0.0,0.0
2025-07-15,13.065613281305694,13.250457732868503,12.968326141873318,13.133713722229004,689300,0.0,0.0
2025-07-16,13.123984367218403,13.240728373805949,12.978054590933695,13.182356834411621,558400,0.0,0.0
2025-07-17,13.192085853614527,13.67851968272157,13.114255587382413,13.552046775817871,974400,0.0,0.0
2025-07-18,13.600689351797866,13.639604948628271,13.289371999545786,13.376930236816406,728000,0.0,0.0
2025-07-21,13.386659124532803,13.542317800525225,13.123984412946422,13.33801555633545,677100,0.0,0.0
2025-07-22,13.269915059571762,13.47421730286909,13.10452748510255,13.143442153930664,782900,0.0,0.0
2025-07-23,13.075341369595515,13.620147685236505,13.075341369595515,13.542318344116211,574900,0.0,0.0
2025-07-24,13.464488462529015,13.542317800525225,13.221271549341132,13.33801555633545,698700,0.0,0.0
2025-07-25,13.415845500286549,13.843906878600002,13.279643688741892,13.81472110748291,1686300,0.0,0.0
2025-07-28,13.834178438493938,14.067666455125327,13.814720639875203,13.82444953918457,1280600,0.0,0.0
2025-07-29,13.756349565248724,13.98010869014466,13.746620665610049,13.81472110748291,758200,0.0,0.0
2025-07-30,13.873093194630103,14.135766983032227,13.795263855266592,14.135766983032227,1222400,0.0,0.0
2025-07-31,14.164953224900113,14.203867893328455,13.989836753073128,14.184410095214844,1080800,0.0,0.0
2025-08-01,14.20386880040804,14.223325671965316,13.970379847128159,13.989837646484375,1112600,0.0,0.0
2025-08-04,14.077395406452155,14.12603897537983,13.834178489612686,13.960651397705078,728600,0.0,0.0
2025-08-05,14.009293998226655,14.009293998226655,13.727162412622611,13.863364219665527,884700,0.0,0.0
2025-08-06,14.009294103373863,14.271968820114093,13.766077185413907,14.19413948059082,872600,0.0,0.0
2025-08-07,14.252511434905182,14.252511434905182,13.48394598896188,14.009294509887695,1827600,0.0,0.0
2025-08-08,13.950922348093888,14.203868161554185,13.532588958740234,13.532588958740234,886800,0.0,0.0
2025-08-11,13.610418239322186,13.659061807519542,13.221271549341132,13.33801555633545,1292900,0.0,0.0
2025-08-12,13.31855783659325,13.804991665841781,13.31855783659325,13.610418319702148,943300,0.0,0.0
2025-08-13,13.610418825076318,13.834178877294597,13.571504154403433,13.697977066040039,954000,0.0,0.0
2025-08-14,13.72716285494935,13.814721096026954,13.581233071685965,13.717434883117676,724100,0.0,0.0
2025-08-15,13.795263758005188,13.824449528111007,13.600689483169315,13.785534858703613,923800,0.0,0.0
2025-08-18,13.834178837216779,14.028752190017514,13.542318344116211,13.542318344116211,811600,0.0,0.0
2025-08-19,13.795263490578149,13.795263490578149,12.86131051510687,12.948868751525879,1680800,0.0,0.0
2025-08-20,12.958596796997274,13.308829744677562,12.851581689538792,13.240728378295898,749300,0.0,0.0
2025-08-21,13.00724025964848,13.338015406311312,12.880767354877465,12.890496253967285,661600,0.0,0.0
2025-08-22,12.90022567299017,13.201814134538814,12.880767874026297,13.07534122467041,314400,0.0,0.0
2025-08-25,13.026698621246569,13.318558184173352,13.026698621246569,13.172628402709961,469900,0.0,0.0
2025-08-26,13.133713760552302,13.260186671063861,13.055884419898868,13.231000900268555,440900,0.0,0.0
2025-08-27,13.250457404522125,13.629876125547689,13.201813836011324,13.590961456298828,375500,0.0,0.0
2025-08-28,13.59096151527218,13.84390640258789,13.522860147941996,13.84390640258789,628800,0.0,0.0
2025-08-29,13.629876147947927,13.892549933859705,13.629876147947927,13.668790817260742,549900,0.0,0.0
2025-09-01,13.72716236851451,13.756349066372076,13.474217481674577,13.7077054977417,648100,0.0,0.0
2025-09-02,13.620147644861117,13.620147644861117,13.386659622192383,13.386659622192383,471100,0.0,0.0
2025-09-03,13.42557376303747,13.513132000034059,13.201813720957418,13.279643058776855,528300,0.0,0.0
2025-09-04,13.26018677949871,13.804992168527875,13.26018677949871,13.659062385559082,612200,0.0,0.0
2025-09-05,13.659061929111324,13.912007743750157,13.542317921077762,13.7077054977417,383600,0.0,0.0
2025-09-08,13.69797654605681,13.76607698519949,13.522860070776892,13.571503639221191,594800,0.0,0.0
2025-09-09,13.513132573145834,13.610418785646734,13.474217902585686,13.542318344116211,506600,0.0,0.0
2025-09-10,13.435303251597881,13.756349516136522,13.435303251597881,13.620147705078125,514100,0.0,0.0
2025-09-11,13.620147667209643,13.668791237295178,13.50340365568372,13.522860527038574,407300,0.0,0.0
2025-09-12,13.532589454411719,13.639605494379493,13.503403683420022,13.581233024597168,326000,0.0,0.0
2025-09-15,13.561775146812153,13.629876515796704,13.328287124633789,13.328287124633789,917900,0.0,0.0
2025-09-16,13.357472344759568,13.425573710936462,12.997511426791856,13.06561279296875,1353300,0.0,0.0
2025-09-17,13.085070111102985,13.279643461553055,12.8515820905629,12.978055000305176,2152900,0.0,0.0
2025-09-18,12.978054434559288,12.987783333607416,12.754294395446777,12.754294395446777,1553400,0.0,0.0
2025-09-19,12.773753073299927,12.832124616011106,12.442977905273438,12.442977905273438,1623700,0.0,0.0
2025-09-22,12.442977829651745,12.501350299807111,12.190032005310059,12.190032005310059,1169100,0.0,0.0
2025-09-23,12.180304004262426,12.267861317587256,12.024644393487437,12.073287963867188,1155100,0.0,0.0
2025-09-24,12.044101638751965,12.121930976659984,11.81061362502791,11.830070495605469,1718600,0.0,0.0
2025-09-25,11.830070460679964,11.859256230359584,11.664682886163972,11.713326454162598,1166000,0.0,0.0
2025-09-26,11.771698940141574,11.839799378769197,11.66468290481372,11.732784271240234,802700,0.0,0.0
2025-09-29,11.4701094532835,11.596582357982506,11.149063205893288,11.460380554199219,2675200,0.0,0.0
2025-09-30,11.674411750163573,11.791155756329342,11.509024176145678,11.596582412719727,5946900,0.0,0.0
2025-10-01,11.674412139578632,11.674412139578632,11.333908081054688,11.333908081054688,1434000,0.0,0.0
2025-10-02,11.343636938046368,11.411737378376667,11.139334689256557,11.17824935913086,1729800,0.0,0.0
2025-10-03,11.17824882281146,11.20743551966603,11.003133280678401,11.012861251831055,1348200,0.0,0.0
2025-10-06,11.220000267028809,11.239999771118164,10.9399995803833,11.029999732971191,1180100,0.307138,0.0
2025-10-07,10.949999809265137,10.949999809265137,10.760000228881836,10.789999961853027,1533300,0.0,0.0
2025-10-08,10.869999885559082,10.920000076293945,10.770000457763672,10.819999694824219,1153600,0.0,0.0
2025-10-09,10.890000343322754,11.079999923706055,10.850000381469727,10.979999542236328,1694700,0.0,0.0
2025-10-10,11.0,11.020000457763672,10.699999809265137,10.8100004196167,1129200,0.0,0.0
2025-10-13,10.819999694824219,10.899999618530273,10.720000267028809,10.75,721700,0.0,0.0
2025-10-14,10.800000190734863,10.859999656677246,10.680000305175781,10.699999809265137,1428100,0.0,0.0
2025-10-15,10.760000228881836,11.069999694824219,10.699999809265137,10.970000267028809,2393900,0.0,0.0
2025-10-16,10.989999771118164,10.989999771118164,10.59000015258789,10.59000015258789,1987600,0.0,0.0
2025-10-17,10.5,10.930000305175781,10.5,10.739999771118164,1324800,0.0,0.0
2025-10-20,10.739999771118164,10.8100004196167,10.680000305175781,10.729999542236328,633700,0.0,0.0
2025-10-21,10.789999961853027,10.90999984741211,10.699999809265137,10.829999923706055,927000,0.0,0.0
2025-10-22,10.829999923706055,10.960000038146973,10.819999694824219,10.869999885559082,826700,0.0,0.0
2025-10-23,10.9399995803833,10.9399995803833,10.720000267028809,10.819999694824219,895100,0.0,0.0
2025-10-24,10.84000015258789,11.050000190734863,10.819999694824219,10.850000381469727,698600,0.0,0.0
2025-10-27,10.869999885559082,11.069999694824219,10.869999885559082,10.979999542236328,1015600,0.0,0.0
2025-10-28,11.010000228881836,11.0600004196167,10.779999732971191,10.850000381469727,2133700,0.0,0.0
2025-10-29,10.899999618530273,11.0,10.859999656677246,10.880000114440918,817600,0.0,0.0
2025-10-30,10.859999656677246,11.130000114440918,10.829999923706055,10.949999809265137,1693100,0.0,0.0
2025-10-31,11.010000228881836,11.0600004196167,10.890000343322754,10.949999809265137,801800,0.0,0.0
2025-11-03,10.949999809265137,11.020000457763672,10.829999923706055,10.899999618530273,1446700,0.0,0.0
2025-11-04,10.949999809265137,10.949999809265137,10.800000190734863,10.850000381469727,948500,0.0,0.0
2025-11-05,10.850000381469727,11.039999961853027,10.800000190734863,10.920000076293945,1565500,0.0,0.0
2025-11-06,10.75,11.300000190734863,10.329999923706055,10.960000038146973,3164300,0.0,0.0
2025-11-07,10.90999984741211,10.920000076293945,10.5600004196167,10.720000267028809,1662100,0.0,0.0
2025-11-10,10.720000267028809,10.770000457763672,10.380000114440918,10.40999984741211,2107700,0.0,0.0
2025-11-11,10.40999984741211,10.789999961853027,10.40999984741211,10.569999694824219,2658500,0.0,0.0
2025-11-12,10.569999694824219,10.6899995803833,10.399999618530273,10.520000457763672,2723700,0.0,0.0
2025-11-13,10.539999961853027,10.619999885559082,10.260000228881836,10.270000457763672,1943500,0.0,0.0
2025-11-14,10.289999961853027,10.380000114440918,10.210000038146973,10.220000267028809,1756100,0.0,0.0
2025-11-17,10.270000457763672,10.279999732971191,10.020000457763672,10.109999656677246,3291400,0.0,0.0
2025-11-18,10.109999656677246,10.130000114440918,10.0,10.0600004196167,1674200,0.0,0.0
2025-11-19,10.010000228881836,10.029999732971191,9.90999984741211,9.90999984741211,1451000,0.0,0.0
2025-11-21,9.920000076293945,9.9399995803833,9.739999771118164,9.899999618530273,1921700,0.0,0.0
2025-11-24,9.930000305175781,10.109999656677246,9.84000015258789,10.0600004196167,1431400,0.0,0.0
2025-11-25,10.09000015258789,10.140000343322754,9.779999732971191,9.779999732971191,1013800,0.0,0.0
2025-11-26,9.789999961853027,10.1899995803833,9.789999961853027,10.100000381469727,1507300,0.0,0.0
2025-11-27,10.029999732971191,10.260000228881836,10.029999732971191,10.180000305175781,888400,0.0,0.0
2025-11-28,10.199999809265137,10.390000343322754,10.100000381469727,10.300000190734863,1155300,0.0,0.0
2025-12-01,10.289999961853027,10.40999984741211,10.229999542236328,10.239999771118164,1335800,0.0,0.0
2025-12-02,10.25,10.3100004196167,10.010000228881836,10.130000114440918,1526600,0.0,0.0
2025-12-03,10.149999618530273,10.289999961853027,10.0,10.119999885559082,1847500,0.0,0.0
2025-12-04,10.119999885559082,10.210000038146973,10.020000457763672,10.180000305175781,1728600,0.0,0.0
2025-12-05,10.180000305175781,10.25,9.880000114440918,9.880000114440918,2534800,0.0,0.0
2025-12-08,9.920000076293945,10.100000381469727,9.920000076293945,10.0,815600,0.0,0.0
2025-12-09,9.899999618530273,9.979999542236328,9.779999732971191,9.899999618530273,1299500,0.0,0.0
2025-12-10,9.960000038146973,10.130000114440918,9.899999618530273,10.100000381469727,1442400,0.0,0.0
2025-12-11,10.050000190734863,10.380000114440918,10.010000228881836,10.319999694824219,1573400,0.0,0.0
2025-12-12,10.359999656677246,10.40999984741211,10.119999885559082,10.1899995803833,823200,0.0,0.0
2025-12-15,10.210000038146973,10.300000190734863,10.199999809265137,10.199999809265137,858300,0.0,0.0
2025-12-16,10.130000114440918,10.180000305175781,10.020000457763672,10.0600004196167,1021100,0.0,0.0
2025-12-17,10.010000228881836,10.170000076293945,9.899999618530273,10.039999961853027,1281900,0.0,0.0
2025-12-18,10.100000381469727,10.100000381469727,9.930000305175781,9.930000305175781,1302000,0.0,0.0
2025-12-19,9.949999809265137,10.119999885559082,9.9399995803833,10.109999656677246,955700,0.0,0.0
2025-12-22,10.149999618530273,10.15999984741211,9.829999923706055,9.829999923706055,1458300,0.0,0.0
2025-12-23,9.890000343322754,9.949999809265137,9.850000381469727,9.90999984741211,619600,0.0,0.0
2025-12-26,9.90999984741211,10.050000190734863,9.819999694824219,10.050000190734863,695700,0.0,0.0
2025-12-29,9.979999542236328,10.020000457763672,9.90999984741211,10.010000228881836,698900,0.0,0.0
2025-12-30,10.0600004196167,10.130000114440918,9.989999771118164,10.09000015258789,759500,0.0,0.0
2026-01-02,10.100000381469727,10.119999885559082,9.710000038146973,9.819999694824219,2539000,0.0,0.0
2026-01-05,9.8100004196167,10.0,9.760000228881836,9.869999885559082,1428900,0.0,0.0
2026-01-06,9.880000114440918,9.970000267028809,9.779999732971191,9.850000381469727,2091600,0.0,0.0
2026-01-07,9.850000381469727,9.880000114440918,9.680000305175781,9.760000228881836,1808300,0.0,0.0
2026-01-08,9.75,9.859999656677246,9.729999542236328,9.75,1114400,0.0,0.0
2026-01-09,9.760000228881836,10.050000190734863,9.6899995803833,9.949999809265137,4758300,0.0,0.0
2026-01-12,10.010000228881836,10.109999656677246,9.770000457763672,10.109999656677246,1477400,0.0,0.0
2026-01-13,10.039999961853027,10.270000457763672,9.930000305175781,9.970000267028809,1113100,0.0,0.0
2026-01-14,10.069999694824219,10.069999694824219,9.890000343322754,10.039999961853027,1129000,0.0,0.0
2026-01-15,10.039999961853027,10.199999809265137,10.020000457763672,10.029999732971191,1912900,0.0,0.0
2026-01-16,10.029999732971191,10.039999961853027,9.84000015258789,10.010000228881836,1174200,0.0,0.0
2026-01-19,9.949999809265137,10.050000190734863,9.899999618530273,10.0,902400,0.0,0.0
2026-01-20,9.9399995803833,10.079999923706055,9.899999618530273,10.039999961853027,705200,0.0,0.0
2026-01-21,10.039999961853027,10.319999694824219,10.039999961853027,10.260000228881836,1047400,0.0,0.0
2026-01-22,10.3100004196167,10.569999694824219,10.3100004196167,10.470000267028809,1392800,0.0,0.0
2026-01-23,10.510000228881836,10.920000076293945,10.489999771118164,10.789999961853027,1403200,0.0,0.0
2026-01-26,10.84000015258789,10.880000114440918,10.510000228881836,10.800000190734863,908000,0.0,0.0
2026-01-27,10.850000381469727,10.970000267028809,10.760000228881836,10.760000228881836,938400,0.0,0.0
2026-01-28,10.890000343322754,11.100000381469727,10.829999923706055,11.050000190734863,1283900,0.0,0.0
2026-01-29,11.100000381469727,11.229999542236328,10.779999732971191,10.859999656677246,1259800,0.0,0.0
2026-01-30,10.890000343322754,11.069999694824219,10.84000015258789,11.020000457763672,1249900,0.0,0.0
2026-02-02,10.989999771118164,11.020000457763672,10.8100004196167,10.880000114440918,895700,0.0,0.0
2026-02-03,10.890000343322754,11.050000190734863,10.699999809265137,10.75,1631000,0.0,0.0
2026-02-04,10.710000038146973,10.899999618530273,10.569999694824219,10.720000267028809,1552100,0.0,0.0
2026-02-05,10.75,10.770000457763672,10.479999542236328,10.489999771118164,1430500,0.0,0.0
2026-02-06,10.5,10.539999961853027,10.289999961853027,10.5,1278500,0.0,0.0
2026-02-09,10.539999961853027,10.600000381469727,10.399999618530273,10.479999542236328,1204500,0.0,0.0
2026-02-10,10.510000228881836,10.510000228881836,10.350000381469727,10.40999984741211,826500,0.0,0.0
2026-02-11,10.420000076293945,10.640000343322754,10.420000076293945,10.5600004196167,844300,0.0,0.0
2026-02-12,10.579999923706055,10.829999923706055,10.430000305175781,10.479999542236328,1524700,0.0,0.0
2026-02-13,10.449999809265137,10.520000457763672,10.260000228881836,10.5,565800,0.0,0.0
2026-02-18,10.4399995803833,10.680000305175781,10.420000076293945,10.539999961853027,899800,0.0,0.0
2026-02-19,10.5600004196167,10.600000381469727,10.40999984741211,10.510000228881836,1122300,0.0,0.0
2026-02-20,10.510000228881836,10.600000381469727,10.279999732971191,10.520000457763672,1175500,0.0,0.0
2026-02-23,10.520000457763672,10.619999885559082,10.359999656677246,10.430000305175781,1061100,0.0,0.0
2026-02-24,10.40999984741211,10.949999809265137,10.40999984741211,10.90999984741211,1400700,0.0,0.0
2026-02-25,10.899999618530273,10.930000305175781,10.569999694824219,10.600000381469727,781100,0.0,0.0
2026-02-26,10.329999923706055,10.829999923706055,10.170000076293945,10.510000228881836,3299200,0.0,0.0
2026-02-27,10.449999809265137,10.579999923706055,10.420000076293945,10.550000190734863,987700,0.0,0.0
2026-03-02,10.5,10.5,10.119999885559082,10.180000305175781,1774700,0.0,0.0
2026-03-03,10.100000381469727,10.100000381469727,9.84000015258789,9.859999656677246,2082600,0.0,0.0
2026-03-04,9.949999809265137,10.119999885559082,9.729999542236328,9.800000190734863,1556200,0.0,0.0
2026-03-05,9.800000190734863,9.960000038146973,9.65999984741211,9.739999771118164,1911100,0.0,0.0
2026-03-06,9.699999809265137,9.789999961853027,9.430000305175781,9.460000038146973,1542600,0.0,0.0
2026-03-09,9.479999542236328,9.479999542236328,9.119999885559082,9.300000190734863,1503600,0.0,0.0
2026-03-10,9.3100004196167,9.5600004196167,9.279999732971191,9.489999771118164,1221100,0.0,0.0
2026-03-11,9.430000305175781,9.600000381469727,9.3100004196167,9.3100004196167,1251400,0.0,0.0
2026-03-12,9.270000457763672,9.40999984741211,9.180000305175781,9.350000381469727,1948500,0.0,0.0
2026-03-13,9.3100004196167,9.470000267028809,9.199999809265137,9.199999809265137,1132600,0.0,0.0
2026-03-16,9.260000228881836,9.369999885559082,9.199999809265137,9.210000038146973,1409900,0.0,0.0
2026-03-17,9.210000038146973,9.4399995803833,9.210000038146973,9.239999771118164,853800,0.0,0.0
2026-03-18,9.239999771118164,9.380000114440918,9.079999923706055,9.079999923706055,1093500,0.0,0.0
2026-03-19,9.069999694824219,9.109999656677246,8.899999618530273,9.100000381469727,1403800,0.0,0.0
2026-03-20,9.119999885559082,9.149999618530273,8.859999656677246,8.869999885559082,1150500,0.0,0.0
2026-03-23,8.9399995803833,9.3100004196167,8.9399995803833,9.220000267028809,949700,0.0,0.0
2026-03-24,9.270000457763672,9.270000457763672,8.949999809265137,9.050000190734863,703400,0.0,0.0
2026-03-25,9.109999656677246,9.25,9.0600004196167,9.170000076293945,1172300,0.0,0.0
2026-03-26,9.15999984741211,9.170000076293945,9.010000228881836,9.039999961853027,593600,0.0,0.0
2026-03-27,9.029999732971191,9.039999961853027,8.829999923706055,8.84000015258789,979100,0.0,0.0
2026-03-30,8.880000114440918,8.979999542236328,8.859999656677246,8.970000267028809,998700,0.0,0.0
2026-03-31,8.979999542236328,9.199999809265137,8.949999809265137,9.140000343322754,1363700,0.0,0.0
2026-04-01,9.170000076293945,9.449999809265137,9.15999984741211,9.40999984741211,2304500,0.0,0.0
2026-04-02,9.289999961853027,9.34000015258789,9.029999732971191,9.260000228881836,1477100,0.0,0.0
2026-04-06,9.270000457763672,9.3100004196167,9.069999694824219,9.119999885559082,882400,0.0,0.0
2026-04-07,9.0600004196167,9.09000015258789,8.869999885559082,8.90999984741211,1694600,0.0,0.0
2026-04-08,9.0600004196167,9.399999618530273,9.039999961853027,9.199999809265137,2051100,0.0,0.0
2026-04-09,9.199999809265137,9.720000267028809,9.199999809265137,9.640000343322754,2050100,0.0,0.0
2026-04-10,9.739999771118164,10.449999809265137,9.739999771118164,10.069999694824219,4747900,0.0,0.0
2026-04-13,9.930000305175781,10.130000114440918,9.800000190734863,10.0,1936800,0.0,0.0
2026-04-14,10.0600004196167,10.199999809265137,9.970000267028809,10.180000305175781,813100,0.0,0.0
2026-04-15,10.140000343322754,10.300000190734863,10.09000015258789,10.300000190734863,2203400,0.0,0.0
2026-04-16,10.3100004196167,10.34000015258789,10.010000228881836,10.010000228881836,793100,0.0,0.0
2026-04-17,10.029999732971191,10.329999923706055,10.029999732971191,10.260000228881836,1223100,0.0,0.0
2026-04-20,10.210000038146973,10.600000381469727,10.15999984741211,10.529999732971191,1363200,0.0,0.0
2026-04-22,10.5600004196167,10.5600004196167,10.199999809265137,10.229999542236328,814700,0.0,0.0
2026-04-23,10.229999542236328,10.420000076293945,9.850000381469727,9.930000305175781,949100,0.0,0.0
2026-04-24,9.989999771118164,10.039999961853027,9.710000038146973,9.819999694824219,869800,0.0,0.0
2026-04-27,9.760000228881836,9.989999771118164,9.65999984741211,9.710000038146973,870200,0.0,0.0
2026-04-28,9.760000228881836,9.760000228881836,9.569999694824219,9.600000381469727,783800,0.0,0.0
2026-04-29,9.579999923706055,9.619999885559082,9.350000381469727,9.399999618530273,933600,0.0,0.0
2026-04-30,9.59000015258789,9.59000015258789,9.270000457763672,9.449999809265137,1508000,0.0,0.0
2026-05-04,9.4399995803833,9.869999885559082,9.40999984741211,9.800000190734863,1114500,0.0,0.0
2026-05-05,9.770000457763672,9.890000343322754,9.5600004196167,9.779999732971191,902700,0.0,0.0
2026-05-06,9.84000015258789,10.220000267028809,9.819999694824219,10.100000381469727,1115000,0.0,0.0
2026-05-07,10.100000381469727,10.1899995803833,9.699999809265137,9.699999809265137,1424600,0.0,0.0
2026-05-08,9.800000190734863,9.859999656677246,9.619999885559082,9.739999771118164,1463500,0.0,0.0
2026-05-11,9.729999542236328,9.729999542236328,9.59000015258789,9.6899995803833,579300,0.0,0.0
2026-05-12,9.670000076293945,9.680000305175781,9.4399995803833,9.5,1144700,0.0,0.0
2026-05-13,9.449999809265137,9.470000267028809,9.220000267028809,9.289999961853027,1620200,0.0,0.0
2026-05-14,9.380000114440918,9.510000228881836,9.239999771118164,9.399999618530273,1586900,0.0,0.0
2026-05-15,9.229999542236328,9.300000190734863,9.079999923706055,9.149999618530273,1282100,0.0,0.0
2026-05-18,9.050000190734863,9.149999618530273,8.949999809265137,9.0,682800,0.0,0.0
2026-05-19,9.0,9.0,8.6899995803833,8.739999771118164,1343300,0.0,0.0
2026-05-20,8.789999961853027,9.079999923706055,8.760000228881836,9.039999961853027,674200,0.0,0.0
2026-05-21,9.010000228881836,9.130000114440918,8.949999809265137,9.09000015258789,953100,0.0,0.0
2026-05-22,9.130000114440918,9.130000114440918,8.979999542236328,9.079999923706055,491000,0.0,0.0
2026-05-25,9.079999923706055,9.170000076293945,9.039999961853027,9.100000381469727,550400,0.0,0.0
2026-05-26,9.140000343322754,9.140000343322754,8.960000038146973,9.09000015258789,744100,0.0,0.0
2026-05-27,9.09000015258789,9.319999694824219,9.09000015258789,9.119999885559082,692200,0.0,0.0
2026-05-28,9.180000305175781,9.210000038146973,9.020000457763672,9.020000457763672,546500,0.0,0.0
2026-05-29,9.029999732971191,9.09000015258789,8.930000305175781,8.979999542236328,790400,0.0,0.0
2026-06-01,8.989999771118164,9.09000015258789,8.800000190734863,9.050000190734863,949200,0.0,0.0
2026-06-02,9.140000343322754,9.5600004196167,9.100000381469727,9.4399995803833,1112400,0.0,0.0
2026-06-03,9.3100004196167,9.34000015258789,8.979999542236328,9.029999732971191,855000,0.0,0.0
2026-06-05,9.140000343322754,9.25,8.930000305175781,8.9399995803833,1162100,0.0,0.0
2026-06-08,9.010000228881836,9.119999885559082,8.890000343322754,8.9399995803833,810300,0.0,0.0
2026-06-09,8.949999809265137,9.119999885559082,8.899999618530273,8.9399995803833,828600,0.0,0.0
2026-06-10,9.020000457763672,9.020000457763672,8.670000076293945,8.739999771118164,1341600,0.0,0.0
2026-06-11,8.770000457763672,8.890000343322754,8.59000015258789,8.779999732971191,1396700,0.0,0.0
2026-06-12,9.029999732971191,9.300000190734863,8.880000114440918,9.149999618530273,2679300,0.0,0.0
2026-06-15,9.1899995803833,9.510000228881836,9.100000381469727,9.109999656677246,809800,0.0,0.0
2026-06-16,9.199999809265137,9.260000228881836,9.100000381469727,9.25,687500,0.0,0.0
2026-06-17,9.25,9.34000015258789,8.930000305175781,8.989999771118164,790800,0.0,0.0
2026-06-18,8.899999618530273,9.140000343322754,8.890000343322754,9.020000457763672,1375900,0.0,0.0
2026-06-19,9.020000457763672,9.460000038146973,8.920000076293945,9.460000038146973,1451400,0.0,0.0
2026-06-22,9.4399995803833,9.4399995803833,9.149999618530273,9.279999732971191,1104300,0.0,0.0
2026-06-23,9.279999732971191,9.279999732971191,9.010000228881836,9.100000381469727,855000,0.0,0.0
2026-06-24,9.0600004196167,9.079999923706055,8.90999984741211,9.039999961853027,847100,0.0,0.0
2026-06-25,9.039999961853027,9.229999542236328,9.0,9.109999656677246,447400,0.0,0.0
2026-06-26,9.210000038146973,9.270000457763672,9.09000015258789,9.270000457763672,414000,0.0,0.0
2026-06-29,9.260000228881836,9.260000228881836,9.0,9.140000343322754,515700,0.0,0.0
2026-06-30,9.140000343322754,9.140000343322754,8.960000038146973,9.020000457763672,707600,0.0,0.0
2026-07-01,9.020000457763672,9.260000228881836,9.0,9.079999923706055,964700,0.0,0.0
2026-07-02,9.140000343322754,9.199999809265137,8.890000343322754,8.920000076293945,1204300,0.0,0.0
2026-07-03,8.970000267028809,9.050000190734863,8.869999885559082,9.010000228881836,466800,0.0,0.0
2026-07-06,9.0,9.010000228881836,8.859999656677246,8.9399995803833,670800,0.0,0.0
2026-07-07,8.989999771118164,9.0,8.869999885559082,8.890000343322754,496500,0.0,0.0
2026-07-08,8.899999618530273,8.90999984741211,8.760000228881836,8.84000015258789,662600,0.0,0.0
2026-07-09,8.850000381469727,9.050000190734863,8.800000190734863,9.029999732971191,845300,0.0,0.0
2026-07-10,9.069999694824219,9.420000076293945,9.069999694824219,9.319999694824219,1401100,0.0,0.0
2026-07-13,9.289999961853027,9.350000381469727,9.130000114440918,9.25,864100,0.0,0.0
2026-07-14,9.199999809265137,9.329999923706055,9.119999885559082,9.329999923706055,603600,0.0,0.0
2026-07-15,9.289999961853027,9.369999885559082,9.180000305175781,9.229999542236328,469600,0.0,0.0
2026-07-16,9.079999923706055,9.34000015258789,9.0600004196167,9.34000015258789,715600,0.0,0.0
2026-07-17,9.260000228881836,9.470000267028809,9.260000228881836,9.350000381469727,741900,0.0,0.0
2026-07-20,9.380000114440918,9.4399995803833,9.260000228881836,9.34000015258789,612600,0.0,0.0
2026-07-21,9.329999923706055,9.420000076293945,9.260000228881836,9.350000381469727,486000,0.0,0.0
2026-07-22,9.399999618530273,9.399999618530273,9.220000267028809,9.300000190734863,764800,0.0,0.0
2026-07-23,9.289999961853027,9.350000381469727,9.140000343322754,9.279999732971191,609600,0.0,0.0
2026-07-24,9.149999618530273,9.270000457763672,9.130000114440918,9.239999771118164,444000,0.0,0.0
2026-07-27,9.239999771118164,9.420000076293945,9.210000038146973,9.319999694824219,628300,0.0,0.0
2026-07-28,9.40999984741211,9.609999656677246,9.390000343322754,9.550000190734863,781200,0.0,0.0
2026-07-29,9.460000038146973,9.600000381469727,9.40999984741211,9.539999961853027,638400,0.0,0.0
2026-07-30,9.539999961853027,9.569999694824219,9.420000076293945,9.5600004196167,710800,0.0,0.0
2026-07-31,9.520000457763672,9.720000267028809,9.420000076293945,9.710000038146973,757100,0.0,0.0
2026-08-03,9.710000038146973,9.760000228881836,9.5,9.710000038146973,1268100,0.0,0.0
2026-08-04,9.739999771118164,9.760000228881836,9.5,9.539999961853027,815000,0.0,0.0
2026-08-05,9.430000305175781,9.640000343322754,9.260000228881836,9.300000190734863,1086200,0.0,0.0
2026-08-06,9.1899995803833,9.710000038146973,9.130000114440918,9.399999618530273,1735400,0.0,0.0
2026-08-07,9.40999984741211,9.5600004196167,9.220000267028809,9.359999656677246,956300,0.0,0.0
2026-08-10,9.399999618530273,9.399999618530273,9.149999618530273,9.149999618530273,556500,0.0,0.0
2026-08-11,9.180000305175781,9.220000267028809,8.770000457763672,8.84000015258789,1391600,0.0,0.0
2026-08-12,8.899999618530273,9.180000305175781,8.850000381469727,9.180000305175781,995300,0.0,0.0
2026-08-13,9.149999618530273,9.399999618530273,9.149999618530273,9.170000076293945,541700,0.0,0.0
2026-08-14,9.15999984741211,9.199999809265137,8.850000381469727,8.949999809265137,755800,0.0,0.0
2026-08-17,8.930000305175781,9.09000015258789,8.920000076293945,9.039999961853027,393000,0.0,0.0
2026-08-18,9.029999732971191,9.119999885559082,9.020000457763672,9.029999732971191,435200,0.0,0.0
2026-08-19,9.100000381469727,9.270000457763672,8.979999542236328,9.0,692900,0.0,0.0
2026-08-20,8.970000267028809,9.0600004196167,8.920000076293945,9.020000457763672,506900,0.0,0.0
2026-08-21,9.029999732971191,9.15999984741211,9.0,9.09000015258789,1026600,0.0,0.0
2026-08-24,9.039999961853027,9.34000015258789,9.029999732971191,9.1899995803833,629100,0.0,0.0
2026-08-25,9.199999809265137,9.279999732971191,9.09000015258789,9.210000038146973,968900,0.0,0.0
2026-08-26,9.170000076293945,9.289999961853027,9.069999694824219,9.100000381469727,521000,0.0,0.0
2026-08-27,9.09000015258789,9.15999984741211,9.039999961853027,9.09000015258789,422300,0.0,0.0
2026-08-28,9.140000343322754,9.170000076293945,8.9399995803833,9.079999923706055,537500,0.0,0.0
2026-08-31,9.050000190734863,9.180000305175781,9.050000190734863,9.119999885559082,505700,0.0,0.0
2026-09-01,9.109999656677246,9.59000015258789,9.020000457763672,9.460000038146973,1421500,0.0,0.0
2026-09-02,9.489999771118164,9.949999809265137,9.420000076293945,9.859999656677246,1289700,0.0,0.0
2026-09-03,9.920000076293945,9.989999771118164,9.619999885559082,9.630000114440918,793100,0.0,0.0
2026-09-04,9.619999885559082,9.90999984741211,9.5600004196167,9.8100004196167,828100,0.0,0.0
2026-09-08,9.880000114440918,9.979999542236328,9.739999771118164,9.760000228881836,701400,0.0,0.0
2026-09-09,9.739999771118164,9.75,9.579999923706055,9.680000305175781,651600,0.0,0.0
2026-09-10,9.680000305175781,10.0,9.649999618530273,9.989999771118164,769300,0.0,0.0
2026-09-11,9.989999771118164,10.039999961853027,9.850000381469727,9.90999984741211,394000,0.0,0.0
2026-09-14,9.760000228881836,9.9399995803833,9.739999771118164,9.880000114440918,576600,0.0,0.0
2026-09-15,9.800000190734863,9.899999618530273,9.479999542236328,9.59000015258789,926100,0.0,0.0
2026-09-16,9.550000190734863,9.699999809265137,9.550000190734863,9.649999618530273,472400,0.0,0.0
2026-09-17,9.760000228881836,9.760000228881836,9.300000190734863,9.4399995803833,901700,0.0,0.0
2026-09-18,9.369999885559082,9.449999809265137,9.220000267028809,9.220000267028809,1213500,0.0,0.0
2026-09-21,9.300000190734863,9.529999732971191,9.220000267028809,9.4399995803833,661200,0.0,0.0
2026-09-22,9.359999656677246,9.479999542236328,9.319999694824219,9.479999542236328,497400,0.0,0.0
2026-09-23,9.4399995803833,9.520000457763672,9.3100004196167,9.3100004196167,498700,0.0,0.0
2026-09-24,9.3100004196167,9.399999618530273,9.149999618530273,9.279999732971191,740800,0.0,0.0
2026-09-25,9.270000457763672,9.449999809265137,9.25,9.399999618530273,647400,0.0,0.0
2026-09-28,9.390000343322754,9.470000267028809,9.25,9.34000015258789,397100,0.0,0.0
