Date,Open,High,Low,Close,Volume,Dividends,Stock splits
2020-09-18,8.089044884679296,8.218007568536715,7.870146698441233,8.055107116699219,25771268,0.0,0.0
2020-09-21,7.939717993507259,8.00250244140625,7.7717264743053365,8.00250244140625,13746773,0.0,0.0
2020-09-22,8.068678734463965,8.201035986034745,7.978744930609368,8.195945739746094,19144621,0.0,0.0
2020-09-23,8.109405286095306,8.277396790845433,8.05171109066663,8.106012344360352,15131299,0.0,0.0
2020-09-24,8.112800694773808,8.36224201843381,8.061894046741111,8.17897891998291,20599791,0.0,0.0
2020-09-25,8.078862890006924,8.240066857423983,7.997412253551954,8.197644233703613,18312874,0.0,0.0
2020-09-28,8.279094147654265,8.34018296028844,7.805664403024338,7.9244465827941895,17682747,0.0,0.0
2020-09-29,7.89050755278827,8.016076431100128,7.756453817190463,7.963473320007324,15141612,0.0,0.0
2020-09-30,8.026258285484237,8.078862234493227,7.822632545335684,7.941413879394531,23555510,0.0,0.0
2020-10-01,7.9176578178947645,8.009289780779223,7.826026689477088,7.99062442779541,13694692,0.0,0.0
2020-10-02,7.9498987277336415,8.095831106033492,7.703851202067728,7.71403169631958,25639261,0.0,0.0
2020-10-05,7.714030977084599,7.826025582547067,7.620702556432541,7.776815414428711,16708679,0.0,0.0
2020-10-06,7.83960169768969,7.876932403193517,7.697063090529221,7.753060817718506,11000409,0.0,0.0
2020-10-07,7.775119469983433,7.783603493132131,7.574887511433579,7.693668842315674,10030983,0.0,0.0
2020-10-08,7.690275107714477,7.79039192199707,7.627491500248099,7.79039192199707,11254626,0.0,0.0
2020-10-09,7.710638947804067,7.844692695392071,7.675003879162469,7.6783976554870605,9366307,0.0,0.0
2020-10-13,7.675004422510911,8.024562574223939,7.605432420164838,7.9244465827941895,29609783,0.0,0.0
2020-10-14,7.912567947583794,7.973655925751146,7.786999049151057,7.9244465827941895,14878630,0.0,0.0
2020-10-15,7.829420019129183,7.8684480283048055,7.703851133845255,7.805663585662842,11532562,0.0,0.0
2020-10-16,7.8022702314528365,7.814148866061851,7.661428928375244,7.661428928375244,10221774,0.0,0.0
2020-10-19,7.669913394719903,7.904083119408385,7.669913394719903,7.736091613769531,15602605,0.0,0.0
2020-10-20,7.780210880753708,7.8412980196234,7.705547802231382,7.766634941101074,17393981,0.0,0.0
2020-10-21,7.737788376252507,7.766635057973202,7.630884838538418,7.710638999938965,9666417,0.0,0.0
2020-10-22,7.685184058478189,7.839601292147418,7.574887584152664,7.832813739776611,17210409,0.0,0.0
2020-10-23,7.839600858703847,7.8888101934381005,7.690274714802179,7.810753345489502,18008123,0.0,0.0
2020-10-26,7.7954817089833055,7.9974109620174705,7.744575903886745,7.902385234832764,10599747,0.0,0.0
2020-10-27,7.8955981931341555,7.907475991311158,7.700455665588379,7.700455665588379,15243196,0.0,0.0
2020-10-28,7.585067799173034,7.586765938903351,7.367866965765164,7.381442070007324,13693661,0.0,0.0
2020-10-29,7.4561068008354985,7.457803272009546,7.242298861491858,7.447622776031494,26619000,0.0,0.0
2020-10-30,7.415380547747328,7.415380547747328,7.138789023764444,7.21175479888916,22177172,0.0,0.0
2020-11-03,7.328839536948562,7.4153804160917955,7.120122709979522,7.330536842346191,18966205,0.0,0.0
2020-11-04,7.381442060172469,7.642761982019183,7.339020276705588,7.445923805236816,19707197,0.0,0.0
2020-11-05,7.576584348350787,7.7055478483891395,7.483255916872202,7.686882495880127,15662937,0.0,0.0
2020-11-06,7.632581080901946,7.7751196832298985,7.561312614204713,7.7649383544921875,13653955,0.0,0.0
2020-11-09,7.88372159376432,8.005897555209216,7.824330084161844,7.88202428817749,17800315,0.0,0.0
2020-11-10,7.858268689204965,7.997413549021739,7.7768180395561215,7.931235313415527,18865653,0.0,0.0
2020-11-11,7.924446591411437,7.931234144548523,7.724213773867376,7.865055084228516,13183681,0.0,0.0
2020-11-12,7.86844773694603,8.063589444531758,7.566402499953636,7.59355354309082,19694822,0.0,0.0
2020-11-13,7.6427630593428475,7.668216800584292,7.457802655451183,7.5680999755859375,21707928,0.0,0.0
2020-11-16,7.669912729885675,7.697062102822735,7.510405261388791,7.591855049133301,11187591,0.0,0.0
2020-11-17,7.500225279364653,7.610523433966222,7.435744359677773,7.5680999755859375,21003031,0.0,0.0
2020-11-18,7.568099156783402,7.773423032134052,7.488346668553633,7.619006633758545,25336057,0.0,0.0
2020-11-19,7.6359760664523995,7.734394747948076,7.523981444839943,7.527375221252441,10595106,0.0,0.0
2020-11-23,7.415380109890351,7.461196505666527,7.350898362311581,7.42047119140625,15946030,0.0,0.0
2020-11-24,7.4510139179019355,7.483255207086823,7.349201472521625,7.393320560455322,24636833,0.0,0.0
2020-11-25,7.366171360015869,7.45440954795218,7.366171360015869,7.366171360015869,17928197,0.0,0.0
2020-11-26,7.372958285552586,7.619006640666327,7.366170733211976,7.615612030029297,12256022,0.0,0.0
2020-11-27,7.615613148808763,7.719123754442756,7.534163343222704,7.70385217666626,20920011,0.0,0.0
2020-11-30,7.720819802150255,7.824328721987089,7.557918548583984,7.557918548583984,35747076,0.0,0.0
2020-12-01,7.717425669690142,7.905779838562012,7.588463003760516,7.905779838562012,24842578,0.0,0.0
2020-12-02,7.91595930576306,8.241760921987254,7.890506406536129,8.20273208618164,29316377,0.0,0.0
2020-12-03,8.238370229324762,8.28588310449687,8.048319563103203,8.055107116699219,22450467,0.0,0.0
2020-12-04,8.021167458748703,8.114495881470168,7.812450652083114,7.870144844055176,16077005,0.0,0.0
2020-12-07,7.834510743603692,7.977049353087291,7.72082048535862,7.749667167663574,11795545,0.0,0.0
2020-12-08,7.7140313216377905,7.824328626831888,7.647853105414672,7.663125514984131,12388545,0.0,0.0
2020-12-09,7.71403114740986,7.7632413166147725,7.586765799183405,7.690274715423584,18908968,0.0,0.0
2020-12-10,7.714031590347364,7.826026204713364,7.554524943747368,7.824328899383545,13522980,0.0,0.0
2020-12-11,7.7411821296486805,8.021168260257134,7.686882542715818,8.007593154907227,14644523,0.0,0.0
2020-12-14,8.036439552855645,8.083952419903115,7.6800947189331055,7.6800947189331055,20371873,0.0,0.0
2020-12-15,7.680094203256551,7.778512872494149,7.591855193054999,7.7598466873168945,13801948,0.0,0.0
2020-12-16,7.759847932546412,7.819238604665092,7.542647068811307,7.5680999755859375,31392393,0.0,0.0
2020-12-17,7.574887585252003,7.627491533366758,7.445924090187948,7.481558322906494,20448190,0.0,0.0
2020-12-18,7.488347480229809,7.596947494885739,7.4102906199228356,7.456106185913086,18768710,0.0,0.0
2020-12-21,7.400108093447321,7.444228020709579,7.269448954945475,7.345808506011963,13976238,0.0,0.0
2020-12-22,7.3475043094019235,7.389926927392024,7.289810950839439,7.381442070007324,13283202,0.0,0.0
2020-12-23,7.401806059063076,7.685184293026013,7.316960817371824,7.659731388092041,17370777,0.0,0.0
2020-12-28,7.703850878665158,7.783603365246076,7.620702947053763,7.756453990936279,16163119,0.0,0.0
2020-12-29,7.788694052810307,7.788694052810307,7.556220819149244,7.591855049133301,14490859,0.0,0.0
2020-12-30,7.593553769573523,7.630884473142143,7.451014335335464,7.540949821472168,17684809,0.0,0.0
2021-01-04,7.583371663787697,7.641065859368687,7.221935749053955,7.221935749053955,27196015,0.0,0.0
2021-01-05,7.206663015900908,7.274538537071947,7.042066128761186,7.2049665451049805,22315366,0.0,0.0
2021-01-06,7.177817482213856,7.316961488355124,7.060732606740456,7.169333457946777,27261503,0.0,0.0
2021-01-07,7.186302232410162,7.2558742344300216,7.116729395923484,7.164242267608643,20783364,0.0,0.0
2021-01-08,7.1795144159546185,7.428955731451518,7.135395322436768,7.401806354522705,36048733,0.0,0.0
2021-01-11,7.33053707646195,7.352596206068288,7.050550937652588,7.050550937652588,25569132,0.0,0.0
2021-01-12,7.084488771121377,7.14896968958427,7.003038135841766,7.074307441711426,19879425,0.0,0.0
2021-01-13,7.084488928739979,7.189695167183349,7.0437636101941,7.167636871337891,22567005,0.0,0.0
2021-01-14,7.206663590887396,7.294901775449864,7.1235164880522985,7.215148448944092,13370862,0.0,0.0
2021-01-15,7.215148196632662,7.274538863085607,7.143878896209087,7.221935749053955,17571366,0.0,0.0
2021-01-18,7.260965229021956,7.269449253058698,7.086186156090328,7.092973709106445,14240252,0.0,0.0
2021-01-19,7.1336975501332445,7.1557575126818715,6.984371814463313,7.055640697479248,16582860,0.0,0.0
2021-01-20,7.092973686062168,7.096366628092396,6.908012866973877,6.908012866973877,20547195,0.0,0.0
2021-01-21,6.918193516228122,6.936859285126476,6.777352639916354,6.831652641296387,16702492,0.0,0.0
2021-01-22,6.814683925965937,7.006431449384116,6.702689727089532,6.95382833480835,19423589,0.0,0.0
2021-01-26,6.950434215020457,7.043763062768114,6.840136903097512,6.889347076416016,19023958,0.0,0.0
2021-01-27,6.86389293024457,7.013219086867257,6.836743554416289,6.913103103637695,19556627,0.0,0.0
2021-01-28,6.9215875570417795,7.15745460639691,6.892740456811527,7.103154182434082,19800015,0.0,0.0
2021-01-29,7.0166132391034655,7.18121098060286,6.923285220680535,6.9351630210876465,17840020,0.0,0.0
2021-02-01,7.020006349403736,7.1065472239102725,6.9097086246372,7.053944110870361,11805342,0.0,0.0
2021-02-02,7.128608023831347,7.249086673962831,7.096366729415785,7.167636871337891,12608213,0.0,0.0
2021-02-03,7.191391571659682,7.22363202756893,7.028491152353238,7.081094264984131,14189718,0.0,0.0
2021-02-04,7.108244093887602,7.108244093887602,6.8435312085173745,6.863893032073975,28400063,0.0,0.0
2021-02-05,6.89274013094041,6.9657067394241885,6.777352987174818,6.863893032073975,21039643,0.0,0.0
2021-02-08,6.87237802455236,6.897830930345962,6.712870533583198,6.743415355682373,20733345,0.0,0.0
2021-02-09,7.086185535094833,7.381442396487603,7.06582204336422,7.221935749053955,92954053,0.0,0.0
2021-02-10,7.2372082162988125,7.271145144206127,6.964009646421041,6.991159439086914,35804314,0.0,0.0
2021-02-11,6.991158827281904,7.159150736332295,6.987765468574826,7.1506667137146,20243476,0.0,0.0
2021-02-12,7.145576028587153,7.1879978129600355,7.055640543948568,7.0726094245910645,15692844,0.0,0.0
2021-02-17,7.1659377613887525,7.264357267885966,6.994553320740212,6.997946262359619,21519199,0.0,0.0
2021-02-18,6.975887903969664,7.008127943946457,6.7620804169985105,6.7688679695129395,36085344,0.0,0.0
2021-02-19,6.7858365929665405,6.838439705721305,6.6110575395942055,6.660266876220703,31999316,0.0,0.0
2021-02-22,6.448156679513605,6.487185104848501,6.251318082014446,6.376887798309326,44678173,0.0,0.0
2021-02-23,6.431188019061,6.565241763001132,6.315799627164819,6.444762706756592,18066392,0.0,0.0
2021-02-24,6.5024571241663365,6.7094770641503585,6.480398412372234,6.510941982269287,34673488,0.0,0.0
2021-02-25,6.517729610776897,6.617845596968904,6.4074318781895965,6.446460723876953,20256883,0.0,0.0
2021-02-26,6.478700400888557,6.502456834264197,6.24453067779541,6.24453067779541,32211249,0.0,0.0
2021-03-01,6.314103525942618,6.317497719606942,5.991696016704456,6.012058258056641,32973383,0.0,0.0
2021-03-02,5.942485083690566,6.217380105086226,5.789765581000384,6.157989025115967,33805645,0.0,0.0
2021-03-03,6.110477164718881,6.315799797851615,5.957758064607505,6.275074481964111,28543930,0.0,0.0
2021-03-04,6.285256242123673,6.626330346205375,6.251318478808739,6.497366428375244,33270398,0.0,0.0
2021-03-05,6.499063775381252,6.514335351737358,6.315799852307357,6.363312721252441,19575706,0.0,0.0
2021-03-08,6.2360468050582645,6.612754303031189,6.212289536642459,6.315799713134766,52179367,0.0,0.0
2021-03-09,6.319193620458174,6.359918933955011,6.147807926158986,6.191927433013916,15018371,0.0,0.0
2021-03-10,6.227562505980065,6.373494481815145,6.135930538239382,6.329376220703125,16894314,0.0,0.0
2021-03-11,6.361615618218878,6.648388875913752,6.346343625145183,6.583907127380371,17984919,0.0,0.0
2021-03-12,6.582210948273082,6.6942051518779975,6.456641221878618,6.558454513549805,20612683,0.0,0.0
2021-03-15,6.57881678043661,6.908012674230355,6.57542342126766,6.716264724731445,36949062,0.0,0.0
2021-03-16,6.699296017507417,6.804502671491505,6.6110582459777625,6.6619648933410645,10572418,0.0,0.0
2021-03-17,6.605967147606404,7.077700797173483,6.558454279852873,7.047156810760498,34602328,0.0,0.0
2021-03-18,6.9623126395502855,7.257570350395817,6.957221974975935,7.160848140716553,34864795,0.0,0.0
2021-03-19,7.179514103076388,7.316960790576603,7.126910988023212,7.269448757171631,23939671,0.0,0.0
2021-03-22,7.267752084341012,7.267752084341012,7.07091306576995,7.193089008331299,15557228,0.0,0.0
2021-03-23,7.116728507356072,7.249085776239109,7.031884104225919,7.0760040283203125,16582860,0.0,0.0
2021-03-24,7.047156469732728,7.108243605135803,6.850317872941221,6.891043186187744,42468088,0.0,0.0
2021-03-25,6.8163806138324015,6.970797437929414,6.726446374923989,6.933465480804443,24968397,0.0,0.0
2021-03-26,6.98437236265065,7.047157227321922,6.836743920728241,6.9351630210876465,21336143,0.0,0.0
2021-03-29,6.896133458973521,7.004734288134257,6.877468108694851,6.9385552406311035,19285909,0.0,0.0
2021-03-30,6.919890218197881,7.036975075450628,6.911406195251079,6.982675075531006,13556497,0.0,0.0
2021-03-31,6.982675415726771,7.081094509378159,6.8842559048420116,6.991159439086914,14224267,0.0,0.0
2021-04-01,6.989462860546652,7.057338388301116,6.909709115435157,6.957221984863281,7876072,0.0,0.0
2021-04-05,6.958919657579352,7.123516986604526,6.935163221611434,7.091275691986084,11742948,0.0,0.0
2021-04-06,7.103154457675659,7.160848660371768,6.975888668548139,7.086186408996582,10972564,0.0,0.0
2021-04-07,7.06751964122906,7.104851181091331,6.9589192152267465,7.021703243255615,13733366,0.0,0.0
2021-04-08,7.014915879309712,7.1438793841222346,6.979281643897543,7.101457595825195,12134328,0.0,0.0
2021-04-09,7.211754629810095,7.447621666064882,7.171029314099907,7.293205261230469,26241543,0.0,0.0
2021-04-12,7.288113468132195,7.36108006889064,7.187997494017133,7.291507244110107,13150163,0.0,0.0
2021-04-13,7.238904015975695,7.2779328563203824,7.140484514216626,7.230419158935547,12690201,0.0,0.0
2021-04-14,7.220239771310413,7.26096508861963,7.050550949188674,7.101457595825195,21400084,0.0,0.0
2021-04-15,7.101456658472724,7.215147737054308,7.09636557724767,7.2134504318237305,10126378,0.0,0.0
2021-04-16,7.220239130363258,7.342414236978524,7.118425846128272,7.294901371002197,20961779,0.0,0.0
2021-04-19,7.27623658347142,7.347505053493518,7.0590357280673315,7.082791328430176,16728790,0.0,0.0
2021-04-20,7.094670236787448,7.288114664824907,6.928375186564477,7.177817344665527,16110523,0.0,0.0
2021-04-22,7.181210716222115,7.347504922600244,7.140485400096834,7.257570266723633,16106913,0.0,0.0
2021-04-23,7.259266425027405,7.34750460616536,7.2015730641347036,7.23551082611084,7814194,0.0,0.0
2021-04-26,7.235511815063198,7.306780290487355,7.04546115648737,7.10994291305542,7834820,0.0,0.0
2021-04-27,7.081094702144152,7.1065476073842175,6.923284937275541,6.928374767303467,7834820,0.0,0.0
2021-04-28,6.913103542365982,6.994554178420209,6.879165777343387,6.958919525146484,7874009,0.0,0.0
2021-04-29,6.992857068164517,7.33053698495209,6.960616192416613,7.262661457061768,27348648,0.0,0.0
2021-04-30,7.217767660531339,7.433580206170506,7.04648568312814,7.327385902404785,37303830,0.077164,0.0
2021-05-03,7.186937027137772,7.22290649072868,6.849514416244402,6.851226806640625,43456593,0.0,0.0
2021-05-04,6.8597916040342986,6.8649300389075,6.613147572417949,6.635414123535156,19741746,0.0,0.0
2021-05-05,6.674807968034498,6.724479926435413,6.596019475379991,6.690223693847656,11934255,0.0,0.0
2021-05-06,6.863216224779283,7.063614325561909,6.839236864068869,7.019082069396973,26476164,0.0,0.0
2021-05-07,7.049912386938189,7.180085640655984,6.995102839722014,7.1749467849731445,14581614,0.0,0.0
2021-05-10,7.183510934016709,7.1972134254790845,7.039635194810384,7.111573696136475,9845864,0.0,0.0
2021-05-11,7.027645637222272,7.210916042576017,7.022507202834356,7.094445705413818,13829793,0.0,0.0
2021-05-12,7.031072469468105,7.055051411484426,6.8512272457306524,6.85636568069458,12366887,0.0,0.0
2021-05-13,6.888908992841407,7.123563329161889,6.8837705582731346,7.060189723968506,15372109,0.0,0.0
2021-05-14,7.166383287607601,7.262300734107024,7.109860927783372,7.236608982086182,21645018,0.0,0.0
2021-05-17,7.193789312657092,7.289705919499714,7.049912717798526,7.14411735534668,10084611,0.0,0.0
2021-05-18,7.145829126518128,7.221192830025484,7.0447736725091605,7.156105995178223,6710182,0.0,0.0
2021-05-19,7.0653285176689495,7.231470401524162,7.0653285176689495,7.133840560913086,9660229,0.0,0.0
2021-05-20,7.145829511535571,7.2006394806759015,7.0430616616947415,7.118425369262695,11623833,0.0,0.0
2021-05-21,7.126989005792227,7.168096482647475,7.055050921295544,7.118425369262695,6359023,0.0,0.0
2021-05-24,7.145830027082829,7.252024349953777,7.111574636196003,7.2280449867248535,6389962,0.0,0.0
2021-05-25,7.226332244496283,7.294844707530016,7.192075170682108,7.210916519165039,7182520,0.0,0.0
2021-05-26,7.269151550439256,7.361643368380101,7.132126634971337,7.156105995178223,8757322,0.0,0.0
2021-05-27,7.171522040919782,7.229757632605189,7.031071917415382,7.185224533081055,17708013,0.0,0.0
2021-05-28,7.164670950428245,7.197213948869335,6.818683858139891,6.8443756103515625,28230413,0.0,0.0
2021-05-31,6.85294070876285,6.8580783012863,6.606296258514418,6.702213287353516,22054446,0.0,0.0
2021-06-01,6.697074732731623,6.769012397786918,6.6131473866423365,6.645689964294434,28674906,0.0,0.0
2021-06-02,6.645690430814205,6.721054145461169,6.578891616947218,6.71934175491333,21115444,0.0,0.0
2021-06-04,6.695362179054416,6.729618411899624,6.611433987434986,6.683372497558594,17320243,0.0,0.0
2021-06-07,6.638839207277733,6.738181858573213,6.619998279745223,6.643977642059326,10046968,0.0,0.0
2021-06-08,6.628561460099092,6.66624373371783,6.5018142531787095,6.575464725494385,21615111,0.0,0.0
2021-06-09,6.575465212788823,6.604583010037223,6.5035275466179066,6.524081707000732,10401737,0.0,0.0
2021-06-10,6.546347054213571,6.589167763069912,6.510378012539101,6.5583367347717285,9384870,0.0,0.0
2021-06-11,6.827247890622121,6.875206617008701,6.6045832175532,6.733043670654297,29491699,0.0,0.0
2021-06-14,6.751884561047629,6.830673896812708,6.688511372403496,6.738182067871094,9386417,0.0,0.0
2021-06-15,6.739895239287564,6.762161791888002,6.637126956126544,6.697075366973877,8495370,0.0,0.0
2021-06-16,6.679946274585288,6.760448414544488,6.61485943802253,6.6422648429870605,18613499,0.0,0.0
2021-06-17,6.62856194640295,6.709064091676944,6.522368048254002,6.582316875457764,10250651,0.0,0.0
2021-06-18,6.582316735931661,6.640551486853459,6.489824911407207,6.536070823669434,19249298,0.0,0.0
2021-06-21,6.560050104655104,6.5891679009054425,6.428163615756511,6.539495944976807,9195110,0.0,0.0
2021-06-22,6.537783375992953,6.544634200833718,6.440153120644014,6.498388290405273,10757021,0.0,0.0
2021-06-23,6.465845249173818,6.551484975584096,6.431589021690824,6.438439846038818,8181854,0.0,0.0
2021-06-24,6.488111539204018,6.505239654488453,6.428163556857135,6.4898247718811035,7823475,0.0,0.0
2021-06-25,6.498388533430876,6.64055147187886,6.3956206820438615,6.472696781158447,16907721,0.0,0.0
2021-06-28,6.4726969640936955,6.505239963531494,6.4230254274090965,6.505239963531494,7615668,0.0,0.0
2021-06-29,6.460707701224146,6.4915378890390105,6.277437280200732,6.325395584106445,16590079,0.0,0.0
2021-06-30,6.280862499953649,6.33053445790562,6.171243398960919,6.265447616577148,20841117,0.0,0.0
2021-07-01,6.258596132027235,6.328820989102734,6.1661051444683554,6.183233261108398,11940443,0.0,0.0
2021-07-02,6.202074066480926,6.28086298566489,6.131849206028773,6.25688362121582,13037235,0.0,0.0
2021-07-05,6.251744102902428,6.304841257840916,6.203785803461448,6.224339962005615,4378918,0.0,0.0
2021-07-06,6.203786212073071,6.22262671811129,6.07361295447607,6.102730751037598,13491525,0.0,0.0
2021-07-07,6.1386995320757896,6.203786373138428,6.032505633595937,6.203786373138428,13661175,0.0,0.0
2021-07-08,6.102730497744005,6.176380549574901,6.049633341512075,6.071899890899658,11640849,0.0,0.0
2021-07-12,6.073612904518636,6.248319261302132,6.065049267925511,6.232903957366943,17468751,0.0,0.0
2021-07-13,6.174668557806331,6.253457891494394,6.140412325768043,6.198647499084473,10348625,0.0,0.0
2021-07-14,6.251744549021287,6.381917807333488,6.179806884152099,6.344236373901367,15097266,0.0,0.0
2021-07-15,6.3253949322951035,6.371640840974903,6.196934495999833,6.217487812042236,12588618,0.0,0.0
2021-07-16,6.239754831166954,6.479548028661576,6.2329040060686545,6.349374771118164,23789616,0.0,0.0
2021-07-19,6.299702402037078,6.299702402037078,6.089027857188866,6.150688648223877,17870960,0.0,0.0
2021-07-20,6.160966154083262,6.25174432179475,6.1112941991562435,6.186657905578613,7945169,0.0,0.0
2021-07-21,6.1866580779645615,6.19864733771719,6.059910865019784,6.097591876983643,8921815,0.0,0.0
2021-07-22,6.0890284097779395,6.238042598263039,6.0787515401480245,6.212350845336914,12091014,0.0,0.0
2021-07-23,6.2003608145312725,6.231191000534177,6.0856024434672,6.121571063995361,8287562,0.0,0.0
2021-07-26,6.133561241334688,6.148976967307674,6.037644210243177,6.061623573303223,6597254,0.0,0.0
2021-07-27,6.044495843780729,6.1095822693902315,6.001675971009559,6.07361364364624,7121673,0.0,0.0
2021-07-28,6.1027309959597,6.208924895944402,6.063335907293815,6.191796779632568,11815655,0.0,0.0
2021-07-29,6.172955396710897,6.275723665858681,6.073612750572994,6.123283863067627,8254045,0.0,0.0
2021-07-30,6.092454151822284,6.160967043242772,6.042783032023935,6.07361364364624,10441442,0.0,0.0
2021-08-02,6.136987110469024,6.241468617960327,6.061623400147428,6.135273456573486,13271857,0.0,0.0
2021-08-03,6.148976784709481,6.190083841871613,6.003387799025429,6.143837928771973,9443139,0.0,0.0
2021-08-04,6.097591785630284,6.166104668045496,6.017089643642065,6.059910774230957,8862515,0.0,0.0
2021-08-05,6.107869004939977,6.1215710758853055,5.91432172526134,5.938301086425781,12733001,0.0,0.0
2021-08-06,5.922885206518987,6.116432481127572,5.89376741158206,6.083889484405518,15608278,0.0,0.0
2021-08-09,6.0719004814833335,6.217488630111676,6.035931857815072,6.106155872344971,9554520,0.0,0.0
2021-08-10,6.106155103075034,6.126709261529632,5.931449599420099,5.963992595672607,11670241,0.0,0.0
2021-08-11,5.97426986021487,6.0222285837735,5.916034267322247,5.982834339141846,13259482,0.0,0.0
2021-08-12,5.984547331284605,5.984547331284605,5.874927388414178,5.900619983673096,8281890,0.0,0.0
2021-08-13,5.8989064001602145,5.907470879447828,5.684806210132533,5.753317832946777,17435233,0.0,0.0
2021-08-16,5.72248768693649,5.8492357483263016,5.719062484804354,5.820117950439453,11336614,0.0,0.0
2021-08-17,5.737903037974497,5.809840706302902,5.575186351972636,5.626570701599121,15830524,0.0,0.0
2021-08-18,5.6282821910303715,5.6317082349389755,5.419320466116286,5.427884101867676,28713064,0.0,0.0
2021-08-19,5.400479365597325,5.67624161068518,5.352521062183111,5.64712381362915,33842772,0.0,0.0
2021-08-20,5.575185829622004,6.48297381556067,5.575185829622004,6.260308742523193,79781200,0.0,0.0
2021-08-23,6.215775273573459,6.236329432815729,5.9348750285910805,6.1952223777771,34978239,0.0,0.0
2021-08-24,6.226052290353781,6.280861835047888,6.118145591249533,6.217487812042236,14463530,0.0,0.0
2021-08-25,6.214063733097742,6.215776123691107,6.077039636030319,6.20207405090332,11056615,0.0,0.0
2021-08-26,6.174668361974059,6.327108168561086,6.142125363718461,6.167817115783691,16427133,0.0,0.0
2021-08-27,6.188370956284674,6.3836314892147445,6.164391592591508,6.340810775756836,22581959,0.0,0.0
2021-08-30,6.289426401056923,6.308266905929447,6.217487898736643,6.279149532318115,7434158,0.0,0.0
2021-08-31,6.28428809244399,6.292851728749075,6.0599106294538565,6.188370227813721,30374495,0.0,0.0
2021-09-01,6.154115376254839,6.320257263028904,6.128422780507498,6.244893550872803,12877383,0.0,0.0
2021-09-02,6.207211660235504,6.303128683880039,6.121571084527313,6.2500319480896,14471264,0.0,0.0
2021-09-03,6.255170540257575,6.256882930666252,6.05819721116516,6.097591876983643,32930584,0.0,0.0
2021-09-06,6.089028240345665,6.174668397063284,6.063335645837135,6.097591876983643,6473498,0.0,0.0
2021-09-08,6.087315250578864,6.099304931958638,5.761882305145264,5.761882305145264,25519629,0.0,0.0
2021-09-09,5.73790215724793,5.921172554969702,5.695082293613741,5.871501445770264,18785211,0.0,0.0
2021-09-10,5.871502230812546,6.003387883279966,5.765307489203954,5.8218302726745605,11775434,0.0,0.0
2021-09-13,5.898906072287232,6.035931416042914,5.840670901327885,5.986259460449219,11267517,0.0,0.0
2021-09-14,5.981120852252073,6.10615524820464,5.950290666708965,6.0102386474609375,10724019,0.0,0.0
2021-09-15,6.027367018440496,6.0667616842208,5.890342515135916,5.982834339141846,8764025,0.0,0.0
2021-09-16,5.950290599308275,6.119858513043462,5.912609168260499,6.011950969696045,19408119,0.0,0.0
2021-09-17,5.999961553827058,6.066761624994527,5.955429296111799,6.041069030761719,27685885,0.0,0.0
2021-09-20,6.029079035306156,6.150688648223877,5.9537161738234055,6.150688648223877,10216618,0.0,0.0
2021-09-21,6.164391391995493,6.296278309164848,6.106155796349996,6.181519508361816,11869283,0.0,0.0
2021-09-22,6.207211783855905,6.4452917467689055,6.154115047008011,6.356225967407227,14378447,0.0,0.0
2021-09-23,6.371640596158898,6.43672742809632,6.32881989084094,6.383630275726318,10372345,0.0,0.0
2021-09-24,6.328820488207407,6.52750620435822,6.251744390576088,6.4898247718811035,16705070,0.0,0.0
2021-09-27,6.424738493075687,6.606296097845409,6.383631015509263,6.536070823669434,16440540,0.0,0.0
2021-09-28,6.482973718235675,6.563475014935637,6.431589374194898,6.455568313598633,12502504,0.0,0.0
2021-09-29,6.455568477666247,6.664531482076181,6.4076101764912945,6.556623935699463,18283481,0.0,0.0
2021-09-30,6.782715231598698,6.9265905600134445,6.572039831347567,6.606296062469482,47519417,0.0,0.0
2021-10-01,6.645689713151779,6.645689713151779,6.4350143183789275,6.556623935699463,17211440,0.0,0.0
2021-10-04,6.560049775360459,6.561762165669993,6.345948343090506,6.402471542358398,10988549,0.0,0.0
2021-10-05,6.405897423131275,6.423025539528398,6.253458029494218,6.309980392456055,10662657,0.0,0.0
2021-10-06,6.248319769464637,6.311692959610459,6.101018385475103,6.286001205444336,15505663,0.0,0.0
2021-10-07,6.304841808152622,6.465846098470811,6.299702952206573,6.395620822906494,11290206,0.0,0.0
2021-10-08,6.4863996505737305,6.577178668603368,6.453856650164611,6.4863996505737305,9988184,0.0,0.0
2021-10-11,6.368215877043719,6.599444180922588,6.356226195775022,6.505239963531494,9441077,0.0,0.0
2021-10-13,6.5360708768443,6.697074744140673,6.455568732621786,6.659393310546875,12354512,0.0,0.0
2021-10-14,6.662817638986638,6.717628026948013,6.57717790813897,6.714202404022217,6635928,0.0,0.0
2021-10-15,6.715914458605313,6.746744642247646,6.637125556399301,6.68679666519165,5734568,0.0,0.0
2021-10-18,6.6337011603801415,6.745033499342468,6.560050678686156,6.655967712402344,11376319,0.0,0.0
2021-10-19,6.580603254380438,6.647403324048566,6.443578755489085,6.512091636657715,10484241,0.0,0.0
2021-10-20,6.537783120214279,6.65082825346805,6.450429737266977,6.482973575592041,7573900,0.0,0.0
2021-10-21,6.440153113680842,6.440153113680842,6.154114857378595,6.251744270324707,16874204,0.0,0.0
2021-10-22,6.090740952358428,6.202073280616357,5.892055236104573,6.111294269561768,24033004,0.0,0.0
2021-10-25,6.114720677377983,6.270585272369669,6.099304951548666,6.191796779632568,13588468,0.0,0.0
2021-10-26,6.107869273402037,6.169529648237797,5.998249331832128,6.090741157531738,15094688,0.0,0.0
2021-10-27,6.099304323266697,6.361364054694631,6.099304323266697,6.214062690734863,12990827,0.0,0.0
2021-10-28,6.167816978973021,6.30312866708273,6.152401254237989,6.186657905578613,11868767,0.0,0.0
2021-10-29,6.2123502043922585,6.27401057351276,6.029078960418701,6.029078960418701,9809768,0.0,0.0
2021-11-01,6.101018290327054,6.1986477127033766,6.042782693855039,6.119859218597412,7995703,0.0,0.0
2021-11-03,6.051346086869716,6.313406260420975,6.049633696426536,6.2688727378845215,14044820,0.0,0.0
2021-11-04,6.2500323938611535,6.27401133562106,6.065049579435194,6.1318488121032715,9875256,0.0,0.0
2021-11-05,6.166104582144453,6.29113897991678,6.148976467066426,6.1952223777771,7204693,0.0,0.0
2021-11-08,6.136986982286453,6.248319312696583,6.047921202188079,6.102730751037598,15021981,0.0,0.0
2021-11-09,6.104443299937559,6.301416634732385,6.095879663051663,6.203786373138428,8224137,0.0,0.0
2021-11-10,6.205499093516664,6.363077348581628,6.179807339195731,6.280862808227539,10583762,0.0,0.0
2021-11-11,6.342524121345956,6.431589903869704,6.29456539629158,6.325395584106445,7224288,0.0,0.0
2021-11-12,6.3082681648651695,6.380205839244742,6.113008462157253,6.17466926574707,7887932,0.0,0.0
2021-11-16,6.159253965326772,6.191796966150896,5.977696348100858,6.044495582580566,14738372,0.0,0.0
2021-11-17,6.070187179424634,6.104443412192806,5.880065929858618,5.943439960479736,9983543,0.0,0.0
2021-11-18,5.991397641003556,6.0239414798914686,5.86636324672355,5.897193431854248,18065876,0.0,0.0
2021-11-19,5.907471051736412,6.030793492533893,5.90575781890999,5.989686012268066,6878285,0.0,0.0
2021-11-22,5.9297366101167075,6.00852593968888,5.852660092056973,5.864649772644043,13188321,0.0,0.0
2021-11-23,5.854373535797296,5.893767356872559,5.748179646985244,5.893767356872559,10202695,0.0,0.0
2021-11-24,5.8047018706492315,5.904044939736245,5.78072250914547,5.86122465133667,8373676,0.0,0.0
2021-11-25,5.890342435772936,6.029079327615275,5.862937451251528,5.986259460449219,4441828,0.0,0.0
2021-11-26,5.902332272432293,5.93145006925554,5.799563577762012,5.849235534667969,9663323,0.0,0.0
2021-11-29,5.880065478435534,5.910895664411331,5.813266250814563,5.874927043914795,7980749,0.0,0.0
2021-11-30,5.84923559067503,5.8595124602404605,5.683093287182566,5.768733024597168,23759708,0.0,0.0
2021-12-01,5.763593769915384,5.886916187157337,5.6882300704897455,5.816690921783447,13436350,0.0,0.0
2021-12-02,5.895481825254026,6.289427249968325,5.862937982039925,6.286001205444336,21967817,0.0,0.0
2021-12-03,6.2911388159103785,6.453855904909699,6.2911388159103785,6.3921942710876465,15177708,0.0,0.0
2021-12-06,6.421312354332213,6.599443912202244,6.412748717780506,6.47612190246582,15058077,0.0,0.0
2021-12-07,6.546347061880869,6.5583367424530685,6.433301923348768,6.506953239440918,14993104,0.0,0.0
2021-12-08,6.51722941008146,6.671382870561506,6.503527338845093,6.602869987487793,13149648,0.0,0.0
2021-12-09,6.561762357788345,6.64055126602188,6.494963551261603,6.5583367347717285,12744861,0.0,0.0
2021-12-10,6.628561583783878,6.697074465247477,6.572039646321309,6.61657190322876,11533078,0.0,0.0
2021-12-13,6.596018834230852,6.782714862538153,6.549772924732595,6.714202404022217,19406056,0.0,0.0
2021-12-14,6.779289089311208,6.837524681376394,6.664531559009451,6.669669151306152,14850269,0.0,0.0
2021-12-15,6.679946546434853,6.832386353965899,6.568613795151929,6.786140441894531,15015277,0.0,0.0
2021-12-16,6.786140423650006,6.828960291341207,6.702213078672552,6.781001567840576,10815290,0.0,0.0
2021-12-17,6.707351515828408,6.983113333762316,6.695361834948789,6.846088409423828,37693148,0.0,0.0
2021-12-20,6.705639190357631,6.858078156714411,6.678233784075901,6.779289245605469,9441592,0.0,0.0
2021-12-21,6.789566433322613,6.858078052820104,6.702213044534264,6.851226806640625,10189804,0.0,0.0
2021-12-22,6.86664335273806,6.897473543083434,6.777577562903886,6.876920223236084,9747374,0.0,0.0
2021-12-23,6.846088087486563,6.899184822022205,6.792990931802293,6.832386016845703,10823025,0.0,0.0
2021-12-27,6.866642525011923,6.9197392617025715,6.803268497913411,6.859791278839111,9754077,0.0,0.0
2021-12-28,6.866642959173018,6.866642959173018,6.774151129992021,6.858078479766846,3790044,0.0,0.0
2021-12-29,6.8666432556417805,6.8666432556417805,6.772438610741978,6.825535774230957,6277550,0.0,0.0
2021-12-30,6.8323861331958,6.909462229675592,6.784427411115889,6.8820576667785645,10416175,0.0,0.0
2022-01-03,6.933441880412034,6.981400183347127,6.77072562313949,6.842663288116455,10158349,0.0,0.0
2022-01-04,6.832386419094975,6.832386419094975,6.572039902064324,6.65425443649292,18153537,0.0,0.0
2022-01-05,6.664531533552501,6.666243923928645,6.3373849534669295,6.368215560913086,13399739,0.0,0.0
2022-01-06,6.359652731172854,6.390482921381242,6.19693561567714,6.20207405090332,7695594,0.0,0.0
2022-01-07,6.148977360945209,6.186658798445995,6.03764459675355,6.07361364364624,17949854,0.0,0.0
2022-01-10,6.020515423270019,6.0427819722031035,5.871501668861235,5.957141399383545,10232603,0.0,0.0
2022-01-11,5.924598839766724,6.001675360988289,5.885204173364591,5.9622802734375,7893089,0.0,0.0
2022-01-12,5.9348751789458385,6.07018687034162,5.902332180621775,6.042782306671143,11217499,0.0,0.0
2022-01-13,6.042782344139793,6.087315023598351,5.963993012296271,6.037643909454346,10542510,0.0,0.0
2022-01-14,6.0376431834388145,6.07703826577204,5.9879712329704695,6.013664245605469,4884258,0.0,0.0
2022-01-17,6.032505331398054,6.143837659121457,5.999961491348355,6.065049171447754,5498915,0.0,0.0
2022-01-18,6.034217819266627,6.087314977278888,5.953716518771139,5.97084379196167,6114604,0.0,0.0
2022-01-19,6.018803331840365,6.159253457090205,6.001675216425916,6.113007545471191,7952389,0.0,0.0
2022-01-20,6.147263499399577,6.27743760967085,6.142125906600002,6.166105270385742,8135961,0.0,0.0
2022-01-21,6.140412673752336,6.251745013037445,6.1010184258244475,6.166105270385742,9006897,0.0,0.0
2022-01-24,6.104442888086725,6.2140628235332915,5.986259316332028,6.071899890899658,8486604,0.0,0.0
2022-01-25,5.9725574267349035,6.107869117507977,5.866363532198149,6.104443073272705,16431774,0.0,0.0
2022-01-26,6.116432443948737,6.337384700684308,6.071899767229229,6.205498218536377,23023357,0.0,0.0
2022-01-27,6.294565309126799,6.387056292439275,6.246606163587883,6.337385177612305,16125992,0.0,0.0
2022-01-28,6.296277790356287,6.363076596383436,6.2037859695994,6.251744270324707,14650711,0.0,0.0
2022-01-31,6.238042498224515,6.445291856806844,6.210637091835578,6.399045944213867,13324969,0.0,0.0
2022-02-01,6.428164172067657,6.513804756686109,6.309980586442876,6.340810775756836,13140881,0.0,0.0
2022-02-02,6.323682931487614,6.363076754566107,6.184945196903338,6.23804235458374,11510905,0.0,0.0
2022-02-03,6.244893318968377,6.316830984024578,6.159253582450384,6.28428840637207,13575576,0.0,0.0
2022-02-04,6.304841797673912,6.304841797673912,6.099304827268616,6.143837928771973,9600413,0.0,0.0
2022-02-07,6.138699341793752,6.183232863341702,6.058197198764245,6.099304676055908,6405947,0.0,0.0
2022-02-08,6.029079625685084,6.210637235966735,6.0033878725747405,6.133561134338379,7393937,0.0,0.0
2022-02-09,6.191796798226041,6.248319582224826,6.094166534955413,6.1318488121032715,10193929,0.0,0.0
2022-02-10,6.1198588507657,6.226052746212663,6.106155516004451,6.1626787185668945,6977290,0.0,0.0
2022-02-11,6.210637892362502,6.277437973644615,6.128423347193175,6.17466926574707,12479300,0.0,0.0
2022-02-14,6.181519009349823,6.2209140949608095,6.025654005296049,6.068474292755127,11193779,0.0,0.0
2022-02-15,6.128423285866953,6.244894065836622,6.041069885028173,6.239755630493164,7986422,0.0,0.0
2022-02-16,6.2860006347769835,6.352799863382503,6.246605969537349,6.306554794311523,10241885,0.0,0.0
2022-02-17,6.30826683905506,6.4641318376440635,6.2174878328246095,6.412748336791992,20327011,0.0,0.0
2022-02-18,6.423025128804944,6.616571989418649,6.375066405959743,6.481260299682617,15329825,0.0,0.0
2022-02-21,6.534358098926371,6.7621616336674135,6.4846869808209044,6.710777282714844,18035453,0.0,0.0
2022-02-22,6.733043644382863,6.870068155232626,6.690223774282024,6.80155611038208,16275532,0.0,0.0
2022-02-23,6.7724382998116965,6.899185519378578,6.7724382998116965,6.803268909454346,11745011,0.0,0.0
2022-02-24,6.678233470885827,6.928302685051661,6.6217106916996125,6.888908863067627,14822423,0.0,0.0
2022-02-25,6.842662799782927,7.2229060998703005,6.842662799782927,7.0927324295043945,24952928,0.0,0.0
2022-03-02,7.092732797983459,7.205778359700436,6.892334268815643,7.157818794250488,24138197,0.0,0.0
2022-03-03,7.154394133511506,7.286280203245631,7.080742814856888,7.21434211730957,19741746,0.0,0.0
2022-03-04,7.214342311156317,7.286280399025327,7.103009977269608,7.260588645935059,12970201,0.0,0.0
2022-03-07,7.046486056110201,7.248597806233388,6.984825686505453,7.091019153594971,14950305,0.0,0.0
2022-03-08,7.1132861166712065,7.137265476832341,6.8906210506092975,7.041348457336426,17760610,0.0,0.0
2022-03-09,7.0756050530781,7.447284755825149,7.043062053240506,7.431869029998779,19863440,0.0,0.0
2022-03-10,7.323961899269872,7.365069376057924,7.157818759436181,7.243460178375244,14735794,0.0,0.0
2022-03-11,7.277716437670028,7.28285445114011,7.108148516400698,7.166383266448975,10047484,0.0,0.0
2022-03-14,7.24517180843393,7.363355370648475,7.142403969545785,7.267437934875488,14339773,0.0,0.0
2022-03-15,7.192075279033024,7.330813439915123,7.161245512500693,7.318823337554932,11916207,0.0,0.0
2022-03-16,7.330813285061464,7.413028240203857,7.234896679692642,7.413028240203857,12103905,0.0,0.0
2022-03-17,7.433581556199721,7.639118113357674,7.401038555767974,7.592872619628906,19102337,0.0,0.0
2022-03-18,7.580883324256344,7.832665373984393,7.579170091453426,7.735036373138428,27769420,0.0,0.0
2022-03-21,7.723046319017892,7.870348122210093,7.693928941861133,7.793272018432617,15705220,0.0,0.0
2022-03-22,7.781280712867394,7.878910541534424,7.759014585812438,7.878910541534424,11227296,0.0,0.0
2022-03-23,7.830952099433835,7.885762066182129,7.767578496529747,7.832664489746094,9168812,0.0,0.0
2022-03-24,7.875485740139604,7.904603958129883,7.796696407509329,7.904603958129883,16353395,0.0,0.0
2022-03-25,7.685364228301684,7.765865952957238,7.514083909313441,7.680225372314453,19341084,0.0,0.0
2022-03-28,7.663096884655503,7.743599447705373,7.505519908507246,7.550052165985107,17120170,0.0,0.0
2022-03-29,7.657959960029218,7.839516303439338,7.544913553125177,7.697353363037109,16064114,0.0,0.0
2022-03-30,7.699067538874294,7.781281653731058,7.649395581111706,7.748737812042236,13842169,0.0,0.0
2022-03-31,7.736749179487253,8.171802520751953,7.733323555994638,8.171802520751953,38666184,0.0,0.0
2022-04-01,8.235175271444199,8.862061778023698,8.214621532641859,8.781560897827148,53402494,0.0,0.0
2022-04-04,8.76443338153305,8.875765719844114,8.565747226189508,8.829520225524902,24761105,0.0,0.0
2022-04-05,8.844933743075277,8.923723068366906,8.64110960531729,8.754155158996582,17348088,0.0,0.0
2022-04-06,8.697632520348845,8.790124342943644,8.469829850366843,8.618844032287598,16573579,0.0,0.0
2022-04-07,8.581162132499426,8.906595479063707,8.558895161586573,8.872339248657227,30686465,0.0,0.0
2022-04-08,8.829520099651775,8.85692508620503,8.694208399693764,8.846648216247559,15191115,0.0,0.0
2022-04-11,8.735314379226642,8.966543514703385,8.702771381294674,8.791836738586426,10189288,0.0,0.0
2022-04-12,8.87918988949974,8.87918988949974,8.63254586628541,8.651387214660645,15789271,0.0,0.0
2022-04-13,8.615417833648992,8.726750165366662,8.576024430696105,8.697632789611816,10937499,0.0,0.0
2022-04-14,8.65652509372678,8.685642468748677,8.546905997499676,8.611992835998535,11647037,0.0,0.0
2022-04-18,8.581162735593619,8.694208303879979,8.536629632935355,8.600003242492676,7995188,0.0,0.0
2022-04-19,8.546904747018262,8.582873362935432,8.209481344264285,8.269430160522461,25435062,0.0,0.0
2022-04-20,8.202631674159484,8.27285737163531,8.03991583392059,8.110139846801758,33353418,0.0,0.0
2022-04-22,7.952562790892081,8.002233063912767,7.902890833276753,7.947423934936523,19950585,0.0,0.0
2022-04-25,7.897751471672472,8.015935043515805,7.851505982519901,8.002232551574707,15008058,0.0,0.0
2022-04-26,7.878911363297442,7.952562682339615,7.837803885403386,7.904603958129883,13841653,0.0,0.0
2022-04-27,8.015935836092815,8.021074692227467,7.818963758409793,7.90974235534668,17123779,0.0,0.0
2022-04-28,7.8806239858137115,8.003946423127752,7.818963609454025,7.930295944213867,14782718,0.0,0.0
2022-04-29,8.084627532262724,8.086375512803691,7.78564977645874,7.78564977645874,17451219,0.182817,0.0
2022-05-02,7.817122274517338,7.9027939590520475,7.706971983197237,7.838102340698242,19264252,0.0,0.0
2022-05-03,7.787397600319686,7.880062911786744,7.761171017200413,7.811875343322754,19920677,0.0,0.0
2022-05-04,7.738443560773571,7.955246467896698,7.609062040519782,7.9185285568237305,33135298,0.0,0.0
2022-05-05,7.7716622311726,7.813624080384721,7.579337948753866,7.672003269195557,19882519,0.0,0.0
2022-05-06,7.685991022203131,7.773411546740114,7.621300263947532,7.710468769073486,21905423,0.0,0.0
2022-05-09,7.675499629938954,7.984967819428896,7.640531424357975,7.909785747528076,25092154,0.0,0.0
2022-05-10,7.9290202785384984,8.114350945432628,7.916780974232129,8.044414520263672,15812991,0.0,0.0
2022-05-11,8.044413818947332,8.06714358504745,7.881812074507018,7.897548198699951,11444901,0.0,0.0
2022-05-12,7.834605709009752,8.000704280498297,7.789147034945032,7.878316402435303,16500872,0.0,0.0
2022-05-13,7.918528347966647,8.06364684897001,7.850341628359157,7.915032386779785,13342502,0.0,0.0
2022-05-16,7.904540996171006,7.965734926419819,7.864327129598938,7.920277118682861,14316569,0.0,0.0
2022-05-17,7.990213169590482,8.179041492707325,7.979723566998593,8.042665481567383,23899966,0.0,0.0
2022-05-18,8.04266581459921,8.04266581459921,7.738443252339386,7.7926435470581055,17661605,0.0,0.0
2022-05-19,7.776907990030771,8.01993574673547,7.75068140404162,8.009446144104004,24141291,0.0,0.0
2022-05-20,8.082878741252664,8.231493184080866,7.915031355581228,8.03567123413086,18765101,0.0,0.0
2022-05-23,8.149318527318444,8.409830401205653,8.01644018958486,8.334650039672852,29894423,0.0,0.0
2022-05-24,8.303177797210946,8.434307281068664,8.144072888523027,8.41332721710205,20799349,0.0,0.0
2022-05-25,8.364371508941936,8.509489131310637,8.339893765185481,8.465779304504395,16460135,0.0,0.0
2022-05-26,8.444798707736169,8.469275592635404,8.280448136160935,8.415075302124023,15920247,0.0,0.0
2022-05-27,8.381856234111796,8.42381808366777,8.231493799673041,8.318913459777832,19528266,0.0,0.0
2022-05-30,8.345140567491836,8.48326456768237,7.8678257886503244,8.147570610046387,37141916,0.0,0.0
2022-05-31,8.1423249353288,8.23848794298594,7.967484744668037,8.00420093536377,49323169,0.0,0.0
2022-06-01,8.005949029335923,8.079381403880925,7.923773313377577,7.929018974304199,27051117,0.0,0.0
2022-06-02,8.000703270640985,8.051407599830384,7.85558564396075,8.02692985534668,18261824,0.0,0.0
2022-06-03,7.9517485463187825,8.116098272424177,7.9517485463187825,8.068892478942871,11356209,0.0,0.0
2022-06-06,8.145821033159747,8.1475698734109,7.803133464476732,7.936011791229248,16007908,0.0,0.0
2022-06-07,7.939509959211945,7.955246083224652,7.7961403017566395,7.8188700675964355,12745892,0.0,0.0
2022-06-08,7.771661795135318,7.787397917608714,7.677247639705254,7.720959186553955,7696625,0.0,0.0
2022-06-09,7.685990963327853,7.811876517696816,7.675500500463773,7.698230266571045,10112971,0.0,0.0
2022-06-10,7.637035791705032,7.696480883943139,7.477930019574376,7.526885509490967,11370132,0.0,0.0
2022-06-13,7.434220500709447,7.474433510630802,7.282109223454229,7.353793621063232,15351483,0.0,0.0
2022-06-14,7.3433034731586595,7.409742204652417,7.203430219473361,7.35903787612915,16095053,0.0,0.0
2022-06-15,7.432472207158546,7.488422204745005,7.336310056495986,7.448208332061768,15826914,0.0,0.0
2022-06-17,7.4114913807213645,7.4114913807213645,7.168462338383941,7.191191673278809,36494256,0.0,0.0
2022-06-20,7.2436443140742055,7.297844608310308,7.007609762309613,7.199934482574463,9244097,0.0,0.0
2022-06-21,7.145733871223069,7.220914662216768,6.998867390595919,7.063558578491211,12478268,0.0,0.0
2022-06-22,7.023344932178369,7.353793644131785,6.977887120734893,7.259380340576172,17907055,0.0,0.0
2022-06-23,7.26287617639919,7.350296696520555,7.1579724120570445,7.203430652618408,13915391,0.0,0.0
2022-06-24,7.222663447062316,7.366032245816162,7.100275144049249,7.311831951141357,12865523,0.0,0.0
2022-06-27,7.318825578552692,7.4342206693585355,7.19643727578159,7.3887619972229,12001290,0.0,0.0
2022-06-28,7.449955342473077,7.635286837242314,7.311831356461882,7.366031646728516,20164581,0.0,0.0
2022-06-29,7.418484161676245,7.418484161676245,7.236650342339118,7.329315662384033,12672154,0.0,0.0
2022-06-30,7.187696230227715,7.373027324676514,7.109018182810863,7.373027324676514,20696734,0.0,0.0
2022-07-01,7.378272233782636,7.57933902661613,7.184199083479064,7.5181450843811035,22515955,0.0,0.0
2022-07-04,7.481427667902968,7.500659751814306,7.343303680419922,7.343303680419922,7368670,0.0,0.0
2022-07-05,7.278611861999348,7.421981506372439,7.107267652870532,7.24189567565918,22255035,0.0,0.0
2022-07-06,7.18769561627496,7.289102992921933,7.123004429338699,7.2611284255981445,11457277,0.0,0.0
2022-07-07,7.322322054837758,7.4639437258808154,7.2663737823384995,7.395755290985107,18500055,0.0,0.0
2022-07-08,7.416736987783366,7.617803773028432,7.369530332389805,7.437717914581299,12200332,0.0,0.0
2022-07-11,7.32582041676297,7.465692400725419,7.310084291937511,7.420233726501465,8673270,0.0,0.0
2022-07-12,7.42023255211874,7.509401046005305,7.3572897823858385,7.472684860229492,8022002,0.0,0.0
2022-07-13,7.42722624027113,7.526885196411445,7.409742137456739,7.423729419708252,9793267,0.0,0.0
2022-07-14,7.304837882545642,7.423729787574933,7.304837882545642,7.401000022888184,9139420,0.0,0.0
2022-07-15,7.360787459203913,7.6125577076204225,7.268122133996914,7.554860591888428,11733151,0.0,0.0
2022-07-18,7.561853402040229,7.603815248794768,7.414987798202773,7.423729419708252,8257655,0.0,0.0
2022-07-19,7.477930507739408,7.495414612422423,7.345052171952013,7.449955940246582,7720861,0.0,0.0
2022-07-20,7.446459706648912,7.572344395957002,7.367781668355919,7.413239479064941,9519971,0.0,0.0
2022-07-21,7.357290518822809,7.449955842525537,7.327567971153315,7.409742832183838,10858089,0.0,0.0
2022-07-22,7.42198216005912,7.628293733499921,7.399252394291462,7.614306449890137,10409987,0.0,0.0
2022-07-25,7.649273803413236,7.715713393129051,7.6090607974343225,7.6545186042785645,10544057,0.0,0.0
2022-07-26,7.675500910766288,7.675500910766288,7.553113030613167,7.582834720611572,8831060,0.0,0.0
2022-07-27,7.635286537838076,7.68599000546044,7.570594928336683,7.677247524261475,6494124,0.0,0.0
2022-07-28,7.654518629125486,7.820617174052475,7.631789725629586,7.815371513366699,7683218,0.0,0.0
2022-07-29,7.815372536707043,7.846843925532275,7.736694494545734,7.8101277351379395,8819716,0.0,0.0
2022-08-01,7.780403313794513,7.930766596380306,7.754177589756842,7.836353302001953,11158199,0.0,0.0
2022-08-02,7.83460527975794,7.892302394546357,7.771662503732296,7.867825508117676,5760351,0.0,0.0
2022-08-03,7.885310048564037,7.991962661713883,7.810127965363568,7.939510345458984,13287842,0.0,0.0
2022-08-04,7.977974183367513,8.22624846990682,7.977974183367513,8.189532279968262,13664784,0.0,0.0
2022-08-05,8.19477746099068,8.248978617928806,8.053156636378148,8.128337860107422,10313045,0.0,0.0
2022-08-08,8.18428652524411,8.303178435750954,8.126589410341076,8.289190292358398,13884452,0.0,0.0
2022-08-09,8.313668983080394,8.39584471340301,8.114351029097364,8.144074440002441,16725696,0.0,0.0
2022-08-10,8.269958482798375,8.278700105430952,8.187783618877267,8.24722957611084,10716800,0.0,0.0
2022-08-11,8.296184778962974,8.366121204029882,7.977974904712142,8.021685600280762,13725115,0.0,0.0
2022-08-12,7.92027702576058,7.9569932115184185,7.509401042329209,7.666757106781006,32991431,0.0,0.0
2022-08-15,7.651022581843814,7.857334153730872,7.575841362909176,7.801385879516602,20962811,0.0,0.0
2022-08-16,7.817122244693566,7.87307052063509,7.727952879698107,7.771662712097168,9670542,0.0,0.0
2022-08-17,7.727952733526989,8.100363731384277,7.72270793205186,8.100363731384277,17249599,0.0,0.0
2022-08-18,8.10036374526349,8.278699892776203,8.03042646698163,8.123092651367188,9467375,0.0,0.0
2022-08-19,8.056651908134043,8.282197279625382,8.046162305538017,8.142324447631836,18447974,0.0,0.0
2022-08-22,8.075885440553224,8.158059436879737,8.007697007348588,8.105607986450195,9550911,0.0,0.0
2022-08-23,8.105608115435928,8.28394511326258,8.058401465376749,8.250725746154785,14409902,0.0,0.0
2022-08-24,8.215757886032701,8.409830155480797,8.215757886032701,8.343391418457031,15360764,0.0,0.0
2022-08-25,8.367869870200723,8.472774505615234,8.25422275193321,8.472774505615234,22444279,0.0,0.0
2022-08-26,8.505993408272445,8.505993408272445,8.303178650782481,8.334650039672852,12515911,0.0,0.0
2022-08-29,8.275203677143312,8.507741831530065,8.266461195200643,8.408082008361816,12940293,0.0,0.0
2022-08-30,8.479767295770165,8.532219608206029,8.331151980633468,8.374862670898438,12146188,0.0,0.0
2022-08-31,8.443050060638672,8.665097748476581,8.404585032368812,8.593413352966309,33697874,0.0,0.0
2022-09-01,8.67383904853169,8.715800895995976,8.465779511226447,8.567187309265137,21781666,0.0,0.0
2022-09-02,8.582923556802616,8.705312292613984,8.481515747130338,8.633627891540527,23137832,0.0,0.0
2022-09-05,8.736782964208635,8.88539829001433,8.621388728369157,8.824203491210938,13615282,0.0,0.0
2022-09-06,8.742027957076145,8.778744145707007,8.516483444563283,8.584671020507812,23190944,0.0,0.0
2022-09-08,8.759512958875636,9.018276865726673,8.66509878725841,9.014780044555664,35141700,0.0,0.0
2022-09-09,9.021772181672056,9.350472457101697,9.014778540496883,9.273542404174805,24086632,0.0,0.0
2022-09-12,9.332989084122895,9.430900068233194,9.102199767094984,9.126677513122559,17956558,0.0,0.0
2022-09-13,9.018276319043832,9.142413033187738,8.93784943698607,9.020024299621582,18704254,0.0,0.0
2022-09-14,8.992050309108334,9.014780076702735,8.890642494787468,8.960578918457031,16320909,0.0,0.0
2022-09-15,8.929107331917061,8.929107331917061,8.478018312384414,8.58292293548584,36193631,0.0,0.0
2022-09-16,8.254222205251198,8.366120475615588,7.9412580200310865,8.234990119934082,91416893,0.0,0.0
2022-09-19,8.130086292156781,8.4273152108475,8.019936003165977,8.422069549560547,24849282,0.0,0.0
2022-09-20,8.436058226280812,8.505993789366983,8.226248957611574,8.373114585876465,17562084,0.0,0.0
2022-09-21,8.329404285554036,8.390598222257799,8.189532307402077,8.234990119934082,24161917,0.0,0.0
2022-09-22,8.317164768314168,8.36437141512758,8.140574903292936,8.310171127319336,19193092,0.0,0.0
2022-09-23,8.173796170495137,8.317165829176135,8.044413795587895,8.112602233886719,23314185,0.0,0.0
2022-09-26,8.046163185228911,8.082880237543256,7.678998680710561,7.703476428985596,29521607,0.0,0.0
2022-09-27,7.780403990119377,7.780403990119377,7.554860336340056,7.64053201675415,41711110,0.0,0.0
2022-09-28,7.841599091465642,8.159808044882238,7.780403441563663,8.058401107788086,40106916,0.0,0.0
2022-09-29,8.026930550674226,8.142324782004186,7.792643547463816,8.112602233886719,28020543,0.0,0.0
2022-09-30,8.191279915185126,8.759512003813448,8.191279915185126,8.672091484069824,54076967,0.0,0.0
2022-10-03,10.000879960550535,10.486937191279369,9.616230532882401,10.140752792358398,134417135,0.0,0.0
2022-10-04,10.186210903613162,10.336574202245691,9.908214072089665,10.123268127441406,46836178,0.0,0.0
2022-10-05,10.088299918457098,10.29810917236295,10.01836350048848,10.123268127441406,24074772,0.0,0.0
2022-10-06,10.128513774101162,10.193205390530707,9.971157693701953,10.000880241394043,24781215,0.0,0.0
2022-10-07,9.964162712109664,10.067319353397194,9.850516468450783,10.039344787597656,42763556,0.0,0.0
2022-10-10,10.079558013135076,10.207191542442809,9.967659747526767,10.163481712341309,16377631,0.0,0.0
2022-10-11,10.165230745874211,10.270135380749263,9.941435051277686,10.042842864990234,27084634,0.0,0.0
2022-10-13,9.930942872709261,9.964162238114229,9.586506477589047,9.82429027557373,58445573,0.0,0.0
2022-10-14,9.824290731251997,9.857510958001244,9.493841603039016,9.5637788772583,35042180,0.0,0.0
2022-10-17,9.616229730998697,9.962414101051845,9.581262385766097,9.812050819396973,29539654,0.0,0.0
2022-10-18,9.990390067221634,9.990390067221634,9.63196634519977,9.861007690429688,20215115,0.0,0.0
2022-10-19,9.861007177343591,10.00962163197016,9.812051685969557,9.93269157409668,13744195,0.0,0.0
2022-10-20,10.01836262645459,10.051582851993203,9.761347602548003,9.902968406677246,18189633,0.0,0.0
2022-10-21,9.827788358084563,10.347064128206227,9.798065809421624,10.270134925842285,34569326,0.0,0.0
2022-10-24,10.168727555345214,10.25964403797482,10.051583626539257,10.221179008483887,17069120,0.0,0.0
2022-10-25,10.236915743071085,10.275379915053541,10.079558794855577,10.128514289855957,16450338,0.0,0.0
2022-10-26,9.946679369042453,10.105783420734602,9.829535446023995,9.939684867858887,23838087,0.0,0.0
2022-10-27,10.021860899832538,10.270134316847484,9.96066696572974,10.163481712341309,30417295,0.0,0.0
2022-10-28,10.149492959270201,10.49043253690055,10.051582842551612,10.410006523132324,33552976,0.0,0.0
2022-10-31,10.665274450325969,10.785914350505841,10.207192597738993,10.507918357849121,66301535,0.0,0.0
2022-11-01,10.527149353915934,10.682757449595512,10.331329108746424,10.539388656616211,26966034,0.0,0.0
2022-11-03,10.334823710371525,10.537639290070228,10.287617065688172,10.490431785583496,12579336,0.0,0.0
2022-11-04,10.60757713456363,10.698493615913094,10.378535801176195,10.429239273071289,14997230,0.0,0.0
2022-11-07,10.277127757800653,10.399516483420264,10.08130665661275,10.16173267364502,20443033,0.0,0.0
2022-11-08,10.112777699382802,10.261393017976886,9.939685494219383,10.210689544677734,17432140,0.0,0.0
2022-11-09,10.179216882170659,10.326083354427201,9.965911675125353,10.084803581237793,15244743,0.0,0.0
2022-11-10,10.016615345632346,10.044589912332981,9.616230649434758,9.689663887023926,29342675,0.0,0.0
2022-11-11,9.79107135123484,10.121519619203193,9.679173088318928,9.895975112915039,34103177,0.0,0.0
2022-11-14,10.009621716024087,10.205443683164601,9.868000901833145,10.109281539916992,19341084,0.0,0.0
2022-11-16,10.111030467534574,10.187960533260087,9.8452729184682,9.965912818908691,28679546,0.0,0.0
2022-11-17,9.77358770951185,9.791071813918684,9.343479600907223,9.63546371459961,40974759,0.0,0.0
2022-11-18,9.736871123576885,9.756103207739324,9.558533265890862,9.652947425842285,20785942,0.0,0.0
2022-11-21,9.852265238838424,10.39077476685669,9.838277096234393,10.359302520751953,39532479,0.0,0.0
2022-11-22,10.420497171275624,10.530646591931236,10.24215931799231,10.291114807128906,25719703,0.0,0.0
2022-11-23,10.317341700104883,10.352309910589627,10.182714519640392,10.315593719482422,15405626,0.0,0.0
2022-11-24,10.418747994981251,10.65478295151744,10.3767861485034,10.574356079101562,15294245,0.0,0.0
2022-11-25,10.483439553988411,10.785913264317218,10.285869608145376,10.506169319152832,22732013,0.0,0.0
2022-11-28,10.555125069305424,10.626809467759083,10.36105193951325,10.520156860351562,15884667,0.0,0.0
2022-11-29,10.500924596552846,10.560370555629724,10.306852313977808,10.462459564208984,16509122,0.0,0.0
2022-11-30,10.455464208285216,10.541136741638184,10.33132836849977,10.541136741638184,37349208,0.0,0.0
2022-12-01,10.471201322865655,10.654783989183592,10.38552964119822,10.530647277832031,10725051,0.0,0.0
2022-12-02,10.59533762890833,10.785913069893327,10.411754969613074,10.62506103515625,12435469,0.0,0.0
2022-12-05,10.600583815097275,10.628557522652528,10.29985721599046,10.355806350708008,10910686,0.0,0.0
2022-12-06,10.403012729538988,10.490432383206587,9.752604969117982,9.890728950500488,45010253,0.0,0.0
2022-12-07,9.833033817749794,10.135507538997034,9.833033817749794,10.04633903503418,16388459,0.0,0.0
2022-12-08,10.0043761209533,10.046337967725743,9.614481057927739,9.84701919555664,25896571,0.0,0.0
2022-12-09,9.854013133060224,9.9833954978333,9.679172959386557,9.75085735321045,18776961,0.0,0.0
2022-12-12,9.738618830304834,9.866252353786853,9.39767924774313,9.518319129943848,29002860,0.0,0.0
2022-12-13,9.518320099466925,9.733374160870323,9.355718353016007,9.441390037536621,31318655,0.0,0.0
2022-12-14,9.345227432681309,9.64070836255136,9.25256211070196,9.623224258422852,37120774,0.0,0.0
2022-12-15,9.548043563980656,9.847020471262352,9.471113501598033,9.673928260803223,15508241,0.0,0.0
2022-12-16,9.673927818073066,9.750857876934964,9.207103523320907,9.402925491333008,74877863,0.0,0.0
2022-12-19,9.319002118542752,9.603991738736465,9.319002118542752,9.572521209716797,13055283,0.0,0.0
2022-12-20,9.549791806952705,9.948428554083746,9.432648729553529,9.83128547668457,22590725,0.0,0.0
2022-12-21,9.83128496228407,9.9309439289015,9.623224546821202,9.703651428222656,19134823,0.0,0.0
2022-12-22,9.992138031936161,10.189707987902683,9.874995818516021,9.93793773651123,31233572,0.0,0.0
2022-12-23,9.868001416675577,10.250902029123909,9.83128522582289,10.159985542297363,11865158,0.0,0.0
2022-12-26,10.058576931591636,10.11802288426971,9.936189065293197,10.051583290100098,4440797,0.0,0.0
2022-12-27,10.095294196173796,10.107533499991037,9.766594730622984,9.874996185302734,8568077,0.0,0.0
2022-12-28,9.946679212016571,10.100538460146433,9.792819104083256,10.025357246398926,13200181,0.0,0.0
2022-12-29,10.097041679319647,10.156486770542976,9.866252376313229,9.993885040283203,16535936,0.0,0.0
2023-01-02,9.85226639648467,9.888982588248588,9.236827600552397,9.34522819519043,15419549,0.0,0.0
2023-01-03,9.530559672728842,9.647702749538015,9.184374384239751,9.256059646606445,19619536,0.0,0.0
2023-01-04,9.32074988847079,9.439641799115792,9.17912993167246,9.327743530273438,10222805,0.0,0.0
2023-01-05,9.383693586560543,9.631966152589525,9.29452422308528,9.560281753540039,17999357,0.0,0.0
2023-01-06,9.562029657725635,9.680921568207346,9.504333402638315,9.603991508483887,8596438,0.0,0.0
2023-01-09,9.577765390208276,9.7526055680849,9.448383022324998,9.621475219726562,11627958,0.0,0.0
2023-01-10,9.476358095459819,9.689664172844143,9.476358095459819,9.649450302124023,9837613,0.0,0.0
2023-01-11,9.637212008936439,9.787574451927668,9.553288305050986,9.761348724365234,19310145,0.0,0.0
2023-01-12,9.750857803334702,9.887233815742324,9.576017621589969,9.645953178405762,24426962,0.0,0.0
2023-01-13,9.546293913850876,9.666933798816418,9.499087264021938,9.5637788772583,10155771,0.0,0.0
2023-01-16,9.631965911197756,9.642457233511703,9.413415898602045,9.590004920959473,8693381,0.0,0.0
2023-01-17,9.61448080255692,9.729875878116122,9.553286874207535,9.677424430847168,29954239,0.0,0.0
2023-01-18,9.735121985270062,9.787574299380962,9.600495668757377,9.649450302124023,23747848,0.0,0.0
2023-01-19,9.570772573974912,9.75260640903801,9.565527772293999,9.675676345825195,9928368,0.0,0.0
2023-01-20,9.661689514438368,9.698405704068874,9.249065507117384,9.371454238891602,24710055,0.0,0.0
2023-01-23,9.364459580565804,9.423905535004215,9.08296765170444,9.159896850585938,23954625,0.0,0.0
2023-01-24,9.214097860343587,9.411667823791504,9.165142364646316,9.411667823791504,16257484,0.0,0.0
2023-01-25,9.385441358259104,9.53580379486084,9.306763319111603,9.53580379486084,15048279,0.0,0.0
2023-01-26,9.56377871619795,9.609236524999217,9.390685663532077,9.45188045501709,9322992,0.0,0.0
2023-01-27,9.525313499032812,9.548043264835497,9.301517820734906,9.371454238891602,12042542,0.0,0.0
2023-01-30,9.390685663532077,9.624972647879504,9.367956759131443,9.45188045501709,10506414,0.0,0.0
2023-01-31,9.502583366422094,9.766593764674345,9.502583366422094,9.7316255569458,23035733,0.0,0.0
2023-02-01,9.680922220219488,9.866253740217212,9.58650804965461,9.721136093139648,15438112,0.0,0.0
2023-02-02,9.691412395013694,9.899472816271983,9.651199383094616,9.740367889404297,13987582,0.0,0.0
2023-02-03,9.708894595291213,9.717636216244104,9.310257936125698,9.353968620300293,15693360,0.0,0.0
2023-02-06,9.371453980939206,9.371453980939206,9.12317970331677,9.357466697692871,13649830,0.0,0.0
2023-02-07,9.427401789611412,9.427401789611412,8.985054448986524,9.03400993347168,16871110,0.0,0.0
2023-02-08,9.091710727825458,9.271796600462002,9.039258406697778,9.187872886657715,19704619,0.0,0.0
2023-02-09,9.203608532290696,9.378448733782598,9.042754755898839,9.105696678161621,49164863,0.0,0.0
2023-02-10,9.049748017019526,9.305015095951115,9.049748017019526,9.266550064086914,9284834,0.0,0.0
2023-02-13,9.261302451340045,9.406420065624399,9.214095806626997,9.353968620300293,9692715,0.0,0.0
2023-02-14,9.36620961549829,9.750858203065864,9.343479849263476,9.528810501098633,24616207,0.0,0.0
2023-02-15,9.47635857866564,9.729877679893663,9.406422156285002,9.511326789855957,19272502,0.0,0.0
2023-02-16,9.430899972812751,9.633714720899956,9.306763263402088,9.623224258422852,15265369,0.0,0.0
2023-02-17,9.577766734094256,9.75260693650325,9.530560077198656,9.624974250793457,16170338,0.0,0.0
2023-02-22,9.560282203675607,9.610986539369268,9.235078702193325,9.332989692687988,11240703,0.0,0.0
2023-02-23,9.38544144442351,9.399427868134945,9.12842553973813,9.215846061706543,13098598,0.0,0.0
2023-02-24,9.23507784305114,9.301517437563051,9.142412522712585,9.212348937988281,10880262,0.0,0.0
2023-02-27,9.215846317162363,9.388938525556041,9.172135625064776,9.329492568969727,12322026,0.0,0.0
2023-02-28,9.327743328465573,9.39942772549004,9.039256900053122,9.047999382019043,30549302,0.0,0.0
2023-03-01,9.263054493131165,9.270047275779389,8.97631515260655,9.105696678161621,18100941,0.0,0.0
2023-03-02,9.06548330235437,9.273542847558248,9.037507876512691,9.068979263305664,10108846,0.0,0.0
2023-03-03,9.074225792015833,9.135419731174007,8.960578676716992,8.990302085876465,5466429,0.0,0.0
2023-03-06,9.007786099783797,9.098702587373976,8.832945906907094,9.011282920837402,10968954,0.0,0.0
2023-03-07,8.953586473911896,9.112691413864933,8.944844850524978,9.074226379394531,6653976,0.0,0.0
2023-03-08,9.131923387244886,9.310260412305922,9.07422626616107,9.294525146484375,15520101,0.0,0.0
2023-03-09,9.28578141645414,9.33648574798898,9.011282273180218,9.1144380569458,16112070,0.0,0.0
2023-03-10,9.047998481143852,9.100449928502996,8.78398896499402,8.883647918701172,15331888,0.0,0.0
2023-03-13,8.82070549611102,9.116186408149051,8.731537000338616,9.053243637084961,23503429,0.0,0.0
2023-03-14,9.04100615849741,9.252562538529233,9.028766855139775,9.17563247680664,10438348,0.0,0.0
2023-03-15,9.077722511444264,9.397680347812077,8.990301985194773,9.331241607666016,13296093,0.0,0.0
2023-03-16,9.338232498860357,9.451879589871599,9.240322389092428,9.353968620300293,15521648,0.0,0.0
2023-03-17,9.266549393918114,9.27703985639512,8.979810946016746,9.047999382019043,27653914,0.0,0.0
2023-03-20,8.992050245237259,9.03051613778588,8.770002531565407,8.825952529907227,11743980,0.0,0.0
2023-03-21,8.855674593934259,8.855674593934259,8.581174577944893,8.64411735534668,16992804,0.0,0.0
2023-03-22,8.645865758048481,8.811963455856134,8.575929342253582,8.672091484069824,15407173,0.0,0.0
2023-03-23,8.728039827427356,8.776996178682856,8.296183746109563,8.42906379699707,13848872,0.0,0.0
2023-03-24,8.42906371479373,8.443050138125834,7.8678252686833305,8.273455619812012,39404082,0.0,0.0
2023-03-27,8.308423683422154,8.56543960327277,8.271706632127174,8.504244804382324,20737470,0.0,0.0
2023-03-28,8.483264079486334,8.754267262650952,8.439553389412591,8.684329986572266,17810113,0.0,0.0
2023-03-29,8.68433054887901,8.763009452184775,8.53396810395494,8.722796440124512,16925253,0.0,0.0
2023-03-30,8.85392547948054,9.021772880689683,8.749021713528334,8.906377792358398,15356639,0.0,0.0
2023-03-31,8.916868938082914,8.9570828109386,8.749022383818035,8.84868049621582,10304278,0.0,0.0
2023-04-03,8.890642078072915,8.943094393366588,8.696569801191645,8.81196403503418,22116325,0.0,0.0
2023-04-04,8.895887967421018,8.995547798934101,8.82245472412848,8.880152702331543,8792386,0.0,0.0
2023-04-05,8.864415999397645,8.864415999397645,8.565439103765119,8.719298362731934,27599771,0.0,0.0
2023-04-06,8.717550655704281,8.873158759895592,8.700066550750002,8.776996612548828,9757171,0.0,0.0
2023-04-10,8.820705654216576,8.84693137939497,8.490257389912198,8.61439323425293,30893757,0.0,0.0
2023-04-11,8.785737858209142,9.01827601422321,8.73853120675956,8.916868209838867,20735408,0.0,0.0
2023-04-12,8.934352242542682,9.103947622064393,8.885397610966209,8.981559753417969,13975207,0.0,0.0
2023-04-13,9.021773018192771,9.04974758548733,8.876655380254013,8.974565505981445,11100446,0.0,0.0
2023-04-14,8.925610217293094,8.941346341657837,8.635375794583114,8.677337646484375,31678064,0.0,0.0
2023-04-17,8.687826480321789,8.69132244085446,8.425564955118086,8.560192108154297,18283481,0.0,0.0
2023-04-18,8.607399669378331,8.607399669378331,8.315417289733887,8.315417289733887,15218960,0.0,0.0
2023-04-19,8.296184133567534,8.4447994551751,8.175544239614009,8.411580085754395,18869778,0.0,0.0
2023-04-20,8.446547326926563,8.50949010377915,8.334649916769933,8.488509178161621,18574309,0.0,0.0
2023-04-24,8.474521804132548,8.649361989279088,8.42731515189779,8.509490013122559,21042221,0.0,0.0
2023-04-25,8.429062867798596,8.57592846616102,8.3766105613108,8.530468940734863,20029996,0.0,0.0
2023-04-26,8.481514723396533,8.589915302227485,8.374862124964412,8.380106925964355,20283696,0.0,0.0
2023-04-27,8.380108263640887,8.402838031078064,8.02693104615972,8.11784839630127,31868340,0.0,0.0
2023-04-28,8.163305479095934,8.163305479095934,7.923773681078911,8.06539535522461,26701504,0.0,0.0
2023-05-02,8.093446081261813,8.186948944778875,7.9028422877099604,7.998144626617432,13240402,0.247454,0.0
2023-05-03,7.929814823440963,8.019721387364031,7.872274056601831,7.933411121368408,12067294,0.0,0.0
2023-05-04,8.019721662320917,8.34698390067562,8.008933652431788,8.294838905334473,20995297,0.0,0.0
2023-05-05,8.33439811451652,8.384746292149691,8.098841011292919,8.242692947387695,20924137,0.0,0.0
2023-05-08,8.316416698650539,8.346984793218967,8.124015174493724,8.262473106384277,15933138,0.0,0.0
2023-05-09,8.231903216747856,8.391938037280214,8.231903216747856,8.296636581420898,6990697,0.0,0.0
2023-05-10,8.24988537158652,8.676046281219467,8.23909647660514,8.632890701293945,25911525,0.0,0.0
2023-05-11,8.542983374974508,8.846869261912367,8.542983374974508,8.713807106018066,20107859,0.0,0.0
2023-05-12,8.990720425936257,9.43306332052696,8.846868502971402,9.346752166748047,47194041,0.0,0.0
2023-05-15,9.382715333093431,9.555337644065984,9.34855094284501,9.41688060760498,12106483,0.0,0.0
2023-05-16,9.368330559976986,9.445649639869321,9.125580889347134,9.156149864196777,14513548,0.0,0.0
2023-05-17,9.217285831187828,9.344953963912321,9.046462123864115,9.091415405273438,9387964,0.0,0.0
2023-05-18,9.080627660083856,9.19750691394069,8.981729897917546,9.168737411499023,14859035,0.0,0.0
2023-05-19,9.154352233129412,9.26763518883355,9.10939806169793,9.17593002319336,17815269,0.0,0.0
2023-05-22,9.25684522080193,9.278423008364706,9.084223804562793,9.141763687133789,5456632,0.0,0.0
2023-05-23,9.093214989343778,9.278423908425747,8.985326041064042,9.077032089233398,6695744,0.0,0.0
2023-05-24,9.010499993133191,9.093214852233793,8.936776321718577,8.996115684509277,9709731,0.0,0.0
2023-05-25,9.17772777312657,9.237067138211343,9.021290120826588,9.229873657226562,12509207,0.0,0.0
2023-05-26,9.29460682038346,9.693795045264151,9.276625328980584,9.61827278137207,33907229,0.0,0.0
2023-05-29,9.656034179585001,9.656034179585001,9.476219268831196,9.51937484741211,7404250,0.0,0.0
2023-05-30,9.591301649032706,9.666823033879163,9.400697826993989,9.442055702209473,11115915,0.0,0.0
2023-05-31,9.512183096127746,9.5805127682852,9.355744552004134,9.449248313903809,29750041,0.0,0.0
2023-06-01,9.476219092678416,9.494200583419541,9.201103610733915,9.40429401397705,13362096,0.0,0.0
2023-06-02,9.524768882690823,9.681208297672383,9.420477118387316,9.549942970275879,14524892,0.0,0.0
2023-06-05,9.603886236161381,9.612877422728571,9.323376778294513,9.39350414276123,10667298,0.0,0.0
2023-06-06,9.429468544004948,9.702785447584022,9.429468544004948,9.665024757385254,10475475,0.0,0.0
2023-06-07,9.799884357827569,9.902378405767413,9.555336985078226,9.585905075073242,13665815,0.0,0.0
2023-06-09,9.64704350227998,9.870013119147469,9.589503612057834,9.796289443969727,13388395,0.0,0.0
2023-06-12,9.907773886264446,9.956323468644205,9.699189480034489,9.835848808288574,13816386,0.0,0.0
2023-06-13,9.871811402056766,9.905974906385094,9.602089054243942,9.659629821777344,9060010,0.0,0.0
2023-06-14,9.708179425973366,9.814269774240758,9.542749718910619,9.670418739318848,24802873,0.0,0.0
2023-06-15,9.726162727959494,9.726162727959494,9.510385693243517,9.600293159484863,15581464,0.0,0.0
2023-06-16,9.56972337026578,9.789096685096112,9.512182596733057,9.668622016906738,25648027,0.0,0.0
2023-06-19,9.675813895658237,9.884399203299852,9.666822707507604,9.816068649291992,6053757,0.0,0.0
2023-06-20,9.816067116693603,9.994083417944928,9.738748039396642,9.968910217285156,12037901,0.0,0.0
2023-06-21,9.9689121829692,10.055222464031766,9.823262533613537,9.997682571411133,10039749,0.0,0.0
2023-06-22,9.93115023720435,9.970710404106129,9.749538493303834,9.817867279052734,9209033,0.0,0.0
2023-06-23,9.781903784595334,10.08579054324524,9.769317182907558,10.02645206451416,9459640,0.0,0.0
2023-06-26,10.021056913180916,10.08039539036148,9.871811866760254,9.871811866760254,11258235,0.0,0.0
2023-06-27,9.932947189669724,10.09478149061426,9.81606794197583,9.93114948272705,10131019,0.0,0.0
2023-06-28,10.00667161084367,10.00667161084367,9.837646484375,9.837646484375,9609695,0.0,0.0
2023-06-29,9.887993113225049,10.02465243192497,9.846636129960551,9.986891746520996,6418839,0.0,0.0
2023-06-30,10.031845330605622,10.375290460263068,10.031845330605622,10.172100067138672,20156846,0.0,0.0
2023-07-03,10.132542625249101,10.278191380281616,10.078598150646409,10.139735221862793,21448555,0.0,0.0
2023-07-04,10.163109457423625,10.195476138168344,9.882599108565792,9.986891746520996,6592614,0.0,0.0
2023-07-05,9.979700278011977,10.16670690361867,9.891591412608724,10.069607734680176,12269429,0.0,0.0
2023-07-06,10.021056897525163,10.021056897525163,9.799885004384329,9.896985054016113,13743679,0.0,0.0
2023-07-07,9.941938704079755,10.172100908887183,9.868215031743413,10.069607734680176,11263392,0.0,0.0
2023-07-10,10.039038757281409,10.184688394952309,10.031846160747953,10.069607734680176,13552888,0.0,0.0
2023-07-11,9.995883679255929,9.995883679255929,9.708179828943823,9.889792442321777,19191029,0.0,0.0
2023-07-12,9.979699911109856,10.06061617700478,9.871811851337666,9.896985054016113,14238705,0.0,0.0
2023-07-13,9.88979263354009,10.09478163085091,9.880802330175571,9.979700088500977,9771094,0.0,0.0
2023-07-14,10.026451621237927,10.026451621237927,9.785500534468964,9.805279731750488,17566725,0.0,0.0
2023-07-17,9.805279567813747,9.834049067670477,9.691995738210384,9.745940208435059,11117978,0.0,0.0
2023-07-18,9.72975651865266,9.846636647393181,9.627263350636376,9.789095878601074,10540447,0.0,0.0
2023-07-19,9.789096766114241,9.88260052387879,9.621869333782318,9.740547180175781,18682596,0.0,0.0
2023-07-20,9.736950784236898,9.780106364311196,9.584108546938676,9.693795204162598,8503621,0.0,0.0
2023-07-21,9.736950266972494,10.006671743845041,9.654235409557552,9.93114948272705,12946996,0.0,0.0
2023-07-24,9.938342186339693,10.049827430146275,9.85383050533264,9.981497764587402,8009626,0.0,0.0
2023-07-25,10.175697936402257,10.217054923708023,10.030047416687012,10.030047416687012,7838945,0.0,0.0
2023-07-26,10.035443403126656,10.132543465463266,9.931150743579929,10.118157386779785,9359604,0.0,0.0
2023-07-27,10.195477472391694,10.202670069053996,10.001278246772712,10.155919075012207,15299917,0.0,0.0
2023-07-28,10.155919119061036,10.292577571974325,10.094782047166301,10.193679809570312,15243711,0.0,0.0
2023-07-31,10.303366070022209,10.452612900602126,10.188285401746974,10.447218894958496,16259031,0.0,0.0
2023-08-01,10.441824154599574,10.441824154599574,9.861023262208658,10.015664100646973,38467142,0.0,0.0
2023-08-02,9.9886903073185,10.155918614261854,9.934746719061703,9.940140724182129,10301185,0.0,0.0
2023-08-03,9.967112909252306,10.017461085579056,9.602089957278116,9.638052940368652,16513247,0.0,0.0
2023-08-04,9.627263916619842,9.672217202749913,9.515778670530956,9.576915740966797,11738823,0.0,0.0
2023-08-07,9.576915710576204,9.618272698314103,9.465431349104248,9.562530517578125,10071719,0.0,0.0
2023-08-08,9.370129254205734,9.735152209909183,9.368331547164425,9.668622016906738,13454914,0.0,0.0
2023-08-09,9.643446725692172,9.643446725692172,9.474420724521828,9.585905075073242,7403219,0.0,0.0
2023-08-10,9.539155965206886,9.744144101454646,9.539155965206886,9.558935165405273,11278346,0.0,0.0
2023-08-11,9.747739473476404,10.137937392946021,9.71357508210373,10.098377227783203,35886302,0.0,0.0
2023-08-14,10.069607764318365,10.191881021483846,9.931149838510235,10.100175857543945,19321489,0.0,0.0
2023-08-15,10.083992485935092,10.11096427962225,9.848435401916504,9.848435401916504,7531616,0.0,0.0
2023-08-16,9.981497591010859,10.580279902390386,9.949130907887929,10.393272399902344,52511447,0.0,0.0
2023-08-17,10.452611136228585,10.68097561136814,10.39866666758187,10.528133392333984,28090672,0.0,0.0
2023-08-18,10.528134724502054,10.761893233953169,10.29077903242292,10.76009464263916,19408635,0.0,0.0
2023-08-21,10.716939530207984,10.767287705359825,10.483181029837585,10.513749122619629,7820897,0.0,0.0
2023-08-22,10.607252348006392,10.82123075534632,10.56409677145488,10.743910789489746,12045120,0.0,0.0
2023-08-23,10.756498080026368,10.867983326597479,10.58207894001147,10.618041038513184,10290356,0.0,0.0
2023-08-24,10.729526408482853,10.855396849607528,10.55151008388097,10.643216133117676,11739854,0.0,0.0
2023-08-25,10.662995202125343,10.716939676237365,10.484978879687253,10.598261833190918,11226265,0.0,0.0
2023-08-28,10.587471986492194,10.675580844155407,10.528133512435428,10.6144437789917,8733602,0.0,0.0
2023-08-29,10.646811424725083,10.697159600595906,10.47059369344036,10.618041038513184,11008659,0.0,0.0
2023-08-30,10.668390054062261,10.749306322813485,10.537124725387468,10.56409740447998,7381561,0.0,0.0
2023-08-31,10.511950354844448,10.553308225870497,10.37529102458442,10.414851188659668,10993190,0.0,0.0
2023-09-01,10.440024568069816,10.596462201236085,10.355511124796195,10.558701515197754,8741336,0.0,0.0
2023-09-04,10.576684044172717,10.609050728641849,10.486776587314022,10.58207893371582,4069527,0.0,0.0
2023-09-05,10.508354201918845,10.62163715354223,10.393272659056667,10.531729698181152,10574480,0.0,0.0
2023-09-06,10.50835307016731,10.65400269003419,10.404061317443848,10.404061317443848,8604173,0.0,0.0
2023-09-08,10.404062201688598,10.422043692352457,10.276393175843639,10.371695518493652,7952904,0.0,0.0
2023-09-11,10.458007107158464,10.688169312932818,10.39327285382225,10.609050750732422,13081066,0.0,0.0
2023-09-12,10.6396190246181,10.725930184847414,10.542518969360119,10.695362091064453,10646672,0.0,0.0
2023-09-13,10.73851504578038,10.832018787534837,10.630626997249808,10.803248405456543,10230025,0.0,0.0
2023-09-14,10.82842476520035,11.128713456064013,10.79785578818335,11.024421691894531,17798253,0.0,0.0
2023-09-15,11.02262270466499,11.112531041243555,10.677379856299897,10.792461395263672,24929208,0.0,0.0
2023-09-18,10.769085192070156,11.002843687659263,10.769085192070156,10.891359329223633,8505168,0.0,0.0
2023-09-19,11.026220052025044,11.067577038577488,10.893157020606928,10.93271541595459,12915026,0.0,0.0
2023-09-20,10.921926385901378,11.019025542525,10.779873064513515,10.871578216552734,13336829,0.0,0.0
2023-09-21,10.74031416633256,11.211428311829428,10.729525272521263,11.09274959564209,26889717,0.0,0.0
2023-09-22,11.128713432587832,11.247391273657366,10.9758712006147,11.029815673828125,12967622,0.0,0.0
2023-09-25,11.042402313141341,11.08555788840355,10.909340173679277,11.031614303588867,6712761,0.0,0.0
2023-09-26,11.022623568524342,11.056788845213354,10.758296964395928,10.79066276550293,14931742,0.0,0.0
2023-09-27,10.792461939994196,10.876973623041623,10.5065557850689,10.598261833190918,21511980,0.0,0.0
2023-09-28,10.55870078227174,10.707946693499387,10.544316475849534,10.655800819396973,12094107,0.0,0.0
2023-09-29,10.932714588673848,11.069374792160422,10.878771004822365,10.974072456359863,21062847,0.0,0.0
2023-10-02,10.984862134660103,11.195245133203501,10.824827309953447,10.878771781921387,17775048,0.0,0.0
2023-10-03,10.839213304227188,10.932716178291326,10.770883634680294,10.806846618652344,16520982,0.0,0.0
2023-10-04,10.78346956860892,11.02082524811379,10.7529014762588,10.939908981323242,16019252,0.0,0.0
2023-10-05,10.939908850151717,11.09454966979314,10.806845819297468,10.878771781921387,9880928,0.0,0.0
2023-10-06,10.763690157296582,10.858992499157319,10.612646521234211,10.823029518127441,11188622,0.0,0.0
2023-10-09,10.718737272592529,11.013633728027344,10.718737272592529,11.013633728027344,8102959,0.0,0.0
2023-10-10,11.038806283745442,11.23840038205717,11.028017389667427,11.234803199768066,12076575,0.0,0.0
2023-10-11,11.197042425964975,11.261776674195142,11.049595092303065,11.179060935974121,17747719,0.0,0.0
2023-10-13,11.238400946898663,11.29774030944169,11.002843856487797,11.019026756286621,10871496,0.0,0.0
2023-10-16,11.240199201030535,11.358877047630545,11.024422182384612,11.294143676757812,30160500,0.0,0.0
2023-10-17,11.236604244091028,11.290547837749898,10.979469341460657,11.017230033874512,21830653,0.0,0.0
2023-10-18,10.9704784481236,11.00284424887549,10.65760049297796,10.700756072998047,27140324,0.0,0.0
2023-10-19,10.684571675228755,11.08555847444001,10.680976261363243,10.858992576599121,22348884,0.0,0.0
2023-10-20,10.787067241529078,10.875176108674523,10.688169479370117,10.688169479370117,27965368,0.0,0.0
2023-10-23,10.778075608264015,11.096347555881913,10.689966744758726,10.993852615356445,23266229,0.0,0.0
2023-10-24,11.058586805710355,11.080163710463136,10.900349686260304,10.916533470153809,7639903,0.0,0.0
2023-10-25,10.932716202107898,10.961487473611404,10.779874846288514,10.80145263671875,8948113,0.0,0.0
2023-10-26,10.857195120786274,10.974074380057914,10.842809926767412,10.965084075927734,12401436,0.0,0.0
2023-10-27,10.959687676627563,11.040604823971039,10.706149993358169,10.709745407104492,13628689,0.0,0.0
2023-10-30,10.718737213097796,10.839212761237349,10.484978713252787,10.53532600402832,15593324,0.0,0.0
2023-10-31,10.609050544932527,10.609050544932527,10.447218009652373,10.495767593383789,7317621,0.0,0.0
2023-11-01,10.535326312545335,10.742113908212778,10.502960511907244,10.682774543762207,18438177,0.0,0.0
2023-11-03,10.898551094734962,10.98845943322853,10.769085244906274,10.948899269104004,10716800,0.0,0.0
2023-11-06,10.99025706289937,11.056788136430484,10.776277765467183,10.896753311157227,10035108,0.0,0.0
2023-11-07,10.896753433319095,11.049595664017987,10.828424652081557,10.98666000366211,10458974,0.0,0.0
2023-11-08,10.957890472017036,11.114329000465684,10.823029732613936,10.95609188079834,9467890,0.0,0.0
2023-11-09,10.954293330535279,11.060383676377038,10.763689541973093,10.990256309509277,13288874,0.0,0.0
2023-11-10,11.08555869245342,11.08555869245342,10.878771988121704,10.99205493927002,11101477,0.0,0.0
2023-11-13,10.887761635762214,11.177263181243724,10.887761635762214,11.141300201416016,8554155,0.0,0.0
2023-11-14,11.123318310075405,11.457774010403003,11.110730825458429,11.389444351196289,17929744,0.0,0.0
2023-11-16,11.396637388965136,11.709513545784828,11.33190314083738,11.639386177062988,15019918,0.0,0.0
2023-11-17,11.714908442173975,11.722100153900309,11.556672214669705,11.626799583435059,8461337,0.0,0.0
2023-11-20,11.626800446081827,11.626800446081827,11.463168433050225,11.58364486694336,6748856,0.0,0.0
2023-11-21,11.58004786425592,11.687937698040768,11.517113085833195,11.686139106750488,6067164,0.0,0.0
2023-11-22,11.714908892995465,11.932484487916941,11.714908892995465,11.867751121520996,17673465,0.0,0.0
2023-11-23,11.85876047565793,12.21119679825566,11.819200313073715,12.180627822875977,14231486,0.0,0.0
2023-11-24,12.187820605581594,12.31189244735724,12.078133956143017,12.283122062683105,11681586,0.0,0.0
2023-11-27,12.382020543217669,12.425176122756957,12.153656043620511,12.171637535095215,15510304,0.0,0.0
2023-11-28,12.171637566029245,12.349653889949659,12.117693975731203,12.169839859008789,12307587,0.0,0.0
2023-11-29,12.189618767567477,12.274132217834445,11.970246344763599,12.016997337341309,14788906,0.0,0.0
2023-11-30,12.099712439133148,12.259747270936945,12.000814678270958,12.148262023925781,14875020,0.0,0.0
2023-12-01,12.209397678492543,12.346057891845703,12.038574843524687,12.346057891845703,14074212,0.0,0.0
2023-12-04,12.385616987634734,12.403598479321579,12.221985855416037,12.223784446716309,9554004,0.0,0.0
2023-12-05,12.326278507199735,12.407194777658948,12.17883027536761,12.223784446716309,11292268,0.0,0.0
2023-12-06,12.297507516663357,12.405396461486816,12.25615052994593,12.405396461486816,12766002,0.0,0.0
2023-12-07,12.396406751669346,12.439561447401541,12.097913990034705,12.216591835021973,31333093,0.0,0.0
2023-12-08,12.254353303688555,12.279526507538344,12.045768002181196,12.166243553161621,10722988,0.0,0.0
2023-12-11,12.166243996673032,12.414388588546679,12.07453882876437,12.398204803466797,12643793,0.0,0.0
2023-12-12,12.398203887898385,12.525872030708669,12.263343148753348,12.448551177978516,7165503,0.0,0.0
2023-12-13,12.49350524877561,12.930454146274721,12.479120056219436,12.847740173339844,22482953,0.0,0.0
2023-12-14,12.932253536107233,13.058123094483708,12.69489784427245,12.820767402648926,12821693,0.0,0.0
2023-12-15,12.811777154397493,12.996986078666858,12.725466877619457,12.797392845153809,15370562,0.0,0.0
2023-12-18,12.943041921052137,13.040141979609453,12.74165097553375,12.984399795532227,11429947,0.0,0.0
2023-12-19,13.03294867702069,13.234341380161245,12.932253209713572,13.086894035339355,14970931,0.0,0.0
2023-12-20,13.000583689550345,13.266708893930517,12.986197611306407,13.054527282714844,14206219,0.0,0.0
2023-12-21,13.207368167351486,13.446521550536202,13.092286627349669,13.349421501159668,16748900,0.0,0.0
2023-12-22,13.347624984587132,13.597566400173992,13.29547821499173,13.46450424194336,23393080,0.0,0.0
2023-12-26,13.545419306799099,13.593969773618769,13.284689019128024,13.33323860168457,9311648,0.0,0.0
2023-12-27,13.308064751520414,13.516649162219998,13.214560998606089,13.460906982421875,6682337,0.0,0.0
2023-12-28,13.460907141912687,13.5526123046875,13.388982061543377,13.5526123046875,8153493,0.0,0.0
2024-01-02,13.54901628372194,13.54901628372194,13.12285540449823,13.239734649658203,8716070,0.0,0.0
2024-01-03,13.225349464581937,13.318853214466106,13.16601010425466,13.210965156555176,6703479,0.0,0.0
2024-01-04,13.216359788486226,13.219956086729294,12.950233718499181,13.05632495880127,7205724,0.0,0.0
2024-01-05,13.018564170459012,13.117461929260335,12.950233620096775,13.009572982788086,6891176,0.0,0.0
2024-01-08,12.955628816914455,13.17320442199707,12.921464425185958,13.17320442199707,6563221,0.0,0.0
2024-01-09,13.076103460287296,13.248725766756928,12.989793191315586,13.207367897033691,6142965,0.0,0.0
2024-01-10,13.198377124967372,13.457309691206273,13.189385938026739,13.442924499511719,9414778,0.0,0.0
2024-01-11,13.406963076539578,13.921231936870589,13.322449628966442,13.77198600769043,33170878,0.0,0.0
2024-01-12,13.773783853331985,13.948203870996075,13.599363835667896,13.85290241241455,9503471,0.0,0.0
2024-01-15,13.845708896822169,13.98955992861244,13.831323705216834,13.899652481079102,6939648,0.0,0.0
2024-01-16,13.845710452726436,13.923030424162365,13.701858520507812,13.701858520507812,12127625,0.0,0.0
2024-01-17,13.700060061010113,13.82233419668003,13.629932690036867,13.779178619384766,15682016,0.0,0.0
2024-01-18,13.789968134465537,13.858297801592242,13.56519993473296,13.620942115783691,12793332,0.0,0.0
2024-01-19,13.647914854871201,13.762995515747846,13.487880023292739,13.665895462036133,24239265,0.0,0.0
2024-01-22,13.66589453999185,13.788168673453002,13.554409300659623,13.696462631225586,16008939,0.0,0.0
2024-01-23,13.703655624643249,13.903249716804645,13.629931959513431,13.892460823059082,22201923,0.0,0.0
2024-01-24,13.93561710260278,14.07047873192968,13.691070585014957,13.737821578979492,7999313,0.0,0.0
2024-01-25,13.780976434264371,13.896057974619934,13.671289783244536,13.861892700195312,12607181,0.0,0.0
2024-01-26,13.851103821212927,13.969781659836775,13.759399545034647,13.85290241241455,8608814,0.0,0.0
2024-01-29,13.852903535310679,14.005745776523238,13.78457386510976,13.951801300048828,9940744,0.0,0.0
2024-01-30,13.98596495807917,14.07946959665117,13.950002859915843,14.056093215942383,18042156,0.0,0.0
2024-01-31,14.097449481812298,14.430105725830515,14.081266582680522,14.180164337158203,19044584,0.0,0.0
2024-02-01,14.207137116948758,14.24310010003105,13.921232727839284,14.178367614746094,13735429,0.0,0.0
2024-02-02,14.097449435282185,14.243099064039862,13.98596419583611,14.158586502075195,14548612,0.0,0.0
2024-02-05,14.158587612763247,14.273669159283687,13.987763884278555,14.250292778015137,8662442,0.0,0.0
2024-02-06,14.363575047668842,14.480453404184951,14.239502326755147,14.44089412689209,7630106,0.0,0.0
2024-02-07,14.419318268016287,14.676452262650985,14.358181198680624,14.451684951782227,12274070,0.0,0.0
2024-02-08,14.489446067342739,14.516417862476949,14.154991209510042,14.199944496154785,11962616,0.0,0.0
2024-02-09,14.187357257089221,14.444492132010554,14.086660909152423,14.347392082214355,7743034,0.0,0.0
2024-02-14,14.146000098267638,14.221523247284225,13.998551867082401,14.20354175567627,11030832,0.0,0.0
2024-02-15,14.385152100052263,15.050465456526055,14.270070564917134,14.509223937988281,69592427,0.0,0.0
2024-02-16,14.505628782391412,14.732193790194021,14.352786557951939,14.644084930419922,11871346,0.0,0.0
2024-02-19,14.708820303747583,14.773552789098257,14.582948978568604,14.723204612731934,5683519,0.0,0.0
2024-02-20,14.699827992124435,14.822101241118153,14.557774661795857,14.644084930419922,11797092,0.0,0.0
2024-02-21,14.649480202368093,14.671057106890542,14.145999348301123,14.329410552978516,19121416,0.0,0.0
2024-02-22,14.35997808358213,14.671056533351765,14.358180376718506,14.525407791137695,14351117,0.0,0.0
2024-02-23,14.525409513998865,14.568565095001615,14.324016802652691,14.419319152832031,8374708,0.0,0.0
2024-02-26,14.42651078765159,14.590141028314079,14.395941811014833,14.431904792785645,9901038,0.0,0.0
2024-02-27,14.491243100206086,14.53799497595849,14.163980854202373,14.320420265197754,19909333,0.0,0.0
2024-02-28,14.277264618299782,14.376162374395328,14.102843717476773,14.30423641204834,13218745,0.0,0.0
2024-02-29,14.286255762178723,14.302439546790739,14.0830653487227,14.234109878540039,13915391,0.0,0.0
2024-03-01,14.235906724930965,14.401336438063069,14.140605267105988,14.325813293457031,10978752,0.0,0.0
2024-03-04,14.349189742811966,14.41032681100472,14.145999340655841,14.30963134765625,14814173,0.0,0.0
2024-03-05,14.37976045814103,14.37976045814103,14.131616741493424,14.23950481414795,16343082,0.0,0.0
2024-03-06,14.309631347708581,14.408529104124485,14.234109086999608,14.341997146606445,11989430,0.0,0.0
2024-03-07,14.3168230673887,14.329410552978516,14.154990535760009,14.329410552978516,10337280,0.0,0.0
2024-03-08,14.293446779215916,14.460674190901187,14.199943032995764,14.417518615722656,16374537,0.0,0.0
2024-03-11,14.338400336154963,14.410326296164968,14.039908486376543,14.043505668640137,17854974,0.0,0.0
2024-03-12,14.106440065505206,14.11183407023063,13.824131122122534,13.858296394348145,15706251,0.0,0.0
2024-03-13,13.797160148696063,13.958992679744956,13.750407388898358,13.813343048095703,14304193,0.0,0.0
2024-03-14,13.838517116797776,13.881672696915377,13.65330819425799,13.754005432128906,15169457,0.0,0.0
2024-03-15,13.771985938058284,13.851103611680871,13.669491000483886,13.755802154541016,12353481,0.0,0.0
2024-03-18,13.754005250894771,13.784573344277026,13.626336219264216,13.667694091796875,22561332,0.0,0.0
2024-03-19,13.701858019551546,13.985964691032883,13.701858019551546,13.914039611816406,14400104,0.0,0.0
2024-03-20,13.91224139123409,14.122623513622049,13.858297801450403,14.106441497802734,12402983,0.0,0.0
2024-03-21,14.1172295166703,14.239502765993215,14.043505848845575,14.158586502075195,17468235,0.0,0.0
2024-03-22,14.564966956548409,14.92279818341658,14.2880528808821,14.43909740447998,28535164,0.0,0.0
2024-03-25,14.439096709504586,14.570361144657982,14.26647528939296,14.557774543762207,15072515,0.0,0.0
2024-03-26,14.54339070094449,14.86346125333274,14.469667027076538,14.764562606811523,17825582,0.0,0.0
2024-03-27,14.83828658188454,15.023495508096754,14.584747985797913,14.9767427444458,18306170,0.0,0.0
2024-03-28,15.021696527205465,15.39750837537416,15.005514511154908,15.230281829833984,22022992,0.0,0.0
2024-04-01,15.230282488691833,15.230282488691833,14.942578610551333,15.086430549621582,12070387,0.0,0.0
2024-04-02,14.924596484574481,15.050466034196598,14.635094928769998,14.751975059509277,17844146,0.0,0.0
2024-04-03,14.768157417744014,15.0450723787255,14.620710076030003,15.010906219482422,15834649,0.0,0.0
2024-04-04,15.01450289047735,15.393911894947951,15.01450289047735,15.167346000671387,25532521,0.0,0.0
2024-04-05,15.082831492195142,15.18173101440826,14.991126334567747,15.133179664611816,8669145,0.0,0.0
2024-04-08,15.18712617475557,15.320188327717029,15.086429822261255,15.194318771362305,11063319,0.0,0.0
2024-04-09,15.194317926384075,15.356150456772738,15.1511623491436,15.277031898498535,12892337,0.0,0.0
2024-04-10,15.266242607867751,15.31299359502685,15.03428095752636,15.06844711303711,15362311,0.0,0.0
2024-04-11,15.04686887572655,15.064851250573273,14.789735771038877,14.811312675476074,8493823,0.0,0.0
2024-04-12,14.800525195458864,14.800525195458864,14.449887421966528,14.537996292114258,12848507,0.0,0.0
2024-04-15,14.532601256847137,14.539793853258267,14.37436413580227,14.502032279968262,12177127,0.0,0.0
2024-04-16,14.385152863003237,14.476858908309437,14.28625510563275,14.390547752380371,13156867,0.0,0.0
2024-04-17,14.424711634428142,14.732193790194021,14.372565755023697,14.644084930419922,17148531,0.0,0.0
2024-04-18,15.15835522976914,15.192519620260656,14.669259562796555,14.88323974609375,41844148,0.0,0.0
2024-04-19,14.872448610510167,15.19251823425293,14.762761968437454,15.19251823425293,35077244,0.0,0.0
2024-04-22,15.102612987622837,15.266244111586415,14.886835098266602,14.886835098266602,20423438,0.0,0.0
2024-04-23,14.834689301035395,15.194318234399887,14.716012345481413,14.942577362060547,11426338,0.0,0.0
2024-04-24,14.937182210833207,14.992924386156956,14.739385826314457,14.823899269104004,11978601,0.0,0.0
2024-04-25,14.823900307500832,14.924596655764038,14.74478174815117,14.84727668762207,16941239,0.0,0.0
2024-04-26,15.098069605611208,15.141990483114423,14.971794945378155,15.061468124389648,15455644,0.279336,0.0
2024-04-29,15.061467333004918,15.165781099024008,15.008395638003567,15.072447776794434,6999979,0.0,0.0
2024-04-30,15.061468001680263,15.138331111619317,14.783297646625385,14.790617942810059,11233999,0.0,0.0
2024-05-02,14.816238953646625,14.89493168751344,14.444734372903017,14.693623542785645,35326304,0.0,0.0
2024-05-03,14.915062869371196,15.0047360469993,14.699114133495437,14.786956787109375,19067273,0.0,0.0
2024-05-06,14.68996384272963,14.867479669493491,14.594799995422363,14.594799995422363,14379994,0.0,0.0
2024-05-07,14.686302390906437,14.8107474185782,14.613100333415053,14.66617202758789,16628753,0.0,0.0
2024-05-08,14.854669785270135,14.854669785270135,14.567348615789768,14.671663284301758,11668694,0.0,0.0
2024-05-09,14.569179038993369,14.592969550968505,14.259896983540841,14.501466751098633,15463895,0.0,0.0
2024-05-10,14.505126169627093,14.519767661735019,14.261727675155607,14.349571228027344,25998670,0.0,0.0
2024-05-13,14.391661633216302,14.508786363483402,14.287347870303458,14.360549926757812,9881444,0.0,0.0
2024-05-14,14.411793404409153,14.516106271037756,14.36421058109767,14.45937442779541,8219496,0.0,0.0
2024-05-15,14.4246035360386,14.506956415294503,14.364210644616668,14.49780559539795,13192962,0.0,0.0
2024-05-16,14.516106784740934,14.759506182042388,14.479505303946532,14.59296989440918,14439810,0.0,0.0
2024-05-17,14.538068302042605,14.565518962145124,14.367871869504151,14.377021789550781,14686291,0.0,0.0
2024-05-20,14.203164642259358,14.386172035515795,14.173883459338327,14.239766120910645,15518554,0.0,0.0
2024-05-21,14.267217845310213,14.292838880663194,13.961595945009543,14.087870597839355,15660358,0.0,0.0
2024-05-22,14.011007320905293,14.020157240581323,13.666954321752447,13.7163667678833,21041190,0.0,0.0
2024-05-23,13.67061597092235,13.809700695869177,13.557151382180422,13.791399955749512,13664269,0.0,0.0
2024-05-24,13.822510935127767,13.97806767805241,13.73832752953491,13.837151527404785,11048880,0.0,0.0
2024-05-27,13.84264169250173,13.859111908228831,13.685255331288074,13.738327026367188,8028189,0.0,0.0
2024-05-28,13.760288690818802,13.820680685177763,13.553491670749068,13.657805442810059,21860045,0.0,0.0
2024-05-29,13.670615565442121,13.76211836336378,13.546170536319522,13.668784141540527,17246505,0.0,0.0
2024-05-31,13.60473216951326,13.634013353194602,13.390613963824762,13.516888618469238,48114995,0.0,0.0
2024-06-03,13.615712275196872,13.683425460759372,13.418065190219735,13.460156440734863,21010766,0.0,0.0
2024-06-04,13.469307429703179,13.800549466090624,13.401595143252104,13.665124893188477,34367191,0.0,0.0
2024-06-05,13.659634552446564,14.490485449463574,13.582772344325479,14.276368141174316,44012466,0.0,0.0
2024-06-06,14.111662026778031,14.517938470933672,14.111662026778031,14.150094032287598,27349679,0.0,0.0
2024-06-07,14.06225033437556,14.080551074917947,13.526040886390275,13.588261604309082,33120344,0.0,0.0
2024-06-10,13.52604082161358,13.7621190235358,13.50773918119619,13.743818283081055,8625315,0.0,0.0
2024-06-11,13.83349180240137,13.890223645537718,13.732836384022907,13.835321426391602,21965238,0.0,0.0
2024-06-12,13.915844817577,13.92682436155126,13.364993896687405,13.388784408569336,26145631,0.0,0.0
2024-06-13,13.461985699411251,13.69623515668741,13.332051803522237,13.628522872924805,17752360,0.0,0.0
2024-06-14,13.542510812956113,13.787740747270458,13.456497778513771,13.725518226623535,21807965,0.0,0.0
2024-06-17,13.692576066428598,13.752968959278183,13.584602148857565,13.601073265075684,9839160,0.0,0.0
2024-06-18,13.555321233188216,13.555321233188216,13.106954437796515,13.196627616882324,23246119,0.0,0.0
2024-06-19,13.196628093748126,13.198457717895508,12.825124395560955,13.198457717895508,21680083,0.0,0.0
2024-06-20,13.23322851137132,13.454667013145336,13.092312364818445,13.187477111816406,18410848,0.0,0.0
2024-06-21,13.476628204660953,13.826170993051823,13.363163615253837,13.698066711425781,38760548,0.0,0.0
2024-06-24,13.85728143473772,14.261727333068848,13.826170627156532,14.261727333068848,28711517,0.0,0.0
2024-06-25,14.267218093800643,14.474016004198738,14.146432310784567,14.203165054321289,22255035,0.0,0.0
2024-06-26,14.091531185738045,14.270877538846175,13.941466016804736,13.954276084899902,25214363,0.0,0.0
2024-06-27,13.505908399490204,14.082380362872142,13.304601158291415,13.562641143798828,69529002,0.0,0.0
2024-06-28,13.359503730283217,13.80970104876892,13.242378990524296,13.720026969909668,45640380,0.0,0.0
2024-07-01,13.544340698426101,14.475846140163837,13.493098625015408,14.301989555358887,56353572,0.0,0.0
2024-07-02,14.296498974620897,14.494146973325659,14.168394690237875,14.247086524963379,31915780,0.0,0.0
2024-07-03,14.311140334438353,14.840029483571183,14.270877805483082,14.759506225585938,19606129,0.0,0.0
2024-07-04,14.838199383787604,15.21702334903803,14.838199383787604,14.951663970947266,31412503,0.0,0.0
2024-07-05,14.982774798315328,15.065127677831715,14.841858651193512,15.02120590209961,31552245,0.0,0.0
2024-07-08,15.088919505314312,15.372581448298073,15.04499772575265,15.209704399108887,19899536,0.0,0.0
2024-07-09,15.240814370802948,15.555585288490887,15.240814370802948,15.421989440917969,29924847,0.0,0.0
2024-07-10,15.438460500335474,15.68368950739094,15.323166292539621,15.57388687133789,26073440,0.0,0.0
2024-07-11,15.647089271566529,15.738593875445785,15.341469150391775,15.432971954345703,24622910,0.0,0.0
2024-07-12,15.381728649724915,15.473233246284462,15.193231484716485,15.217022895812988,31455303,0.0,0.0
2024-07-15,15.244474385117162,15.281075865749482,14.946173667907715,14.946173667907715,16452400,0.0,0.0
2024-07-16,14.863820463997701,15.006565335404277,14.750355876499109,14.924212455749512,37793184,0.0,0.0
2024-07-17,14.823559001084215,15.39271160347366,14.823559001084215,15.226175308227539,31693018,0.0,0.0
2024-07-18,15.125519567127387,15.335979436885754,14.9644748475426,15.010226249694824,33196660,0.0,0.0
2024-07-19,14.786956372293421,15.573887284378667,14.74852526866309,15.537285804748535,242371512,0.0,0.0
2024-07-22,15.533624660132453,16.225389920948164,15.500684228632991,15.921600341796875,106639463,0.0,0.0
2024-07-23,15.85022840813905,16.221731185913086,15.467742486309193,16.221731185913086,121061226,0.0,0.0
2024-07-24,16.13571776497646,16.324214935302734,15.786174084096126,16.324214935302734,69245909,0.0,0.0
2024-07-25,16.17048880199121,16.31689472141287,15.87035846710205,15.87035846710205,34347080,0.0,0.0
2024-07-26,15.775194834147054,15.92342947963473,15.610489072518991,15.88499927520752,22287521,0.0,0.0
2024-07-29,15.848398100777432,15.930751883143783,15.691010832256733,15.84107780456543,14392885,0.0,0.0
2024-07-30,15.822775885750612,16.075327000584974,15.760554269005722,15.985652923583984,40557596,0.0,0.0
2024-07-31,16.020422871952352,16.32787528810268,15.996631461197527,16.148527145385742,28614574,0.0,0.0
2024-08-01,16.210751899149393,16.558463270100297,16.210751899149393,16.402908325195312,25206113,0.0,0.0
2024-08-02,16.4523208063846,16.488920485668622,16.26382363843833,16.344345092773438,16545733,0.0,0.0
2024-08-05,16.066175298479788,16.265652005852974,15.971011454622106,16.21807098388672,14651227,0.0,0.0
2024-08-06,16.22538985497306,16.441339482531177,16.214410311159625,16.40656852722168,20335262,0.0,0.0
2024-08-07,16.47062089105137,16.832974640650765,16.434019411297633,16.816503524780273,35139122,0.0,0.0
2024-08-08,16.772581894082712,17.0727122307329,16.728660117998505,16.955589294433594,31040202,0.0,0.0
2024-08-09,17.477158127136356,17.863301471900826,17.24839843860594,17.81205940246582,53686618,0.0,0.0
2024-08-12,17.93284431600989,17.97310504009137,17.566829551973395,17.780948638916016,21273233,0.0,0.0
2024-08-13,17.934676917121774,18.01153912650958,17.771799878278788,17.95480728149414,27890599,0.0,0.0
2024-08-14,17.86147329252539,18.260428516756463,17.826700537261843,18.201866149902344,21315001,0.0,0.0
2024-08-15,18.220164659233554,18.229315478367667,17.971274618276293,18.05179786682129,25781065,0.0,0.0
2024-08-16,18.198204952524133,18.203694724390306,17.99140794621315,18.062780380249023,23630795,0.0,0.0
2024-08-19,18.15611427863359,18.192715758779865,17.691276380738532,17.843172073364258,30204330,0.0,0.0
2024-08-20,17.830360036565043,18.23663552136738,17.804739903254113,18.223825454711914,26549387,0.0,0.0
2024-08-21,18.20918782305788,18.286050035404976,18.115852693880576,18.200037002563477,11665600,0.0,0.0
2024-08-22,18.119512688745832,18.205525716587324,17.799250189386925,17.835851669311523,17943151,0.0,0.0
2024-08-23,17.879772662275727,17.971275458117734,17.660165592269866,17.71506690979004,13435835,0.0,0.0
2024-08-26,17.753501660103023,17.998730702856157,17.62173631774823,17.64186668395996,29538107,0.0,0.0
2024-08-27,17.660165874670945,17.72787726070523,17.515590482969095,17.605262756347656,12638636,0.0,0.0
2024-08-28,17.605262766080305,17.663825132364085,17.491799081368086,17.632715225219727,23985564,0.0,0.0
2024-08-29,17.50826950377254,17.6327145271992,17.175196958681386,17.457027435302734,17862194,0.0,0.0
2024-08-30,17.294153326912983,17.376507115108325,17.145918668071882,17.336244583129883,50780402,0.0,0.0
2024-09-02,17.30513148009772,17.35820407710361,17.047092391060154,17.268531799316406,14125777,0.0,0.0
2024-09-03,17.299643417921175,17.486308268666043,17.209969340675087,17.330753326416016,13382207,0.0,0.0
2024-09-04,17.39114478772572,17.574150375317803,17.24656940156841,17.491798400878906,15799585,0.0,0.0
2024-09-05,17.486308196330015,17.535721544766474,17.352714142942364,17.455198287963867,13504932,0.0,0.0
2024-09-06,17.387485811617125,17.495459733135377,17.239251160010852,17.33990478515625,10542510,0.0,0.0
2024-09-09,17.356376009713188,17.356376009713188,17.18617866800654,17.347225189208984,12389061,0.0,0.0
2024-09-10,17.263041804757254,17.78277922424358,17.263041804757254,17.61441421508789,21432570,0.0,0.0
2024-09-11,17.524741773949426,17.62539540400738,17.24291124980206,17.336244583129883,14062868,0.0,0.0
2024-09-12,17.268533283433797,17.358205568927747,17.15872883187702,17.274023056030273,26148210,0.0,0.0
2024-09-13,17.41310624689582,17.431406086286803,17.2959815150329,17.29964256286621,22221518,0.0,0.0
2024-09-16,17.25938190874951,17.660167694091797,17.25938190874951,17.660167694091797,16453947,0.0,0.0
2024-09-17,17.62356386439597,17.724217478374463,17.477157953181745,17.603431701660156,11586190,0.0,0.0
2024-09-18,17.51742025491263,17.72787832123751,17.480818773815898,17.581472396850586,11681070,0.0,0.0
2024-09-19,17.585133393641634,17.693107312580796,17.380165100097656,17.380165100097656,11639302,0.0,0.0
2024-09-20,17.306961806252296,17.427747591165836,17.162386409095408,17.32343292236328,28703782,0.0,0.0
2024-09-23,17.264871568469975,17.32709498857902,17.034283129066747,17.133106231689453,11709946,0.0,0.0
2024-09-24,17.109314658288287,17.29049152562754,16.854934834455886,16.966567993164062,17602820,0.0,0.0
2024-09-25,16.975720139494438,16.984870959752584,16.67009822223005,16.763431549072266,12613369,0.0,0.0
2024-09-26,16.983039348513227,16.983039348513227,16.635326200216344,16.717679977416992,25831599,0.0,0.0
2024-09-27,16.703040277403176,16.800032851361085,16.404738659535344,16.485261917114258,27669384,0.0,0.0
2024-09-30,16.4980728462703,16.552975970174376,16.329706026183388,16.543825149536133,17469782,0.0,0.0
2024-10-01,16.552974464864725,16.679248218502675,16.45414957079457,16.476110458374023,11669726,0.0,0.0
2024-10-02,16.745133037735393,16.745133037735393,16.46513303498192,16.490753173828125,13388395,0.0,0.0
2024-10-03,16.3223850244961,16.342515389090252,16.1412081432981,16.236371994018555,22143139,0.0,0.0
2024-10-04,16.122908699767365,16.232713145610305,16.0753276731981,16.126569747924805,12547881,0.0,0.0
2024-10-07,16.516372528498287,16.629836211222916,16.357154748009457,16.377286911010742,14964744,0.0,0.0
2024-10-08,16.444998134885434,16.541992501375486,16.437677839299866,16.52918243408203,15466989,0.0,0.0
2024-10-09,16.415718345065656,16.518200680795058,16.223560140732182,16.278461456298828,17970996,0.0,0.0
2024-10-10,16.186959914831025,16.260162874527943,16.128397547073494,16.227222442626953,13415724,0.0,0.0
2024-10-11,16.1723191859455,16.269311756778656,16.018594771808946,16.122907638549805,14105667,0.0,0.0
2024-10-14,16.199768801381417,16.483429799538857,16.177807915073902,16.472450256347656,19896442,0.0,0.0
2024-10-15,16.534673304394055,16.768922778696314,16.50356159610697,16.67192840576172,17812691,0.0,0.0
2024-10-16,16.675587173308912,16.88970627722455,16.56944378328698,16.836633682250977,21056144,0.0,0.0
2024-10-17,16.787223217161536,16.966569577352953,16.617027677367478,16.944608688354492,16732915,0.0,0.0
2024-10-18,17.012322678066695,17.03428356809612,16.67009925842285,16.67009925842285,54364185,0.0,0.0
2024-10-21,16.68107822945806,16.951927368016726,16.65362757080923,16.862255096435547,12962981,0.0,0.0
2024-10-22,16.690228669289727,16.812844981548658,16.6206867548051,16.666439056396484,11244828,0.0,0.0
2024-10-23,16.505391543019456,16.659117755155503,16.43035806092413,16.49624252319336,11775434,0.0,0.0
2024-10-24,16.5072220980732,16.631667127179835,16.326045226266906,16.600555419921875,11797607,0.0,0.0
2024-10-25,16.637156087797806,16.887874857798884,16.496241749889393,16.708528518676758,12117827,0.0,0.0
2024-10-28,16.785393184572683,16.96107848294006,16.732320590315506,16.787221908569336,12193113,0.0,0.0
2024-10-29,16.853105014326506,17.00865995342635,16.772581758821495,16.851274490356445,9877318,0.0,0.0
2024-10-30,16.82016155390737,17.050751759608648,16.82016155390737,16.964736938476562,11600628,0.0,0.0
2024-10-31,16.893367542041634,16.957419681666583,16.827483078521382,16.851274490356445,17687387,0.0,0.0
2024-11-01,16.853104976777974,16.913497868253486,16.358985900878906,16.358985900878906,15719143,0.0,0.0
2024-11-04,16.498071948059412,16.80369386137935,16.44682987517058,16.741472244262695,12006962,0.0,0.0
2024-11-05,16.73415013974831,16.768922896277825,16.46879075522357,16.714019775390625,11388179,0.0,0.0
2024-11-06,16.43585011943242,16.95741986182352,16.371797979126974,16.734149932861328,12964528,0.0,0.0
2024-11-07,16.710359825867517,16.981208971134393,16.47062058787475,16.49624252319336,10706487,0.0,0.0
2024-11-08,16.28761441484006,16.44866093487845,16.23271309206237,16.355327606201172,17589929,0.0,0.0
2024-11-11,16.388268048491078,16.89153797389407,16.349836042571305,16.84761619567871,17777627,0.0,0.0
2024-11-12,16.98304092179118,17.583303429205362,16.86042640655377,17.486309051513672,31898248,0.0,0.0
2024-11-13,17.550359861844466,17.63271544034228,17.180687620055846,17.294151306152344,25162798,0.0,0.0
2024-11-14,17.299644327336253,17.768141502646905,17.244741203713094,17.625394821166992,16688569,0.0,0.0
2024-11-18,17.499120620744133,17.665656911717377,17.425917657687176,17.561342239379883,18513462,0.0,0.0
2024-11-19,17.563171819424177,18.0243486619696,17.539380407728114,17.95297622680664,18277294,0.0,0.0
2024-11-21,17.77729032289975,17.995066869008223,17.5155902028799,17.71506690979004,19558174,0.0,0.0
2024-11-22,17.806568727522418,17.94016456604004,17.691274527122996,17.94016456604004,28020027,0.0,0.0
2024-11-25,18.044478360656417,18.170753910469422,17.839511882593868,17.874282836914062,33142517,0.0,0.0
2024-11-26,18.006049076295696,18.192715724729695,17.874283748015724,18.099382400512695,16805622,0.0,0.0
2024-11-27,18.117681062489932,18.2787275643601,17.671144834502336,17.76264762878418,27157857,0.0,0.0
2024-11-28,17.693107481797927,17.718727618773304,17.096504235917727,17.193498611450195,25122062,0.0,0.0
2024-11-29,17.092845688120587,17.149577536540907,16.591406273178194,17.015981674194336,34448148,0.0,0.0
2024-12-02,16.889704225464293,17.008657668811217,16.71401714614268,16.759769439697266,16506544,0.0,0.0
2024-12-03,16.728659933878166,17.211799465486916,16.69571950214019,17.04526138305664,17957074,0.0,0.0
2024-12-04,17.023302206268216,17.111143957085773,16.681078823147438,16.746959686279297,18734161,0.0,0.0
2024-12-05,16.78173223978632,17.330752625396958,16.78173223978632,17.12029457092285,20072795,0.0,0.0
2024-12-06,17.140425443377048,17.182518495461938,16.58042549738972,16.664608001708984,21004063,0.0,0.0
2024-12-09,16.697550765472652,16.820163477880953,16.518202607198578,16.666439056396484,17008273,0.0,0.0
2024-12-10,16.809185028076172,16.88604904374913,16.598726946946158,16.809185028076172,12005931,0.0,0.0
2024-12-11,16.928136510426036,17.189836637937436,16.584084404276926,16.93362808227539,18198399,0.0,0.0
2024-12-12,16.781733967790675,16.915328030083256,16.329706105135777,16.41938018798828,17500206,0.0,0.0
2024-12-13,16.488921773443774,16.532843551925126,16.2473537917217,16.362648010253906,20357435,0.0,0.0
2024-12-16,16.333365213091053,16.476110079109045,16.139378277233885,16.287612915039062,24122728,0.0,0.0
2024-12-17,16.322383858738128,16.67741729956808,16.245521653993052,16.578594207763672,45014378,0.0,0.0
2024-12-18,16.476110012324558,16.589573695117387,15.956370820273325,16.086305618286133,48174295,0.0,0.0
2024-12-19,16.10643647305511,16.21807143528428,15.903298712224723,15.956371307373047,27783343,0.0,0.0
2024-12-20,15.870357188036898,16.040552705703803,15.723951280414765,15.852055549621582,45790951,0.0,0.0
2024-12-23,15.806307862243784,16.580426986451847,15.773365627212357,16.177810668945312,39716052,0.0,0.0
2024-12-26,16.183300765704676,16.54382399447121,16.135717941648277,16.207090377807617,13405411,0.0,0.0
2024-12-27,16.373628366414625,16.404740077695532,16.15768051147461,16.15768051147461,14389791,0.0,0.0
2024-12-30,16.17597940899016,16.25467213600384,16.05885468043951,16.196109771728516,21400084,0.0,0.0
2025-01-02,16.150359798516725,16.300424978602408,16.00029461843104,16.190622329711914,15344264,0.0,0.0
2025-01-03,16.183301650102447,16.256502814321806,15.81179705704937,15.905130386352539,15646436,0.0,0.0
2025-01-06,16.084475949569764,16.278462894954536,15.952710620654548,16.117416381835938,12299337,0.0,0.0
2025-01-07,16.24003253953388,16.33153533935547,16.137548395775557,16.33153533935547,15802678,0.0,0.0
2025-01-08,16.161338968627874,16.252843573815007,15.927091283178626,15.939901351928711,16794793,0.0,0.0
2025-01-09,15.943562224116603,16.174150658774334,15.92709110737667,16.091796875,6775154,0.0,0.0
2025-01-10,16.104605119565345,16.18329964622065,15.90329789305674,16.029573440551758,16052254,0.0,0.0
2025-01-13,15.985651702858414,16.170487814901435,15.985651702858414,16.133886337280273,11895581,0.0,0.0
2025-01-14,16.040555763052787,16.379119938940978,15.86486864042005,16.15768051147461,27733840,0.0,0.0
2025-01-15,16.42486740113752,17.001340215503056,16.258331130307496,16.964736938476562,33205942,0.0,0.0
2025-01-16,16.95009857613197,16.953757823972076,16.509052115852576,16.660947799682617,13252778,0.0,0.0
2025-01-17,16.69022854704112,17.12029549904425,16.584085152045905,17.019641876220703,24110352,0.0,0.0
2025-01-20,16.9427787475435,17.32892210146387,16.87872480928708,17.12029457092285,12326667,0.0,0.0
2025-01-21,17.096503842149634,17.495459079604778,17.039771997360532,17.295982360839844,15842384,0.0,0.0
2025-01-22,17.422255234757845,17.438726350127236,17.12029438592004,17.202648162841797,13666331,0.0,0.0
2025-01-23,17.33075356492766,17.360034749743622,16.950099962245442,17.019641876220703,8633050,0.0,0.0
2025-01-24,16.84944580442004,17.10565436349931,16.84944580442004,16.98303985595703,5769633,0.0,0.0
2025-01-27,17.101996188775782,17.526571581846685,16.973891901196485,17.486309051513672,12480331,0.0,0.0
2025-01-28,17.48630933239587,17.511931270278506,17.23376000143339,17.306962966918945,11277314,0.0,0.0
2025-01-29,17.438726607495052,17.47715861061576,16.98670058952381,16.995849609375,13427584,0.0,0.0
2025-01-30,16.99219020369674,17.656504794747995,16.99219020369674,17.50094985961914,15807319,0.0,0.0
2025-01-31,17.59428325650572,17.59428325650572,17.259381939316025,17.306962966918945,12791785,0.0,0.0
2025-02-03,17.200817245746183,17.603431701660156,17.189835902442542,17.603431701660156,12503020,0.0,0.0
2025-02-04,17.57049313087434,17.859643936157227,17.504610463856366,17.859643936157227,16497778,0.0,0.0
2025-02-05,17.788270771225125,17.925525871932138,17.676635806683972,17.9053955078125,14789937,0.0,0.0
2025-02-06,17.826701181952412,17.951146216017886,17.70591719591033,17.8925838470459,12163205,0.0,0.0
2025-02-07,17.845002332093063,18.04081979798356,17.544871999280204,17.66199493408203,11500076,0.0,0.0
2025-02-10,17.830360182079673,17.877943001366955,17.630881685698515,17.780948638916016,11574330,0.0,0.0
2025-02-11,17.84134432532436,18.04082105309013,17.782780153961266,17.94382667541504,13211526,0.0,0.0
2025-02-12,17.69676676885334,17.90905353957524,17.57964204022049,17.76264762878418,18000388,0.0,0.0
2025-02-13,17.652845932575037,18.115851500157692,17.652845932575037,18.084741592407227,11543906,0.0,0.0
2025-02-14,18.11768093071882,18.5935001373291,18.079250729359526,18.5935001373291,15337560,0.0,0.0
2025-02-17,18.59350200253941,18.648403324231623,18.35925252347865,18.426965713500977,10978236,0.0,0.0
2025-02-18,18.47088767446125,18.529448244883337,18.187226643072293,18.30984115600586,12940808,0.0,0.0
2025-02-19,18.187226277989236,18.276898555839676,18.009708646455724,18.1213436126709,10164021,0.0,0.0
2025-02-20,18.03532855228999,18.20369354477717,17.865131236065885,18.05179786682129,10298091,0.0,0.0
2025-02-21,18.114020633313643,18.194543878997123,17.834020697130768,18.035327911376953,7294932,0.0,0.0
2025-02-24,18.172586563157935,18.172586563157935,17.707748635374312,17.757160186767578,9746343,0.0,0.0
2025-02-25,17.896243843373156,18.146962620856698,17.740688909876663,17.91637420654297,17769376,0.0,0.0
2025-02-26,18.033500467391296,18.062781652640474,17.537550842214667,17.623565673828125,11668694,0.0,0.0
2025-02-27,17.676637091549352,17.76997042282024,17.48997042900758,17.535722732543945,10630686,0.0,0.0
2025-02-28,17.48630711005223,17.6308824985307,17.270359289277444,17.381994247436523,23416284,0.0,0.0
2025-03-05,17.349052070168437,17.40761623521815,17.054411520579418,17.2227783203125,13614250,0.0,0.0
2025-03-06,17.328924268028718,17.444220291350142,17.129447532288168,17.231931686401367,15949124,0.0,0.0
2025-03-07,17.05624185840342,17.71872590676007,17.01048956116769,17.603431701660156,16969599,0.0,0.0
2025-03-10,17.491798898967524,17.821212205878723,17.447877124712697,17.722387313842773,17303226,0.0,0.0
2025-03-11,17.65467460819078,17.71506749941321,17.378333887644555,17.557682037353516,16056895,0.0,0.0
2025-03-12,17.55402193495604,17.79559171293228,17.438727718175986,17.52657127380371,12753111,0.0,0.0
2025-03-13,17.62905603210293,17.934677963319327,17.224610997348158,17.8962459564209,18339687,0.0,0.0
2025-03-14,18.086573407725066,18.18722703394154,17.75167029508458,18.17258644104004,20069701,0.0,0.0
2025-03-17,18.262257408267676,18.44709533032752,18.07376203813373,18.410493850708008,25971856,0.0,0.0
2025-03-18,18.410494363984494,18.448926368637757,18.20186682429945,18.350101470947266,13731819,0.0,0.0
2025-03-19,18.481864621816836,18.89546040431318,18.306177535462623,18.785655975341797,43775266,0.0,0.0
2025-03-20,18.781998596935317,18.862520052936425,18.56422024111579,18.653892517089844,33955185,0.0,0.0
2025-03-21,18.728925436061793,18.728925436061793,18.302519557257824,18.547748565673828,28349013,0.0,0.0
2025-03-24,18.630101810747743,18.630101810747743,18.048140957125987,18.08108139038086,25408249,0.0,0.0
2025-03-25,18.37389349220205,18.941215560957968,18.339122534423215,18.68500518798828,27054211,0.0,0.0
2025-03-26,18.77284925691131,18.776508505233814,18.556901408047274,18.589841842651367,12548913,0.0,0.0
2025-03-27,18.831410043051964,19.122391357230665,18.73258694763949,19.034547805786133,22618570,0.0,0.0
2025-03-28,19.032716905618553,19.109579111650653,18.7600372366765,18.846050262451172,9605054,0.0,0.0
2025-03-31,18.727095161416095,18.864350258996108,18.507488085243207,18.666702270507812,14377416,0.0,0.0
2025-04-01,18.527618887007353,18.75820731240024,18.408663626326764,18.730754852294922,15294245,0.0,0.0
2025-04-02,18.73075548250898,18.86801238787792,18.602651197408356,18.705135345458984,12276648,0.0,0.0
2025-04-03,18.708796743660443,19.470103972146376,18.648403848162015,19.31637954711914,17667277,0.0,0.0
2025-04-04,19.215724432015826,19.26696650302875,18.74539677301967,18.92291259765625,19172982,0.0,0.0
2025-04-07,18.882651997920913,19.03271716408107,18.487356018865803,18.639251708984375,14503235,0.0,0.0
2025-04-08,18.686834838358156,18.977816155501827,18.4836970735541,18.591670989990234,13371378,0.0,0.0
2025-04-09,18.5148084065086,19.032718940384616,18.28421996383516,18.85337257385254,19488561,0.0,0.0
2025-04-10,18.900950338623144,19.215723037719727,18.802127251660014,19.215723037719727,26318890,0.0,0.0
2025-04-11,19.307228368643,19.68971249988251,19.237686453845022,19.585399627685547,19152871,0.0,0.0
2025-04-14,19.828797025623796,19.938601463870377,19.559776601900978,19.837947845458984,14556863,0.0,0.0
2025-04-15,19.76291584143355,19.907491245961413,19.640301326198223,19.84343910217285,15386547,0.0,0.0
2025-04-16,19.770236518545996,19.81781934622539,19.47193488322649,19.636642456054688,18332468,0.0,0.0
2025-04-17,19.556117595002757,19.991672505529056,19.52866513515877,19.949583053588867,11582065,0.0,0.0
2025-04-22,19.753765396339908,20.183832369844307,19.722653685936187,20.128931045532227,20014526,0.0,0.0
2025-04-23,20.22226457627535,20.685271988948678,20.13991078906956,20.608407974243164,24582174,0.0,0.0
2025-04-24,20.720041986170123,21.104356642081136,20.661479615751276,21.034812927246094,20512130,0.0,0.0
2025-04-25,21.04579165087908,21.17389592025512,20.956117582360793,21.115333557128906,20418797,0.0,0.0
2025-04-28,21.045794609653356,21.2013495586326,20.963440824947938,21.11899757385254,20681264,0.0,0.0
2025-04-29,21.21049907653078,21.31115269614184,20.946968421598033,21.031152725219727,24054661,0.0,0.0
2025-04-30,21.106900682591352,21.60624982927052,21.089876951148845,21.54193878173828,40481280,0.723447,0.0
2025-05-02,21.471953388327464,21.58733376778402,21.314961510891408,21.562744140625,17661089,0.0,0.0
2025-05-05,21.611922830876892,21.611922830876892,21.275241396717707,21.451147079467773,16516341,0.0,0.0
2025-05-06,21.468171836745164,21.767023806058532,21.436016312862954,21.698930740356445,32658835,0.0,0.0
2025-05-07,21.751892091082464,21.986433013466005,21.513567290434004,21.85592269897461,25147844,0.0,0.0
2025-05-08,22.319332051583824,22.46308407714207,21.939147168698,21.980758666992188,38705373,0.0,0.0
2025-05-09,22.03371850788056,22.42714507858154,21.94860171741011,22.116943359375,24564641,0.0,0.0
2025-05-12,22.130185362068758,22.145317154719987,21.296048547718854,21.470064163208008,26545777,0.0,0.0
2025-05-13,21.56274390153276,21.751891300055323,20.885599005292583,21.58544158935547,31168084,0.0,0.0
2025-05-14,21.468172879606854,21.8029624070032,21.44358325071927,21.58355140686035,17292913,0.0,0.0
2025-05-15,21.742434793401618,21.9410400390625,21.642186200981552,21.9410400390625,10536838,0.0,0.0
2025-05-16,21.854029732194906,22.00156563162703,21.685689944539174,21.99778175354004,16757666,0.0,0.0
2025-05-19,21.96751880211836,22.156666204067008,21.906991633494794,22.05830955505371,6593645,0.0,0.0
2025-05-20,22.1037043008264,22.63898910767534,21.99021586289543,22.569005966186523,20527600,0.0,0.0
2025-05-21,22.57089739691862,22.644666281227806,22.262589447463906,22.35338020324707,21361925,0.0,0.0
2025-05-22,22.31933253900019,22.33446433149467,21.910776001963075,21.93536376953125,16154869,0.0,0.0
2025-05-23,21.75378215933552,22.171798390147323,21.47951981687251,22.14153480529785,9975292,0.0,0.0
2025-05-26,22.186930661476286,22.56522361994635,22.150993118770273,22.408231735229492,5598952,0.0,0.0
2025-05-27,22.707082589274144,22.85650857022771,22.404448609523076,22.497129440307617,9838644,0.0,0.0
2025-05-28,22.514154788559306,22.559550167829734,22.181255340576172,22.181255340576172,11906926,0.0,0.0
2025-05-29,22.18125459240595,22.65979799781898,22.18125459240595,22.508480072021484,15047248,0.0,0.0
2025-05-30,22.63142481976889,22.63142481976889,21.990215617687316,22.20206069946289,28273212,0.0,0.0
2025-06-02,22.203953924912593,22.404449244480837,21.78593769389776,21.85592269897461,7794599,0.0,0.0
2025-06-03,21.893751927625473,22.041285971980383,21.683798775129432,21.9561710357666,12044089,0.0,0.0
2025-06-04,21.988326566962794,22.11127098386296,21.551396530452013,21.67055892944336,12173002,0.0,0.0
2025-06-05,21.77269674173152,21.85024763911042,21.500324491700574,21.76323890686035,9625680,0.0,0.0
2025-06-06,21.768917174473597,21.857815995454175,21.538156395397383,21.744327545166016,10043874,0.0,0.0
2025-06-09,21.60246476429833,21.8351155934147,21.180666541527657,21.39629364013672,13578155,0.0,0.0
2025-06-10,21.591117031178747,21.94293214678394,21.519241944953773,21.761350631713867,17733796,0.0,0.0
2025-06-11,21.66677512960884,22.01291441379493,21.593008107139106,21.827550888061523,12414843,0.0,0.0
2025-06-12,21.691365145770412,21.94103972348294,21.549505055330386,21.910776138305664,14926070,0.0,0.0
2025-06-13,21.60057377799184,21.939147162487636,21.596791760108786,21.77269744873047,12287993,0.0,0.0
2025-06-16,22.04885132013007,22.071549007952395,21.86159586067431,21.87105369567871,17630150,0.0,0.0
2025-06-17,21.80485342774988,22.090465545654297,21.698930880418484,22.090465545654297,20035152,0.0,0.0
2025-06-18,22.071549645985996,22.219083690939094,21.929689558074067,21.931581497192383,9988699,0.0,0.0
2025-06-20,21.99021634753535,21.99021634753535,21.700822219668733,21.874835968017578,19422042,0.0,0.0
2025-06-23,21.81809312389622,21.825659020079666,21.42845040060558,21.56842041015625,11664053,0.0,0.0
2025-06-24,21.638402389879204,21.948602256389503,21.468170665071664,21.734867095947266,11447479,0.0,0.0
2025-06-25,21.4984343213672,21.70082156899101,21.401969614970728,21.502216339111328,9134779,0.0,0.0
2025-06-26,21.640294004652297,21.799175953258075,21.460604447738486,21.782154083251953,9018757,0.0,0.0
2025-06-27,21.69514764244251,21.831333778745062,21.647862184795073,21.761350631713867,8240638,0.0,0.0
2025-06-30,21.659209477530155,22.665471817674824,21.613814100065863,22.53306770324707,17586835,0.0,0.0
2025-07-01,22.631424847156456,22.943516653128956,22.561439846049627,22.79976463317871,12492707,0.0,0.0
2025-07-02,22.84705247194678,22.84705247194678,21.751891357025002,21.79350471496582,24147994,0.0,0.0
2025-07-03,21.884294557602548,22.41012341957605,21.884294557602548,22.196388244628906,9996950,0.0,0.0
2025-07-04,22.230432692344735,22.330679417736842,22.07344081757271,22.2852840423584,3958146,0.0,0.0
2025-07-07,22.186930360813697,22.35148813967626,21.818093382576084,21.884294509887695,9601444,0.0,0.0
2025-07-08,21.6573197072335,21.685691353474414,21.41331908480846,21.627056121826172,15899621,0.0,0.0
2025-07-09,21.659207634688357,21.761348155449443,21.38305337543366,21.468170166015625,10666266,0.0,0.0
2025-07-10,21.280916921380893,21.280916921380893,20.80804932749132,21.186344146728516,21627486,0.0,0.0
2025-07-11,21.057722424769615,21.30550318852268,20.95558190061398,21.114465713500977,8011173,0.0,0.0
2025-07-14,21.055830708707884,21.173101165495225,20.976389731579967,21.065288543701172,14343383,0.0,0.0
2025-07-15,21.16931932982083,21.239302472557576,20.872359307174715,21.120140075683594,11556798,0.0,0.0
2025-07-16,21.05583135720196,21.3622492217237,20.98584635259815,21.25632667541504,10170725,0.0,0.0
2025-07-17,21.19390717801519,21.29226382635386,21.065288805886066,21.277132034301758,16905143,0.0,0.0
2025-07-18,21.046374723224698,21.335770733129195,20.874251040726907,20.934778213500977,19013129,0.0,0.0
2025-07-21,20.957473745732898,21.08420203560354,20.834529333928035,21.035024642944336,8427304,0.0,0.0
2025-07-22,21.06339596849916,21.21660582157112,20.74184633126215,20.823179244995117,12707218,0.0,0.0
2025-07-23,20.83452940546352,21.070962255348,20.571614989968776,20.98395538330078,13665300,0.0,0.0
2025-07-24,20.702124594084637,20.783457506561763,20.57539630808814,20.6113338470459,9705606,0.0,0.0
2025-07-25,20.8175048471773,20.840202533806494,20.272760368076625,20.32383155822754,9710247,0.0,0.0
2025-07-28,20.257632894314554,20.410840902408705,20.011740329184278,20.22736930847168,13691082,0.0,0.0
2025-07-29,20.36922702551947,20.47893158124354,20.106312619262642,20.221691131591797,7898245,0.0,0.0
2025-07-30,20.22358486321843,20.804266935223612,20.125228211986023,20.609445571899414,15703673,0.0,0.0
2025-07-31,20.382469175530026,20.535679043334973,20.153602203729555,20.486499786376953,12040995,0.0,0.0
2025-08-01,20.75130631155043,21.052048371463098,20.454344409409796,20.592422485351562,20806568,0.0,0.0
2025-08-04,20.8061574381655,20.876142444970515,20.34842349626258,20.537569046020508,6518875,0.0,0.0
2025-08-05,20.42029834331942,20.654839268753932,20.244390788929714,20.352205276489258,18105066,0.0,0.0
2025-08-06,20.505413192548872,20.71158433130085,20.346531230949147,20.688886642456055,14092776,0.0,0.0
2025-08-07,20.808049728154483,21.231738073544506,20.60755440025511,21.087987899780273,19043553,0.0,0.0
2025-08-08,21.18445207134671,21.369815601424204,21.008544516453963,21.106901168823242,16616378,0.0,0.0
2025-08-11,21.00476344618698,21.03124315440119,20.630252490808928,20.98963165283203,12583461,0.0,0.0
2025-08-12,21.990217478002307,23.389904594659125,21.94104008144383,23.21588897705078,46575774,0.0,0.0
2025-08-13,23.149685172129352,23.335048682777455,22.6597957611084,22.6597957611084,25230864,0.0,0.0
2025-08-14,22.368509743061693,22.924602182318857,22.245565325331345,22.27015495300293,13732850,0.0,0.0
2025-08-15,22.275828129729558,22.37607485540071,21.952386544336246,22.026153564453125,11415509,0.0,0.0
2025-08-18,22.069658322036826,22.652232342555955,22.018588986615235,22.589813232421875,9963432,0.0,0.0
2025-08-19,21.94104078057058,22.179365595166868,21.732977692295723,21.79539680480957,13709130,0.0,0.0
2025-08-20,21.871052988507188,21.95805985885599,21.68001551741485,21.861595153808594,9592163,0.0,0.0
2025-08-21,21.865379686825552,22.30230785097455,21.82565826815247,22.05263328552246,9421482,0.0,0.0
2025-08-22,22.113164316602102,22.58981394260715,21.990218031639778,22.495241165161133,10820962,0.0,0.0
2025-08-25,22.695735071669308,22.845161055231674,22.580354690551758,22.580354690551758,7058763,0.0,0.0
2025-08-26,22.55954891655933,22.57278876970038,21.852140419302554,22.137752532958984,14743013,0.0,0.0
2025-08-27,22.338244451844258,22.73356296225895,22.23421385236049,22.71464729309082,10391424,0.0,0.0
2025-08-28,23.053221778749318,23.23101940395552,22.79409123691291,22.911361694335938,11185012,0.0,0.0
2025-08-29,23.208323361279227,23.344507627215613,23.01350014654726,23.16860008239746,26143569,0.0,0.0
2025-09-01,22.937844208336028,23.19886670003121,22.843269574609522,23.002153396606445,8049847,0.0,0.0
2025-09-02,22.884882150446693,23.075919629878193,22.718432437865708,22.835702896118164,13373956,0.0,0.0
2025-09-03,22.81300561277683,22.892448452620435,22.720322919730556,22.84137725830078,13122834,0.0,0.0
2025-09-04,22.83570337906784,23.136447287399534,22.782742105762907,22.998369216918945,19604067,0.0,0.0
2025-09-05,23.16860075722923,23.73604296646589,23.134555154831915,23.618772506713867,13214104,0.0,0.0
2025-09-08,23.679298084959225,23.770088839470684,23.43529932744502,23.64903450012207,12483425,0.0,0.0
2025-09-09,23.72469151221318,23.997063753360493,23.414491653442383,23.414491653442383,12842834,0.0,0.0
2025-09-10,23.454212870799903,23.743608862589046,23.355856221198884,23.618772506713867,9670542,0.0,0.0
2025-09-11,23.67551604226201,24.059484809403564,23.618772750908562,23.908166885375977,11812561,0.0,0.0
2025-09-12,23.62444656949456,23.798460320792422,23.37288005719493,23.724693298339844,9170359,0.0,0.0
2025-09-15,23.936538143466397,24.154057190655482,23.85331328659882,24.033002853393555,9615883,0.0,0.0
2025-09-16,24.116227555174337,24.21080032539516,23.719018943744892,23.927080154418945,10907076,0.0,0.0
2025-09-17,23.927081967214292,24.17864849435692,23.84385710457653,24.055702209472656,22734076,0.0,0.0
2025-09-18,24.07083200846431,24.674209887207223,24.01219677972398,24.469932556152344,60721662,0.0,0.0
2025-09-19,24.553157963703658,25.073310998393733,24.50776258682375,24.867141723632812,24033004,0.0,0.0
2025-09-22,24.802830849689347,24.884163768756213,24.210800867308794,24.505870819091797,18919281,0.0,0.0
2025-09-23,24.549374398080055,25.001436233520508,24.50965297772588,25.001436233520508,14186624,0.0,0.0
2025-09-24,25.086549754555943,25.092225571653067,24.636381743986348,24.80093765258789,10647187,0.0,0.0
2025-09-25,24.695017890270783,24.795264618324598,24.40940577767639,24.449127197265625,16709195,0.0,0.0
2025-09-26,24.589096584973394,24.6231421889713,24.195671828386896,24.284568786621094,11315988,0.0,0.0
2025-09-29,24.159730829982472,24.677993774414062,24.159730829982472,24.677993774414062,16185292,0.0,0.0
2025-09-30,24.75932740448824,25.041155642605478,24.732845837640497,24.999544143676758,12717015,0.0,0.0
2025-10-01,25.056288554826153,25.194366631677916,24.617468416079703,24.806615829467773,18682596,0.0,0.0
2025-10-02,24.74987023338866,24.79715755096984,24.072725296020508,24.072725296020508,15760395,0.0,0.0
2025-10-03,24.118119247502815,24.248629557453445,23.987607077238454,24.131359100341797,10829212,0.0,0.0
2025-10-06,24.396165943105395,24.396165943105395,23.92329836682244,24.08596420288086,8211762,0.0,0.0
2025-10-07,23.92708151253389,24.110554966759114,23.442865999429483,23.607423782348633,10855511,0.0,0.0
2025-10-08,23.751175985898175,23.824943011831923,23.26317659089737,23.427734375,9612789,0.0,0.0
2025-10-09,23.546895009525866,23.60363829895795,23.136446549734423,23.325593948364258,11524312,0.0,0.0
2025-10-10,23.399360806074192,23.53554693214088,23.028631907337104,23.11564064025879,18193242,0.0,0.0
2025-10-13,23.265067753413188,23.42962553202215,23.19508274791595,23.365314483642578,16416305,0.0,0.0
2025-10-14,23.27263081591239,23.80224353206405,23.263174841216408,23.6112060546875,13987067,0.0,0.0
2025-10-15,23.440972347852725,23.953561330471178,23.27263069884432,23.947885513305664,24151088,0.0,0.0
2025-10-16,23.74171701517424,24.469933124605113,23.677407828035932,24.399948120117188,17928197,0.0,0.0
2025-10-17,24.278894170527465,24.600443831996472,24.278894170527465,24.37914276123047,19683477,0.0,0.0
2025-10-20,24.53991513877828,24.800937613858945,24.469931997826684,24.64394760131836,9983543,0.0,0.0
2025-10-21,24.575853725848695,24.867141656869627,24.505870581915392,24.632598876953125,12308619,0.0,0.0
2025-10-22,24.870923764640708,24.929558994753254,24.562613961456847,24.608009338378906,12900072,0.0,0.0
2025-10-23,24.721495874702494,24.901185429420124,24.60233348454774,24.712038040161133,10264573,0.0,0.0
2025-10-24,24.817962326430163,25.285155945732594,24.679884257465876,25.17734146118164,13891156,0.0,0.0
2025-10-27,25.30785210620341,25.610486071752934,24.753651645326695,24.974952697753906,11125197,0.0,0.0
2025-10-28,24.974955642361053,25.043048711208606,24.753654563841916,24.93712615966797,9538019,0.0,0.0
2025-10-29,24.965495333101956,25.103573396329818,24.812287338609764,24.82552719116211,7246461,0.0,0.0
2025-10-30,24.75932707641666,25.137621881273333,24.670428262353784,24.942800521850586,9686011,0.0,0.0
2025-10-31,25.11681371179335,25.139511399578705,24.761218463469813,24.93523406982422,9308554,0.0,0.0
2025-11-03,25.209497706118082,25.239761291397468,24.921995506277725,25.213279724121094,10403799,0.0,0.0
2025-11-04,25.207606246007092,25.423233365063613,25.0657461523925,25.271915435791016,8972864,0.0,0.0
2025-11-05,25.271914132458598,25.920689255677512,25.156535612573983,25.773155212402344,16016674,0.0,0.0
2025-11-06,25.94906117182343,26.18360395254902,25.74667391482415,25.803417205810547,18755819,0.0,0.0
2025-11-07,25.74100002115416,25.95284325363014,25.618053743295935,25.933929443359375,10708550,0.0,0.0
2025-11-10,26.155232765595205,26.206300240127224,25.72586861649539,25.913124084472656,11752230,0.0,0.0
2025-11-11,25.667231140081697,26.334920081990305,25.36837917146028,26.037960052490234,42070520,0.0,0.0
2025-11-12,26.102267919251613,26.74725914001465,25.911230445818763,26.74725914001465,21445977,0.0,0.0
2025-11-13,26.696190191919218,27.09529073543365,26.348160840948164,26.62242317199707,30708122,0.0,0.0
2025-11-14,26.622423404009083,27.165274113993096,26.622423404009083,27.066919326782227,24400664,0.0,0.0
2025-11-17,27.066919025168083,27.102856565515484,26.264935922294843,26.31032943725586,21510433,0.0,0.0
2025-11-18,26.31033143099579,26.42003785971324,25.714521271071572,25.73910903930664,16977850,0.0,0.0
2025-11-19,25.62183723264966,26.081463092673303,25.568875960256065,25.850704193115234,14760545,0.0,0.0
2025-11-21,25.915015228162716,26.05876725316677,25.66723073719673,25.928255081176758,14167545,0.0,0.0
2025-11-24,25.92636269568641,26.59783363342285,25.890425155132608,26.59783363342285,21688849,0.0,0.0
2025-11-25,26.80211312717466,26.91938358514716,26.357619062076484,26.60161781311035,10395549,0.0,0.0
2025-11-26,26.701866632077053,27.036654277803354,26.64512148136502,26.760501861572266,13349205,0.0,0.0
2025-11-27,26.796438788862663,26.972344473317808,26.73212774355016,26.83048439025879,6337881,0.0,0.0
2025-11-28,26.95721411516238,26.95721411516238,26.393555770743152,26.66781997680664,10766819,0.0,0.0
2025-12-01,26.571354946697404,26.7207809318194,26.350053877711833,26.429494857788086,14033991,0.0,0.0
2025-12-02,26.51839404974271,27.365772577281085,26.442735086541617,27.214454650878906,37049098,0.0,0.0
2025-12-03,27.22769395525134,27.30524485604692,26.70564898000589,26.817245483398438,14366071,0.0,0.0
2025-12-04,26.913708607211483,27.18040689646658,26.845615545719568,27.133119583129883,11424275,0.0,0.0
2025-12-05,27.161491351513018,27.520870469766443,25.78261010552993,25.992563247680664,30107388,0.0,0.0
2025-12-08,26.196843066989953,26.283849940132523,25.55752579029446,25.949060440063477,16879876,0.0,0.0
2025-12-09,25.68425369922505,26.034176846268384,25.281371141711542,25.788284301757812,12025010,0.0,0.0
2025-12-10,25.79017686200711,25.958518513274893,25.307853316856793,25.536720275878906,15056014,0.0,0.0
2025-12-11,25.506457396309784,25.731542343701154,25.30785401583647,25.442148208618164,12246740,0.0,0.0
2025-12-12,25.53482910752569,25.977433107225927,25.481869694181373,25.88475227355957,11324239,0.0,0.0
2025-12-15,26.039851520295706,26.437060131958567,25.879075764480707,26.29141616821289,15141097,0.0,0.0
2025-12-16,25.932036768595665,25.933928707663206,25.3002872467041,25.3002872467041,17076855,0.0,0.0
2025-12-17,25.06196178355816,25.548071086912007,24.817963022616386,25.290830612182617,27351742,0.0,0.0
2025-12-18,25.156535769171224,25.748565745367802,25.099792478424092,25.59346580505371,13021766,0.0,0.0
2025-12-19,25.330550394739138,26.268717756568996,25.330550394739138,25.788284301757812,47124428,0.0,0.0
2025-12-22,25.8090922748685,25.86394548546175,25.351356501074157,25.81855010986328,10950906,0.0,0.0
2025-12-23,25.945278350536796,26.715107850329908,25.846923556862148,26.675386428833008,34426491,0.0,0.0
2025-12-26,26.908650994964287,26.91262316623339,26.205650660599858,26.620698928833008,10566482,0.527929,1.029647
2025-12-29,26.561122359256604,26.783541189752118,26.146074086200123,26.295015335083008,11592631,0.0,0.0
2025-12-30,26.610767686977553,26.610767686977553,26.302956670842672,26.4896297454834,11105849,0.0,0.0
2026-01-02,26.586938459811563,26.690203528093935,26.215578396022085,26.42608070373535,15218459,0.0,0.0
2026-01-05,26.422108416822514,26.422108416822514,25.897836838480753,26.06663703918457,13385513,0.0,0.0
2026-01-06,26.364519433527285,26.586938252955623,25.834289600291108,25.911739349365234,12496083,0.0,0.0
2026-01-07,25.939542034954506,26.078554752430513,25.55626733869444,25.758827209472656,12696906,0.0,0.0
2026-01-08,25.776699598997354,26.12422854076084,25.643647037922758,26.106355667114258,13774638,0.0,0.0
2026-01-09,26.213592672675833,26.412180366617548,26.024933509812747,26.114299774169922,13731068,0.0,0.0
2026-01-12,26.060681804349265,26.060681804349265,25.13129046297232,25.272287368774414,19292006,0.0,0.0
2026-01-13,25.121360513143046,25.27228785007595,24.664608227896085,24.720212936401367,25455913,0.0,0.0
2026-01-14,24.85128087531617,24.960504204712322,24.41438755773156,24.813549041748047,15440315,0.0,0.0
2026-01-15,24.96844692679347,24.97043301246956,24.47396470748577,24.678510665893555,26252192,0.0,0.0
2026-01-16,24.64871968271702,24.678509069000818,24.084730192030552,24.557369232177734,25969738,0.0,0.0
2026-01-19,24.515666056973966,24.708297392291975,24.440202391338453,24.62489128112793,8000358,0.0,0.0
2026-01-20,24.62290504179856,25.516548716298473,24.499779116040887,25.387466430664062,20602112,0.0,0.0
2026-01-21,25.59797088716287,26.108341777856293,25.480803217072587,25.979259490966797,22735540,0.0,0.0
2026-01-22,26.213593639691457,27.049648450076297,26.205651193921536,26.823257446289062,29439315,0.0,0.0
2026-01-23,27.107237668495937,27.933362002494864,26.751766291933823,27.633495330810547,22000860,0.0,0.0
2026-01-26,27.607678186162964,27.93932033071946,27.133054953321516,27.58384895324707,14604973,0.0,0.0
2026-01-27,27.961165315965076,28.427846102492524,27.82413869080362,27.901588439941406,18690038,0.0,0.0
2026-01-28,28.09223472150841,28.27691981921894,27.681158624708317,28.151811599731445,14721660,0.0,0.0
2026-01-29,28.34444094215624,28.34444094215624,27.470654318953695,27.728818893432617,12378895,0.0,0.0
2026-01-30,27.750664400334347,28.177627290908283,27.750664400334347,28.044572830200195,18879843,0.0,0.0
2026-02-02,28.26699109283628,28.66615257000809,28.072375568300497,28.50529670715332,11902630,0.0,0.0
2026-02-03,28.777361962585967,29.361210432705988,28.747572575236433,28.90048599243164,16160473,0.0,0.0
2026-02-04,28.821050717667628,28.987864840517663,28.19947229945718,28.503311157226562,13234771,0.0,0.0
2026-02-05,28.58473236890071,29.190425880613358,28.58473236890071,28.79523468017578,12541657,0.0,0.0
2026-02-06,28.55891585634747,28.99382308886464,28.342455282917275,28.56686019897461,13726561,0.0,0.0
2026-02-09,28.58671862840982,29.535967017459956,28.489409917681893,29.436674118041992,9728135,0.0,0.0
2026-02-10,29.291705345183797,30.06421109132113,29.093117647370782,29.978818893432617,19530389,0.0,0.0
2026-02-11,30.280671457817967,30.832746354217225,29.96889015912269,30.39585304260254,14713147,0.0,0.0
2026-02-12,30.246911994621072,30.77912793517512,30.187335116210637,30.310461044311523,28156753,0.0,0.0
2026-02-13,29.6094442566193,30.451457291002793,29.291704705825843,30.284643173217773,11622179,0.0,0.0
2026-02-18,30.336276499205443,30.560681414368972,29.92718648492594,30.211166381835938,13784654,0.0,0.0
2026-02-19,30.346206160284456,30.836718086047696,30.093999846272453,30.48918914794922,13517225,0.0,0.0
2026-02-20,30.29258773698879,30.612313375715924,29.97087411572016,30.403797149658203,15235987,0.0,0.0
2026-02-23,30.324361936644028,30.542808595252826,30.058254913166564,30.225067138671875,9630478,0.0,0.0
2026-02-24,30.411738966598563,30.62422925641743,30.066196118992682,30.5825252532959,16829548,0.0,0.0
2026-02-25,30.781112841792645,31.261694331158427,30.604370195901126,31.154457092285156,13189698,0.0,0.0
2026-02-26,31.329216330132276,31.52581793963174,30.566639125635625,30.876436233520508,13507209,0.0,0.0
2026-02-27,30.582525433879322,30.878419937828717,30.205207111846743,30.560680389404297,22599321,0.0,0.0
2026-03-02,29.676966340094555,30.600399426191785,29.653135209165804,30.366065979003906,11525524,0.0,0.0
2026-03-03,29.297661637530577,29.690866757897833,28.755517166844896,29.428730010986328,21236131,0.0,0.0
2026-03-04,29.768314484144035,30.318403294991093,29.629303665676805,30.064210891723633,18392560,0.0,0.0
2026-03-05,29.672994149170886,29.941087258454818,28.862754667428405,29.025596618652344,10546951,0.0,0.0
2026-03-06,29.021625197536306,29.142763139108432,28.449691356732938,28.74757194519043,13990485,0.0,0.0
2026-03-09,28.755516487199362,29.18446734501344,28.078333384721617,28.99382209777832,15064211,0.0,0.0
2026-03-10,29.37312578471669,29.76235874018277,28.90843105850338,29.412843704223633,11098337,0.0,0.0
2026-03-11,29.013681167005174,29.746470874897224,28.950134015638543,29.3532657623291,9005473,0.0,0.0
2026-03-12,28.507283365531496,29.001767477751105,28.49338266284178,28.644309997558594,15515937,0.0,0.0
2026-03-13,28.97793569640796,29.287732804598658,28.57082987771323,28.823036193847656,19034592,0.0,0.0
2026-03-16,29.116949355148204,29.359225251061996,28.715801780291628,28.918359756469727,9960508,0.0,0.0
2026-03-17,29.105032440351778,29.986763417396656,28.918359358322103,29.688880920410156,25262602,0.0,0.0
2026-03-18,29.51015088725075,29.722639279586623,29.242055892944336,29.242055892944336,23017994,0.0,0.0
2026-03-19,28.88459888463191,30.34819221496582,28.61849186863024,30.34819221496582,13390521,0.0,0.0
2026-03-20,30.09600067138672,30.384000778198242,29.423999786376953,29.700000762939453,29660500,0.166685,1.00161
2026-03-23,30.17799949645996,30.95599937438965,30.176000595092773,30.507999420166016,14220500,0.0,0.0
2026-03-24,30.413999557495117,30.718000411987305,29.979999542236328,30.54199981689453,11357500,0.0,0.0
2026-03-25,31.0,31.384000778198242,30.77199935913086,31.266000747680664,12032500,0.0,0.0
2026-03-26,30.892000198364258,31.195999145507812,30.399999618530273,30.56800079345703,11691500,0.0,0.0
2026-03-27,30.3700008392334,30.65399932861328,30.055999755859375,30.224000930786133,11820000,0.0,0.0
2026-03-30,30.503999710083008,31.058000564575195,30.3799991607666,30.81999969482422,16078500,0.0,0.0
2026-03-31,31.350000381469727,31.974000930786133,31.003999710083008,31.648000717163086,20027000,0.0,0.0
2026-04-01,31.979999542236328,31.979999542236328,31.059999465942383,31.22599983215332,19023000,0.0,0.0
2026-04-02,30.479999542236328,31.604000091552734,30.479999542236328,31.520000457763672,11161500,0.0,0.0
2026-04-06,31.676000595092773,31.67799949645996,31.079999923706055,31.20400047302246,8208500,0.0,0.0
2026-04-07,31.100000381469727,31.444000244140625,30.809999465942383,31.350000381469727,9244000,0.0,0.0
2026-04-08,31.715999603271484,32.53799819946289,31.715999603271484,32.215999603271484,16804500,0.0,0.0
2026-04-09,32.400001525878906,33.56800079345703,32.27799987792969,33.279998779296875,15988000,0.0,0.0
2026-04-10,33.599998474121094,34.34600067138672,33.1619987487793,34.099998474121094,21059000,0.0,0.0
2026-04-13,33.939998626708984,33.96200180053711,33.400001525878906,33.69599914550781,25782500,0.0,0.0
2026-04-14,33.72999954223633,34.17399978637695,33.72600173950195,33.79399871826172,18616000,0.0,0.0
2026-04-15,33.7599983215332,34.14400100708008,33.470001220703125,34.097999572753906,25150500,0.0,0.0
2026-04-16,34.12799835205078,34.15599822998047,33.4119987487793,33.58000183105469,15760000,0.0,0.0
2026-04-17,34.0620002746582,34.28799819946289,33.61000061035156,33.736000061035156,60905500,0.0,0.0
2026-04-20,33.875999450683594,35.29800033569336,33.64799880981445,35.20800018310547,22489500,0.0,0.0
2026-04-22,35.0,35.183998107910156,34.4640007019043,34.57600021362305,18242500,0.0,0.0
2026-04-23,34.36399841308594,35.31800079345703,34.36399841308594,34.417999267578125,15128500,0.0,0.0
2026-04-24,34.64799880981445,34.99599838256836,34.38199996948242,34.46200180053711,38136000,0.0,0.0
2026-04-27,34.400001525878906,34.540000915527344,33.92399978637695,33.97200012207031,9450000,0.0,0.0
2026-04-28,33.66600036621094,33.66600036621094,32.95800018310547,33.400001525878906,12319000,0.0,0.0
2026-04-29,33.400001525878906,33.88999938964844,32.79999923706055,32.9900016784668,9484100,0.0,5.0
2026-04-30,33.220001220703125,33.619998931884766,33.02000045776367,33.150001525878906,12468200,0.0,0.0
2026-05-04,33.18000030517578,33.63999938964844,32.66999816894531,32.84000015258789,14908400,0.0,0.0
2026-05-05,32.529998779296875,33.369998931884766,32.349998474121094,33.290000915527344,12156900,0.0,0.0
2026-05-06,33.540000915527344,33.70000076293945,32.31999969482422,32.869998931884766,16700300,0.0,0.0
2026-05-07,32.36000061035156,32.83000183105469,31.559999465942383,31.65999984741211,14443800,0.0,0.0
2026-05-08,32.040000915527344,32.150001525878906,30.969999313354492,31.1299991607666,13556100,0.0,0.0
2026-05-11,30.739999771118164,31.1299991607666,30.360000610351562,30.420000076293945,12445700,0.0,0.0
2026-05-12,30.31999969482422,30.389999389648438,29.440000534057617,29.549999237060547,15932400,0.0,0.0
2026-05-13,29.75,29.84000015258789,29.06999969482422,29.100000381469727,33428300,0.0,0.0
2026-05-14,29.100000381469727,29.770000457763672,29.100000381469727,29.520000457763672,13431400,0.0,0.0
2026-05-15,28.979999542236328,29.239999771118164,28.700000762939453,29.030000686645508,15759800,0.0,0.0
2026-05-18,28.989999771118164,29.3799991607666,28.84000015258789,29.15999984741211,9288000,0.0,0.0
2026-05-19,28.600000381469727,29.149999618530273,28.459999084472656,28.540000915527344,12289200,0.0,0.0
2026-05-20,28.719999313354492,29.440000534057617,28.3700008392334,29.149999618530273,20170300,0.0,0.0
2026-05-21,28.81999969482422,29.010000228881836,28.389999389648438,28.6200008392334,11822100,0.0,0.0
2026-05-22,28.299999237060547,28.540000915527344,27.969999313354492,28.459999084472656,11035800,0.0,0.0
2026-05-25,28.860000610351562,29.100000381469727,28.59000015258789,29.100000381469727,7623100,0.0,0.0
2026-05-26,29.0,29.059999465942383,28.440000534057617,28.770000457763672,16071400,0.0,0.0
2026-05-27,29.1299991607666,29.18000030517578,28.520000457763672,28.559999465942383,11753300,0.0,0.0
2026-05-28,28.549999237060547,28.93000030517578,28.15999984741211,28.15999984741211,15289700,0.0,0.0
2026-05-29,28.1200008392334,28.450000762939453,27.520000457763672,27.950000762939453,28279900,0.0,0.0
2026-06-01,27.959999084472656,28.030000686645508,27.280000686645508,27.280000686645508,10347400,0.0,0.0
2026-06-02,27.520000457763672,27.950000762939453,27.389999389648438,27.690000534057617,14159800,0.0,0.0
2026-06-03,27.170000076293945,27.93000030517578,27.020000457763672,27.229999542236328,24893300,0.0,0.0
2026-06-05,27.010000228881836,27.68000030517578,26.709999084472656,27.34000015258789,16867800,0.0,0.0
2026-06-08,27.469999313354492,27.670000076293945,27.1299991607666,27.270000457763672,13517100,0.0,0.0
2026-06-09,27.700000762939453,27.920000076293945,27.34000015258789,27.690000534057617,14678200,0.0,0.0
2026-06-10,27.600000381469727,28.1200008392334,27.489999771118164,27.520000457763672,14446000,0.0,0.0
2026-06-11,27.360000610351562,28.040000915527344,27.270000457763672,27.850000381469727,13557300,0.0,0.0
2026-06-12,27.549999237060547,28.139999389648438,27.540000915527344,27.540000915527344,11033900,0.0,0.0
2026-06-15,27.969999313354492,28.450000762939453,27.770000457763672,27.8700008392334,17643000,0.0,0.0
2026-06-16,28.329999923706055,28.489999771118164,27.799999237060547,27.799999237060547,17023500,0.0,0.0
2026-06-17,27.670000076293945,28.209999084472656,27.280000686645508,27.459999084472656,12813600,0.0,0.0
2026-06-18,27.34000015258789,27.6299991607666,26.809999465942383,26.899999618530273,14742000,0.0,0.0
2026-06-19,26.969999313354492,27.229999542236328,26.850000381469727,26.959999084472656,16536700,0.0,0.0
2026-06-22,27.06999969482422,28.049999237060547,27.059999465942383,27.90999984741211,19070400,0.0,0.0
2026-06-23,27.56999969482422,28.420000076293945,27.549999237060547,28.15999984741211,13227500,0.0,0.0
2026-06-24,28.110000610351562,28.729999542236328,28.049999237060547,28.469999313354492,17000200,0.0,0.0
2026-06-25,28.56999969482422,29.329999923706055,28.56999969482422,28.899999618530273,15848700,0.0,0.0
2026-06-26,28.899999618530273,29.81999969482422,28.899999618530273,29.600000381469727,18308700,0.0,0.0
2026-06-29,29.700000762939453,29.93000030517578,29.34000015258789,29.649999618530273,10873100,0.0,0.0
2026-06-30,29.25,30.0,29.09000015258789,29.639999389648438,26400000,0.0,0.0
2026-07-01,29.100000381469727,29.8799991607666,28.969999313354492,29.850000381469727,13525600,0.0,0.0
2026-07-02,30.059999465942383,30.270000457763672,29.709999084472656,29.90999984741211,9089800,0.0,0.0
2026-07-03,30.190000534057617,30.649999618530273,30.079999923706055,30.3700008392334,10456600,0.0,0.0
2026-07-06,30.0,30.280000686645508,29.670000076293945,29.709999084472656,6942800,0.0,0.0
2026-07-07,29.8799991607666,29.950000762939453,29.049999237060547,29.469999313354492,10316400,0.0,0.0
2026-07-08,29.239999771118164,29.469999313354492,29.149999618530273,29.25,5788200,0.0,0.0
2026-07-09,29.40999984741211,30.1299991607666,29.260000228881836,30.0,12846400,0.0,0.0
2026-07-10,30.8799991607666,31.110000610351562,30.639999389648438,31.110000610351562,13427200,0.0,0.0
2026-07-13,31.110000610351562,31.18000030517578,30.219999313354492,30.3700008392334,6037200,0.0,0.0
2026-07-14,30.510000228881836,30.610000610351562,30.219999313354492,30.34000015258789,6275100,0.0,0.0
2026-07-15,30.209999084472656,30.350000381469727,29.90999984741211,29.979999542236328,8790500,0.0,0.0
2026-07-16,30.149999618530273,30.149999618530273,29.239999771118164,29.299999237060547,9671700,0.0,0.0
2026-07-17,29.219999313354492,29.6299991607666,29.09000015258789,29.219999313354492,12795800,0.0,0.0
2026-07-20,29.219999313354492,29.420000076293945,28.979999542236328,28.979999542236328,6845700,0.0,0.0
2026-07-21,28.899999618530273,29.040000915527344,28.280000686645508,28.600000381469727,7206700,0.0,0.0
2026-07-22,28.860000610351562,29.469999313354492,28.540000915527344,29.290000915527344,13804700,0.0,0.0
2026-07-23,29.010000228881836,29.110000610351562,28.520000457763672,28.75,36430800,0.0,0.0
2026-07-24,28.709999084472656,28.75,28.299999237060547,28.3799991607666,9301900,0.0,0.0
2026-07-27,28.530000686645508,28.979999542236328,28.510000228881836,28.8700008392334,7174500,0.0,0.0
2026-07-28,29.559999465942383,29.670000076293945,28.059999465942383,28.270000457763672,14960000,0.0,0.0
2026-07-29,28.270000457763672,28.290000915527344,26.610000610351562,26.610000610351562,30255800,0.0,0.0
2026-07-30,26.799999237060547,27.56999969482422,26.739999771118164,27.40999984741211,15041900,0.0,0.0
2026-07-31,27.68000030517578,27.829999923706055,27.530000686645508,27.700000762939453,13227100,0.0,0.0
2026-08-03,28.040000915527344,28.149999618530273,27.079999923706055,27.56999969482422,9558300,0.0,0.0
2026-08-04,28.09000015258789,28.200000762939453,27.530000686645508,28.010000228881836,13833200,0.0,0.0
2026-08-05,28.190000534057617,28.729999542236328,27.709999084472656,27.709999084472656,13291300,0.0,0.0
2026-08-06,27.549999237060547,27.770000457763672,27.25,27.389999389648438,7497900,0.0,0.0
2026-08-07,27.270000457763672,27.68000030517578,26.799999237060547,26.889999389648438,11296800,0.0,0.0
2026-08-10,26.790000915527344,26.8799991607666,26.3700008392334,26.549999237060547,9979100,0.0,0.0
2026-08-11,26.520000457763672,26.649999618530273,25.829999923706055,25.989999771118164,15023700,0.0,0.0
2026-08-12,26.010000228881836,26.389999389648438,25.780000686645508,26.1200008392334,15239700,0.0,0.0
2026-08-13,25.549999237060547,25.809999465942383,23.899999618530273,24.280000686645508,77515700,0.0,0.0
2026-08-14,24.219999313354492,24.3799991607666,23.389999389648438,23.790000915527344,64907900,0.0,0.0
2026-08-17,23.799999237060547,24.270000457763672,23.65999984741211,23.799999237060547,22336900,0.0,0.0
2026-08-18,23.770000457763672,23.850000381469727,23.5,23.649999618530273,12125100,0.0,0.0
2026-08-19,24.100000381469727,24.190000534057617,23.639999389648438,23.8799991607666,14248800,0.0,0.0
2026-08-20,23.6200008392334,23.899999618530273,23.170000076293945,23.309999465942383,27073100,0.0,0.0
2026-08-21,23.510000228881836,23.93000030517578,23.239999771118164,23.75,28308400,0.0,0.0
2026-08-24,23.549999237060547,24.1200008392334,23.31999969482422,23.860000610351562,36812600,0.0,0.0
2026-08-25,23.90999984741211,24.760000228881836,23.760000228881836,24.690000534057617,27226600,0.0,0.0
2026-08-26,24.860000610351562,25.549999237060547,24.709999084472656,25.059999465942383,25221700,0.0,0.0
2026-08-27,24.899999618530273,25.280000686645508,24.780000686645508,25.079999923706055,14538300,0.0,0.0
2026-08-28,25.350000381469727,25.389999389648438,24.760000228881836,25.239999771118164,28781200,0.0,0.0
2026-08-31,25.5,25.6299991607666,25.110000610351562,25.280000686645508,16463300,0.0,0.0
2026-09-01,25.579999923706055,25.829999923706055,25.100000381469727,25.100000381469727,23173000,0.0,0.0
2026-09-02,25.350000381469727,26.3700008392334,25.260000228881836,26.149999618530273,34568000,0.0,0.0
2026-09-03,26.59000015258789,26.690000534057617,26.030000686645508,26.25,19138800,0.0,0.0
2026-09-04,26.1299991607666,26.809999465942383,25.780000686645508,26.530000686645508,25214200,0.0,0.0
2026-09-08,26.989999771118164,27.350000381469727,26.809999465942383,26.829999923706055,52245300,0.0,0.0
2026-09-09,26.700000762939453,26.93000030517578,26.399999618530273,26.700000762939453,12181700,0.0,0.0
2026-09-10,26.520000457763672,27.290000915527344,26.31999969482422,27.290000915527344,17941000,0.0,0.0
2026-09-11,27.290000915527344,27.329999923706055,27.010000228881836,27.040000915527344,18527800,0.0,0.0
2026-09-14,26.200000762939453,27.06999969482422,26.040000915527344,26.84000015258789,11098000,0.0,0.0
2026-09-15,27.139999389648438,27.350000381469727,26.8700008392334,26.93000030517578,13568300,0.0,0.0
2026-09-16,26.889999389648438,27.309999465942383,26.700000762939453,27.09000015258789,16298200,0.0,0.0
2026-09-17,27.360000610351562,27.540000915527344,26.68000030517578,27.030000686645508,14953200,0.0,0.0
2026-09-18,26.799999237060547,27.549999237060547,26.75,27.309999465942383,26257700,0.0,0.0
2026-09-21,27.700000762939453,28.079999923706055,27.399999618530273,27.940000534057617,18055700,0.0,0.0
2026-09-22,27.600000381469727,27.920000076293945,27.530000686645508,27.559999465942383,28666900,0.0,0.0
2026-09-23,27.360000610351562,27.670000076293945,26.700000762939453,26.790000915527344,24402000,0.0,0.0
2026-09-24,26.84000015258789,27.059999465942383,26.6299991607666,26.899999618530273,17877900,0.0,0.0
2026-09-25,26.760000228881836,27.059999465942383,26.59000015258789,26.93000030517578,11729300,0.0,0.0
2026-09-28,26.739999771118164,27.030000686645508,26.440000534057617,26.799999237060547,10494300,0.0,0.0
