Date,Open,High,Low,Close,Volume,Dividends,Stock splits
2020-09-18,7.197896727964133,7.457758513837717,7.181131521664274,7.40466833114624,6044766,0.0,0.0
2020-09-21,7.292899569344721,7.357167281770021,7.128041344525756,7.306870937347412,3684087,0.0,0.0
2020-09-22,7.32083992398437,7.368342419352285,7.175540776653392,7.256573677062988,3476088,0.0,0.0
2020-09-23,7.267751298331206,7.292898742206512,6.957593203009751,7.153188705444336,3185869,0.0,0.0
2020-09-24,7.153188346950026,7.2118669221912475,7.072156166947146,7.147599220275879,2706165,0.0,0.0
2020-09-25,7.088921125501771,7.144805866677362,6.940828121176588,7.060979843139648,2812887,0.0,0.0
2020-09-28,7.119657421649048,7.119657421649048,6.857001832567262,6.9771528244018555,2967252,0.0,0.0
2020-09-29,6.985535967948467,7.181130745798152,6.96038779847382,7.041419982910156,2769599,0.0,0.0
2020-09-30,7.094511201156029,7.228632856749667,7.010684440926127,7.122453212738037,2994205,0.0,0.0
2020-10-01,7.14201115079425,7.376725462660377,7.12245210846125,7.362754821777344,5560706,0.0,0.0
2020-10-02,7.306869860268864,7.4214331747455695,7.262162650024536,7.337606430053711,2718960,0.0,0.0
2020-10-05,7.357166468525701,7.50805403414706,7.304076291661331,7.482905864715576,3848253,0.0,0.0
2020-10-06,7.5108473621111385,7.530406403244083,7.237014256896427,7.250985622406006,2602165,0.0,0.0
2020-10-07,7.270546135905627,7.371137366166652,7.262163170641977,7.334813117980957,2196785,0.0,0.0
2020-10-08,7.376726376284838,7.43819879984797,7.298488746295397,7.3040771484375,2082712,0.0,0.0
2020-10-09,7.298487692929576,7.379519149553147,7.1392171666408295,7.186718940734863,4306722,0.0,0.0
2020-10-13,7.211866814656396,7.292898267967298,7.164365042504295,7.250985622406006,1535490,0.0,0.0
2020-10-14,7.270546350303865,7.482906345934246,7.250986581101089,7.421433925628662,2975692,0.0,0.0
2020-10-15,7.390697641065013,7.5164370502465045,7.318047688749417,7.443787097930908,2078901,0.0,0.0
2020-10-16,7.457757256827018,7.538790161843953,7.390696442930736,7.468934059143066,1876891,0.0,0.0
2020-10-19,7.522025287618139,7.522025287618139,7.354372503885573,7.390697479248047,3628820,0.0,0.0
2020-10-20,7.39069678572756,7.494082574688121,7.31804684181986,7.401873588562012,2435276,0.0,0.0
2020-10-21,7.401874582704525,7.44937636387277,7.345989835542648,7.424228191375732,1812640,0.0,0.0
2020-10-22,7.427021801193842,7.502464858026507,7.362754821777344,7.362754821777344,2376742,0.0,0.0
2020-10-23,7.387903550120977,7.396285790188366,7.281723189052686,7.371137619018555,1613625,0.0,0.0
2020-10-26,7.354373147357058,7.527614348189002,7.3264304097202535,7.345990180969238,2079445,0.0,0.0
2020-10-27,7.373931069996375,7.505259582417461,7.365548105710124,7.415844440460205,2786478,0.0,0.0
2020-10-28,7.385107248976096,7.45775718885195,7.206277688065588,7.250985622406006,3635354,0.0,0.0
2020-10-29,7.245398643203936,7.376726457735346,7.06656904719823,7.348784446716309,3257471,0.0,0.0
2020-10-30,7.320840432811774,7.351577002311474,7.133628628908574,7.144805431365967,3519103,0.0,0.0
2020-11-03,7.262163729167787,7.348784324629694,7.183926099614256,7.281723499298096,2010021,0.0,0.0
2020-11-04,7.334812590302367,7.4018734056519175,7.2118670366777815,7.276134014129639,1839321,0.0,0.0
2020-11-05,7.348783802865784,7.499671374632708,7.318047230695839,7.4549641609191895,2023906,0.0,0.0
2020-11-06,7.45775825868208,7.661736016577353,7.348784058719457,7.600263595581055,2779128,0.0,0.0
2020-11-09,7.644970301119033,7.644970301119033,7.24539777757522,7.320840835571289,4902133,0.0,0.0
2020-11-10,7.326430341214822,7.343196273833693,7.114070325354464,7.203485488891602,4121592,0.0,0.0
2020-11-11,7.209074051303543,7.312459124451569,7.158777708359741,7.220250129699707,2365580,0.0,0.0
2020-11-12,7.256574489500741,7.329224434041878,7.111275325902234,7.178336143493652,2220471,0.0,0.0
2020-11-13,7.183925719092514,7.304076720856002,7.136423215439657,7.30128288269043,2163026,0.0,0.0
2020-11-16,7.3710987681007145,7.3710987681007145,7.145855471822207,7.278185844421387,2498982,0.072716,0.0
2020-11-17,7.278186679379119,7.348574623585547,7.207798004150391,7.207798004150391,2112932,0.0,0.0
2020-11-18,7.2303212204478005,7.244399978317654,7.126146892069198,7.1486711502075195,1826797,0.0,0.0
2020-11-19,7.148672638875631,7.1571188719252445,6.931874781591765,6.971292972564697,3673469,0.0,0.0
2020-11-23,7.058574966844702,7.210613727569581,6.940321866369663,7.21061372756958,4445842,0.0,0.0
2020-11-24,7.19653442793588,7.19653442793588,7.052941924879989,7.123330593109131,2025812,0.0,0.0
2020-11-25,7.126146086523127,7.207796878555796,7.055757422286537,7.097990036010742,1213962,0.0,0.0
2020-11-26,7.097991141534909,7.18808890895861,7.038865326907638,7.179642677307129,903325,0.0,0.0
2020-11-27,7.585080716411459,7.835664923592808,7.531585967171067,7.832849025726318,12981696,0.0,0.0
2020-11-30,7.821586815976131,8.018674809848385,7.576634407043457,7.576634407043457,6816323,0.0,0.0
2020-12-01,7.658285293921972,7.711780774221323,7.430226076449346,7.60760498046875,5352162,0.0,0.0
2020-12-02,7.610420651126564,7.754013162571698,7.562556967993033,7.683625221252441,2756531,0.0,0.0
2020-12-03,7.711780310553585,7.737119734734381,7.5315855194999015,7.627313613891602,2150775,0.0,0.0
2020-12-04,7.641391785025466,7.680809971196922,7.514692456534971,7.624499320983887,1989330,0.0,0.0
2020-12-07,7.62731423675875,7.644207431266241,7.438672468224971,7.492167949676514,2627484,0.0,0.0
2020-12-08,7.494983121873734,7.593527853103786,7.458381565926155,7.548478603363037,1360433,0.0,0.0
2020-12-09,7.5512941683855805,7.590711620526448,7.382360768594457,7.4414873123168945,1153251,0.0,0.0
2020-12-10,7.438672175174229,7.478090358494448,7.297895559824446,7.424594879150391,1519699,0.0,0.0
2020-12-11,7.4583816505070875,7.4583816505070875,7.331682324663499,7.4302263259887695,1493019,0.0,0.0
2020-12-14,7.433040788178859,7.475274136463215,7.387992273220746,7.402069568634033,1047890,0.0,0.0
2020-12-15,7.402070349757651,7.4611968973907885,7.323235440261684,7.433041572570801,1609269,0.0,0.0
2020-12-16,7.4583819750309335,7.613236632130767,7.441488048562549,7.565372943878174,1626966,0.0,0.0
2020-12-17,7.57100388133238,7.649838792084229,7.48653717450449,7.559741020202637,2154042,0.0,0.0
2020-12-18,7.559740745643494,7.714596125529716,7.511877059936523,7.511877059936523,1839593,0.0,0.0
2020-12-21,7.396439714830841,7.700518702610852,7.345760127208295,7.638576984405518,2352512,0.0,0.0
2020-12-22,7.632944786896145,7.993334374132409,7.632944786896145,7.903237342834473,3653595,0.0,0.0
2020-12-23,7.903236635936575,7.9567321089959995,7.731488088853389,7.810323715209961,1458443,0.0,0.0
2020-12-28,7.849741068519788,7.9201297325904765,7.694885715155399,7.815954685211182,1576055,0.0,0.0
2020-12-29,7.849741903399287,7.858188134613667,7.714595624768847,7.7455668449401855,2264303,0.0,0.0
2020-12-30,7.762460801999358,7.846926777563549,7.67517819738286,7.728674411773682,1627238,0.0,0.0
2021-01-04,7.818771407661777,8.052461701919787,7.672362986498787,8.027121543884277,3387606,0.0,0.0
2021-01-05,8.00459641290609,8.426929166448376,7.942654704586274,8.395957946777344,5480120,0.0,0.0
2021-01-06,8.37906513141908,8.528288710065665,8.29741359750966,8.373434066772461,2971336,0.0,0.0
2021-01-07,8.429743679607132,8.57333690702238,8.370617142556407,8.398773193359375,3487522,0.0,0.0
2021-01-08,8.435375636269761,8.84926070840365,8.418481711591237,8.826736450195312,3751060,0.0,0.0
2021-01-11,8.761979559070646,8.947805435512379,8.691590880900616,8.930912971496582,3254476,0.0,0.0
2021-01-12,9.02664134941144,9.48839088747024,8.992854958314483,9.392662048339844,5756998,0.0,0.0
2021-01-13,9.437709774239046,9.56440908586971,9.25188319121924,9.426446914672852,3791081,0.0,0.0
2021-01-14,9.457418751485983,9.603827163143828,9.375767948697318,9.516545295715332,2618500,0.0,0.0
2021-01-15,9.516544908497938,9.533438101730061,9.291301601047378,9.482758522033691,2232450,0.0,0.0
2021-01-18,9.544701612009096,9.831887400565687,9.508100053553076,9.696741104125977,1926441,0.0,0.0
2021-01-19,9.786837860471705,9.79246819408925,9.38139974435943,9.516545295715332,2253141,0.0,0.0
2021-01-20,9.555964018687868,9.919169536016934,9.432079127573274,9.688294410705566,3117262,0.0,0.0
2021-01-21,9.736158980262518,9.95577124806254,9.702371858966693,9.82625675201416,2448888,0.0,0.0
2021-01-22,9.70800273736305,9.84596418344984,9.502467786094485,9.677031517028809,2487003,0.0,0.0
2021-01-26,9.671400221614055,10.023343599449937,9.651691860309521,9.7530517578125,2293434,0.0,0.0
2021-01-27,9.753051608390132,9.91353804939258,9.640429583003625,9.699555397033691,2443988,0.0,0.0
2021-01-28,9.685476671236366,9.795283513568144,9.539068279149513,9.634797096252441,2053581,0.0,0.0
2021-01-29,9.609458210787134,10.099363757674904,9.609458210787134,9.750235557556152,2582291,0.0,0.0
2021-02-01,9.899459641195511,9.975479377477576,9.693924690355516,9.854411125183105,2356868,0.0,0.0
2021-02-02,9.995187527874185,10.409072587604355,9.938876884040912,10.304898262023926,3064990,0.0,0.0
2021-02-03,10.355577311190148,10.668103218078613,10.206353736628216,10.668103218078613,4672082,0.0,0.0
2021-02-04,10.682181917696674,10.721600102649289,10.282374120479508,10.375287055969238,4186116,0.0,0.0
2021-02-05,10.414702920001432,10.541402956254691,10.279557384300139,10.462567329406738,1803111,0.0,0.0
2021-02-08,10.516065023070496,11.172086629101722,10.420336190703097,10.952473640441895,5728412,0.0,0.0
2021-02-09,10.977812596687071,11.304415780536802,10.91023982665839,11.073540687561035,3238958,0.0,0.0
2021-02-10,11.149563329823808,11.22558307647705,11.0369412934058,11.22558307647705,4569716,0.0,0.0
2021-02-11,11.22558226218552,11.777429542683237,11.205873169659776,11.709856033325195,4786427,0.0,0.0
2021-02-12,11.712670606106727,12.078691242725338,11.557815974429625,11.994224548339844,6080703,0.0,0.0
2021-02-17,12.106847156475716,12.149081236758047,11.701409050441415,11.783059120178223,2250146,0.0,0.0
2021-02-18,11.746459085335797,11.859081120918,11.602865825488458,11.692963600158691,2791651,0.0,0.0
2021-02-19,11.718301961797405,11.788690631862,11.571893557303934,11.707039833068848,1984430,0.0,0.0
2021-02-22,11.518398959893364,11.5324769873902,11.138300258724122,11.281892776489258,5092164,0.0,0.0
2021-02-23,11.352280953285133,11.608494739182964,11.205871822448277,11.290338516235352,3032592,0.0,0.0
2021-02-24,11.349467576891385,11.96607180062716,11.349467576891385,11.577526092529297,3029325,0.0,0.0
2021-02-25,11.715486640892367,11.845001858669423,11.169271177598867,11.250921249389648,3325806,0.0,0.0
2021-02-26,11.239659051522306,11.684515319620834,11.169270382999825,11.538106918334961,5796202,0.0,0.0
2021-03-01,11.881604622048819,12.247625300507472,11.577524926114844,12.039275169372559,9437274,0.0,0.0
2021-03-02,11.968886765355917,12.360248341158773,11.701410081510573,12.33209228515625,4810657,0.0,0.0
2021-03-03,12.348984415381635,12.7234535170984,12.14063428513668,12.5066556930542,5938044,0.0,0.0
2021-03-04,12.534811804438414,12.56015049981579,11.923837976543213,12.06743049621582,4278953,0.0,0.0
2021-03-05,12.225100261317502,12.385587427372773,11.799953063350596,12.318013191223145,3407481,0.0,0.0
2021-03-08,12.275781044264805,12.368693977737973,11.836555071627895,12.00830364227295,2458145,0.0,0.0
2021-03-09,11.921021591854164,12.137818676995103,11.495874384042157,11.701409339904785,3804966,0.0,0.0
2021-03-10,11.670439109882324,12.123742410404981,11.670439109882324,11.88160514831543,3355481,0.0,0.0
2021-03-11,12.022380060688835,12.061798241907573,11.312863764085153,11.4874267578125,4818825,0.0,0.0
2021-03-12,11.487427348815215,11.57470921568047,11.26218403365329,11.276261329650879,1978713,0.0,0.0
2021-03-15,11.248106006633423,11.391698519533588,10.91868689977349,11.276261329650879,2841473,0.0,0.0
2021-03-16,11.417037716448911,11.650727974391494,11.174901227821922,11.304415702819824,2259947,0.0,0.0
2021-03-17,11.304416913439784,11.87597254245682,11.211503979827715,11.746458053588867,3553134,0.0,0.0
2021-03-18,12.104032841684697,12.10684800862164,11.43111729698802,11.628205299377441,3566475,0.0,0.0
2021-03-19,11.670436832123583,11.892864957379281,11.557815551757812,11.557815551757812,2780761,0.0,0.0
2021-03-22,11.552185765048325,11.7774290817069,11.448009972658115,11.729564666748047,2768238,0.0,0.0
2021-03-23,11.670438106164756,11.79432225911352,11.4817963444251,11.484611511230469,2873326,0.0,0.0
2021-03-24,11.50713703859792,11.963255488257307,11.464904417387555,11.628205299377441,3549323,0.0,0.0
2021-03-25,11.656360244095067,11.760536037814255,11.464904043861795,11.650729179382324,1475595,0.0,0.0
2021-03-26,11.828108268314262,11.985778804014394,11.692961990425253,11.957623481750488,1974629,0.0,0.0
2021-03-29,12.230730150880346,12.368692314624974,11.791505699346803,12.28985595703125,4840060,0.0,0.0
2021-03-30,12.270150257813276,12.422189748915974,12.05616978066316,12.075878143310547,1812096,0.0,0.0
2021-03-31,12.078692241474492,12.743161529986207,12.042089955479433,12.568597793579102,4837882,0.0,0.0
2021-04-01,12.669956706954762,13.202095599200513,12.650248346441991,13.168309211730957,5910819,0.0,0.0
2021-04-05,13.280930323850011,13.40199930718017,12.810733879340479,12.841704368591309,2721411,0.0,0.0
2021-04-06,12.819181443132202,13.466757583308965,12.819181443132202,13.148600578308105,3135231,0.0,0.0
2021-04-07,13.199279879187689,13.249960192096935,12.875492565043112,12.9402494430542,2512867,0.0,0.0
2021-04-08,13.002190676123755,13.340055985994717,12.726266340665441,13.033161163330078,4016232,0.0,0.0
2021-04-09,13.356950380111554,13.762389980259274,13.196464663660597,13.379474639892578,4559643,0.0,0.0
2021-04-12,13.46112612202913,13.903166521939674,13.458310224209999,13.70607852935791,3317910,0.0,0.0
2021-04-13,13.680737929648183,13.875010018113976,13.449862094809207,13.520252227783203,2832216,0.0,0.0
2021-04-14,13.65821290826234,13.773651562606869,13.376659672192105,13.452678680419922,3329073,0.0,0.0
2021-04-15,13.514621157648216,13.936953205891404,13.506174926055838,13.894719123840332,2889933,0.0,0.0
2021-04-16,13.894720343988595,14.125596211492613,13.74549674987793,13.74549674987793,3096027,0.0,0.0
2021-04-19,13.74549396102783,14.280447242423273,13.568114345732853,14.131223678588867,4305906,0.0,0.0
2021-04-20,14.165010579897428,14.604236518848959,13.928504417542333,14.001708984375,3786453,0.0,0.0
2021-04-22,14.134042503191734,14.333946416235909,13.711710416088103,14.210062980651855,5199430,0.0,0.0
2021-04-23,14.359286575389282,14.516956402496259,14.145304633699375,14.210062980651855,2398794,0.0,0.0
2021-04-26,14.255108147626443,14.291711894471376,13.970739024560201,14.032681465148926,1981435,0.0,0.0
2021-04-27,14.074912563724723,14.567633213380851,14.049572410672452,14.195980072021484,3568380,0.0,0.0
2021-04-28,14.195981735874575,14.31705072040571,14.077730111178136,14.159380912780762,1961016,0.0,0.0
2021-04-29,14.159381181184767,14.553557169763645,13.993263677040451,14.52540111541748,3357931,0.0,0.0
2021-04-30,14.494558682074514,14.658421295435392,13.942605198148101,14.025973320007324,3118079,0.390345,0.0
2021-05-03,14.071970534786784,15.121259210147159,14.071970534786784,14.603802680969238,8942051,0.0,0.0
2021-05-04,14.784910454626454,14.905650700400571,14.488810086558978,14.632548332214355,3330162,0.0,0.0
2021-05-05,14.641173468774744,15.41736125633707,14.61242671284715,15.241999626159668,4075854,0.0,0.0
2021-05-06,15.241999540776353,15.44898304915316,14.905651899462216,15.109760284423828,2482647,0.0,0.0
2021-05-07,15.092510852848255,15.152880973884985,14.934398488914438,15.032140731811523,1972995,0.0,0.0
2021-05-10,15.167254248322898,15.707708691537194,15.158628879517918,15.431731224060059,4478512,0.0,0.0
2021-05-11,15.428857294339535,16.31715988312965,15.405859294670762,16.23954200744629,4309445,0.0,0.0
2021-05-12,16.09292926426516,16.265415761267338,15.9175676439941,15.992313385009766,6598251,0.0,0.0
2021-05-13,16.087181177573925,16.087181177573925,14.230082852105175,14.402567863464355,10300306,0.0,0.0
2021-05-14,14.60092781363302,15.207502729311052,14.428441305685306,14.46293830871582,6795360,0.0,0.0
2021-05-17,14.50031099240202,14.66129850552584,14.241582713333429,14.445691108703613,3345680,0.0,0.0
2021-05-18,14.462937793251513,14.710167052556425,14.368070665099912,14.575054168701172,3525365,0.0,0.0
2021-05-19,14.40544233245584,14.661296953676464,13.813241581165244,13.913857460021973,4298283,0.0,0.0
2021-05-20,13.913858271522187,14.218584034712524,13.7155001327023,14.112217903137207,3143126,0.0,0.0
2021-05-21,14.35657198111386,14.36232222793839,13.764371197943408,13.910983085632324,4003980,0.0,0.0
2021-05-24,13.744247575907659,13.99722558100492,13.511390955222057,13.726998329162598,4614093,0.0,0.0
2021-05-25,13.882235466345165,13.93973046703835,13.580384846712143,13.856362342834473,2657160,0.0,0.0
2021-05-26,13.879359312380716,14.048970671425943,13.744246443984451,13.899483680725098,2044869,0.0,0.0
2021-05-27,13.985725960335474,14.48593468741635,13.830490210491734,14.416940689086914,4226681,0.0,0.0
2021-05-28,14.494559817394258,14.891277581286285,14.316326052694995,14.733166694641113,3428988,0.0,0.0
2021-05-31,14.937274425339087,15.33111704867283,14.678544681324663,15.236249923706055,3143670,0.0,0.0
2021-06-01,15.236250294010524,15.604219802606517,14.54343215547144,14.77341365814209,9840476,0.0,0.0
2021-06-02,14.845282963462392,15.267873891591043,14.71879394378602,14.851033210754395,4599119,0.0,0.0
2021-06-04,14.894150569134732,15.040763926837608,14.57505222542397,14.730289459228516,4952499,0.0,0.0
2021-06-07,14.733165525193563,14.865404769327727,14.391067668657472,14.543431282043457,3583354,0.0,0.0
2021-06-08,14.503184662819248,14.917150166410817,14.402567290598803,14.488810539245605,2970792,0.0,0.0
2021-06-09,14.517557562751586,14.580801312672902,14.166835843973237,14.460061073303223,3110184,0.0,0.0
2021-06-10,14.46293756567995,14.669921066024363,14.273203312362183,14.646923065185547,3130875,0.0,0.0
2021-06-11,14.74753937281893,14.764787125804213,14.402566399573725,14.520431518554688,2062566,0.0,0.0
2021-06-14,14.632548434661919,14.690043434767611,14.115091940915676,14.316325187683105,3454852,0.0,0.0
2021-06-15,14.33644973897966,14.69004515052491,14.2300836031621,14.388195991516113,4286848,0.0,0.0
2021-06-16,14.373820528450398,14.494559285136368,14.066219658203481,14.307700157165527,4180126,0.0,0.0
2021-06-17,14.227207848308284,14.454314234769887,13.77299507538508,13.910983085632324,3550684,0.0,0.0
2021-06-18,13.795992136119684,14.071969630585903,13.571760888364325,13.905233383178711,2959902,0.0,0.0
2021-06-21,13.936855211144714,14.155337704494196,13.75574484108883,14.060470581054688,3077241,0.0,0.0
2021-06-22,14.07196995693537,14.310575333510132,13.968478953908564,14.15246295928955,2559966,0.0,0.0
2021-06-23,14.129465485239647,14.517559373446261,13.97997847529603,14.028849601745605,1920723,0.0,0.0
2021-06-24,14.028847082999942,14.120839072602807,13.85061036395212,14.014472961425781,1558631,0.0,0.0
2021-06-25,14.089218655054076,14.218582776997538,13.65512879687501,13.721247673034668,2061749,0.0,0.0
2021-06-28,13.813241530412428,14.100716535229013,13.706873912636492,14.06909465789795,2645453,0.0,0.0
2021-06-29,14.066218961535538,14.195584574425915,13.959854333683413,14.161086082458496,1938692,0.0,0.0
2021-06-30,14.161085137120702,14.911399670616953,13.833362920462458,14.753287315368652,7120698,0.0,0.0
2021-07-01,14.799283000652776,15.078135585490646,14.669918891907734,14.948771476745605,4898049,0.0,0.0
2021-07-02,14.948772881294241,15.115509124728604,14.78203663785988,14.805034637451172,2155131,0.0,0.0
2021-07-05,14.908523732816395,15.62146461474279,14.807907870644982,15.489225387573242,3375355,0.0,0.0
2021-07-06,15.368489441255031,15.489229703741575,14.724542369856936,14.977521896362305,3099838,0.0,0.0
2021-07-07,15.089636178234153,15.115509301275297,14.30769970461237,14.451437950134277,3411564,0.0,0.0
2021-07-08,14.287575504963344,14.293325750793374,13.732745450929341,14.023097038269043,4050263,0.0,0.0
2021-07-12,14.089219639611413,14.146714643071268,13.43089849120707,13.715499877929688,6718857,0.0,0.0
2021-07-13,13.692500354676902,13.951228587887158,13.60913223572738,13.807490348815918,2740196,0.0,0.0
2021-07-14,13.933981879156025,13.933981879156025,13.568886008018994,13.571761131286621,3810138,0.0,0.0
2021-07-15,13.571761395907993,13.75574540390258,13.35327889361934,13.600509643554688,4193466,0.0,0.0
2021-07-16,13.675251432106462,13.81324092112691,13.514265436510074,13.612006187438965,2050859,0.0,0.0
2021-07-19,13.520015981356789,13.540140353069045,12.82432267621992,12.893318176269531,6874312,0.0,0.0
2021-07-20,13.077300645403188,13.491266132652635,12.861694771490242,13.433771133422852,5251158,0.0,0.0
2021-07-21,13.433771618618826,13.433771618618826,13.088800117985567,13.209540367126465,3490245,0.0,0.0
2021-07-22,13.209539270978148,13.347528755457896,13.088799031856464,13.232537269592285,2335632,0.0,0.0
2021-07-23,13.267034616462569,13.336030106914622,13.111797375336634,13.212414741516113,1824075,0.0,0.0
2021-07-26,13.203791440959826,13.2239143179555,12.86169506805822,13.120423316955566,2917975,0.0,0.0
2021-07-27,13.126171830366246,13.511390566230135,12.95943558540949,13.011181831359863,3178518,0.0,0.0
2021-07-28,13.137671159094449,13.45389590346941,13.094550281586518,13.258411407470703,1828158,0.0,0.0
2021-07-29,13.267035694138212,13.370528191825462,13.108924809862843,13.264162063598633,2237350,0.0,0.0
2021-07-30,13.198040974576076,13.235413097513154,12.625963116190407,12.936437606811523,2974059,0.0,0.0
2021-08-02,12.991059247699562,13.272785498016034,12.904816000102365,13.152045249938965,3555585,0.0,0.0
2021-08-03,13.15204486556007,13.18941698818646,12.778325132091156,13.065801620483398,3778285,0.0,0.0
2021-08-04,13.062926668312132,13.062926668312132,12.487974430399472,12.519597053527832,5451261,0.0,0.0
2021-08-05,12.579967323815364,12.752452325449996,12.42473007594668,12.493724822998047,2694186,0.0,0.0
2021-08-06,12.473600161048111,12.669083146624647,12.275240559690054,12.283865928649902,2829494,0.0,0.0
2021-08-09,12.269492510834272,12.597216244658894,12.269492510834272,12.433354377746582,2989577,0.0,0.0
2021-08-10,12.44772742701665,12.648960664826939,12.358609807620809,12.375858306884766,2198418,0.0,0.0
2021-08-11,12.421854807347902,12.700707422720935,12.318363807578276,12.519597053527832,2977870,0.0,0.0
2021-08-12,12.519596443022458,12.634586437159117,12.349985828472152,12.50522232055664,3225345,0.0,0.0
2021-08-13,12.648961465593779,12.795574838215254,12.459227215281302,12.476475715637207,4021132,0.0,0.0
2021-08-16,12.46210177612351,12.46210177612351,12.237869788821312,12.30398941040039,3106372,0.0,0.0
2021-08-17,12.32123850641536,12.33561188356029,11.706039752512739,11.953269004821777,4610826,0.0,0.0
2021-08-18,11.887148893262053,12.240744256833413,11.786531525380207,11.993515014648438,2879860,0.0,0.0
2021-08-19,11.869900523332612,12.312614259822052,11.60254690897123,12.232120513916016,2297517,0.0,0.0
2021-08-20,12.189000355080422,12.246494611717198,11.858402221639192,12.122879981994629,3235146,0.0,0.0
2021-08-23,12.117130197748448,12.50522332512975,12.099882443639867,12.163126945495605,2456511,0.0,0.0
2021-08-24,12.347111580985555,12.430478959447694,12.234995955553169,12.295365333557129,1821352,0.0,0.0
2021-08-25,12.303990337710438,12.41898108995758,12.174626207930869,12.19474983215332,1942776,0.0,0.0
2021-08-26,12.20912367748543,12.246495057619681,11.85840265341099,11.87277603149414,3728191,0.0,0.0
2021-08-27,11.930270714716292,12.042386337874737,11.375441352524494,12.0021390914917,5079096,0.0,0.0
2021-08-30,12.002139471847658,12.367234599280277,11.9360198465773,12.088382720947266,3579270,0.0,0.0
2021-08-31,12.088382291917393,12.122879291773888,11.642794177777244,11.711788177490234,3506580,0.0,0.0
2021-09-01,12.510972527364004,13.574636004424441,12.50522302733222,13.28140926361084,17238325,0.0,0.0
2021-09-02,13.223915194464333,13.223915194464333,12.591467160843589,12.807074546813965,7318624,0.0,0.0
2021-09-03,12.761077820353119,12.878942945825491,12.568468447041422,12.735204696655273,6641266,0.0,0.0
2021-09-06,12.706457608421811,13.134797221416406,12.614464116270922,12.936437606811523,2136618,0.0,0.0
2021-09-08,12.953686324114505,12.985308199403036,12.375858242967647,12.611588478088379,4629066,0.0,0.0
2021-09-09,12.600091235555517,13.028430890784868,12.370109721694371,12.991060256958008,2966436,0.0,0.0
2021-09-10,13.054303460728018,13.149170588578732,12.746704076048129,12.82144832611084,2346250,0.0,0.0
2021-09-13,12.97668313765057,13.103173627391271,12.651836022295765,12.75245189666748,1950399,0.0,0.0
2021-09-14,12.778325597796139,13.088800097151376,12.657585348847428,12.660460472106934,2503066,0.0,0.0
2021-09-15,12.694957328359173,13.039930317312356,12.663335451249644,12.68345832824707,3728191,0.0,0.0
2021-09-16,12.663335974108783,12.89906623253755,12.510973096736189,12.7467041015625,2792468,0.0,0.0
2021-09-17,12.6978330927397,12.755328096203325,12.088383070435063,12.617340087890625,5433293,0.0,0.0
2021-09-20,12.907689855405884,12.907689855405884,11.8612763442355,12.088382720947266,3344591,0.0,0.0
2021-09-21,12.151626759130728,12.25799362799982,11.89577289128359,12.04526138305664,1916367,0.0,0.0
2021-09-22,12.214871752393895,12.433354239175294,12.091256386200083,12.197623252868652,1644662,0.0,0.0
2021-09-23,12.19762322857215,12.545469834298746,12.108505608003826,12.278116226196289,1454359,0.0,0.0
2021-09-24,12.12000515196369,12.283867024082243,12.028012404150159,12.26374340057373,1719531,0.0,0.0
2021-09-27,12.082633196736229,12.338487073839822,12.082633196736229,12.163126945495605,2692824,0.0,0.0
2021-09-28,12.102757074385417,12.143003576410527,11.786532319281207,11.832529067993164,2397161,0.0,0.0
2021-09-29,11.844027847852498,12.272367477416992,11.838278347670341,12.272367477416992,3763311,0.0,0.0
2021-09-30,12.303989450741913,13.410774521637624,12.303989450741913,13.10892391204834,7221703,0.0,0.0
2021-10-01,13.267035284413282,13.594759028976695,12.815697661022782,13.258411407470703,7581618,0.0,0.0
2021-10-04,13.25553719718982,13.712623554282938,13.12042283128948,13.612006187438965,5054865,0.0,0.0
2021-10-05,13.635006547479863,13.635006547479863,13.060053541021054,13.100300788879395,3595605,0.0,0.0
2021-10-06,12.953687497312885,13.471144012219364,12.660460745590473,13.425148010253906,5312414,0.0,0.0
2021-10-07,13.462519302064209,13.683876913820452,13.255537306026536,13.476893424987793,3229974,0.0,0.0
2021-10-08,13.612007400031194,13.936856036077394,13.373402015706173,13.646504402160645,4086744,0.0,0.0
2021-10-11,13.643629804077717,14.310574783542654,13.629255681010973,14.158212661743164,5531847,0.0,0.0
2021-10-13,14.158213350393265,14.362321728042788,13.867861722943436,13.942605972290039,3810138,0.0,0.0
2021-10-14,13.948355215848764,14.117966598092268,13.867862209846722,14.086344718933105,3238141,0.0,0.0
2021-10-15,14.09209271006065,14.18121108147751,13.86786145908232,13.913857460021973,3368004,0.0,0.0
2021-10-18,13.910980480327712,14.195583310552559,13.818988490724847,14.014472961425781,3671835,0.0,0.0
2021-10-19,14.0805948581852,14.209960487372346,13.71550045135472,13.810367584228516,3426266,0.0,0.0
2021-10-20,14.017350517372929,14.017350517372929,13.566011381253897,13.70975112915039,2889933,0.0,0.0
2021-10-21,13.292908263674411,13.511390757677288,12.953687015401545,13.28140926361084,3169806,0.0,0.0
2021-10-22,13.235414475894938,13.488393993264788,12.485100547821954,13.310158729553223,6311571,0.0,0.0
2021-10-25,13.310158384217385,13.67237765640357,13.255538503527404,13.505642890930176,3122979,0.0,0.0
2021-10-26,13.373402148994778,13.476894649209711,12.818573493222441,12.956562995910645,3062812,0.0,0.0
2021-10-27,13.077299647208898,13.134796134844954,12.418979343886408,12.542593955993652,5163493,0.0,0.0
2021-10-28,12.643211280230428,12.735204775368587,12.303990025192693,12.502348899841309,3929112,0.0,0.0
2021-10-29,12.502349704919146,12.778326476117275,12.338487820597454,12.52822208404541,3842264,0.0,0.0
2021-11-01,12.726581430077069,12.809949558882476,12.194750031919186,12.38448429107666,3063629,0.0,0.0
2021-11-03,12.309739252518566,12.96231007749996,12.257993009087512,12.815696716308594,4093551,0.0,0.0
2021-11-04,12.850194791536484,13.094550414005928,12.59434166155736,12.867444038391113,2448888,0.0,0.0
2021-11-05,12.962311291075846,13.209540546446908,12.80994916234688,13.100300788879395,2020639,0.0,0.0
2021-11-08,13.014057254639408,13.81899025183594,12.99968313123339,13.770120620727539,4274325,0.0,0.0
2021-11-09,13.801742200347546,13.99722519895063,13.658003954977188,13.827613830566406,2589914,0.0,0.0
2021-11-10,13.798867829642681,13.844863831822227,13.632131575344284,13.818990707397461,2495443,0.0,0.0
2021-11-11,13.933982357250601,13.933982357250601,13.543013348880335,13.790244102478027,3939457,0.0,0.0
2021-11-12,13.770121734794976,13.89086049990676,13.180794569829224,13.203792572021484,3422727,0.0,0.0
2021-11-16,13.209540253694286,13.218164130617424,12.427604510654646,12.522472381591797,4365801,0.0,0.0
2021-11-17,12.594341091727225,12.654711213794405,11.941768748772688,12.068259239196777,3821301,0.0,0.0
2021-11-18,12.053885245857522,12.168875991335907,11.792281131954757,11.864151000976562,3188047,0.0,0.0
2021-11-19,11.858401751388234,12.030886753651224,11.611172501747095,11.717537879943848,2413224,0.0,0.0
2021-11-22,11.706039972900586,11.970517730601339,11.625546223062939,11.700289726257324,2360679,0.0,0.0
2021-11-23,11.80378147707786,11.80378147707786,11.381191343023444,11.700289726257324,3035587,0.0,0.0
2021-11-24,11.660043202273629,11.999265208918597,11.522054450242235,11.95901870727539,3403397,0.0,0.0
2021-11-25,11.959018343862054,12.41035596456795,11.852651473155284,12.237870216369629,2981954,0.0,0.0
2021-11-26,11.924521728635563,12.03088710998265,11.54217734990366,11.700289726257324,2477202,0.0,0.0
2021-11-29,11.84402809436974,11.938895222548618,11.66866721556777,11.757784843444824,1832787,0.0,0.0
2021-11-30,11.70316437929828,11.70316437929828,10.863732898769392,11.033344268798828,7779271,0.0,0.0
2021-12-01,11.067841393488118,11.148334394599877,10.536010023751256,10.648125648498535,6689999,0.0,0.0
2021-12-02,10.648124537959148,10.967222878682596,10.616502664019128,10.745866775512695,3479627,0.0,0.0
2021-12-03,10.783238938956611,11.168457671516283,10.751617062699843,10.846484184265137,3963415,0.0,0.0
2021-12-06,10.869482538436964,11.162708535748271,10.860858661502892,11.01322078704834,1767174,0.0,0.0
2021-12-07,11.185706825683322,11.407062943251388,11.073590458938991,11.15695858001709,2392533,0.0,0.0
2021-12-08,11.159833579193654,11.470308060642706,11.125336580454311,11.361066818237305,2296701,0.0,0.0
2021-12-09,11.300695983453693,11.306444736482993,11.12821025425429,11.211578369140625,1826253,0.0,0.0
2021-12-10,11.260451173510006,11.375441925659816,11.007471668059937,11.096590042114258,1244182,0.0,0.0
2021-12-13,11.090838958500237,11.297821699632676,11.039093459816499,11.15695858001709,1699929,0.0,0.0
2021-12-14,11.188582423001176,11.41856318863777,11.021846162655311,11.185708045959473,2235717,0.0,0.0
2021-12-15,11.214455303804534,11.37256769370312,10.837861139454423,10.970100402832031,2997744,0.0,0.0
2021-12-16,11.039094315903403,11.237452449439239,10.952851065011481,11.024720191955566,3276801,0.0,0.0
2021-12-17,10.903980573252017,11.053468336131427,10.653876176080281,10.96147632598877,3351669,0.0,0.0
2021-12-20,10.889606034604688,11.085089781727103,10.67687378741831,10.774615287780762,3191859,0.0,0.0
2021-12-21,10.895355001081457,11.427185593003705,10.829235380875385,11.225953102111816,3645427,0.0,0.0
2021-12-22,11.269074454959615,11.941768938635953,11.237451831850821,11.890024185180664,5621690,0.0,0.0
2021-12-23,11.961892170999251,12.194748778723486,11.757783808651574,11.806654930114746,2624490,0.0,0.0
2021-12-27,11.803781515173704,12.174626148213498,11.775034013852313,12.168876647949219,3215817,0.0,0.0
2021-12-28,12.206247438231589,12.539719930284285,12.01938831544879,12.519597053527832,2850729,0.0,0.0
2021-12-29,12.531095047508888,12.766826767252176,12.33273619427838,12.749577522277832,2470124,0.0,0.0
2021-12-30,12.812822436139069,13.17791830161758,12.697832435166719,12.945061683654785,5480392,0.0,0.0
2022-01-03,13.246625315319184,13.313032300263805,12.65844767015756,13.151758193969727,4474305,0.0,1.1
2022-01-04,13.151757826008602,13.423709237738375,12.965185328309616,12.999970436096191,5067315,0.0,0.0
2022-01-05,13.012619445017666,13.442683237258471,12.87980547315558,12.949374198913574,5354415,0.0,0.0
2022-01-06,12.968347251508263,13.796854428367164,12.79758643544047,13.660877227783203,7012170,0.0,0.0
2022-01-07,13.698825347259197,13.866422928087859,13.531226273635594,13.594470024108887,3491482,0.0,0.0
2022-01-10,13.610281581615357,13.970778121377982,13.550199571385717,13.828475952148438,3252150,0.0,0.0
2022-01-11,13.818989109315746,13.954966305149059,13.578659577881735,13.815827369689941,2631172,0.0,0.0
2022-01-12,13.793693282816978,14.400842877211993,13.793693282816978,14.271190643310547,3341002,0.0,0.0
2022-01-13,14.38503111746642,14.38503111746642,14.109916458936604,14.29016399383545,2905897,0.0,0.0
2022-01-14,14.195296532554988,14.739202356965219,14.192134792774167,14.530494689941406,3495195,0.0,0.0
2022-01-17,14.562115937849594,14.656983055130997,14.138375649727688,14.16683578491211,2754675,0.0,0.0
2022-01-18,14.103593477086482,14.508358890336977,13.98342795198036,14.40400505065918,2189880,0.0,0.0
2022-01-19,14.476737266409888,15.131320454061608,14.47357552638675,14.821420669555664,5978610,0.0,0.0
2022-01-20,14.88150384241084,15.007992846807019,14.470411965731895,14.619037628173828,3481087,0.0,0.0
2022-01-21,14.562119251807527,14.770826957323035,14.258544407421335,14.340763092041016,1913917,0.0,0.0
2022-01-24,14.239568018328663,14.470410843975229,14.065645464167137,14.264864921569824,3662010,0.0,0.0
2022-01-25,14.321786121559542,14.612713962848783,14.305975929207554,14.574767112731934,2460397,0.0,0.0
2022-01-26,14.615875082178212,14.932098322126942,14.552629837070473,14.581089973449707,2417085,0.0,0.0
2022-01-27,14.691768034343852,14.723389908897058,14.166835661432186,14.40084171295166,4026825,0.0,0.0
2022-01-28,14.347083637037782,14.634848227926025,14.163674370349144,14.483060836791992,2331450,0.0,0.0
2022-01-31,14.495710019794993,14.821419982104567,14.315462483729448,14.539981842041016,2436637,0.0,0.0
2022-02-01,14.609550136016956,14.982695142188014,14.502033069861573,14.849881172180176,3789720,0.0,0.0
2022-02-02,14.868854498192132,15.011155193689483,14.739203748602408,14.859369277954102,3367485,0.0,0.0
2022-02-03,14.86252937182854,15.011153531022655,14.739202116057488,14.884664535522461,2139390,0.0,0.0
2022-02-04,14.894151935075694,15.286270376979415,14.600063850045418,14.982695579528809,5424705,0.0,0.0
2022-02-07,15.011153975539436,15.687873778852454,14.93209853761016,15.336865425109863,4586175,0.0,0.0
2022-02-08,15.333703468998332,15.333703468998332,14.843556178042556,15.147130966186523,2495295,0.0,0.0
2022-02-09,15.178754066257486,15.567710787724568,15.087050170141318,15.245161056518555,5460840,0.0,0.0
2022-02-10,15.311568226874199,15.665738313637611,15.254647954387492,15.412758827209473,4585185,0.0,0.0
2022-02-11,15.485490772561484,15.485490772561484,14.94790992410024,15.093372344970703,3116272,0.0,0.0
2022-02-14,15.090209475866068,15.649925446346199,15.083884504025066,15.295755386352539,3110827,0.0,0.0
2022-02-15,15.349515552435296,15.349515552435296,14.429302959161255,14.558955192565918,6440692,0.0,0.0
2022-02-16,14.55895429287807,14.666469862231164,14.223756147774132,14.343921661376953,4389412,0.0,0.0
2022-02-17,14.28067678459752,14.4514376011919,13.992912191065901,14.249054908752441,2603452,0.0,0.0
2022-02-18,14.309136984896911,14.429302502119311,13.679850755353133,13.787367820739746,4087462,0.0,0.0
2022-02-21,13.622930090080974,14.163674155591874,13.616606610742908,13.860097885131836,2105730,0.0,0.0
2022-02-22,13.91385547067964,14.087779503760228,13.660876008886405,13.809501647949219,2964060,0.0,0.0
2022-02-23,13.834802015862593,13.973940963619901,13.717798233032227,13.717798233032227,1624590,0.0,0.0
2022-02-24,13.755743558411778,14.74868801488324,13.755743558411778,14.302812576293945,7026277,0.0,0.0
2022-02-25,14.416654260260271,14.467249561135313,13.65139231075216,13.904370307922363,5610577,0.0,0.0
2022-03-02,13.964453689777326,15.359001865608656,13.964453689777326,15.147130966186523,9085972,0.0,0.0
2022-03-03,15.178756303644425,16.08632062804978,15.09021413451003,15.842827796936035,14026072,0.0,0.0
2022-03-04,16.035721114892134,16.12742650183217,15.751119734176578,16.083154678344727,8246205,0.0,0.0
2022-03-07,16.121100044237938,17.01601418747889,15.991449311272662,16.94644546508789,14099580,0.0,0.0
2022-03-08,16.98439287707553,17.24685907699672,16.212805961797194,16.525867462158203,9114187,0.0,0.0
2022-03-09,16.538517895932674,16.91482465256763,15.643603696472441,15.868123054504395,8678340,0.0,0.0
2022-03-10,15.814363570739093,16.083153242034427,15.374811593469328,15.991449356079102,5006677,0.0,0.0
2022-03-11,16.102128398614557,16.696629569039562,16.016747982836264,16.39937973022461,5499945,0.0,0.0
2022-03-14,16.396214732863495,16.396214732863495,15.845985445951797,15.991449356079102,2518065,0.0,0.0
2022-03-15,15.842822956300909,16.089477452550703,15.74795584235868,15.861796379089355,4187205,0.0,0.0
2022-03-16,16.086317368894356,16.159047835206806,15.273620352072868,15.444382667541504,5494005,0.0,0.0
2022-03-17,15.444381060807109,15.608816893861695,14.966882259291607,15.131318092346191,4662405,0.0,0.0
2022-03-18,15.216701830745176,15.640440662018655,14.862530234319674,15.150293350219727,7521277,0.0,0.0
2022-03-21,15.33370446864204,15.507627038089652,15.115510075438909,15.425408363342285,4480740,0.0,0.0
2022-03-22,15.577196385639606,15.871284464317059,15.188239692013136,15.479166030883789,3553110,0.0,0.0
2022-03-23,15.501303831859618,15.782741986489043,15.384300044038518,15.536088943481445,7950442,0.0,0.0
2022-03-24,15.589845136866161,15.94085349557267,15.311568737471958,15.40327262878418,6766402,0.0,0.0
2022-03-25,15.412759507589362,15.60881873018562,14.761338084997963,14.799284934997559,5261107,0.0,0.0
2022-03-28,14.909965589311524,15.295759109624639,14.729718029518587,14.818260192871094,5097510,0.0,0.0
2022-03-29,14.951072209597681,15.219863390037094,14.789798098452048,14.982695579528809,4042665,0.0,0.0
2022-03-30,15.178753684712891,15.59933227432442,15.033291254919657,15.46335506439209,5245762,0.0,0.0
2022-03-31,15.460193566357766,15.823851885723938,15.213539033442839,15.747958183288574,5800410,0.0,0.0
2022-04-01,16.051534364541634,16.19699680903998,15.77009469636473,15.931368827819824,8506575,0.0,0.0
2022-04-04,15.93769364072144,16.026235802638425,15.362165856273032,15.763771057128906,5896687,0.0,0.0
2022-04-05,15.795392722738589,16.013587130714622,15.586685028152818,15.624631881713867,3617955,0.0,0.0
2022-04-06,15.618303072698295,15.75427876696497,15.264133024043678,15.551896095275879,2949210,0.0,0.0
2022-04-07,15.551896631465658,15.551896631465658,14.894150313407758,14.957395553588867,3722152,0.0,0.0
2022-04-08,14.992183041196933,15.558222582035024,14.944749476724741,15.245161056518555,2564347,0.0,0.0
2022-04-11,15.213538178972561,15.479166122577302,15.011153988648468,15.409597396850586,2505937,0.0,0.0
2022-04-12,15.50446364564756,15.634115870316469,15.210375581804486,15.216700553894043,2312145,0.0,0.0
2022-04-13,15.32105257360714,15.406434470269573,14.777148276197401,15.096534729003906,2115630,0.0,0.0
2022-04-14,15.11867020408307,15.39062310480508,15.036451538098527,15.216700553894043,1857982,0.0,0.0
2022-04-18,15.21354072691166,15.871287216430767,15.21354072691166,15.785906791687012,3703095,0.0,0.0
2022-04-19,15.757442697673463,16.190669686231477,15.757442697673463,15.82384967803955,4860157,0.0,0.0
2022-04-20,15.82068883283381,16.260239325363955,15.67838815257639,16.038883209228516,4566127,0.0,0.0
2022-04-22,15.931368460613987,16.013587140980697,15.561386638156568,15.83017635345459,3496185,0.0,0.0
2022-04-25,15.73847249986289,15.909233341511111,15.510789884870073,15.728985786437988,3424657,0.0,0.0
2022-04-26,15.861796915977475,16.946445283959914,15.861796915977475,16.83892822265625,8603842,0.0,0.0
2022-04-27,16.917983749739488,17.40813097876247,16.54167705188612,17.24053192138672,6342930,0.0,0.0
2022-04-28,17.332239443606163,17.58205569820744,17.148830173766804,17.37967300415039,3932032,0.0,0.0
2022-04-29,17.46821467200806,17.515648231246463,16.731412887573242,16.731412887573242,15531615,0.0,0.0
2022-05-02,16.96544469269231,16.99858624581289,16.305914799948987,16.93893051147461,4479007,0.980261,0.0
2022-05-03,16.995273241866673,18.108848661249304,16.822934952509357,18.0723934173584,8637502,0.0,0.0
2022-05-04,18.082333674307975,18.480038604823537,17.68131505754996,17.863595962524414,6693390,0.0,0.0
2022-05-05,17.847024289758526,17.963022081939652,17.25378214850213,17.565317153930664,3590235,0.0,0.0
2022-05-06,17.505662401899322,17.648172820960408,16.899162352484186,17.522233963012695,2928915,0.0,0.0
2022-05-09,17.392978027192058,17.412863272625152,16.809676972976114,17.021785736083984,2642310,0.0,0.0
2022-05-10,17.220640345119595,17.273667151397596,16.544541915798636,16.958818435668945,5578897,0.0,0.0
2022-05-11,17.00190176621234,17.512290813643833,16.428543291696936,17.399606704711914,4577017,0.0,0.0
2022-05-12,17.886796820289618,17.886796820289618,16.458371163354354,17.114585876464844,6947820,0.0,0.0
2022-05-13,17.164298173339617,17.568630465161544,16.978702022718345,17.230581283569336,3516480,0.0,0.0
2022-05-16,17.194126358510022,18.234788105237975,17.101327499225036,18.165189743041992,6171412,0.0,0.0
2022-05-17,18.198331590239423,18.76174743379029,18.079020110278222,18.30107307434082,4146367,0.0,0.0
2022-05-18,18.25798881260812,18.533068601920135,17.40292313679568,17.52886199951172,6843375,0.0,0.0
2022-05-19,17.499034997677608,17.837085799701352,17.214014134584097,17.5620059967041,4690867,0.0,0.0
2022-05-20,17.731029614026394,17.777429047867074,17.29023890387909,17.60508918762207,2826697,0.0,0.0
2022-05-23,17.734343591668306,17.896739265973117,17.16761401034879,17.267040252685547,5426932,0.0,0.0
2022-05-24,17.06487372981165,17.840398404058096,16.902476494317476,17.830455780029297,3704827,0.0,0.0
2022-05-25,17.80725520689312,18.175133858964692,17.429435495369727,17.581890106201172,4731210,0.0,0.0
2022-05-26,17.601774107607074,18.029306908789604,17.46589106788993,17.963022232055664,3084592,0.0,0.0
2022-05-27,17.866913492477575,18.486669900077768,17.81388511862064,18.397186279296875,3376642,0.0,0.0
2022-05-30,18.31432841758059,18.642434970161364,18.15856013878295,18.393869400024414,3558802,0.0,0.0
2022-05-31,18.47672644593211,18.745178860756855,18.178447723388672,18.178447723388672,5515290,0.0,0.0
2022-06-01,18.17181991189057,18.718664223358807,17.97959480786587,18.443584442138672,4129785,0.0,0.0
2022-06-02,18.440270452364988,19.139567796439554,18.440270452364988,19.106426239013672,4293135,0.0,0.0
2022-06-03,19.089852991765316,19.089852991765316,18.50323824638477,18.71866226196289,2575732,0.0,0.0
2022-06-06,18.87443468586657,18.87443468586657,18.03262368428433,18.0922794342041,2872980,0.0,0.0
2022-06-07,17.986221963626882,18.135361306526857,17.60177335819513,17.618343353271484,3016035,0.0,0.0
2022-06-08,17.628288671245475,18.019364673974984,17.56863136572394,17.687944412231445,3702847,0.0,0.0
2022-06-09,17.67136991364824,17.880164972386446,17.515601649903207,17.63159942626953,2035687,0.0,0.0
2022-06-10,17.406235764959817,17.674686600345478,17.17424017283739,17.46257781982422,2502720,0.0,0.0
2022-06-13,17.223953673404697,17.333324099232488,16.942246521891235,17.048301696777344,2710867,0.0,0.0
2022-06-14,17.13446932548065,17.20738293957514,16.547854549138336,16.75333595275879,2644290,0.0,0.0
2022-06-15,16.935617880478944,17.36315227390026,16.90247632223224,17.233898162841797,3453862,0.0,0.0
2022-06-17,17.041673389250104,17.555376157028714,17.041673389250104,17.42943572998047,5082907,0.0,0.0
2022-06-20,17.386350137470057,17.472520061047415,16.909104218337994,17.078128814697266,3015540,0.0,0.0
2022-06-21,17.174241015727574,17.432750804803334,17.05161584098325,17.30681037902832,2720025,0.0,0.0
2022-06-22,17.131155973671262,17.2140122127112,16.03083844906388,16.18992042541504,6793627,0.0,0.0
2022-06-23,16.179977144089694,16.325802804661514,15.079659664216157,15.109487533569336,8149927,0.0,0.0
2022-06-24,15.248682484831482,15.301710850426876,14.705153471494809,14.847663879394531,7068847,0.0,0.0
2022-06-27,14.847664442512093,15.334852987117227,14.841037069962928,15.069717407226562,3667207,0.0,0.0
2022-06-28,15.24205654855292,15.450851650850623,14.963663078822652,15.0564603805542,3789720,0.0,0.0
2022-06-29,15.069716440545776,15.540333394518134,15.069716440545776,15.487306594848633,3857782,0.0,0.0
2022-06-30,15.374623219032788,15.407764771448987,14.592468188285265,14.625611305236816,6649830,0.0,0.0
2022-07-01,14.420132185204718,14.804580824529491,14.251107581683527,14.6355562210083,4969057,0.0,0.0
2022-07-04,14.582527976812159,14.88080825600945,14.40687599897958,14.75155258178711,2590830,0.0,0.0
2022-07-05,14.652126728540502,14.771438217539997,14.188137083141697,14.28756332397461,4010490,0.0,0.0
2022-07-06,14.227906155351858,14.499672229450196,14.148365170647077,14.403559684753418,3747150,0.0,0.0
2022-07-07,14.459903492398206,15.341483368070461,14.459903492398206,15.046518325805664,5495490,0.0,0.0
2022-07-08,15.145942924432552,15.232112847146412,14.831094232294994,15.132686614990234,2948467,0.0,0.0
2022-07-11,14.910634123613953,15.086287660806699,14.27099253141992,14.449959754943848,5199232,0.0,0.0
2022-07-12,14.363789139702716,14.426758564184478,13.541865112590303,13.555121421813965,6685965,0.0,0.0
2022-07-13,13.465639061700173,13.53855268052319,12.968507863068856,13.459010124206543,7482915,0.0,0.0
2022-07-14,13.293299786553378,13.681062092866393,13.210443549873071,13.217072486877441,4033755,0.0,0.0
2022-07-15,13.26347186028837,13.37615440166912,12.869079836384708,13.067933082580566,4444852,0.0,0.0
2022-07-18,13.187245236101184,13.886544146408218,13.081190061731187,13.637978553771973,4231755,0.0,0.0
2022-07-19,13.674435593588242,13.926314876876477,13.548495169676315,13.767232894897461,4010242,0.0,0.0
2022-07-20,13.734090640081343,13.995912533960686,13.578322352450687,13.946199417114258,2345062,0.0,0.0
2022-07-21,13.946199954107826,13.956142577859948,13.488839261510169,13.836831092834473,2470792,0.0,0.0
2022-07-22,13.74734567360441,14.254419418367872,13.661175757557643,14.03568172454834,4457970,0.0,0.0
2022-07-25,14.168251689225395,14.463216722173925,14.085397010895518,14.264364242553711,3878077,0.0,0.0
2022-07-26,14.257735770554127,14.549385530003848,14.1715658478491,14.383674621582031,2278237,0.0,0.0
2022-07-27,14.403559426234454,14.546071397629676,14.178192785437346,14.456587791442871,2290612,0.0,0.0
2022-07-28,14.436704051389718,14.675327026109867,14.251107882873281,14.396933555603027,2333182,0.0,0.0
2022-07-29,14.433388338807127,14.731667047668425,14.357162600677405,14.615669250488281,4511430,0.0,0.0
2022-08-01,14.572584266498312,14.575897952680068,13.860029090865252,13.886543273925781,5071522,0.0,0.0
2022-08-02,13.883230112448738,14.406875469338058,13.810316497410449,14.294191360473633,2611125,0.0,0.0
2022-08-03,14.31076266389206,14.443330452751539,14.075453391471122,14.11522388458252,3409065,0.0,0.0
2022-08-04,14.184824371003844,14.320707430988064,13.923002440337433,13.95283031463623,3578602,0.0,0.0
2022-08-05,13.952828536929369,14.35053347690907,13.952828536929369,14.068824768066406,3171960,0.0,0.0
2022-08-08,14.088709518804952,14.449959202918905,13.773860828768289,13.90311336517334,4408470,0.0,0.0
2022-08-09,13.992598729166412,14.161624908447266,13.836831989974094,14.161624908447266,7210912,0.0,0.0
2022-08-10,14.251106958556623,14.721723939996712,14.158309662584987,14.589156150817871,3844170,0.0,0.0
2022-08-11,14.748238512702008,15.073031403973996,14.512929233506789,14.599099159240723,4708440,0.0,0.0
2022-08-12,14.605728276210845,15.23874250575983,14.5526999068594,15.145943641662598,4272840,0.0,0.0
2022-08-15,14.963662599018814,15.136000886575909,14.516242972477297,14.605728149414062,4856197,0.0,0.0
2022-08-16,14.632241595179984,15.013376564387004,14.390304928766858,14.824466705322266,4750267,0.0,0.0
2022-08-17,14.791323668919317,15.22217015136366,14.609041201144953,15.07634449005127,6999052,0.0,0.0
2022-08-18,15.076342989145592,15.13599872221596,14.575896629809488,14.625611305236816,2854417,0.0,0.0
2022-08-19,14.572585209447709,14.572585209447709,14.20470813165529,14.304134368896484,3048457,0.0,0.0
2022-08-22,14.194766686521918,14.744926287959983,14.161625126201644,14.483102798461914,3177900,0.0,0.0
2022-08-23,14.42013123687412,15.15588534499174,14.42013123687412,15.102858543395996,4203540,0.0,0.0
2022-08-24,15.0962307677064,15.991068478513672,15.016689776926698,15.606619834899902,6916635,0.0,0.0
2022-08-25,15.609933089879753,15.938041232312758,15.510506854153258,15.871756553649902,4013955,0.0,0.0
2022-08-26,15.947982338400768,16.073921181980594,15.76569988055638,16.024208068847656,3467475,0.0,0.0
2022-08-29,16.02421161480112,16.38877504662771,15.928099053297151,16.077239990234375,2867040,0.0,0.0
2022-08-30,16.140208801461952,16.299290792534972,15.914842125929939,16.08055305480957,3459802,0.0,0.0
2022-08-31,16.2131203798977,16.35231711797164,15.971183713804878,16.107065200805664,2855160,0.0,0.0
2022-09-01,16.09049272112274,16.889216216283344,15.908210263505836,16.299287796020508,6003855,0.0,0.0
2022-09-02,16.445115986378045,16.471630172284968,15.938042154822972,16.107065200805664,3556575,0.0,0.0
2022-09-05,16.349003592953945,16.474944021586484,16.040782241316574,16.319175720214844,3090037,0.0,0.0
2022-09-06,16.26614823030647,16.428543898008652,16.073923126580382,16.12363624572754,1960447,0.0,0.0
2022-09-08,16.20648971649661,16.20648971649661,15.46742192169842,15.619874954223633,5435100,0.0,0.0
2022-09-09,15.729245483176394,16.196550382674577,15.725931796638903,16.107065200805664,2624490,0.0,0.0
2022-09-12,16.319175665411894,16.39540297255661,15.858499700520154,16.120323181152344,4259227,0.0,0.0
2022-09-13,15.941353833195569,16.1203210453172,15.281825471427393,15.34148120880127,3517717,0.0,0.0
2022-09-14,15.338166714555067,15.699414805885212,15.268568357952491,15.546961784362793,2651715,0.0,0.0
2022-09-15,15.490622611801822,15.593364105073872,15.361368496973355,15.454167366027832,1887682,0.0,0.0
2022-09-16,15.348111500384992,15.401138305664062,15.129373777372365,15.401138305664062,6126367,0.0,0.0
2022-09-19,15.31165365288116,15.590047099645918,15.172456929498782,15.527077674865723,2084197,0.0,0.0
2022-09-20,15.523766941691868,15.828673065030474,15.367998628668673,15.54365062713623,3050437,0.0,0.0
2022-09-21,15.573478007660071,15.97449664106239,15.490621767340025,15.5204496383667,4713885,0.0,0.0
2022-09-22,15.553591506789394,16.48819805696858,15.553591506789394,16.40865707397461,5009895,0.0,0.0
2022-09-23,16.183292277331713,16.32248901342632,15.841929374611585,15.977810859680176,3607807,0.0,0.0
2022-09-26,15.83861370215745,15.83861370215745,14.957033875503157,15.251998901367188,6736702,0.0,0.0
2022-09-27,15.407766152968218,15.537020252876767,14.976918110249395,15.053145408630371,2434162,0.0,0.0
2022-09-28,15.046516713238674,15.092916143154707,14.85760687187875,14.950404167175293,2054497,0.0,0.0
2022-09-29,14.781382435643993,14.791325059747116,14.168251863237128,14.38698959350586,4839615,0.0,0.0
2022-09-30,14.317390984493004,14.4797882184756,14.088710633959128,14.347220420837402,4973512,0.0,0.0
2022-10-03,14.612354692207182,14.768122974607497,14.290877068906603,14.436702728271484,5775165,0.0,0.0
2022-10-04,14.678639971372037,14.957033427821205,13.959455832521316,14.101967811584473,6312240,0.0,0.0
2022-10-05,14.15499233383916,14.168248641450356,13.879912608025887,13.959453582763672,5142555,0.0,0.0
2022-10-06,14.055569477138034,14.254421961542759,13.936257986495198,14.125167846679688,2473515,0.0,0.0
2022-10-07,14.125167176784151,14.270992846610296,13.956142573056239,13.979341506958008,2023312,0.0,0.0
2022-10-10,14.16493825959879,15.026632875090185,14.098653577011556,14.824466705322266,5239080,0.0,0.0
2022-10-11,14.768122912201926,14.910633320262464,14.552698892499315,14.66538143157959,2238390,0.0,0.0
2022-10-13,14.466530681173822,14.705155225748886,14.357163379858099,14.542757987976074,2735617,0.0,0.0
2022-10-14,14.552698866495668,14.725038707764003,14.350532720835849,14.47315788269043,3149685,0.0,0.0
2022-10-17,14.542756446956579,14.904006129815826,14.433387592694432,14.734981536865234,2509402,0.0,0.0
2022-10-18,14.734981167108062,15.179085509934032,14.678639116026535,15.010059356689453,2104492,0.0,0.0
2022-10-19,15.03988906564334,15.314968824804996,14.930520212119916,15.096229553222656,2247547,0.0,0.0
2022-10-20,15.248682638918165,15.271883135801394,14.937147637172988,15.102858543395996,2323282,0.0,0.0
2022-10-21,15.053144733900801,15.31496817269577,14.860919653475435,15.139314651489258,2548260,0.0,0.0
2022-10-24,14.953720713300022,15.11943163632431,14.748239293912759,14.811208724975586,2738092,0.0,0.0
2022-10-25,14.754866501742042,14.827778548347986,14.333961088220372,14.416815757751465,3437527,0.0,0.0
2022-10-26,14.314076684555642,14.88412147549382,14.23784938279941,14.774752616882324,5730862,0.0,0.0
2022-10-27,14.850978934590875,15.189029711684633,14.658755394059892,14.95703411102295,2851942,0.0,0.0
2022-10-28,14.864235808876902,15.374624844346695,14.82777900219034,14.950404167175293,2803432,0.0,0.0
2022-10-31,14.784695442251556,15.33485342914534,14.741611261297916,15.228799819946289,2645280,0.0,0.0
2022-11-01,15.06308881966517,15.888326577634896,15.016689388066661,15.689474105834961,3445942,0.0,0.0
2022-11-03,15.692789042134345,15.70604535181007,15.208914182276045,15.593362808227539,4265662,0.0,0.0
2022-11-04,15.742503709238985,16.32580486044127,15.63644852778338,15.825358390808105,2691067,0.0,0.0
2022-11-07,15.34479622114671,15.34479622114671,14.79795191462332,14.877492904663086,8306100,0.0,0.0
2022-11-08,14.705153887328144,15.03988939203975,14.50630142206096,14.814522743225098,4009995,0.0,0.0
2022-11-09,14.44995897641246,14.980233245751894,14.430073730425619,14.66538143157959,4629982,0.0,0.0
2022-11-10,14.416816450276851,14.638869415962041,14.217963982221782,14.469844818115234,6639435,0.0,0.0
2022-11-11,14.466529346395873,14.890750024483168,14.350533118158637,14.764809608459473,5569740,0.0,0.0
2022-11-14,14.890752030269109,15.02000614994182,14.549387542981462,14.731668472290039,3532815,0.0,0.0
2022-11-16,14.71840980506066,14.78800816605161,14.30744857595925,14.430073738098145,2850705,0.0,0.0
2022-11-17,14.227905922173614,14.609040843994682,14.092022887351405,14.416815757751465,4580730,0.0,0.0
2022-11-18,14.373732734965321,14.632240951792426,14.194765507931171,14.304134368896484,4779225,0.0,0.0
2022-11-21,14.400246401467315,14.711781412098844,14.234535490517501,14.463215827941895,3134340,0.0,0.0
2022-11-22,14.493043476942617,14.708467501437427,14.264363143006848,14.383674621582031,2277495,0.0,0.0
2022-11-23,14.340590965418446,14.536129750614265,14.244478415994132,14.506301879882812,2752942,0.0,0.0
2022-11-24,14.519558904118684,15.073032165320871,14.516243653072818,14.993491172790527,2082712,0.0,0.0
2022-11-25,14.966977183157782,15.20560016387459,14.76481101267349,14.831095695495605,1699087,0.0,0.0
2022-11-28,14.834409822610713,14.98023550333592,14.53944477450827,14.70846939086914,1870357,0.0,0.0
2022-11-29,14.764810723817394,14.990177389375015,14.675327107799234,14.837722778320312,2203492,0.0,0.0
2022-11-30,14.86423530984359,15.165827682833712,14.58915555488494,14.874177932739258,3164287,0.0,0.0
2022-12-01,14.82115024525445,15.01668902598813,14.529500481825258,14.645498275756836,2280465,0.0,0.0
2022-12-02,14.672011261105002,14.966976282701447,14.536129781617845,14.748238563537598,2056477,0.0,0.0
2022-12-05,14.672010749031655,14.758180672055158,14.324018935234559,14.390303611755371,2567070,0.0,0.0
2022-12-06,14.426759750686557,14.784695774518152,14.373732944895325,14.526185989379883,2181960,0.0,0.0
2022-12-07,14.526184795928227,14.774751936775223,14.304133402601781,14.628926277160645,2027767,0.0,0.0
2022-12-08,14.572583823729735,14.797950461558024,14.115223175911009,14.244477272033691,2669782,0.0,0.0
2022-12-09,14.32733308870532,14.734982219839958,14.171566362378176,14.648812294006348,2384910,0.0,0.0
2022-12-12,14.6454977579153,14.6454977579153,14.30081963911495,14.430073738098145,2535142,0.0,0.0
2022-12-13,14.502988266728954,14.648813950506174,13.982658095612404,13.989285469055176,2435400,0.0,0.0
2022-12-14,13.922999820875152,14.996803093607348,13.89979932442828,14.874177932739258,6185767,0.0,0.0
2022-12-15,14.794637464633848,15.0067462389473,14.648811802242118,15.000117301940918,2770020,0.0,0.0
2022-12-16,15.039889409200741,15.285139740286425,14.900691118819356,15.238741874694824,2907382,0.0,0.0
2022-12-19,15.2983971784109,15.411079717468118,14.64881143328334,14.754866600036621,3984255,0.0,0.0
2022-12-20,14.754869338059477,15.175774832491493,14.701840962574757,15.073033332824707,3321945,0.0,0.0
2022-12-21,15.11611433771292,15.314968357127633,14.774751478348657,15.119429588317871,1717402,0.0,0.0
2022-12-22,15.122744281487845,15.477365037817023,15.119430595197663,15.268569946289062,2332440,0.0,0.0
2022-12-23,15.3381691012812,15.351425411661241,14.834408967876454,15.0564603805542,2534647,0.0,0.0
2022-12-26,14.874178235966406,15.430965129474579,14.874178235966406,15.295082092285156,1712700,0.0,0.0
2022-12-27,15.30769398116629,15.374481940291565,15.080616181272067,15.32439136505127,1736707,0.140508,0.0
2022-12-28,15.397856639898066,15.721776736137203,15.364461872945094,15.558146476745605,2364367,0.0,0.0
2022-12-29,15.614913212502062,15.80859620135046,15.50805281706107,15.665003776550293,2718292,0.0,0.0
2023-01-02,15.341086387634277,15.417890873571215,15.030523292531711,15.341086387634277,1809720,0.0,0.0
2023-01-03,15.3844972216926,15.494696466923822,15.000468497974232,15.087292671203613,3122460,0.0,0.0
2023-01-04,15.1507402473279,15.17745574143073,14.679888925199865,14.810124397277832,2833380,0.0,0.0
2023-01-05,14.890270750679814,14.95037943594368,14.54631602158587,14.94370174407959,3826350,0.0,0.0
2023-01-06,14.963736126923472,15.194154326038108,14.71996254432089,14.86021614074707,3544942,0.0,0.0
2023-01-09,14.79008750570209,14.906966013679856,14.599743362763196,14.736658096313477,2112660,0.0,0.0
2023-01-10,14.659853572277122,15.060578125626147,14.623119962748644,15.01048755645752,2922480,0.0,0.0
2023-01-11,14.997130357975244,15.24424435407646,14.950378635357604,15.194153785705566,2103750,0.0,0.0
2023-01-12,15.197492294228597,15.471320203108467,15.12736550006545,15.311030387878418,2996482,0.0,0.0
2023-01-13,15.230886433945441,15.668344607540362,15.144063829535694,15.541449546813965,2636370,0.0,0.0
2023-01-16,15.417890696763058,15.771865087527846,15.417890696763058,15.708415985107422,2323777,0.0,0.0
2023-01-17,15.758506478173851,16.01563857948007,15.741810673543082,15.948850631713867,1909957,0.0,0.0
2023-01-18,16.145877210704295,16.15923574871877,15.775206944474188,16.032339096069336,2295562,0.0,0.0
2023-01-19,15.995602550283225,16.155892365769645,15.885403302136313,16.079086303710938,1333035,0.0,0.0
2023-01-20,16.025656678177235,16.4030061392691,15.918797853546229,16.29948616027832,2274772,0.0,0.0
2023-01-23,16.29280613355662,16.763657438368835,16.24605441469958,16.46979331970215,3394462,0.0,0.0
2023-01-24,16.50652735703674,16.556617922687426,16.27944802420119,16.416362762451172,2281950,0.0,0.0
2023-01-25,16.38630913277319,16.523223876953125,16.309504646391865,16.523223876953125,6366937,0.0,0.0
2023-01-26,16.573316019258552,16.853823225700037,16.50318921764818,16.830448150634766,3556327,0.0,0.0
2023-01-27,16.830447401229208,17.394802211431575,16.793713790835504,16.920610427856445,8324910,0.0,0.0
2023-01-30,16.933966120017697,17.26790428161621,16.696871822395135,17.26790428161621,3082365,0.0,0.0
2023-01-31,17.25788762025243,17.25788762025243,16.853822631421085,17.130990982055664,6069690,0.0,0.0
2023-02-01,17.030810321643646,17.304638257684847,16.927290331177428,17.187761306762695,2963317,0.0,0.0
2023-02-02,17.15770698133176,17.34137188755435,17.000755996048916,17.07088279724121,2002275,0.0,0.0
2023-02-03,17.064203528799002,17.431534917658727,16.997417150035087,17.07088279724121,2800462,0.0,0.0
2023-02-06,17.157705326059673,17.294620069221722,16.984056974631123,17.194438934326172,3545932,0.0,0.0
2023-02-07,17.394802372611714,17.678648415078303,17.01411245802142,17.130990982055664,6856740,0.0,0.0
2023-02-08,17.18442290778512,17.37476708720286,16.780357897025457,17.324676513671875,3091522,0.0,0.0
2023-02-09,17.32801485981615,17.441552964405684,17.060864616553935,17.231172561645508,3137805,0.0,0.0
2023-02-10,17.174400328390007,17.364746052211277,17.127650185232937,17.291278839111328,2683147,0.0,0.0
2023-02-13,17.321334146755873,17.451569623316864,17.134330410842004,17.25120735168457,1946092,0.0,0.0
2023-02-14,17.31131700570201,17.478286100247168,17.151027179391296,17.211135864257812,1991880,0.0,0.0
2023-02-15,17.167722837084092,17.6151990827191,17.10093489069271,17.4215145111084,4658940,0.0,0.0
2023-02-16,17.391460556459172,17.448230390968526,17.104274114678358,17.14434814453125,3128895,0.0,0.0
2023-02-17,17.10427548548411,17.274585002661464,17.050846068755497,17.130990982055664,3295710,0.0,0.0
2023-02-22,17.017448834091734,17.080897932188616,16.549937958636455,16.696870803833008,3679582,0.0,0.0
2023-02-23,16.69687237172269,17.151026331684527,16.690193103818373,16.813749313354492,2859367,0.0,0.0
2023-02-24,16.813749834806245,17.72539978157708,16.690193621438226,16.943986892700195,7098300,0.0,0.0
2023-02-27,16.943988215620983,16.943988215620983,16.17593065017113,16.44308090209961,4733685,0.0,0.0
2023-02-28,16.38631034295494,16.73360549762846,16.232699782433247,16.45309829711914,3636517,0.0,0.0
2023-03-01,16.46311405172851,16.593349519012328,16.219340497412283,16.352914810180664,2420302,0.0,0.0
2023-03-02,16.366272036171097,16.69353092068174,16.296145244948413,16.359594345092773,3070980,0.0,0.0
2023-03-03,16.45643947530466,16.52990512476923,16.289468794018294,16.36293601989746,2435400,0.0,0.0
2023-03-06,16.36293546932133,16.59335210114065,16.302826782759766,16.466455459594727,1612710,0.0,0.0
2023-03-07,16.359595044372174,16.48983051935256,16.075747445395073,16.312843322753906,3201165,0.0,0.0
2023-03-08,16.429721570808788,16.446418953376917,15.852009789794085,15.96554946899414,5185620,0.0,0.0
2023-03-09,15.965548850797955,16.282789648821552,15.544788068255151,15.695059776306152,7345800,0.0,0.0
2023-03-10,15.67168419551492,15.745149836046123,15.434588316125744,15.601555824279785,4539892,0.0,0.0
2023-03-13,15.491356991964071,15.75850561557681,15.314368230685274,15.628270149230957,4185225,0.0,0.0
2023-03-14,15.681704676648494,15.728454829310941,15.484681221696443,15.661666870117188,3882532,0.0,0.0
2023-03-15,15.591539581587742,15.594878427361266,15.254262560371052,15.528090476989746,4289422,0.0,0.0
2023-03-16,15.4980365229328,15.788561828505438,14.900288529673924,15.290996551513672,6889905,0.0,0.0
2023-03-17,15.29099794964774,15.327729986675989,15.134046957389625,15.160760879516602,3508560,0.0,0.0
2023-03-20,15.137385301726274,15.294336288781246,14.973755046153677,15.220869064331055,2565832,0.0,0.0
2023-03-21,15.210848647285971,15.32104789086576,14.83349919682919,15.154080390930176,6315952,0.0,0.0
2023-03-22,15.067257050699391,15.521411008686224,15.06057778282412,15.321048736572266,3137557,0.0,0.0
2023-03-23,15.324389046656337,15.641629833988395,14.86355424774971,15.02718448638916,3766207,0.0,0.0
2023-03-24,14.987113368866282,15.2542636123616,14.910307299462923,15.170778274536133,2296305,0.0,0.0
2023-03-27,15.234227903835752,15.367802241938378,15.06057953024628,15.147403717041016,1749082,0.0,0.0
2023-03-28,15.070596590542594,15.608235904282132,15.070596590542594,15.427909851074219,3075682,0.0,0.0
2023-03-29,15.524752919668533,15.705078981864524,15.280977747608688,15.374481201171875,3340507,0.0,0.0
2023-03-30,15.63161115814653,15.67836130200659,15.04388132658076,15.24758243560791,3502620,0.0,0.0
2023-03-31,15.25760106434326,15.407872767001964,15.05389994843293,15.224207878112793,3097957,0.0,0.0
2023-04-03,15.217532235585837,15.280979777463205,15.010490648238697,15.134048461914062,1640925,0.0,0.0
2023-04-04,15.14740108908211,15.50471431262339,15.110667482500684,15.391176223754883,1935697,0.0,0.0
2023-04-05,15.394515387032127,15.461301757667666,14.442793053124936,14.810124397277832,5064592,0.0,0.0
2023-04-06,14.79342837444659,15.040542382443322,14.73331968950802,14.91364574432373,1493167,0.0,0.0
2023-04-10,14.913646640665561,15.204173545077767,14.890271565033839,15.11067008972168,1476090,0.0,0.0
2023-04-11,15.250922428928211,15.715096091775516,15.180795631446264,15.454625129699707,3555337,0.0,0.0
2023-04-12,15.528090799771963,15.551465873501396,15.210849999430803,15.297674179077148,2485147,0.0,0.0
2023-04-13,15.297675641972175,15.354445485217584,15.067258999242945,15.160760879516602,2035192,0.0,0.0
2023-04-14,15.130704972565272,15.194154077998604,14.953719345193026,15.043882369995117,1648102,0.0,0.0
2023-04-17,15.137383949413746,15.297673768200605,15.043882080592887,15.194153785705566,1649835,0.0,0.0
2023-04-18,15.280978055143642,15.394517740124742,15.063918376364102,15.147403717041016,1807245,0.0,0.0
2023-04-19,14.963736140089216,15.033862938364006,14.649835758997359,14.743337631225586,3324172,0.0,0.0
2023-04-20,14.786751737540984,14.85353969548682,14.573030902680156,14.673212051391602,2079495,0.0,0.0
2023-04-24,14.673210942729732,14.816804962643033,14.552993573359245,14.616442680358887,1683247,0.0,0.0
2023-04-25,14.623121117017595,14.623121117017595,14.001998010298555,14.33593463897705,2548260,0.0,0.0
2023-04-26,14.242433919951623,14.502904921378743,14.132234650117072,14.386026382446289,2236657,0.0,0.0
2023-04-27,14.386024806371221,14.509582600865086,14.175644405190056,14.309220314025879,3944160,0.0,0.0
2023-04-28,14.426096404660473,14.539636078051053,14.252449625212058,14.526277542114258,3060585,0.0,0.0
2023-05-02,14.639818005154313,14.746678416340384,14.275825468496068,14.43277645111084,3161565,0.0,0.0
2023-05-03,14.536296592998703,14.77673133838835,14.392704145529176,14.643157005310059,2939805,0.0,0.0
2023-05-04,14.920324252306782,14.920324252306782,14.259128751673481,14.429436683654785,5442277,0.0,0.0
2023-05-05,14.406761283893603,15.099564175369514,14.232671234066554,15.053376197814941,3524895,1.04896,0.0
2023-05-08,15.099563504826158,15.131539021474303,14.030158996582031,14.030158996582031,10660567,0.0,0.0
2023-05-09,14.069241495769427,14.174761544948783,13.744867346655797,14.037976264953613,6644025,0.0,1.1
2023-05-10,13.967630453089626,14.237290664266196,13.717511116456572,13.780040740966797,4812300,0.0,0.0
2023-05-11,13.697969436645508,13.811305167526163,13.678429400646616,13.697969436645508,4398300,0.0,0.0
2023-05-12,13.694061362517903,14.159128635107848,13.694061362517903,13.799580574035645,6907275,0.0,0.0
2023-05-15,13.854294340884874,14.026251851791827,13.639348081195287,13.963722229003906,7159950,0.0,0.0
2023-05-16,14.13567973991086,14.13567973991086,13.776131683455871,13.963722229003906,6436800,0.0,0.0
2023-05-17,14.037976293072562,14.100505916237301,13.889467494640149,14.080965042114258,3049650,0.0,0.0
2023-05-18,14.077057443997496,14.096598318455458,13.7175110563977,13.842570304870605,4949550,0.0,0.0
2023-05-19,13.86211036948846,14.13567924154907,13.830844301308597,13.88555908203125,3632850,0.0,0.0
2023-05-22,14.01452689257206,14.131772138578622,13.834753699908651,13.873834609985352,4187250,0.0,0.0
2023-05-23,13.873834792188509,14.073149700396073,13.678429400646616,13.697969436645508,3163950,0.0,0.0
2023-05-24,13.709694781904002,13.81130531826529,13.580726014506048,13.615899085998535,4337550,0.0,0.0
2023-05-25,13.619806492194472,13.830844914434984,13.56118554683092,13.600266456604004,3889125,0.0,0.0
2023-05-26,13.678430149964724,13.838662479175705,13.576818770553896,13.70578670501709,2814525,0.0,0.0
2023-05-29,13.744868456340138,13.82303112039402,13.686245829355567,13.70578670501709,2288250,0.0,0.0
2023-05-30,13.73314257605547,13.78004084302568,13.443941488193481,13.510379791259766,2198925,0.0,0.0
2023-05-31,13.463483721142213,13.631532566452556,13.354054986382732,13.49474811553955,3210975,0.0,0.0
2023-06-01,13.643256781703956,13.654980300536534,13.365780043120344,13.45175838470459,3027600,0.0,0.0
2023-06-02,13.52601232881696,14.127862357995362,13.48302274152131,13.80739688873291,4353975,0.0,0.0
2023-06-05,13.803487835722164,13.979353180891106,13.6979686286208,13.866018295288086,1950975,0.0,0.0
2023-06-06,13.94808902024733,14.221657059945656,13.854294167940232,14.151310920715332,3058200,0.0,0.0
2023-06-07,14.19430144529397,14.503044252188676,14.123955301416258,14.401432037353516,3345300,0.0,0.0
2023-06-09,14.43660416408427,14.530400699079555,14.264647483825684,14.264647483825684,3375225,0.0,0.0
2023-06-12,14.268554904551003,14.307636653219857,13.807397146714175,13.873834609985352,5416875,0.0,0.0
2023-06-13,13.91291650752308,13.967630453089626,13.647164974410511,13.780040740966797,10277775,0.0,0.0
2023-06-14,13.756591740899168,13.77613177644421,13.467389822600538,13.682337760925293,7436925,0.0,0.0
2023-06-15,13.662796446120073,13.916824462933386,13.611991178194277,13.803488731384277,6107850,0.0,0.0
2023-06-16,13.776131258401863,14.241197672078071,13.678428568574269,14.209933280944824,5991300,0.0,0.0
2023-06-19,14.288095846964382,14.74143876669337,14.225565384233136,14.34281063079834,5438925,0.0,0.0
2023-06-20,14.295912035178343,14.48741126964322,14.08487360277413,14.46396255493164,3062025,0.0,0.0
2023-06-21,14.60465373458412,14.714081620659778,14.268554397774688,14.420971870422363,4734450,0.0,0.0
2023-06-22,14.38970859072743,14.491319128887309,14.096598817842922,14.225565910339355,4827825,0.0,0.0
2023-06-23,14.768794807754789,15.296391690260982,14.635918208003902,15.1517915725708,11663775,0.0,0.0
2023-06-26,15.163515672131123,15.269035723553454,15.015007709431579,15.08535385131836,2768175,0.0,0.0
2023-06-27,15.143973741997288,15.183055488271572,14.495225475201995,14.604653358459473,5862825,0.0,0.0
2023-06-28,14.538216590447561,14.92902906276097,14.518675715254235,14.54994010925293,2924100,0.0,0.0
2023-06-29,14.534308192383433,14.87822322189211,14.460054211249407,14.772703170776367,3408750,0.0,0.0
2023-06-30,14.831326447166942,15.108803186662911,14.81569341148772,14.936844825744629,3831525,0.0,0.0
2023-07-03,14.99155763384985,15.190872545316703,14.944661882122515,15.100985527038574,3718575,0.0,0.0
2023-07-04,15.046272663487924,15.327657241529613,14.936844768521363,15.269036293029785,3315375,0.0,0.0
2023-07-05,15.315931302303577,15.937323053917728,15.24167732178764,15.804448127746582,5521050,0.0,0.0
2023-07-06,15.79272250053097,15.999853078739392,15.605132796068137,15.6754789352417,4109850,0.0,0.0
2023-07-07,15.671571320931552,16.03893505650705,15.538694719301205,15.949048042297363,3782250,0.0,0.0
2023-07-10,16.027210180677972,16.476645260684723,15.863070860828957,15.952956199645996,3780675,0.0,0.0
2023-07-11,15.898242458595783,16.035026896862433,15.616857903481844,15.933416366577148,5243175,0.0,0.0
2023-07-12,15.992037310300429,16.218708760981407,15.88651726354058,15.933416366577148,3559275,0.0,0.0
2023-07-13,15.937323836200157,15.956864711439156,15.659847097612017,15.86697769165039,3857850,0.0,0.0
2023-07-14,15.85525275693277,16.101465079462216,15.663755215623333,15.808355331420898,2317725,0.0,0.0
2023-07-17,15.769273326555684,16.01548564505878,15.702835028636303,15.878701210021973,4562325,0.0,0.0
2023-07-18,15.906058224462493,16.03111914554447,15.74191723307862,15.925599098205566,2589975,0.0,0.0
2023-07-19,15.976404989546987,16.316412180755,15.886517973117824,16.19525909423828,3147525,0.0,0.0
2023-07-20,16.210890196675823,16.35158246374402,16.183533646498805,16.277328491210938,1873350,0.0,0.0
2023-07-21,16.37503514422296,16.433656091781526,16.22261766163885,16.343769073486328,3167550,0.0,0.0
2023-07-24,16.3711250147353,16.527450331014272,16.171811787875075,16.50400161743164,1819800,0.0,0.0
2023-07-25,16.582164269809308,16.69940952079534,16.488369410767984,16.617338180541992,3453300,0.0,0.0
2023-07-26,16.621246035708488,16.875274058714105,16.535266855778605,16.78538703918457,3833100,0.0,0.0
2023-07-27,16.808834393594243,17.598274953102038,16.808834393594243,17.3129825592041,10260900,0.0,0.0
2023-07-28,17.305167725101175,17.524021830308577,17.0511397102584,17.176198959350586,2397825,0.0,0.0
2023-07-31,17.223095226024924,17.30516655818369,16.93389332104817,17.0589542388916,4101750,0.0,0.0
2023-08-01,17.000330375723234,17.473214106482168,16.96515814821652,17.3168888092041,6798150,0.0,0.0
2023-08-02,17.367695663539962,17.567010561650722,17.219187707665917,17.3129825592041,3987000,0.0,0.0
2023-08-03,17.438043451022182,17.56310269380832,17.29344165748241,17.418500900268555,2960550,0.0,0.0
2023-08-04,17.289536124406176,17.762419960872368,17.24263869245783,17.54747200012207,3496950,0.0,0.0
2023-08-07,17.586553877252594,17.625633952697186,16.945621184621416,17.27781105041504,4115700,0.0,0.0
2023-08-08,17.121485919712338,17.211372936707154,16.785386565854147,16.988609313964844,3530475,0.0,0.0
2023-08-09,16.91826357604132,17.109761133077164,16.84400959241358,16.972976684570312,2934450,0.0,0.0
2023-08-10,16.746305377155682,17.03550731245247,16.312504989987087,16.765846252441406,5579325,0.0,0.0
2023-08-11,16.765846341087283,16.883091593421522,16.464920885338618,16.746305465698242,2633400,0.0,0.0
2023-08-14,16.746303993253214,16.746303993253214,16.050658282801745,16.101465225219727,4648500,0.0,0.0
2023-08-15,16.03502865248093,16.038936492199102,15.526972591060753,15.58950138092041,5421375,0.0,0.0
2023-08-16,15.702834604087327,15.702834604087327,15.26903427551705,15.382369995117188,5073075,0.0,0.0
2023-08-17,15.405820652888975,15.53869558473557,15.183057024642023,15.300300598144531,2353950,0.0,0.0
2023-08-18,15.351105054063263,15.472256460735032,15.112710080098767,15.343289375305176,1858275,0.0,0.0
2023-08-21,15.40582088350885,15.554328853107018,15.147883340757723,15.323749542236328,2385225,0.0,0.0
2023-08-22,15.405818598500666,15.593408291089322,15.32765510846596,15.507429122924805,1455975,0.0,0.0
2023-08-23,15.57386943995013,15.67157213799043,15.319841418734734,15.64421558380127,1712925,0.0,0.0
2023-08-24,15.679389314687308,15.691112833269337,14.983743563289847,15.276851654052734,4167225,0.0,0.0
2023-08-25,15.265128882449929,15.734103192366675,15.17133234328215,15.566054344177246,3203550,0.0,0.0
2023-08-28,15.612949042310897,15.933417035331386,15.601225523947882,15.870884895324707,3912525,0.0,0.0
2023-08-29,15.906058621006409,16.371125054385697,15.886517746776175,16.14836311340332,3420225,0.0,0.0
2023-08-30,16.183536888893112,16.253883036521163,16.027211557324854,16.081926345825195,1784925,0.0,0.0
2023-08-31,16.023301938622016,16.222616840032266,15.702835631500092,15.71846866607666,3513150,0.0,0.0
2023-09-01,15.913875121813128,15.952956872292262,15.702836688157692,15.855254173278809,2716650,0.0,0.0
2023-09-04,15.925601045552474,15.988131513739548,15.702837405700338,15.84352970123291,1561050,0.0,0.0
2023-09-05,15.827897193854616,15.952956443972,15.624674444877574,15.726284980773926,2400525,0.0,0.0
2023-09-06,15.702835837626616,15.921691615834366,15.480073897203784,15.573868751525879,3053475,0.0,0.0
2023-09-08,15.593409337217905,15.601225015872053,15.366737884404992,15.476165771484375,1422225,0.0,0.0
2023-09-11,15.476165771484375,15.515245841939377,15.343289171258286,15.476165771484375,3395700,0.0,0.0
2023-09-12,15.56214363484706,16.015486551152772,15.421451352652381,15.816171646118164,4917150,0.0,0.0
2023-09-13,15.812264158645817,16.02330258663509,15.663756194307403,15.726284980773926,5419800,0.0,0.0
2023-09-14,15.761458890697641,15.882610301308908,15.558236141720597,15.726284980773926,2976750,0.0,0.0
2023-09-15,15.722377726081078,15.75755163731313,15.440993144962265,15.648123741149902,4375800,0.0,0.0
2023-09-18,15.58559331292895,15.659847298040004,15.487890612667856,15.554328918457031,2952225,0.0,0.0
2023-09-19,15.526971940288028,15.624674637885162,15.323749188800628,15.425359725952148,2159100,0.0,0.0
2023-09-20,15.43708324432373,15.66766252482023,15.347196235602976,15.43708324432373,2205900,0.0,0.0
2023-09-21,15.304207627379848,15.460532942833963,15.124435275651111,15.355012893676758,1816200,0.0,0.0
2023-09-22,15.394093746401813,15.566052086554254,15.257309312983894,15.429265975952148,2042550,0.0,0.0
2023-09-25,15.394093635583948,15.605132042919312,15.28857359332418,15.542601585388184,2255175,0.0,0.0
2023-09-26,15.538694647125952,15.816171367202921,15.206504821777344,15.206504821777344,3588525,0.0,0.0
2023-09-27,15.265127707184732,15.37455391961761,14.85477437900855,15.147882461547852,3022875,0.0,0.0
2023-09-28,15.14397347171817,15.358919718022126,15.0970760478997,15.280757904052734,2750175,0.0,0.0
2023-09-29,15.398003260414258,15.577777298424541,15.226046578742052,15.394095420837402,2009025,0.0,0.0
2023-10-02,15.312023186196573,15.319838864037477,15.077534401944497,15.24167537689209,2199600,0.0,0.0
2023-10-03,15.097076416015625,15.24558436933383,14.948568462697422,15.097076416015625,1932975,0.0,0.0
2023-10-04,15.061902884572106,15.128342861641173,14.827417431094823,14.901671409606934,1883475,0.0,0.0
2023-10-05,14.815691944491494,14.89385376077953,14.303728106421936,14.553848266601562,4653000,0.0,0.0
2023-10-06,14.436603514977266,14.632010578086934,14.292003395217737,14.518674850463867,2290725,0.0,0.0
2023-10-09,14.475684073189713,14.850863456726074,14.295910059517158,14.850863456726074,2314575,0.0,0.0
2023-10-10,14.886038201786677,15.081445259851508,14.803966868418916,14.940752983093262,1762875,0.0,0.0
2023-10-11,14.94075367373774,15.222138240261385,14.94075367373774,15.011099815368652,2494575,0.0,0.0
2023-10-13,15.007190613758713,15.042364523904677,14.58120591558242,14.608562469482422,2620800,0.0,0.0
2023-10-16,14.717988882722338,14.866496833070165,14.585112288926378,14.749253273010254,1400175,0.0,0.0
2023-10-17,14.737531362364194,14.76879575606073,14.428788556225417,14.483503341674805,1722375,0.0,0.0
2023-10-18,14.463962341196648,14.49913457415209,14.190393447875977,14.190393447875977,3955950,0.0,0.0
2023-10-19,14.206026588841238,14.53821643195316,14.206026588841238,14.33890151977539,1691550,0.0,0.0
2023-10-20,14.264646151165847,14.299820058151036,14.014525994642465,14.174760818481445,3070800,0.0,0.0
2023-10-23,14.030160339298357,14.385800572818429,14.030160339298357,14.264647483825684,1433475,0.0,0.0
2023-10-24,14.381891162301201,14.471778181231226,14.045793478391367,14.401432037353516,2245275,0.0,0.0
2023-10-25,14.374075078261814,14.518675201517699,14.260739347898351,14.428788185119629,2883600,0.0,0.0
2023-10-26,14.589020410198886,14.776610109922508,14.413155905300096,14.573389053344727,1993725,0.0,0.0
2023-10-27,14.538216612287323,14.577298362732689,14.174762371009207,14.276372909545898,1964025,0.0,0.0
2023-10-30,14.307636176061392,14.33499272834353,13.787856651148038,13.815213203430176,4019850,0.0,0.0
2023-10-31,13.815214647135907,14.397524693249245,13.756592858553764,14.36625862121582,5481225,0.0,0.0
2023-11-01,14.428786792600114,14.952475805409025,14.37407369102265,14.893853187561035,3110400,0.0,0.0
2023-11-03,15.022822123671798,15.28857363381054,15.007189089951574,15.104891777038574,5792850,0.0,0.0
2023-11-06,15.065812111556797,15.194780869534434,14.811784112024302,15.077535629272461,2186550,0.0,0.0
2023-11-07,15.050179864721185,15.159607755046203,14.725805710373425,14.854774475097656,4417650,0.0,0.0
2023-11-08,14.858682336601165,15.022823333740234,14.698449178910879,15.022823333740234,3977550,0.0,0.0
2023-11-09,15.17523831556666,15.378461050583882,14.706264063360935,14.815691947937012,4654125,0.0,0.0
2023-11-10,14.6554594039917,15.061903213623017,14.530400157301516,14.6554594039917,3217725,0.0,0.0
2023-11-13,14.56166500629299,14.79615214943016,14.542124131500836,14.702357292175293,1403550,0.0,0.0
2023-11-14,14.710172580032992,15.229953797818206,14.698449061780067,15.124435424804688,4230900,0.0,0.0
2023-11-16,15.093169848868593,15.558236298468595,14.972018437036734,15.51915454864502,4131900,0.0,0.0
2023-11-17,15.562142710036063,15.628581007766039,15.20259634707785,15.21041202545166,3900375,0.0,0.0
2023-11-20,15.206504327588263,15.261217431081809,14.901671064782107,15.003281593322754,5472900,0.0,0.0
2023-11-21,14.97201743275534,15.13615842294614,14.698448556709263,14.764886856079102,10117575,0.0,0.0
2023-11-22,14.850865860097061,15.065813814354048,14.77661187461938,14.80396842956543,2740500,0.0,0.0
2023-11-23,14.823509007590754,14.835234203580502,14.510860036050655,14.54994010925293,2870550,0.0,0.0
2023-11-24,14.518674919828868,14.549939312114702,14.037976292864698,14.069241523742676,9707850,0.0,0.0
2023-11-27,14.174762055443344,14.295911789321238,14.073149841984417,14.272464752197266,1888650,0.0,0.0
2023-11-28,14.307636200520717,14.913394899799991,14.264646613782046,14.745346069335938,5657175,0.0,0.0
2023-11-29,14.764887117376157,14.925120271119273,14.655459229584311,14.694540977478027,5037075,0.0,0.0
2023-11-30,14.675000016941281,14.835233169738942,14.483502472323686,14.725805282592773,3733875,0.0,0.0
2023-12-01,14.725805425748007,14.893854258838251,14.647643606846195,14.757071495056152,4992975,0.0,0.0
2023-12-04,14.72580571041566,15.018915472036102,14.72580571041566,14.866497993469238,2918250,0.0,0.0
2023-12-05,14.866498935488261,14.89385549050697,14.186486190973476,14.698450088500977,8585550,0.0,0.0
2023-12-06,14.741438579507365,14.843049112619122,14.561664549677989,14.6554594039917,2914650,0.0,0.0
2023-12-07,14.764886771163217,15.104892267439451,14.667184080904166,15.046271324157715,3467925,0.0,0.0
2023-12-08,15.100984168799535,15.358920004614108,15.007189319412417,15.116617202758789,7057350,0.0,0.0
2023-12-11,15.120523984437643,15.585590359653171,15.085351756969487,15.24167537689209,6230700,0.0,0.0
2023-12-12,15.241678736129082,15.437085819875813,15.159609069159329,15.18305778503418,2348100,0.0,0.0
2023-12-13,15.13615833648698,15.17523840628159,14.87040681770986,15.057994842529297,4596075,0.0,0.0
2023-12-14,15.398002441215914,15.452717223934076,14.483502618694294,14.506951332092285,5532975,0.0,2.0
2023-12-15,14.51476794230345,14.858682986605865,14.389708688550021,14.780519485473633,9999787,0.0,0.0
2023-12-18,14.819600107973912,14.92902799491877,14.46786941120572,14.569479942321777,4963050,0.0,0.0
2023-12-19,14.56947925519033,14.772701985022238,14.45223569513042,14.749253273010254,4173862,0.0,0.0
2023-12-20,14.717990343173769,14.733621701276721,14.405339700533876,14.452237129211426,3248887,0.0,0.0
2023-12-21,14.561663945075098,14.585112657679932,14.374074244236434,14.553848266601562,1956262,0.0,0.0
2023-12-22,14.57729644084702,14.803966202866368,14.475684238522605,14.788334846496582,2923200,0.0,0.0
2023-12-26,14.796152750204962,14.905580647173572,14.678909173875885,14.80396842956543,2084062,0.0,0.0
2023-12-27,14.843050003051758,14.889947433021984,14.749255143111306,14.843050003051758,1269900,0.0,0.0
2023-12-28,14.846598871323199,14.93282564410371,14.729019355006702,14.752533912658691,1576912,0.048469,0.0
2024-01-02,14.776049500914889,14.877954322985003,14.337079152494713,14.384113311767578,3400650,0.0,0.0
2024-01-03,14.399789505580841,14.53304875017836,14.282208313881277,14.486016273498535,1969537,0.0,0.0
2024-01-04,14.486016825807587,14.486016825807587,14.203821954969378,14.30572509765625,1911937,0.0,0.0
2024-01-05,14.305725025610565,14.611436134145686,14.258692547374391,14.51737117767334,1894050,0.0,0.0
2024-01-08,14.51737094021441,14.548727046535037,14.313564659200699,14.391951560974121,1968300,0.0,0.0
2024-01-09,14.391951156688274,14.470338056259722,13.921625554224526,13.945141792297363,4192762,0.0,0.0
2024-01-10,13.992174030951745,14.047045532526026,13.741334442768029,13.772688865661621,3417862,0.0,0.0
2024-01-11,13.772688859265605,13.835398546030662,13.608076036633204,13.819722175598145,2771437,0.0,0.0
2024-01-12,13.905948583228417,14.148949153516146,13.764850311341924,13.85107707977295,2464762,0.0,0.0
2024-01-15,13.866754301315456,14.062722382893142,13.827560853201314,13.913785934448242,1451812,0.0,0.0
2024-01-16,13.890270716780801,14.188142776489258,13.827561030791387,14.188142776489258,3407737,0.0,0.0
2024-01-17,14.09407816880808,14.807405174397934,14.031368481297843,14.736856460571289,8119800,0.0,0.0
2024-01-18,14.736855294888523,15.05040454864502,14.51736930344648,15.05040454864502,5170275,0.0,0.0
2024-01-19,15.073921733907294,15.269891501607148,14.713339985281387,14.830921173095703,5029425,0.0,0.0
2024-01-22,14.823082631657071,14.862276925105329,14.619276342560063,14.752533912658691,2693925,0.0,0.0
2024-01-23,14.77604819294512,15.089599134924443,14.736855586708142,14.964178085327148,2636775,0.0,0.0
2024-01-24,14.987695693969727,15.05040453545775,14.74469346665852,14.987695693969727,2346187,0.0,0.0
2024-01-25,15.199343200756038,15.63831354116171,15.058245771555718,15.167988777160645,4479862,0.0,0.0
2024-01-26,15.183664375434393,15.293407375455796,14.97201824240208,15.128793716430664,1735650,0.0,0.0
2024-01-29,15.128795472633083,15.128795472633083,14.744695768977532,14.854438781738281,1747125,0.0,0.0
2024-01-30,15.050405797870145,15.20718127876813,14.815243417530176,14.901470184326172,2140537,0.0,0.0
2024-01-31,14.89363061254497,15.230697819064234,14.854438003053188,14.97201919555664,1568362,0.0,0.0
2024-02-01,14.97201895558596,15.120954569698517,14.854437764967095,15.066083908081055,2775712,0.0,0.0
2024-02-02,15.05040453545775,15.15230934640008,14.909307119088876,14.987695693969727,1735087,0.0,0.0
2024-02-05,14.97201919555664,15.066084149559401,14.783889287551117,14.97201919555664,2342475,0.0,0.0
2024-02-06,14.972018189613328,15.348277980344147,14.870115056961712,15.183664321899414,2562862,0.0,0.0
2024-02-07,15.175824041782658,15.512891216478943,15.152309487516064,15.316923141479492,4707450,0.0,0.0
2024-02-08,15.31692458757145,15.31692458757145,14.91714685104566,14.97201919555664,1969537,0.0,0.0
2024-02-09,14.932823368234597,15.199341831840808,14.932823368234597,15.05040454864502,1085287,0.0,0.0
2024-02-14,14.979857583460982,15.026891743111946,14.360597188580002,14.556565284729004,8487337,0.0,0.0
2024-02-15,14.57224256309067,14.90930807422742,14.517370220755998,14.674145698547363,2775150,0.0,0.0
2024-02-16,14.823080735357207,15.473697176892143,14.681983315410879,15.285567283630371,7698262,0.0,0.0
2024-02-19,15.324761807807102,15.379634148861841,14.877953304437087,15.034727096557617,2136487,0.0,0.0
2024-02-20,14.995535526131007,15.70102268548346,14.909308757094353,15.677506446838379,2841975,0.0,0.0
2024-02-21,15.528570059122652,15.61479682388199,15.332600292125427,15.418827056884766,2403787,0.0,0.0
2024-02-22,15.41882704743786,15.512891997294421,15.23853701488877,15.356118202209473,2395687,0.0,0.0
2024-02-23,15.348277980344147,15.418826691106174,15.05824495232712,15.183664321899414,1588387,0.0,0.0
2024-02-26,15.183664321899414,15.356117847326999,15.12879366308915,15.183664321899414,1269225,0.0,0.0
2024-02-27,15.293406674376106,15.505052797706147,15.183663679385536,15.410987854003906,1748700,0.0,0.0
2024-02-28,15.38747245233882,15.755894062485215,15.356118030076091,15.45802116394043,5045850,0.0,0.0
2024-02-29,15.458020325855028,15.505052797706147,15.293406674376106,15.410987854003906,1674225,0.0,0.0
2024-03-01,15.410988333814167,15.489375228668598,15.20718038877594,15.285567283630371,2674575,0.0,0.0
2024-03-04,15.285567215748504,15.285567215748504,15.019050428815879,15.120953559875488,5000062,0.0,0.0
2024-03-05,15.128794325133052,15.395311127892315,15.058245611283775,15.175825119018555,2234700,0.0,0.0
2024-03-06,15.191503333346665,15.309086206360965,15.081762009755773,15.167988777160645,2271262,0.0,0.0
2024-03-07,14.972019011588069,15.363956875788325,14.11759456855235,15.011213302612305,7476637,0.0,0.0
2024-03-08,15.058244473035913,15.26989059858548,15.011212000691565,15.15230941772461,2439787,0.0,0.0
2024-03-11,15.08959961076008,15.254213271785284,14.909307897537344,14.93282413482666,3552075,0.0,0.0
2024-03-12,14.98769732254633,15.019051746697341,14.799567413612131,14.823081970214844,2854462,0.0,0.0
2024-03-13,14.854437110214139,14.940663873538618,14.736855924778007,14.760372161865234,3828375,0.0,0.0
2024-03-14,14.736856041596097,14.932824124871757,14.627113040314466,14.870115280151367,2706300,0.0,0.0
2024-03-15,14.862275123596191,15.081761121884792,14.78388822821537,14.862275123596191,8508037,0.0,0.0
2024-03-18,14.940664184939713,15.003373030470025,14.823081315038905,14.893630027770996,6679125,0.0,0.0
2024-03-19,14.97201948989809,15.254214357454167,14.885792719695704,15.04256820678711,2154937,0.0,0.0
2024-03-20,15.120953314819118,15.23069631096056,14.948501476894469,15.15230941772461,2085187,0.0,0.0
2024-03-21,15.199343326717258,15.520732478786105,15.183665273782616,15.403149604797363,3952687,0.0,0.0
2024-03-22,15.40314800084074,15.505052811283317,15.316922923714097,15.4736967086792,2863912,0.0,0.0
2024-03-25,15.458021650594272,15.669667792062207,15.262051879744249,15.332600593566895,2516512,0.0,0.0
2024-03-26,15.332600282731352,15.41882704743786,15.246375200038825,15.356118202209473,2699212,0.0,0.0
2024-03-27,15.693183721472492,16.100797943762668,15.316923921815716,15.418827056884766,6956775,0.0,0.0
2024-03-28,15.46585827989881,15.795087259961772,15.28556657981968,15.50505256652832,3193537,0.0,0.0
2024-04-01,15.489376537677725,15.834281931810278,15.450183927945298,15.677506446838379,2744550,0.0,0.0
2024-04-02,15.677504888549025,15.740215412707391,15.410988104400293,15.536407470703125,2395575,0.0,0.0
2024-04-03,15.536408296326584,15.646151298932125,15.31692397312949,15.520731925964355,1803037,0.0,0.0
2024-04-04,15.599118708764856,15.638312998409322,15.136632146210458,15.254213333129883,2630925,0.0,0.0
2024-04-05,15.254212547132735,15.348277491821431,14.979855897786072,15.15230941772461,2215912,0.0,0.0
2024-04-08,15.21501909796387,15.324762100152935,15.136632200408242,15.199342727661133,1977187,0.0,0.0
2024-04-09,15.175824519492885,15.442342993737267,15.175824519492885,15.348278045654297,2137837,0.0,0.0
2024-04-10,15.458021466047704,15.630473314884004,15.301245987642163,15.371794700622559,3687750,0.0,0.0
2024-04-11,15.403149241441053,15.403149241441053,14.681984053670345,14.729018211364746,11716537,0.0,0.0
2024-04-12,14.681984722910478,14.729018882748809,14.423306094877118,14.501694679260254,4487175,0.0,0.0
2024-04-15,14.501693729457294,14.595758678944911,14.148948486864759,14.188142776489258,3345637,0.0,0.0
2024-04-16,14.125432249492855,14.36843449034518,14.070561589629737,14.188142776489258,4013775,0.0,0.0
2024-04-17,14.282207790453375,14.282207790453375,14.148948550739666,14.1959810256958,2562975,0.0,0.0
2024-04-18,14.156788405967538,14.509531967841019,14.156788405967538,14.290047645568848,3187237,0.0,0.0
2024-04-19,14.2900478776764,14.729018211364746,14.235175534706602,14.729018211364746,4393125,0.0,0.0
2024-04-22,14.924985821475817,14.924985821475817,14.634951109390725,14.760372161865234,2792362,0.0,0.0
2024-04-23,14.658469324972701,14.870115463038472,14.580080745087164,14.830921173095703,2666812,0.0,0.0
2024-04-24,14.854436927444645,14.870114979314543,14.697661454787458,14.799566268920898,1971675,0.0,0.0
2024-04-25,14.815243359707333,14.917146496785593,14.556564742342973,14.736856460571289,1615162,0.0,0.0
2024-04-26,14.85443844355671,14.877954682754766,14.619276051576142,14.681984901428223,3525075,0.0,0.0
2024-04-29,14.71334086130502,15.081762499063482,14.674146569028647,15.04256820678711,1883025,0.0,0.0
2024-04-30,15.097439001782972,15.097439001782972,14.791726244648261,14.964178085327148,3130425,0.0,0.0
2024-05-02,14.99693120788031,15.111662307676093,14.783859667821222,14.849420547485352,2634300,0.737746,0.0
2024-05-03,14.947761327481896,15.029711110075281,14.783860003829306,15.005125999450684,2142225,0.0,0.0
2024-05-06,14.980540362860747,15.36570766861153,14.82483525386036,15.234587669372559,2812837,0.0,0.0
2024-05-07,15.283758915960666,15.414878924010871,15.119857587048502,15.324734687805176,2872800,0.0,0.0
2024-05-08,15.324734407114558,15.39029353070593,15.17722198286936,15.291953086853027,2397825,0.0,0.0
2024-05-09,15.07888086655707,15.47224438289204,14.874005537155448,15.160832405090332,3549487,0.0,0.0
2024-05-10,15.160833218567847,15.28375877449773,15.070687224730644,15.144442558288574,2078887,0.0,0.0
2024-05-13,15.070686473476883,15.201806473777314,15.054295814014663,15.103466033935547,1223775,0.0,0.0
2024-05-14,15.111661967696117,15.177221087419529,14.996930870481538,15.054295539855957,1825312,0.0,0.0
2024-05-15,15.087076999649442,15.210002548365642,14.996931011102312,15.070686340332031,1601325,0.0,0.0
2024-05-16,15.1280517578125,15.160833078067245,14.939567079444002,15.1280517578125,1429987,0.0,0.0
2024-05-17,15.136245602288863,15.144441811257133,15.02151626139081,15.087077140808105,1706962,0.0,0.0
2024-05-20,14.988735545996017,15.357513968910244,14.988735545996017,15.291953086853027,1673212,0.0,0.0
2024-05-21,15.316537029342902,15.316537029342902,14.996930611203217,15.169026374816895,1943550,0.0,0.0
2024-05-22,15.119856901023528,15.18541778130691,14.988735140456761,15.046101570129395,1864575,0.0,0.0
2024-05-23,15.037907391962861,15.144442285695897,14.849420956774418,15.095272064208984,1773675,0.0,0.0
2024-05-24,15.095271849659264,15.226391852272142,14.980540748331867,14.98873519897461,1697062,0.0,0.0
2024-05-27,14.988735339545679,15.062490671419472,14.874005995608103,15.005125999450684,1226025,0.0,0.0
2024-05-28,15.07888064936867,15.234587515259689,14.9559551018051,15.054295539855957,1435275,0.0,0.0
2024-05-29,15.005125302438417,15.037906620725682,14.701908659075645,14.710103988647461,2011275,0.0,0.0
2024-05-31,14.72649553929049,14.75108065026138,14.36591332556214,14.603569984436035,3061800,0.0,0.0
2024-06-03,14.538008682190425,14.562593792450773,14.161036698454117,14.28396224975586,4141687,0.0,0.0
2024-06-04,14.546203213709937,14.947761189173379,14.406887881203911,14.718299865722656,5516325,0.0,0.0
2024-06-05,14.660934724110145,14.742885387464694,14.357718061007947,14.365913391113281,2892487,0.0,0.0
2024-06-06,14.398692537510412,14.595374299731512,14.365912976500978,14.390497207641602,1378575,0.0,0.0
2024-06-07,14.341327935032778,14.39049727678317,13.931575507350034,14.136451721191406,3107025,0.0,0.0
2024-06-10,14.144646910194968,14.292157571675403,14.013526029134727,14.120060920715332,2370037,0.0,0.0
2024-06-11,14.169231214279877,14.415083197248029,14.029915881907534,14.390497207641602,2036587,0.0,0.0
2024-06-12,14.390497008068579,14.44786343712176,14.234791897350899,14.341327667236328,2105212,0.0,0.0
2024-06-13,14.267572535006877,14.488838528368603,14.185621874017494,14.390497207641602,1609762,0.0,0.0
2024-06-14,14.349522258468893,14.578983580767249,14.292157587318977,14.447863578796387,1082137,0.0,0.0
2024-06-17,14.44786296414717,14.51342296234351,14.292156979293893,14.423277854919434,1218375,0.0,0.0
2024-06-18,14.423278393917297,14.431472844477529,14.13645152271976,14.357717514038086,2172487,0.0,0.0
2024-06-19,14.34952238999431,14.538008823308518,14.169231286590732,14.480643272399902,3143475,0.0,0.0
2024-06-20,14.5462038890969,14.66093499576573,14.415083880379584,14.505228996276855,2088112,0.0,0.0
2024-06-21,14.447863302777645,14.480642863027676,14.24298621543411,14.308547973632812,5458837,0.0,0.0
2024-06-24,14.31674140348508,14.36591250184038,14.210206514875065,14.292157173156738,2416050,0.0,0.0
2024-06-25,14.333133221057109,14.341328551317469,14.193817002795713,14.251182556152344,1894612,0.0,0.0
2024-06-26,14.251182009022873,14.439668443144194,14.177426677210072,14.242986679077148,2030175,0.0,0.0
2024-06-27,14.283962867065055,14.521619529341148,14.234792644419372,14.382304191589355,1844550,0.0,0.0
2024-06-28,14.39869261300877,14.472447944516075,14.300353050231934,14.300353050231934,4443637,0.0,0.0
2024-07-01,14.472447126445942,15.505023467646575,14.398691799107734,15.332927703857422,7974450,0.0,0.0
2024-07-02,15.332928797032896,15.890191896140745,15.332928797032896,15.693511009216309,6377400,0.0,0.0
2024-07-03,15.726289809857024,15.86560425904292,15.472244262695312,15.472244262695312,2634187,0.0,0.0
2024-07-04,15.51321847420688,15.726290013647134,15.464048254218035,15.61155891418457,1578150,0.0,0.0
2024-07-05,15.562389035706945,15.636144367308747,15.283758369144293,15.406683921813965,2204325,0.0,0.0
2024-07-08,15.390293259738963,15.586974143981934,15.373902599896777,15.586974143981934,2539237,0.0,0.0
2024-07-09,15.644338607788086,15.808239928633942,15.423072615955787,15.644338607788086,2077537,0.0,0.0
2024-07-10,15.66072907639427,15.791849076392175,15.488633307068246,15.668925285339355,1882912,0.0,0.0
2024-07-11,15.685313366700608,15.816435118312837,15.65253380803039,15.701704025268555,2491200,0.0,0.0
2024-07-12,15.701706134630177,15.734485697703992,15.570584365403096,15.660730361938477,1403550,0.0,0.0
2024-07-15,15.652534749850044,15.701704970046803,15.464048319607205,15.537803649902344,1718212,0.0,0.0
2024-07-16,15.513219027591154,15.873801239860557,15.464048805848318,15.857412338256836,3234037,0.0,0.0
2024-07-17,15.857411849463025,15.972141191015963,15.742680749444306,15.88199520111084,1674000,0.0,0.0
2024-07-18,15.873800958174982,15.873800958174982,15.63614430447996,15.824630737304688,3178912,0.0,0.0
2024-07-19,15.857412338256836,15.972141683346226,15.767266345573026,15.857412338256836,1532925,0.0,0.0
2024-07-22,15.841020345124928,15.841020345124928,15.51321772211423,15.570582389831543,2225025,0.0,0.0
2024-07-23,15.513219369664995,15.562389592492057,15.316538478356748,15.324734687805176,1959412,0.0,0.0
2024-07-24,15.300147056314394,15.586973928016532,15.119856834411621,15.119856834411621,1481062,0.0,0.0
2024-07-25,15.095271238360784,15.201806126265396,14.947760581970215,14.947760581970215,1177087,0.0,0.0
2024-07-26,14.972347057974162,15.078881955602778,14.874006611404395,15.013322830200195,889425,0.0,0.0
2024-07-29,15.021516585854899,15.1034663680473,14.914979934692383,14.914979934692383,919912,0.0,0.0
2024-07-30,14.906785628211992,14.947761398937473,14.751080513000488,14.751080513000488,2291850,0.0,0.0
2024-07-31,14.751080305996446,14.816641186544025,14.636349204654634,14.718299865722656,3439125,0.0,0.0
2024-08-01,14.80025072981305,14.83303029130359,14.513423851756873,14.587179183959961,1911262,0.0,0.0
2024-08-02,14.587178910427076,14.693713802123007,14.447863578622377,14.538008689880371,1931175,0.0,0.0
2024-08-05,14.193816193572953,14.48064306477049,14.161036632866242,14.357717514038086,1855125,0.0,0.0
2024-08-06,14.349522996787982,14.62815455396993,14.349522996787982,14.505228996276855,1945462,0.0,0.0
2024-08-07,14.587178910253554,14.685519351345794,14.546203140309855,14.628153800964355,1177650,0.0,0.0
2024-08-08,14.611763757088672,14.882199965216596,14.513423317769428,14.742884635925293,1644525,0.0,0.0
2024-08-09,14.857614663754244,15.177221087419529,14.792053785565093,15.054295539855957,2780212,0.0,0.0
2024-08-12,15.144442215465517,15.185417986003202,14.808445117374477,14.824835777282715,1262587,0.0,0.0
2024-08-13,15.037906845287912,15.078880856060254,14.783859537863721,14.996931076049805,1885387,0.0,0.0
2024-08-14,14.906785484012886,15.021516585854899,14.792054382170875,14.914979934692383,2901487,0.0,0.0
2024-08-15,14.701908645935056,14.890395950521146,14.43966777143289,14.546202659606934,2903175,0.0,0.0
2024-08-16,14.71010521884296,14.726495879357332,14.382304317816725,14.505228996276855,2730825,0.0,0.0
2024-08-19,14.595374785796736,14.742885452950388,14.33313301359051,14.63634967803955,3441487,0.0,0.0
2024-08-20,14.669129240036012,14.808444568696705,14.505227922423916,14.726494789123535,1929375,0.0,0.0
2024-08-21,14.759274963759253,14.824835845226858,14.60356984854775,14.751080513000488,1766137,0.0,0.0
2024-08-22,14.710104185625273,14.800250174423757,14.456058637058696,14.578983306884766,1935337,0.0,0.0
2024-08-23,14.628153602255981,14.701908932073271,14.529814041732479,14.669129371643066,1357087,0.0,0.0
2024-08-26,14.710104602016706,14.775665482859198,14.562593938970457,14.734689712524414,1478362,0.0,0.0
2024-08-27,14.79205431705399,14.87400585735144,14.595374313118297,14.80844497680664,2689200,0.0,0.0
2024-08-28,14.816640843179059,14.857614853914175,14.652739524841309,14.652739524841309,1861987,0.0,0.0
2024-08-29,14.60356909489956,14.685518873655504,14.431472449353198,14.529813766479492,2598075,0.0,0.0
2024-08-30,14.546202724033192,14.55439805363398,14.431472505786507,14.472447395324707,2647012,0.0,0.0
2024-09-02,14.628154209863373,14.628154209863373,14.210207323538528,14.27576732635498,2795625,0.0,0.0
2024-09-03,14.27576705228984,14.365913043568883,14.210207050732004,14.316741943359375,1857600,0.0,0.0
2024-09-04,14.390496536971973,14.505227632856645,14.300352308780758,14.423277854919434,1900237,0.0,0.0
2024-09-05,14.423279084049781,14.50522886897063,14.35771820103358,14.382304191589355,2389275,0.0,0.0
2024-09-06,14.35771778976034,14.382303779611858,14.161036904811482,14.226597785949707,2805975,0.0,0.0
2024-09-09,14.226597570839228,14.275766912100078,14.029915809631348,14.029915809631348,3041100,0.0,0.0
2024-09-10,14.095476290777162,14.14464739217906,13.882405621122592,14.11186695098877,2616525,0.0,0.0
2024-09-11,14.152842581449542,14.161037032240877,14.038111478041683,14.095476150512695,2873025,0.0,0.0
2024-09-12,14.103671007377548,14.120060787643279,13.972550127553033,14.087281227111816,3239325,0.0,0.0
2024-09-13,14.169231074518676,14.308548163982636,14.07908596378255,14.103671073913574,2074837,0.0,0.0
2024-09-16,14.177426337422672,14.193816117688403,14.029915677332426,14.087281227111816,2253262,0.0,0.0
2024-09-17,14.095475744471049,14.234791954705532,14.013525963520888,14.193816184997559,1735200,0.0,0.0
2024-09-18,14.111866470121685,14.226597570761731,14.0790860300484,14.120060920715332,2014200,0.0,0.0
2024-09-19,14.079086855842695,14.210207744593696,13.997137069702148,13.997137069702148,2072925,0.0,0.0
2024-09-20,14.005330149315999,14.046305038373838,13.825039054842348,13.931574821472168,3982050,0.0,0.0
2024-09-23,13.93157495520789,14.005330283759731,13.825039187555381,13.964354515075684,2572762,0.0,0.0
2024-09-24,14.070891315237017,14.275766643957509,14.046305326219047,14.144646644592285,2358450,0.0,0.0
2024-09-25,14.177427020188581,14.25937768392965,14.087281905536459,14.128256797790527,4788450,0.0,0.0
2024-09-26,14.193816266991485,14.464252480001623,14.185621816388867,14.447863578796387,2775937,0.0,0.0
2024-09-27,14.603569979882712,15.357513968910244,14.603569979882712,15.291953086853027,7990312,0.0,0.0
2024-09-30,15.1362459292311,15.447657915107525,14.742885040395176,14.914979934692383,3802500,0.0,0.0
2024-10-01,14.914979940815012,15.111662583395976,14.751080376362927,15.07888126373291,3197925,0.0,0.0
2024-10-02,15.21000323982819,15.382099015854521,15.16083301810638,15.185418128967285,2154037,0.0,0.0
2024-10-03,14.964151848926726,15.070686741158964,14.718299865722656,14.718299865722656,4392112,0.0,0.0
2024-10-04,14.726494506143343,14.882199611880107,14.587178300926833,14.693713188171387,2626875,0.0,0.0
2024-10-07,14.792054030808204,14.824835349679145,14.415082931518555,14.415082931518555,2912512,0.0,0.0
2024-10-08,14.546203273986245,14.570789263718142,14.365913049815575,14.480643272399902,2936362,0.0,0.0
2024-10-09,14.456059384573162,14.554398949672525,14.30854871807473,14.365913391113281,1987087,0.0,0.0
2024-10-10,14.423278944214207,14.423278944214207,14.070892058925601,14.11186695098877,2430787,0.0,0.0
2024-10-11,14.128257145176041,14.1692320384376,13.964355813663904,14.013526916503906,1926675,0.0,0.0
2024-10-14,14.046305797014494,14.193816460669202,13.931575573916247,14.06269645690918,2218950,0.0,0.0
2024-10-15,14.054500451829657,14.251181327254697,13.997135782652599,14.202011108398438,1845787,0.0,0.0
2024-10-16,14.259376733997495,14.292157173156738,14.054500527909749,14.292157173156738,3114787,0.0,0.0
2024-10-17,14.152842039716976,14.25118160007924,14.029915610990157,14.070891380310059,1858162,0.0,0.0
2024-10-18,14.169231275995749,14.275767047822688,13.939770830998672,13.972550392150879,1783462,0.0,0.0
2024-10-21,14.013525831988828,14.16923094187241,13.947964952764586,14.161036491394043,1461375,0.0,0.0
2024-10-22,14.095475481278779,14.275766578621926,14.038110811531363,14.218401908874512,2010150,0.0,0.0
2024-10-23,14.19381659387205,14.19381659387205,14.05450125885727,14.095476150512695,2486475,0.0,0.0
2024-10-24,14.070891784080187,14.242986679077148,14.046305794243011,14.242986679077148,1775700,0.0,0.0
2024-10-25,14.193816735115105,14.25118228738988,14.11186695098877,14.11186695098877,2601675,0.0,0.0
2024-10-28,14.242986815551728,14.242986815551728,14.079086369697109,14.095476150512695,1797187,0.0,0.0
2024-10-29,14.079085897362507,14.095475677628238,13.93977056702157,14.087281227111816,3727687,0.0,0.0
2024-10-30,14.021720152261064,14.267572128219653,14.021720152261064,14.218401908874512,1953787,0.0,0.0
2024-10-31,14.095475810623155,14.406887793240529,13.939770698547363,13.939770698547363,2010150,0.0,0.0
2024-11-01,14.029915678097511,14.218402107711695,13.89059946851609,14.1774263381958,1926562,0.0,0.0
2024-11-04,14.259376589533096,14.32493658795451,14.06269571503599,14.18562126159668,2662087,0.0,0.0
2024-11-05,14.152842314086305,14.300352976338694,14.070891653090678,14.210206985473633,1104750,0.0,0.0
2024-11-06,14.193816073843344,14.996931130575321,13.997136073563453,14.669129371643066,4574250,0.0,0.0
2024-11-07,14.660934369428505,14.841224593520781,14.316741943359375,14.316741943359375,2007337,0.0,0.0
2024-11-08,14.22659723850966,14.521618554580517,14.070891250839084,14.218401908874512,2177212,0.0,0.0
2024-11-11,14.218402380639072,14.374108373475952,14.103671278871728,14.316741943359375,1843650,0.0,0.0
2024-11-12,14.202011993474127,14.382303979493445,14.185622212578243,14.27576732635498,1682662,0.0,0.0
2024-11-13,14.152842581449542,14.275767256415818,13.775869709594792,14.095476150512695,2908800,0.0,0.0
2024-11-14,14.079085409345177,14.316741171508516,13.898794315739933,13.91518497467041,2487150,0.0,0.0
2024-11-18,13.931575368720729,14.144646910350069,13.898794928647085,13.939770698547363,1676925,0.0,0.0
2024-11-19,13.939770764850792,14.021720546575343,13.857820103893339,13.956160545349121,1138837,0.0,0.0
2024-11-21,13.849624909435084,13.939770901139507,13.718504905700684,13.718504905700684,2106675,0.0,0.0
2024-11-22,13.726698810828033,13.841429908576632,13.669333261953732,13.800454139709473,1177200,0.0,0.0
2024-11-25,13.767675051305378,13.997136375429877,13.767675051305378,13.808649063110352,2490750,0.0,0.0
2024-11-26,13.81684433430255,13.96435499649161,13.767674992805762,13.866015434265137,1632825,0.0,0.0
2024-11-27,13.997136522613866,14.218402519164304,13.800454757558342,13.988941192626953,3139425,0.0,0.0
2024-11-28,14.005330642194233,14.538008614856576,13.849624651522225,14.357717514038086,3341250,0.0,0.0
2024-11-29,14.357718473444862,14.587179809889303,14.136452467341172,14.267573356628418,3934125,0.0,0.0
2024-12-02,14.677324569686482,15.3984889604071,14.644544130317486,14.726494789123535,6541087,0.0,0.0
2024-12-03,14.751079535367428,15.349316604288772,14.611763330906685,15.332927703857422,4581900,0.0,0.0
2024-12-04,15.210003374066142,15.431269373767094,15.169027602781052,15.382099151611328,3160687,0.0,0.0
2024-12-05,15.439463209508824,15.636144090295863,15.291952548918545,15.537803649902344,3305925,0.0,0.0
2024-12-06,15.578780037812319,15.627950259960441,15.062490946791177,15.2181978225708,3443062,0.0,0.0
2024-12-09,15.21819694542378,15.33292804331181,15.119856506795687,15.308342933654785,2052675,0.0,0.0
2024-12-10,15.357514847264708,15.570584648821702,15.308344622526025,15.529610633850098,1976850,0.0,0.0
2024-12-11,15.570583696422698,15.734485021681675,15.447658142094925,15.693511009216309,2702700,0.0,0.0
2024-12-12,15.570583011675756,15.644338341028885,15.431268561874797,15.578779220581055,2028037,0.0,0.0
2024-12-13,15.865604205485074,16.119651510254943,15.685313987959477,15.709900856018066,2600887,0.0,0.0
2024-12-16,15.701705660897773,15.80004610561812,15.603365216177425,15.652535438537598,2284762,0.0,0.0
2024-12-17,15.652533942260913,15.865603713143061,15.644337733673813,15.73448371887207,4893862,0.0,0.0
2024-12-18,15.685314862264637,15.767266404452617,15.234588414094116,15.291953086853027,3434625,0.0,0.0
2024-12-19,15.33292872088434,15.505024496088536,15.021516731978615,15.095272064208984,2363175,0.0,0.0
2024-12-20,15.013321810888312,15.144441811257133,14.849420491577957,15.087077140808105,3208612,0.0,0.0
2024-12-23,15.046100926342723,15.046100926342723,14.55439786218774,14.693713188171387,2706975,0.0,0.0
2024-12-26,14.570790020304068,14.783860695948025,14.480644024305011,14.52161979675293,1770862,0.0,0.0
2024-12-27,14.546202865867027,14.701908854403007,14.398692207011745,14.488838195800781,2495137,0.0,0.0
2024-12-30,14.505228107709161,14.578983437806869,14.259377007383469,14.341327667236328,1864350,0.0,0.0
2025-01-02,14.341327725020214,14.488838385809977,14.152842173755369,14.193816184997559,2269800,0.0,0.0
2025-01-03,14.103670654214525,14.161036202557455,13.947964668273926,13.947964668273926,1986525,0.0,0.0
2025-01-06,13.964355405248927,14.177426954136422,13.939771173397368,14.11186695098877,2018137,0.0,0.0
2025-01-07,14.111866000239583,14.275766436682828,14.013525562527063,14.202011108398438,2325375,0.0,0.0
2025-01-08,14.202011170188568,14.226597158956533,14.038110733032227,14.038110733032227,1796062,0.0,0.0
2025-01-09,14.0463063335069,14.27576766770048,13.947965887314359,14.251182556152344,1281375,0.0,0.0
2025-01-10,14.251181667467794,14.497033646851092,13.980745457302342,14.087281227111816,3010950,0.0,0.0
2025-01-13,14.095475547389691,14.464252194207905,14.095475547389691,14.23479175567627,2785275,0.0,0.0
2025-01-14,14.242986756277672,14.50522852363321,14.169231424065098,14.497034072875977,1809225,0.0,0.0
2025-01-15,14.652739998978863,14.751080441470489,14.357717792271075,14.570789337158203,1830037,0.0,0.0
2025-01-16,14.587179661149886,14.734690330381575,14.398693219865212,14.505228996276855,1661287,0.0,0.0
2025-01-17,14.64454520900838,14.767469887422546,14.505228990853027,14.759275436401367,1462162,0.0,0.0
2025-01-20,14.792053976352035,14.857614855386785,14.60356930663399,14.742884635925293,1607287,0.0,0.0
2025-01-21,14.710103924802064,14.800249912002181,14.603569036995186,14.783859252929688,1255500,0.0,0.0
2025-01-22,14.710104742275007,14.833030295985623,14.60356984854775,14.751080513000488,2397487,0.0,0.0
2025-01-23,14.882200108084527,14.890396317083656,14.734689447689568,14.849420547485352,1667812,0.0,0.0
2025-01-24,14.89039637496898,14.906785276099388,14.374108182346705,14.611763954162598,5450625,0.0,0.0
2025-01-27,14.611764093638046,14.85761519759879,14.480643211781349,14.80844497680664,3296475,0.0,0.0
2025-01-28,14.824835138131295,14.824835138131295,14.447863164988084,14.472447395324707,2054250,0.0,0.0
2025-01-29,14.50522817491697,14.636349055442498,14.259377073452164,14.357717514038086,2754787,0.0,0.0
2025-01-30,14.357716856895001,14.701908383192315,14.333131747873765,14.660933494567871,4285575,0.0,0.0
2025-01-31,14.677325107035147,14.701909338420844,14.226597785949707,14.226597785949707,3329100,0.0,0.0
2025-02-03,14.218401977156079,14.554398184550495,14.111866208319023,14.324936866760254,3328762,0.0,0.0
2025-02-04,14.292157587318977,14.628153801314546,14.283962257483463,14.447863578796387,4701487,0.0,0.0
2025-02-05,14.456059109741837,14.874005990208264,14.357717788046239,14.841224670410156,4182525,0.0,0.0
2025-02-06,14.685520101813102,14.857615882519054,14.578984325441294,14.759275436401367,3005212,0.0,0.0
2025-02-07,14.751080239054549,14.947761121338925,14.628153808393916,14.882200241088867,2468025,0.0,0.0
2025-02-10,14.923175935935628,15.070686596906395,14.701909065246582,14.701909065246582,2175412,0.0,0.0
2025-02-11,14.628153743278668,14.996931275153207,14.619958413475667,14.955955505371094,1619550,0.0,0.0
2025-02-12,14.84122509074855,15.046102190658965,14.808445528487864,14.890397071838379,5477512,0.0,0.0
2025-02-13,14.890396392129382,15.152636395176,14.742884851758095,15.119856834411621,3592125,0.0,0.0
2025-02-14,15.152635336678841,15.505023063759255,15.07888001126187,15.431267738342285,4420350,0.0,0.0
2025-02-17,15.398489935644019,15.759070395375318,15.398489935644019,15.595169067382812,2479950,0.0,0.0
2025-02-18,15.562388456025595,15.636143784880096,14.98054027557373,14.98054027557373,2809912,0.0,0.0
2025-02-19,14.996931752191044,15.144442417939873,14.955955981105532,15.1280517578125,1687725,0.0,0.0
2025-02-20,15.160833153455462,15.177222055198486,14.874006271362305,14.874006271362305,1772325,0.0,0.0
2025-02-21,14.874006602507274,15.177222393094052,14.775666155996332,15.029711723327637,3642412,0.0,0.0
2025-02-24,14.988735200222585,15.062490531410809,14.751080305371069,14.80844497680664,2358787,0.0,0.0
2025-02-25,14.751079965612858,14.964151503626477,14.742884635925293,14.742884635925293,2209275,0.0,0.0
2025-02-26,14.759274557755395,14.914979668683703,14.652739666958741,14.849420547485352,4829625,0.0,0.0
2025-02-27,14.91498042468449,14.955956196359747,14.77566596622718,14.890397071838379,1822612,0.0,0.0
2025-02-28,14.947760568257426,14.96415122732992,14.701908595265818,14.783859252929688,3057862,0.0,0.0
2025-03-05,14.833029767888817,15.316537514758304,14.833029767888817,15.160832405090332,3678300,0.0,0.0
2025-03-06,15.152635450958819,15.45585296338143,15.06248946639187,15.300146102905273,3077100,0.0,0.0
2025-03-07,15.742680740635938,15.873800741679837,15.603364530581569,15.718093872070312,4356562,0.0,0.0
2025-03-10,15.611559727721822,15.988532606257998,15.562389505170657,15.595169067382812,3172387,0.0,0.0
2025-03-11,15.48863370410514,15.60336480608544,15.308343479678227,15.406683921813965,2577825,0.0,0.0
2025-03-12,15.324734139522787,15.586974146240879,15.324734139522787,15.406683921813965,2857612,0.0,0.0
2025-03-13,15.029711048741166,15.291952813821975,14.52161905765057,15.242782592773438,5398875,0.0,0.0
2025-03-14,15.300146449288599,15.578778859361485,15.111661784289215,15.259172439575195,7700737,0.0,0.0
2025-03-17,15.275561220098787,15.300146329120023,14.611763276525396,14.660933494567871,10365525,0.0,0.0
2025-03-18,14.693713583394578,15.849215507507324,14.693713583394578,15.849215507507324,6204375,0.0,0.0
2025-03-19,15.849216188174754,15.865605089839676,15.291953086853027,15.291953086853027,4261725,0.0,0.0
2025-03-20,15.242782185157827,15.38209839389176,15.087077075489855,15.160832405090332,2474775,0.0,0.0
2025-03-21,15.103465645144883,15.488632944098818,15.103465645144883,15.365707397460938,1984725,0.0,0.0
2025-03-24,15.373902462261205,15.455854002272643,15.128051359158485,15.210002899169922,2038500,0.0,0.0
2025-03-25,15.218197617926267,15.291952950156636,15.005126071994367,15.095272064208984,2618325,0.0,0.0
2025-03-26,15.144441936209864,15.201806607132191,14.874005724272658,14.955955505371094,1858387,0.0,0.0
2025-03-27,14.947760802667444,15.283757888895392,14.890396132712725,15.234587669372559,1248750,0.0,0.0
2025-03-28,15.23458779270175,15.250976693698197,15.013321803057776,15.103466033935547,1195650,0.0,0.0
2025-03-31,14.955955717168358,15.32473413349821,14.955955717168358,15.242782592773438,1954350,0.0,0.0
2025-04-01,15.111662254406019,15.521412915081527,15.037906924468535,15.447657585144043,2195212,0.0,0.0
2025-04-02,15.390292980406512,15.693510510421596,15.365707870322359,15.373902320861816,3721837,0.0,0.0
2025-04-03,15.496827803265797,15.709901101014308,15.201806483550822,15.267367362976074,4886437,0.0,0.0
2025-04-04,15.24278280148745,15.791849691225705,15.16083301810638,15.185418128967285,6205162,0.0,0.0
2025-04-07,14.988734880129476,15.750875044597642,14.98054042966105,15.3411226272583,7252650,0.0,0.0
2025-04-08,15.365708278569171,15.554194713710784,15.250977175639605,15.275562286376953,2627212,0.0,0.0
2025-04-09,15.16902732553846,15.750875529902617,15.160832874817551,15.34931755065918,3552637,0.0,0.0
2025-04-10,15.3493173587252,15.677120001984031,15.275562027761833,15.554194450378418,2342025,0.0,0.0
2025-04-11,15.61975483173748,16.49662432466713,15.611558622915075,16.488428115844727,5722537,0.0,0.0
2025-04-14,16.65232939910026,17.20959246695646,16.63593873995381,17.070276260375977,6030787,0.0,0.0
2025-04-15,17.11125355062054,17.15222932289755,16.570381093813925,16.644136428833008,4535437,0.0,0.0
2025-04-16,16.586770663566213,16.758864675493516,16.51301533339775,16.627744674682617,3283087,0.0,0.0
2025-04-17,16.67691338629341,16.69330404433683,16.472038073845937,16.51301383972168,2160225,0.0,0.0
2025-04-22,16.504818927454163,16.873595573895965,16.39008782907257,16.668720245361328,2806087,0.0,0.0
2025-04-23,16.840816349313496,16.840816349313496,16.357308594854505,16.480234146118164,3004537,0.0,0.0
2025-04-24,16.4310634464166,16.570379653274323,16.258967679666483,16.488428115844727,3599887,0.0,0.0
2025-04-25,16.50481980727189,16.611354702434404,16.373699801036036,16.398284912109375,3342600,0.0,0.0
2025-04-28,16.390088089357373,16.431063859101325,16.22618852731314,16.373699188232422,3118837,0.0,0.0
2025-04-29,16.390087474095523,16.562183238707778,16.275358136664504,16.34911346435547,1961887,0.0,0.0
2025-04-30,16.349114546141013,16.390088558592232,16.095067228307446,16.217992782592773,2343600,0.0,0.0
2025-05-02,16.316332413034207,16.513015048556543,16.18521241448506,16.4146728515625,2694150,0.0,0.0
2025-05-05,16.553987998058282,16.67691353834063,16.045895178736036,16.144235610961914,2899012,0.0,0.0
2025-05-06,16.2844295501709,16.520436771588965,16.098996855019315,16.2844295501709,1840725,0.485624,0.0
2025-05-07,16.30971884746616,16.377147936579842,16.098997970272194,16.267574310302734,2017237,0.0,0.0
2025-05-08,16.410861836755046,16.427720012683107,16.12428369771663,16.29286003112793,1814287,0.0,0.0
2025-05-09,16.1327121453214,16.208571225304173,15.685985849215138,15.938849449157715,5020087,0.0,0.0
2025-05-12,16.01470831198928,16.02313830428848,15.559553838264303,15.913564682006836,4099500,0.0,0.0
2025-05-13,15.846134163919729,16.183285031089177,15.846134163919729,15.997852325439453,3952125,0.0,0.0
2025-05-14,16.672155650086022,16.773301089774712,15.702843980654,15.728130340576172,3644325,0.0,0.0
2025-05-15,15.761845643263618,16.048423767089844,15.736557476402327,16.048423767089844,2362725,0.0,0.0
2025-05-16,16.00628089904785,16.158000872884905,15.820848188883087,16.00628089904785,2143800,0.0,0.0
2025-05-19,15.955707409010412,16.06528283991516,15.846133786728767,15.913564682006836,2091487,0.0,0.0
2025-05-20,15.854561797422818,15.930420875549316,15.753416359920822,15.930420875549316,1496025,0.0,0.0
2025-05-21,15.820847364031914,15.888276450418175,15.60169831171882,15.610126495361328,1244362,0.0,0.0
2025-05-22,15.593270070277207,15.719701867561678,15.475266456604004,15.475266456604004,2456775,0.0,0.0
2025-05-23,15.475266575634047,15.989423760960998,15.374121137028496,15.913564682006836,2617087,0.0,0.0
2025-05-26,15.85456148330079,16.132711430920377,15.85456148330079,15.905134201049805,2064375,0.0,0.0
2025-05-27,16.02313866399268,16.25071590596406,15.905135046762767,16.14957046508789,3012637,0.0,0.0
2025-05-28,16.183284749903898,16.335002908787512,16.11585566281548,16.259143829345703,1868850,0.0,0.0
2025-05-29,16.183285235975877,16.394006113169848,16.006280711961917,16.267574310302734,3092175,0.0,0.0
2025-05-30,16.377147740487022,16.377147740487022,15.921993255615234,15.921993255615234,1797750,0.0,0.0
2025-06-02,15.930420566767063,16.174855972199982,15.719701512263336,15.829275131225586,2464987,0.0,0.0
2025-06-03,15.837705668450043,16.200142888742146,15.795561132649338,15.972565650939941,1973925,0.0,0.0
2025-06-04,16.031566880580353,16.208571402474938,15.921993255615234,15.921993255615234,1991587,0.0,0.0
2025-06-05,15.930420306607234,16.124282991103442,15.846133047906848,16.014707565307617,1891575,0.0,0.0
2025-06-06,16.01470852914049,16.124283961531024,15.862990369174941,15.938849449157715,1540687,0.0,0.0
2025-06-09,15.921992487961004,15.955707030488666,15.483694391986086,15.508980751037598,2586150,0.0,0.0
2025-06-10,15.618556404232333,15.888276365583414,15.576411868998624,15.70284366607666,1619775,0.0,0.0
2025-06-11,15.677557620731827,15.812417604109038,15.551125821120966,15.728130340576172,2210400,0.0,0.0
2025-06-12,15.669129467116756,15.685985834681889,15.492123138697819,15.500553131103516,2021062,0.0,0.0
2025-06-13,15.46683801775897,15.728129791627342,15.433121666624103,15.584839820861816,2034000,0.0,0.0
2025-06-16,15.685985636521242,16.04842466393987,15.567982021940397,15.913564682006836,3120300,0.0,0.0
2025-06-17,16.02313775005999,16.02313775005999,15.635412376401112,15.77027416229248,1511887,0.0,0.0
2025-06-18,15.803989197104723,15.854561916234708,15.53426742553711,15.53426742553711,2559262,0.0,0.0
2025-06-20,15.593270061707583,15.618556421150581,15.365692826720606,15.551125526428223,2794500,0.0,0.0
2025-06-23,15.551125765890529,15.972565699304349,15.449980326561063,15.593270301818848,2514375,0.0,0.0
2025-06-24,15.534267471000971,15.67755744516299,15.087542085482541,15.154972076416016,2577825,0.0,0.0
2025-06-25,15.171830270772926,15.197116630442572,14.910537586082725,15.003253936767578,3275437,0.0,0.0
2025-06-26,15.05382657206109,15.154972010174982,14.918965686472054,15.09597110748291,2414475,0.0,0.0
2025-06-27,14.977967493475672,15.163401098121655,14.935823862365401,15.09597110748291,1817887,0.0,0.0
2025-06-30,15.095971307296411,15.18868675437928,14.977967691727251,15.062255859375,3215700,0.0,0.0
2025-07-01,15.104399299928398,15.163401106966433,14.918965695174252,15.020112037658691,2122650,0.0,0.0
2025-07-02,15.087542398419984,15.197116927232223,14.986396957766095,15.180258750915527,2950425,0.0,0.0
2025-07-03,15.205544861640604,15.424693915670064,15.205544861640604,15.213973045349121,2053575,0.0,0.0
2025-07-04,15.180258740302364,15.382549621468716,15.180258740302364,15.256117820739746,1469925,0.0,0.0
2025-07-07,15.298261948896075,15.416263754011675,15.272975589425146,15.399407386779785,1316250,0.0,0.0
2025-07-08,15.424693564766098,15.576411719806574,15.365692662902495,15.492122650146484,1491975,0.0,0.0
2025-07-09,15.54269738638493,15.761846438379507,15.171830177307129,15.171830177307129,5881275,0.0,0.0
2025-07-10,15.171829847633976,15.416263445207958,15.079112595223432,15.298261642456055,2607637,0.0,0.0
2025-07-11,15.20554453097889,15.390979037518688,15.197116347453655,15.340404510498047,1835325,0.0,0.0
2025-07-14,15.24768938803361,15.43312208986851,15.188686676241009,15.28983211517334,3231675,0.0,0.0
2025-07-15,15.222402632526707,15.374120786980617,15.09597083714845,15.35726261138916,2063250,0.0,0.0
2025-07-16,15.357262670762642,15.584839903323353,15.247689050552212,15.492122650146484,3953700,0.0,0.0
2025-07-17,15.5174110092157,15.62698463077677,15.323548316955566,15.323548316955566,2019712,0.0,0.0
2025-07-18,15.323548143447573,15.37412086184514,15.222402706652439,15.340404510498047,961762,0.0,0.0
2025-07-21,15.340404692880467,15.40783558775327,15.163401080696119,15.247689247131348,1854225,0.0,0.0
2025-07-22,15.331976350627317,15.331976350627317,15.04539731116178,15.11282730102539,1709325,0.0,0.0
2025-07-23,15.129685394439905,15.272975365549138,15.062255404943024,15.205544471740723,1670062,0.0,0.0
2025-07-24,15.121256314108402,15.256117197480345,15.053826324578198,15.129685401916504,2459025,0.0,0.0
2025-07-25,15.09597066137831,15.18868610449412,14.902107974514536,15.163400650024414,3316387,0.0,0.0
2025-07-28,15.171830386885915,15.272975826338588,14.876821347963018,15.062255859375,2375212,0.0,0.0
2025-07-29,15.104399413338438,15.407835730135428,15.062255781887153,15.28983211517334,1541925,0.0,0.0
2025-07-30,15.289832031169066,15.483694724265295,15.146543865884249,15.382549285888672,3656362,0.0,0.0
2025-07-31,15.239260727134871,15.508980683426453,15.180258017189855,15.449979782104492,1754325,0.0,0.0
2025-08-01,15.508981169067757,15.584840248267005,15.28983211517334,15.28983211517334,2022412,0.0,0.0
2025-08-04,15.357262543832007,15.390978894866599,15.163400759875328,15.298261642456055,1312425,0.0,0.0
2025-08-05,15.357262868754443,15.357262868754443,15.129685633259717,15.247689247131348,1318387,0.0,0.0
2025-08-06,15.331976904993493,15.331976904993493,14.876821517944336,14.876821517944336,2461387,0.0,0.0
2025-08-07,14.834678436438722,14.902108427132863,14.556528481397015,14.564956665039062,2377800,0.0,0.0
2025-08-08,14.497525522999164,14.7756763776128,14.497525522999164,14.598670959472656,1620112,0.0,0.0
2025-08-11,14.556528240905799,14.564956424408603,14.371093734859526,14.522811889648438,2447662,0.0,0.0
2025-08-12,14.581813509771056,14.632387131700622,14.337379009387696,14.40480899810791,1692562,0.0,0.0
2025-08-13,14.438524621263984,14.598670959472656,14.269948290933806,14.598670959472656,2878650,0.0,0.0
2025-08-14,14.39638164304666,14.632387973613946,14.12665895971202,14.421667098999023,5543775,0.0,0.0
2025-08-15,14.396381347633008,14.489097698594387,14.244662284851074,14.244662284851074,2133562,0.0,0.0
2025-08-18,14.253091590820278,14.581814272532739,14.253091590820278,14.438525199890137,1575900,0.0,0.0
2025-08-19,14.463811455236417,14.463811455236417,14.177232407715813,14.303664207458496,2263162,0.0,0.0
2025-08-20,14.295235308608264,14.531241639355981,14.236234404155017,14.345808029174805,2358787,0.0,0.0
2025-08-21,14.32052226839782,14.345807723831326,14.084515942673379,14.244662284851074,2590087,0.0,0.0
2025-08-22,14.413238516520908,14.489097595214844,14.135087656998262,14.489097595214844,3069337,0.0,0.0
2025-08-25,14.50595454376703,14.598670892002048,14.32895003075648,14.53966999053955,2444287,0.0,0.0
2025-08-26,14.564956540804,14.632387435234524,14.362664761823973,14.58181381225586,1927012,0.0,0.0
2025-08-27,14.666101895137194,14.750390060542557,14.548099187018913,14.674530982971191,1969987,0.0,0.0
2025-08-28,14.784105731329161,14.977967519952967,14.623958485928553,14.868393898010254,2590537,0.0,0.0
2025-08-29,14.826249130326934,14.994824556737587,14.741960964965841,14.75039005279541,5776650,0.0,0.0
2025-09-01,14.674531066019943,14.809391046257906,14.548099269352141,14.58181381225586,1385437,0.0,0.0
2025-09-02,14.505954433343994,14.556528055273558,14.328949921680847,14.40480899810791,1639237,0.0,0.0
2025-09-03,14.396380821346503,14.413238092456442,14.286805394041554,14.328949928283691,1957387,0.0,0.0
2025-09-04,14.328950746135106,14.4553825474548,14.328950746135106,14.421667098999023,2148187,0.0,0.0
2025-09-05,14.446953183904506,14.51438407953083,14.337379561056958,14.472240447998047,2040975,0.0,0.0
2025-09-08,14.438525085225368,14.49752598885646,14.26152056570897,14.379523277282715,1937812,0.0,0.0
2025-09-09,14.404809837939629,14.446953470307887,14.269948948324993,14.345808029174805,1390162,0.0,0.0
2025-09-10,14.379522645925038,14.421666275855651,14.269948122931613,14.328949928283691,2033437,0.0,0.0
2025-09-11,14.40480899810791,14.40480899810791,14.261519932960633,14.40480899810791,1723050,0.0,0.0
2025-09-12,14.354236486346828,14.446952835205726,14.269948321004124,14.295234680175781,2569725,0.0,0.0
2025-09-15,14.286805814386133,14.505954866820757,14.286805814386133,14.489097595214844,1660950,0.0,0.0
2025-09-16,14.514383972737926,14.59867123518333,14.328950367597246,14.337379455566406,1539112,0.0,0.0
2025-09-17,14.413238534354202,14.413238534354202,14.286805832062992,14.337379455566406,1933762,0.0,0.0
2025-09-18,14.32895079066028,14.354237151002792,14.008656290114068,14.118230819702148,3364875,0.0,0.0
2025-09-19,14.135087452690446,14.328950142758343,14.07608655076677,14.143516540527344,1844550,0.0,0.0
2025-09-22,14.160374993253926,14.168803176944188,13.882225036621094,13.882225036621094,1990575,0.0,0.0
2025-09-23,13.907510859839743,14.109802647052813,13.907510859839743,14.04237174987793,1630800,0.0,0.0
2025-09-24,14.084515654253194,14.135087468396163,13.991798400878906,13.991798400878906,899887,0.0,0.0
2025-09-25,13.991798734884366,14.067657814376998,13.840080575899103,13.86536693572998,2098462,0.0,0.0
2025-09-26,13.915939910103553,14.050799895462282,13.907510821901791,13.966511726379395,1563075,0.0,0.0
2025-09-29,14.076087008224432,14.168803360197344,13.93279703189808,14.000227928161621,1344937,0.0,0.0
2025-09-30,14.042371657359993,14.076087105725302,13.83165168762207,13.83165168762207,1631025,0.0,0.0
2025-10-01,13.865366620486434,13.932796610398496,13.663074842127171,13.840080261230469,2025450,0.0,0.0
2025-10-02,13.88222519737244,13.88222519737244,13.688362501266687,13.772649765014648,1227487,0.0,0.0
2025-10-03,13.696789958032635,13.75579176297366,13.292208219720505,13.435497283935547,4042350,0.0,0.0
2025-10-06,13.460784216769795,13.502928752516059,13.33435241815412,13.351210594177246,2581875,0.0,0.0
2025-10-07,13.359638862998908,13.401783399013699,13.182634343809168,13.258493423461914,2102400,0.0,0.0
2025-10-08,13.250065164612092,13.39335423504021,13.250065164612092,13.275351524353027,1380937,0.0,0.0
2025-10-09,13.317495432538355,13.376496336952133,13.157348182747583,13.224778175354004,4045950,0.0,0.0
2025-10-10,13.26692262586499,13.418640786478027,13.216349001349073,13.317495346069336,1937025,0.0,0.0
2025-10-13,13.36806743966447,13.460783787589301,13.191062927246094,13.191062927246094,1333912,0.0,0.0
2025-10-14,13.191063631206582,13.283779984079358,13.157348182747583,13.224778175354004,1257750,0.0,0.0
2025-10-15,13.165776751039449,13.334352178054447,13.123633120363584,13.309065818786621,2918587,0.0,0.0
2025-10-16,13.309066143230412,13.32592431936095,13.199492519939708,13.258493423461914,2008575,0.0,0.0
2025-10-17,13.266922511527184,13.300637055165142,13.174206160055459,13.258493423461914,3030075,0.0,0.0
2025-10-20,13.300637245178223,13.325924509735287,13.24163634081313,13.300637245178223,975375,0.0,0.0
2025-10-21,13.300636409143323,13.443926377735407,13.250064596142698,13.359638214111328,1500412,0.0,0.0
2025-10-22,13.359638653460978,13.401783188814754,13.258493215510388,13.368067741394043,974812,0.0,0.0
2025-10-23,13.368067550116951,13.401782997055246,13.283779384926982,13.325923919677734,1298250,0.0,0.0
2025-10-24,13.384924690111237,13.435497407866745,13.325923788937496,13.41864013671875,904612,0.0,0.0
2025-10-27,13.494499856223085,13.561930752650486,13.384925327762236,13.393354415893555,2311425,0.0,0.0
2025-10-28,13.435497290079542,13.528214541359484,13.351210030766984,13.359638214111328,1666800,0.0,0.0
2025-10-29,13.359638853151743,13.629360627925964,13.334352493286133,13.334352493286133,1764000,0.0,0.0
2025-10-30,13.384925403181253,13.44392721180979,13.292209050460617,13.376496315002441,929812,0.0,0.0
2025-10-31,13.401783040886704,13.637789361603572,13.384924865206655,13.612502098083496,1588162,0.0,0.0
2025-11-03,13.629360522991758,13.629360522991758,13.486071452960353,13.578787803649902,1274062,0.0,0.0
2025-11-04,13.570359405102478,13.899081171308204,13.561930317241778,13.76422119140625,1691775,0.0,0.0
2025-11-05,13.764221183462572,13.932796610398496,13.722077552806477,13.840080261230469,2364525,0.0,0.0
2025-11-06,13.873795936018428,13.873795936018428,13.553501443978975,13.578787803649902,1414462,0.0,0.0
2025-11-07,14.050799287256076,14.413238308192712,13.840080230137456,14.143516540527344,5224725,0.0,0.0
2025-11-10,14.160375145827874,14.413238745491345,14.109802425895179,14.227805137634277,3064275,0.0,0.0
2025-11-11,14.22780462345466,14.345807330929249,14.177231905349615,14.236233711242676,2360025,0.0,0.0
2025-11-12,14.236233718615308,14.312092795812159,14.02551375829799,14.160374641418457,1940625,0.0,0.0
2025-11-13,14.135087274747699,14.202517263659415,13.949654579162598,13.949654579162598,1584225,0.0,0.0
2025-11-14,13.949655009297235,14.118230438930276,13.907510473655309,14.033943176269531,1768725,0.0,0.0
2025-11-17,14.033942943722858,14.067657486503874,13.772649359144985,13.915939331054688,1876387,0.0,0.0
2025-11-18,13.83165168762207,13.974940760629378,13.772649879060674,13.83165168762207,1298025,0.0,0.0
2025-11-19,13.789507433756532,13.924368316826548,13.705219268798828,13.705219268798828,1892025,0.0,0.0
2025-11-21,13.806366061696078,13.848508789088424,13.519786110587885,13.637789726257324,2884500,0.0,0.0
2025-11-24,13.663075172036919,13.772649699562411,13.578787908689518,13.713648796081543,1557225,0.0,0.0
2025-11-25,13.738934154707238,13.772649602395267,13.502928733825684,13.502928733825684,1774237,0.0,0.0
2025-11-26,13.519785653285373,13.856937408447266,13.519785653285373,13.856937408447266,1977975,0.0,0.0
2025-11-27,13.882225301581343,13.98336983797584,13.738934420061796,13.907510757446289,1248525,0.0,0.0
2025-11-28,13.91593964574086,14.050799628537638,13.865366926114177,13.9412260055542,1909462,0.0,0.0
2025-12-01,13.991798298749238,14.042371016834602,13.747362891795627,13.781078338623047,1578150,0.0,0.0
2025-12-02,13.797936944284828,13.941226015222613,13.688362416913842,13.86536693572998,2402775,0.0,0.0
2025-12-03,13.865366408048878,14.04237092012867,13.865366408048878,14.025513648986816,1501762,0.0,0.0
2025-12-04,14.092943755079501,14.16880283231606,13.966511055373703,14.084515571594238,2565112,0.0,0.0
2025-12-05,14.320522405245782,14.320522405245782,13.772649765014648,13.772649765014648,3979125,0.0,0.0
2025-12-08,13.89908143212751,14.387952259614135,13.814793264873447,14.244662284851074,2609887,0.0,0.0
2025-12-09,14.210946876733232,14.556528634732466,14.101373253739972,14.32052230834961,2713050,0.0,0.0
2025-12-10,14.371093841689074,14.725102872161445,14.328950210927163,14.657672882080078,2350125,0.0,0.0
2025-12-11,14.666101785547086,14.716675407861631,14.371093660988484,14.53966999053955,2303550,0.0,0.0
2025-12-12,14.615529169079968,14.758818236313445,14.539670091548444,14.75039005279541,2257762,0.0,0.0
2025-12-15,14.835555076599121,14.95111083984375,14.595555305480957,14.604443550109863,2966512,0.805165,0.0
2025-12-16,14.595555305480957,14.675555229187012,14.435555458068848,14.435555458068848,2684362,0.0,0.0
2025-12-17,14.399999618530273,14.479999542236328,14.186665534973145,14.222222328186035,2646675,0.0,0.0
2025-12-18,14.222222328186035,14.40888786315918,14.20444393157959,14.284443855285645,1854675,0.0,0.0
2025-12-19,14.284443855285645,14.355554580688477,14.20444393157959,14.222222328186035,2208825,0.0,0.0
2025-12-22,14.275554656982422,14.328887939453125,14.15999984741211,14.15999984741211,3323812,0.0,0.0
2025-12-23,14.222222328186035,14.355554580688477,14.177777290344238,14.222222328186035,1786950,0.0,0.0
2025-12-26,14.20444393157959,14.3644437789917,14.04444408416748,14.355554580688477,2312550,0.0,0.0
2025-12-29,14.355554580688477,14.453332901000977,14.30222225189209,14.34666633605957,1566562,0.0,0.0
2025-12-30,14.444443702697754,14.471111297607422,14.213333129882812,14.266666412353516,2525400,0.0,0.0
2026-01-02,14.390000343322754,14.800000190734863,14.390000343322754,14.789999961853027,4996500,0.0,1.125
2026-01-05,14.819999694824219,14.819999694824219,14.600000381469727,14.640000343322754,2271800,0.0,0.0
2026-01-06,14.640000343322754,14.739999771118164,14.479999542236328,14.65999984741211,4666000,0.0,0.0
2026-01-07,14.65999984741211,14.739999771118164,14.3100004196167,14.359999656677246,2198900,0.0,0.0
2026-01-08,14.399999618530273,14.579999923706055,14.3100004196167,14.449999809265137,2143600,0.0,0.0
2026-01-09,14.520000457763672,14.65999984741211,14.449999809265137,14.579999923706055,3056300,0.0,0.0
2026-01-12,14.569999694824219,15.069999694824219,14.529999732971191,15.050000190734863,5291800,0.0,0.0
2026-01-13,15.050000190734863,15.09000015258789,14.899999618530273,15.0600004196167,2515400,0.0,0.0
2026-01-14,15.199999809265137,15.300000190734863,14.989999771118164,15.229999542236328,2812400,0.0,0.0
2026-01-15,15.229999542236328,15.59000015258789,15.149999618530273,15.4399995803833,2390000,0.0,0.0
2026-01-16,15.4399995803833,15.5,15.079999923706055,15.220000267028809,1803400,0.0,0.0
2026-01-19,15.270000457763672,15.279999732971191,15.039999961853027,15.050000190734863,997500,0.0,0.0
2026-01-20,15.010000228881836,15.1899995803833,14.970000267028809,15.149999618530273,1059300,0.0,0.0
2026-01-21,15.210000038146973,15.550000190734863,15.15999984741211,15.479999542236328,1594200,0.0,0.0
2026-01-22,15.5600004196167,15.729999542236328,15.449999809265137,15.5600004196167,2485800,0.0,0.0
2026-01-23,15.640000343322754,16.100000381469727,15.479999542236328,15.899999618530273,2042400,0.0,0.0
2026-01-26,15.949999809265137,16.06999969482422,15.84000015258789,16.020000457763672,1809800,0.0,0.0
2026-01-27,16.1299991607666,16.299999237060547,16.010000228881836,16.200000762939453,1626100,0.0,0.0
2026-01-28,16.25,16.350000381469727,15.8100004196167,15.979999542236328,3102200,0.0,0.0
2026-01-29,16.100000381469727,16.139999389648438,15.5,15.819999694824219,4889600,0.0,0.0
2026-01-30,15.819999694824219,16.110000610351562,15.75,16.049999237060547,2553300,0.0,0.0
2026-02-02,16.1299991607666,16.1299991607666,15.75,15.9399995803833,1770100,0.0,0.0
2026-02-03,15.979999542236328,16.40999984741211,15.979999542236328,16.209999084472656,1638100,0.0,0.0
2026-02-04,16.139999389648438,16.139999389648438,15.640000343322754,15.789999961853027,2356700,0.0,0.0
2026-02-05,15.739999771118164,15.84000015258789,15.59000015258789,15.59000015258789,1845100,0.0,0.0
2026-02-06,15.600000381469727,15.680000305175781,15.470000267028809,15.470000267028809,1594900,0.0,0.0
2026-02-09,15.539999961853027,15.90999984741211,15.529999732971191,15.819999694824219,2104700,0.0,0.0
2026-02-10,15.819999694824219,15.979999542236328,15.779999732971191,15.789999961853027,1319400,0.0,0.0
2026-02-11,15.869999885559082,16.18000030517578,15.850000381469727,16.049999237060547,2694500,0.0,0.0
2026-02-12,16.06999969482422,16.219999313354492,15.880000114440918,15.880000114440918,2818300,0.0,0.0
2026-02-13,15.8100004196167,15.930000305175781,15.579999923706055,15.890000343322754,2249900,0.0,0.0
2026-02-18,15.880000114440918,16.049999237060547,15.75,15.84000015258789,1801900,0.0,0.0
2026-02-19,15.84000015258789,16.200000762939453,15.779999732971191,16.149999618530273,1659400,0.0,0.0
2026-02-20,16.049999237060547,16.309999465942383,15.949999809265137,16.270000457763672,1806100,0.0,0.0
2026-02-23,16.190000534057617,16.31999969482422,16.020000457763672,16.09000015258789,1897700,0.0,0.0
2026-02-24,16.170000076293945,16.34000015258789,15.979999542236328,16.34000015258789,1515200,0.0,0.0
2026-02-25,16.3799991607666,16.530000686645508,16.149999618530273,16.530000686645508,1783000,0.0,0.0
2026-02-26,16.610000610351562,16.940000534057617,16.450000762939453,16.6200008392334,2072500,0.0,0.0
2026-02-27,16.559999465942383,16.639999389648438,16.399999618530273,16.479999542236328,2311300,0.0,0.0
2026-03-02,16.350000381469727,16.809999465942383,16.190000534057617,16.639999389648438,2412200,0.0,0.0
2026-03-03,16.3799991607666,16.40999984741211,16.1200008392334,16.229999542236328,2166000,0.0,0.0
2026-03-04,16.329999923706055,16.450000762939453,16.15999984741211,16.309999465942383,1653000,0.0,0.0
2026-03-05,16.229999542236328,16.350000381469727,16.049999237060547,16.209999084472656,2540300,0.0,0.0
2026-03-06,16.209999084472656,16.579999923706055,16.15999984741211,16.389999389648438,2551900,0.0,0.0
2026-03-09,16.389999389648438,16.989999771118164,16.290000915527344,16.75,5565400,0.0,0.0
2026-03-10,16.84000015258789,17.110000610351562,16.610000610351562,16.959999084472656,2307000,0.0,0.0
2026-03-11,16.950000762939453,17.079999923706055,16.6200008392334,16.829999923706055,2633800,0.0,0.0
2026-03-12,16.610000610351562,17.610000610351562,16.610000610351562,17.559999465942383,7283300,0.0,0.0
2026-03-13,17.559999465942383,18.260000228881836,17.510000228881836,18.0,5429000,0.0,0.0
2026-03-16,18.1299991607666,18.530000686645508,18.09000015258789,18.09000015258789,2807500,0.0,0.0
2026-03-17,18.040000915527344,18.360000610351562,17.799999237060547,18.31999969482422,2709700,0.0,0.0
2026-03-18,18.239999771118164,18.299999237060547,17.969999313354492,18.010000228881836,2262600,0.0,0.0
2026-03-19,17.90999984741211,18.280000686645508,17.760000228881836,18.209999084472656,2832500,0.0,0.0
2026-03-20,18.209999084472656,18.479999542236328,17.84000015258789,18.209999084472656,5853400,0.0,0.0
2026-03-23,18.25,18.290000915527344,17.709999084472656,18.25,3181400,0.0,0.0
2026-03-24,18.25,18.479999542236328,18.1200008392334,18.479999542236328,2027500,0.0,0.0
2026-03-25,18.489999771118164,18.549999237060547,18.25,18.520000457763672,1826200,0.0,0.0
2026-03-26,18.399999618530273,18.68000030517578,18.31999969482422,18.3700008392334,2271500,0.0,0.0
2026-03-27,18.389999389648438,18.889999389648438,18.219999313354492,18.639999389648438,3376100,0.0,0.0
2026-03-30,18.65999984741211,18.84000015258789,18.530000686645508,18.579999923706055,1781000,0.0,0.0
2026-03-31,18.700000762939453,18.889999389648438,18.450000762939453,18.709999084472656,2809100,0.0,0.0
2026-04-01,18.670000076293945,18.68000030517578,17.809999465942383,18.170000076293945,5986400,0.0,0.0
2026-04-02,18.1200008392334,18.690000534057617,18.030000686645508,18.469999313354492,3674700,0.0,0.0
2026-04-06,18.510000228881836,18.68000030517578,18.299999237060547,18.3799991607666,2109500,0.0,0.0
2026-04-07,18.40999984741211,18.420000076293945,17.309999465942383,17.709999084472656,5509800,0.0,0.0
2026-04-08,17.850000381469727,18.520000457763672,17.489999771118164,18.209999084472656,5521500,0.0,0.0
2026-04-09,18.209999084472656,18.690000534057617,18.1200008392334,18.610000610351562,2125100,0.0,0.0
2026-04-10,18.690000534057617,18.979999542236328,18.6200008392334,18.809999465942383,2078900,0.0,0.0
2026-04-13,18.93000030517578,19.139999389648438,18.75,19.100000381469727,2541700,0.0,0.0
2026-04-14,19.190000534057617,19.479999542236328,19.06999969482422,19.31999969482422,4039500,0.0,0.0
2026-04-15,19.299999237060547,19.3799991607666,18.209999084472656,18.350000381469727,4594200,0.0,0.0
2026-04-16,18.350000381469727,18.540000915527344,18.0,18.100000381469727,3880500,0.0,0.0
2026-04-17,18.270000457763672,18.270000457763672,17.649999618530273,17.739999771118164,4092000,0.0,0.0
2026-04-20,17.84000015258789,18.0,17.770000457763672,17.850000381469727,3403200,0.0,0.0
2026-04-22,17.84000015258789,18.110000610351562,17.610000610351562,17.68000030517578,2441600,0.0,0.0
2026-04-23,17.700000762939453,17.700000762939453,17.290000915527344,17.530000686645508,2585800,0.0,0.0
2026-04-24,17.530000686645508,17.540000915527344,17.25,17.3700008392334,2038000,0.0,0.0
2026-04-27,17.15999984741211,17.559999465942383,17.15999984741211,17.239999771118164,1555000,0.0,0.0
2026-04-28,17.18000030517578,17.18000030517578,16.84000015258789,16.850000381469727,3058000,0.0,0.0
2026-04-29,16.850000381469727,17.010000228881836,16.729999542236328,16.979999542236328,5697700,0.0,0.0
2026-04-30,17.06999969482422,17.15999984741211,16.90999984741211,17.0,8971200,0.0,0.0
2026-05-04,17.020000457763672,17.479999542236328,16.950000762939453,17.329999923706055,7156600,0.0,0.0
2026-05-05,17.239999771118164,17.479999542236328,17.229999542236328,17.3700008392334,1575400,0.0,0.0
2026-05-06,17.459999084472656,17.56999969482422,17.200000762939453,17.549999237060547,1510000,0.0,0.0
2026-05-07,17.549999237060547,17.59000015258789,17.239999771118164,17.40999984741211,1736600,0.0,0.0
2026-05-08,17.520000457763672,17.520000457763672,17.270000457763672,17.329999923706055,1500600,0.0,0.0
2026-05-11,17.299999237060547,17.489999771118164,17.18000030517578,17.389999389648438,1843100,0.0,0.0
2026-05-12,17.31999969482422,17.700000762939453,17.270000457763672,17.450000762939453,2391700,0.0,0.0
2026-05-13,17.450000762939453,17.920000076293945,17.329999923706055,17.6200008392334,5286900,0.0,0.0
2026-05-14,17.360000610351562,17.700000762939453,16.649999618530273,17.34000015258789,6232900,0.0,0.0
2026-05-15,17.09000015258789,17.6200008392334,16.8700008392334,17.190000534057617,5653200,0.0,0.0
2026-05-18,17.229999542236328,17.3700008392334,16.8700008392334,17.280000686645508,2140100,0.0,0.0
2026-05-19,17.299999237060547,17.299999237060547,16.790000915527344,16.790000915527344,1448300,0.0,0.0
2026-05-20,16.8700008392334,16.8700008392334,16.350000381469727,16.520000457763672,3046000,0.0,0.0
2026-05-21,16.469999313354492,16.600000381469727,16.329999923706055,16.5,1566400,0.0,0.0
2026-05-22,16.399999618530273,16.40999984741211,15.869999885559082,16.06999969482422,2494200,0.0,0.0
2026-05-25,16.1299991607666,16.25,16.040000915527344,16.219999313354492,1230100,0.0,0.0
2026-05-26,16.209999084472656,16.25,16.049999237060547,16.1299991607666,1292500,0.0,0.0
2026-05-27,16.200000762939453,16.219999313354492,15.890000343322754,15.890000343322754,1783300,0.0,0.0
2026-05-28,15.899999618530273,15.979999542236328,15.65999984741211,15.899999618530273,2346700,0.0,0.0
2026-05-29,15.5,15.800000190734863,15.399999618530273,15.5,4660400,0.0,0.0
2026-06-01,15.539999961853027,15.539999961853027,15.109999656677246,15.210000038146973,4340400,0.0,0.0
2026-06-02,15.289999961853027,15.4399995803833,15.229999542236328,15.289999961853027,2029600,0.0,0.0
2026-06-03,15.199999809265137,15.319999694824219,14.970000267028809,14.979999542236328,6068300,0.0,0.0
2026-06-05,15.0,15.0600004196167,14.65999984741211,14.8100004196167,3607400,0.0,0.0
2026-06-08,14.829999923706055,14.890000343322754,14.449999809265137,14.449999809265137,2949000,0.0,0.0
2026-06-09,14.5,14.670000076293945,14.430000305175781,14.5600004196167,2941700,0.0,0.0
2026-06-10,14.5,14.960000038146973,14.5,14.890000343322754,4034700,0.0,0.0
2026-06-11,14.869999885559082,14.869999885559082,14.380000114440918,14.680000305175781,5165300,0.0,0.0
2026-06-12,14.619999885559082,14.760000228881836,14.239999771118164,14.25,3412300,0.0,0.0
2026-06-15,14.34000015258789,14.539999961853027,14.119999885559082,14.119999885559082,4153100,0.0,0.0
2026-06-16,14.220000267028809,14.25,14.0,14.039999961853027,2377800,0.0,0.0
2026-06-17,14.119999885559082,14.119999885559082,13.75,13.75,2542300,0.0,0.0
2026-06-18,13.770000457763672,13.800000190734863,13.539999961853027,13.539999961853027,3617900,0.0,0.0
2026-06-19,13.579999923706055,13.6899995803833,13.520000457763672,13.600000381469727,1713200,0.0,0.0
2026-06-22,13.649999618530273,13.649999618530273,13.380000114440918,13.420000076293945,3354600,0.0,0.0
2026-06-23,13.399999618530273,13.609999656677246,13.3100004196167,13.460000038146973,3846100,0.0,0.0
2026-06-24,13.449999809265137,13.59000015258789,13.319999694824219,13.369999885559082,3075300,0.0,0.0
2026-06-25,13.449999809265137,13.569999694824219,13.300000190734863,13.300000190734863,2914500,0.0,0.0
2026-06-26,13.420000076293945,13.569999694824219,13.15999984741211,13.170000076293945,4964900,0.0,0.0
2026-06-29,13.149999618530273,13.149999618530273,12.729999542236328,13.010000228881836,4542300,0.0,0.0
2026-06-30,12.960000038146973,12.989999771118164,12.65999984741211,12.899999618530273,3900600,0.0,0.0
2026-07-01,12.789999961853027,13.010000228881836,12.579999923706055,12.649999618530273,6715000,0.0,0.0
2026-07-02,12.710000038146973,12.890000343322754,12.600000381469727,12.619999885559082,2908800,0.0,0.0
2026-07-03,12.649999618530273,12.979999542236328,12.600000381469727,12.8100004196167,1831600,0.0,0.0
2026-07-06,12.720000267028809,12.829999923706055,12.609999656677246,12.800000190734863,2609500,0.0,0.0
2026-07-07,12.869999885559082,13.430000305175781,12.8100004196167,13.15999984741211,5001300,0.0,0.0
2026-07-08,13.170000076293945,13.319999694824219,13.050000190734863,13.210000038146973,5345000,0.0,0.0
2026-07-09,13.399999618530273,13.880000114440918,13.34000015258789,13.789999961853027,5062200,0.0,0.0
2026-07-10,13.989999771118164,14.100000381469727,13.800000190734863,14.020000457763672,3742200,0.0,0.0
2026-07-13,14.0,14.25,13.850000381469727,13.869999885559082,3437500,0.0,0.0
2026-07-14,13.930000305175781,14.069999694824219,13.649999618530273,13.8100004196167,2065800,0.0,0.0
2026-07-15,13.829999923706055,13.880000114440918,13.40999984741211,13.5,3275300,0.0,0.0
2026-07-16,13.529999732971191,13.710000038146973,13.4399995803833,13.609999656677246,1732000,0.0,0.0
2026-07-17,13.649999618530273,13.680000305175781,13.449999809265137,13.529999732971191,1607200,0.0,0.0
2026-07-20,13.539999961853027,13.680000305175781,13.479999542236328,13.569999694824219,1133200,0.0,0.0
2026-07-21,13.640000343322754,13.760000228881836,13.539999961853027,13.75,1787800,0.0,0.0
2026-07-22,13.789999961853027,14.010000228881836,13.710000038146973,13.960000038146973,4320200,0.0,0.0
2026-07-23,13.90999984741211,14.0600004196167,13.6899995803833,13.770000457763672,2339800,0.0,0.0
2026-07-24,13.699999809265137,13.800000190734863,13.630000114440918,13.640000343322754,1439100,0.0,0.0
2026-07-27,13.720000267028809,13.729999542236328,13.329999923706055,13.380000114440918,2466800,0.0,0.0
2026-07-28,13.569999694824219,13.649999618530273,13.149999618530273,13.15999984741211,2745200,0.0,0.0
2026-07-29,13.15999984741211,13.300000190734863,13.0600004196167,13.09000015258789,1817600,0.0,0.0
2026-07-30,13.100000381469727,13.359999656677246,13.039999961853027,13.260000228881836,2023400,0.0,0.0
2026-07-31,13.359999656677246,13.539999961853027,13.3100004196167,13.380000114440918,1480100,0.0,0.0
2026-08-03,13.550000190734863,13.5600004196167,13.210000038146973,13.350000381469727,2843700,0.0,0.0
2026-08-04,13.5600004196167,13.779999732971191,13.40999984741211,13.569999694824219,2531000,0.0,0.0
2026-08-05,13.649999618530273,13.770000457763672,13.510000228881836,13.510000228881836,1366300,0.0,0.0
2026-08-06,13.510000228881836,13.579999923706055,13.210000038146973,13.210000038146973,1531000,0.0,0.0
2026-08-07,13.289999961853027,13.359999656677246,13.170000076293945,13.220000267028809,1046300,0.0,0.0
2026-08-10,13.220000267028809,13.420000076293945,13.15999984741211,13.369999885559082,2042000,0.0,0.0
2026-08-11,13.289999961853027,13.460000038146973,13.229999542236328,13.300000190734863,2165800,0.0,0.0
2026-08-12,13.329999923706055,13.420000076293945,13.199999809265137,13.229999542236328,2178400,0.0,0.0
2026-08-13,13.600000381469727,13.859999656677246,13.0,13.329999923706055,5378200,0.0,0.0
2026-08-14,13.25,13.579999923706055,13.109999656677246,13.359999656677246,3743700,0.0,0.0
2026-08-17,13.369999885559082,13.779999732971191,13.329999923706055,13.739999771118164,2052100,0.0,0.0
2026-08-18,13.75,14.109999656677246,13.739999771118164,13.739999771118164,2264700,0.0,0.0
2026-08-19,13.859999656677246,14.359999656677246,13.850000381469727,14.329999923706055,3553800,0.0,0.0
2026-08-20,14.609999656677246,15.199999809265137,14.369999885559082,15.149999618530273,7529000,0.0,0.0
2026-08-21,15.199999809265137,15.890000343322754,15.170000076293945,15.890000343322754,5486000,0.0,0.0
2026-08-24,15.8100004196167,15.979999542236328,15.579999923706055,15.739999771118164,2717700,0.0,0.0
2026-08-25,15.720000267028809,15.930000305175781,15.520000457763672,15.90999984741211,1984600,0.0,0.0
2026-08-26,15.989999771118164,16.31999969482422,15.84000015258789,16.290000915527344,2302500,0.0,0.0
2026-08-27,16.290000915527344,16.290000915527344,15.890000343322754,16.010000228881836,3236000,0.0,0.0
2026-08-28,16.010000228881836,16.030000686645508,15.579999923706055,15.770000457763672,2353200,0.0,0.0
2026-08-31,15.899999618530273,16.260000228881836,15.600000381469727,16.06999969482422,4822600,0.0,0.0
2026-09-01,16.110000610351562,16.459999084472656,16.040000915527344,16.309999465942383,3181400,0.0,0.0
2026-09-02,16.3700008392334,16.420000076293945,16.049999237060547,16.3799991607666,3620000,0.0,0.0
2026-09-03,16.40999984741211,16.579999923706055,16.209999084472656,16.489999771118164,2693600,0.0,0.0
2026-09-04,16.399999618530273,16.81999969482422,16.309999465942383,16.40999984741211,8677200,0.0,0.0
2026-09-08,16.489999771118164,16.90999984741211,16.479999542236328,16.850000381469727,2797400,0.0,0.0
2026-09-09,17.059999465942383,18.329999923706055,16.979999542236328,17.8799991607666,8937200,0.0,0.0
2026-09-10,18.030000686645508,18.700000762939453,17.809999465942383,18.43000030517578,6986000,0.0,0.0
2026-09-11,18.3799991607666,18.420000076293945,17.940000534057617,17.940000534057617,3702900,0.0,0.0
2026-09-14,17.8700008392334,17.979999542236328,17.350000381469727,17.350000381469727,4531200,0.0,0.0
2026-09-15,17.309999465942383,18.200000762939453,17.270000457763672,17.969999313354492,3613300,0.0,0.0
2026-09-16,17.899999618530273,18.09000015258789,17.559999465942383,17.75,2203400,0.0,0.0
2026-09-17,17.75,17.959999084472656,17.520000457763672,17.959999084472656,1724300,0.0,0.0
2026-09-18,17.950000762939453,17.989999771118164,17.389999389648438,17.68000030517578,3877300,0.0,0.0
2026-09-21,17.68000030517578,17.739999771118164,17.43000030517578,17.559999465942383,1307100,0.0,0.0
2026-09-22,17.489999771118164,18.0,17.399999618530273,17.989999771118164,2442300,0.0,0.0
2026-09-23,17.899999618530273,17.959999084472656,17.6200008392334,17.6200008392334,1790500,0.0,0.0
2026-09-24,17.56999969482422,17.670000076293945,17.18000030517578,17.18000030517578,1409600,0.0,0.0
2026-09-25,17.18000030517578,17.729999542236328,17.15999984741211,17.290000915527344,1733800,0.0,0.0
2026-09-28,17.309999465942383,17.329999923706055,16.809999465942383,16.860000610351562,1410100,0.0,0.0
