Date,Open,High,Low,Close,Volume,Dividends,Stock splits
2020-09-17,117.75,117.98999786376953,116.25,117.98999786376953,108320,0.0,0.0
2020-09-18,116.69999694824219,117.80999755859375,114.7300033569336,115.0,347030,0.0,0.0
2020-09-21,113.01000213623047,113.48999786376953,111.68000030517578,113.0199966430664,251090,0.0,0.0
2020-09-22,113.0199966430664,113.98999786376953,112.0999984741211,113.58999633789062,382430,0.0,0.0
2020-09-23,114.0,114.80000305175781,112.12999725341797,112.4000015258789,202090,0.0,0.0
2020-09-24,112.41000366210938,115.0,111.80999755859375,113.87000274658203,109260,0.0,0.0
2020-09-25,113.08999633789062,113.75,112.22000122070312,113.1500015258789,364170,0.0,0.0
2020-09-28,114.48999786376953,115.31999969482422,109.94000244140625,110.30999755859375,247690,0.0,0.0
2020-09-29,110.01000213623047,111.05000305175781,108.8499984741211,108.8499984741211,328714,0.0,0.0
2020-09-30,109.33000183105469,110.87999725341797,109.33000183105469,110.3499984741211,134037,0.0,0.0
2020-10-01,110.51000213623047,113.2300033569336,110.30999755859375,113.0,145906,0.0,0.0
2020-10-02,113.61000061035156,113.61000061035156,111.01000213623047,111.51000213623047,228752,0.0,0.0
2020-10-05,112.0,113.25,111.22000122070312,112.8499984741211,318128,0.0,0.0
2020-10-06,113.5,114.79000091552734,112.12999725341797,112.55000305175781,134308,0.0,0.0
2020-10-07,113.25,113.44999694824219,111.36000061035156,112.0,173603,0.0,0.0
2020-10-08,112.01000213623047,114.31999969482422,112.01000213623047,114.0999984741211,119019,0.0,0.0
2020-10-09,114.0999984741211,116.05000305175781,113.37999725341797,114.41999816894531,134223,0.0,0.0
2020-10-13,114.7300033569336,115.83000183105469,114.04000091552734,114.62000274658203,150624,0.0,0.0
2020-10-14,114.69999694824219,116.20999908447266,114.69999694824219,115.69999694824219,256863,0.0,0.0
2020-10-15,114.94999694824219,116.6500015258789,114.06999969482422,116.29000091552734,734987,0.0,0.0
2020-10-16,116.08999633789062,116.54000091552734,115.4000015258789,115.4000015258789,173500,0.0,0.0
2020-10-19,116.0,117.86000061035156,115.33000183105469,116.0,570085,0.0,0.0
2020-10-20,117.0,117.86000061035156,116.19000244140625,117.5,87007,0.0,0.0
2020-10-21,117.5,118.62999725341797,117.11000061035156,117.75,522550,0.0,0.0
2020-10-22,118.0,118.5,117.18000030517578,117.69999694824219,186869,0.0,0.0
2020-10-23,118.1500015258789,118.79000091552734,117.44999694824219,117.75,854106,0.0,0.0
2020-10-26,117.75,118.26000213623047,115.51000213623047,116.44000244140625,79446,0.0,0.0
2020-10-27,116.8499984741211,117.29000091552734,115.5,115.5,43206,0.0,0.0
2020-10-28,112.02999877929688,113.31999969482422,109.69999694824219,109.69999694824219,175102,0.0,0.0
2020-10-29,109.73999786376953,110.9800033569336,106.81999969482422,110.48999786376953,265132,0.0,0.0
2020-10-30,110.05999755859375,110.48999786376953,107.22000122070312,107.80000305175781,239291,0.0,0.0
2020-11-03,109.94999694824219,111.04000091552734,108.52999877929688,109.9800033569336,214175,0.0,0.0
2020-11-04,110.5,112.80000305175781,109.86000061035156,112.0,201707,0.0,0.0
2020-11-05,113.19999694824219,116.44000244140625,113.19999694824219,115.9000015258789,385355,0.0,0.0
2020-11-06,115.29000091552734,118.12999725341797,114.12000274658203,117.51000213623047,187832,0.0,0.0
2020-11-09,120.0199966430664,121.98999786376953,119.61000061035156,120.0,428874,0.0,0.0
2020-11-10,120.0,121.4000015258789,119.16999816894531,119.16999816894531,256096,0.0,0.0
2020-11-11,119.16999816894531,119.83000183105469,117.80000305175781,119.0,364184,0.0,0.0
2020-11-12,118.69999694824219,119.30000305175781,115.30000305175781,115.4000015258789,256871,0.0,0.0
2020-11-13,115.69999694824219,119.8499984741211,115.69999694824219,119.0,185329,0.0,0.0
2020-11-16,121.0,121.33000183105469,118.93000030517578,120.87999725341797,177422,0.0,0.0
2020-11-17,120.87999725341797,122.4000015258789,120.33999633789062,121.5999984741211,170519,0.0,0.0
2020-11-18,121.77999877929688,122.94000244140625,120.61000061035156,120.61000061035156,162153,0.0,0.0
2020-11-19,120.5999984741211,122.69999694824219,120.58999633789062,121.86000061035156,221960,0.0,0.0
2020-11-23,123.0,123.79000091552734,122.30999755859375,123.79000091552734,244356,0.0,0.0
2020-11-24,123.79000091552734,125.62000274658203,122.68000030517578,124.73999786376953,278249,0.0,0.0
2020-11-25,124.75,126.93000030517578,123.87999725341797,126.9000015258789,264693,0.0,0.0
2020-11-26,126.38999938964844,127.77999877929688,125.61000061035156,127.5,174977,0.0,0.0
2020-11-27,127.80999755859375,128.72999572753906,127.30999755859375,128.3000030517578,120563,0.0,0.0
2020-11-30,128.1999969482422,129.35000610351562,126.01000213623047,126.69999694824219,223333,0.0,0.0
2020-12-01,127.29000091552734,129.0,127.29000091552734,129.0,186150,0.0,0.0
2020-12-02,128.75999450683594,129.75999450683594,128.3699951171875,129.3000030517578,122561,0.0,0.0
2020-12-03,129.99000549316406,132.64999389648438,129.47000122070312,131.3000030517578,140777,0.0,0.0
2020-12-04,132.11000061035156,133.0,130.8800048828125,131.5,125780,0.0,0.0
2020-12-07,131.77000427246094,133.0,130.66000366210938,132.07000732421875,226393,0.0,0.0
2020-12-08,131.89999389648438,132.85000610351562,130.50999450683594,131.8300018310547,187984,0.0,0.0
2020-12-09,131.85000610351562,132.88999938964844,129.97999572753906,130.0,191638,0.0,0.0
2020-12-10,130.39999389648438,132.5399932861328,128.32000732421875,131.5,396632,0.0,0.0
2020-12-11,131.49000549316406,133.0399932861328,130.11000061035156,132.3000030517578,287939,0.0,0.0
2020-12-14,132.5800018310547,133.88999938964844,132.25,132.3000030517578,314647,0.0,0.0
2020-12-15,132.3000030517578,133.63999938964844,132.1999969482422,132.4600067138672,369652,0.0,0.0
2020-12-16,133.1300048828125,134.5,131.72999572753906,134.39999389648438,251217,0.0,0.0
2020-12-17,135.0,135.44000244140625,133.52999877929688,133.88999938964844,256785,0.0,0.0
2020-12-18,133.88999938964844,135.35000610351562,133.0800018310547,133.10000610351562,367817,0.0,0.0
2020-12-21,130.0,132.69000244140625,128.7100067138672,130.97000122070312,381714,0.0,0.0
2020-12-22,131.10000610351562,132.99000549316406,130.02000427246094,130.4499969482422,361245,0.0,0.0
2020-12-23,130.10000610351562,133.02999877929688,130.10000610351562,132.50999450683594,706440,0.0,0.0
2020-12-28,134.10000610351562,134.8699951171875,132.97000122070312,134.0,226384,0.0,0.0
2020-12-29,135.0,135.35000610351562,134.14999389648438,135.0,143094,0.0,0.0
2020-12-30,135.0,135.9499969482422,134.82000732421875,135.3000030517578,339567,0.0,0.0
2021-01-04,136.99000549316406,137.0,133.2100067138672,134.0,348531,0.0,0.0
2021-01-05,133.5,134.75999450683594,131.10000610351562,133.6999969482422,504344,0.0,0.0
2021-01-06,133.6999969482422,134.3000030517578,131.0,131.05999755859375,383041,0.0,0.0
2021-01-07,131.60000610351562,132.69000244140625,130.80999755859375,130.9499969482422,1925395,0.0,0.0
2021-01-08,131.14999389648438,135.3300018310547,131.14999389648438,132.52999877929688,464525,0.0,0.0
2021-01-11,132.5,135.35000610351562,132.00999450683594,133.39999389648438,875239,0.0,0.0
2021-01-12,133.4600067138672,136.5,133.4600067138672,136.5,1399456,0.0,0.0
2021-01-13,136.5,136.64999389648438,134.60000610351562,136.44000244140625,762680,0.0,0.0
2021-01-14,136.9499969482422,139.47000122070312,136.67999267578125,139.47000122070312,251827,0.0,0.0
2021-01-15,137.85000610351562,138.1199951171875,136.0,136.5,101161,0.0,0.0
2021-01-18,137.00999450683594,138.85000610351562,136.07000732421875,136.3000030517578,198936,0.0,0.0
2021-01-19,137.75,137.75,134.13999938964844,135.3000030517578,182750,0.0,0.0
2021-01-20,136.0,136.0,133.32000732421875,134.3000030517578,181590,0.0,0.0
2021-01-21,134.1999969482422,134.99000549316406,131.92999267578125,132.60000610351562,153793,0.0,0.0
2021-01-22,131.69000244140625,131.89999389648438,128.0,131.89999389648438,159203,0.0,0.0
2021-01-26,131.25,132.8300018310547,129.0,129.0,332492,0.0,0.0
2021-01-27,128.99000549316406,131.9499969482422,128.3300018310547,129.33999633789062,921135,0.0,0.0
2021-01-28,129.69000244140625,134.4499969482422,128.75,134.1999969482422,1255645,0.0,0.0
2021-01-29,133.6699981689453,134.91000366210938,130.0,130.0,241640,0.0,0.0
2021-02-01,132.85000610351562,134.39999389648438,131.16000366210938,134.39999389648438,189216,0.0,0.0
2021-02-02,135.0800018310547,137.7899932861328,135.0800018310547,136.47000122070312,802122,0.0,0.0
2021-02-03,137.0399932861328,138.39999389648438,136.47000122070312,138.07000732421875,415690,0.0,0.0
2021-02-04,138.38999938964844,138.9600067138672,136.83999633789062,137.27999877929688,436801,0.0,0.0
2021-02-05,137.3000030517578,138.72999572753906,137.27999877929688,137.61000061035156,130565,0.0,0.0
2021-02-08,137.7899932861328,139.88999938964844,137.00999450683594,137.99000549316406,96026,0.0,0.0
2021-02-09,138.1199951171875,138.85000610351562,136.89999389648438,137.47000122070312,56273,0.0,0.0
2021-02-10,137.47999572753906,137.88999938964844,134.41000366210938,134.6199951171875,108099,0.0,0.0
2021-02-11,135.2899932861328,136.86000061035156,134.8000030517578,135.0,111246,0.0,0.0
2021-02-12,135.10000610351562,136.25,134.52000427246094,135.60000610351562,162303,0.0,0.0
2021-02-17,137.0,137.97999572753906,134.7899932861328,136.39999389648438,58968,0.0,0.0
2021-02-18,136.0500030517578,137.32000732421875,135.0500030517578,135.39999389648438,44719,0.0,0.0
2021-02-19,135.0,136.0500030517578,134.41000366210938,136.0,61057,0.0,0.0
2021-02-22,130.60000610351562,133.97000122070312,128.10000610351562,132.0,483873,0.0,0.0
2021-02-23,133.8300018310547,133.8300018310547,130.8699951171875,132.99000549316406,128687,0.0,0.0
2021-02-24,133.8000030517578,135.14999389648438,133.1300048828125,133.99000549316406,138824,0.0,0.0
2021-02-25,134.64999389648438,135.27000427246094,129.47000122070312,130.4499969482422,140855,0.0,0.0
2021-02-26,129.6199951171875,132.10000610351562,127.16000366210938,127.16000366210938,266593,0.0,0.0
2021-03-01,129.0,129.99000549316406,126.80000305175781,126.80000305175781,121634,0.0,0.0
2021-03-02,126.94999694824219,128.10000610351562,123.30000305175781,127.48999786376953,515665,0.0,0.0
2021-03-03,127.48999786376953,128.07000732421875,122.29000091552734,127.30000305175781,252127,0.0,0.0
2021-03-04,128.0,130.82000732421875,125.93000030517578,127.55000305175781,498373,0.0,0.0
2021-03-05,127.5,131.9199981689453,126.9800033569336,131.9199981689453,540783,0.0,0.0
2021-03-08,130.0,130.0,123.0999984741211,123.0999984741211,280682,0.0,0.0
2021-03-09,124.58999633789062,125.68000030517578,123.12000274658203,124.5,284795,0.0,0.0
2021-03-10,124.5,127.1500015258789,123.05000305175781,126.5,473827,0.0,0.0
2021-03-11,127.4800033569336,131.0,126.80000305175781,130.49000549316406,390736,0.0,0.0
2021-03-12,131.24765014648438,131.24765014648438,131.24765014648438,131.24765014648438,0,0.0,0.0
2021-03-15,132.6710968017578,132.6710968017578,132.6710968017578,132.6710968017578,0,0.0,0.0
2021-03-16,131.2344207763672,131.2344207763672,131.2344207763672,131.2344207763672,0,0.0,0.0
2021-03-17,134.45010375976562,134.45010375976562,134.45010375976562,134.45010375976562,0,0.0,0.0
2021-03-18,130.7969970703125,130.7969970703125,130.7969970703125,130.7969970703125,0,0.0,0.0
2021-03-19,134.01446533203125,134.01446533203125,134.01446533203125,134.01446533203125,0,0.0,0.0
2021-03-22,132.97044372558594,132.97044372558594,132.97044372558594,132.97044372558594,0,0.0,0.0
2021-03-23,131.8132781982422,131.8132781982422,131.8132781982422,131.8132781982422,0,0.0,0.0
2021-03-24,129.3415985107422,129.3415985107422,129.3415985107422,129.3415985107422,0,0.0,0.0
2021-03-25,131.5935821533203,131.5935821533203,131.5935821533203,131.5935821533203,0,0.0,0.0
2021-03-26,131.37684631347656,131.37684631347656,131.37684631347656,131.37684631347656,0,0.0,0.0
2021-03-29,130.68516540527344,130.68516540527344,130.68516540527344,130.68516540527344,0,0.0,0.0
2021-03-30,134.57864379882812,134.57864379882812,134.57864379882812,134.57864379882812,0,0.0,0.0
2021-03-31,134.15423583984375,134.15423583984375,134.15423583984375,134.15423583984375,0,0.0,0.0
2021-04-01,133.06460571289062,133.06460571289062,133.06460571289062,133.06460571289062,0,0.0,0.0
2021-04-05,135.3795928955078,135.3795928955078,135.3795928955078,135.3795928955078,0,0.0,0.0
2021-04-06,137.19395446777344,137.19395446777344,137.19395446777344,137.19395446777344,0,0.0,0.0
2021-04-07,137.0159912109375,137.0159912109375,137.0159912109375,137.0159912109375,0,0.0,0.0
2021-04-08,137.99000549316406,138.89999389648438,137.11000061035156,138.19000244140625,145979,0.0,0.0
2021-04-09,138.0,139.82000732421875,137.42999267578125,138.5,503032,0.0,0.0
2021-04-12,139.60000610351562,140.25,138.50999450683594,140.0,221079,0.0,0.0
2021-04-13,139.50999450683594,140.72999572753906,139.36000061035156,140.07000732421875,79431,0.0,0.0
2021-04-14,140.10000610351562,141.38999938964844,139.44000244140625,140.5,108138,0.0,0.0
2021-04-15,140.77999877929688,141.89999389648438,140.4199981689453,140.91000366210938,534660,0.0,0.0
2021-04-16,140.91000366210938,142.13999938964844,140.57000732421875,141.75,297885,0.0,0.0
2021-04-19,141.8800048828125,143.19000244140625,141.5500030517578,142.3000030517578,785590,0.0,0.0
2021-04-20,141.6999969482422,142.55999755859375,140.3000030517578,140.3000030517578,125407,0.0,0.0
2021-04-22,141.5,142.8699951171875,140.50999450683594,140.50999450683594,541452,0.0,0.0
2021-04-23,141.11000061035156,142.33999633789062,140.86000061035156,141.39999389648438,100782,0.0,0.0
2021-04-26,141.61000061035156,142.7899932861328,141.61000061035156,141.6999969482422,134347,0.0,0.0
2021-04-27,142.00999450683594,142.6300048828125,137.30999755859375,140.41000366210938,394167,0.0,0.0
2021-04-28,141.0,141.72999572753906,140.0399932861328,140.6999969482422,534861,0.0,0.0
2021-04-29,140.6999969482422,142.3699951171875,140.69000244140625,140.8000030517578,214479,0.0,0.0
2021-04-30,140.8000030517578,141.8300018310547,139.83999633789062,140.5,496497,0.0,0.0
2021-05-03,140.75999450683594,141.38999938964844,139.5800018310547,139.89999389648438,80253,0.0,0.0
2021-05-04,139.89999389648438,140.5,138.8800048828125,139.0,254444,0.0,0.0
2021-05-05,139.8000030517578,141.50999450683594,139.63999938964844,140.99000549316406,83527,0.0,0.0
2021-05-06,141.10000610351562,141.4499969482422,139.75,139.89999389648438,150794,0.0,0.0
2021-05-07,141.0,142.89999389648438,140.74000549316406,142.89999389648438,138829,0.0,0.0
2021-05-10,142.99000549316406,143.8000030517578,141.60000610351562,141.83999633789062,178228,0.0,0.0
2021-05-11,141.2100067138672,143.0,139.0399932861328,143.0,226747,0.0,0.0
2021-05-12,141.10000610351562,141.17999267578125,136.8300018310547,137.0,292898,0.0,0.0
2021-05-13,137.8000030517578,139.24000549316406,137.00999450683594,138.10000610351562,222456,0.0,0.0
2021-05-14,139.58999633789062,141.25999450683594,139.00999450683594,140.49000549316406,501065,0.0,0.0
2021-05-17,140.47999572753906,142.77999877929688,140.0500030517578,142.19000244140625,336575,0.0,0.0
2021-05-18,142.3000030517578,143.49000549316406,142.00999450683594,142.6999969482422,104739,0.0,0.0
2021-05-19,141.75,142.92999267578125,141.0500030517578,142.75,110303,0.0,0.0
2021-05-20,142.02000427246094,143.27999877929688,141.7100067138672,143.27999877929688,288178,0.0,0.0
2021-05-21,143.32000732421875,143.3699951171875,141.75999450683594,141.9499969482422,145393,0.0,0.0
2021-05-24,142.64999389648438,143.75,141.88999938964844,143.64999389648438,76827,0.0,0.0
2021-05-25,143.69000244140625,145.32000732421875,143.69000244140625,144.0399932861328,321632,0.0,0.0
2021-05-26,144.5,146.07000732421875,144.5,145.8000030517578,568648,0.0,0.0
2021-05-27,146.0500030517578,148.0,146.0500030517578,147.99000549316406,211101,0.0,0.0
2021-05-28,148.22999572753906,148.3300018310547,146.5,147.9600067138672,629428,0.0,0.0
2021-05-31,147.80999755859375,149.36000061035156,147.63999938964844,149.36000061035156,454291,0.0,0.0
2021-06-01,150.00999450683594,151.35000610351562,149.89999389648438,150.39999389648438,747594,0.0,0.0
2021-06-02,149.9199981689453,151.55999755859375,149.9199981689453,150.99000549316406,149857,0.0,0.0
2021-06-04,151.41000366210938,153.22999572753906,150.8000030517578,153.14999389648438,246961,0.0,0.0
2021-06-07,153.22000122070312,153.75,151.75,152.5,143874,0.0,0.0
2021-06-08,153.0,153.22999572753906,151.3000030517578,152.0,190679,0.0,0.0
2021-06-09,152.3699951171875,152.67999267578125,151.25,151.6699981689453,272784,0.0,0.0
2021-06-10,152.10000610351562,153.1300048828125,151.5,152.99000549316406,275057,0.0,0.0
2021-06-11,153.64999389648438,153.64999389648438,150.3699951171875,151.5,150577,0.0,0.0
2021-06-14,152.5500030517578,154.3000030517578,151.99000549316406,153.6999969482422,184396,0.0,0.0
2021-06-15,153.6999969482422,154.1999969482422,152.88999938964844,153.2100067138672,490396,0.0,0.0
2021-06-16,153.2100067138672,154.38999938964844,151.9499969482422,152.97000122070312,133340,0.0,0.0
2021-06-17,152.92999267578125,153.6300048828125,151.47000122070312,151.8000030517578,101190,0.0,0.0
2021-06-18,152.5,153.0399932861328,151.11000061035156,152.60000610351562,500445,0.0,0.0
2021-06-21,153.14999389648438,154.75,152.50999450683594,154.5,105903,0.0,0.0
2021-06-22,154.5,154.6999969482422,152.36000061035156,153.3000030517578,103218,0.0,0.0
2021-06-23,154.10000610351562,154.64999389648438,152.8000030517578,153.69000244140625,507698,0.0,0.0
2021-06-24,154.00999450683594,154.9499969482422,153.3699951171875,153.39999389648438,163622,0.0,0.0
2021-06-25,153.39999389648438,154.1199951171875,149.89999389648438,151.0,169814,0.0,0.0
2021-06-28,151.1999969482422,152.77000427246094,150.39999389648438,151.3699951171875,118285,0.0,0.0
2021-06-29,151.0,151.8300018310547,148.75,150.66000366210938,633841,0.0,0.0
2021-06-30,150.0,150.80999755859375,149.17999267578125,150.0,773925,0.0,0.0
2021-07-01,150.00999450683594,151.05999755859375,148.52999877929688,149.0,735552,0.0,0.0
2021-07-02,149.5,151.77000427246094,149.5,151.5,678310,0.0,0.0
2021-07-05,151.5,154.4600067138672,150.13999938964844,150.13999938964844,55266,0.0,0.0
2021-07-06,150.13999938964844,151.64999389648438,147.77000427246094,148.14999389648438,180664,0.0,0.0
2021-07-07,149.02999877929688,150.33999633789062,147.52000427246094,148.89999389648438,214774,0.0,0.0
2021-07-08,147.0,147.42999267578125,145.0,146.61000061035156,380684,0.0,0.0
2021-07-12,146.4499969482422,149.67999267578125,146.4499969482422,149.5,96176,0.0,0.0
2021-07-13,148.6300048828125,150.63999938964844,148.50999450683594,150.41000366210938,75203,0.0,0.0
2021-07-14,151.22999572753906,152.02999877929688,150.0,151.60000610351562,136733,0.0,0.0
2021-07-15,151.0,151.6699981689453,149.25,149.75,225533,0.0,0.0
2021-07-16,150.1999969482422,150.85000610351562,148.60000610351562,148.60000610351562,170286,0.0,0.0
2021-07-19,148.0,148.0,145.5399932861328,146.5500030517578,119167,0.0,0.0
2021-07-20,146.89999389648438,148.49000549316406,146.2100067138672,148.0,90126,0.0,0.0
2021-07-21,148.00999450683594,148.9600067138672,147.44000244140625,148.0,137537,0.0,0.0
2021-07-22,148.0,149.5,147.8800048828125,149.25,659651,0.0,0.0
2021-07-23,148.89999389648438,149.52999877929688,147.5,147.7100067138672,172323,0.0,0.0
2021-07-26,147.32000732421875,148.3699951171875,146.92999267578125,147.0,133330,0.0,0.0
2021-07-27,146.88999938964844,147.05999755859375,143.82000732421875,144.22999572753906,395061,0.0,0.0
2021-07-28,144.52000427246094,146.0500030517578,144.3800048828125,145.72999572753906,439556,0.0,0.0
2021-07-29,145.77000427246094,146.5500030517578,145.13999938964844,145.2899932861328,311494,0.0,0.0
2021-07-30,144.69000244140625,144.8800048828125,141.61000061035156,141.8000030517578,418988,0.0,0.0
2021-08-02,143.60000610351562,144.6999969482422,142.61000061035156,142.61000061035156,227725,0.0,0.0
2021-08-03,143.8000030517578,143.8000030517578,139.63999938964844,142.99000549316406,307367,0.0,0.0
2021-08-04,142.67999267578125,143.07000732421875,140.52000427246094,141.0,105694,0.0,0.0
2021-08-05,142.0,142.99000549316406,139.41000366210938,139.58999633789062,246322,0.0,0.0
2021-08-06,139.5,141.22000122070312,139.27000427246094,140.5,335405,0.0,0.0
2021-08-09,139.5,141.9600067138672,139.27000427246094,141.11000061035156,96237,0.0,0.0
2021-08-10,141.7100067138672,142.57000732421875,140.35000610351562,140.35000610351562,77750,0.0,0.0
2021-08-11,140.39999389648438,140.99000549316406,138.82000732421875,139.60000610351562,128037,0.0,0.0
2021-08-12,140.05999755859375,140.05999755859375,137.4199981689453,137.4199981689453,111603,0.0,0.0
2021-08-13,138.0500030517578,139.1300048828125,136.44000244140625,137.25,283378,0.0,0.0
2021-08-16,137.0,137.1199951171875,132.1699981689453,132.1999969482422,429282,0.0,0.0
2021-08-17,131.5,131.5,127.4800033569336,130.10000610351562,1050240,0.0,0.0
2021-08-18,130.52999877929688,135.25999450683594,129.0800018310547,130.27000427246094,1323394,0.0,0.0
2021-08-19,128.22000122070312,133.97999572753906,127.0199966430664,133.5,640515,0.0,0.0
2021-08-20,131.4499969482422,136.1300048828125,131.4499969482422,135.91000366210938,723222,0.0,0.0
2021-08-23,136.49000549316406,136.97999572753906,135.1699981689453,135.89999389648438,649117,0.0,0.0
2021-08-24,137.07000732421875,139.8699951171875,137.0500030517578,139.60000610351562,618373,0.0,0.0
2021-08-25,139.6699981689453,140.63999938964844,138.74000549316406,140.24000549316406,158769,0.0,0.0
2021-08-26,140.60000610351562,140.8800048828125,137.10000610351562,137.10000610351562,486841,0.0,0.0
2021-08-27,138.1999969482422,139.85000610351562,137.61000061035156,139.35000610351562,361447,0.0,0.0
2021-08-30,139.4499969482422,139.63999938964844,137.88999938964844,138.10000610351562,409188,0.0,0.0
2021-08-31,137.97999572753906,139.36000061035156,135.82000732421875,136.3300018310547,265118,0.0,0.0
2021-09-01,136.63999938964844,137.77000427246094,135.89999389648438,135.89999389648438,303524,0.0,0.0
2021-09-02,136.6999969482422,136.6999969482422,133.02999877929688,133.02999877929688,544835,0.0,0.0
2021-09-03,133.8800048828125,134.9600067138672,131.66000366210938,134.0,924080,0.0,0.0
2021-09-06,132.5,134.50999450683594,132.02999877929688,134.13999938964844,225103,0.0,0.0
2021-09-08,134.8000030517578,134.8000030517578,128.39999389648438,128.39999389648438,249702,0.0,0.0
2021-09-09,129.00999450683594,132.0,126.86000061035156,131.1999969482422,469892,0.0,0.0
2021-09-10,132.7100067138672,133.9499969482422,130.32000732421875,130.5,927236,0.0,0.0
2021-09-13,132.10000610351562,134.4600067138672,131.72999572753906,134.14999389648438,213101,0.0,0.0
2021-09-14,135.0,136.0,134.02999877929688,134.75,267327,0.0,0.0
2021-09-15,134.8000030517578,134.82000732421875,132.41000366210938,133.39999389648438,177005,0.0,0.0
2021-09-16,132.89999389648438,133.88999938964844,131.75,132.86000061035156,212263,0.0,0.0
2021-09-17,132.75999450683594,132.75999450683594,130.11000061035156,131.1199951171875,131290,0.0,0.0
2021-09-20,128.05999755859375,128.9499969482422,126.36000061035156,127.30000305175781,422786,0.0,0.0
2021-09-21,128.57000732421875,130.88999938964844,128.14999389648438,130.0,389803,0.0,0.0
2021-09-22,132.44000244140625,133.4499969482422,131.0399932861328,132.25,295924,0.0,0.0
2021-09-23,133.0,134.35000610351562,132.82000732421875,133.10000610351562,180062,0.0,0.0
2021-09-24,132.17999267578125,133.19000244140625,131.1999969482422,132.8000030517578,86589,0.0,0.0
2021-09-27,132.8000030517578,133.13999938964844,130.89999389648438,131.9600067138672,111865,0.0,0.0
2021-09-28,130.5500030517578,131.22000122070312,127.3499984741211,127.5,302043,0.0,0.0
2021-09-29,128.60000610351562,129.27000427246094,127.51000213623047,127.69999694824219,150941,0.0,0.0
2021-09-30,128.11000061035156,129.0399932861328,127.12000274658203,127.4000015258789,146862,0.0,0.0
2021-10-01,128.14999389648438,130.75,127.4000015258789,130.60000610351562,108429,0.0,0.0
2021-10-04,130.5800018310547,131.64999389648438,126.30000305175781,126.30000305175781,264540,0.0,0.0
2021-10-05,127.25,127.69000244140625,125.19000244140625,125.48999786376953,219466,0.0,0.0
2021-10-06,123.63999938964844,124.2699966430664,121.33000183105469,124.0,859382,0.0,0.0
2021-10-07,125.98999786376953,125.98999786376953,123.66000366210938,124.0,236910,0.0,0.0
2021-10-08,125.0,129.32000732421875,124.87999725341797,127.69999694824219,273771,0.0,0.0
2021-10-11,128.85000610351562,129.1199951171875,126.80000305175781,127.3499984741211,519970,0.0,0.0
2021-10-13,127.62000274658203,130.47000122070312,127.30999755859375,129.52000427246094,664257,0.0,0.0
2021-10-14,130.10000610351562,131.02000427246094,128.42999267578125,129.25999450683594,64172,0.0,0.0
2021-10-15,129.99000549316406,131.4499969482422,129.5,130.8000030517578,129446,0.0,0.0
2021-10-18,130.2899932861328,132.35000610351562,128.55999755859375,130.99000549316406,289536,0.0,0.0
2021-10-19,129.86000061035156,130.55999755859375,124.80999755859375,125.19999694824219,319408,0.0,0.0
2021-10-20,126.69999694824219,126.9000015258789,124.0199966430664,125.98999786376953,413040,0.0,0.0
2021-10-21,121.5,124.0,118.3499984741211,119.5,542501,0.0,0.0
2021-10-22,119.01000213623047,119.5,110.27999877929688,116.8499984741211,1050769,0.0,0.0
2021-10-25,118.80000305175781,121.33999633789062,117.5,120.0,1511054,0.0,0.0
2021-10-26,119.0,119.5999984741211,115.5,115.5,301770,0.0,0.0
2021-10-27,116.55000305175781,118.44999694824219,115.87000274658203,116.01000213623047,265597,0.0,0.0
2021-10-28,115.88999938964844,116.80999755859375,113.30000305175781,113.30000305175781,486701,0.0,0.0
2021-10-29,113.75,114.94000244140625,111.19999694824219,111.19999694824219,489278,0.0,0.0
2021-11-01,112.37000274658203,115.4000015258789,112.0,114.69999694824219,676539,0.0,0.0
2021-11-03,114.5999984741211,119.58999633789062,114.05999755859375,118.0999984741211,404547,0.0,0.0
2021-11-04,118.13999938964844,119.9000015258789,115.66000366210938,115.80000305175781,1021196,0.0,0.0
2021-11-05,117.80000305175781,119.77999877929688,116.91000366210938,118.5,348298,0.0,0.0
2021-11-08,118.0,119.22000122070312,116.87000274658203,117.3499984741211,673047,0.0,0.0
2021-11-09,118.08000183105469,120.9000015258789,117.36000061035156,119.25,1331584,0.0,0.0
2021-11-10,119.41000366210938,123.27999877929688,119.37999725341797,120.75,2036381,0.0,0.0
2021-11-11,122.20999908447266,125.97000122070312,121.9800033569336,123.5999984741211,908129,0.0,0.0
2021-11-12,123.48999786376953,125.91999816894531,120.80000305175781,120.80000305175781,433422,0.0,0.0
2021-11-16,121.77999877929688,122.23999786376953,116.44999694824219,116.75,1477704,0.0,0.0
2021-11-17,117.31999969482422,118.5,112.88999938964844,114.23999786376953,1332987,0.0,0.0
2021-11-18,115.44999694824219,117.08999633789062,114.08999633789062,114.9000015258789,655954,0.0,0.0
2021-11-19,114.0999984741211,117.69999694824219,114.0999984741211,115.4000015258789,1156432,0.0,0.0
2021-11-22,115.9000015258789,117.9000015258789,112.66000366210938,114.0,606907,0.0,0.0
2021-11-23,114.0,114.08000183105469,110.9800033569336,113.0,1551683,0.0,0.0
2021-11-24,111.9000015258789,115.08999633789062,111.62000274658203,113.30000305175781,636834,0.0,0.0
2021-11-25,113.5,116.0,113.5,115.37000274658203,578299,0.0,0.0
2021-11-26,112.9800033569336,112.9800033569336,109.87999725341797,110.69999694824219,1076089,0.0,0.0
2021-11-29,113.0,113.44999694824219,110.5999984741211,110.5999984741211,353513,0.0,0.0
2021-11-30,110.0,110.8499984741211,106.83999633789062,108.80000305175781,501207,0.0,0.0
2021-12-01,110.94999694824219,111.94999694824219,106.05999755859375,106.9000015258789,2040507,0.0,0.0
2021-12-02,107.51000213623047,109.5,107.5,109.1500015258789,1466385,0.0,0.0
2021-12-03,109.08999633789062,113.93000030517578,108.76000213623047,111.8499984741211,1133125,0.0,0.0
2021-12-06,112.8499984741211,114.94999694824219,112.11000061035156,114.06999969482422,1135721,0.0,0.0
2021-12-07,115.41999816894531,115.93000030517578,112.97000122070312,112.97000122070312,391908,0.0,0.0
2021-12-08,113.83999633789062,118.11000061035156,113.08000183105469,116.91000366210938,1921148,0.0,0.0
2021-12-09,116.83999633789062,116.91000366210938,114.27999877929688,115.0,1011127,0.0,0.0
2021-12-10,117.5,118.44999694824219,116.0999984741211,116.9000015258789,903702,0.0,0.0
2021-12-13,117.16999816894531,118.87999725341797,115.61000061035156,115.61000061035156,845321,0.0,0.0
2021-12-14,116.80000305175781,117.98999786376953,113.0,113.11000061035156,1300639,0.0,0.0
2021-12-15,113.8499984741211,115.0,112.08999633789062,114.48999786376953,521261,0.0,0.0
2021-12-16,116.0199966430664,117.01000213623047,114.06999969482422,114.1500015258789,528929,0.0,0.0
2021-12-17,113.5,115.25,112.41000366210938,114.61000061035156,1874560,0.0,0.0
2021-12-20,113.5,113.91000366210938,111.76000213623047,112.44999694824219,777436,0.0,0.0
2021-12-21,113.19999694824219,113.33000183105469,110.69999694824219,111.80000305175781,552516,0.0,0.0
2021-12-22,111.83999633789062,112.94999694824219,110.54000091552734,111.5999984741211,370162,0.0,0.0
2021-12-23,112.0,112.88999938964844,110.77999877929688,110.98999786376953,362146,0.0,0.0
2021-12-27,111.41000366210938,113.12999725341797,111.20999908447266,112.0,225749,0.0,0.0
2021-12-28,112.5999984741211,113.27999877929688,111.91000366210938,112.55999755859375,360346,0.0,0.0
2021-12-29,112.55999755859375,113.88999938964844,111.25,111.25,479089,0.0,0.0
2021-12-30,112.0999984741211,113.91000366210938,111.5,113.30000305175781,724563,0.0,0.0
2022-01-03,113.66000366210938,114.4000015258789,109.55000305175781,109.55000305175781,668963,0.0,0.0
2022-01-04,110.5,111.0999984741211,106.88999938964844,107.0,1029659,0.0,0.0
2022-01-05,106.61000061035156,107.2300033569336,102.16999816894531,102.16999816894531,2532779,0.0,0.0
2022-01-06,102.63999938964844,103.9800033569336,100.79000091552734,101.83000183105469,2710697,0.0,0.0
2022-01-07,102.0,103.26000213623047,100.27999877929688,101.94999694824219,1355033,0.0,0.0
2022-01-10,101.5,101.66000366210938,99.5999984741211,100.68000030517578,983250,0.0,0.0
2022-01-11,100.4000015258789,103.5,100.33999633789062,103.5,1149494,0.0,0.0
2022-01-12,103.19999694824219,106.30000305175781,103.19999694824219,105.80000305175781,1386647,0.0,0.0
2022-01-13,105.80000305175781,106.08000183105469,104.30999755859375,104.98999786376953,674704,0.0,0.0
2022-01-14,104.5,106.01000213623047,103.5999984741211,105.5199966430664,290487,0.0,0.0
2022-01-17,105.01000213623047,107.94999694824219,104.75,104.9000015258789,371821,0.0,0.0
2022-01-18,104.9000015258789,105.08000183105469,103.33000183105469,103.33000183105469,812554,0.0,0.0
2022-01-19,105.0,107.08999633789062,104.66000366210938,105.9000015258789,889604,0.0,0.0
2022-01-20,106.31999969482422,110.61000061035156,106.31999969482422,109.20999908447266,2167153,0.0,0.0
2022-01-21,109.0,110.83999633789062,108.61000061035156,110.48999786376953,1359126,0.0,0.0
2022-01-24,110.4800033569336,110.4800033569336,107.12000274658203,108.86000061035156,655422,0.0,0.0
2022-01-25,107.70999908447266,112.2300033569336,107.33000183105469,111.1500015258789,935815,0.0,0.0
2022-01-26,112.75,115.11000061035156,112.55000305175781,112.77999877929688,946171,0.0,0.0
2022-01-27,114.5,114.9800033569336,113.3499984741211,114.0,475541,0.0,0.0
2022-01-28,113.9000015258789,114.75,112.83999633789062,114.0,607964,0.0,0.0
2022-01-31,113.5999984741211,117.44999694824219,113.5999984741211,117.0,805088,0.0,0.0
2022-02-01,117.19999694824219,118.41999816894531,116.05000305175781,116.8499984741211,859322,0.0,0.0
2022-02-02,116.9000015258789,118.30000305175781,115.01000213623047,115.4000015258789,1038854,0.0,0.0
2022-02-03,115.6500015258789,117.19000244140625,114.0999984741211,114.52999877929688,317248,0.0,0.0
2022-02-04,114.06999969482422,114.79000091552734,111.41000366210938,113.0,1107435,0.0,0.0
2022-02-07,113.0,113.8499984741211,112.04000091552734,112.5999984741211,732494,0.0,0.0
2022-02-08,112.73999786376953,113.75,111.61000061035156,112.70999908447266,1496383,0.0,0.0
2022-02-09,112.70999908447266,114.75,112.70999908447266,114.0,218372,0.0,0.0
2022-02-10,114.3499984741211,115.2300033569336,112.19999694824219,114.3499984741211,442475,0.0,0.0
2022-02-11,114.41999816894531,115.72000122070312,111.30000305175781,113.0,1304437,0.0,0.0
2022-02-14,112.30000305175781,114.13999938964844,112.22000122070312,113.5,783307,0.0,0.0
2022-02-15,114.0,116.0999984741211,113.58000183105469,116.0999984741211,605017,0.0,0.0
2022-02-16,115.98999786376953,116.3499984741211,115.19999694824219,116.0,162105,0.0,0.0
2022-02-17,115.44999694824219,116.38999938964844,114.12999725341797,114.69999694824219,1150125,0.0,0.0
2022-02-18,114.5999984741211,115.30000305175781,112.69999694824219,112.69999694824219,496292,0.0,0.0
2022-02-21,112.69999694824219,113.11000061035156,109.30000305175781,109.30000305175781,996880,0.0,0.0
2022-02-22,110.69999694824219,112.66000366210938,110.55000305175781,111.5999984741211,646545,0.0,0.0
2022-02-23,112.20999908447266,113.80000305175781,111.0999984741211,111.5999984741211,1654765,0.0,0.0
2022-02-24,107.0999984741211,112.77999877929688,106.48999786376953,111.5,558544,0.0,0.0
2022-02-25,111.25,112.80000305175781,110.25,111.04000091552734,294315,0.0,0.0
2022-03-02,111.04000091552734,112.41000366210938,110.0199966430664,112.01000213623047,417185,0.0,0.0
2022-03-03,112.02999877929688,114.55999755859375,112.0,112.0,217645,0.0,0.0
2022-03-04,111.80000305175781,113.30000305175781,109.51000213623047,110.69999694824219,621167,0.0,0.0
2022-03-07,109.6500015258789,110.33000183105469,105.5,106.0,1663314,0.0,0.0
2022-03-08,106.66000366210938,108.2300033569336,105.0,107.23999786376953,1307519,0.0,0.0
2022-03-09,107.9000015258789,111.0999984741211,107.41999816894531,111.0999984741211,899670,0.0,0.0
2022-03-10,109.80000305175781,110.80000305175781,107.76000213623047,110.5999984741211,1296650,0.0,0.0
2022-03-11,110.6500015258789,111.29000091552734,106.51000213623047,106.69999694824219,800627,0.0,0.0
2022-03-14,107.86000061035156,108.1500015258789,105.0,105.19999694824219,918087,0.0,0.0
2022-03-15,104.5999984741211,106.75,104.16000366210938,106.75,895997,0.0,0.0
2022-03-16,107.6500015258789,108.98999786376953,105.97000122070312,108.0,1142927,0.0,0.0
2022-03-17,107.55000305175781,109.86000061035156,106.7699966430664,109.55000305175781,1946060,0.0,0.0
2022-03-18,108.45999908447266,113.20999908447266,108.45999908447266,112.69999694824219,1306286,0.0,0.0
2022-03-21,112.70999908447266,114.33999633789062,111.63999938964844,113.05000305175781,677652,0.0,0.0
2022-03-22,113.5999984741211,115.5,113.58000183105469,115.5,864256,0.0,0.0
2022-03-23,115.19999694824219,116.88999938964844,114.29000091552734,116.44999694824219,823722,0.0,0.0
2022-03-24,116.80000305175781,119.36000061035156,116.19000244140625,119.0999984741211,3664537,0.0,0.0
2022-03-25,120.0,123.19000244140625,120.0,121.80000305175781,3173459,0.0,0.0
2022-03-28,121.4000015258789,121.88999938964844,119.83999633789062,121.27999877929688,566910,0.0,0.0
2022-03-29,122.80000305175781,124.37000274658203,122.44000244140625,123.27999877929688,1601717,0.0,0.0
2022-03-30,123.62000274658203,123.62000274658203,117.30999755859375,121.4000015258789,1428868,0.0,0.0
2022-03-31,121.5999984741211,122.81999969482422,120.63999938964844,120.94000244140625,2080733,0.0,0.0
2022-04-01,122.3499984741211,123.98999786376953,122.3499984741211,123.8499984741211,2380334,0.0,0.0
2022-04-04,123.94999694824219,124.29000091552734,122.76000213623047,123.5,607272,0.0,0.0
2022-04-05,123.80999755859375,124.55999755859375,121.11000061035156,121.9000015258789,873201,0.0,0.0
2022-04-06,121.16999816894531,121.20999908447266,117.44000244140625,119.0999984741211,1510114,0.0,0.0
2022-04-07,118.56999969482422,119.4000015258789,117.69000244140625,119.0,847294,0.0,0.0
2022-04-08,118.0,118.33000183105469,115.95999908447266,117.80000305175781,479005,0.0,0.0
2022-04-11,116.5,116.73999786376953,115.5199966430664,116.5999984741211,830199,0.0,0.0
2022-04-12,117.0,118.31999969482422,114.68000030517578,114.9000015258789,688039,0.0,0.0
2022-04-13,115.66999816894531,117.01000213623047,114.66000366210938,115.9000015258789,1509130,0.0,0.0
2022-04-14,115.80999755859375,116.04000091552734,114.27999877929688,114.5999984741211,534873,0.0,0.0
2022-04-18,114.55000305175781,115.56999969482422,113.95999908447266,115.19999694824219,224980,0.0,0.0
2022-04-19,114.44999694824219,116.22000122070312,113.87999725341797,116.1500015258789,753161,0.0,0.0
2022-04-20,115.86000061035156,116.62999725341797,115.26000213623047,115.75,614543,0.0,0.0
2022-04-22,113.5999984741211,114.41999816894531,111.7300033569336,112.0,1484571,0.0,0.0
2022-04-25,111.12000274658203,113.56999969482422,109.94000244140625,113.4000015258789,1558892,0.0,0.0
2022-04-26,112.36000061035156,113.79000091552734,110.8499984741211,111.41999816894531,2262004,0.0,0.0
2022-04-27,113.51000213623047,113.66000366210938,111.76000213623047,112.30000305175781,626304,0.0,0.0
2022-04-28,112.80000305175781,113.75,111.33999633789062,113.44000244140625,591629,0.0,0.0
2022-04-29,114.80000305175781,115.38999938964844,110.5999984741211,110.5999984741211,1533605,0.0,0.0
2022-05-02,111.31999969482422,111.31999969482422,107.02999877929688,108.5999984741211,2235359,0.0,0.0
2022-05-03,108.5,108.93000030517578,107.62999725341797,108.30000305175781,497581,0.0,0.0
2022-05-04,107.8499984741211,111.95999908447266,105.54000091552734,111.80000305175781,1361851,0.0,0.0
2022-05-05,109.98999786376953,109.98999786376953,105.9000015258789,106.5,1632500,0.0,0.0
2022-05-06,106.5,106.9800033569336,104.02999877929688,104.5,2843912,0.0,0.0
2022-05-09,102.69999694824219,103.68000030517578,100.91000366210938,102.0,2778160,0.0,0.0
2022-05-10,102.43000030517578,103.80000305175781,100.69999694824219,102.44999694824219,703695,0.0,0.0
2022-05-11,101.61000061035156,103.94999694824219,101.5,101.5,609276,0.0,0.0
2022-05-12,101.19000244140625,104.44000244140625,100.87999725341797,104.19999694824219,487453,0.0,0.0
2022-05-13,104.79000091552734,107.20999908447266,104.43000030517578,106.33999633789062,710885,0.0,0.0
2022-05-16,106.30000305175781,107.5999984741211,105.52999877929688,107.5999984741211,1026983,0.0,0.0
2022-05-17,109.0,111.6500015258789,108.54000091552734,109.5999984741211,672899,0.0,0.0
2022-05-18,108.55000305175781,108.97000122070312,105.54000091552734,107.0,517407,0.0,0.0
2022-05-19,106.4000015258789,107.52999877929688,105.5999984741211,106.80000305175781,155099,0.0,0.0
2022-05-20,108.25,109.0,105.88999938964844,108.5999984741211,731057,0.0,0.0
2022-05-23,108.9000015258789,109.5999984741211,107.47000122070312,108.5999984741211,666139,0.0,0.0
2022-05-24,106.83999633789062,108.16999816894531,106.08999633789062,107.51000213623047,1096355,0.0,0.0
2022-05-25,107.27999877929688,109.0,106.68000030517578,109.0,733768,0.0,0.0
2022-05-26,108.5,110.83999633789062,108.41999816894531,110.6500015258789,896310,0.0,0.0
2022-05-27,110.25,110.95999908447266,109.55000305175781,110.0,461339,0.0,0.0
2022-05-30,111.05999755859375,111.91999816894531,109.04000091552734,109.51000213623047,401845,0.0,0.0
2022-05-31,110.05999755859375,110.73999786376953,108.66999816894531,109.30000305175781,184760,0.0,0.0
2022-06-01,109.5,109.75,107.76000213623047,108.98999786376953,778222,0.0,0.0
2022-06-02,109.8499984741211,111.0199966430664,109.5,110.6500015258789,682150,0.0,0.0
2022-06-03,109.80000305175781,109.91000366210938,108.25,108.4000015258789,367572,0.0,0.0
2022-06-06,109.05000305175781,109.5,105.94999694824219,105.94999694824219,666442,0.0,0.0
2022-06-07,105.5,105.5,103.7300033569336,104.80000305175781,1134236,0.0,0.0
2022-06-08,103.8499984741211,105.51000213623047,103.3499984741211,103.69999694824219,424113,0.0,0.0
2022-06-09,103.69000244140625,104.72000122070312,102.70999908447266,103.20999908447266,865024,0.0,0.0
2022-06-10,102.30000305175781,102.44000244140625,100.6500015258789,100.75,781470,0.0,0.0
2022-06-13,99.62999725341797,99.62999725341797,95.98999786376953,96.69999694824219,1378475,0.0,0.0
2022-06-14,96.7300033569336,97.6500015258789,94.01000213623047,95.0,995059,0.0,0.0
2022-06-15,96.30000305175781,98.56999969482422,95.69000244140625,97.5,1436023,0.0,0.0
2022-06-17,95.0,96.73999786376953,93.79000091552734,96.19999694824219,1906863,0.0,0.0
2022-06-20,95.81999969482422,96.23999786376953,93.7699966430664,94.70999908447266,537584,0.0,0.0
2022-06-21,95.16999816894531,96.05000305175781,93.55000305175781,95.0,899895,0.0,0.0
2022-06-22,93.51000213623047,95.5,93.27999877929688,94.5,736885,0.0,0.0
2022-06-23,94.86000061035156,95.77999877929688,94.01000213623047,94.5999984741211,890203,0.0,0.0
2022-06-24,95.0,96.0,93.5199966430664,94.4000015258789,808985,0.0,0.0
2022-06-27,95.0,95.88999938964844,94.20999908447266,94.69999694824219,760215,0.0,0.0
2022-06-28,95.8499984741211,95.94999694824219,93.05999755859375,93.61000061035156,948133,0.0,0.0
2022-06-29,94.0,94.05999755859375,91.94000244140625,92.5,710170,0.0,0.0
2022-06-30,92.19000244140625,92.44999694824219,90.30000305175781,91.33000183105469,584698,0.0,0.0
2022-07-01,91.1500015258789,92.94000244140625,90.22000122070312,92.1500015258789,2064799,0.0,0.0
2022-07-04,91.80000305175781,92.47000122070312,91.29000091552734,91.30000305175781,358520,0.0,0.0
2022-07-05,90.73999786376953,91.37000274658203,89.0199966430664,91.18000030517578,997949,0.0,0.0
2022-07-06,90.91999816894531,93.30999755859375,90.5999984741211,92.5999984741211,1683520,0.0,0.0
2022-07-07,94.3499984741211,95.79000091552734,93.87000274658203,94.69000244140625,815684,0.0,0.0
2022-07-08,95.0,95.6500015258789,94.0,94.7699966430664,708444,0.0,0.0
2022-07-11,93.55000305175781,93.91000366210938,91.7300033569336,91.97000122070312,475257,0.0,0.0
2022-07-12,91.68000030517578,93.16000366210938,91.12000274658203,92.4800033569336,490772,0.0,0.0
2022-07-13,91.5,93.2300033569336,91.27999877929688,91.30000305175781,559741,0.0,0.0
2022-07-14,90.5,91.4000015258789,89.94999694824219,91.4000015258789,418183,0.0,0.0
2022-07-15,91.58999633789062,91.76000213623047,89.86000061035156,91.0,301623,0.0,0.0
2022-07-18,91.8499984741211,93.30000305175781,90.1500015258789,90.1500015258789,355829,0.0,0.0
2022-07-19,90.98999786376953,92.16000366210938,90.4800033569336,91.88999938964844,843051,0.0,0.0
2022-07-20,91.51000213623047,94.30000305175781,91.36000061035156,94.30000305175781,677364,0.0,0.0
2022-07-21,93.26000213623047,94.5,92.86000061035156,94.5,419389,0.0,0.0
2022-07-22,94.5,94.5,92.43000030517578,92.69999694824219,446050,0.0,0.0
2022-07-25,93.5,94.05000305175781,92.5,92.5,451659,0.0,0.0
2022-07-26,93.0999984741211,93.12000274658203,91.30000305175781,91.30000305175781,384827,0.0,0.0
2022-07-27,92.3499984741211,94.9000015258789,92.0999984741211,94.9000015258789,809819,0.0,0.0
2022-07-28,94.9000015258789,96.5199966430664,94.19999694824219,96.26000213623047,415185,0.0,0.0
2022-07-29,96.2699966430664,96.58999633789062,95.51000213623047,95.6500015258789,686103,0.0,0.0
2022-08-01,95.80000305175781,97.43000030517578,95.1500015258789,96.69999694824219,780691,0.0,0.0
2022-08-02,96.19000244140625,97.36000061035156,95.55999755859375,97.0,516467,0.0,0.0
2022-08-03,96.75,99.56999969482422,96.75,98.9000015258789,821581,0.0,0.0
2022-08-04,100.47000122070312,105.18000030517578,100.47000122070312,104.13999938964844,2975931,0.0,0.0
2022-08-05,103.9000015258789,104.6500015258789,102.05999755859375,104.0999984741211,668795,0.0,0.0
2022-08-08,104.9000015258789,106.19999694824219,104.63999938964844,105.75,1139436,0.0,0.0
2022-08-09,106.12000274658203,106.58000183105469,103.0,103.7699966430664,1260901,0.0,0.0
2022-08-10,105.30999755859375,108.61000061035156,105.30999755859375,107.44000244140625,3301517,0.0,0.0
2022-08-11,108.08999633789062,108.37999725341797,104.8499984741211,105.80000305175781,2922309,0.0,0.0
2022-08-12,106.0,108.9800033569336,106.0,108.9000015258789,2115413,0.0,0.0
2022-08-15,107.76000213623047,111.2300033569336,107.30000305175781,110.5999984741211,1406326,0.0,0.0
2022-08-16,110.6500015258789,111.0,108.75,110.0,1975412,0.0,0.0
2022-08-17,108.9800033569336,110.5199966430664,108.66000366210938,109.2300033569336,1115100,0.0,0.0
2022-08-18,109.91000366210938,110.29000091552734,108.08000183105469,108.5999984741211,1047235,0.0,0.0
2022-08-19,107.0999984741211,107.55000305175781,105.5199966430664,105.75,1343346,0.0,0.0
2022-08-22,104.44999694824219,105.55000305175781,103.80999755859375,104.80000305175781,878820,0.0,0.0
2022-08-23,105.2300033569336,107.4000015258789,105.0,107.0,497335,0.0,0.0
2022-08-24,106.9800033569336,109.11000061035156,106.8499984741211,108.8499984741211,780995,0.0,0.0
2022-08-25,109.0,110.05000305175781,108.66999816894531,109.94999694824219,374862,0.0,0.0
2022-08-26,110.0,110.5,107.80999755859375,108.0,896929,0.0,0.0
2022-08-29,107.66999816894531,109.7699966430664,107.0999984741211,108.25,886253,0.0,0.0
2022-08-30,108.2699966430664,109.94999694824219,106.27999877929688,107.3499984741211,615703,0.0,0.0
2022-08-31,107.5,108.45999908447266,106.08000183105469,106.80000305175781,540067,0.0,0.0
2022-09-01,106.6500015258789,108.0,105.5999984741211,108.0,1841051,0.0,0.0
2022-09-02,109.0,109.5199966430664,107.66999816894531,108.6500015258789,519104,0.0,0.0
2022-09-05,109.41000366210938,109.7300033569336,108.56999969482422,109.5,283851,0.0,0.0
2022-09-06,108.08000183105469,108.5199966430664,105.5999984741211,106.37000274658203,1216795,0.0,0.0
2022-09-08,106.80000305175781,107.88999938964844,105.25,106.80999755859375,749067,0.0,0.0
2022-09-09,108.5,109.97000122070312,107.91999816894531,109.8499984741211,1103710,0.0,0.0
2022-09-12,110.5999984741211,111.66999816894531,109.79000091552734,109.81999969482422,669804,0.0,0.0
2022-09-13,107.95999908447266,108.6500015258789,104.3499984741211,107.0999984741211,1488720,0.0,0.0
2022-09-14,106.80000305175781,107.73999786376953,106.0999984741211,107.30000305175781,2248362,0.0,0.0
2022-09-15,107.30000305175781,107.68000030517578,105.8499984741211,106.0,1341784,0.0,0.0
2022-09-16,105.52999877929688,106.23999786376953,104.05999755859375,105.4000015258789,2293629,0.0,0.0
2022-09-19,105.0,108.5999984741211,104.66000366210938,108.5999984741211,811582,0.0,0.0
2022-09-20,108.6500015258789,108.97000122070312,107.41999816894531,108.30000305175781,1965579,0.0,0.0
2022-09-21,108.30000305175781,109.5,106.83999633789062,107.5,1473327,0.0,0.0
2022-09-22,109.63999938964844,110.2699966430664,107.30999755859375,109.80000305175781,1742026,0.0,0.0
2022-09-23,108.8499984741211,108.8499984741211,106.91000366210938,108.05999755859375,925167,0.0,0.0
2022-09-26,107.45999908447266,107.45999908447266,104.18000030517578,104.80000305175781,1326006,0.0,0.0
2022-09-27,106.0,106.5199966430664,103.25,103.25,798718,0.0,0.0
2022-09-28,103.0,104.7300033569336,102.68000030517578,104.4000015258789,1394534,0.0,0.0
2022-09-29,103.30000305175781,103.45999908447266,101.06999969482422,102.5,959976,0.0,0.0
2022-09-30,102.30000305175781,105.44000244140625,101.5,105.44000244140625,1212846,0.0,0.0
2022-10-03,108.48999786376953,111.48999786376953,107.43000030517578,110.0,5878844,0.0,0.0
2022-10-04,111.66999816894531,112.3499984741211,109.62999725341797,110.0,2229139,0.0,0.0
2022-10-05,110.6500015258789,111.0,109.2699966430664,110.41999816894531,1519196,0.0,0.0
2022-10-06,110.58999633789062,112.41999816894531,110.58999633789062,112.2699966430664,1525245,0.0,0.0
2022-10-07,112.0,112.51000213623047,110.4000015258789,110.69999694824219,1867386,0.0,0.0
2022-10-10,111.25,111.55999755859375,109.94000244140625,111.19999694824219,665212,0.0,0.0
2022-10-11,110.4000015258789,110.91999816894531,108.52999877929688,109.0,1468069,0.0,0.0
2022-10-13,107.47000122070312,109.52999877929688,106.0999984741211,108.30000305175781,1170654,0.0,0.0
2022-10-14,108.80000305175781,109.23999786376953,105.87999725341797,106.05000305175781,928759,0.0,0.0
2022-10-17,107.01000213623047,108.30000305175781,106.62999725341797,107.5,647420,0.0,0.0
2022-10-18,108.69999694824219,109.4000015258789,107.2300033569336,108.4000015258789,590289,0.0,0.0
2022-10-19,109.0,109.19000244140625,107.56999969482422,108.0,570738,0.0,0.0
2022-10-20,109.20999908447266,109.37999725341797,106.87000274658203,107.19999694824219,1340522,0.0,0.0
2022-10-21,107.38999938964844,110.91000366210938,106.62999725341797,109.81999969482422,2773919,0.0,0.0
2022-10-24,108.19999694824219,109.55999755859375,108.0999984741211,108.6500015258789,1143806,0.0,0.0
2022-10-25,108.12000274658203,109.69000244140625,107.41999816894531,107.69999694824219,1141131,0.0,0.0
2022-10-26,106.9000015258789,107.18000030517578,104.01000213623047,104.5,2041943,0.0,0.0
2022-10-27,105.0,108.56999969482422,105.0,107.5999984741211,1348042,0.0,0.0
2022-10-28,106.69999694824219,108.44999694824219,106.5199966430664,108.44999694824219,1203885,0.0,0.0
2022-10-31,106.0,112.5,106.0,112.5,5419530,0.0,0.0
2022-11-01,113.44000244140625,114.72000122070312,111.16000366210938,113.80000305175781,2908397,0.0,0.0
2022-11-03,111.0,115.3499984741211,111.0,114.87000274658203,5109896,0.0,0.0
2022-11-04,116.5,117.5,114.83999633789062,115.5,2438194,0.0,0.0
2022-11-07,114.87999725341797,114.91000366210938,110.48999786376953,110.58000183105469,2960863,0.0,0.0
2022-11-08,109.69999694824219,111.88999938964844,109.0,111.18000030517578,1690349,0.0,0.0
2022-11-09,110.5999984741211,111.5,109.05999755859375,109.1500015258789,1176723,0.0,0.0
2022-11-10,107.0,107.0,101.23999786376953,102.80000305175781,8657656,0.0,0.0
2022-11-11,102.79000091552734,104.88999938964844,100.80000305175781,102.80000305175781,5380714,0.0,0.0
2022-11-14,103.80000305175781,105.11000061035156,102.41000366210938,103.9000015258789,3071956,0.0,0.0
2022-11-16,104.05999755859375,104.33000183105469,99.25,100.01000213623047,2498190,0.0,0.0
2022-11-17,99.41999816894531,99.41999816894531,95.27999877929688,99.19999694824219,3023932,0.0,0.0
2022-11-18,99.98999786376953,102.4800033569336,97.94999694824219,98.5,2559074,0.0,0.0
2022-11-21,99.75,100.83999633789062,97.87000274658203,100.41999816894531,2795647,0.0,0.0
2022-11-22,100.41999816894531,101.0,97.6500015258789,98.19999694824219,1727176,0.0,0.0
2022-11-23,97.9800033569336,98.4800033569336,96.47000122070312,97.30000305175781,2371194,0.0,0.0
2022-11-24,98.36000061035156,101.68000030517578,98.36000061035156,101.44999694824219,2898488,0.0,0.0
2022-11-25,101.19999694824219,101.19999694824219,97.4800033569336,98.0,1591917,0.0,0.0
2022-11-28,98.4000015258789,98.4000015258789,96.70999908447266,96.80000305175781,702707,0.0,0.0
2022-11-29,97.30000305175781,100.0,97.08000183105469,98.80000305175781,1257714,0.0,0.0
2022-11-30,98.5,99.9800033569336,96.88999938964844,99.9800033569336,2061705,0.0,0.0
2022-12-01,99.01000213623047,99.66999816894531,97.69000244140625,97.80000305175781,1126231,0.0,0.0
2022-12-02,98.20999908447266,100.12000274658203,97.5,99.20999908447266,1217988,0.0,0.0
2022-12-05,98.9000015258789,99.11000061035156,95.91000366210938,95.91000366210938,1892700,0.0,0.0
2022-12-06,96.5999984741211,97.05999755859375,95.54000091552734,96.5199966430664,1781414,0.0,0.0
2022-12-07,95.94999694824219,97.44000244140625,95.3499984741211,96.0999984741211,828187,0.0,0.0
2022-12-08,96.05000305175781,96.05000305175781,92.80999755859375,93.69999694824219,2490961,0.0,0.0
2022-12-09,93.80000305175781,94.25,92.30000305175781,92.30000305175781,974213,0.0,0.0
2022-12-12,91.98999786376953,92.88999938964844,89.52999877929688,90.5,1827263,0.0,0.0
2022-12-13,90.5999984741211,92.45999908447266,88.93000030517578,89.08999633789062,2513797,0.0,0.0
2022-12-14,88.8499984741211,90.87999725341797,87.38999938964844,90.0999984741211,2360938,0.0,0.0
2022-12-15,89.98999786376953,91.93000030517578,89.5,90.58999633789062,1038710,0.0,0.0
2022-12-16,90.58999633789062,91.37000274658203,88.20999908447266,89.4000015258789,1926291,0.0,0.0
2022-12-19,89.5999984741211,91.79000091552734,88.94999694824219,91.0,2063293,0.0,0.0
2022-12-20,90.5,95.61000061035156,90.5,94.0,2976233,0.0,0.0
2022-12-21,94.1500015258789,95.19999694824219,92.37000274658203,94.30999755859375,1422159,0.0,0.0
2022-12-22,94.69999694824219,95.44999694824219,93.3499984741211,94.36000061035156,1231575,0.0,0.0
2022-12-23,94.9000015258789,97.80000305175781,94.8499984741211,97.80000305175781,2105564,0.0,0.0
2022-12-26,97.4000015258789,97.61000061035156,95.69000244140625,96.87999725341797,398275,0.0,0.0
2022-12-27,96.81999969482422,97.1500015258789,94.12999725341797,94.19999694824219,2279915,0.0,0.0
2022-12-28,95.0,97.5,94.37999725341797,97.5,1378934,0.0,0.0
2022-12-29,99.19999694824219,99.19999694824219,96.19999694824219,96.5199966430664,1454594,0.0,0.0
2023-01-02,95.0999984741211,95.0999984741211,91.69000244140625,93.80000305175781,1784335,0.0,0.0
2023-01-03,93.80999755859375,93.94000244140625,90.19999694824219,90.19999694824219,2218390,0.0,0.0
2023-01-04,91.4000015258789,92.33000183105469,89.94999694824219,92.0,2479549,0.0,0.0
2023-01-05,92.19999694824219,94.5,91.55000305175781,94.5,1344610,0.0,0.0
2023-01-06,94.5199966430664,96.5199966430664,93.75,95.02999877929688,1521306,0.0,0.0
2023-01-09,94.01000213623047,96.7699966430664,93.2300033569336,95.8499984741211,1067261,0.0,0.0
2023-01-10,95.5,99.63999938964844,95.0,99.08000183105469,2141958,0.0,0.0
2023-01-11,99.01000213623047,100.5999984741211,97.68000030517578,100.5999984741211,1436422,0.0,0.0
2023-01-12,99.4800033569336,100.68000030517578,96.8499984741211,97.44999694824219,2018864,0.0,0.0
2023-01-13,96.12999725341797,97.47000122070312,95.4000015258789,95.4000015258789,1424219,0.0,0.0
2023-01-16,95.38999938964844,96.04000091552734,94.56999969482422,94.7699966430664,652061,0.0,0.0
2023-01-17,95.05000305175781,96.69999694824219,95.05000305175781,96.69999694824219,831327,0.0,0.0
2023-01-18,97.31999969482422,98.56999969482422,96.56999969482422,96.5999984741211,1436421,0.0,0.0
2023-01-19,96.38999938964844,97.44000244140625,95.62999725341797,96.72000122070312,1571921,0.0,0.0
2023-01-20,96.95999908447266,97.55000305175781,96.0199966430664,97.55000305175781,1691457,0.0,0.0
2023-01-23,96.95999908447266,98.38999938964844,96.0199966430664,96.44999694824219,639404,0.0,0.0
2023-01-24,96.95999908447266,98.41000366210938,96.44000244140625,98.26000213623047,671067,0.0,0.0
2023-01-25,97.76000213623047,99.83999633789062,97.1500015258789,99.19999694824219,2765959,0.0,0.0
2023-01-26,99.25,100.38999938964844,99.08999633789062,99.33999633789062,642983,0.0,0.0
2023-01-27,99.33999633789062,99.94000244140625,97.9000015258789,97.9000015258789,1291153,0.0,0.0
2023-01-30,98.0,99.08999633789062,97.55000305175781,97.5999984741211,306517,0.0,0.0
2023-01-31,97.88999938964844,99.98999786376953,97.88999938964844,99.44000244140625,1606570,0.0,0.0
2023-02-01,99.37000274658203,99.79000091552734,97.9800033569336,99.6500015258789,759591,0.0,0.0
2023-02-02,98.52999877929688,101.0,98.37000274658203,98.37000274658203,2262821,0.0,0.0
2023-02-03,97.94999694824219,98.37000274658203,95.5999984741211,95.5999984741211,1224983,0.0,0.0
2023-02-06,95.5199966430664,95.5999984741211,94.51000213623047,95.0,1432434,0.0,0.0
2023-02-07,95.29000091552734,95.68000030517578,93.95999908447266,94.0,479334,0.0,0.0
2023-02-08,94.5999984741211,95.45999908447266,93.51000213623047,94.80000305175781,676151,0.0,0.0
2023-02-09,94.80000305175781,95.37000274658203,92.30000305175781,92.30000305175781,660969,0.0,0.0
2023-02-10,92.20999908447266,93.66999816894531,92.0,92.1500015258789,479214,0.0,0.0
2023-02-13,92.06999969482422,93.7300033569336,91.55000305175781,92.6500015258789,800327,0.0,0.0
2023-02-14,93.11000061035156,93.75,91.13999938964844,92.04000091552734,840547,0.0,0.0
2023-02-15,91.45999908447266,94.86000061035156,91.11000061035156,93.5,2381615,0.0,0.0
2023-02-16,92.66000366210938,93.95999908447266,91.73999786376953,93.0999984741211,557344,0.0,0.0
2023-02-17,92.69999694824219,93.5,92.37000274658203,92.80000305175781,348508,0.0,0.0
2023-02-22,92.0,92.22000122070312,90.61000061035156,91.0,460751,0.0,0.0
2023-02-23,91.33999633789062,92.44000244140625,90.77999877929688,90.80000305175781,285566,0.0,0.0
2023-02-24,90.87000274658203,91.7300033569336,89.69000244140625,90.69999694824219,349122,0.0,0.0
2023-02-27,90.69999694824219,91.02999877929688,89.75,89.94999694824219,433249,0.0,0.0
2023-02-28,89.98999786376953,90.9800033569336,88.36000061035156,88.36000061035156,640065,0.0,0.0
2023-03-01,89.19999694824219,89.55000305175781,87.41000366210938,88.66000366210938,1116919,0.0,0.0
2023-03-02,88.47000122070312,89.3499984741211,87.2699966430664,87.69999694824219,966576,0.0,0.0
2023-03-03,88.43000030517578,89.5199966430664,88.2300033569336,88.7300033569336,454730,0.0,0.0
2023-03-06,88.94999694824219,90.56999969482422,88.55999755859375,89.9000015258789,1113470,0.0,0.0
2023-03-07,89.91000366210938,90.69999694824219,88.98999786376953,90.5,681821,0.0,0.0
2023-03-08,90.48999786376953,93.25,90.12000274658203,93.25,1863556,0.0,0.0
2023-03-09,92.8499984741211,94.37999725341797,92.80000305175781,92.80000305175781,2682547,0.0,0.0
2023-03-10,92.4000015258789,92.4000015258789,90.54000091552734,91.37999725341797,2230801,0.0,0.0
2023-03-13,90.1500015258789,91.79000091552734,89.75,91.47000122070312,2267769,0.0,0.0
2023-03-14,91.25,92.06999969482422,90.0,91.0,1037076,0.0,0.0
2023-03-15,90.0,90.69999694824219,88.55000305175781,90.01000213623047,1658038,0.0,0.0
2023-03-16,90.37999725341797,91.33999633789062,90.02999877929688,90.69999694824219,1071596,0.0,0.0
2023-03-17,90.19000244140625,91.0199966430664,89.3499984741211,89.55000305175781,1745852,0.0,0.0
2023-03-20,89.98999786376953,90.12999725341797,87.30999755859375,87.30999755859375,1026775,0.0,0.0
2023-03-21,87.9000015258789,88.58999633789062,87.05999755859375,87.19999694824219,833382,0.0,0.0
2023-03-22,87.4000015258789,90.33999633789062,86.80000305175781,87.38999938964844,2110949,0.0,0.0
2023-03-23,87.22000122070312,87.55000305175781,83.0,83.5999984741211,3434593,0.0,0.0
2023-03-24,84.41000366210938,86.2699966430664,84.0999984741211,86.08999633789062,1087337,0.0,0.0
2023-03-27,87.0999984741211,87.4000015258789,86.08000183105469,86.61000061035156,673851,0.0,0.0
2023-03-28,86.61000061035156,88.01000213623047,85.52999877929688,87.69999694824219,949459,0.0,0.0
2023-03-29,88.4000015258789,88.4000015258789,85.58999633789062,87.16999816894531,1628547,0.0,0.0
2023-03-30,88.2699966430664,89.94000244140625,87.58000183105469,89.0999984741211,3164147,0.0,0.0
2023-03-31,89.8499984741211,89.8499984741211,87.05999755859375,87.81999969482422,1892895,0.0,0.0
2023-04-03,88.0,88.0,86.16999816894531,86.5,795975,0.0,0.0
2023-04-04,86.69999694824219,88.02999877929688,86.51000213623047,87.0,794651,0.0,0.0
2023-04-05,87.0999984741211,87.41000366210938,85.0199966430664,85.6500015258789,1917811,0.0,0.0
2023-04-06,85.7699966430664,86.61000061035156,85.41000366210938,85.87999725341797,890093,0.0,0.0
2023-04-10,86.08999633789062,87.01000213623047,86.08999633789062,86.3499984741211,704094,0.0,0.0
2023-04-11,89.0,90.6500015258789,87.91999816894531,90.5,4838864,0.0,0.0
2023-04-12,91.95999908447266,92.73999786376953,90.75,91.05999755859375,1942168,0.0,0.0
2023-04-13,91.0999984741211,92.3499984741211,90.26000213623047,91.30999755859375,2138959,0.0,0.0
2023-04-14,90.73999786376953,91.45999908447266,89.66000366210938,90.7300033569336,1716014,0.0,0.0
2023-04-17,90.7300033569336,91.11000061035156,90.05999755859375,90.25,1455656,0.0,0.0
2023-04-18,90.80000305175781,91.0,88.75,89.16999816894531,1532177,0.0,0.0
2023-04-19,87.76000213623047,88.37000274658203,86.47000122070312,86.80000305175781,4001472,0.0,0.0
2023-04-20,86.76000213623047,87.51000213623047,85.80999755859375,87.4000015258789,1507386,0.0,0.0
2023-04-24,87.0,87.80000305175781,86.62000274658203,86.75,610910,0.0,0.0
2023-04-25,86.66000366210938,86.75,85.30000305175781,85.9800033569336,2697804,0.0,0.0
2023-04-26,85.98999786376953,86.58999633789062,85.41000366210938,85.94000244140625,2530489,0.0,0.0
2023-04-27,85.30000305175781,87.16000366210938,85.25,87.16000366210938,1800515,0.0,0.0
2023-04-28,87.33999633789062,89.29000091552734,86.62999725341797,89.0,2475226,0.0,0.0
2023-05-02,89.1500015258789,89.1500015258789,87.25,87.75,1101840,0.0,0.0
2023-05-03,87.75,88.97000122070312,87.26000213623047,88.30000305175781,1308706,0.0,0.0
2023-05-04,89.56999969482422,91.2300033569336,87.77999877929688,88.30999755859375,2809029,0.0,0.0
2023-05-05,88.97000122070312,91.80999755859375,88.33000183105469,91.44999694824219,2867200,0.0,0.0
2023-05-08,92.7699966430664,93.04000091552734,91.87999725341797,92.30000305175781,1833637,0.0,0.0
2023-05-09,91.7300033569336,93.76000213623047,91.7300033569336,92.76000213623047,933143,0.0,0.0
2023-05-10,92.5999984741211,94.6500015258789,92.58000183105469,94.19999694824219,3004802,0.0,0.0
2023-05-11,93.58999633789062,96.08999633789062,93.26000213623047,95.5999984741211,3372597,0.0,0.0
2023-05-12,94.69999694824219,96.4000015258789,94.6500015258789,95.61000061035156,2790060,0.0,0.0
2023-05-15,96.0999984741211,97.33999633789062,95.11000061035156,96.33000183105469,3369096,0.0,0.0
2023-05-16,96.33000183105469,96.80000305175781,94.0,94.16000366210938,4367976,0.0,0.0
2023-05-17,95.41000366210938,96.9000015258789,95.12999725341797,96.9000015258789,2523503,0.0,0.0
2023-05-18,96.5,99.12999725341797,96.48999786376953,99.0999984741211,5429820,0.0,0.0
2023-05-19,99.54000091552734,101.23999786376953,98.94000244140625,99.4000015258789,7594175,0.0,0.0
2023-05-22,99.69999694824219,101.30000305175781,99.62000274658203,99.98999786376953,4257132,0.0,0.0
2023-05-23,99.5999984741211,101.0999984741211,99.05999755859375,99.05999755859375,2699699,0.0,0.0
2023-05-24,98.30000305175781,100.04000091552734,98.01000213623047,98.5,5210588,0.0,0.0
2023-05-25,100.20999908447266,101.94999694824219,100.20999908447266,100.66999816894531,6535031,0.0,0.0
2023-05-26,101.80000305175781,102.3499984741211,100.4800033569336,101.44999694824219,3028729,0.0,0.0
2023-05-29,101.73999786376953,102.05000305175781,101.04000091552734,101.56999969482422,1421152,0.0,0.0
2023-05-30,102.5,102.75,99.68000030517578,100.5999984741211,3003632,0.0,0.0
2023-05-31,100.30000305175781,101.56999969482422,99.6500015258789,100.5,2833132,0.0,0.0
2023-06-01,101.44999694824219,103.9000015258789,101.36000061035156,103.8499984741211,3892571,0.0,0.0
2023-06-02,105.0,106.3499984741211,103.63999938964844,104.0,5150848,0.0,0.0
2023-06-05,104.4000015258789,104.87000274658203,102.66999816894531,104.27999877929688,2552595,0.0,0.0
2023-06-06,104.9000015258789,107.12999725341797,104.6500015258789,106.6500015258789,3004288,0.0,0.0
2023-06-07,108.0,108.91999816894531,105.62999725341797,107.4000015258789,4731117,0.0,0.0
2023-06-09,107.62000274658203,108.9800033569336,107.58999633789062,107.80000305175781,1180901,0.0,0.0
2023-06-12,108.0999984741211,108.2699966430664,107.13999938964844,108.0199966430664,1802889,0.0,0.0
2023-06-13,108.38999938964844,108.38999938964844,105.08000183105469,105.8499984741211,5359032,0.0,0.0
2023-06-14,106.30000305175781,109.58999633789062,105.95999908447266,108.75,4054499,0.0,0.0
2023-06-15,109.19999694824219,109.83000183105469,108.20999908447266,109.55000305175781,2524946,0.0,0.0
2023-06-16,109.0,109.51000213623047,108.5999984741211,109.44999694824219,3329604,0.0,0.0
2023-06-19,109.0,110.44000244140625,109.0,110.4000015258789,1496916,0.0,0.0
2023-06-20,109.5999984741211,111.12000274658203,109.5,111.12000274658203,4135993,0.0,0.0
2023-06-21,110.95999908447266,111.41000366210938,109.79000091552734,111.4000015258789,4515719,0.0,0.0
2023-06-22,110.44999694824219,110.66000366210938,107.94999694824219,109.6500015258789,3503194,0.0,0.0
2023-06-23,109.37999725341797,110.6500015258789,108.77999877929688,110.05000305175781,2811298,0.0,0.0
2023-06-26,109.83999633789062,109.9000015258789,107.13999938964844,108.25,2629543,0.0,0.0
2023-06-27,109.23999786376953,109.83999633789062,105.0,106.30000305175781,3962973,0.0,0.0
2023-06-28,106.19999694824219,107.80999755859375,105.77999877929688,106.3499984741211,2275039,0.0,0.0
2023-06-29,106.58000183105469,108.80000305175781,106.5,108.80000305175781,2413451,0.0,0.0
2023-06-30,109.19999694824219,110.83999633789062,109.19999694824219,109.5,6266264,0.0,0.0
2023-07-03,110.05000305175781,111.41000366210938,109.7699966430664,110.5,6136410,0.0,0.0
2023-07-04,110.08999633789062,110.69000244140625,109.55000305175781,110.5,1147092,0.0,0.0
2023-07-05,110.0,112.58999633789062,109.79000091552734,112.1500015258789,3041176,0.0,0.0
2023-07-06,110.97000122070312,111.31999969482422,109.45999908447266,110.19999694824219,2359355,0.0,0.0
2023-07-07,110.79000091552734,113.11000061035156,110.7300033569336,112.6500015258789,2694375,0.0,0.0
2023-07-10,112.1500015258789,112.37000274658203,110.8499984741211,110.94000244140625,1638430,0.0,0.0
2023-07-11,110.79000091552734,110.79000091552734,107.93000030517578,110.3499984741211,3051538,0.0,0.0
2023-07-12,111.06999969482422,112.12999725341797,109.43000030517578,109.5999984741211,2300223,0.0,0.0
2023-07-13,110.36000061035156,111.02999877929688,109.5,110.0,2286621,0.0,0.0
2023-07-14,109.87999725341797,110.0999984741211,106.94999694824219,108.0,5613654,0.0,0.0
2023-07-17,107.0,108.88999938964844,106.4000015258789,108.5,3654043,0.0,0.0
2023-07-18,108.0,109.13999938964844,107.6500015258789,108.61000061035156,1800438,0.0,0.0
2023-07-19,108.41999816894531,109.0199966430664,107.75,109.0199966430664,1577519,0.0,0.0
2023-07-20,109.25,109.27999877929688,108.0,108.30000305175781,2053660,0.0,0.0
2023-07-21,108.30000305175781,110.37999725341797,108.16999816894531,110.0,2723298,0.0,0.0
2023-07-24,110.69000244140625,111.63999938964844,109.54000091552734,111.63999938964844,2334396,0.0,0.0
2023-07-25,112.61000061035156,113.52999877929688,111.5999984741211,111.94999694824219,2704071,0.0,0.0
2023-07-26,111.44999694824219,112.3499984741211,110.58000183105469,112.3499984741211,2089783,0.0,0.0
2023-07-27,112.0,112.9000015258789,110.3499984741211,110.9000015258789,2198670,0.0,0.0
2023-07-28,111.3499984741211,112.06999969482422,110.5,112.06999969482422,1241282,0.0,0.0
2023-07-31,112.5,113.48999786376953,112.30999755859375,112.9000015258789,2164688,0.0,0.0
2023-08-01,112.20999908447266,113.0999984741211,111.80000305175781,113.08999633789062,2320868,0.0,0.0
2023-08-02,112.52999877929688,113.5,112.0,113.0,1967675,0.0,0.0
2023-08-03,114.48999786376953,115.62999725341797,112.80999755859375,112.9800033569336,3405854,0.0,0.0
2023-08-04,112.97000122070312,115.0,112.47000122070312,113.8499984741211,4893688,0.0,0.0
2023-08-07,113.8499984741211,113.94000244140625,112.18000030517578,113.4000015258789,2217325,0.0,0.0
2023-08-08,111.5,113.73999786376953,111.20999908447266,112.52999877929688,2302353,0.0,0.0
2023-08-09,112.56999969482422,112.80000305175781,111.11000061035156,111.5,1818023,0.0,0.0
2023-08-10,112.86000061035156,112.95999908447266,111.5199966430664,112.0,1411801,0.0,0.0
2023-08-11,112.0,113.0,110.69999694824219,111.54000091552734,1991203,0.0,0.0
2023-08-14,111.13999938964844,111.16999816894531,108.9000015258789,108.9000015258789,1753728,0.0,0.0
2023-08-15,109.33999633789062,109.5999984741211,107.5199966430664,109.0,3318530,0.0,0.0
2023-08-16,109.41999816894531,110.12999725341797,108.20999908447266,108.55000305175781,2102363,0.0,0.0
2023-08-17,109.05000305175781,109.48999786376953,106.5999984741211,106.80000305175781,3888464,0.0,0.0
2023-08-18,106.83999633789062,108.06999969482422,105.54000091552734,107.9000015258789,4727895,0.0,0.0
2023-08-21,107.9000015258789,107.97000122070312,106.30999755859375,107.2300033569336,4039603,0.0,0.0
2023-08-22,107.69999694824219,109.62999725341797,107.51000213623047,109.1500015258789,2730283,0.0,0.0
2023-08-23,109.4000015258789,111.75,109.01000213623047,110.55000305175781,3062936,0.0,0.0
2023-08-24,110.0,110.54000091552734,108.31999969482422,108.31999969482422,1430135,0.0,0.0
2023-08-25,109.0999984741211,109.1500015258789,106.97000122070312,107.25,2555158,0.0,0.0
2023-08-28,107.5999984741211,107.68000030517578,106.2699966430664,107.0999984741211,1904317,0.0,0.0
2023-08-29,107.69999694824219,108.63999938964844,106.68000030517578,108.30000305175781,4125688,0.0,0.0
2023-08-30,108.5999984741211,108.7300033569336,106.55000305175781,107.4000015258789,1874319,0.0,0.0
2023-08-31,107.0999984741211,107.0999984741211,104.19999694824219,104.19999694824219,8342499,0.0,0.0
2023-09-01,105.05000305175781,107.23999786376953,104.80999755859375,107.23999786376953,2659913,0.0,0.0
2023-09-04,106.8499984741211,107.8499984741211,106.29000091552734,106.44999694824219,778379,0.0,0.0
2023-09-05,106.19000244140625,106.19000244140625,104.62000274658203,105.0,2388841,0.0,0.0
2023-09-06,105.5,106.29000091552734,104.19999694824219,104.30999755859375,2513683,0.0,0.0
2023-09-08,103.70999908447266,104.19000244140625,103.23999786376953,103.55000305175781,1475764,0.0,0.0
2023-09-11,104.62000274658203,105.12999725341797,103.45999908447266,105.0999984741211,2640123,0.0,0.0
2023-09-12,105.48999786376953,107.22000122070312,104.83999633789062,106.8499984741211,3143838,0.0,0.0
2023-09-13,106.8499984741211,108.69999694824219,106.62999725341797,107.0,2655098,0.0,0.0
2023-09-14,107.52999877929688,108.48999786376953,106.18000030517578,106.55000305175781,2464054,0.0,0.0
2023-09-15,107.0,107.19000244140625,105.31999969482422,106.0,1618316,0.0,0.0
2023-09-18,105.9000015258789,106.31999969482422,104.83000183105469,105.44999694824219,1321498,0.0,0.0
2023-09-19,105.33999633789062,105.94000244140625,103.75,104.43000030517578,3120964,0.0,0.0
2023-09-20,105.0,106.6500015258789,104.69999694824219,104.69999694824219,3675984,0.0,0.0
2023-09-21,103.98999786376953,103.98999786376953,102.0999984741211,102.1500015258789,3697642,0.0,0.0
2023-09-22,103.19999694824219,103.31999969482422,101.2300033569336,101.3499984741211,2592439,0.0,0.0
2023-09-25,101.30000305175781,101.51000213623047,100.27999877929688,101.0999984741211,3231043,0.0,0.0
2023-09-26,100.4000015258789,100.6500015258789,98.88999938964844,99.19999694824219,4042319,0.0,0.0
2023-09-27,99.72000122070312,100.7699966430664,97.58000183105469,98.88999938964844,3293630,0.0,0.0
2023-09-28,99.12999725341797,101.1500015258789,98.80999755859375,101.1500015258789,3122464,0.0,0.0
2023-09-29,102.1500015258789,103.19000244140625,101.11000061035156,101.63999938964844,4195911,0.0,0.0
2023-10-02,101.41000366210938,101.41000366210938,99.4800033569336,99.4800033569336,1251629,0.0,0.0
2023-10-03,99.44999694824219,99.97000122070312,97.0199966430664,97.52999877929688,2432356,0.0,0.0
2023-10-04,98.11000061035156,99.33000183105469,97.51000213623047,98.29000091552734,2322502,0.0,0.0
2023-10-05,98.41000366210938,99.38999938964844,96.6500015258789,97.25,2561044,0.0,0.0
2023-10-06,95.80000305175781,97.13999938964844,94.41000366210938,96.56999969482422,7721128,0.0,0.0
2023-10-09,96.4000015258789,98.0,95.16000366210938,98.0,3604732,0.0,0.0
2023-10-10,98.55999755859375,100.69000244140625,98.37999725341797,100.0999984741211,4646725,0.0,0.0
2023-10-11,100.7699966430664,101.1500015258789,99.2300033569336,99.9000015258789,1318330,0.0,0.0
2023-10-13,99.5,99.68000030517578,97.0,97.0,3936489,0.0,0.0
2023-10-16,98.38999938964844,99.06999969482422,97.30999755859375,98.30000305175781,727048,0.0,0.0
2023-10-17,97.5,98.30000305175781,96.41000366210938,96.55999755859375,3770732,0.0,0.0
2023-10-18,96.01000213623047,96.1500015258789,93.94999694824219,93.94999694824219,3905846,0.0,0.0
2023-10-19,94.19999694824219,95.91999816894531,93.80000305175781,93.80000305175781,7169158,0.0,0.0
2023-10-20,93.5,94.58999633789062,92.95999908447266,93.9000015258789,3498897,0.0,0.0
2023-10-23,93.5,96.55000305175781,93.2699966430664,95.47000122070312,4522543,0.0,0.0
2023-10-24,96.83999633789062,97.19999694824219,95.37999725341797,96.30000305175781,2917366,0.0,0.0
2023-10-25,97.0,97.19999694824219,94.55000305175781,94.70999908447266,3139626,0.0,0.0
2023-10-26,95.5999984741211,97.19000244140625,95.5999984741211,96.9000015258789,3174829,0.0,0.0
2023-10-27,97.19000244140625,98.0,94.30000305175781,94.30000305175781,2729630,0.0,0.0
2023-10-30,95.05999755859375,95.44000244140625,92.66999816894531,93.05000305175781,4650641,0.0,0.0
2023-10-31,93.58999633789062,94.66999816894531,92.12999725341797,94.19999694824219,2707620,0.0,0.0
2023-11-01,94.87999725341797,96.37999725341797,94.41999816894531,95.8499984741211,2890272,0.0,0.0
2023-11-03,98.0,100.93000030517578,97.9000015258789,100.0,6186893,0.0,0.0
2023-11-06,100.3499984741211,100.80000305175781,98.19000244140625,98.25,2814064,0.0,0.0
2023-11-07,98.3499984741211,101.0999984741211,98.33000183105469,100.5999984741211,5733445,0.0,0.0
2023-11-08,101.0,101.95999908447266,100.19999694824219,101.0999984741211,4917721,0.0,0.0
2023-11-09,101.0999984741211,102.44999694824219,99.44000244140625,99.70999908447266,3304983,0.0,0.0
2023-11-10,100.5,102.58000183105469,100.44000244140625,102.08999633789062,5310143,0.0,0.0
2023-11-13,101.6500015258789,102.12000274658203,100.94000244140625,101.68000030517578,1086681,0.0,0.0
2023-11-14,102.22000122070312,106.95999908447266,101.94000244140625,104.75,7507631,0.0,0.0
2023-11-16,104.75,106.7699966430664,104.41000366210938,106.19999694824219,5248330,0.0,0.0
2023-11-17,106.94000244140625,107.0199966430664,105.08000183105469,105.80000305175781,5019761,0.0,0.0
2023-11-20,106.0,106.4000015258789,105.0,106.30000305175781,2500406,0.0,0.0
2023-11-21,105.30000305175781,105.88999938964844,103.55999755859375,104.66000366210938,3828914,0.0,0.0
2023-11-22,105.0999984741211,106.41000366210938,103.87000274658203,104.1500015258789,4918666,0.0,0.0
2023-11-23,104.16999816894531,105.44000244140625,103.80999755859375,104.30000305175781,725151,0.0,0.0
2023-11-24,104.3499984741211,104.3499984741211,102.9000015258789,102.9000015258789,1528451,0.0,0.0
2023-11-27,103.4000015258789,104.02999877929688,102.80999755859375,103.72000122070312,2700011,0.0,0.0
2023-11-28,103.72000122070312,105.61000061035156,103.72000122070312,105.0,4913185,0.0,0.0
2023-11-29,105.6500015258789,106.25,104.48999786376953,104.48999786376953,3018113,0.0,0.0
2023-11-30,105.30000305175781,106.58000183105469,104.75,106.3499984741211,3307055,0.0,0.0
2023-12-01,106.88999938964844,108.01000213623047,105.69000244140625,107.94999694824219,3683125,0.0,0.0
2023-12-04,107.4000015258789,107.5,106.4000015258789,106.4000015258789,1300777,0.0,0.0
2023-12-05,106.6500015258789,107.91999816894531,106.51000213623047,107.87000274658203,2184873,0.0,0.0
2023-12-06,108.33999633789062,108.66000366210938,106.70999908447266,106.9000015258789,1604793,0.0,0.0
2023-12-07,107.38999938964844,108.41999816894531,107.30000305175781,108.33999633789062,3349276,0.0,0.0
2023-12-08,108.58999633789062,109.05999755859375,107.36000061035156,108.80000305175781,2774476,0.0,0.0
2023-12-11,108.4000015258789,108.7300033569336,107.61000061035156,107.69999694824219,1659295,0.0,0.0
2023-12-12,108.26000213623047,108.98999786376953,107.73999786376953,108.54000091552734,2468540,0.0,0.0
2023-12-13,108.54000091552734,111.94000244140625,108.41000366210938,111.94000244140625,6182504,0.0,0.0
2023-12-14,112.70999908447266,114.13999938964844,112.19999694824219,112.4000015258789,8535957,0.0,0.0
2023-12-15,112.44000244140625,113.30999755859375,110.69999694824219,111.36000061035156,2825532,0.0,0.0
2023-12-18,111.9000015258789,112.2699966430664,111.04000091552734,111.61000061035156,1516417,0.0,0.0
2023-12-19,112.30000305175781,112.69999694824219,111.66999816894531,112.4800033569336,2348997,0.0,0.0
2023-12-20,111.98999786376953,112.93000030517578,111.27999877929688,111.4000015258789,1791327,0.0,0.0
2023-12-21,112.2699966430664,112.94999694824219,111.81999969482422,112.80000305175781,1162169,0.0,0.0
2023-12-22,112.91000366210938,113.0999984741211,112.31999969482422,112.9000015258789,1880920,0.0,0.0
2023-12-26,113.4000015258789,113.87000274658203,112.69999694824219,113.4800033569336,1234448,0.0,0.0
2023-12-27,113.25,114.01000213623047,113.05999755859375,114.0,1159613,0.0,0.0
2023-12-28,113.5,114.37999725341797,112.80000305175781,113.19999694824219,2145481,0.0,0.0
2024-01-02,112.5999984741211,112.5999984741211,109.3499984741211,109.91000366210938,6856269,0.0,0.0
2024-01-03,109.55000305175781,110.7300033569336,108.97000122070312,109.9000015258789,2764569,0.0,0.0
2024-01-04,109.9000015258789,109.9000015258789,107.36000061035156,107.79000091552734,5874128,0.0,0.0
2024-01-05,107.33999633789062,110.51000213623047,107.18000030517578,108.8499984741211,2356018,0.0,0.0
2024-01-08,108.8499984741211,111.22000122070312,108.0,110.61000061035156,2757749,0.0,0.0
2024-01-09,110.0999984741211,111.1500015258789,109.86000061035156,110.33999633789062,1359159,0.0,0.0
2024-01-10,110.69000244140625,111.1500015258789,109.41999816894531,109.5999984741211,2905035,0.0,0.0
2024-01-11,109.56999969482422,109.86000061035156,108.22000122070312,109.22000122070312,2666593,0.0,0.0
2024-01-12,108.88999938964844,110.62000274658203,108.54000091552734,109.69999694824219,3928667,0.0,0.0
2024-01-15,108.91000366210938,109.7699966430664,108.43000030517578,109.69999694824219,1238942,0.0,0.0
2024-01-16,108.51000213623047,108.98999786376953,107.1500015258789,107.30000305175781,3505381,0.0,0.0
2024-01-17,107.19999694824219,107.7300033569336,106.1500015258789,106.62000274658203,4527323,0.0,0.0
2024-01-18,107.13999938964844,107.69999694824219,105.75,105.75,3702893,0.0,0.0
2024-01-19,106.1500015258789,107.58000183105469,104.80000305175781,107.13999938964844,3012105,0.0,0.0
2024-01-22,106.66000366210938,107.6500015258789,104.7300033569336,105.87999725341797,3161603,0.0,0.0
2024-01-23,106.27999877929688,107.47000122070312,106.19999694824219,106.83000183105469,2883281,0.0,0.0
2024-01-24,107.7699966430664,108.19000244140625,106.1500015258789,106.33999633789062,2238816,0.0,0.0
2024-01-25,106.0,107.83000183105469,106.0,107.0,1923931,0.0,0.0
2024-01-26,107.1500015258789,107.83000183105469,106.3499984741211,107.5,2948042,0.0,0.0
2024-01-29,106.80000305175781,107.3499984741211,105.69999694824219,106.0,2224432,0.0,0.0
2024-01-30,105.80000305175781,105.94000244140625,103.75,104.72000122070312,6805283,0.0,0.0
2024-01-31,104.73999786376953,107.70999908447266,104.52999877929688,106.37000274658203,4007130,0.0,0.0
2024-02-01,106.33000183105469,106.51000213623047,104.91000366210938,106.3499984741211,3552617,0.0,0.0
2024-02-02,106.0,107.0,104.0199966430664,105.05000305175781,6783921,0.0,0.0
2024-02-05,104.5,105.1500015258789,102.94999694824219,103.69999694824219,5243633,0.0,0.0
2024-02-06,104.0,105.68000030517578,103.97000122070312,105.27999877929688,6245818,0.0,0.0
2024-02-07,105.27999877929688,106.44000244140625,104.52999877929688,106.44000244140625,2018035,0.0,0.0
2024-02-08,106.0,106.20999908447266,103.19000244140625,104.0,5543692,0.0,0.0
2024-02-09,104.26000213623047,105.26000213623047,103.6500015258789,103.6500015258789,3217559,0.0,0.0
2024-02-14,103.43000030517578,103.43000030517578,102.04000091552734,102.44999694824219,2457627,0.0,0.0
2024-02-15,102.94999694824219,103.86000061035156,102.56999969482422,103.27999877929688,2136415,0.0,0.0
2024-02-16,103.54000091552734,104.30999755859375,102.83999633789062,104.01000213623047,2780434,0.0,0.0
2024-02-19,103.69999694824219,104.0,103.41999816894531,103.7300033569336,2132386,0.0,0.0
2024-02-20,103.69000244140625,105.8499984741211,103.51000213623047,105.8499984741211,2617662,0.0,0.0
2024-02-21,105.5,105.62000274658203,104.43000030517578,105.05000305175781,1452653,0.0,0.0
2024-02-22,105.5,106.7300033569336,105.44000244140625,105.94999694824219,3346506,0.0,0.0
2024-02-23,106.58000183105469,106.58000183105469,104.81999969482422,105.44999694824219,2303919,0.0,0.0
2024-02-26,105.0,105.76000213623047,104.5999984741211,104.5999984741211,1170102,0.0,0.0
2024-02-27,106.16000366210938,107.9800033569336,106.16000366210938,107.9800033569336,3686127,0.0,0.0
2024-02-28,107.1500015258789,107.56999969482422,106.33000183105469,106.4000015258789,2346193,0.0,0.0
2024-02-29,106.25,106.75,105.66999816894531,106.5,1601831,0.0,0.0
2024-03-01,106.5,107.51000213623047,106.12999725341797,107.43000030517578,2084519,0.0,0.0
2024-03-04,107.19999694824219,107.72000122070312,105.44999694824219,105.6500015258789,2186562,0.0,0.0
2024-03-05,105.8499984741211,107.55999755859375,105.79000091552734,106.1500015258789,3056809,0.0,0.0
2024-03-06,107.80000305175781,107.80000305175781,106.06999969482422,106.69999694824219,2483788,0.0,0.0
2024-03-07,106.4000015258789,106.97000122070312,106.01000213623047,106.16000366210938,825189,0.0,0.0
2024-03-08,104.31999969482422,107.66000366210938,104.31999969482422,107.0,4601446,0.0,0.0
2024-03-11,106.05000305175781,107.19999694824219,106.05000305175781,106.16000366210938,1623313,0.0,0.0
2024-03-12,107.04000091552734,107.77999877929688,106.16000366210938,107.6500015258789,3238661,0.0,0.0
2024-03-13,107.4000015258789,108.70999908447266,107.12000274658203,108.0999984741211,2291058,0.0,0.0
2024-03-14,108.4000015258789,108.5,107.18000030517578,108.05000305175781,2619672,0.0,0.0
2024-03-15,107.76000213623047,108.5999984741211,106.66999816894531,106.66999816894531,2184336,0.0,0.0
2024-03-18,107.6500015258789,108.20999908447266,106.29000091552734,106.87000274658203,2217110,0.0,0.0
2024-03-19,107.0,107.66000366210938,106.23999786376953,107.5199966430664,1392318,0.0,0.0
2024-03-20,107.30000305175781,110.36000061035156,107.19000244140625,110.12000274658203,4417438,0.0,0.0
2024-03-21,110.13999938964844,110.13999938964844,108.86000061035156,109.4000015258789,1925038,0.0,0.0
2024-03-22,109.16999816894531,109.44000244140625,107.30000305175781,108.0,2032261,0.0,0.0
2024-03-25,107.91999816894531,108.48999786376953,107.37000274658203,107.37000274658203,1596662,0.0,0.0
2024-03-26,107.37000274658203,108.19999694824219,107.19999694824219,107.19999694824219,1018620,0.0,0.0
2024-03-27,107.29000091552734,108.8499984741211,106.95999908447266,108.8499984741211,2115106,0.0,0.0
2024-03-28,108.9000015258789,109.4000015258789,108.01000213623047,109.0,1343304,0.0,0.0
2024-04-01,109.0999984741211,109.37000274658203,107.68000030517578,107.79000091552734,1610407,0.0,0.0
2024-04-02,107.41000366210938,107.7699966430664,106.16000366210938,106.8499984741211,2144154,0.0,0.0
2024-04-03,106.8499984741211,107.44999694824219,105.38999938964844,106.05000305175781,2462861,0.0,0.0
2024-04-04,107.0,108.30000305175781,106.2300033569336,107.0,2793705,0.0,0.0
2024-04-05,106.87999725341797,107.2300033569336,105.55999755859375,105.9000015258789,2511085,0.0,0.0
2024-04-08,106.19999694824219,108.08999633789062,106.01000213623047,108.0,1826745,0.0,0.0
2024-04-09,108.3499984741211,109.4000015258789,107.87000274658203,109.4000015258789,2497748,0.0,0.0
2024-04-10,108.2699966430664,108.2699966430664,106.33000183105469,106.6500015258789,4819635,0.0,0.0
2024-04-11,106.62000274658203,106.83000183105469,105.56999969482422,105.73999786376953,3504269,0.0,0.0
2024-04-12,105.80000305175781,105.8499984741211,102.81999969482422,103.1500015258789,6675128,0.0,0.0
2024-04-15,103.25,103.38999938964844,100.80999755859375,101.5,5676733,0.0,0.0
2024-04-16,100.0,101.19000244140625,99.19999694824219,100.44999694824219,5906431,0.0,0.0
2024-04-17,101.54000091552734,101.94999694824219,99.5999984741211,99.8499984741211,3253523,0.0,0.0
2024-04-18,100.0,100.87999725341797,98.87000274658203,99.06999969482422,2082400,0.0,0.0
2024-04-19,99.4000015258789,101.23999786376953,99.0999984741211,101.0,3405565,0.0,0.0
2024-04-22,101.05000305175781,101.9000015258789,100.0199966430664,101.11000061035156,1517535,0.0,0.0
2024-04-23,100.6500015258789,101.25,99.55999755859375,100.9000015258789,1626555,0.0,0.0
2024-04-24,101.3499984741211,101.3499984741211,99.9800033569336,99.9800033569336,1740429,0.0,0.0
2024-04-25,99.69999694824219,100.05000305175781,98.5999984741211,99.4000015258789,2309435,0.0,0.0
2024-04-26,100.19000244140625,102.29000091552734,100.16999816894531,101.76000213623047,2555768,0.0,0.0
2024-04-29,102.44000244140625,102.8499984741211,101.69999694824219,102.8499984741211,1031903,0.0,0.0
2024-04-30,102.0,102.16000366210938,100.12999725341797,100.5,4315004,0.0,0.0
2024-05-02,102.19999694824219,102.9000015258789,101.36000061035156,101.80000305175781,1887682,0.0,0.0
2024-05-03,103.9000015258789,105.48999786376953,103.36000061035156,105.0,4116448,0.0,0.0
2024-05-06,104.5,104.87000274658203,103.0999984741211,103.0999984741211,2931504,0.0,0.0
2024-05-07,104.0,104.73999786376953,103.19999694824219,103.5999984741211,1463276,0.0,0.0
2024-05-08,102.5999984741211,104.06999969482422,102.3499984741211,104.06999969482422,1450396,0.0,0.0
2024-05-09,102.5,103.18000030517578,100.69999694824219,101.75,3360469,0.0,0.0
2024-05-10,101.72000122070312,103.22000122070312,100.6500015258789,100.6500015258789,2891075,0.0,0.0
2024-05-13,101.11000061035156,101.69999694824219,100.72000122070312,100.91000366210938,1130162,0.0,0.0
2024-05-14,101.0,102.12999725341797,100.72000122070312,101.0,3234201,0.0,0.0
2024-05-15,101.1500015258789,102.51000213623047,101.1500015258789,102.19999694824219,2622802,0.0,0.0
2024-05-16,102.41999816894531,102.75,101.47000122070312,102.01000213623047,2040586,0.0,0.0
2024-05-17,101.80000305175781,102.75,101.55000305175781,101.98999786376953,2031186,0.0,0.0
2024-05-20,101.66999816894531,102.80000305175781,101.13999938964844,102.25,1837099,0.0,0.0
2024-05-21,102.29000091552734,102.54000091552734,101.52999877929688,101.68000030517578,1935520,0.0,0.0
2024-05-22,101.55999755859375,101.55999755859375,99.8499984741211,99.8499984741211,2758219,0.0,0.0
2024-05-23,100.12999725341797,100.4000015258789,98.87000274658203,99.3499984741211,2680896,0.0,0.0
2024-05-24,99.68000030517578,100.02999877929688,99.04000091552734,99.0999984741211,981447,0.0,0.0
2024-05-27,99.16999816894531,99.62000274658203,98.5999984741211,99.62000274658203,550928,0.0,0.0
2024-05-28,100.4000015258789,101.4000015258789,98.19999694824219,98.4000015258789,1778957,0.0,0.0
2024-05-29,98.05000305175781,98.94999694824219,97.27999877929688,97.3499984741211,2062553,0.0,0.0
2024-05-31,97.76000213623047,97.94000244140625,96.4000015258789,96.87000274658203,1694700,0.0,0.0
2024-06-03,97.02999877929688,98.44999694824219,96.70999908447266,97.5,1927534,0.0,0.0
2024-06-04,97.4000015258789,97.54000091552734,96.47000122070312,96.69999694824219,2826382,0.0,0.0
2024-06-05,96.9800033569336,97.66999816894531,95.80000305175781,95.80000305175781,2243615,0.0,0.0
2024-06-06,96.1500015258789,98.16000366210938,96.01000213623047,97.87999725341797,1791493,0.0,0.0
2024-06-07,96.12000274658203,97.19999694824219,95.31999969482422,95.31999969482422,3308050,0.0,0.0
2024-06-10,95.61000061035156,96.0,94.16999816894531,94.5999984741211,3078176,0.0,0.0
2024-06-11,94.8499984741211,96.37000274658203,94.8499984741211,95.76000213623047,1375698,0.0,0.0
2024-06-12,97.58999633789062,97.58999633789062,94.20999908447266,94.20999908447266,2731429,0.0,0.0
2024-06-13,94.4000015258789,94.47000122070312,93.12999725341797,93.44999694824219,1916475,0.0,0.0
2024-06-14,93.63999938964844,94.5999984741211,92.94999694824219,93.37000274658203,1600186,0.0,0.0
2024-06-17,93.05000305175781,93.58000183105469,92.6500015258789,93.0,1777902,0.0,0.0
2024-06-18,93.0,93.70999908447266,92.62000274658203,93.30000305175781,1937248,0.0,0.0
2024-06-19,92.9000015258789,93.66999816894531,91.86000061035156,93.48999786376953,3356082,0.0,0.0
2024-06-20,94.55000305175781,95.12000274658203,93.4000015258789,94.0,2831413,0.0,0.0
2024-06-21,93.30999755859375,94.80000305175781,93.29000091552734,94.38999938964844,3851202,0.0,0.0
2024-06-24,94.91000366210938,96.56999969482422,94.62000274658203,96.30000305175781,3716279,0.0,0.0
2024-06-25,96.20999908447266,96.75,95.80000305175781,96.0,1999504,0.0,0.0
2024-06-26,94.94999694824219,96.12000274658203,94.6500015258789,96.12000274658203,2016742,0.0,0.0
2024-06-27,96.58999633789062,98.04000091552734,95.72000122070312,97.80000305175781,2630068,0.0,0.0
2024-06-28,97.52999877929688,98.05000305175781,96.08999633789062,96.44999694824219,2209859,0.0,0.0
2024-07-01,96.87999725341797,97.3499984741211,95.51000213623047,96.3499984741211,2369349,0.0,0.0
2024-07-02,96.3499984741211,97.45999908447266,96.30000305175781,96.77999877929688,1629340,0.0,0.0
2024-07-03,97.80000305175781,98.81999969482422,97.80000305175781,98.52999877929688,2716155,0.0,0.0
2024-07-04,99.0999984741211,100.94999694824219,99.0999984741211,100.62999725341797,5617399,0.0,0.0
2024-07-05,100.0199966430664,101.88999938964844,99.69000244140625,101.5,3436270,0.0,0.0
2024-07-08,101.80000305175781,101.80000305175781,100.62999725341797,100.9000015258789,1613751,0.0,0.0
2024-07-09,100.6500015258789,102.27999877929688,100.44999694824219,102.27999877929688,1579167,0.0,0.0
2024-07-10,103.13999938964844,103.5,101.72000122070312,102.0,4388273,0.0,0.0
2024-07-11,103.01000213623047,103.25,102.5,102.81999969482422,3943957,0.0,0.0
2024-07-12,102.5999984741211,103.19999694824219,102.12000274658203,102.69999694824219,2476195,0.0,0.0
2024-07-15,102.5,103.43000030517578,102.30999755859375,103.4000015258789,1212942,0.0,0.0
2024-07-16,103.5,104.0999984741211,102.80999755859375,103.3499984741211,2292850,0.0,0.0
2024-07-17,102.80000305175781,103.66999816894531,102.51000213623047,103.25,1134432,0.0,0.0
2024-07-18,102.6500015258789,103.18000030517578,100.30000305175781,100.30000305175781,5033548,0.0,0.0
2024-07-19,101.2300033569336,101.83999633789062,100.0,100.62999725341797,2519399,0.0,0.0
2024-07-22,100.98999786376953,102.01000213623047,100.62999725341797,101.80000305175781,1815782,0.0,0.0
2024-07-23,101.5999984741211,101.5999984741211,99.80000305175781,99.80000305175781,2608024,0.0,0.0
2024-07-24,99.70999908447266,99.80999755859375,98.6500015258789,98.6500015258789,1967836,0.0,0.0
2024-07-25,98.80000305175781,99.06999969482422,98.0,98.06999969482422,3133713,0.0,0.0
2024-07-26,98.75,99.30000305175781,97.80999755859375,99.30000305175781,2191940,0.0,0.0
2024-07-29,99.31999969482422,99.31999969482422,97.5,97.5,2221906,0.0,0.0
2024-07-30,97.0,97.91000366210938,96.81999969482422,97.30000305175781,2939443,0.0,0.0
2024-07-31,97.91000366210938,99.69999694824219,97.43000030517578,98.5,3450506,0.0,0.0
2024-08-01,98.9800033569336,100.0199966430664,97.7699966430664,97.97000122070312,3474056,0.0,0.0
2024-08-02,98.30000305175781,99.83999633789062,97.97000122070312,99.5,2523544,0.0,0.0
2024-08-05,97.05999755859375,98.44999694824219,95.66999816894531,97.80000305175781,2567946,0.0,0.0
2024-08-06,98.05000305175781,98.76000213623047,97.2300033569336,98.4000015258789,2188516,0.0,0.0
2024-08-07,98.97000122070312,100.97000122070312,98.97000122070312,100.9000015258789,2861124,0.0,0.0
2024-08-08,100.5,102.11000061035156,100.45999908447266,102.11000061035156,2155034,0.0,0.0
2024-08-09,102.4000015258789,104.44999694824219,102.0999984741211,104.19999694824219,4181503,0.0,0.0
2024-08-12,104.25,104.93000030517578,103.81999969482422,104.0,1869388,0.0,0.0
2024-08-13,104.20999908447266,104.87000274658203,102.0999984741211,104.0,3727904,0.0,0.0
2024-08-14,103.69999694824219,104.4000015258789,103.43000030517578,103.5,2551322,0.0,0.0
2024-08-15,103.70999908447266,105.4800033569336,103.33000183105469,104.62000274658203,4111216,0.0,0.0
2024-08-16,105.18000030517578,105.4800033569336,102.91000366210938,102.98999786376953,5183907,0.0,0.0
2024-08-19,103.91000366210938,106.0,103.30999755859375,106.0,2303766,0.0,0.0
2024-08-20,105.83000183105469,106.3499984741211,104.94999694824219,105.94000244140625,1757282,0.0,0.0
2024-08-21,105.94000244140625,106.7300033569336,105.30000305175781,105.5999984741211,1706033,0.0,0.0
2024-08-22,105.58999633789062,105.62000274658203,103.13999938964844,103.13999938964844,2550801,0.0,0.0
2024-08-23,103.94000244140625,106.5,103.75,105.8499984741211,3021943,0.0,0.0
2024-08-26,106.04000091552734,106.2300033569336,105.20999908447266,105.77999877929688,1944964,0.0,0.0
2024-08-27,105.73999786376953,106.04000091552734,104.75,104.75,1390470,0.0,0.0
2024-08-28,104.0999984741211,104.91999816894531,103.9000015258789,104.31999969482422,1838134,0.0,0.0
2024-08-29,104.11000061035156,104.19999694824219,102.26000213623047,102.66000366210938,2374524,0.0,0.0
2024-08-30,102.12000274658203,103.0999984741211,101.26000213623047,102.7699966430664,2456167,0.0,0.0
2024-09-02,101.79000091552734,102.54000091552734,101.61000061035156,102.54000091552734,1121034,0.0,0.0
2024-09-03,102.75,103.31999969482422,101.7699966430664,101.94000244140625,2571110,0.0,0.0
2024-09-04,102.51000213623047,104.58999633789062,102.31999969482422,104.05000305175781,1433726,0.0,0.0
2024-09-05,104.04000091552734,104.05000305175781,102.41000366210938,103.43000030517578,984301,0.0,0.0
2024-09-06,103.1500015258789,104.1500015258789,101.70999908447266,101.70999908447266,1693353,0.0,0.0
2024-09-09,101.9800033569336,102.13999938964844,101.11000061035156,101.19999694824219,1086501,0.0,0.0
2024-09-10,100.87999725341797,101.43000030517578,100.16999816894531,100.86000061035156,1659291,0.0,0.0
2024-09-11,101.27999877929688,102.0199966430664,100.80000305175781,101.44999694824219,2309576,0.0,0.0
2024-09-12,101.12999725341797,101.61000061035156,100.75,101.1500015258789,1208788,0.0,0.0
2024-09-13,101.41999816894531,103.68000030517578,101.41999816894531,102.87000274658203,2290754,0.0,0.0
2024-09-16,103.5,103.66000366210938,103.02999877929688,103.5,1201081,0.0,0.0
2024-09-17,102.51000213623047,103.33000183105469,102.0999984741211,103.08999633789062,1232071,0.0,0.0
2024-09-18,102.30000305175781,104.80000305175781,102.29000091552734,102.29000091552734,2404839,0.0,0.0
2024-09-19,103.18000030517578,103.44999694824219,100.43000030517578,100.43000030517578,3255935,0.0,0.0
2024-09-20,100.5999984741211,100.69000244140625,97.73999786376953,98.0,5776226,0.0,0.0
2024-09-23,98.0,98.62999725341797,97.12999725341797,97.8499984741211,1849288,0.0,0.0
2024-09-24,99.31999969482422,100.0199966430664,98.68000030517578,99.30000305175781,2622920,0.0,0.0
2024-09-25,99.69999694824219,99.9800033569336,97.69999694824219,97.69999694824219,1307787,0.0,0.0
2024-09-26,98.87999725341797,99.36000061035156,98.12999725341797,98.20999908447266,2346529,0.0,0.0
2024-09-27,98.30999755859375,100.0999984741211,98.30999755859375,98.91000366210938,1287783,0.0,0.0
2024-09-30,99.83000183105469,99.83000183105469,97.91999816894531,97.95999908447266,1010619,0.0,0.0
2024-10-01,98.6500015258789,99.33000183105469,97.5999984741211,97.5999984741211,1672328,0.0,0.0
2024-10-02,99.05999755859375,100.22000122070312,98.62999725341797,99.29000091552734,1274645,0.0,0.0
2024-10-03,98.0,98.41000366210938,96.98999786376953,98.01000213623047,3193616,0.0,0.0
2024-10-04,97.5,98.38999938964844,97.5,98.19999694824219,2181238,0.0,0.0
2024-10-07,98.41000366210938,99.19000244140625,97.55999755859375,97.55999755859375,991441,0.0,0.0
2024-10-08,97.83999633789062,98.54000091552734,97.80999755859375,98.0,1131509,0.0,0.0
2024-10-09,97.30000305175781,97.88999938964844,96.26000213623047,96.3499984741211,1686403,0.0,0.0
2024-10-10,96.3499984741211,96.68000030517578,95.69000244140625,96.20999908447266,923835,0.0,0.0
2024-10-11,95.77999877929688,96.98999786376953,95.23999786376953,96.79000091552734,1042169,0.0,0.0
2024-10-14,96.58999633789062,97.9800033569336,96.11000061035156,97.58000183105469,2056965,0.0,0.0
2024-10-15,97.86000061035156,99.66000366210938,97.04000091552734,97.5,2240338,0.0,0.0
2024-10-16,97.19999694824219,98.87000274658203,97.1500015258789,97.81999969482422,1362423,0.0,0.0
2024-10-17,97.30000305175781,98.05000305175781,96.33000183105469,97.69999694824219,962407,0.0,0.0
2024-10-18,98.8499984741211,98.8499984741211,97.08999633789062,97.1500015258789,1990559,0.0,0.0
2024-10-21,97.29000091552734,97.94000244140625,97.20999908447266,97.37000274658203,1084684,0.0,0.0
2024-10-22,97.0,97.66999816894531,96.33999633789062,96.61000061035156,586674,0.0,0.0
2024-10-23,96.30000305175781,96.80999755859375,95.93000030517578,96.79000091552734,678574,0.0,0.0
2024-10-24,96.63999938964844,97.6500015258789,96.01000213623047,97.5999984741211,1543992,0.0,0.0
2024-10-25,97.5,97.79000091552734,96.4000015258789,96.4000015258789,1445630,0.0,0.0
2024-10-28,97.5,98.16000366210938,97.36000061035156,97.69999694824219,1351809,0.0,0.0
2024-10-29,97.81999969482422,97.91999816894531,96.62000274658203,96.75,2733406,0.0,0.0
2024-10-30,96.81999969482422,98.2300033569336,96.66999816894531,98.0999984741211,1116118,0.0,0.0
2024-10-31,97.72000122070312,98.36000061035156,97.20999908447266,97.25,2509429,0.0,0.0
2024-11-01,97.25,97.56999969482422,94.75,95.0199966430664,2398930,0.0,0.0
2024-11-04,97.25,98.58999633789062,94.75,98.44000244140625,3188992,0.0,0.0
2024-11-05,98.11000061035156,98.97000122070312,97.26000213623047,98.41999816894531,2391402,0.0,0.0
2024-11-06,96.72000122070312,99.4800033569336,96.72000122070312,99.0,4709718,0.0,0.0
2024-11-07,99.5999984741211,100.3499984741211,96.72000122070312,97.19999694824219,3061524,0.0,0.0
2024-11-08,96.0,96.25,95.11000061035156,95.5999984741211,3835026,0.0,0.0
2024-11-11,95.76000213623047,97.0,95.31999969482422,97.0,1516089,0.0,0.0
2024-11-12,97.12000274658203,97.73999786376953,96.01000213623047,96.4000015258789,1452014,0.0,0.0
2024-11-13,96.41999816894531,96.9000015258789,95.05000305175781,96.62999725341797,4797041,0.0,0.0
2024-11-14,96.0199966430664,96.97000122070312,95.54000091552734,95.98999786376953,2296915,0.0,0.0
2024-11-18,95.58999633789062,96.43000030517578,95.4000015258789,95.62000274658203,821087,0.0,0.0
2024-11-19,95.5,96.87000274658203,95.4000015258789,96.62999725341797,1267820,0.0,0.0
2024-11-21,96.0,96.29000091552734,94.9000015258789,94.9000015258789,878933,0.0,0.0
2024-11-22,96.23999786376953,97.0,95.20999908447266,97.0,1260878,0.0,0.0
2024-11-25,97.1500015258789,98.68000030517578,96.9000015258789,98.25,2162968,0.0,0.0
2024-11-26,98.5,100.0,97.83000183105469,99.69999694824219,2935747,0.0,0.0
2024-11-27,99.5999984741211,100.0,93.5199966430664,96.01000213623047,3397584,0.0,0.0
2024-11-28,95.5,96.06999969482422,91.75,91.75,4641228,0.0,0.0
2024-11-29,91.5999984741211,93.47000122070312,89.16000366210938,93.31999969482422,4566135,0.0,0.0
2024-12-02,92.54000091552734,93.23999786376953,91.98999786376953,92.4000015258789,2922108,0.0,0.0
2024-12-03,92.41000366210938,93.77999877929688,92.08000183105469,92.7300033569336,1905163,0.0,0.0
2024-12-04,92.68000030517578,93.8499984741211,92.44000244140625,92.44000244140625,1273850,0.0,0.0
2024-12-05,93.31999969482422,94.88999938964844,93.01000213623047,94.05000305175781,1624922,0.0,0.0
2024-12-06,93.56999969482422,94.31999969482422,91.66000366210938,91.66000366210938,2275648,0.0,0.0
2024-12-09,92.12000274658203,93.0,91.33000183105469,91.69999694824219,2542823,0.0,0.0
2024-12-10,91.80000305175781,93.47000122070312,91.73999786376953,92.91000366210938,1537509,0.0,0.0
2024-12-11,93.25,99.5,93.04000091552734,96.5,5126007,0.0,0.0
2024-12-12,94.5,95.47000122070312,91.88999938964844,92.75,4237945,0.0,0.0
2024-12-13,92.19999694824219,93.94999694824219,91.22000122070312,91.22000122070312,3346693,0.0,0.0
2024-12-16,91.44000244140625,92.19000244140625,90.25,90.51000213623047,2814129,0.0,0.0
2024-12-17,90.26000213623047,91.5,89.91000366210938,90.5,2542341,0.0,0.0
2024-12-18,89.69999694824219,90.08000183105469,85.87999725341797,86.44999694824219,2089636,0.0,0.0
2024-12-19,87.4800033569336,87.56999969482422,85.91000366210938,87.19000244140625,1982839,0.0,0.0
2024-12-20,87.19000244140625,89.05999755859375,86.13999938964844,88.9800033569336,4320014,0.0,0.0
2024-12-23,88.0,88.0,85.69999694824219,85.69999694824219,1723427,0.0,0.0
2024-12-26,85.70999908447266,86.18000030517578,85.1500015258789,85.47000122070312,1888121,0.0,0.0
2024-12-27,85.94999694824219,86.5,85.44000244140625,85.6500015258789,1141653,0.0,0.0
2024-12-30,86.0,87.08000183105469,85.43000030517578,85.94999694824219,1409576,0.0,0.0
2025-01-02,86.0,86.2300033569336,84.51000213623047,84.9000015258789,1672189,0.0,0.0
2025-01-03,85.0,85.6500015258789,84.1500015258789,84.1500015258789,663671,0.0,0.0
2025-01-06,85.6500015258789,86.54000091552734,85.0,86.41999816894531,1481846,0.0,0.0
2025-01-07,87.11000061035156,87.76000213623047,86.75,86.8499984741211,1114221,0.0,0.0
2025-01-08,86.8499984741211,87.12999725341797,85.56999969482422,85.5999984741211,845246,0.0,0.0
2025-01-09,85.5,86.30000305175781,85.44000244140625,85.54000091552734,926680,0.0,0.0
2025-01-10,85.97000122070312,85.97000122070312,84.69999694824219,85.0,1287811,0.0,0.0
2025-01-13,85.0,85.5,84.48999786376953,84.48999786376953,603597,0.0,0.0
2025-01-14,84.80000305175781,85.38999938964844,84.2699966430664,85.16000366210938,1245901,0.0,0.0
2025-01-15,85.6500015258789,88.44999694824219,85.63999938964844,88.30000305175781,3658482,0.0,0.0
2025-01-16,87.66999816894531,88.44000244140625,86.0999984741211,86.0999984741211,1628049,0.0,0.0
2025-01-17,86.19999694824219,87.29000091552734,85.55999755859375,86.68000030517578,1234751,0.0,0.0
2025-01-20,86.11000061035156,87.86000061035156,85.87000274658203,87.4000015258789,1095025,0.0,0.0
2025-01-21,86.7699966430664,87.9800033569336,86.76000213623047,87.51000213623047,686618,0.0,0.0
2025-01-22,87.80000305175781,88.7300033569336,87.55000305175781,88.0,1241121,0.0,0.0
2025-01-23,88.06999969482422,88.83999633789062,87.16000366210938,87.41000366210938,1632662,0.0,0.0
2025-01-24,87.44999694824219,88.75,87.44000244140625,88.05999755859375,1672179,0.0,0.0
2025-01-27,87.97000122070312,90.62000274658203,87.0199966430664,90.51000213623047,2594176,0.0,0.0
2025-01-28,90.30999755859375,90.63999938964844,89.26000213623047,89.26000213623047,1259311,0.0,0.0
2025-01-29,89.80000305175781,90.08999633789062,89.01000213623047,89.01000213623047,1121140,0.0,0.0
2025-01-30,89.23999786376953,92.41999816894531,89.23999786376953,91.94999694824219,4678874,0.0,0.0
2025-01-31,92.48999786376953,92.93000030517578,91.18000030517578,91.4000015258789,2183456,0.0,0.0
2025-02-03,91.26000213623047,91.87000274658203,90.61000061035156,91.72000122070312,1418323,0.0,0.0
2025-02-04,91.29000091552734,91.48999786376953,90.1500015258789,90.6500015258789,2931643,0.0,0.0
2025-02-05,90.88999938964844,90.9000015258789,89.37999725341797,89.80000305175781,3617991,0.0,0.0
2025-02-06,90.0,91.4800033569336,89.80999755859375,91.19000244140625,1534819,0.0,0.0
2025-02-07,91.1500015258789,91.55999755859375,89.69999694824219,90.01000213623047,2129017,0.0,0.0
2025-02-10,90.58000183105469,91.98999786376953,90.30000305175781,91.0199966430664,1701537,0.0,0.0
2025-02-11,90.80000305175781,92.30999755859375,90.70999908447266,92.05000305175781,1654477,0.0,0.0
2025-02-12,91.29000091552734,91.58999633789062,90.16999816894531,90.20999908447266,951004,0.0,0.0
2025-02-13,90.0,90.83000183105469,89.81999969482422,90.75,917503,0.0,0.0
2025-02-14,91.47000122070312,93.75,91.47000122070312,93.6500015258789,2261215,0.0,0.0
2025-02-17,94.08999633789062,95.72000122070312,93.94000244140625,94.80000305175781,3428962,0.0,0.0
2025-02-18,94.4000015258789,95.05999755859375,93.72000122070312,94.5,1044175,0.0,0.0
2025-02-19,93.1500015258789,93.97000122070312,92.20999908447266,92.20999908447266,1855731,0.0,0.0
2025-02-20,92.55000305175781,93.31999969482422,92.30000305175781,92.7300033569336,2830101,0.0,0.0
2025-02-21,93.0,93.23999786376953,91.22000122070312,92.22000122070312,4095492,0.0,0.0
2025-02-24,92.41000366210938,92.66999816894531,90.31999969482422,90.77999877929688,1999302,0.0,0.0
2025-02-25,90.80000305175781,91.29000091552734,90.1500015258789,90.5999984741211,803961,0.0,0.0
2025-02-26,91.5,91.66000366210938,89.0,89.0,1212920,0.0,0.0
2025-02-27,89.01000213623047,90.11000061035156,88.69000244140625,89.04000091552734,1523465,0.0,0.0
2025-02-28,88.62999725341797,89.69999694824219,87.56999969482422,87.5999984741211,1748271,0.0,0.0
2025-03-05,88.38999938964844,88.41999816894531,87.4000015258789,87.7699966430664,1303821,0.0,0.0
2025-03-06,87.7699966430664,89.29000091552734,87.68000030517578,88.2699966430664,831445,0.0,0.0
2025-03-07,87.83000183105469,90.81999969482422,87.18000030517578,90.37000274658203,2339318,0.0,0.0
2025-03-10,89.41999816894531,90.6500015258789,89.27999877929688,89.66999816894531,1556957,0.0,0.0
2025-03-11,89.75,89.79000091552734,88.26000213623047,89.30000305175781,1116848,0.0,0.0
2025-03-12,89.01000213623047,89.87999725341797,88.73999786376953,89.48999786376953,1232690,0.0,0.0
2025-03-13,89.22000122070312,90.37000274658203,88.80000305175781,90.12000274658203,1516404,0.0,0.0
2025-03-14,90.56999969482422,93.19999694824219,90.56999969482422,92.41000366210938,4072017,0.0,0.0
2025-03-17,92.9000015258789,94.44999694824219,92.58000183105469,93.9000015258789,2724901,0.0,0.0
2025-03-18,93.54000091552734,94.76000213623047,93.37000274658203,94.05000305175781,1511270,0.0,0.0
2025-03-19,93.98999786376953,95.72000122070312,93.5999984741211,95.66000366210938,2731448,0.0,0.0
2025-03-20,94.9000015258789,95.79000091552734,94.37000274658203,94.69999694824219,762976,0.0,0.0
2025-03-21,94.2300033569336,95.33000183105469,94.16000366210938,94.7699966430664,1082572,0.0,0.0
2025-03-24,94.8499984741211,95.2699966430664,93.8499984741211,93.8499984741211,925534,0.0,0.0
2025-03-25,94.11000061035156,96.44999694824219,94.0199966430664,95.25,1550170,0.0,0.0
2025-03-26,95.72000122070312,96.30000305175781,95.05999755859375,95.80000305175781,1401842,0.0,0.0
2025-03-27,95.80000305175781,97.19999694824219,95.4000015258789,96.30999755859375,1588599,0.0,0.0
2025-03-28,96.25,96.58999633789062,94.33000183105469,95.4000015258789,1825884,0.0,0.0
2025-03-31,94.87000274658203,94.87000274658203,93.41999816894531,93.41999816894531,1192612,0.0,0.0
2025-04-01,93.77999877929688,95.5999984741211,93.6500015258789,94.9000015258789,1085807,0.0,0.0
2025-04-02,94.9000015258789,96.98999786376953,94.36000061035156,96.98999786376953,1359199,0.0,0.0
2025-04-03,96.0,98.22000122070312,95.02999877929688,96.80000305175781,3207552,0.0,0.0
2025-04-04,95.08999633789062,95.08999633789062,92.75,92.95999908447266,2534860,0.0,0.0
2025-04-07,91.8499984741211,93.91000366210938,90.27999877929688,92.0,2337832,0.0,0.0
2025-04-08,92.94999694824219,93.80999755859375,90.5999984741211,91.19999694824219,1139234,0.0,0.0
2025-04-09,90.19999694824219,97.0199966430664,89.33999633789062,93.19999694824219,2748455,0.0,0.0
2025-04-10,93.44000244140625,93.5199966430664,91.77999877929688,92.19999694824219,977164,0.0,0.0
2025-04-11,93.0999984741211,95.73999786376953,92.44999694824219,94.6500015258789,1522852,0.0,0.0
2025-04-14,95.9800033569336,96.20999908447266,94.80999755859375,96.20999908447266,1003221,0.0,0.0
2025-04-15,95.80000305175781,96.05999755859375,95.30000305175781,96.05999755859375,544233,0.0,0.0
2025-04-16,96.05999755859375,96.87000274658203,95.45999908447266,96.08999633789062,1693783,0.0,0.0
2025-04-17,96.30000305175781,97.73999786376953,95.76000213623047,97.26000213623047,1149896,0.0,0.0
2025-04-22,97.29000091552734,98.88999938964844,96.6500015258789,98.44999694824219,965029,0.0,0.0
2025-04-23,99.2300033569336,100.55999755859375,98.87000274658203,99.0,1364485,0.0,0.0
2025-04-24,99.62000274658203,102.25,99.16000366210938,102.25,3212442,0.0,0.0
2025-04-25,102.08999633789062,102.48999786376953,101.69999694824219,102.11000061035156,1009862,0.0,0.0
2025-04-28,102.22000122070312,102.73999786376953,101.18000030517578,101.18000030517578,1024564,0.0,0.0
2025-04-29,101.6500015258789,102.91000366210938,101.12000274658203,101.12000274658203,1456212,0.0,0.0
2025-04-30,100.62000274658203,102.1500015258789,100.01000213623047,101.5,2239051,0.0,0.0
2025-05-02,101.69999694824219,101.87999725341797,100.4800033569336,101.33999633789062,986022,0.0,0.0
2025-05-05,101.87999725341797,102.48999786376953,100.4000015258789,100.98999786376953,1222870,0.0,0.0
2025-05-06,101.19999694824219,101.94999694824219,99.88999938964844,100.30000305175781,2223168,0.0,0.0
2025-05-07,100.69000244140625,100.94000244140625,99.0999984741211,100.11000061035156,1402408,0.0,0.0
2025-05-08,101.62000274658203,104.02999877929688,101.62000274658203,102.91999816894531,2983319,0.0,0.0
2025-05-09,103.31999969482422,103.44999694824219,101.5199966430664,102.56999969482422,2240733,0.0,0.0
2025-05-12,102.55000305175781,102.94999694824219,101.20999908447266,102.3499984741211,2049385,0.0,0.0
2025-05-13,102.55999755859375,104.38999938964844,102.30000305175781,104.22000122070312,3523282,0.0,0.0
2025-05-14,104.27999877929688,104.75,103.51000213623047,103.6500015258789,1375351,0.0,0.0
2025-05-15,104.02999877929688,105.55000305175781,103.9000015258789,105.0,1797617,0.0,0.0
2025-05-16,104.44000244140625,106.4000015258789,103.5,106.0,2685123,0.0,0.0
2025-05-19,105.05000305175781,106.88999938964844,105.05000305175781,106.75,1256399,0.0,0.0
2025-05-20,106.30000305175781,106.98999786376953,105.22000122070312,106.3499984741211,1222941,0.0,0.0
2025-05-21,106.0,106.87000274658203,104.2300033569336,104.5999984741211,2734176,0.0,0.0
2025-05-22,104.4000015258789,106.4800033569336,104.29000091552734,105.05000305175781,2556438,0.0,0.0
2025-05-23,103.5,105.26000213623047,102.0,104.94999694824219,2243837,0.0,0.0
2025-05-26,105.5199966430664,106.58999633789062,105.3499984741211,105.98999786376953,1081555,0.0,0.0
2025-05-27,107.83999633789062,108.8499984741211,107.63999938964844,108.19999694824219,1470302,0.0,0.0
2025-05-28,107.83000183105469,108.97000122070312,107.23999786376953,108.75,1629870,0.0,0.0
2025-05-29,108.4000015258789,108.83000183105469,107.36000061035156,108.69999694824219,1195465,0.0,0.0
2025-05-30,108.62000274658203,108.66999816894531,106.63999938964844,107.63999938964844,2346865,0.0,0.0
2025-06-02,108.41999816894531,109.13999938964844,106.9000015258789,107.5999984741211,1008734,0.0,0.0
2025-06-03,107.5999984741211,109.98999786376953,107.44000244140625,109.98999786376953,3180449,0.0,0.0
2025-06-04,110.5199966430664,111.9000015258789,109.06999969482422,109.16999816894531,1974452,0.0,0.0
2025-06-05,109.48999786376953,110.08999633789062,108.13999938964844,108.48999786376953,3012347,0.0,0.0
2025-06-06,108.69000244140625,109.2300033569336,106.62999725341797,107.73999786376953,2593463,0.0,0.0
2025-06-09,107.30000305175781,107.54000091552734,105.5199966430664,107.19999694824219,2831748,0.0,0.0
2025-06-10,108.7699966430664,108.9800033569336,107.69000244140625,107.93000030517578,1493728,0.0,0.0
2025-06-11,107.73999786376953,109.22000122070312,107.33999633789062,108.44000244140625,1315238,0.0,0.0
2025-06-12,107.72000122070312,109.0,107.51000213623047,108.4000015258789,1430598,0.0,0.0
2025-06-13,107.80000305175781,108.0199966430664,106.4800033569336,107.29000091552734,1474212,0.0,0.0
2025-06-16,108.19999694824219,110.05999755859375,108.12000274658203,110.05999755859375,961581,0.0,0.0
2025-06-17,110.19000244140625,110.38999938964844,108.37000274658203,109.19999694824219,1234495,0.0,0.0
2025-06-18,110.19000244140625,110.38999938964844,108.30999755859375,109.05999755859375,735173,0.0,0.0
2025-06-20,108.4000015258789,108.4000015258789,106.9000015258789,107.73999786376953,976862,0.0,0.0
2025-06-23,107.30000305175781,107.37000274658203,105.95999908447266,107.0999984741211,1850739,0.0,0.0
2025-06-24,107.16000366210938,108.91000366210938,107.01000213623047,108.0,1393062,0.0,0.0
2025-06-25,107.37999725341797,107.45999908447266,106.36000061035156,106.36000061035156,353771,0.0,0.0
2025-06-26,106.91999816894531,108.27999877929688,106.81999969482422,107.87999725341797,809713,0.0,0.0
2025-06-27,107.05999755859375,108.4000015258789,106.98999786376953,107.31999969482422,1048179,0.0,0.0
2025-06-30,107.30000305175781,109.18000030517578,106.76000213623047,109.02999877929688,1244754,0.0,0.0
2025-07-01,109.45999908447266,109.94999694824219,108.3499984741211,109.18000030517578,852972,0.0,0.0
2025-07-02,109.69999694824219,109.69999694824219,106.63999938964844,106.87999725341797,2329146,0.0,0.0
2025-07-03,107.0999984741211,108.87999725341797,106.87999725341797,108.33999633789062,2249001,0.0,0.0
2025-07-04,108.02999877929688,109.19999694824219,107.69000244140625,108.80000305175781,583304,0.0,0.0
2025-07-07,109.06999969482422,109.16000366210938,107.61000061035156,107.8499984741211,1208491,0.0,0.0
2025-07-08,108.12000274658203,108.75,107.72000122070312,108.75,1059564,0.0,0.0
2025-07-09,108.05999755859375,108.41999816894531,106.5,106.5,1244927,0.0,0.0
2025-07-10,105.0,106.48999786376953,104.01000213623047,105.8499984741211,1627917,0.0,0.0
2025-07-11,105.81999969482422,106.38999938964844,104.69999694824219,105.30000305175781,1845318,0.0,0.0
2025-07-14,104.83999633789062,105.68000030517578,103.69999694824219,104.0,737410,0.0,0.0
2025-07-15,105.0,105.68000030517578,104.12999725341797,105.0,1654314,0.0,0.0
2025-07-16,105.19999694824219,105.47000122070312,103.91000366210938,104.80000305175781,1900139,0.0,0.0
2025-07-17,104.91999816894531,105.58999633789062,104.41999816894531,105.48999786376953,1465888,0.0,0.0
2025-07-18,104.69999694824219,104.81999969482422,102.77999877929688,102.77999877929688,2480722,0.0,0.0
2025-07-21,102.72000122070312,103.5,102.5,102.94999694824219,2809117,0.0,0.0
2025-07-22,103.23999786376953,103.83999633789062,102.3499984741211,102.5,1922722,0.0,0.0
2025-07-23,102.06999969482422,104.48999786376953,101.61000061035156,104.0199966430664,1423398,0.0,0.0
2025-07-24,103.44999694824219,104.38999938964844,102.55000305175781,102.7699966430664,2134520,0.0,0.0
2025-07-25,102.7699966430664,103.27999877929688,102.48999786376953,102.83000183105469,476401,0.0,0.0
2025-07-28,102.91999816894531,103.23999786376953,100.94999694824219,101.5999984741211,3148154,0.0,0.0
2025-07-29,101.63999938964844,102.20999908447266,101.05999755859375,101.77999877929688,1765672,0.0,0.0
2025-07-30,101.75,104.41000366210938,101.26000213623047,103.3499984741211,2334915,0.0,0.0
2025-07-31,102.88999938964844,104.18000030517578,101.4000015258789,101.91999816894531,2905471,0.0,0.0
2025-08-01,103.25,103.91000366210938,102.01000213623047,102.01000213623047,2694036,0.0,0.0
2025-08-04,102.91000366210938,103.3499984741211,101.61000061035156,101.97000122070312,1715988,0.0,0.0
2025-08-05,101.86000061035156,103.0,101.66999816894531,102.01000213623047,1489565,0.0,0.0
2025-08-06,102.6500015258789,104.25,102.25,103.58000183105469,2382059,0.0,0.0
2025-08-07,104.3499984741211,105.2699966430664,103.80000305175781,105.0,3950551,0.0,0.0
2025-08-08,104.88999938964844,105.44999694824219,103.33999633789062,103.5999984741211,2411164,0.0,0.0
2025-08-11,103.5,103.75,102.41000366210938,102.5,1100755,0.0,0.0
2025-08-12,103.98999786376953,104.94999694824219,103.80000305175781,104.37000274658203,4012315,0.0,0.0
2025-08-13,104.1500015258789,104.30999755859375,102.66999816894531,102.66999816894531,1900947,0.0,0.0
2025-08-14,101.9000015258789,103.2699966430664,101.9000015258789,102.4000015258789,1648331,0.0,0.0
2025-08-15,102.41000366210938,103.56999969482422,102.16999816894531,103.52999877929688,1916368,0.0,0.0
2025-08-18,103.29000091552734,105.1500015258789,103.29000091552734,104.51000213623047,3081336,0.0,0.0
2025-08-19,103.5,103.88999938964844,101.5999984741211,101.70999908447266,2555874,0.0,0.0
2025-08-20,101.7300033569336,102.4000015258789,101.63999938964844,101.98999786376953,928154,0.0,0.0
2025-08-21,101.5,102.3499984741211,101.01000213623047,101.33000183105469,1554705,0.0,0.0
2025-08-22,101.72000122070312,104.69999694824219,101.72000122070312,104.69999694824219,1779024,0.0,0.0
2025-08-25,105.0,105.48999786376953,104.31999969482422,104.31999969482422,1727182,0.0,0.0
2025-08-26,104.25,104.81999969482422,103.94999694824219,104.69999694824219,681380,0.0,0.0
2025-08-27,104.5,106.02999877929688,104.23999786376953,105.75,1559336,0.0,0.0
2025-08-28,106.54000091552734,108.48999786376953,106.5,108.08999633789062,2051379,0.0,0.0
2025-08-29,107.5999984741211,108.55999755859375,107.43000030517578,107.43000030517578,1167887,0.0,0.0
2025-09-01,107.55000305175781,108.72000122070312,107.36000061035156,107.5199966430664,655281,0.0,0.0
2025-09-02,106.5,107.55999755859375,106.2699966430664,106.72000122070312,1301598,0.0,0.0
2025-09-03,107.19999694824219,107.58999633789062,106.38999938964844,106.91000366210938,1267104,0.0,0.0
2025-09-04,106.91999816894531,108.70999908447266,106.55999755859375,108.6500015258789,1016229,0.0,0.0
2025-09-05,109.45999908447266,110.79000091552734,108.4000015258789,110.30000305175781,2102942,0.0,0.0
2025-09-08,110.4000015258789,110.77999877929688,108.75,109.11000061035156,1093226,0.0,0.0
2025-09-09,108.9000015258789,109.6500015258789,108.44999694824219,108.87000274658203,1229164,0.0,0.0
2025-09-10,108.69999694824219,109.61000061035156,108.69999694824219,109.25,760229,0.0,0.0
2025-09-11,109.94999694824219,110.81999969482422,109.19999694824219,110.25,1344316,0.0,0.0
2025-09-12,109.51000213623047,110.25,109.0199966430664,109.25,773656,0.0,0.0
2025-09-15,109.55000305175781,111.05999755859375,109.43000030517578,110.66999816894531,1946770,0.0,0.0
2025-09-16,111.25,111.87000274658203,110.98999786376953,111.5999984741211,805568,0.0,0.0
2025-09-17,111.43000030517578,113.88999938964844,111.31999969482422,113.0,2372647,0.0,0.0
2025-09-18,112.6500015258789,112.9800033569336,112.19999694824219,112.36000061035156,1333573,0.0,0.0
2025-09-19,112.26000213623047,113.0,111.81999969482422,112.70999908447266,487538,0.0,0.0
2025-09-22,112.3499984741211,112.3499984741211,109.33999633789062,110.0999984741211,2505747,0.0,0.0
2025-09-23,110.36000061035156,112.91999816894531,110.19999694824219,110.7699966430664,1167977,0.0,0.0
2025-09-24,110.79000091552734,111.41999816894531,110.48999786376953,110.62000274658203,1892594,0.0,0.0
2025-09-25,110.62000274658203,110.62000274658203,108.9000015258789,109.05000305175781,3491328,0.0,0.0
2025-09-26,109.61000061035156,109.88999938964844,109.05000305175781,109.75,865389,0.0,0.0
2025-09-29,110.98999786376953,111.20999908447266,110.05000305175781,110.0999984741211,737941,0.0,0.0
2025-09-30,110.94000244140625,111.19999694824219,109.43000030517578,109.66999816894531,1946129,0.0,0.0
2025-10-01,109.98999786376953,109.98999786376953,109.05999755859375,109.4000015258789,2508925,0.0,0.0
2025-10-02,109.25,109.69999694824219,107.33000183105469,107.55000305175781,3140405,0.0,0.0
2025-10-03,107.2699966430664,108.23999786376953,107.16999816894531,108.13999938964844,1198393,0.0,0.0
2025-10-06,107.88999938964844,108.43000030517578,106.52999877929688,106.7699966430664,3174207,0.0,0.0
2025-10-07,106.01000213623047,106.76000213623047,104.01000213623047,104.0999984741211,4556290,0.0,0.0
2025-10-08,104.98999786376953,105.94999694824219,104.5,105.0999984741211,3500776,0.0,0.0
2025-10-09,106.05000305175781,106.05000305175781,103.44999694824219,103.44999694824219,2084636,0.0,0.0
2025-10-10,104.2300033569336,104.30999755859375,101.72000122070312,102.80000305175781,3949712,0.0,0.0
2025-10-13,104.0999984741211,104.30000305175781,103.5,103.87999725341797,1182992,0.0,0.0
2025-10-14,103.08000183105469,104.26000213623047,103.0,103.30999755859375,944673,0.0,0.0
2025-10-15,103.0999984741211,105.47000122070312,103.05000305175781,105.25,1106368,0.0,0.0
2025-10-16,104.30999755859375,105.41000366210938,103.54000091552734,103.54000091552734,1047711,0.0,0.0
2025-10-17,103.16999816894531,105.08999633789062,103.16999816894531,104.94999694824219,1297110,0.0,0.0
2025-10-20,105.0,106.61000061035156,104.98999786376953,106.02999877929688,2278863,0.0,0.0
2025-10-21,105.0,106.61000061035156,104.98999786376953,105.69999694824219,812245,0.0,0.0
2025-10-22,106.5199966430664,106.5199966430664,105.52999877929688,106.0,950682,0.0,0.0
2025-10-23,107.37000274658203,107.37000274658203,106.05000305175781,106.86000061035156,1155360,0.0,0.0
2025-10-27,108.63999938964844,109.47000122070312,108.0199966430664,108.5,1000443,0.0,0.0
2025-10-28,108.01000213623047,108.5199966430664,107.69000244140625,107.76000213623047,757292,0.0,0.0
2025-10-29,108.4000015258789,109.16999816894531,108.0999984741211,108.25,3620681,0.0,0.0
2025-10-30,107.70999908447266,109.36000061035156,107.26000213623047,109.19999694824219,1239861,0.0,0.0
2025-10-31,109.5,110.1500015258789,108.76000213623047,110.05999755859375,1119892,0.0,0.0
2025-11-03,110.4000015258789,110.44999694824219,109.2699966430664,109.44999694824219,3316797,0.0,0.0
2025-11-04,109.0,110.20999908447266,108.88999938964844,110.20999908447266,1231507,0.0,0.0
2025-11-05,110.20999908447266,112.19000244140625,109.37999725341797,112.0,3349882,0.0,0.0
2025-11-06,111.5999984741211,111.9000015258789,110.16000366210938,110.69999694824219,1747186,0.0,0.0
2025-11-07,110.0,110.69999694824219,109.61000061035156,110.69999694824219,1031988,0.0,0.0
2025-11-10,111.11000061035156,111.58999633789062,110.7300033569336,111.41999816894531,1023660,0.0,0.0
2025-11-11,112.19999694824219,114.0999984741211,112.19999694824219,113.75,3502931,0.0,0.0
2025-11-12,113.69999694824219,114.02999877929688,112.81999969482422,113.5999984741211,985900,0.0,0.0
2025-11-13,113.69999694824219,114.58999633789062,112.58000183105469,113.0999984741211,2037311,0.0,0.0
2025-11-14,112.5,114.23999786376953,112.5,113.73999786376953,1005472,0.0,0.0
2025-11-17,114.13999938964844,114.13999938964844,112.1500015258789,112.1500015258789,2438083,0.0,0.0
2025-11-18,111.98999786376953,113.23999786376953,111.4000015258789,113.08999633789062,912443,0.0,0.0
2025-11-19,112.63999938964844,112.87999725341797,111.22000122070312,111.22000122070312,2312943,0.0,0.0
2025-11-21,111.05000305175781,111.36000061035156,110.13999938964844,110.80000305175781,2225230,0.0,0.0
2025-11-24,110.69999694824219,112.31999969482422,110.52999877929688,112.1500015258789,872233,0.0,0.0
2025-11-25,112.04000091552734,113.0,111.58999633789062,113.0,1619795,0.0,0.0
2025-11-26,113.4000015258789,115.38999938964844,113.0999984741211,115.11000061035156,1619539,0.0,0.0
2025-11-27,115.43000030517578,116.01000213623047,115.12000274658203,115.9000015258789,1102630,0.0,0.0
2025-11-28,116.25,117.0,115.56999969482422,116.48999786376953,1883863,0.0,0.0
2025-12-01,116.05999755859375,116.69999694824219,115.47000122070312,116.0,926028,0.0,0.0
2025-12-02,116.4000015258789,118.0999984741211,116.18000030517578,118.0,1505742,0.0,0.0
2025-12-03,118.4000015258789,118.9000015258789,118.2300033569336,118.2300033569336,1230980,0.0,0.0
2025-12-04,118.94999694824219,120.5999984741211,118.94999694824219,119.9000015258789,2610022,0.0,0.0
2025-12-05,119.8499984741211,120.0,111.87999725341797,112.45999908447266,6094235,0.0,0.0
2025-12-08,114.12000274658203,115.5,112.16999816894531,113.54000091552734,2935848,0.0,0.0
2025-12-09,112.5,113.80000305175781,109.0,112.08000183105469,6005927,0.0,0.0
2025-12-10,112.30000305175781,113.87999725341797,111.83999633789062,113.22000122070312,3237078,0.0,0.0
2025-12-11,112.97000122070312,114.55000305175781,112.22000122070312,113.55999755859375,2331882,0.0,0.0
2025-12-12,112.97000122070312,115.5999984741211,112.22000122070312,114.3499984741211,1561838,0.0,0.0
2025-12-15,115.5,116.16999816894531,115.0199966430664,115.2300033569336,1499993,0.0,0.0
2025-12-16,114.43000030517578,114.43000030517578,111.63999938964844,111.63999938964844,3445808,0.0,0.0
2025-12-17,111.30000305175781,111.30000305175781,109.02999877929688,110.4000015258789,2918703,0.0,0.0
2025-12-18,110.20999908447266,111.0999984741211,109.30999755859375,110.16000366210938,2440014,0.0,0.0
2025-12-19,110.16000366210938,111.80999755859375,110.16000366210938,111.01000213623047,2038786,0.0,0.0
2025-12-22,110.61000061035156,111.25,109.25,109.30999755859375,1528345,0.0,0.0
2025-12-23,109.30000305175781,112.69999694824219,109.20999908447266,111.61000061035156,2551074,0.0,0.0
2025-12-26,110.5,112.29000091552734,110.5,112.19999694824219,2406690,0.0,0.0
2025-12-29,112.52999877929688,112.72000122070312,111.22000122070312,111.4000015258789,772348,0.0,0.0
2025-12-30,112.31999969482422,113.30000305175781,111.88999938964844,112.44999694824219,1601781,0.0,0.0
2026-01-02,112.70999908447266,113.43000030517578,111.2699966430664,111.2699966430664,836673,0.0,0.0
2026-01-05,111.4000015258789,113.2300033569336,111.25,112.80000305175781,638291,0.0,0.0
2026-01-06,113.19999694824219,114.80999755859375,113.19999694824219,114.19999694824219,904500,0.0,0.0
2026-01-07,114.4800033569336,114.77999877929688,112.55000305175781,113.1500015258789,1068139,0.0,0.0
2026-01-08,113.30999755859375,114.29000091552734,113.1500015258789,114.05000305175781,1037709,0.0,0.0
2026-01-09,114.19000244140625,115.30999755859375,114.12999725341797,114.80000305175781,2764708,0.0,0.0
2026-01-12,114.62000274658203,115.25,113.62999725341797,114.80999755859375,1524834,0.0,0.0
2026-01-13,113.98999786376953,114.5999984741211,112.75,113.55000305175781,2664072,0.0,0.0
2026-01-14,114.26000213623047,114.9800033569336,113.38999938964844,114.69999694824219,2928598,0.0,0.0
2026-01-15,115.08999633789062,115.70999908447266,114.0999984741211,114.0999984741211,2355276,0.0,0.0
2026-01-16,114.5,114.62999725341797,112.44000244140625,112.5999984741211,4124218,0.0,0.0
2026-01-19,112.80000305175781,113.44999694824219,112.56999969482422,112.80000305175781,1543263,0.0,0.0
2026-01-20,112.0199966430664,113.69000244140625,111.75,113.5999984741211,2163813,0.0,0.0
2026-01-21,114.5999984741211,117.80999755859375,114.5999984741211,117.80999755859375,2965099,0.0,0.0
2026-01-22,118.06999969482422,121.62999725341797,117.87999725341797,119.5,3005952,0.0,0.0
2026-01-23,120.13999938964844,123.18000030517578,119.33999633789062,122.0,2690415,0.0,0.0
2026-01-26,120.13999938964844,123.18000030517578,119.33999633789062,122.20999908447266,2956753,0.0,0.0
2026-01-27,124.69999694824219,126.33999633789062,124.33999633789062,125.69000244140625,3993465,0.0,0.0
2026-01-28,126.73999786376953,127.83999633789062,125.4000015258789,127.01000213623047,3375842,0.0,0.0
2026-01-29,128.39999389648438,128.39999389648438,123.01000213623047,124.69999694824219,2864438,0.0,0.0
2026-01-30,124.30000305175781,125.19000244140625,123.12000274658203,123.80000305175781,1842413,0.0,0.0
2026-02-02,124.0199966430664,125.87999725341797,123.7699966430664,125.54000091552734,1746003,0.0,0.0
2026-02-03,126.5199966430664,128.19000244140625,126.08000183105469,127.0,3363189,0.0,0.0
2026-02-04,126.30999755859375,126.76000213623047,122.06999969482422,122.9000015258789,3606587,0.0,0.0
2026-02-05,123.37999725341797,125.2699966430664,123.05000305175781,123.5,1245743,0.0,0.0
2026-02-06,123.5,124.16999816894531,122.41000366210938,123.9000015258789,1016748,0.0,0.0
2026-02-09,125.0,125.5,123.68000030517578,125.44000244140625,906655,0.0,0.0
2026-02-10,125.0,125.8499984741211,124.6500015258789,125.0999984741211,901765,0.0,0.0
2026-02-11,126.01000213623047,127.8499984741211,125.76000213623047,127.25,2042567,0.0,0.0
2026-02-12,127.25,127.4800033569336,124.26000213623047,124.5999984741211,2377587,0.0,0.0
2026-02-13,123.19000244140625,124.98999786376953,122.2699966430664,124.69999694824219,1066546,0.0,0.0
2026-02-18,125.11000061035156,126.11000061035156,124.51000213623047,125.75,1698833,0.0,0.0
2026-02-19,125.80000305175781,127.55000305175781,125.44000244140625,127.55000305175781,1344923,0.0,0.0
2026-02-20,126.4000015258789,128.7100067138672,125.94999694824219,128.6999969482422,2748921,0.0,0.0
2026-02-23,127.69999694824219,128.30999755859375,126.66000366210938,127.16999816894531,2580811,0.0,0.0
2026-02-24,127.31999969482422,129.64999389648438,127.31999969482422,129.64999389648438,2553493,0.0,0.0
2026-02-25,130.2899932861328,130.44000244140625,127.66000366210938,128.10000610351562,1456874,0.0,0.0
2026-02-26,128.1999969482422,129.1999969482422,127.19999694824219,129.0,1636233,0.0,0.0
2026-02-27,128.0399932861328,128.52000427246094,126.37999725341797,126.37999725341797,1243189,0.0,0.0
2026-03-02,124.69000244140625,126.25,123.45999908447266,125.30000305175781,1825800,0.0,0.0
2026-03-03,121.16000366210938,122.06999969482422,119.18000030517578,120.0,5058295,0.0,0.0
2026-03-04,122.80000305175781,123.62000274658203,121.43000030517578,122.0999984741211,2454752,0.0,0.0
2026-03-05,121.8499984741211,122.3499984741211,119.0199966430664,119.0999984741211,2724097,0.0,0.0
2026-03-06,119.0,120.44000244140625,117.16000366210938,118.08999633789062,3581514,0.0,0.0
2026-03-09,117.0,119.37999725341797,116.0999984741211,118.80000305175781,3963054,0.0,0.0
2026-03-10,119.41999816894531,122.4000015258789,118.5999984741211,119.91000366210938,5087018,0.0,0.0
2026-03-11,119.19000244140625,121.94000244140625,118.80000305175781,119.41000366210938,2142109,0.0,0.0
2026-03-12,118.38999938964844,118.4000015258789,115.11000061035156,115.5,4630984,0.0,0.0
2026-03-13,115.9000015258789,117.30999755859375,112.86000061035156,112.86000061035156,3406656,0.0,0.0
2026-03-16,115.45999908447266,116.3499984741211,114.3499984741211,115.4000015258789,1838857,0.0,0.0
2026-03-17,115.19000244140625,117.16999816894531,114.8499984741211,115.4000015258789,1884015,0.0,0.0
2026-03-18,114.55000305175781,115.66999816894531,113.55000305175781,113.55000305175781,2098562,0.0,0.0
2026-03-19,111.3499984741211,114.83999633789062,110.16000366210938,114.19999694824219,5133311,0.0,0.0
2026-03-20,113.19000244140625,113.19000244140625,110.43000030517578,111.4800033569336,2583990,0.0,0.0
2026-03-23,113.02999877929688,117.3499984741211,113.02999877929688,117.19999694824219,5018918,0.0,0.0
2026-03-24,116.30000305175781,116.98999786376953,114.27999877929688,116.55000305175781,2278614,0.0,0.0
2026-03-25,117.97000122070312,119.77999877929688,117.12000274658203,118.68000030517578,2535402,0.0,0.0
2026-03-26,117.4800033569336,118.2300033569336,115.80000305175781,116.62000274658203,3819213,0.0,0.0
2026-03-27,115.19999694824219,116.58999633789062,114.0199966430664,114.05999755859375,2548856,0.0,0.0
2026-03-30,115.5999984741211,116.20999908447266,114.37000274658203,115.19000244140625,1454873,0.0,0.0
2026-03-31,116.20999908447266,120.0,116.20999908447266,120.0,5885068,0.0,0.0
2026-04-01,119.94999694824219,121.58000183105469,119.5,120.55000305175781,2488268,0.0,0.0
2026-04-02,118.11000061035156,120.75,117.4000015258789,119.76000213623047,1926861,0.0,0.0
2026-04-06,119.30999755859375,120.45999908447266,118.76000213623047,118.76000213623047,1022464,0.0,0.0
2026-04-07,118.4800033569336,118.94999694824219,116.86000061035156,118.5,2194959,0.0,0.0
2026-04-08,124.80000305175781,125.38999938964844,121.58999633789062,121.79000091552734,2574314,0.0,0.0
2026-04-09,122.30000305175781,124.81999969482422,121.94999694824219,124.44000244140625,3996270,0.0,0.0
2026-04-10,124.69999694824219,126.3499984741211,123.80000305175781,124.30000305175781,2690509,0.0,0.0
2026-04-13,123.5199966430664,124.8499984741211,122.63999938964844,124.62000274658203,1236276,0.0,0.0
2026-04-14,124.69999694824219,125.98999786376953,124.69999694824219,125.4000015258789,2282203,0.0,0.0
2026-04-15,124.30999755859375,125.83000183105469,123.75,124.83999633789062,1598765,0.0,0.0
2026-04-16,125.19999694824219,125.61000061035156,122.41000366210938,122.41000366210938,2344819,0.0,0.0
2026-04-17,124.88999938964844,126.4000015258789,123.41000366210938,124.30000305175781,3296110,0.0,0.0
2026-04-20,123.01000213623047,124.51000213623047,122.73999786376953,124.05999755859375,3097656,0.0,0.0
2026-04-22,123.94999694824219,124.08999633789062,121.69999694824219,121.69999694824219,983674,0.0,0.0
2026-04-23,121.69000244140625,122.5999984741211,119.54000091552734,120.58000183105469,2272016,0.0,0.0
2026-04-24,120.0,120.88999938964844,118.80999755859375,119.25,1941471,0.0,0.0
2026-04-27,119.6500015258789,120.0,117.18000030517578,117.27999877929688,2457820,0.0,0.0
2026-04-28,117.0,117.0,114.5999984741211,116.11000061035156,2418880,0.0,0.0
2026-04-29,115.2300033569336,115.91999816894531,113.70999908447266,113.70999908447266,2781571,0.0,0.0
2026-04-30,114.66000366210938,116.6500015258789,114.3499984741211,115.76000213623047,3663335,0.0,0.0
2026-05-04,115.76000213623047,116.41999816894531,114.36000061035156,114.68000030517578,2853720,0.0,0.0
2026-05-05,114.68000030517578,117.0199966430664,113.36000061035156,116.5999984741211,3670729,0.0,0.0
2026-05-06,118.38999938964844,120.98999786376953,117.7699966430664,119.48999786376953,4122756,0.0,0.0
2026-05-07,119.0199966430664,119.80000305175781,117.61000061035156,118.36000061035156,2116182,0.0,0.0
2026-05-08,119.08000183105469,119.95999908447266,117.20999908447266,117.29000091552734,2429508,0.0,0.0
2026-05-11,116.98999786376953,117.73999786376953,114.51000213623047,114.51000213623047,2459497,0.0,0.0
2026-05-12,114.48999786376953,115.76000213623047,113.69000244140625,114.30000305175781,1734441,0.0,0.0
2026-05-13,113.83000183105469,114.19000244140625,110.2300033569336,111.0,4686462,0.0,0.0
2026-05-14,112.01000213623047,113.11000061035156,111.44000244140625,112.4000015258789,2119811,0.0,0.0
2026-05-15,110.98999786376953,111.37000274658203,109.3499984741211,110.62999725341797,2814673,0.0,0.0
2026-05-18,110.66000366210938,111.54000091552734,109.94999694824219,110.5999984741211,1513118,0.0,0.0
2026-05-19,108.75,110.44000244140625,108.0,108.83000183105469,2248778,0.0,0.0
2026-05-20,109.94999694824219,113.12000274658203,109.5,112.9000015258789,3035293,0.0,0.0
2026-05-21,112.19999694824219,113.9000015258789,110.6500015258789,112.19999694824219,4065982,0.0,0.0
2026-05-22,112.05000305175781,112.9000015258789,110.87000274658203,111.5,1045686,0.0,0.0
2026-05-25,112.31999969482422,114.5999984741211,112.26000213623047,114.5999984741211,2113004,0.0,0.0
2026-05-26,113.56999969482422,113.68000030517578,112.12999725341797,113.0199966430664,1775751,0.0,0.0
2026-05-27,114.01000213623047,115.12999725341797,111.9800033569336,112.27999877929688,1180062,0.0,0.0
2026-05-28,112.51000213623047,113.58000183105469,111.30000305175781,112.20999908447266,1184411,0.0,0.0
2026-05-29,112.20999908447266,112.66999816894531,110.26000213623047,110.98999786376953,3162755,0.0,0.0
2026-06-01,111.37000274658203,111.63999938964844,110.04000091552734,110.72000122070312,2740225,0.0,0.0
2026-06-02,111.05999755859375,112.58999633789062,110.7300033569336,111.75,939082,0.0,0.0
2026-06-03,110.0,110.69000244140625,108.0999984741211,109.0,2259611,0.0,0.0
2026-06-05,108.48999786376953,109.4000015258789,107.70999908447266,107.70999908447266,973808,0.0,0.0
2026-06-08,107.22000122070312,108.37000274658203,107.08999633789062,107.25,1342411,0.0,0.0
2026-06-09,108.3499984741211,109.29000091552734,107.25,108.0,4127873,0.0,0.0
2026-06-10,107.48999786376953,107.77999877929688,106.54000091552734,107.0,3162890,0.0,0.0
2026-06-11,107.08999633789062,109.79000091552734,105.62000274658203,109.44999694824219,5510774,0.0,0.0
2026-06-12,108.44999694824219,110.0,108.44999694824219,108.44999694824219,1705115,0.0,0.0
2026-06-15,110.58000183105469,111.94999694824219,107.76000213623047,107.80000305175781,5008501,0.0,0.0
2026-06-16,107.44999694824219,107.58999633789062,106.12000274658203,106.12000274658203,2370251,0.0,0.0
2026-06-17,107.44000244140625,107.9800033569336,104.69999694824219,104.69999694824219,1947633,0.0,0.0
2026-06-18,104.86000061035156,105.9800033569336,103.80999755859375,103.97000122070312,1453407,0.0,0.0
2026-06-19,103.75,105.06999969482422,103.73999786376953,104.0,6739718,0.0,0.0
2026-06-22,104.58000183105469,106.19000244140625,104.22000122070312,105.5999984741211,3307023,0.0,0.0
2026-06-23,104.0999984741211,106.47000122070312,104.0999984741211,106.04000091552734,2021075,0.0,0.0
2026-06-24,105.56999969482422,106.9000015258789,105.5,106.75,1672595,0.0,0.0
2026-06-25,107.25,108.72000122070312,107.0,107.23999786376953,2597190,0.0,0.0
2026-06-26,107.2699966430664,108.94999694824219,106.45999908447266,108.75,996129,0.0,0.0
2026-06-29,108.75,109.12000274658203,107.69999694824219,108.37999725341797,576278,0.0,0.0
2026-06-30,107.80000305175781,108.12000274658203,106.52999877929688,107.9800033569336,1661042,0.0,0.0
2026-07-01,107.0,108.1500015258789,106.2699966430664,107.41000366210938,1880209,0.0,0.0
2026-07-02,108.44000244140625,109.69999694824219,107.81999969482422,108.1500015258789,1432914,0.0,0.0
2026-07-03,108.70999908447266,109.76000213623047,108.08000183105469,109.1500015258789,845890,0.0,0.0
2026-07-06,108.58000183105469,108.7699966430664,107.4000015258789,107.4000015258789,1190936,0.0,0.0
2026-07-07,107.93000030517578,107.93000030517578,106.1500015258789,106.5999984741211,1262339,0.0,0.0
2026-07-08,106.41000366210938,106.54000091552734,104.80999755859375,105.55000305175781,932361,0.0,0.0
2026-07-09,105.72000122070312,107.95999908447266,105.72000122070312,107.76000213623047,1115284,0.0,0.0
2026-07-10,109.94000244140625,111.83999633789062,109.94000244140625,111.08000183105469,4078758,0.0,0.0
2026-07-13,111.16000366210938,111.88999938964844,109.19999694824219,109.19999694824219,2209596,0.0,0.0
2026-07-14,110.19999694824219,110.61000061035156,109.20999908447266,110.4000015258789,769489,0.0,0.0
2026-07-15,110.86000061035156,110.86000061035156,109.18000030517578,109.69000244140625,1664166,0.0,0.0
2026-07-16,109.4000015258789,109.63999938964844,108.0199966430664,108.41999816894531,1565991,0.0,0.0
2026-07-17,108.41999816894531,108.47000122070312,107.22000122070312,107.43000030517578,1516293,0.0,0.0
2026-07-20,107.5,108.12999725341797,106.2300033569336,106.2300033569336,485653,0.0,0.0
2026-07-21,106.4000015258789,106.6500015258789,105.0,105.94999694824219,3176930,0.0,0.0
2026-07-22,106.45999908447266,107.80999755859375,106.12000274658203,107.5,766142,0.0,0.0
2026-07-23,106.58999633789062,107.3499984741211,105.87000274658203,106.18000030517578,841179,0.0,0.0
2026-07-24,105.20999908447266,105.73999786376953,104.62999725341797,105.05000305175781,953440,0.0,0.0
2026-07-27,105.66000366210938,107.23999786376953,105.5999984741211,106.69999694824219,1241218,0.0,0.0
2026-07-28,108.30999755859375,109.62000274658203,107.12000274658203,107.16999816894531,1155495,0.0,0.0
2026-07-29,107.11000061035156,107.41000366210938,105.0999984741211,105.0999984741211,1094534,0.0,0.0
2026-07-30,105.9000015258789,110.0999984741211,105.5999984741211,107.36000061035156,1504042,0.0,0.0
2026-07-31,107.45999908447266,107.97000122070312,107.1500015258789,107.25,375711,0.0,0.0
2026-08-03,108.0,108.44999694824219,107.29000091552734,108.37999725341797,1056800,0.0,0.0
2026-08-04,109.66999816894531,110.19999694824219,107.66999816894531,108.1500015258789,1881696,0.0,0.0
2026-08-05,108.3499984741211,109.77999877929688,107.6500015258789,107.79000091552734,2270465,0.0,0.0
2026-08-06,107.4000015258789,107.55000305175781,105.61000061035156,105.91000366210938,1596408,0.0,0.0
2026-08-07,105.87999725341797,106.0999984741211,103.94000244140625,104.69999694824219,1789496,0.0,0.0
2026-08-10,104.47000122070312,105.45999908447266,103.5199966430664,103.5199966430664,764939,0.0,0.0
2026-08-11,103.62999725341797,104.19000244140625,100.77999877929688,101.19999694824219,2500078,0.0,0.0
2026-08-12,101.2699966430664,101.58000183105469,100.05999755859375,100.7699966430664,2991745,0.0,0.0
2026-08-13,100.47000122070312,102.11000061035156,100.31999969482422,100.97000122070312,1859969,0.0,0.0
2026-08-14,100.37999725341797,100.51000213623047,98.45999908447266,100.12000274658203,2691974,0.0,0.0
2026-08-17,100.38999938964844,100.72000122070312,99.6500015258789,100.0,941991,0.0,0.0
2026-08-18,99.80000305175781,100.69999694824219,98.91999816894531,99.0,871961,0.0,0.0
2026-08-19,100.3499984741211,101.8499984741211,99.4000015258789,99.94000244140625,2176571,0.0,0.0
2026-08-20,99.41000366210938,100.63999938964844,98.94999694824219,99.25,1694811,0.0,0.0
2026-08-21,100.25,102.48999786376953,99.66000366210938,102.25,3646974,0.0,0.0
2026-08-24,101.5,103.69000244140625,101.0,102.63999938964844,906955,0.0,0.0
2026-08-25,102.5,105.37999725341797,102.27999877929688,105.23999786376953,1414158,0.0,0.0
2026-08-26,105.1500015258789,106.33999633789062,104.55000305175781,104.80000305175781,1851827,0.0,0.0
2026-08-27,104.52999877929688,105.79000091552734,104.43000030517578,105.16999816894531,2053956,0.0,0.0
2026-08-28,105.5199966430664,105.98999786376953,103.20999908447266,104.58000183105469,2155615,0.0,0.0
2026-08-31,105.86000061035156,106.77999877929688,105.51000213623047,106.12999725341797,1788297,0.0,0.0
2026-09-01,106.86000061035156,108.54000091552734,106.0,107.69999694824219,1374582,0.0,0.0
2026-09-02,108.0,111.83999633789062,107.18000030517578,110.9000015258789,3821980,0.0,0.0
2026-09-03,112.5,113.19999694824219,110.93000030517578,111.05999755859375,3123550,0.0,0.0
2026-09-04,110.0,112.05000305175781,109.76000213623047,110.98999786376953,1401579,0.0,0.0
2026-09-08,112.26000213623047,113.66000366210938,111.69000244140625,111.69999694824219,2088675,0.0,0.0
2026-09-09,111.5,111.5,109.70999908447266,110.19999694824219,1723035,0.0,0.0
2026-09-10,109.54000091552734,112.47000122070312,109.12999725341797,112.30000305175781,2641041,0.0,0.0
2026-09-11,112.5999984741211,112.83999633789062,110.1500015258789,110.83000183105469,3470198,0.0,0.0
2026-09-14,108.63999938964844,110.41000366210938,108.0,110.0,2043775,0.0,0.0
2026-09-15,110.0999984741211,110.69000244140625,109.1500015258789,110.0,1637704,0.0,0.0
2026-09-16,109.69000244140625,111.30000305175781,109.02999877929688,110.30000305175781,2335663,0.0,0.0
2026-09-17,111.30999755859375,111.44000244140625,108.38999938964844,109.69000244140625,2218206,0.0,0.0
2026-09-18,108.95999908447266,109.87000274658203,108.51000213623047,109.69000244140625,3539931,0.0,0.0
2026-09-21,110.19999694824219,112.43000030517578,110.19999694824219,112.0,5127932,0.0,0.0
2026-09-22,111.3499984741211,112.2300033569336,110.61000061035156,112.04000091552734,3579770,0.0,0.0
2026-09-23,111.5,113.02999877929688,110.69999694824219,110.69999694824219,2584049,0.0,0.0
2026-09-24,111.4000015258789,111.4000015258789,109.62000274658203,109.94999694824219,1838718,0.0,0.0
2026-09-25,109.75,110.81999969482422,109.05000305175781,110.44999694824219,2869450,0.0,0.0
2026-09-28,109.76000213623047,110.1500015258789,108.56999969482422,109.0,3498487,0.0,0.0
