Date,Open,High,Low,Close,Volume,Dividends,Stock splits
2021-07-14,26.217744807678468,28.783506285273397,25.83830116033923,28.006549835205078,31978100,0.0,0.0
2021-07-15,27.81682974457958,29.985076764203836,26.52491438761343,28.864816665649414,9410000,0.0,0.0
2021-07-16,28.909989139959936,29.126815574898913,27.41931816956468,29.09067726135254,2654500,0.0,0.0
2021-07-19,28.205303447679423,29.036465583953373,27.3560738804197,27.735517501831055,1528300,0.0,0.0
2021-07-20,27.83489336735203,27.889100827799936,26.67849511517246,27.61806869506836,1404000,0.0,0.0
2021-07-21,27.90716913399157,28.36792222324379,26.85014774645279,27.09407615661621,1305200,0.0,0.0
2021-07-22,27.103111267089844,27.38317626769567,26.335189436555083,27.103111267089844,885100,0.0,0.0
2021-07-23,27.09407591427515,27.482554107023056,26.57911709064908,26.651391983032227,1799300,0.0,0.0
2021-07-26,26.65139481744811,26.877254095562076,25.991886138916016,25.991886138916016,2070200,0.0,0.0
2021-07-27,25.73891940579419,25.883469185034784,25.097479975810224,25.657609939575195,2151100,0.0,0.0
2021-07-28,25.874436573153602,25.874436573153602,25.151687622070312,25.151687622070312,1086300,0.0,0.0
2021-07-29,25.043274945760068,25.476926048721257,24.40183545354765,25.29623794555664,3683000,0.0,0.0
2021-07-30,25.29623469671873,25.29623469671873,23.950113842852222,24.835481643676758,1461600,0.0,0.0
2021-08-02,24.88065697290752,25.955745812599027,24.84451866409298,25.115549087524414,581700,0.0,0.0
2021-08-03,25.19685764279743,25.811195084946398,24.39279925578034,25.332374572753906,591600,0.0,0.0
2021-08-04,25.33237379786851,26.082226423867567,25.115547405838328,25.657609939575195,636700,0.0,0.0
2021-08-05,25.56726760868974,26.651392748754287,25.0071376074196,25.115549087524414,750700,0.0,0.0
2021-08-06,25.251063748646708,25.522094147672878,25.151685131524793,25.4769229888916,738200,0.0,0.0
2021-08-09,25.52209721292768,25.738921902823545,24.980034626603288,25.29623794555664,421000,0.0,0.0
2021-08-10,25.133619571930588,25.82926654489749,25.133619571930588,25.205894470214844,198600,0.0,0.0
2021-08-11,25.223963048924684,25.29623794555664,24.83548483333938,25.29623794555664,563900,0.0,0.0
2021-08-12,25.160723151352514,25.160723151352514,24.39280128479004,24.39280128479004,882100,0.0,0.0
2021-08-13,24.374734019927583,24.92583123570168,23.651984985444855,24.528318405151367,1034800,0.0,0.0
2021-08-16,23.968184168555272,24.47410840476368,22.93826481945508,23.173158645629883,1278000,0.0,0.0
2021-08-17,23.10992035042092,24.609625759718153,22.27875817102503,24.08563232421875,2939000,0.0,0.0
2021-08-18,24.0765963693756,24.51928030480408,23.326743707622157,23.959150314331055,607500,0.0,0.0
2021-08-19,23.426120993424796,25.2962352524526,22.784679846332438,24.980031967163086,1678300,0.0,0.0
2021-08-20,24.582521275553358,26.96759625660886,24.410869476929637,25.386581420898438,1118400,0.0,0.0
2021-08-23,26.109331011400926,26.226778795624423,24.419904653338275,25.061344146728516,546500,0.0,0.0
2021-08-24,25.368512842188593,25.738921902823545,24.934863462396866,25.29623794555664,537000,0.0,0.0
2021-08-25,25.178789768608414,25.449820177407574,24.51024487698776,24.754173278808594,18195500,0.0,0.0
2021-08-26,24.709005413435754,24.74514200194891,23.941083521873818,24.474111557006836,723700,0.0,0.0
2021-08-27,24.555419656269258,24.871622973059026,23.9501167549298,24.483144760131836,1333300,0.0,0.0
2021-08-30,24.26632064435722,24.844519827100967,23.82363667967285,24.39280128479004,1228700,0.0,0.0
2021-08-31,24.374732129536927,24.447007027379893,23.99528848506897,24.39280128479004,1044800,0.0,0.0
2021-09-01,24.609625978318945,24.754175774004885,23.99528848506897,24.39280128479004,628600,0.0,0.0
2021-09-02,24.239219298123754,24.38376910804238,23.58874515348994,23.624881744384766,548100,0.0,0.0
2021-09-03,23.760392552353125,23.932046065863656,22.875024700636637,23.444190979003906,1040800,0.0,0.0
2021-09-06,23.191233108766763,23.96818965606196,23.191233108766763,23.570676803588867,272400,0.0,0.0
2021-09-08,23.408049672937487,23.489359130859373,22.477509056258715,22.585922241210938,1110700,0.0,0.0
2021-09-09,22.585922241210938,22.79371231226949,22.31489186358405,22.585922241210938,1292700,0.0,0.0
2021-09-10,22.549787127214717,23.57067192185301,22.54075427342974,23.552602767944336,726600,0.0,0.0
2021-09-13,23.76943070689007,24.781281063416234,23.57970973432431,24.654800415039062,927800,0.0,0.0
2021-09-14,24.62769625861827,24.62769625861827,23.850739778936195,24.311492919921875,798500,0.0,0.0
2021-09-15,24.175977455483576,24.175977455483576,23.489365039846184,23.96818733215332,460100,0.0,0.0
2021-09-16,23.71522273657457,23.941082000732422,22.8659914208536,23.941082000732422,1307500,0.0,0.0
2021-09-17,23.724257313921214,24.0675626372466,23.064748676140947,23.941082000732422,857100,0.0,0.0
2021-09-20,23.489363876043583,23.71522314408246,22.694340010741286,23.03764533996582,905000,0.0,0.0
2021-09-21,23.046681222011227,23.724259064481753,22.865993108084595,23.39902114868164,1262400,0.0,0.0
2021-09-22,23.70619064143393,23.85977502606942,23.453227618749118,23.715225219726562,637700,0.0,0.0
2021-09-23,23.498398049763363,24.03142605102945,23.498398049763363,23.941082000732422,752900,0.0,0.0
2021-09-24,23.661018140765133,23.886877415853697,23.35384938879113,23.760395050048828,1022700,0.0,0.0
2021-09-27,23.507433346141106,23.633913986523996,22.829855532942208,23.010541915893555,768100,0.0,0.0
2021-09-28,22.775648649685017,22.86599270505596,22.16131286413559,22.784683227539062,2480100,0.0,0.0
2021-09-29,22.62206054391805,23.037640686035157,22.134203796386718,22.585922241210938,629800,0.0,0.0
2021-09-30,22.757579762810536,23.127988815307617,22.594960818169007,23.127988815307617,844000,0.0,0.0
2021-10-01,23.100885307193106,23.29964256286621,22.640132200636508,23.29964256286621,663500,0.0,0.0
2021-10-04,23.164126957240363,23.164126957240363,22.278759002685547,22.278759002685547,1127000,0.0,0.0
2021-10-05,22.314896951674935,22.540756225585938,21.366286967347015,22.540756225585938,1206900,0.0,0.0
2021-10-06,22.287792250047524,22.287792250047524,21.140426774872616,21.78186798095703,1901800,0.0,0.0
2021-10-07,21.863177188363565,22.567856980960542,21.70959282171587,22.116138458251953,758600,0.0,0.0
2021-10-08,22.314898120821354,22.766616692310294,22.22455406188965,22.22455406188965,583200,0.0,0.0
2021-10-11,22.224553315653857,22.314897371552075,21.655386969713767,22.043865203857422,418400,0.0,0.0
2021-10-13,21.953519821166992,22.314896022919577,21.872210348089606,21.953519821166992,563100,0.0,0.0
2021-10-14,21.953521157228135,22.197449591305446,21.881246257112956,21.908349990844727,332200,0.0,0.0
2021-10-15,21.799937552433416,22.170348367229664,21.483735930193312,22.12517547607422,724000,0.0,0.0
2021-10-18,21.827041171509947,22.016763867018664,21.44759750366211,21.44759750366211,438800,0.0,0.0
2021-10-19,21.239806596284634,21.37532181772583,20.833259208791517,21.230772018432617,1775100,0.0,0.0
2021-10-20,21.239801430075477,21.257870581384505,20.941667326152924,21.140422821044922,622200,0.0,0.0
2021-10-21,20.824223451296163,20.824223451296163,19.66782512245771,20.029199600219727,889800,0.0,0.0
2021-10-22,19.884652277562605,20.065338677289006,18.00550303675622,18.890871047973633,2655700,0.0,0.0
2021-10-25,18.89990268416933,20.99587631225586,18.89990268416933,20.99587631225586,1243600,0.0,0.0
2021-10-26,20.697739677828036,20.706774253798944,19.25224026269702,19.604581832885742,914200,0.0,0.0
2021-10-27,19.676860011289165,20.327334081558014,19.36969126953651,19.595550537109375,774700,0.0,0.0
2021-10-28,19.405827451051167,19.54134266413105,18.737284239776898,18.881834030151367,675300,0.0,0.0
2021-10-29,18.538529606633062,18.972178998758285,18.122947646802594,18.222326278686523,980800,0.0,0.0
2021-11-01,18.52046064532911,19.107694418717834,18.403014579919173,18.800525665283203,641100,0.0,0.0
2021-11-03,18.547566973331698,19.46003878344965,18.547566973331698,18.981216430664062,1659100,0.0,0.0
2021-11-04,19.107693561723472,19.288381663817326,18.60176928829791,18.95410919189453,653600,0.0,0.0
2021-11-05,19.243208822584428,19.243208822584428,18.204256540991558,18.719215393066406,1890800,0.0,0.0
2021-11-08,18.773424857793678,18.78245943619937,18.240396794045157,18.34880828857422,427500,0.0,0.0
2021-11-09,18.384944341335896,19.098658715921438,18.384944341335896,18.47528839111328,1448700,0.0,0.0
2021-11-10,18.502389995041227,20.19181800245868,18.4933554179442,19.749134063720703,1473200,0.0,0.0
2021-11-11,20.14664711465114,20.99587849111547,19.88465124553624,20.93263816833496,3378200,0.0,0.0
2021-11-12,20.770019493346226,22.161313506122035,20.435748718910716,20.733882904052734,902300,0.0,0.0
2021-11-16,21.158496809513327,21.176565964953245,19.694927959100546,20.011131286621094,712100,0.0,0.0
2021-11-17,20.25505780266444,20.25505780266444,19.42389568578768,19.505205154418945,1612100,0.0,0.0
2021-11-18,19.487138438250717,20.06533764469149,19.062523611416967,19.51424217224121,1695800,0.0,0.0
2021-11-19,19.65879547262676,21.176570382829432,19.523280224895064,20.526094436645508,3704600,0.0,0.0
2021-11-22,20.544156510943406,21.149459350357198,19.52327349204783,19.79430389404297,764600,0.0,0.0
2021-11-23,19.884650265807615,20.065336647253748,18.475288908582094,19.026384353637695,1820400,0.0,0.0
2021-11-24,18.89990655429147,19.342590581632933,18.02357307851385,18.637908935546875,1428800,0.0,0.0
2021-11-25,18.61984046499562,19.45100272317494,18.43915234328156,19.225143432617188,500100,0.0,0.0
2021-11-26,18.728248046194125,18.791488358629,17.571849822998047,17.571849822998047,944400,0.0,0.0
2021-11-29,18.06874035649325,18.249428449325926,16.9755823920467,17.0478572845459,1620000,0.0,0.0
2021-11-30,17.047859376110193,17.318889825441975,15.84628806391203,16.343177795410156,7708300,0.0,0.0
2021-12-01,16.569036727083372,16.7406902603862,15.277121384713288,15.358430862426758,1612700,0.0,0.0
2021-12-02,15.530086739099074,16.063114852019602,15.268089110673479,15.737876892089844,2257400,0.0,0.0
2021-12-03,15.792078756466621,17.10206312974693,15.792078756466621,16.47869110107422,945700,0.0,0.0
2021-12-06,16.632277536381295,17.5447492505477,16.38834909609363,16.88524055480957,912300,0.0,0.0
2021-12-07,17.056893560351124,17.201445097519336,16.69551902535486,16.704553604125977,413400,0.0,0.0
2021-12-08,16.73165658375006,17.73447065761621,16.487728137470604,17.535715103149414,837300,0.0,0.0
2021-12-09,17.40923335582677,17.83384817310199,16.84006701702581,17.481508255004883,996000,0.0,0.0
2021-12-10,17.68929891347911,17.815779560100435,17.318889828514166,17.490543365478516,647700,0.0,0.0
2021-12-13,17.662197481341252,17.680266639833572,17.083998194945366,17.192411422729492,749900,0.0,0.0
2021-12-14,17.011720524676992,17.35502586449459,16.063112258911133,16.063112258911133,768500,0.0,0.0
2021-12-15,16.06310915728343,16.09924573825895,15.222912540780158,15.656561851501465,1502400,0.0,0.0
2021-12-16,16.117317936615414,16.13538709210296,15.286155739052933,15.945664405822754,1675300,0.0,0.0
2021-12-17,15.66560198134654,16.587108385700997,15.268089110673479,15.737876892089844,6209900,0.0,0.0
2021-12-20,15.286153501178251,15.665597095019065,15.141603724778822,15.448772430419922,1167800,0.0,0.0
2021-12-21,15.259053586566147,15.873391151428223,14.807334991599289,15.873391151428223,1755200,0.0,0.0
2021-12-22,15.539118973605476,15.746909095242325,14.997056363238858,15.358430862426758,511300,0.0,0.0
2021-12-23,15.430704531099826,15.448773685409927,14.771195907305714,15.015124320983887,718700,0.0,0.0
2021-12-27,15.015125162708284,15.286155599875752,14.86154078880152,14.997056007385254,259900,0.0,0.0
2021-12-28,14.997056363238858,15.394569173930316,14.75312793009845,15.358430862426758,586200,0.0,0.0
2021-12-29,15.340360085798816,15.566219339322954,14.789264678955078,14.789264678955078,407000,0.0,0.0
2021-12-30,14.90670982003212,15.078363324689576,14.454991340637207,14.454991340637207,1390100,0.0,0.0
2022-01-03,14.454994640398558,14.753128835929992,13.867760827766295,14.310444831848145,690000,0.0,0.0
2022-01-04,14.292374592405272,14.292374592405272,13.614796769959995,13.650934219360352,980100,0.0,0.0
2022-01-05,13.60576102571653,13.940032598239334,12.377086206081769,12.873976707458496,2624500,0.0,0.0
2022-01-06,13.009492016951253,13.650932299798347,12.657152150239154,13.515417098999023,1157800,0.0,0.0
2022-01-07,13.126938512909057,13.795482504125816,12.982388740186927,13.641898155212402,1693100,0.0,0.0
2022-01-10,13.524452376362097,13.759345345814975,13.090802160478557,13.325695991516113,975000,0.0,0.0
2022-01-11,13.325696612227135,13.958102380829446,13.126940218123078,13.876792907714844,746100,0.0,0.0
2022-01-12,13.804519515839713,14.382719606411648,13.54252277480872,14.274307250976562,1284100,0.0,0.0
2022-01-13,14.00327475127341,14.256236892633334,13.452178442200255,13.461212158203125,840800,0.0,0.0
2022-01-14,13.777413351743247,13.777413351743247,13.036595335750029,13.641898155212402,1023900,0.0,0.0
2022-01-17,13.542520668665544,13.614795561048687,13.325695991516113,13.325695991516113,575400,0.0,0.0
2022-01-18,13.217284761301086,13.2805250820433,12.76556621523441,13.108872413635254,1172500,0.0,0.0
2022-01-19,13.117907723395154,14.003275709534021,13.117907723395154,13.578660011291504,6008800,0.0,0.0
2022-01-20,13.578658284537987,14.879607225276096,13.578658284537987,14.238167762756348,1075600,0.0,0.0
2022-01-21,14.120721877103387,15.38553432516099,14.102652721669752,14.798298835754395,2263900,0.0,0.0
2022-01-24,14.527269238360866,14.744093946614656,14.202032175980179,14.644715309143066,994400,0.0,0.0
2022-01-25,14.355614582691857,15.195810426861149,14.355614582691857,15.078364372253418,414500,0.0,0.0
2022-01-26,15.132570903999143,16.43352076569607,15.132570903999143,15.5662202835083,1379800,0.0,0.0
2022-01-27,15.683667528113492,15.999869112817878,15.421669960021973,15.421669960021973,499900,0.0,0.0
2022-01-28,15.367464800977901,15.530083749639486,14.969952006823965,15.060296058654785,949800,0.0,0.0
2022-01-31,15.042225272899207,15.936627670404643,15.042225272899207,15.638493537902832,2382600,0.0,0.0
2022-02-01,15.62946205722091,16.04504404363818,15.35843160059589,15.539119720458984,2667000,0.0,0.0
2022-02-02,15.512013894687954,16.325106878137074,15.403600692749023,15.403600692749023,2379000,0.0,0.0
2022-02-03,15.683668401134932,15.701735833288467,14.997056007385254,14.997056007385254,1310300,0.0,0.0
2022-02-04,15.006090319990037,15.186776700520337,14.211064731514432,14.92478084564209,1223700,0.0,0.0
2022-02-07,14.84347072293734,15.12353572058633,14.418855076325507,14.626646041870117,1181300,0.0,0.0
2022-02-08,14.626646723708824,15.078365261115291,14.418855748477787,14.82540225982666,1736100,0.0,0.0
2022-02-09,14.798298069348286,15.900492369344127,14.798298069348286,15.475875854492188,1909400,0.0,0.0
2022-02-10,15.521050324964142,16.27090308146712,15.349396786052976,15.990838050842285,1253000,0.0,0.0
2022-02-11,16.07214688925511,16.261867853760947,15.322292439533388,15.340361595153809,1071500,0.0,0.0
2022-02-14,15.385532871742006,16.388346779203246,15.15063904280289,16.27090072631836,1201900,0.0,0.0
2022-02-15,16.343179125719708,16.80393230562399,16.298007954877402,16.605175018310547,1216600,0.0,0.0
2022-02-16,16.704552251697617,16.704552251697617,16.01793982920914,16.442556381225586,1102400,0.0,0.0
2022-02-17,16.532896606185755,16.713584697589596,16.234762461587955,16.307037353515625,672600,0.0,0.0
2022-02-18,16.442553175781242,16.587102949897055,16.01793670654297,16.01793670654297,732000,0.0,0.0
2022-02-21,15.972765986588914,16.153452347606827,15.268084526062012,15.268084526062012,616400,0.0,0.0
2022-02-22,15.403601071424573,16.261866961434734,15.331326176078306,15.629460334777832,880100,0.0,0.0
2022-02-23,15.611392377724533,16.57806971662394,15.59332322370395,16.207660675048828,1320500,0.0,0.0
2022-02-24,15.837255199026199,17.12916898530688,15.448776915969662,16.849103927612305,1469700,0.0,0.0
2022-02-25,17.02075362510545,17.18337256470349,16.469656490505283,16.713584899902344,2512500,0.0,0.0
2022-03-02,16.83102958631137,16.840064162573434,16.343174530344708,16.48772430419922,571600,0.0,0.0
2022-03-03,16.478695629455864,16.984620019133455,16.361249542326544,16.831035614013672,867400,0.0,0.0
2022-03-04,17.011720558088896,17.011720558088896,15.954699080048556,16.234764099121094,1435300,0.0,0.0
2022-03-07,16.234761624195656,16.424484282700693,15.213878612978537,15.448772430419922,2426300,0.0,0.0
2022-03-08,15.68366820191932,17.15626987865121,15.259051673069116,16.966548919677734,1951300,0.0,0.0
2022-03-09,16.84006958137569,18.42108474942196,16.83103500220648,17.698335647583008,1718600,0.0,0.0
2022-03-10,17.47247182973054,17.797709703227238,17.01171875,17.01171875,955400,0.0,0.0
2022-03-11,17.056894809424765,17.418271094054262,16.216699600219727,16.216699600219727,558200,0.0,0.0
2022-03-14,16.334143457809603,16.858136931222813,15.810149984396391,15.891459465026855,1769000,0.0,0.0
2022-03-15,15.557185976847299,16.831032128310554,15.557185976847299,16.26186752319336,1433600,0.0,0.0
2022-03-16,15.81014682132009,17.490540120600272,15.81014682132009,17.029787063598633,1776800,0.0,0.0
2022-03-17,17.02075625041205,17.45440567411397,16.84006812895143,17.436336517333984,531100,0.0,0.0
2022-03-18,17.345991310217904,19.29741511722125,17.345991310217904,19.035417556762695,3432600,0.0,0.0
2022-03-21,19.09865760018414,19.405826317580896,18.46625273502619,18.96314239501953,1117100,0.0,0.0
2022-03-22,18.863764795983776,20.038233991783503,18.863764795983776,19.622652053833008,1058300,0.0,0.0
2022-03-23,19.649756866432668,19.87561614075948,19.279347794390258,19.369691848754883,693100,0.0,0.0
2022-03-24,19.722027874169203,19.893681371278113,19.29741314255156,19.604581832885742,837500,0.0,0.0
2022-03-25,19.72203112956069,20.173749663653393,19.532310172363093,19.8304443359375,1086100,0.0,0.0
2022-03-28,19.830444382165492,20.08340565901865,19.487137330479836,19.595550537109375,555500,0.0,0.0
2022-03-29,20.30926429325667,20.44477950494052,19.80334003215791,20.056303024291992,663500,0.0,0.0
2022-03-30,20.083403153777077,20.282160387276303,19.685892133117118,19.95692253112793,550400,0.0,0.0
2022-03-31,20.020165111283436,20.417677900161685,19.42389678955078,19.42389678955078,1032300,0.0,0.0
2022-04-01,19.622650567677162,21.158494121568765,19.532308248293543,20.806154251098633,1300700,0.0,0.0
2022-04-04,20.797119159964073,21.239803062034227,20.01112824932082,20.191816329956055,1361600,0.0,0.0
2022-04-05,20.092440333630904,20.092440333630904,18.945074835253582,19.125762939453125,1320100,0.0,0.0
2022-04-06,18.890867612367003,19.080590279220715,17.842880825770248,17.888051986694336,3451100,0.0,0.0
2022-04-07,17.842880782700195,18.12294577072605,17.571850371471214,17.85191535949707,805900,0.0,0.0
2022-04-08,17.851916160064988,18.511424787288632,17.26468242728819,17.933225631713867,1014900,0.0,0.0
2022-04-11,17.61702401209984,18.0145368312706,17.391164729893433,17.490543365478516,562900,0.0,0.0
2022-04-12,17.671228141122224,18.10487923290545,17.309853667277384,17.463438034057617,489600,0.0,0.0
2022-04-13,17.535715156454287,17.833849350645565,17.355027034993668,17.436336517333984,287100,0.0,0.0
2022-04-14,17.33695844921861,18.3668761928577,17.25564897228189,17.617023468017578,666700,0.0,0.0
2022-04-18,17.53571323993146,17.68929760943647,17.10206386362418,17.300819396972656,989000,0.0,0.0
2022-04-19,17.165303799961155,17.88805274437597,17.01171943387683,17.797710418701172,547400,0.0,0.0
2022-04-20,17.788674545924806,18.27652961708126,17.68929592711713,17.743501663208008,519500,0.0,0.0
2022-04-22,17.35502572488775,17.65316161974281,16.849101435427,17.074960708618164,627500,0.0,0.0
2022-04-25,16.86716922909251,17.34599146994167,16.569035081476454,16.94847869873047,378300,0.0,0.0
2022-04-26,16.812962942842624,17.0749587740119,16.550965388504043,16.668413162231445,540000,0.0,0.0
2022-04-27,16.975583913971125,17.01172050187582,16.38834842120175,16.46965789794922,665700,0.0,0.0
2022-04-28,16.514830255156042,16.69551663520201,16.1353866169392,16.32510757446289,553100,0.0,0.0
2022-04-29,16.596143320544833,16.96655246143722,16.216699600219727,16.216699600219727,1029000,0.0,0.0
2022-05-02,16.216696568627405,16.33414263295743,15.629461077468747,15.945664405822754,703100,0.0,0.0
2022-05-03,15.86435291818122,16.31607140908864,15.78304345196434,15.927593231201172,542800,0.0,0.0
2022-05-04,15.83725087835447,16.099246706483502,15.240982609460213,16.0269718170166,1217900,0.0,0.0
2022-05-05,15.837255540550558,15.918565030532998,15.150643026904286,15.737876892089844,1003000,0.0,0.0
2022-05-06,15.638494445714604,16.045041796894022,15.286154556805363,15.466842651367188,865600,0.0,0.0
2022-05-09,15.213881922757487,15.385535465763496,14.445959991593375,14.54533863067627,1591700,0.0,0.0
2022-05-10,14.816368103027344,15.222915487505368,14.247203487927628,14.816368103027344,828800,0.0,0.0
2022-05-11,14.906710960073715,14.906710960073715,14.301408082465159,14.373682975769043,1029200,0.0,0.0
2022-05-12,13.723208476425729,14.563406074259778,13.723208476425729,14.229133605957031,1553400,0.0,0.0
2022-05-13,14.138789188155666,16.00890356630635,14.138789188155666,15.132570266723633,3580000,0.0,0.0
2022-05-16,15.006090364057034,15.484910910879428,14.726023630183008,14.82540225982666,957900,0.0,0.0
2022-05-17,15.14160666794404,15.421671698759702,14.653749785391348,14.843472480773926,630600,0.0,0.0
2022-05-18,14.771197227862178,15.024158518140936,14.391753569274485,14.482097625732422,956500,0.0,0.0
2022-05-19,14.56340572253282,14.879607305381827,14.247202416514428,14.491130828857422,652100,0.0,0.0
2022-05-20,14.590507258574279,14.671816726724343,13.985204397440109,14.147823333740234,922100,0.0,0.0
2022-05-23,14.165891669938247,14.373681755145054,13.90389498856445,14.1839599609375,1960000,0.0,0.0
2022-05-24,13.903897517897773,14.238169147246984,13.786450589491063,14.093619346618652,2680300,0.0,0.0
2022-05-25,14.21106522388666,14.21106522388666,13.678038056575652,13.804518699645996,1099500,0.0,0.0
2022-05-26,13.894861441554642,14.36464824293539,13.687070479370801,14.319477081298828,973700,0.0,0.0
2022-05-27,14.337546287709085,14.599543005193949,13.903896904941615,13.949068069458008,614000,0.0,0.0
2022-05-30,14.09361878300375,14.19299655156534,13.379903524754821,13.443143844604492,431300,0.0,0.0
2022-05-31,13.55155651772153,13.623831416889264,12.99142561837921,13.145009994506836,1565900,0.0,0.0
2022-06-01,13.217284957605814,13.352800178804605,12.611982027959655,12.774600982666016,1911000,0.0,0.0
2022-06-02,12.864942414597746,13.190180279473724,12.765564656766001,12.828804969787598,1330200,0.0,0.0
2022-06-03,12.774600316559914,12.937218401202113,12.467431578835608,12.7294282913208,820800,0.0,0.0
2022-06-06,12.837841012311715,12.837841012311715,12.060885429382324,12.060885429382324,1172000,0.0,0.0
2022-06-07,12.006678844988537,12.223503538965796,11.78985415101128,12.078953742980957,1464100,0.0,0.0
2022-06-08,12.00667882016104,12.413225335923926,11.816956997927063,12.19640064239502,1346900,0.0,0.0
2022-06-09,12.196400068888943,12.485499646666613,11.961506231152235,12.286744117736816,1380000,0.0,0.0
2022-06-10,12.160262885412347,12.259640652032664,11.36523816769565,11.482685089111328,2086500,0.0,0.0
2022-06-13,11.238757797483915,11.238757797483915,10.615386541385005,10.624421119689941,3827100,0.0,0.0
2022-06-14,10.651524822381711,10.841246673633696,10.389528062232293,10.588284492492676,1254300,0.0,0.0
2022-06-15,10.759934845598197,10.976759525134279,10.615385059240808,10.750900268554688,2539300,0.0,0.0
2022-06-17,10.58828256253787,10.99482906637983,9.919738484716618,10.8412446975708,3785300,0.0,0.0
2022-06-20,10.841246054740267,10.922555538004392,10.22690850259784,10.814143180847168,970200,0.0,0.0
2022-06-21,10.949655374777183,11.094205144226189,10.479868624067917,10.778002738952637,1061700,0.0,0.0
2022-06-22,10.723798531306171,11.04903558495121,10.317251998853678,10.398561477661133,2747000,0.0,0.0
2022-06-23,10.416630687216331,10.88641844533901,10.244977998108341,10.516009330749512,1040800,0.0,0.0
2022-06-24,10.660557111382364,10.660557111382364,10.028151363585252,10.244976043701172,906100,0.0,0.0
2022-06-27,10.244976374243054,10.344354140439648,9.7571203974498,9.964910507202148,1714400,0.0,0.0
2022-06-28,10.037186562216103,10.073324014241951,9.305402943296475,9.612571716308594,3192100,0.0,0.0
2022-06-29,9.612572071847437,9.684846978572354,9.025337377726416,9.314437866210938,2363400,0.0,0.0
2022-06-30,9.03436932544887,9.37767546320608,8.934991573039389,9.115678787231445,1552600,0.0,0.0
2022-07-01,9.043404813828742,9.468019594617914,8.772373534407457,9.350573539733887,2748300,0.0,0.0
2022-07-04,9.269264511538989,9.40477972691619,9.052439822301578,9.088577270507812,599300,0.0,0.0
2022-07-05,9.034370823191178,9.043405400794708,8.700099206123273,9.007267951965332,1275200,0.0,0.0
2022-07-06,8.998232690947342,9.341538859544723,8.763338860604186,9.07954216003418,2750200,0.0,0.0
2022-07-07,9.169887641823149,9.67581287534572,9.03437240045035,9.576435089111328,5378100,0.0,0.0
2022-07-08,9.54029590946203,9.865532946917595,9.341539511335705,9.513192176818848,5665800,0.0,0.0
2022-07-11,9.332503885605615,9.413813351233399,8.953060287065718,9.242159843444824,1919600,0.0,0.0
2022-07-12,9.242162552099959,9.838431854260993,9.088579013950405,9.576435089111328,1823000,0.0,0.0
2022-07-13,9.486089836663819,9.72098369654251,9.269265132891851,9.52222728729248,1892600,0.0,0.0
2022-07-14,9.43188334551211,9.838430747047594,9.097611707704441,9.693880081176758,1892100,0.0,0.0
2022-07-15,9.684847454526546,9.811328116718519,9.486091020472868,9.576435089111328,996300,0.0,0.0
2022-07-18,9.802292352596563,9.84746351590005,9.350573826883997,9.440917015075684,1264900,0.0,0.0
2022-07-19,9.468019844939397,9.766154863294373,9.422848681828825,9.675810813903809,734000,0.0,0.0
2022-07-20,9.693877898785212,10.389524752281169,9.621603012913504,10.109458923339844,1273500,0.0,0.0
2022-07-21,10.11849458531465,10.163666609228159,9.901669904431444,10.010082244873047,2096000,0.0,0.0
2022-07-22,10.010083707695133,10.08235861188475,9.495124799947897,9.630640029907227,725600,0.0,0.0
2022-07-25,9.720982438069258,9.992013713489044,9.431882008881972,9.702913284301758,1415100,0.0,0.0
2022-07-26,9.74808668857642,9.802293295976083,9.449952501840263,9.693880081176758,532900,0.0,0.0
2022-07-27,9.711948331293788,10.281113778750473,9.711948331293788,10.199804306030273,711000,0.0,0.0
2022-07-28,10.226908290120797,10.714764317984885,10.091393061885976,10.624421119689941,1139800,0.0,0.0
2022-07-29,10.63345395338237,10.723797136854863,10.362422679795554,10.425662994384766,466000,0.0,0.0
2022-08-01,10.434698796689592,10.543111146539655,10.190770363338375,10.36242389678955,1183500,0.0,0.0
2022-08-02,10.407595435074114,10.479870331574514,10.118494987487793,10.118494987487793,440000,0.0,0.0
2022-08-03,10.163666672603835,10.940622214739058,10.127529225564631,10.78703784942627,1344800,0.0,0.0
2022-08-04,10.859314904528537,12.4493636261054,10.859314904528537,12.160264015197754,3410400,0.0,0.0
2022-08-05,12.169297218322754,12.25964040573035,11.43751283392229,12.169297218322754,1794100,0.0,0.0
2022-08-08,12.25060627294442,12.792667963685968,12.142193073211436,12.313846588134766,1474500,0.0,0.0
2022-08-09,12.395156750217252,12.431294198287313,11.446547661397231,11.500753402709961,1422100,0.0,0.0
2022-08-10,11.68144235553195,12.819772483448258,11.627235748686035,12.47646713256836,2845300,0.0,0.0
2022-08-11,12.512603379607027,12.68425603853466,12.19640007019043,12.422259330749512,1149900,0.0,0.0
2022-08-12,12.54874100954394,13.099837303161621,12.395156641200785,13.099837303161621,1526900,0.0,0.0
2022-08-15,13.000458814499481,14.111685917292188,12.901080192517108,13.91292953491211,1910200,0.0,0.0
2022-08-16,14.03941062500966,14.165892112292502,13.352798313905053,13.6870698928833,1432300,0.0,0.0
2022-08-17,13.551554267440533,14.274304000687618,13.551554267440533,14.1839599609375,2331700,0.0,0.0
2022-08-18,14.274306640513078,14.978987351496745,13.912931276266109,14.482097625732422,2388500,0.0,0.0
2022-08-19,14.274305834878582,14.283340412331423,13.678037508346652,13.77741527557373,1522700,0.0,0.0
2022-08-22,13.605762814850678,13.76838090350397,13.37990354466885,13.461212158203125,1392400,0.0,0.0
2022-08-23,13.416040347337594,14.120720995124781,13.208249380753157,14.021343231201172,913200,0.0,0.0
2022-08-24,14.075550177120007,15.087400503708215,13.83162260419206,14.716991424560547,1614700,0.0,0.0
2022-08-25,14.85250499423474,15.17774114755434,14.473061379387415,14.789264678955078,1350600,0.0,0.0
2022-08-26,14.798300288316351,14.933817244201093,14.328513401530593,14.400788307189941,922400,0.0,0.0
2022-08-29,14.292374294268429,14.969952102579532,14.229133974533175,14.590508460998535,1350200,0.0,0.0
2022-08-30,14.644713587953895,14.960916896515988,13.858724328307204,13.921964645385742,1423200,0.0,0.0
2022-08-31,13.931000888261432,15.123537647672435,13.921966310002912,15.033193588256836,3604900,0.0,0.0
2022-09-01,15.042226995770749,15.069330728436812,14.355615471673795,14.72602367401123,2299500,0.0,0.0
2022-09-02,14.861537724370129,15.25904872049352,14.52726531249863,14.960914611816406,5444400,0.0,0.0
2022-09-05,15.060294051536744,15.376497329218791,14.93381342973162,15.177740097045898,950800,0.0,0.0
2022-09-06,15.04222646910624,15.177741681352899,13.99423963375027,14.19299602508545,2348100,0.0,0.0
2022-09-08,14.238169817579951,14.581475179442664,13.912931889269233,14.292375564575195,535700,0.0,0.0
2022-09-09,14.40078531060543,14.988019873874089,14.084582879538916,14.36464786529541,1423400,0.0,0.0
2022-09-12,14.509199835913229,14.861541488625967,14.364650032861185,14.436924934387207,1307200,0.0,0.0
2022-09-13,14.22913549483746,14.436925631360083,13.71417658120763,13.840657234191895,933000,0.0,0.0
2022-09-14,13.795484800127827,14.211065035077253,13.65093414176332,14.003274917602539,561400,0.0,0.0
2022-09-15,14.003274542386416,14.16589349019866,13.641900060120012,13.77741527557373,703700,0.0,0.0
2022-09-16,13.623830491180204,13.921964645385742,12.982390158462442,13.921964645385742,4287800,0.0,0.0
2022-09-19,13.795483863685067,14.319477272235186,13.723208108616545,14.138789176940918,613500,0.0,0.0
2022-09-20,14.075549896003125,14.319478325644107,13.605763053798471,13.650934219360352,1214300,0.0,0.0
2022-09-21,13.659968266841663,13.768380610834289,13.009493341301187,13.370868682861328,1693900,0.0,0.0
2022-09-22,13.560591310613102,14.129756796775736,13.289560003642594,14.093619346618652,1374900,0.0,0.0
2022-09-23,13.858724726820238,14.021343674366594,13.687071201835812,13.894862174987793,995900,0.0,0.0
2022-09-26,13.795484343020988,13.949067850821999,13.262456338868702,13.370868682861328,952500,0.0,0.0
2022-09-27,13.56059136490926,13.7322440384465,13.145010255646449,13.21728515625,630100,0.0,0.0
2022-09-28,13.28052491437461,13.641900263616382,13.14500969689941,13.461212158203125,705600,0.0,0.0
2022-09-29,13.289560610477482,13.370870092439908,12.964323544212592,13.244388580322266,1125400,0.0,0.0
2022-09-30,13.154042527110628,13.894860559190017,12.955286154509587,13.7322416305542,1739700,0.0,0.0
2022-10-03,14.165892278840726,14.997054378563604,14.075548235207288,14.56340503692627,1950600,0.0,0.0
2022-10-04,14.707955412698354,14.897676361154144,14.111686251439213,14.35561466217041,1273000,0.0,0.0
2022-10-05,14.418854636901946,14.491130389973065,13.849689220257632,13.91292953491211,560300,0.0,0.0
2022-10-06,14.012308087116411,14.888641357421875,13.84065457450238,14.888641357421875,1446900,0.0,0.0
2022-10-07,14.897675124547735,15.430703063825382,14.816365661053231,15.177740097045898,1360400,0.0,0.0
2022-10-10,15.177742886692513,15.177742886692513,14.500165048479998,14.617612838745117,528000,0.0,0.0
2022-10-11,14.572439915011419,14.707956860873832,14.003275290433558,14.093619346618652,894500,0.0,0.0
2022-10-13,13.93099916864625,14.4730617350591,13.56962469876082,14.409820556640625,503100,0.0,0.0
2022-10-14,14.482097881382314,14.482097881382314,13.768381718252018,14.048447608947754,962000,0.0,0.0
2022-10-17,14.165891669938247,14.4459566423113,14.012307319313818,14.1839599609375,238300,0.0,0.0
2022-10-18,14.400787851707525,14.563407676674812,14.102653659896193,14.52726936340332,306400,0.0,0.0
2022-10-19,14.545338148261028,14.545338148261028,14.165894484457016,14.436924934387207,380800,0.0,0.0
2022-10-20,14.527266228413623,14.933813549136744,14.003272861242294,14.454991340637207,2997000,0.0,0.0
2022-10-21,14.400787374534854,15.16871013599742,14.31044417910409,14.771197319030762,2014500,0.0,0.0
2022-10-24,14.527268224764196,14.572439389643451,13.94906818151146,13.967137336730957,811600,0.0,0.0
2022-10-25,13.885827011797112,14.716990007758953,13.77741467186766,14.238167762756348,1951800,0.0,0.0
2022-10-26,14.012310189647609,14.42789130677502,13.768381749305853,13.931000709533691,1249800,0.0,0.0
2022-10-27,14.030378149071195,14.870574079806099,13.912931220778193,14.716991424560547,656100,0.0,0.0
2022-10-28,14.60857607974714,15.06932914772216,14.445957147147803,15.051259994506836,768300,0.0,0.0
2022-10-31,14.635678883782237,16.13538404240365,14.635678883782237,15.656561851501465,1911500,0.0,0.0
2022-11-01,15.873390441676717,16.32510901644575,15.403602710356214,16.081180572509766,1563700,0.0,0.0
2022-11-03,15.855320145845731,16.76779180809414,15.593324287353527,16.26186752319336,2103600,0.0,0.0
2022-11-04,16.469661030974272,16.731658666593614,15.95470206239264,16.153457641601562,1069200,0.0,0.0
2022-11-07,16.261867126265127,16.261867126265127,14.978986428488545,15.277120590209961,1409300,0.0,0.0
2022-11-08,15.141604773991116,15.647529026446293,14.816366892970954,15.602357864379883,1434900,0.0,0.0
2022-11-09,15.557185620822619,16.036007885055415,15.430704983284294,15.76497745513916,981700,0.0,0.0
2022-11-10,15.66559761962547,15.66559761962547,13.958101390161513,14.36464786529541,2918700,0.0,0.0
2022-11-11,14.265270514189906,14.454992322891242,13.687070511103771,14.084583282470703,1742600,0.0,0.0
2022-11-14,14.12072259551966,14.635682350975939,14.07555056622212,14.337547302246094,2619600,0.0,0.0
2022-11-16,14.13879131913064,14.364650610884068,13.23535415211693,13.669004440307617,1643300,0.0,0.0
2022-11-17,13.163076212147837,13.876791375035543,12.503567645877704,13.831620216369629,3940000,0.0,0.0
2022-11-18,14.048445033471795,14.653747009751152,13.894860679889312,14.256235122680664,2289200,0.0,0.0
2022-11-21,14.427890329517837,14.870573427918846,14.138789879629714,14.689887046813965,1081900,0.0,0.0
2022-11-22,14.454994528730554,14.626648071246725,14.021345106429347,14.292375564575195,1145400,0.0,0.0
2022-11-23,14.292374511162052,14.491131774111343,13.849690543127862,14.003274917602539,1488100,0.0,0.0
2022-11-24,14.09361875366167,14.906711778779377,14.039412149914277,14.72602367401123,387800,0.0,0.0
2022-11-25,14.744092541415595,14.879607755762615,13.687071112437742,13.759346008300781,1243200,0.0,0.0
2022-11-28,13.768379890056059,13.87679222837327,13.560589790344238,13.560589790344238,627300,0.0,0.0
2022-11-29,13.605762052893839,14.265270671329967,13.569624606151924,14.138789176940918,775300,0.0,0.0
2022-11-30,14.202032203279717,14.40982233369282,13.542522637425703,13.714176177978516,2897900,0.0,0.0
2022-12-01,13.669004550176895,14.129757715837705,13.388938647054198,13.840657234191895,1130000,0.0,0.0
2022-12-02,13.912930201517812,14.310442985323869,13.696105516669805,13.958102226257324,443300,0.0,0.0
2022-12-05,13.921963124465377,13.994238010826441,13.416038919937924,13.641898155212402,730500,0.0,0.0
2022-12-06,13.696106005972565,13.804518352269675,13.452178442200255,13.461212158203125,611000,0.0,0.0
2022-12-07,13.425073647768718,13.723207791905196,13.054664611816406,13.054664611816406,1921800,0.0,0.0
2022-12-08,13.009494347415732,13.027563503604277,12.097023499513911,12.359020233154297,2049800,0.0,0.0
2022-12-09,12.322882144412587,12.584878864489536,12.142194038220422,12.19640064239502,1765000,0.0,0.0
2022-12-12,12.196401889565646,12.286745951900066,11.825992784847227,12.151229858398438,888200,0.0,0.0
2022-12-13,12.178331270695582,12.48550001186124,11.654337839854659,11.753716468811035,797600,0.0,0.0
2022-12-14,11.681441418788392,12.033781319485673,11.500753318181387,11.835025787353516,1319800,0.0,0.0
2022-12-15,11.681440093575825,12.14219228541599,11.56399318613904,11.744680404663086,1275800,0.0,0.0
2022-12-16,11.726612599832063,11.871163252850039,10.967726194807456,10.976759910583496,7845800,0.0,0.0
2022-12-19,11.040001262984209,11.744681938021792,10.994829237059486,11.51882266998291,1286100,0.0,0.0
2022-12-20,11.500754849711182,12.738464540402497,11.256827259943982,12.151229858398438,2211400,0.0,0.0
2022-12-21,12.15122848760875,12.304812859300387,11.780819424676467,12.024747848510742,995100,0.0,0.0
2022-12-22,12.286745024803984,12.286745024803984,11.6995103871097,11.898266792297363,607400,0.0,0.0
2022-12-23,11.907300953401407,13.090803042065662,11.825991478598494,12.801703453063965,2055400,0.0,0.0
2022-12-26,12.801704220756193,12.955288602019673,12.359020233154297,12.359020233154297,214200,0.0,0.0
2022-12-27,12.413225552086981,12.530672478523204,11.844060075473635,11.880197525024414,571200,0.0,0.0
2022-12-28,11.907300255052283,12.512603130212842,11.835025362040696,12.36805248260498,1310400,0.0,0.0
2022-12-29,12.413224213064302,12.783633246399715,12.106055494224789,12.277709007263184,886000,0.0,0.0
2023-01-02,12.115090881485731,12.115090881485731,11.274894136875895,11.500753402709961,624400,0.0,0.0
2023-01-03,11.482684009981492,11.762749851896249,11.067102966175987,11.07613754272461,1311100,0.0,0.0
2023-01-04,11.112273914992693,11.5097857673408,10.99482701594825,11.292961120605469,994200,0.0,0.0
2023-01-05,11.238756670480496,11.573029141564424,11.121310610632841,11.347169876098633,1266300,0.0,0.0
2023-01-06,11.238757836914912,11.699510993065543,11.157449216639634,11.536892890930176,1218500,0.0,0.0
2023-01-09,11.428477797617276,11.970540346626693,10.94062184814267,11.807921409606934,980800,0.0,0.0
2023-01-10,11.744682424506713,13.370869394063059,11.618200918995356,13.316662788391113,1405500,0.0,0.0
2023-01-11,13.343767842858377,13.578660859795079,12.738464850598518,13.407008171081543,1350300,0.0,0.0
2023-01-12,13.334731518315534,14.030377622451503,13.108872248133705,13.461212158203125,882000,0.0,0.0
2023-01-13,13.27148990191128,13.678037264184757,12.84687510822409,13.452178001403809,926900,0.0,0.0
2023-01-16,13.325696634427668,13.921964956148503,12.964322155077078,13.623830795288086,1408000,0.0,0.0
2023-01-17,13.64189979587116,14.174926931492983,13.416040533433456,13.569624900817871,1541300,0.0,0.0
2023-01-18,13.7141740141167,14.54533612779557,13.614795392134328,13.91292953491211,2138800,0.0,0.0
2023-01-19,13.759345125624796,14.229132780181917,13.388936092692653,14.129755020141602,1015300,0.0,0.0
2023-01-20,14.120721283880236,14.400786288657795,13.949067760811023,14.111686706542969,640600,0.0,0.0
2023-01-23,14.120721073543974,14.617611619090894,13.407005844640663,13.551555633544922,1826200,0.0,0.0
2023-01-24,13.578656983458014,13.885825681284844,13.551554116468768,13.641898155212402,424500,0.0,0.0
2023-01-25,13.587693567662448,14.192996476577544,13.343766005541964,13.79548454284668,691800,0.0,0.0
2023-01-26,13.840655438501381,14.129755882639218,13.60576245846933,13.994239807128906,458700,0.0,0.0
2023-01-27,13.976171209060645,14.292373655182608,13.858724290814877,14.156858444213867,461800,0.0,0.0
2023-01-30,14.238168894326904,14.482097324742764,14.066515362941354,14.174927711486816,618300,0.0,0.0
2023-01-31,14.292375272948554,14.762162999107295,14.274306978180416,14.337547302246094,1215600,0.0,0.0
2023-02-01,14.644714371264152,15.33132676501383,14.409821383157997,14.997056007385254,3023600,0.0,0.0
2023-02-02,14.988020363456773,15.602357815379074,14.7621611074953,14.978985786437988,1682200,0.0,0.0
2023-02-03,14.93381469481665,15.096431912412182,14.400785848800027,14.509198188781738,1143600,0.0,0.0
2023-02-06,14.563406073244588,14.960917136447339,14.427889998151235,14.500164031982422,1038900,0.0,0.0
2023-02-07,14.436923714896057,14.58147350573794,13.949067740012348,14.229133605957031,697700,0.0,0.0
2023-02-08,14.337546280935237,14.590508420763417,14.16589361573373,14.55437183380127,994800,0.0,0.0
2023-02-09,14.563407676674812,14.960918783643509,14.35561668328778,14.52726936340332,2204800,0.0,0.0
2023-02-10,14.482096180767174,14.834436070311563,14.400785848800027,14.509198188781738,261100,0.0,0.0
2023-02-13,14.48209796831518,14.698922675041617,14.192997497761803,14.337547302246094,716400,0.0,0.0
2023-02-14,14.464028469806925,14.924781606889804,14.211065456358613,14.482097625732422,2596900,0.0,0.0
2023-02-15,14.509198415827996,15.15063961186388,14.355614911305748,14.680851936340332,1495700,0.0,0.0
2023-02-16,14.680851600281452,15.439738836241858,14.355614582691857,15.078364372253418,1795100,0.0,0.0
2023-02-17,14.997057783305213,15.439741802124182,14.771198484530043,15.114503860473633,727900,0.0,0.0
2023-02-22,15.024155685123262,15.07836314267817,14.337544259535417,14.635679244995117,1003700,0.0,0.0
2023-02-23,14.680853361184802,14.924781799823648,14.409822049892126,14.572440147399902,498000,0.0,0.0
2023-02-24,14.509197646535492,14.735056895119287,14.319476704846378,14.36464786529541,465000,0.0,0.0
2023-02-27,14.30140740408675,14.726022166709564,14.06651358119882,14.44595718383789,988400,0.0,0.0
2023-02-28,14.464028610677701,14.635682147302626,13.958103440438453,14.030378341674805,783300,0.0,0.0
2023-03-01,14.183961973991176,14.183961973991176,13.117906806197233,13.443143844604492,3143500,0.0,0.0
2023-03-02,13.470246715742245,13.732243434299834,13.280524894608492,13.443143844604492,990800,0.0,0.0
2023-03-03,13.434106665644489,13.858722251975342,13.181144573644746,13.26245403289795,744900,0.0,0.0
2023-03-06,13.307627871316601,13.976171970167796,13.271490422318003,13.596728324890137,1980000,0.0,0.0
2023-03-07,13.696107088888377,13.696107088888377,13.280525964431497,13.47928237915039,923700,0.0,0.0
2023-03-08,13.497349445100312,14.545337169907068,13.497349445100312,14.283340454101562,1998000,0.0,0.0
2023-03-09,14.28333911241018,14.924779406244356,14.265269959148963,14.44595718383789,875300,0.0,0.0
2023-03-10,14.391752415636375,14.391752415636375,13.894861868117859,14.057480812072754,921200,0.0,0.0
2023-03-13,13.849690940600036,14.355616105433477,13.822588068322194,13.97617244720459,860400,0.0,0.0
2023-03-14,14.05747918258083,14.147822359739855,13.542519540277482,13.641898155212402,780600,0.0,0.0
2023-03-15,13.370869509629213,14.111687670178574,13.06370075186442,13.97617244720459,1390500,0.0,0.0
2023-03-16,14.373683022956778,15.21387973735361,13.79548387462751,15.132570266723633,2184700,0.0,0.0
2023-03-17,15.069329872165614,15.105466457164201,14.608576782040336,14.879607200622559,1689200,0.0,0.0
2023-03-20,14.978985971149337,14.988020548279529,14.328511064715345,14.391752243041992,1493700,0.0,0.0
2023-03-21,14.382716870592928,14.843469939738178,14.319476557347967,14.44595718383789,708000,0.0,0.0
2023-03-22,14.44595893991392,14.57243958177905,13.560591000518981,13.768381118774414,3559600,0.0,0.0
2023-03-23,13.822588248211753,14.003275501723484,11.943439088520158,12.47646713256836,23304800,0.0,0.0
2023-03-24,12.422261165303356,12.639085880681018,12.078954935162974,12.133161544799805,2865800,0.0,0.0
2023-03-27,12.196400263669606,12.250606866160968,11.835025785676244,12.106056213378906,1276000,0.0,0.0
2023-03-28,12.033780624024736,12.40418965800978,11.86212797226996,12.295777320861816,1313100,0.0,0.0
2023-03-29,12.639083913101265,12.639083913101265,11.753716032345697,12.01571273803711,1445500,0.0,0.0
2023-03-30,12.566810675933166,12.666189314300466,12.187367002276659,12.331916809082031,3255600,0.0,0.0
2023-03-31,12.322880629621336,12.53970529649705,11.970539899759823,12.051849365234375,1004600,0.0,0.0
2023-04-03,12.214470671368245,12.214470671368245,11.699510910420289,11.907301902770996,1590000,0.0,0.0
2023-04-04,11.853093890750461,12.458396777975578,11.780818996298331,12.422259330749512,1934100,0.0,0.0
2023-04-05,12.26867496464256,12.48549964799895,12.1241251757383,12.422259330749512,1846200,0.0,0.0
2023-04-06,12.40418990356991,12.602946289734868,12.069918308683429,12.214468955993652,3031800,0.0,0.0
2023-04-10,12.106056913768963,12.160263519396423,11.898266792297363,11.898266792297363,1052900,0.0,0.0
2023-04-11,12.097023829621628,13.126941636099376,12.097023829621628,12.7203950881958,3335100,0.0,0.0
2023-04-12,12.892046928405762,13.352799162358995,12.720393408930205,12.892046928405762,2322400,0.0,0.0
2023-04-13,12.864943292228647,13.551555652045971,12.639084031361213,13.298593521118164,1477400,0.0,0.0
2023-04-14,13.190182833403858,13.587694803283169,12.928186092405381,13.244388580322266,2426700,0.0,0.0
2023-04-17,13.2263165911837,13.506381549072987,13.063697672677295,13.26245403289795,706900,0.0,0.0
2023-04-18,13.370868591426937,13.678037328097883,13.072734432089776,13.235352516174316,2217600,0.0,0.0
2023-04-19,13.04563095261661,13.108872133592564,12.232537931700469,12.413225173950195,2561200,0.0,0.0
2023-04-20,12.368052416608052,13.027561888800449,12.241571785305029,12.83784008026123,664900,0.0,0.0
2023-04-24,12.476465986904051,13.190181218926352,12.476465986904051,13.063699722290039,1362100,0.0,0.0
2023-04-25,12.92818358920399,13.108870813254729,12.711358058758455,12.828804969787598,913700,0.0,0.0
2023-04-26,12.810738006803907,13.28052483805843,12.657153635036053,12.919150352478027,1719300,0.0,0.0
2023-04-27,12.883012873751039,13.488315781869288,12.810737976804209,13.30762767791748,636200,0.0,0.0
2023-04-28,13.388937060948802,13.958102516706933,13.235352690589398,13.77741527557373,2284400,0.0,0.0
2023-05-02,13.885828539202102,14.229134750867166,13.650934679391565,14.030378341674805,2255400,0.0,0.0
2023-05-03,13.985204626412447,14.36464824293539,13.759345371890916,14.319477081298828,1347100,0.0,0.0
2023-05-04,14.31947941027875,14.644715617932361,14.147825866436518,14.310444831848145,4761000,0.0,0.0
2023-05-05,14.454991166150544,14.96994995073758,14.247201081697744,14.635679244995117,2455800,0.0,0.0
2023-05-08,14.780232222798501,15.024158941996069,14.066516052132256,14.102653503417969,1643300,0.0,0.0
2023-05-09,14.00327611085176,14.464029273537562,13.804519692550759,14.211066246032715,3361600,0.0,0.0
2023-05-10,14.120720696076171,14.545336335820357,14.021342934257184,14.319477081298828,1926800,0.0,0.0
2023-05-11,14.454994876506333,15.09643444702986,14.129757801955481,15.042228698730469,7612800,0.0,0.0
2023-05-12,15.250014776988133,15.484908587983336,14.861538340556402,15.087397575378418,2348900,0.0,0.0
2023-05-15,15.105467497484362,15.792079891438583,15.01512516718129,15.620428085327148,2723900,0.0,0.0
2023-05-16,15.71980542027614,15.819184054112238,15.08740047512976,15.123537063598633,6044700,0.0,0.0
2023-05-17,15.277120699829846,15.484910812151329,15.060296010037503,15.430705070495605,3263000,0.0,0.0
2023-05-18,15.358428558442165,15.764975886021581,15.240982510013266,15.638493537902832,2931600,0.0,0.0
2023-05-19,15.719803119984656,15.999868101522068,14.870571875615566,15.150638580322266,5012300,0.0,0.0
2023-05-22,15.222915553817424,15.3313270413708,14.735058690318658,14.933815956115723,4265200,0.0,0.0
2023-05-23,14.771197188183946,15.403602135351637,14.66278397609173,15.024158477783203,2802800,0.0,0.0
2023-05-24,15.087398649795455,15.36746363843161,14.716989616162993,15.240983009338379,8720300,0.0,0.0
2023-05-25,15.566223666422493,16.605176176807724,15.349398929546693,16.216699600219727,6121100,0.0,0.0
2023-05-26,16.48772617040144,16.9846158588718,15.819182959861385,16.58710479736328,5694700,0.0,0.0
2023-05-29,16.740692197823,16.822001684946596,16.099250879755736,16.641313552856445,4850100,0.0,0.0
2023-05-30,16.650345515385236,16.713585834728445,15.93662940126738,16.22572898864746,8208900,0.0,0.0
2023-05-31,16.072144920357683,17.21950859098567,15.873387679220608,17.210474014282227,7258700,0.0,0.0
2023-06-01,17.391163927114917,17.933226524022526,17.01172028159654,17.68026351928711,5628500,0.0,0.0
2023-06-02,17.978397801382826,18.141016753787582,16.939445489337366,17.074960708618164,6178600,0.0,0.0
2023-06-05,17.19240769040789,17.291784594202202,16.75875659658304,17.129165649414062,2138100,0.0,0.0
2023-06-06,17.282751516239745,17.8880544614797,17.192409181892838,17.490543365478516,2009700,0.0,0.0
2023-06-07,17.788676576914796,18.764388553797133,17.707367101910478,18.52046012878418,7867000,0.0,0.0
2023-06-09,18.520460912549535,19.062523527794653,18.466255167975888,18.737285614013672,3600100,0.0,0.0
2023-06-12,18.71921830531393,19.01735251464323,18.574668490073645,18.836666107177734,1632600,0.0,0.0
2023-06-13,18.881833481219658,19.008315836497296,18.168119127390973,18.330738067626953,2606500,0.0,0.0
2023-06-14,18.49335446742419,18.890867223415096,18.294598951013388,18.755352020263672,2373000,0.0,0.0
2023-06-15,18.764390395848185,19.152868653855936,18.493358211504113,18.890871047973633,1309500,0.0,0.0
2023-06-16,18.791493903668815,19.20707593013782,18.583703752019204,19.152870178222656,2468700,0.0,0.0
2023-06-19,19.143832369422384,19.261278432620045,18.890869364544237,18.9270076751709,1789800,0.0,0.0
2023-06-20,18.81859283840302,19.161898143808383,18.637904747240615,18.99928092956543,3073700,0.0,0.0
2023-06-21,18.809559673711593,19.0083169335464,17.869986009366084,18.61983871459961,9136200,0.0,0.0
2023-06-22,18.48432048994615,18.628871997585062,17.7344678368218,18.565629959106445,2233700,0.0,0.0
2023-06-23,18.565630376581094,19.125762096373013,18.37590942638716,19.008316040039062,3249600,0.0,0.0
2023-06-26,19.06252525445645,19.089627267613366,18.21329380442234,18.39398193359375,1741000,0.0,0.0
2023-06-27,18.565632488489427,18.746320605278015,17.41826863334154,18.068742752075195,2497700,0.0,0.0
2023-06-28,17.951297520455956,18.393981531768603,17.779643973809936,18.050674438476562,759500,0.0,0.0
2023-06-29,18.159083495053704,18.945072696291113,17.960326258240674,18.818592071533203,1400800,0.0,0.0
2023-06-30,18.954109104800978,19.722030950417107,18.818593890438002,19.42389678955078,3298100,0.0,0.0
2023-07-03,19.143834668504187,19.965962379129852,18.936042803785075,19.71299934387207,2396200,0.0,0.0
2023-07-04,19.703961443719272,20.16471454285932,19.550377077339256,19.685894012451172,1853100,0.0,0.0
2023-07-05,19.6949290203457,20.16471674808067,19.423898566820693,19.893686294555664,1051100,0.0,0.0
2023-07-06,19.64071764525438,19.947886323572114,19.387754697472396,19.55940818786621,1695700,0.0,0.0
2023-07-07,19.59555048393073,20.553193293353374,19.59555048393073,20.236989974975586,2270800,0.0,0.0
2023-07-10,20.23698998271926,20.372505198313178,19.6768599654192,19.8304443359375,1812200,0.0,0.0
2023-07-11,19.7943082771327,19.875617760369604,19.00831890340218,19.839479446411133,2592600,0.0,0.0
2023-07-12,19.911754655473565,20.2008542538623,19.640722489606983,19.812376022338867,870900,0.0,0.0
2023-07-13,20.00209483274971,20.011129409622246,19.478101436328018,19.776235580444336,1284500,0.0,0.0
2023-07-14,19.64975586842719,19.67685960031084,18.7553533942998,19.017349243164062,1803600,0.0,0.0
2023-07-17,19.089622731345298,19.767200469970703,18.683077122071634,19.767200469970703,1381800,0.0,0.0
2023-07-18,19.776238501037124,19.947892040626748,19.604586684617097,19.893686294555664,1742300,0.0,0.0
2023-07-19,19.956924209786898,19.965958786903094,19.505205692993478,19.78527069091797,915300,0.0,0.0
2023-07-20,19.875619987013536,20.011135233200115,19.64072608947754,19.64072608947754,891900,0.0,0.0
2023-07-21,19.712995755332596,20.0020953297599,19.550376813924892,19.749134063720703,1244600,0.0,0.0
2023-07-24,19.803339311061947,19.92078536406623,19.405826544517073,19.776235580444336,2096900,0.0,0.0
2023-07-25,20.01113066786453,20.580296984436444,20.01113066786453,20.20085334777832,2912600,0.0,0.0
2023-07-26,20.200853388310115,20.30023029401725,19.559412174095804,20.236989974975586,3768700,0.0,0.0
2023-07-27,20.300233017911893,20.43574997480714,19.993064235776785,20.18278694152832,1513600,0.0,0.0
2023-07-28,20.336365574124752,20.733878307239916,20.056300607306184,20.553190231323242,1920800,0.0,0.0
2023-07-31,20.634501570617758,21.022979762966212,20.44477890132624,20.652570724487305,1631500,0.0,0.0
2023-08-01,20.562225595439745,21.086218967876,20.43574497135249,20.869394302368164,2304900,0.0,0.0
2023-08-02,20.74291545619962,21.411460441650565,20.74291545619962,21.20366859436035,1712400,0.0,0.0
2023-08-03,21.474699637299512,21.836074121840863,20.98684279079159,21.42049217224121,2699500,0.0,0.0
2023-08-04,21.28497742728443,21.836074605394803,21.230771684195222,21.799936294555664,1899900,0.0,0.0
2023-08-07,21.88124335575252,21.91738166260309,20.950704355551306,21.050081253051758,3102700,0.0,0.0
2023-08-08,20.842292136059793,21.691523432030575,20.137612351104153,21.266908645629883,4160000,0.0,0.0
2023-08-09,21.339183304771236,21.501800521931475,20.38153881686781,20.959739685058594,2199300,0.0,0.0
2023-08-10,21.068153526104933,21.438562610324393,20.291197045464326,20.327335357666016,1642800,0.0,0.0
2023-08-11,20.25505855321701,20.724846228679137,19.96595897544629,20.056303024291992,1466900,0.0,0.0
2023-08-14,20.10147068833765,20.173745570200413,19.559408212782362,19.694923400878906,1894900,0.0,0.0
2023-08-15,19.84850962980814,19.911751665231662,19.297414249328792,19.79430389404297,1549400,0.0,0.0
2023-08-16,19.830443576498947,20.227954630595196,19.676859211862407,19.78527069091797,1028900,0.0,0.0
2023-08-17,19.98402884964675,20.011130859058056,19.00831687794205,19.125762939453125,2433800,0.0,0.0
2023-08-18,19.134797206064576,19.460035099071277,18.899903363689678,19.42389678955078,2505000,0.0,0.0
2023-08-21,19.46906813012777,19.85754634515461,19.30645090531674,19.8304443359375,2693700,0.0,0.0
2023-08-22,19.94788953508273,21.068151244469608,19.938854958010733,20.89649772644043,1986500,0.0,0.0
2023-08-23,21.140427427524752,21.546974804718673,20.86036241388532,21.35725212097168,2268300,0.0,0.0
2023-08-24,21.41146070435492,21.574077940551362,21.2217380107047,21.275943756103516,1879800,0.0,0.0
2023-08-25,21.402421989972087,21.402421989972087,19.7852690101114,20.191816329956055,7009800,0.0,0.0
2023-08-28,20.16471431395122,20.173748891067415,19.36969048258933,19.78527069091797,3137000,0.0,0.0
2023-08-29,19.749135164771243,20.002096444913494,19.478103006258063,19.93885612487793,2151800,0.0,0.0
2023-08-30,19.857547321654874,20.08340659980792,18.96314478694917,19.071557998657227,3272800,0.0,0.0
2023-08-31,18.945076289787547,19.1438335643008,18.267498431771504,18.61080551147461,5597500,0.0,0.0
2023-09-01,18.646938815557014,19.767200469970703,18.646938815557014,19.767200469970703,3421400,0.0,0.0
2023-09-04,19.62265475008729,19.731067968892038,19.270314804518748,19.703964233398438,2573400,0.0,0.0
2023-09-05,20.137612102113163,20.146644955968615,19.044452406480517,19.243207931518555,5014200,0.0,0.0
2023-09-06,19.170933333431517,19.34258685320532,18.28556544940984,18.403013229370117,2189800,0.0,0.0
2023-09-08,18.25846067773342,18.655973434448242,18.086808890908028,18.655973434448242,1495200,0.0,0.0
2023-09-11,18.84569766864903,18.95410915113666,18.45721945620122,18.917972564697266,1253400,0.0,0.0
2023-09-12,18.91797012696812,19.785268767788704,18.701145466762977,19.64975357055664,2836900,0.0,0.0
2023-09-13,19.7672010035718,20.39057302242205,19.5594109050115,19.776235580444336,2983200,0.0,0.0
2023-09-14,19.956929479359452,20.05630813070887,19.55038201762987,19.64072608947754,1698900,0.0,0.0
2023-09-15,19.703961247252884,19.703961247252884,18.95410857726703,19.008316040039062,3146000,0.0,0.0
2023-09-18,18.963143943916403,19.60458516140305,18.71018094328978,19.36065673828125,2180200,0.0,0.0
2023-09-19,19.441966533806625,19.487137698907425,18.91797309205763,19.062522888183594,3405300,0.0,0.0
2023-09-20,19.152865296334113,19.794304746147596,19.134796142578125,19.134796142578125,1970300,0.0,0.0
2023-09-21,18.755355316664463,18.936041711566983,18.321705901094898,18.61080551147461,2272600,0.0,0.0
2023-09-22,18.773422633222804,18.827628374064187,18.204256323295297,18.412046432495117,1901300,0.0,0.0
2023-09-25,18.24942890520617,18.475288165304416,18.122946547795955,18.439149856567383,1100500,0.0,0.0
2023-09-26,18.249428166764393,18.53852773228497,17.78867508802747,17.888051986694336,4241100,0.0,0.0
2023-09-27,17.942260779607334,18.466254211806035,17.70736693439144,18.11391258239746,4549000,0.0,0.0
2023-09-28,18.11391560872409,19.026387409567896,17.978400370081292,18.80956268310547,2719300,0.0,0.0
2023-09-29,19.161899215035508,19.61361774502506,19.008316569081725,19.42389678955078,2679700,0.0,0.0
2023-10-02,19.47810199583212,19.67685924639849,19.189002420284016,19.41486167907715,4747500,0.0,0.0
2023-10-03,19.216108466895726,19.378727428526712,18.484323139556285,18.61080551147461,1813500,0.0,0.0
2023-10-04,18.963144825397034,19.297417315935874,18.511426268175086,19.107694625854492,1411100,0.0,0.0
2023-10-05,19.10769275319257,19.31548285558937,18.655974240241587,18.872798919677734,1170000,0.0,0.0
2023-10-06,18.601767697722817,18.755352054419273,18.01453400088436,18.655973434448242,1844700,0.0,0.0
2023-10-09,18.52949800010404,19.306454577957105,18.339775283646297,19.152870178222656,1885100,0.0,0.0
2023-10-10,19.198037954764757,20.23699025238872,19.198037954764757,19.902719497680664,2162300,0.0,0.0
2023-10-11,19.91175190518317,20.092438267634243,19.505204574121993,19.965957641601562,1341600,0.0,0.0
2023-10-13,19.910297089973614,19.910297089973614,18.680246353149414,18.680246353149414,2481600,0.34936,0.0
2023-10-16,18.81793572592718,19.03824305603151,18.441577151476398,18.61598777770996,1143000,0.0,0.0
2023-10-17,18.47829763116355,18.94645145203441,18.175374776582093,18.267169952392578,2148800,0.0,0.0
2023-10-18,18.129477909632662,18.129477909632662,17.523632205631714,17.7714786529541,3917200,0.0,0.0
2023-10-19,17.789834398549107,18.40485972984087,17.72557830810547,17.72557830810547,1528200,0.0,0.0
2023-10-20,17.569526678150872,17.8816291829555,17.349219336673567,17.716398239135742,1886500,0.0,0.0
2023-10-23,17.59706556630095,18.349782746099635,17.45937369818972,17.95506477355957,1414900,0.0,0.0
2023-10-24,18.09275701059502,18.478295299676123,17.95506513967615,18.30388641357422,1163100,0.0,0.0
2023-10-25,18.303886213737883,18.43239839174615,17.69804058763161,17.762296676635742,1293200,0.0,0.0
2023-10-26,17.762297985275605,18.726142893043242,17.762297985275605,18.43239974975586,1696600,0.0,0.0
2023-10-27,18.368139487687063,18.40485649684208,17.312499649489453,17.450191497802734,2241700,0.0,0.0
2023-10-30,17.477731507078904,17.551167280182305,17.00957779697712,17.18398666381836,2307800,0.0,0.0
2023-10-31,17.174809411892138,17.89998930624406,16.89942566136572,17.780656814575195,1332900,0.0,0.0
2023-11-01,17.808194704411513,18.30388757211065,17.35840029715521,18.138656616210938,2662200,0.0,0.0
2023-11-03,18.386501531012524,19.313629345193785,18.386501531012524,19.221834182739258,2516000,0.0,0.0
2023-11-06,19.15758088165273,19.396245887573702,18.175374776582093,18.267169952392578,1663300,0.0,0.0
2023-11-07,18.285528686578292,19.203476910300402,18.09275864915606,19.130041122436523,2103900,0.0,0.0
2023-11-08,18.634347313055557,19.708346751349126,18.166195283021235,19.056604385375977,2767600,0.0,0.0
2023-11-09,19.249373817738835,19.754246396450565,18.744502989874416,19.185117721557617,2027600,0.0,0.0
2023-11-10,19.185115273304703,20.341730109510536,19.148398259106962,20.19485855102539,3621000,0.0,0.0
2023-11-13,20.213217933547806,20.259114639006757,19.7909608897677,20.19485855102539,1819400,0.0,0.0
2023-11-14,20.2774744030456,21.27803800833047,20.194858930987426,20.83742332458496,4733300,0.0,0.0
2023-11-16,20.92003975114381,21.388191779703938,20.864961600027282,21.20460319519043,2338300,0.0,0.0
2023-11-17,21.167885210042783,21.434091031068775,20.699731413334746,21.030193328857422,2436900,0.0,0.0
2023-11-20,21.011830092501523,21.103625246745935,20.626291845352554,20.736446380615234,1960800,0.0,0.0
2023-11-21,20.562038221303293,20.69973009371069,19.88275680002594,20.506961822509766,1962400,0.0,0.0
2023-11-22,20.580396069739287,21.20460104567319,20.185678114319494,20.51613998413086,1660400,0.0,0.0
2023-11-23,20.497781172846228,20.525320246379405,20.103063206439383,20.43352508544922,1091800,0.0,0.0
2023-11-24,20.286655252959758,20.286655252959758,19.699167223569813,20.038808822631836,1760200,0.0,0.0
2023-11-27,20.04798681890225,20.29583322826696,19.7175249397493,20.240755081176758,1607300,0.0,0.0
2023-11-28,20.213217016418675,20.846599927079886,20.148960931352786,20.562036514282227,1584100,0.0,0.0
2023-11-29,20.745624892554392,20.864957360699925,20.4427021263499,20.607933044433594,1838400,0.0,0.0
2023-11-30,20.763990180838956,21.25050163269043,20.644655927890504,21.25050163269043,1809900,0.0,0.0
2023-12-01,21.186241429110787,22.361215591430664,21.057729259317693,22.361215591430664,4335100,0.0,0.0
2023-12-04,22.333677249739587,22.379573954496887,21.415729147817128,21.746191024780273,1633400,0.0,0.0
2023-12-05,21.86552410307001,22.168446914919326,21.55342159984985,21.617677688598633,1299700,0.0,0.0
2023-12-06,21.617677467407365,22.06747358574073,21.525884056332398,21.60849952697754,2220000,0.0,0.0
2023-12-07,21.562600536825872,22.214344594576616,21.562600536825872,22.131729125976562,3081800,0.0,0.0
2023-12-08,22.232703029512923,22.838548653915833,21.94813960007449,22.69167709350586,2781300,0.0,0.0
2023-12-11,22.68249929728126,22.68249929728126,22.241884579237325,22.44383430480957,1602400,0.0,0.0
2023-12-12,22.582504385485873,23.153980780220287,22.25067926866784,22.969633102416992,2319800,0.100445,0.0
2023-12-13,22.822152196664554,23.799190521240234,22.822152196664554,23.799190521240234,3157400,0.0,0.0
2023-12-14,23.872929724729584,24.435188486021076,23.163193543766468,23.421279907226562,6171600,0.0,0.0
2023-12-15,23.365977539693485,23.84528005779593,23.153978957556888,23.46736717224121,1712700,0.0,0.0
2023-12-18,23.45815323485514,23.62406403531399,23.1724141582471,23.246152877807617,1650900,0.0,0.0
2023-12-19,23.42128036410734,23.58719290399176,22.73919684530327,22.960412979125977,2403900,0.0,0.0
2023-12-20,22.803719941015853,23.310675162534768,22.729981223458335,23.181631088256836,1564900,0.0,0.0
2023-12-21,23.236933579347607,23.45815147954578,23.06180523228935,23.38441276550293,655000,0.0,0.0
2023-12-22,23.54110587406995,23.71623420715332,23.172410575207213,23.71623420715332,1108000,0.0,0.0
2023-12-26,23.716238150607683,24.00197723054496,23.476586869726308,23.90980339050293,1742200,0.0,0.0
2023-12-27,23.734671416890347,24.131017667473248,23.734671416890347,23.99275779724121,1296400,0.0,0.0
2023-12-28,24.0480613937201,24.204756382134978,23.61484666484115,23.99275779724121,2771200,0.0,0.0
2024-01-02,23.2922386828895,23.37519495505409,22.748415013396993,22.886674880981445,3244300,0.0,0.0
2024-01-03,22.905113923912353,23.52267641248223,22.600941459874647,23.35676383972168,2843200,0.0,0.0
2024-01-04,23.45815048270712,23.495018959127034,22.388938295486437,22.656240463256836,2643400,0.0,0.0
2024-01-05,22.69311150051432,23.412063517796227,22.53641651453013,23.052587509155273,1838900,0.0,0.0
2024-01-08,22.88667710636894,24.195540712370434,22.711546986096053,23.90980339050293,2981000,0.0,0.0
2024-01-09,23.882150019212972,24.001976535217217,23.338326312596088,23.817628860473633,2778200,0.0,0.0
2024-01-10,23.882146728186108,23.955885436308197,23.19084568026547,23.52267074584961,1978700,0.0,0.0
2024-01-11,23.58719496335455,23.716237279833567,23.209283815320536,23.402847290039062,1490100,0.0,0.0
2024-01-12,23.31989113624306,23.919020198653623,22.8313727880907,23.458152770996094,1779100,0.0,0.0
2024-01-15,23.458150160506246,23.633278497717132,23.034151260048876,23.365976333618164,4521200,0.0,0.0
2024-01-16,23.310672656724133,23.45815007598589,23.071021410906397,23.393627166748047,2048500,0.0,0.0
2024-01-17,23.365977520401618,23.559540984435323,23.080240224798224,23.3291072845459,1957100,0.0,0.0
2024-01-18,23.338324227335573,23.605628156023407,23.08023961543787,23.20928192138672,1846500,0.0,0.0
2024-01-19,23.365975782917097,23.882146740027654,23.107889425327077,23.71623420715332,1688300,0.0,0.0
2024-01-22,24.011192062222143,24.011192062222143,22.573286193095786,22.7668514251709,2199700,0.0,0.0
2024-01-23,22.849804516331762,23.18162781951678,22.471891664308917,22.831369400024414,1953000,0.0,0.0
2024-01-24,22.886674150080776,23.08945516552406,22.213808193407132,22.462677001953125,2191700,0.0,0.0
2024-01-25,22.499546196903214,22.91432755772618,22.416589924738624,22.886674880981445,2198800,0.0,0.0
2024-01-26,22.886674964222646,23.135543781621585,22.56406743330583,23.052587509155273,1134200,0.0,0.0
2024-01-29,22.90510993494898,23.200064787125342,22.73919739108238,22.85902214050293,576800,0.0,0.0
2024-01-30,22.729979812683705,22.8313712023084,22.28754753479891,22.527198791503906,910500,0.0,0.0
2024-01-31,22.444243690287323,23.190848417917973,22.352069854736328,22.352069854736328,1885900,0.0,0.0
2024-02-01,22.26911183509933,22.97884802778617,22.26911183509933,22.73919677734375,1717100,0.0,0.0
2024-02-02,22.84981015805637,23.015720971578308,22.342854882851366,22.58250617980957,2003400,0.0,0.0
2024-02-05,22.46267834100855,23.25536909086439,22.46267834100855,22.951196670532227,2273500,0.0,0.0
2024-02-06,23.024934533795676,23.172411958919415,22.37972123839673,22.471893310546875,1920100,0.0,0.0
2024-02-07,22.517981231636696,22.951195950621223,22.444242518659127,22.720762252807617,3423500,0.0,0.0
2024-02-08,22.785283985122646,22.794501544237455,22.02946171840478,22.564067840576172,1270600,0.0,0.0
2024-02-09,22.600938920039667,23.273804937891484,22.600938920039667,22.988067626953125,1451100,0.0,0.0
2024-02-14,22.868238363375237,23.098672047934233,22.287546251837146,22.453458786010742,1156000,0.0,0.0
2024-02-15,22.40737106894026,22.89589111473857,22.333632359958393,22.67467498779297,1025500,0.0,0.0
2024-02-16,22.748414201278006,22.951195215957945,22.33363285526275,22.490327835083008,1155500,0.0,0.0
2024-02-19,22.536416265274177,22.822153557236955,22.23224385561842,22.361286163330078,910900,0.0,0.0
2024-02-20,22.20459193592837,23.080240717425994,22.103200543230635,23.006500244140625,2772000,0.0,0.0
2024-02-21,23.04337428191833,23.04337428191833,22.39815909879664,22.785287857055664,2887100,0.0,0.0
2024-02-22,22.794500013367667,23.485801077924005,22.794500013367667,23.365976333618164,1212700,0.0,0.0
2024-02-23,23.375192261228595,23.439713408127762,22.453457572796168,22.600934982299805,1597500,0.0,0.0
2024-02-26,22.647023455292857,22.74841484453464,22.315198369097637,22.361286163330078,832800,0.0,0.0
2024-02-27,22.462677223297458,23.30145572726698,22.462677223297458,23.071022033691406,2479700,0.0,0.0
2024-02-28,22.960414115637256,22.960414115637256,22.29676568131938,22.508764266967773,2262200,0.0,0.0
2024-02-29,22.499545373872277,22.647022794976934,22.22302564881843,22.545631408691406,1892300,0.0,0.0
2024-03-01,22.545633562163836,23.44893505029667,22.47189484456827,23.31989097595215,2216300,0.0,0.0
2024-03-04,23.319887643283067,23.430496582904034,22.674674396047365,22.6931095123291,1371600,0.0,0.0
2024-03-05,22.693111354705923,23.292238617947852,22.66545867803829,22.85902214050293,1135600,0.0,0.0
2024-03-06,22.914326967480413,23.62406140495059,22.914326967480413,23.09867286682129,2039400,0.0,0.0
2024-03-07,23.01571460977708,23.338322103358873,22.75763002136717,22.87745475769043,2022300,0.0,0.0
2024-03-08,22.591717999006132,23.365975297626058,22.58250044091906,22.63780403137207,1133500,0.0,0.0
2024-03-11,22.60093741886569,22.988066100065723,22.315198368836665,22.55484962463379,2221600,0.0,0.0
2024-03-12,22.64702560574824,23.20006688256462,22.490330606618095,22.997285842895508,1572700,0.0,0.0
2024-03-13,22.997284646425815,23.550324136399695,22.93276173173051,23.227718353271484,1088700,0.0,0.0
2024-03-14,23.80841111649131,23.80841111649131,22.941979864820052,23.402847290039062,3778800,0.0,0.0
2024-03-15,23.504239275304304,23.743890553393424,23.209284397062234,23.246152877807617,1472200,0.0,0.0
2024-03-18,23.264586784770692,23.55032408841765,23.24615166632388,23.33832550048828,2075900,0.0,0.0
2024-03-19,23.24614974748629,23.550322144472357,23.117107445149628,23.393627166748047,1876700,0.0,0.0
2024-03-20,23.181630303413666,24.730145077764305,23.181630303413666,24.573450088500977,3344200,0.0,0.0
2024-03-21,24.748578459233258,25.108054450169504,24.24162329045521,24.9052734375,4043600,0.0,0.0
2024-03-22,24.905276416941145,24.960580016454394,24.112583872282453,24.481277465820312,1578300,0.0,0.0
2024-03-25,24.490494330412734,24.665624441649427,24.131018306673447,24.389102935791016,788000,0.0,0.0
2024-03-26,24.306150376157458,24.637973748623654,23.919021643222045,24.27849769592285,2296400,0.0,0.0
2024-03-27,24.250844487590406,24.794668213873067,24.08493192593539,24.462844848632812,1660300,0.0,0.0
2024-03-28,24.204756318298678,24.352233747233186,23.808410068761077,23.965105056762695,4442900,0.0,0.0
2024-04-01,23.86371167124955,24.103362912762357,23.54110592120297,23.799190521240234,1140800,0.0,0.0
2024-04-02,23.660933339278564,24.389102946409757,23.660933339278564,24.195539474487305,2456900,0.0,0.0
2024-04-03,24.241626036028833,24.333799873343374,23.780758607525854,24.011192321777344,1548500,0.0,0.0
2024-04-04,24.232408352785548,24.72092666389806,23.872930590981163,24.094146728515625,1578200,0.0,0.0
2024-04-05,24.094147262690136,24.315363405129027,23.393628599265504,23.854496002197266,1497400,0.0,0.0
2024-04-08,23.854495515518217,24.28771199060015,23.743888325590188,24.17710304260254,1250400,0.0,0.0
2024-04-09,24.324579331852433,24.591883251488817,24.029624495060226,24.49049186706543,1533500,0.0,0.0
2024-04-10,24.490494869357175,24.490494869357175,23.780758607525854,24.011192321777344,1701000,0.0,0.0
2024-04-11,23.82684385428578,24.075712660969913,23.37519403367543,23.808408737182617,1914700,0.0,0.0
2024-04-12,23.6978013826076,24.066496717129926,22.859022836901644,22.951196670532227,3317100,0.0,0.0
2024-04-15,23.006499482030993,23.006499482030993,22.14928760532022,22.30598258972168,3699600,0.0,0.0
2024-04-16,22.16772085872278,22.683893603730066,21.845115090680203,22.19537353515625,2570800,0.0,0.0
2024-04-17,22.951197041232312,22.978849719189018,21.734507340252094,21.909637451171875,3582300,0.0,0.0
2024-04-18,21.909637359271937,22.444243491038105,21.38424878678601,21.605464935302734,2787300,0.0,0.0
2024-04-19,21.568591085046485,22.333630796451406,21.467201466087822,21.992589950561523,2768800,0.0,0.0
2024-04-22,21.928068878904728,22.582499657766707,21.872763532300244,22.26910972595215,1673600,0.0,0.0
2024-04-23,22.075548334604214,22.82215300232031,21.80824440876427,22.656240463256836,2007400,0.0,0.0
2024-04-24,22.766848086521684,23.098671387309192,22.370501879124646,22.63780403137207,2381200,0.0,0.0
2024-04-25,22.582501662871902,22.637805256317424,22.223025668371704,22.490327835083008,2249300,0.0,0.0
2024-04-26,22.729981235187605,23.31989097595215,22.674677636508356,23.31989097595215,3016900,0.0,0.0
2024-04-29,23.20928192138672,23.430498056471706,23.153978327132865,23.20928192138672,1221600,0.0,0.0
2024-04-30,23.08945507321169,23.09867263179538,22.10319915966089,22.296764373779297,1443400,0.0,0.0
2024-05-02,22.315199018685274,23.043370366128354,22.315199018685274,22.564067840576172,1318200,0.0,0.0
2024-05-03,23.283021267019233,23.69780087232089,23.117108721670725,23.46736717224121,2566100,0.0,0.0
2024-05-06,23.144761106329,23.541107346752398,22.490328492170242,22.49954605102539,1583600,0.0,0.0
2024-05-07,22.25989677752708,22.739199332265198,22.25989677752708,22.610157012939453,1263600,0.0,0.0
2024-05-08,22.674676918461135,22.674676918461135,21.992593362784493,22.619373321533203,1442000,0.0,0.0
2024-05-09,22.14929256156209,22.25068221551904,21.22755756661174,21.688425064086914,4256100,0.0,0.0
2024-05-10,21.605467350655278,22.259898310086392,21.32894581554379,21.338163375854492,2806600,0.0,0.0
2024-05-13,21.23676796061581,21.522505220361165,20.96024650060826,21.06163787841797,2296800,0.0,0.0
2024-05-14,21.024772191664358,21.70685579420338,20.99712127033547,21.51329231262207,1797500,0.0,0.0
2024-05-15,21.273643613131263,21.872771008234995,21.209122444775936,21.688425064086914,1746100,0.0,0.0
2024-05-16,21.891204015092615,22.02946389936345,21.32894515991211,21.32894515991211,1160300,0.0,0.0
2024-05-17,21.365812281222517,21.485637027947625,21.190682182406224,21.42111587524414,1583800,0.0,0.0
2024-05-20,21.411899447738865,21.66076827108808,21.16303062438965,21.16303062438965,1234400,0.0,0.0
2024-05-21,21.1538137692952,21.448768615722656,21.135378651876092,21.448768615722656,2359200,0.0,0.0
2024-05-22,21.43955414759283,21.467206827707713,21.015555176180396,21.1353816986084,1252400,0.0,0.0
2024-05-23,20.877293192416655,21.301292121193622,20.48094694097394,20.582338333129883,2294500,0.0,0.0
2024-05-24,20.619205220726556,20.89572491687981,20.130685215581835,20.149120330810547,2287300,0.0,0.0
2024-05-27,20.27816701327135,20.37034085130926,19.909473419189453,19.909473419189453,1429900,0.0,0.0
2024-05-28,20.06616723292609,20.563903116062647,20.04773211479187,20.278165817260742,2706400,0.0,0.0
2024-05-29,20.07538426831665,20.656076409839923,20.07538426831665,20.5178165435791,2364300,0.0,0.0
2024-05-31,20.43486033541881,20.78511878156763,20.416425217708458,20.739032745361328,2264900,0.0,0.0
2024-06-03,21.14459798198969,21.46720553157249,20.88651159070951,21.199901580810547,2850500,0.0,0.0
2024-06-04,21.163032495355928,21.513292742458084,20.831209126291018,20.941816329956055,2910000,0.0,0.0
2024-06-05,20.987904215411017,21.273641543791655,20.665296646945233,20.77590560913086,2153500,0.0,0.0
2024-06-06,20.766688087425724,21.153816818684984,20.600775522876067,21.1353816986084,5408700,0.0,0.0
2024-06-07,21.006337383380995,21.07085853946438,20.720598323483646,20.831207275390625,2625100,0.0,0.0
2024-06-10,20.84042463728567,20.849642196363135,20.103035733714886,20.222862243652344,1929300,0.0,0.0
2024-06-11,20.232079210484578,20.794336233194375,20.232079210484578,20.6284236907959,1561100,0.0,0.0
2024-06-12,20.904943108405732,21.03398540278102,20.08459979461528,20.324249267578125,2287500,0.0,0.0
2024-06-13,20.508598096081027,20.508598096081027,20.047730723135388,20.09381675720215,2151900,0.0,0.0
2024-06-14,20.093819943501092,20.278167625139364,19.835735298891255,20.029298782348633,1390400,0.0,0.0
2024-06-17,19.82651386519531,20.16755472410106,19.761992716649328,19.86338233947754,2864800,0.0,0.0
2024-06-18,19.863385621135635,20.093819337195537,19.59608342470241,19.909473419189453,1566000,0.0,0.0
2024-06-19,20.09381663530918,20.09381663530918,19.540777197584863,19.789644241333008,1553900,0.0,0.0
2024-06-20,19.927909820752603,20.444080885682364,19.844953536987305,19.844953536987305,2819000,0.0,0.0
2024-06-21,19.955555707148832,20.30581587422335,19.752774708047916,20.185989379882812,3275800,0.0,0.0
2024-06-24,20.35675562634989,20.495551334462004,20.097669010292947,20.153188705444336,1970700,0.08455,0.0
2024-06-25,20.153191040052988,20.366011268137534,19.857091259593993,20.26422691345215,896100,0.0,0.0
2024-06-26,20.143936015427457,20.31974309392846,19.690535747653996,20.09766960144043,1877600,0.0,0.0
2024-06-27,20.19945608590485,20.57883189634794,19.995889137459397,20.541820526123047,1232000,0.0,0.0
2024-06-28,20.38451562795682,20.495551489332257,19.88484895711777,19.98663330078125,1595500,0.0,0.0
2024-07-01,20.273480063242115,20.58808464393562,19.92186411328763,20.171695709228516,2306200,0.0,0.0
2024-07-02,20.180947414517085,20.40302090736586,19.440702438354492,19.440702438354492,4290900,0.0,0.0
2024-07-03,19.607259079030474,20.699121802664212,19.542487860659545,20.412275314331055,2328500,0.0,0.0
2024-07-04,20.71762927635998,21.29132056213144,20.5140623116713,21.059993743896484,1868500,0.0,0.0
2024-07-05,21.143270606165032,21.615177506315426,20.8009061537441,21.328330993652344,1623400,0.0,0.0
2024-07-08,21.383849565903233,21.420860935487347,20.856424753924983,21.01372528076172,1593100,0.0,0.0
2024-07-09,21.13401603259662,21.309824890133804,20.902689238688936,21.180280685424805,863800,0.0,0.0
2024-07-10,21.02297780065593,21.6429336613978,21.02297780065593,21.28206443786621,1361300,0.0,0.0
2024-07-11,21.60592287238613,21.698453942790685,21.254305157825506,21.393102645874023,1052100,0.0,0.0
2024-07-12,21.33758267167443,21.504138243294776,21.171027100054086,21.254304885864258,1388000,0.0,0.0
2024-07-15,21.235798320690407,21.485629892493726,21.032229632331077,21.300569534301758,1123200,0.0,0.0
2024-07-16,21.282066093696344,21.837250779552072,21.050739288330078,21.050739288330078,17066600,0.0,0.0
2024-07-17,21.05073737849645,21.41160659736516,20.893435094523344,21.097002029418945,2501400,0.0,0.0
2024-07-18,21.106258657043607,21.15252508018071,20.495555990702545,20.63435173034668,2102700,0.0,0.0
2024-07-19,20.921197648634887,20.921197648634887,20.40302431392191,20.689870834350586,2036400,0.0,0.0
2024-07-22,20.754638829957198,21.013723692109185,20.41227442154931,20.588083267211914,3864400,0.0,0.0
2024-07-23,20.569578347152195,20.61584476544059,20.20870910891972,20.35675811767578,2133500,0.0,0.0
2024-07-24,20.541823418518526,20.541823418518526,19.65352746455999,19.70904541015625,3279300,0.0,0.0
2024-07-25,19.55174194115546,19.949624351724847,19.523983852435265,19.653526306152344,5031400,0.0,0.0
2024-07-26,19.55173917915927,19.783065965194623,19.44070331019696,19.52398109436035,2180300,0.0,0.0
2024-07-29,19.662777216885896,19.995888360381695,19.403690575846568,19.84783935546875,3001700,0.0,0.0
2024-07-30,19.625764156505547,19.838586146135587,19.181617140108113,19.237136840820312,2114600,0.0,0.0
2024-07-31,19.255641309730965,19.903357021101346,19.17236352498668,19.616512298583984,4048100,0.0,0.0
2024-08-01,19.43144798027283,19.85708837460157,19.098336878705553,19.126096725463867,4248800,0.0,0.0
2024-08-02,18.8392569459875,19.570248785672767,18.830003661322678,19.13535499572754,4224300,0.0,0.0
2024-08-05,18.117514699742895,19.246388835570396,18.117514699742895,18.996557235717773,3544200,0.0,0.0
2024-08-06,18.80224295968517,19.34817437611302,18.7929896754375,19.05207633972168,2144600,0.0,0.0
2024-08-07,19.061326220192576,20.03289794921875,19.061326220192576,20.03289794921875,3026400,0.0,0.0
2024-08-08,19.838584284017497,21.00447141628908,19.838584284017497,20.902687072753906,3706000,0.0,0.0
2024-08-09,21.078496198491948,21.45787196515401,20.97671185357371,21.087749481201172,3321800,0.0,0.0
2024-08-12,21.087752431041604,21.319079236481464,20.874930428725502,21.004474639892578,2018100,0.0,0.0
2024-08-13,20.865677377608836,21.522646430130028,20.865677377608836,21.328330993652344,2540100,0.0,0.0
2024-08-14,21.328331372831936,21.89276935920243,21.282066716358475,21.605924606323242,3520900,0.0,0.0
2024-08-15,21.855758356891194,22.16110968348099,21.420862813192947,21.92978286743164,2901800,0.0,0.0
2024-08-16,22.20737266702842,22.262890604528636,20.948954317800784,21.245052337646484,3800500,0.0,0.0
2024-08-19,20.948952554417048,21.85575486996844,20.948952554417048,21.642932891845703,2588400,0.0,0.0
2024-08-20,21.60592385772425,21.94828653948616,21.494886215198242,21.707706451416016,2578800,0.0,0.0
2024-08-21,21.87426027809989,21.902020127725475,21.337582206188443,21.494884490966797,2983700,0.0,0.0
2024-08-22,21.670692026232874,21.670692026232874,20.75463822281471,20.99521827697754,3725600,0.0,0.0
2024-08-23,21.10625958060392,21.753975413797185,20.828668089168897,21.559659957885742,3108500,0.0,0.0
2024-08-26,21.60592287238613,21.763225162608858,21.38384936234523,21.393102645874023,1106900,0.0,0.0
2024-08-27,21.27281069238974,21.596668540645283,21.20803947571529,21.56890869140625,1728100,0.0,0.0
2024-08-28,21.485633293702477,21.522646430130028,21.124764037951255,21.328330993652344,1600800,0.0,0.0
2024-08-29,21.55040334787101,21.55040334787101,20.680614173983507,20.754638671875,2075200,0.0,0.0
2024-08-30,20.560326980542545,20.662111345384,20.18095113962165,20.403024673461914,2829400,0.0,0.0
2024-09-02,20.671361069709217,20.680614352635995,20.227214078523417,20.236467361450195,1798300,0.0,0.0
2024-09-03,20.236468292841128,20.301239511426434,19.59800586057403,19.801572799682617,3692400,0.0,0.0
2024-09-04,19.792318450022456,20.763891971108755,19.75530708348912,20.49555206298828,1652600,0.0,0.0
2024-09-05,20.59733785266894,20.893435865214936,20.412275712386005,20.736133575439453,1788800,0.0,0.0
2024-09-06,20.819408857747465,20.967457846211907,20.39376845713299,20.532564163208008,2115600,0.0,0.0
2024-09-09,20.828661551046167,20.828661551046167,20.36600803395909,20.726877212524414,1001100,0.0,0.0
2024-09-10,20.64360016441066,21.087748897748646,20.514057739832133,20.97671127319336,1915800,0.0,0.0
2024-09-11,21.115508595741264,21.356088663281508,20.85642372676201,21.097002029418945,2086300,0.0,0.0
2024-09-12,21.097002366124467,21.097002366124467,20.440035135146744,20.671361923217773,1498600,0.0,0.0
2024-09-13,20.671362414578564,21.59666958885734,20.671362414578564,21.393102645874023,2804400,0.0,0.0
2024-09-16,21.430114181089525,21.726212196770778,21.050738377887498,21.272811889648438,2535300,0.0,0.0
2024-09-17,21.365343266634937,21.365343266634937,20.837918448041695,21.198787689208984,1907200,0.0,0.0
2024-09-18,21.171026208811057,21.892766400488117,21.171026208811057,21.430112838745117,1676000,0.0,0.0
2024-09-19,21.800237908613116,21.800237908613116,21.15252390464226,21.235801696777344,1894800,0.0,0.0
2024-09-20,21.27281202118518,21.36534309287857,20.227215676235076,20.35675811767578,2511700,0.0,0.0
2024-09-23,20.37526129277998,20.412272656365396,19.75530550999713,19.764558792114258,3654300,0.0,0.0
2024-09-24,20.08841896057129,20.208709887874384,19.847840635732027,20.08841896057129,1284300,0.0,0.0
2024-09-25,20.106923059820506,20.162442757089764,19.625762939453125,19.625762939453125,1141500,0.0,0.0
2024-09-26,19.847838918111723,20.060659137374063,19.662776783606805,19.82933235168457,1383900,0.0,0.0
2024-09-27,19.921865463256836,20.366012513785652,19.792321249856645,19.921865463256836,1716900,0.0,0.0
2024-09-30,19.810826955969787,19.85709160988835,19.542488786451973,19.838586807250977,1858700,0.0,0.0
2024-10-01,19.986635679321456,20.143937972392653,19.64427124209,19.792320251464844,1120100,0.0,0.0
2024-10-02,20.032899990293462,20.4030225074003,19.88485098345073,20.125431060791016,2018800,0.0,0.0
2024-10-03,19.894105595868346,20.125432405122627,19.588754278248032,20.014394760131836,3018100,0.0,0.0
2024-10-04,20.014395548020566,20.523315607344284,19.995890743863217,20.403024673461914,1264000,0.0,0.0
2024-10-07,20.5048068569942,20.59733792747171,19.995888616692962,20.171695709228516,1525700,0.0,0.0
2024-10-08,20.39377338956809,20.6898714381112,20.375266820313247,20.63435173034668,1148800,0.0,0.0
2024-10-09,20.264227307460974,20.671362969235297,20.264227307460974,20.541820526123047,2063200,0.0,0.0
2024-10-10,20.551071650172375,20.61584463536745,20.21796226501465,20.21796226501465,1301800,0.0,0.0
2024-10-11,20.366011268137534,20.375264551734695,19.866344543191154,20.26422691345215,1153300,0.0,0.0
2024-10-14,20.26422687222483,20.81015824916294,20.208708935638203,20.569578170776367,1606300,0.0,0.0
2024-10-15,20.504809027155876,21.20804276637617,20.467797653977733,21.059993743896484,1909500,0.0,0.0
2024-10-16,21.097001554692877,21.63367961178065,20.89343462437795,21.550403594970703,3154200,0.0,0.0
2024-10-17,21.282063975469416,21.596668540645283,21.07849704236639,21.56890869140625,1446200,0.0,0.0
2024-10-18,21.63367768244314,21.809486513103497,20.7176239303967,20.726877212524414,3068700,0.0,0.0
2024-10-21,20.726882084795825,20.828666447244043,19.78306826450378,19.894105911254883,3035200,0.0,0.0
2024-10-22,19.85709073837548,20.0143930256315,19.57024601392627,19.755308151245117,2048000,0.0,0.0
2024-10-23,19.625761325240415,19.83858328416819,19.5239787517182,19.764558792114258,1546500,0.0,0.0
2024-10-24,19.783066625129678,20.264226779706025,19.44995724224737,20.171695709228516,2409100,0.0,0.0
2024-10-25,20.29198622807377,20.29198622807377,19.727548297744647,19.801572799682617,1161900,0.0,0.0
2024-10-28,20.02364613911704,20.17169514176282,19.838585768251473,19.968128204345703,1207500,0.0,0.0
2024-10-29,20.097671246120207,20.24572025322772,19.857091168349655,19.866344451904297,1204300,0.0,0.0
2024-10-30,20.00513884888712,20.514057011564137,19.91260779252318,20.421525955200195,1617000,0.0,0.0
2024-10-31,20.3937711236345,20.569578217370967,20.097671343107187,20.21796226501465,2089400,0.0,0.0
2024-11-01,20.375264817329935,20.393771384765493,19.440704340435136,19.486968994140625,1484000,0.0,0.0
2024-11-04,19.60726199361142,20.569580658666748,19.60726199361142,20.023649215698242,3102500,0.0,0.0
2024-11-05,19.894105911254883,20.08841958696491,19.6720323826362,19.894105911254883,6257200,0.0,0.0
2024-11-06,19.588751675641788,20.37526307558535,19.34817161419533,20.236467361450195,2039200,0.0,0.0
2024-11-07,20.27348096367774,20.615845410185443,19.246389389038086,19.246389389038086,3912000,0.0,0.0
2024-11-08,19.23713568689404,19.292653619392674,18.765228848447514,18.922531127929688,2543700,0.0,0.0
2024-11-11,19.0798353752854,19.172364684032075,18.580168636612843,18.6634464263916,2960400,0.0,0.0
2024-11-12,18.663443051122705,19.070578642534997,18.654189768944796,18.681949615478516,1884100,0.0,0.0
2024-11-13,18.59867300787031,19.070579839258077,18.43211744798248,18.737468719482422,2484000,0.0,0.0
2024-11-14,18.478380486421337,18.885516067898706,18.293320142028403,18.311826705932617,3600200,0.0,0.0
2024-11-18,18.265564587524874,18.459880024405894,18.034237779022963,18.071250915527344,2075900,0.0,0.0
2024-11-19,18.006476291459844,18.570914217710094,18.006476291459844,18.348840713500977,2143600,0.0,0.0
2024-11-21,18.32108295999005,18.339589528679213,18.07125134222049,18.136022567749023,1251500,0.0,0.0
2024-11-22,18.321081432793395,18.506143574491666,18.061996552275875,18.45987892150879,1129800,0.0,0.0
2024-11-25,18.598672428946156,18.968794903352,18.54315449900607,18.62643051147461,1766700,0.0,0.0
2024-11-26,18.51539904225299,19.496224273237758,18.51539904225299,19.13535499572754,3692100,0.0,0.0
2024-11-27,19.255641834737087,19.264895118281334,17.80290985107422,17.80290985107422,4009300,0.0,0.0
2024-11-28,17.76589721012709,17.775148728125753,16.951625965351173,16.997892379760742,6535600,0.0,0.0
2024-11-29,16.914616229744734,17.09967661057821,16.331671706154896,16.85909652709961,5207000,0.0,0.0
2024-12-02,16.859096233006213,17.053411659107624,16.498226996525098,16.840591430664062,2249400,0.0,0.0
2024-12-03,16.85909649096551,17.18295436283425,16.748060615680092,17.071918487548828,2105000,0.0,0.0
2024-12-04,17.247723974550613,17.247723974550613,16.544490358801205,16.785070419311523,3109400,0.0,0.0
2024-12-05,16.84059265551368,17.701126915489056,16.84059265551368,17.29399299621582,2327200,0.0,0.0
2024-12-06,17.377269347348168,17.460547134123455,16.84984277614356,17.05341148376465,3203900,0.0,0.0
2024-12-09,17.099674376098946,17.293989780198103,16.785069828420838,16.88685417175293,1815000,0.0,0.0
2024-12-10,17.062665445843468,17.5068124830526,16.923869717326042,17.395774841308594,1490700,0.0,0.0
2024-12-11,17.580835747096184,18.459878240404322,17.35876224418202,17.950958251953125,2903800,0.0,0.0
2024-12-12,17.802910520425716,17.858428458895187,17.24772584108068,17.303245544433594,3748700,0.0,0.0
2024-12-13,17.303243352995477,17.950957259462847,17.145941076517946,17.164445877075195,3233900,0.0,0.0
2024-12-16,17.19116084027887,17.418607080948366,16.87842203341056,16.963714599609375,2865500,0.438188,0.0
2024-12-17,17.058484009419846,17.352268505681337,16.688884100975326,16.916330337524414,3658800,0.0,0.0
2024-12-18,16.783652342421753,16.95423747510247,16.04445251091471,16.082359313964844,3355800,0.0,0.0
2024-12-19,16.016016606654286,16.887894525745534,15.959155514073553,16.74574089050293,4039300,0.0,0.0
2024-12-20,16.85946794854512,17.371221489979117,16.45195946119883,17.210113525390625,2868900,0.0,0.0
2024-12-23,17.105868767722846,17.143777379386087,16.29085350036621,16.29085350036621,2719200,0.0,0.0
2024-12-26,16.205560741344893,16.451961291515293,15.968637343978981,16.167652130126953,1915000,0.0,0.0
2024-12-27,16.42352810489818,16.489866359966907,15.98758996725689,16.091835021972656,1498900,0.0,0.0
2024-12-30,16.044452049034728,16.31928223787817,15.779097204994518,16.0728816986084,2443300,0.0,0.0
2025-01-02,15.854912998583378,15.997066672623484,15.570605650503168,15.760143280029297,3426700,0.0,0.0
2025-01-03,15.760140807590611,15.997064163016447,15.703279708411301,15.826480865478516,2019300,0.0,0.0
2025-01-06,15.921247206548147,16.556201809376358,15.921247206548147,16.433002471923828,2851400,0.0,0.0
2025-01-07,16.594114231583525,17.219591828249644,16.546728469665187,16.95423698425293,2718400,0.0,0.0
2025-01-08,16.87842017500221,16.92580593299636,16.328758035342958,16.404573440551758,3016800,0.0,0.0
2025-01-09,16.385621457713444,16.831036751306392,16.35719000202721,16.575159072875977,1765800,0.0,0.0
2025-01-10,16.58463478088379,16.897373535877186,16.366665729011793,16.58463478088379,1884900,0.0,0.0
2025-01-13,16.62254618750614,16.63202153259213,16.37614564088333,16.44248390197754,1777400,0.0,0.0
2025-01-14,16.442484427612836,16.906854077699368,16.27189928929899,16.77417755126953,1698200,0.0,0.0
2025-01-15,16.821560586464106,17.627100469022448,16.821560586464106,17.43756103515625,3436700,0.0,0.0
2025-01-16,17.428083068161182,17.475468828204047,16.98266776924978,17.02057456970215,2597100,0.0,0.0
2025-01-17,17.02057808456049,17.238549010606217,16.81208612006272,16.973194122314453,2618000,0.0,0.0
2025-01-20,16.887898461817738,17.45651494289746,16.812083051512573,17.067960739135742,2390500,0.0,0.0
2025-01-21,17.02057576156193,17.57023977105766,17.001623263799562,17.484947204589844,2886300,0.0,0.0
2025-01-22,17.333314245929955,18.110422593687797,17.333314245929955,17.920883178710938,3574500,0.0,0.0
2025-01-23,17.89245255157343,17.99669941538947,17.589190919652477,17.61762237548828,2659800,0.0,0.0
2025-01-24,17.702917098999023,18.0061787679835,17.53233195829972,17.702917098999023,1261000,0.0,0.0
2025-01-27,17.617621221840185,18.423161008620053,17.598666919190826,18.23362159729004,2261000,0.0,0.0
2025-01-28,18.205189880673895,18.262052787801625,17.996697977284178,18.14832878112793,1828400,0.0,0.0
2025-01-29,18.148331267113676,18.23362383190701,17.95879364013672,17.95879364013672,2501200,0.0,0.0
2025-01-30,18.19571627929382,18.840146353542572,18.025131156740763,18.584270477294922,3101400,0.0,0.0
2025-01-31,18.58427027537514,18.72642394009753,18.318915442333275,18.461069107055664,3542800,0.0,0.0
2025-02-03,18.7359002073572,18.95386927014422,18.3378688803809,18.603221893310547,2839900,0.0,0.0
2025-02-04,18.54636228823553,18.641132003750133,18.186239538378423,18.432640075683594,2040700,0.0,0.0
2025-02-05,18.480025197288263,18.527409154248474,17.968269785723955,18.1767635345459,1392700,0.0,0.0
2025-02-06,18.148331346269494,18.461070149348426,18.025131978576226,18.281009674072266,1902300,0.0,0.0
2025-02-07,18.47054617208367,18.47054617208367,17.200636732389828,17.41860580444336,5454600,0.0,0.0
2025-02-10,17.437559314236523,17.759775235460243,16.812081774821497,16.840513229370117,6875000,0.0,0.0
2025-02-11,16.793129900277183,17.68396238822558,16.46143858715254,17.65553092956543,4559500,0.0,0.0
2025-02-12,17.570238939901756,17.750299409409834,17.143776127736388,17.589191436767578,3273600,0.0,0.0
2025-02-13,17.589191382067046,17.69343824862371,17.37122230434126,17.627099990844727,3106500,0.0,0.0
2025-02-14,17.617625085045013,18.42316504846423,17.589193624836504,18.356826782226562,3439400,0.0,0.0
2025-02-17,18.442114694495153,19.257131685225353,18.262054230445106,18.859100341796875,4321600,0.0,0.0
2025-02-18,18.84962386241427,18.991779338953755,18.49897826615786,18.792762756347656,4318800,0.0,0.0
2025-02-19,18.83067206110343,18.849624558771147,18.24310125143539,18.527408599853516,2765500,0.0,0.0
2025-02-20,18.574795016406927,18.745380154491507,18.29048585040526,18.66008758544922,1593100,0.0,0.0
2025-02-21,18.754857494189295,18.764332839659804,18.290486032521102,18.42316436767578,3780000,0.0,0.0
2025-02-24,18.404209198261274,18.527408567002137,17.551285346937195,17.683961868286133,3459300,0.0,0.0
2025-02-25,17.665006536262315,17.721869448605492,17.36174490075974,17.541807174682617,2635100,0.0,0.0
2025-02-26,17.75977519514843,17.75977519514843,17.067959404272095,17.20063591003418,2114200,0.0,0.0
2025-02-27,17.10586712426555,17.342790501651955,17.039528867810464,17.21959114074707,2533000,0.0,0.0
2025-02-28,17.28593172281878,17.418608253579002,16.613070108155185,16.9068546295166,7226000,0.0,0.0
2025-03-05,16.698362763843143,17.06796270571865,16.594115884818905,17.030054092407227,2333800,0.0,0.0
2025-03-06,17.030052065318444,17.665006802048666,17.020574913118654,17.428083419799805,2417800,0.0,0.0
2025-03-07,17.41860359202963,18.091466834204397,17.18168024617319,17.93035888671875,2221500,0.0,0.0
2025-03-10,17.85454946955732,18.034611778851307,17.674487160263336,17.816640853881836,2766800,0.0,0.0
2025-03-11,17.721869641349013,18.081992385529542,17.721869641349013,17.98722267150879,2560100,0.0,0.0
2025-03-12,17.9114079171145,18.290484979484464,17.87350111466851,18.119901657104492,2287500,0.0,0.0
2025-03-13,18.044084760148635,18.461068590659444,17.513375108910004,18.290483474731445,3915200,0.0,0.0
2025-03-14,18.337870195917873,18.991779238771418,18.281009090151205,18.66956329345703,3017900,0.0,0.0
2025-03-17,18.887532053151855,19.2571319457711,18.593747569469425,18.944393157958984,2870500,0.0,0.0
2025-03-18,18.85910172996359,19.17184053656425,18.707470902980365,18.88753318786621,1895900,0.0,0.0
2025-03-19,18.953871442113538,19.87313355632651,18.868578876017466,19.56987190246582,4562600,0.0,0.0
2025-03-20,19.45615035980328,19.97738111947821,19.418241747966942,19.5035343170166,2998800,0.0,0.0
2025-03-21,19.456148147583008,19.81627088117071,19.418239540056987,19.456148147583008,4183300,0.0,0.0
2025-03-24,19.46562581739698,19.835225712700332,19.3519017993749,19.427717208862305,2578700,0.0,0.0
2025-03-25,19.462474303570737,20.261129991559535,19.462474303570737,19.77623176574707,3366500,0.066555,0.0
2025-03-26,19.85229185439877,20.128019011701983,19.681152923813798,19.73819923400879,1874900,0.0,0.0
2025-03-27,19.814260186214515,20.403742914697812,19.633611434306044,20.318174362182617,4015200,0.0,0.0
2025-03-28,20.31817795425126,20.52734898948787,20.051958789293096,20.299161911010742,4761400,0.0,0.0
2025-03-31,20.261130051175964,20.44177883704228,19.414936065673828,19.414936065673828,3627000,0.0,0.0
2025-04-01,19.557550654765205,19.93786241545332,19.281825308317394,19.576566696166992,2643400,0.0,0.0
2025-04-02,19.510014394932355,19.966388555248155,19.49099835155177,19.766725540161133,1726800,0.0,0.0
2025-04-03,19.766725046448823,20.308669574971432,19.662138623937558,20.089988708496094,4950900,0.0,0.0
2025-04-04,19.738201285769325,19.738201285769325,18.977575879068898,19.205764770507812,3052000,0.0,0.0
2025-04-07,18.74938485576285,19.595580465324847,18.559229904203345,19.186744689941406,2737500,0.0,0.0
2025-04-08,19.224778355995756,19.880817316591337,19.224778355995756,19.329364776611328,2902900,0.0,0.0
2025-04-09,19.110683100070837,20.33718866110737,18.977572633915003,19.795244216918945,4287700,0.0,0.0
2025-04-10,19.671645813201117,20.099495879659884,19.57656741616486,19.82377052307129,4838500,0.0,0.0
2025-04-11,20.02343355286684,20.67947249852249,19.92835515569696,20.546363830566406,4486600,0.0,0.0
2025-04-14,20.812581817628185,21.202401626098112,20.76504352429074,20.974214553833008,4406900,0.0,0.0
2025-04-15,20.73652068443658,21.24043496552367,20.73652068443658,21.08831024169922,2621100,0.0,0.0
2025-04-16,20.87913576475526,21.544682739899685,20.87913576475526,21.2974796295166,2814700,0.0,0.0
2025-04-17,21.335513025138923,21.963027954101562,21.306988959833447,21.963027954101562,3187700,0.0,0.0
2025-04-22,21.858439219265428,22.46693804041687,21.782376866621497,22.105642318725586,4418400,0.0,0.0
2025-04-23,22.457431456223013,22.54300001472551,22.26727467106979,22.42890739440918,3160500,0.0,0.0
2025-04-24,22.362357015711666,23.20855105090414,22.362357015711666,22.989871978759766,4275800,0.0,0.0
2025-04-25,23.046915939317827,23.084948024563673,22.562017733251125,22.95183753967285,2827600,0.0,0.0
2025-04-28,22.885282025979002,23.351164165442245,22.809219672872135,23.199039459228516,2643300,0.0,0.0
2025-04-29,23.332151189759628,23.655414847714745,23.189532683242508,23.313135147094727,4254300,0.0,0.0
2025-04-30,23.17051586785253,23.42722516129733,22.980359089367287,23.246578216552734,6348600,0.0,0.0
2025-05-02,23.25608638281394,23.370180822212085,22.780696210015915,22.894790649414062,12904500,0.0,0.0
2025-05-05,23.084947250233473,23.37018062613128,22.78069601888101,23.05642318725586,8063600,0.0,0.0
2025-05-06,23.14199527406498,23.29411999425601,22.07712041925803,22.314815521240234,7668800,0.0,0.0
2025-05-07,22.438416988038753,22.514479344738426,21.7728700068144,22.4003849029541,4262300,0.0,0.0
2025-05-08,21.72533177980984,22.761682526404098,21.354526202988552,22.219738006591797,8236100,0.0,0.0
2025-05-09,21.23092774031415,21.468622856893337,20.97421657917587,21.16437339782715,121193800,0.0,0.0
2025-05-12,21.202399268976095,21.364031987211817,20.869627625669704,21.107322692871094,8764100,0.0,0.0
2025-05-13,21.183387140161948,21.772869949669854,21.15486307642332,21.48763656616211,17299700,0.0,0.0
2025-05-14,21.497146019051673,21.715825081868935,21.154864485271787,21.259450912475586,15198800,0.0,0.0
2025-05-15,21.40206591268492,22.200721552380774,21.383049870437496,21.820409774780273,8082700,0.0,0.0
2025-05-16,21.687300125028155,22.115152024671172,21.468621071197138,22.086627960205078,6342300,0.0,0.0
2025-05-19,22.02957963452075,22.771188921739473,21.74434626976636,22.609556198120117,7021300,0.0,0.0
2025-05-20,22.48595448064733,22.86626625061035,22.32432175172935,22.86626625061035,2942300,0.0,0.0
2025-05-21,22.96134206548005,22.96134206548005,21.877453189553464,21.905977249145508,5507200,0.0,0.0
2025-05-22,21.782377626347877,22.2672758214163,21.687299228859434,22.001056671142578,4549700,0.0,0.0
2025-05-23,21.506653698583555,22.13416862487793,21.11683206161187,22.13416862487793,3539600,0.0,0.0
2025-05-26,22.05810354765712,22.666602355547415,22.05810354765712,22.41939926147461,2956900,0.0,0.0
2025-05-27,23.075440402559277,23.5127985096369,22.866267557026788,23.351165771484375,6501400,0.0,0.0
2025-05-28,23.465259495702806,23.465259495702806,22.913806961304086,23.103961944580078,4006500,0.0,0.0
2025-05-29,22.961345404458744,23.199040495216018,22.600049664434323,22.752174377441406,3062400,0.0,0.0
2025-05-30,22.7426671528218,22.828237533569336,22.22924486833658,22.828237533569336,4938500,0.0,0.0
2025-06-02,23.075439229240935,23.218055917189837,22.7331577273879,23.05642318725586,3498200,0.0,0.0
2025-06-03,22.951836880093815,23.76000053364703,22.875774525257604,23.60787582397461,3507800,0.0,0.0
2025-06-04,23.76000156119853,24.14031335182696,23.674431181623422,23.70295524597168,4436900,0.0,0.0
2025-06-05,23.760001225534197,23.91212593963646,23.51279811175061,23.67443084716797,3312800,0.0,0.0
2025-06-06,23.48427758956232,23.617386270830313,22.809222534268006,23.11347198486328,4515500,0.0,0.0
2025-06-09,23.17051762569673,23.189531854212227,22.638079330932108,23.05642318725586,2375600,0.0,0.0
2025-06-10,23.218053753547128,23.664919817736386,23.199037713334118,23.38919448852539,2833900,0.0,0.0
2025-06-11,23.389194893681946,23.55082761135357,23.037405397525085,23.246578216552734,4801300,0.0,0.0
2025-06-12,22.942327639492472,23.512796177173996,22.913805391363564,23.4937801361084,2206500,0.0,0.0
2025-06-13,23.351163769553715,23.351163769553715,22.885281637988893,22.98036003112793,3165700,0.0,0.0
2025-06-16,23.310769473938905,23.615858998888324,23.03428095540536,23.30123519897461,4330300,0.066555,0.0
2025-06-17,23.425175586394474,23.549119334251326,22.748258475017593,23.043813705444336,2740000,0.0,0.0
2025-06-18,23.425176978328093,23.54912073354973,22.67198744600635,23.10101890563965,3506400,0.0,0.0
2025-06-20,22.805463229799148,22.929405164218522,22.538508993041386,22.795928955078125,12061100,0.0,0.0
2025-06-23,22.881736940684817,22.938940773862953,22.471772196207883,22.71965789794922,3297800,0.0,0.0
2025-06-24,22.719656060890298,23.3965750029262,22.719656060890298,23.28216552734375,5004300,0.0,0.0
2025-06-25,22.967541888646487,23.234496121051905,22.786394308854348,23.053348541259766,3253900,0.0,0.0
2025-06-26,22.996145019060588,23.749334535017876,22.996145019060588,23.653993606567383,2881500,0.0,0.0
2025-06-27,23.320301320558343,23.61585838129113,23.081949908115302,23.15822410583496,2314000,0.0,0.0
2025-06-30,23.072417179915842,23.68259620666504,23.072417179915842,23.68259620666504,2068200,0.0,0.0
2025-07-01,23.739799618340324,23.901878646780048,23.18682443045367,23.444244384765625,3734800,0.0,0.0
2025-07-02,23.501448180869655,23.501448180869655,21.74718169372823,22.023670196533203,12482800,0.0,0.0
2025-07-03,22.147612541704543,22.490839153411827,21.89019258292408,22.262022018432617,5539900,0.0,0.0
2025-07-04,22.32876068481508,22.40503306506345,22.004602614140257,22.271556854248047,2685600,0.0,0.0
2025-07-07,22.29062288399677,22.347828531240605,21.99506764714468,22.128543853759766,4006800,0.0,0.0
2025-07-08,22.16668053288133,22.16668053288133,21.75671582776851,21.89019203186035,3054600,0.0,0.0
2025-07-09,21.890189837784224,21.899724111189,21.575566089333595,21.785316467285156,2549700,0.0,0.0
2025-07-10,21.480229843614826,21.794853633829934,21.241878432285898,21.670909881591797,2937000,0.0,0.0
2025-07-11,21.365821985414684,21.67091152408288,21.12747055602052,21.566038131713867,3920700,0.0,0.0
2025-07-14,21.699513764792258,21.747183321994093,21.21327664372997,21.489765167236328,2830600,0.0,0.0
2025-07-15,21.566037100276876,22.04273993626598,21.4897647192577,21.813920974731445,2732500,0.0,0.0
2025-07-16,21.88066160595548,21.928331163703138,21.28001499486341,21.52790069580078,3089700,0.0,0.0
2025-07-17,21.38489076068083,21.661377476072293,21.127470777798457,21.53743553161621,3473300,0.0,0.0
2025-07-18,21.203742335085547,21.442093757672133,20.707970939670954,20.927255630493164,5280500,0.0,0.0
2025-07-21,20.946322141193495,20.993993516293923,20.46008502603128,20.526824951171875,4782600,0.0,0.0
2025-07-22,20.545891731579847,20.755642145566327,20.11686026551818,20.23126792907715,4759200,0.0,0.0
2025-07-23,20.11686023918263,20.72703929330372,20.11686023918263,20.593563079833984,4217900,0.0,0.0
2025-07-24,20.17406405345215,20.212201153540267,19.85944025163324,20.09779167175293,5576200,0.0,0.0
2025-07-25,20.16452973401932,20.20266683402345,19.935712589425616,19.96431541442871,2639000,0.0,0.0
2025-07-28,20.05012116822793,20.174063100706963,19.65922500317036,19.916643142700195,2920200,0.0,0.0
2025-07-29,19.983379612983,20.059653803323204,19.80223386635538,19.82130241394043,2529800,0.0,0.0
2025-07-30,19.649692752120128,20.288474666394343,19.52574898840045,20.11686134338379,2535700,0.0,0.0
2025-07-31,20.002451902171067,20.040589004474988,19.659227073821402,19.754566192626953,4994100,0.0,0.0
2025-08-01,20.24080268386029,20.37428071914544,19.840372214958997,19.97385025024414,4693300,0.0,0.0
2025-08-04,20.183599118340204,20.355212438498626,19.916644862707425,20.078723907470703,4195700,0.0,0.0
2025-08-05,20.24080116998488,20.526823951222983,19.973848756334966,20.212200164794922,2161000,0.0,0.0
2025-08-06,20.393346051231912,20.80331076725845,20.145460366693147,20.54589080810547,5043900,0.0,0.0
2025-08-07,21.48022879013829,22.309690642535735,21.308615491441753,22.147611618041992,18127000,0.0,0.0
2025-08-08,21.794854286967947,22.633850479858562,21.794854286967947,22.37643051147461,5511500,0.0,0.0
2025-08-11,22.27155743648326,22.73872600502713,22.128545128611496,22.347829818725586,3897800,0.0,0.0
2025-08-12,22.443171705469318,22.80546508190643,22.30015939151643,22.59571647644043,2194600,0.0,0.0
2025-08-13,22.605247957486093,22.729191715097095,21.813921310309752,21.85205841064453,3092100,0.0,0.0
2025-08-14,21.699513093146773,22.52897500103818,21.670910268624766,22.271556854248047,3845700,0.0,0.0
2025-08-15,22.26202264851944,22.671987375556032,22.13807889368294,22.471771240234375,3331200,0.0,0.0
2025-08-18,22.58618096655514,23.26309812343463,22.462237210366748,22.938940048217773,3218600,0.0,0.0
2025-08-19,22.50037251771419,22.74825819186552,21.985532620982152,22.2143497467041,3057900,0.0,0.0
2025-08-20,22.14761294061326,22.17621576492969,21.89019297719631,22.071340560913086,1772400,0.0,0.0
2025-08-21,21.794853184627392,22.07133987046241,21.585102783155744,21.72811508178711,2104200,0.0,0.0
2025-08-22,21.89972738643498,22.63385018210484,21.680444520760187,22.204818725585938,3733300,0.0,0.0
2025-08-25,22.2238861455853,22.729191816411305,22.10947848102506,22.614782333374023,3243900,0.0,0.0
2025-08-26,22.614780712087107,22.94847304367282,22.424100678664498,22.519441604614258,2208000,0.0,0.0
2025-08-27,22.624316578832453,22.97707748413086,22.471771813967475,22.97707748413086,1531300,0.0,0.0
2025-08-28,23.310767254738586,23.739798676425757,23.120085410559728,23.329833984375,2345100,0.0,0.0
2025-08-29,23.33936879297638,23.53005064152245,23.091483117257244,23.27263069152832,7640900,0.0,0.0
2025-09-01,23.47284642316395,23.61585689795173,23.19635792922764,23.46331214904785,2024800,0.0,0.0
2025-09-02,23.12008727761702,23.43471107298572,22.98661106699908,23.263097763061523,1997400,0.0,0.0
2025-09-03,23.110555105962163,23.50145131703983,22.967544607503015,23.16775894165039,1838500,0.0,0.0
2025-09-04,23.25356348823496,23.41564252333259,23.062883447134617,23.263097763061523,1392000,0.0,0.0
2025-09-05,23.797005208539947,24.178368940267237,23.501449953080638,24.102096557617188,4214100,0.0,0.0
2025-09-08,24.09255969289556,24.1592977932314,23.42517505258346,23.46331214904785,4537100,0.0,0.0
2025-09-09,23.539585886849455,23.644459271246827,22.90080403188912,23.09148406982422,2992000,0.0,0.0
2025-09-10,23.16775716795148,23.482380967865197,23.03428095540536,23.30123519897461,2221600,0.0,0.0
2025-09-11,23.453780267493414,24.245106915085728,23.301235503028174,23.968618392944336,3525200,0.0,0.0
2025-09-12,23.758871614873502,24.264177322387695,23.539588726480943,24.264177322387695,3238300,0.0,0.0
2025-09-15,24.155732059077287,24.834424078706537,24.060141145866755,24.442502975463867,2298800,0.066555,0.0
2025-09-16,24.662359479604643,25.016045292580237,24.480738759794807,24.719715118408203,3421200,0.0,0.0
2025-09-17,24.872663497924805,25.29326063816875,24.566774005658228,24.872663497924805,2197300,0.0,0.0
2025-09-18,24.87266242626316,25.035166439933796,24.652804591074986,24.843984603881836,1005300,0.0,0.0
2025-09-19,24.99692847235846,25.36017358355017,24.518975722128868,25.293258666992188,6613700,0.0,0.0
2025-09-22,24.85354272106641,25.063841272337992,24.279999062854333,24.968252182006836,2589200,0.0,0.0
2025-09-23,25.006487593681534,25.36017342892274,24.518975572630435,25.235904693603516,2046300,0.0,0.0
2025-09-24,25.302817206346308,25.312376479862838,24.74839210510254,24.74839210510254,2283400,0.0,0.0
2025-09-25,24.719716477623937,24.815305567729332,24.366030645200897,24.547653198242188,3090600,0.0,0.0
2025-09-26,24.796188736782565,25.140313470817844,24.566771639677373,25.121196746826172,2816000,0.0,0.0
2025-09-29,25.742537204588718,25.971954321821897,25.341056793619355,25.551355361938477,4006800,0.0,0.0
2025-09-30,26.268282785674483,26.306519880953296,25.388849649957454,25.503559112548828,3645700,0.0,0.0
2025-10-01,25.752094708817776,25.857243074126732,24.958693215875396,25.08296012878418,3997700,0.0,0.0
2025-10-02,25.17855226051008,25.207230083295926,24.098377971096635,24.222646713256836,4420400,0.0,0.0
2025-10-03,24.222644796727856,24.471180438138635,24.079259340633755,24.43294334411621,3301600,0.0,0.0
2025-10-06,24.471181497452502,24.50941676988507,23.935874920681048,24.14617347717285,2096200,0.0,0.0
2025-10-07,23.89763779527559,24.04102325739823,23.008645377572126,23.515275955200195,6677400,0.0,0.0
2025-10-08,23.840282040395856,24.031462033296435,23.43880168508624,23.72557258605957,7607500,0.0,0.0
2025-10-09,23.81160793396113,23.935876680806498,23.247623493958834,23.457923889160156,3112100,0.0,0.0
2025-10-10,23.563069434205232,23.629982525281967,22.82702178587115,23.27629852294922,2420200,0.0,0.0
2025-10-13,23.324092703093804,23.610865433119585,23.324092703093804,23.47703742980957,2408100,0.0,0.0
2025-10-14,23.362331370992024,23.706456117673667,23.276299728510345,23.572629928588867,1943200,0.0,0.0
2025-10-15,23.132915000537263,24.480741677919276,23.046883355321803,24.327796936035156,5565200,0.0,0.0
2025-10-16,24.327795619740787,24.327795619740787,23.716014862060547,23.716014862060547,2590400,0.0,0.0
2025-10-17,23.65866264446336,23.954992857986376,23.477040077290145,23.916757583618164,6079000,0.0,0.0
2025-10-20,23.916754993133804,24.499856082619335,23.916754993133804,24.213085174560547,2630400,0.0,0.0
2025-10-21,23.91675752734878,24.499858678619592,23.830725881166252,24.02190589904785,2413600,0.0,0.0
2025-10-22,24.12705632527728,24.624127658375723,23.85940210978308,24.394710540771484,2549700,0.0,0.0
2025-10-23,24.71015704789938,24.843983231797726,24.27043957856264,24.490299224853516,1480400,0.0,0.0
2025-10-24,24.49985512765265,24.939572569214246,24.49985512765265,24.710155487060547,1583700,0.0,0.0
2025-10-27,25.130756617437626,25.283701352474363,24.346912571318033,24.509416580200195,1965700,0.0,0.0
2025-10-28,24.509415727656833,24.843983007628896,23.763810626099378,24.012346267700195,4141300,0.0,0.0
2025-10-29,24.136614911903433,24.327796749414578,23.735134511726123,23.849843978881836,3535600,0.0,0.0
2025-10-30,23.72557368537989,24.12705405929203,23.381447129670914,24.069700241088867,5390500,0.0,0.0
2025-10-31,24.155731880016113,24.40426752322315,23.716014411805194,24.069700241088867,3396100,0.0,0.0
2025-11-03,24.43294238860605,24.461620208001353,23.687337316777423,23.72557258605957,2856100,0.0,0.0
2025-11-04,23.763810743284413,24.06970020422614,23.448362008782627,23.964550018310547,2213300,0.0,0.0
2025-11-05,23.964550549382622,24.346912384033203,23.773370543679853,24.346912384033203,4086300,0.0,0.0
2025-11-06,23.601308585940437,23.95499261911148,22.95129251895618,23.228504180908203,15205900,0.0,0.0
2025-11-07,23.228503508881666,23.754252641141434,23.20938678406384,23.62998390197754,5489000,0.0,0.0
2025-11-10,23.782927571177908,24.002787217530745,23.199826467424327,23.391006469726562,4569400,0.0,0.0
2025-11-11,23.658660583175607,24.375589691756687,23.477038031826464,24.279998779296875,4082200,0.0,0.0
2025-11-12,24.088816827657876,24.31823390504335,23.46747685858842,23.754249572753906,10487900,0.0,0.0
2025-11-13,23.677779377515055,23.878518654855892,23.07555789900249,23.238061904907227,3691700,0.0,0.0
2025-11-14,23.3145351725754,23.687339567152275,23.018204970317964,23.41968536376953,4436300,0.0,0.0
2025-11-17,23.304975700826468,23.419685165087383,22.77922839580621,22.94173240661621,3724100,0.0,0.0
2025-11-18,22.740992105670827,22.89393683567849,22.358628457406677,22.807905197143555,3659300,0.0,0.0
2025-11-19,23.276298476857246,23.448361752568125,23.085116654235158,23.381446838378906,42677700,0.0,0.0
2025-11-21,23.39100856015049,23.39100856015049,22.80790740428592,22.92261505126953,3047300,0.0,0.0
2025-11-24,22.941732235723663,23.48659808460289,22.827022772317214,23.094676971435547,6880500,0.0,0.0
2025-11-25,23.218945555778863,23.59174811871518,23.018204451951192,23.56307029724121,3340300,0.0,0.0
2025-11-26,23.610865419082263,24.480739235477877,23.496155962491155,24.471179962158203,5623800,0.0,0.0
2025-11-27,24.394709125725683,24.75795241838405,24.337353482217726,24.671920776367188,1578300,0.0,0.0
2025-11-28,24.58588918098761,25.274142318428076,24.58588918098761,25.092519760131836,5803000,0.0,0.0
2025-12-01,25.021162576253154,25.07815903867337,24.308715000603,24.61269187927246,4352909,0.0,0.0
2025-12-02,24.88817334561793,25.45813254376293,24.66019112495605,25.334640502929688,5937313,0.0,0.0
2025-12-03,25.467630570494883,25.553124355427098,25.068658966396193,25.211149215698242,3712606,0.0,0.0
2025-12-04,25.334639437263622,26.180078180039203,25.28714390297571,25.933095932006836,5771376,0.0,0.0
2025-12-05,25.847602524871366,25.980593669311673,23.738758837025294,23.795753479003906,8233264,0.0,0.0
2025-12-08,24.615257409878396,24.615257409878396,23.428027437278292,24.05132293701172,7659800,0.841735,0.0
2025-12-09,23.764408209189394,24.150257689635367,23.071856021004052,23.71493911743164,5444500,0.0,0.0
2025-12-10,23.60611383606594,23.784198814515715,23.31919872921838,23.596220016479492,4290800,0.0,0.0
2025-12-11,23.616005868296547,24.090897850185428,23.3983456279744,23.87323760986328,4125700,0.0,0.0
2025-12-12,23.616005754351455,24.49653486907024,23.398345515079498,24.43717384338379,4084200,0.0,0.0
2025-12-15,24.793341267901525,25.129723550179964,24.417385598500704,24.87248992919922,3262500,0.0,0.0
2025-12-16,24.140366159947718,24.37781216173766,23.23015554289307,23.240049362182617,7960300,0.0,0.0
2025-12-17,23.11143218117723,23.240048050576473,22.310049847429333,22.804729461669922,7969600,0.0,0.0
2025-12-18,22.587072250130312,22.883879278825674,22.408987278091868,22.636539459228516,4170000,0.0,0.0
2025-12-19,22.56728355445986,23.230154315408846,22.537603985212563,22.943241119384766,7605200,0.0,0.0
2025-12-22,22.794838623881855,22.95313595707106,22.399093403855787,22.498029708862305,2720300,0.0,0.0
2025-12-23,22.498027276530898,23.309301493179458,22.488133458394593,23.25983428955078,3525200,0.0,0.0
2025-12-26,23.230152861297366,23.230152861297366,22.933345865085418,23.071855545043945,2088600,0.0,0.0
2025-12-29,22.9333479243994,23.06196379775962,22.67611429062592,22.83441162109375,2088500,0.0,0.0
2025-12-30,22.943240481026727,23.180686463663452,22.854198001656343,23.05206871032715,2169500,0.0,0.0
2026-01-02,23.17079414673197,23.18068796586461,22.52771099953488,22.735475540161133,4231600,0.0,0.0
2026-01-05,22.725578928069236,23.378555814148523,22.498026777143718,23.319194793701172,3829400,0.0,0.0
2026-01-06,23.546749030714498,23.843557933352198,22.89377208678573,23.081750869750977,4865300,0.0,0.0
2026-01-07,23.15100615927873,23.16089997826214,22.319944235202563,22.883878707885742,4956900,0.0,0.0
2026-01-08,22.76515473068455,23.10153699948628,22.755260912537103,23.071855545043945,1679000,0.0,0.0
2026-01-09,22.96302646828395,23.428026506924702,22.81462296348384,22.953134536743164,3655000,0.0,0.0
2026-01-12,22.95313497643719,22.96302690816747,22.55738977331867,22.75526237487793,2907200,0.0,0.0
2026-01-13,22.775048866285967,22.775048866285967,22.29026309262099,22.408985137939453,3828200,0.0,0.0
2026-01-14,22.606859026201597,22.784943991446593,22.26058291456444,22.5178165435791,3293300,0.0,0.0
2026-01-15,22.735475708488675,22.854199651906285,20.31154661463764,20.677608489990234,23492700,0.0,0.0
2026-01-16,20.895267966768458,20.954628992758575,20.35111925285788,20.509416580200195,10420900,0.0,0.0
2026-01-19,20.51931115680213,20.75675715658429,20.31154661463764,20.677608489990234,3566200,0.0,0.0
2026-01-20,20.628140480008085,20.924947496447285,20.450055515323367,20.69739532470703,6559200,0.0,0.0
2026-01-21,21.07334858131511,21.538348577197148,20.77654159900754,21.271221160888672,7102700,0.0,0.0
2026-01-22,21.52845769958214,22.201222297546117,21.419627577248843,21.666967391967773,7466300,0.0,0.0
2026-01-23,21.756010355312263,21.9835625369718,21.568031563611612,21.79558563232422,6937700,0.0,0.0
2026-01-26,22.03302961624539,22.03302961624539,21.36026506505425,21.657072067260742,6435500,0.0,0.0
2026-01-27,22.458455678804214,22.943241483756605,22.20122204794219,22.280370712280273,9718000,0.0,0.0
2026-01-28,22.596964748379083,22.90366557837547,22.151752344309358,22.715686798095703,7364900,0.0,0.0
2026-01-29,22.873987589820945,22.873987589820945,21.71643714631825,22.211116790771484,8577900,0.0,0.0
2026-01-30,22.240793583084702,22.448559989065497,21.825262658175966,21.90441131591797,6417000,0.0,0.0
2026-02-02,22.102285745756333,22.300158350128047,21.74611581270845,22.280370712280273,5646300,0.0,0.0
2026-02-03,22.557391210891844,23.131219527519963,22.300159454345703,22.300159454345703,6156300,0.0,0.0
2026-02-04,22.122072998352454,22.438667650191356,21.577924289332987,21.77579689025879,4521500,0.0,0.0
2026-02-05,21.835159528596147,22.280371970038875,21.657074552019058,21.736223220825195,3634600,0.0,0.0
2026-02-06,21.76590543835744,21.77579925818489,21.2415443098215,21.577926635742188,7583900,0.0,0.0
2026-02-09,21.64717876898224,21.765902704948893,21.320690303890125,21.59771156311035,4050400,0.0,0.0
2026-02-10,21.469094898667358,21.86483819211109,21.3404771488901,21.61749839782715,4737600,0.0,0.0
2026-02-11,21.44930857659719,21.81537043781926,21.122820103618025,21.53835105895996,7766000,0.0,0.0
2026-02-12,21.469095602581987,21.726327336464706,20.5193097801232,20.61824607849121,12382300,0.0,0.0
2026-02-13,20.222503500997934,20.638034459479158,20.06420617272442,20.459949493408203,15511100,0.0,0.0
2026-02-18,20.469842854214846,20.835904710010418,20.42037376082831,20.657819747924805,4491400,0.0,0.0
2026-02-19,20.72707856049986,21.201970582391144,20.588566972158368,21.073352813720703,5469400,0.0,0.0
2026-02-20,20.915053265179612,21.261329368898753,20.6973949165533,21.221755981445312,5308300,0.0,0.0
2026-02-23,20.77654514542545,20.9051610231652,20.509417683520095,20.529205322265625,51029700,0.0,0.0
2026-02-24,20.657821155157748,21.083245951997558,20.62814158415698,21.043672561645508,9340900,0.0,0.0
2026-02-25,21.172287055319416,21.27122335531286,20.311545585598278,20.4698429107666,6437400,0.0,0.0
2026-02-26,20.420373181469138,20.647927230485212,20.173033382712767,20.578670501708984,8888000,0.0,0.0
2026-02-27,20.578671877880673,20.588565696938915,19.97516401175231,19.985057830810547,7392700,0.0,0.0
2026-03-02,19.816866724463665,20.0048436258241,19.460696785796664,19.79707908630371,7529600,0.0,0.0
2026-03-03,19.03527167445527,19.36176015028799,18.65931599112332,19.10452651977539,9858800,0.0,0.0
2026-03-04,19.26282433055331,19.668461480773242,18.97591112317843,19.233144760131836,7462200,0.0,0.0
2026-03-05,19.045165290090672,19.272717461443197,18.47133700878045,18.688995361328125,6551000,0.0,0.0
2026-03-06,18.738464272618035,19.07484656049055,18.411975803453892,18.599952697753906,6097000,0.0,0.0
2026-03-09,18.46144324882438,18.619740576100558,18.13495477543564,18.501018524169922,10375700,0.0,0.0
2026-03-10,18.787932007104715,18.995698431713294,18.38229486392699,18.540592193603516,9464100,0.0,0.0
2026-03-11,18.40208269244607,19.806972923162082,18.30314638861054,18.95612335205078,12083000,0.0,0.0
2026-03-12,18.688994797024137,18.718676252542462,17.877720550052526,18.095380783081055,10110500,0.0,0.0
2026-03-13,18.13495479337665,18.501018542473076,17.946976009405347,17.98655128479004,11516500,0.0,0.0
2026-03-16,18.223998394792037,18.639529376577645,18.134955906762755,18.332828521728516,5532000,0.0,0.0
2026-03-17,18.303146199088726,18.807719645077537,18.243785172223287,18.540592193603516,4798900,0.0,0.0
2026-03-18,18.313040583530096,18.698890100648942,18.273465306362482,18.29325294494629,4451300,0.0,0.0
2026-03-19,17.80846639860151,18.698889341120985,17.798572579711482,18.451549530029297,6994400,0.0,0.0
2026-03-20,18.30314563227663,18.441655319690966,17.72931735820629,17.946975708007812,5826300,0.0,0.0
2026-03-23,18.243786374806877,18.936336766029566,18.243786374806877,18.83740234375,5418300,0.0,0.0
2026-03-24,18.812704486095924,18.951689554151475,18.137630909489765,18.663789749145508,5793700,0.065124,0.0
2026-03-25,18.8921250825133,19.48777646524643,18.74321034330045,19.249515533447266,6713100,0.0,0.0
2026-03-26,18.86234161376953,19.041037784654183,18.435456737440546,18.614152908325195,4113400,0.0,0.0
2026-03-27,18.614153804741317,18.643937132499577,18.177341131935087,18.296472549438477,8017400,0.0,0.0
2026-03-30,18.425529598401194,18.673718312417755,18.167413108600417,18.385820388793945,6654900,0.0,0.0
2026-03-31,18.85241461155073,19.110531103022907,18.45531304525878,19.021183013916016,9112200,0.0,0.0
2026-04-01,19.041037659890335,19.438139207293407,19.011254333761528,19.348791122436523,6513200,0.0,0.0
2026-04-02,18.574440892394303,19.33886252198793,18.415600280209844,18.951688766479492,6992300,0.0,0.0
2026-04-06,19.209806260125678,19.209806260125678,18.514877124574635,18.584369659423828,3155900,0.0,0.0
2026-04-07,18.514877215744836,18.643936404125608,18.03835535140714,18.554588317871094,6733300,0.0,0.0
2026-04-08,19.527487593580748,19.527487593580748,19.001326851693786,19.239587783813477,7854500,0.0,0.0
2026-04-09,19.398430246590962,19.467922781581134,18.90205283262738,19.259443283081055,7076200,0.0,0.0
2026-04-10,19.507631331820217,19.557270207659357,18.713428253688967,18.802776336669922,6408300,0.0,0.0
2026-04-13,18.72335627261153,18.882196890305686,18.485095346070295,18.713428497314453,5133800,0.0,0.0
2026-04-14,18.862340927124023,18.911977908994135,18.59429668055466,18.862340927124023,6801700,0.0,0.0
2026-04-15,18.792849554361194,18.94176240268694,18.435457203555718,18.445384979248047,5985600,0.0,0.0
2026-04-16,18.554587602273287,18.604224584487184,17.94900657291036,18.117774963378906,6318800,0.0,0.0
2026-04-17,18.614152959995373,18.902052768004154,18.375892029330977,18.594297409057617,7379700,0.0,0.0
2026-04-20,18.58436938856277,18.723356349765023,18.306399253217325,18.683645248413086,6154400,0.0,0.0
2026-04-22,18.495021664681705,18.862341785231326,18.395747696425197,18.554588317871094,8720900,0.0,0.0
2026-04-23,18.63400790993322,18.703500442444472,18.018499105421615,18.117774963378906,9151700,0.0,0.0
2026-04-24,18.028427565938426,18.207123738348955,17.71074632322173,17.869586944580078,7195300,0.0,0.0
2026-04-27,17.86958657235353,17.958934656697657,17.313644409179688,17.313644409179688,5633000,0.0,0.0
2026-04-28,17.105163928327684,17.144875027315305,16.86690301499022,16.976106643676758,8216300,0.0,0.0
2026-04-29,16.89668731462647,17.065455708007512,16.499585769473867,16.618715286254883,7869600,0.0,0.0
2026-04-30,16.787484133047656,17.31364487804184,16.59886018393207,17.14487648010254,10977900,0.0,0.0
2026-05-04,17.27393453537811,17.313645639477137,16.62864424200619,16.876832962036133,5824400,0.0,0.0
2026-05-05,16.72791826891313,17.69088971504674,16.72791826891313,17.561832427978516,9239200,0.0,0.0
2026-05-06,17.810021697770974,18.107847381288646,17.591614429230468,18.048282623291016,8238200,0.0,0.0
2026-05-07,19.487775885091022,20.65922685170974,19.487775885091022,20.152921676635742,32563800,0.0,0.0
2026-05-08,20.1032849129001,20.87763434677133,20.043720154457557,20.073501586914062,13873500,0.0,0.0
2026-05-11,19.894807660554545,20.06357416351378,18.97154536761755,19.259443283081055,9641200,0.0,0.0
2026-05-12,19.140314713969026,19.696256915009307,19.050966623539203,19.596981048583984,7325200,0.0,0.0
2026-05-13,19.61683547836066,19.636691029215786,18.475167813604642,18.624080657958984,10207700,0.0,0.0
2026-05-14,18.9516895280369,19.080746820549283,18.58436941414398,18.673717498779297,4521600,0.0,0.0
2026-05-15,18.167412582081568,18.66378999572893,18.167412582081568,18.57444190979004,5189000,0.0,0.0
2026-05-18,18.604225682242472,18.723357097526552,18.34610919373497,18.41560173034668,3862100,0.0,0.0
2026-05-19,17.968861273518428,18.643934803470565,17.949005724159974,18.435455322265625,4768700,0.0,0.0
2026-05-20,18.475167595563388,19.577124145604024,18.475167595563388,19.39842987060547,7542700,0.0,0.0
2026-05-21,19.249515236606104,19.60690757555839,18.961617325195288,19.358718872070312,5944300,0.0,0.0
2026-05-22,19.21973339998471,19.50763130534297,18.81270408630371,18.81270408630371,3912500,0.0,0.0
2026-05-25,19.011254525080528,19.408356076479816,18.911978663848316,19.279298782348633,3510700,0.0,0.0
2026-05-26,19.09067390539277,19.289225618185107,18.75313712976348,18.921905517578125,6496100,0.0,0.0
2026-05-27,19.18995093793688,19.289226800417644,18.465240360827593,18.50494956970215,3748000,0.0,0.0
2026-05-28,18.46524011502132,18.8821972170664,18.30639949457839,18.594297409057617,3847100,0.0,0.0
2026-05-29,18.663790510102075,18.713429388952594,18.316327825796517,18.395748138427734,4143400,0.0,0.0
2026-06-01,18.395746715347006,18.594296534800574,17.988717407908297,18.217050552368164,4291400,0.0,0.0
2026-06-02,18.336179394391607,18.743208686936622,18.336179394391607,18.465238571166992,3886100,0.0,0.0
2026-06-03,17.998643605874115,18.296471180585755,17.80009378292919,18.097919464111328,6817600,0.0,0.0
2026-06-05,18.1329557321557,18.6908922761278,18.02336034125458,18.421886444091797,8861500,0.065164,0.0
2026-06-08,18.342181298330512,18.52151852041925,18.232585906982422,18.232585906982422,4630100,0.0,0.0
2026-06-09,18.382034265752658,18.93997079399571,18.362107486091972,18.730743408203125,6451800,0.0,0.0
2026-06-10,18.621150036311718,18.910080741896078,18.591259866635134,18.700855255126953,3860400,0.0,0.0
2026-06-11,18.551408574733156,19.31857060839984,18.461739964250157,19.278718948364258,8504300,0.0,0.0
2026-06-12,18.96986112053028,19.49790748365378,18.770597122918417,18.860265731811523,4299000,0.0,0.0
2026-06-15,19.179087644408064,19.547725489819072,18.59126091003418,18.59126091003418,6350500,0.0,0.0
2026-06-16,18.561369541709695,18.72078187832914,18.232585279306537,18.571332931518555,4420300,0.0,0.0
2026-06-17,18.631113350038888,19.27871848780552,18.6012231804845,18.890153884887695,6585900,0.0,0.0
2026-06-18,18.740706313410364,19.03960229962446,18.591259270464445,18.69089126586914,4107600,0.0,0.0
2026-06-19,18.571332822691936,18.910080472918917,18.43184916682987,18.60122299194336,3513500,0.0,0.0
2026-06-22,18.64107495437401,19.149196437994178,18.64107495437401,18.860265731811523,8635600,0.0,0.0
2026-06-23,18.63111439166099,18.860266670089082,18.601224220435512,18.780561447143555,2364000,0.0,0.0
2026-06-24,18.611186646419522,19.079454569418743,18.611186646419522,18.700855255126953,4797400,0.0,0.0
2026-06-25,18.850301678624852,19.328532975679316,18.71081802539786,19.039602279663086,4676400,0.0,0.0
2026-06-26,19.03960365369302,19.418202982769596,18.890154699796255,19.348461151123047,4356300,0.0,0.0
2026-06-29,19.348460326405554,19.537760933036203,19.199013279201278,19.39827537536621,1528600,0.0,0.0
2026-06-30,19.129271276307428,19.61746597290039,19.099381107009872,19.61746597290039,4912700,0.0,0.0
2026-07-01,19.547724777688227,19.91636070934727,19.308607216211332,19.786840438842773,7506200,0.0,0.0
2026-07-02,19.966176762673218,20.265070850605966,19.856581376947485,20.025955200195312,5836100,0.0,0.0
2026-07-03,20.145513162714668,20.33481377546259,19.79680400807688,20.07577133178711,2172600,0.0,0.0
2026-07-06,19.83665548896242,20.115624710470566,19.637391487839125,19.786840438842773,4687500,0.0,0.0
2026-07-07,19.796803071260445,20.035918723263467,19.308606477225048,19.647354125976562,5279300,0.0,0.0
2026-07-08,19.557686534621805,19.727060367793634,19.149197037028998,19.37835121154785,4404400,0.0,0.0
2026-07-09,19.458055837752724,19.876508712768555,19.39827549823452,19.876508712768555,3060000,0.0,0.0
2026-07-10,20.42448237378321,21.09201431274414,20.275035321844392,21.09201431274414,9079000,0.0,0.0
2026-07-13,21.11194102281401,21.11194102281401,20.583892747377355,20.773193359375,3530400,0.0,0.0
2026-07-14,20.912677232848576,21.37098368228387,20.603819736693247,21.221534729003906,4854700,0.0,0.0
2026-07-15,21.00234517520276,21.201609173009253,20.71341446873789,20.892749786376953,5326100,0.0,0.0
2026-07-16,20.872824155302876,20.892749034108252,20.563964779791434,20.753265380859375,3441700,0.0,0.0
2026-07-17,20.64367119265685,20.77319336417234,20.225218308330994,20.265071868896484,3111500,0.0,0.0
2026-07-20,20.344777284524866,20.524114508142173,20.035919788474157,20.045883178710938,5720100,0.0,0.0
2026-07-21,20.07577008804591,20.225217130820994,19.66728061764364,19.896432876586914,5911500,0.0,0.0
2026-07-22,20.015992414961648,20.743302777796345,19.896433635984966,20.54404067993164,5201200,0.0,0.0
2026-07-23,20.30492372357774,20.643671390338792,20.015993008000592,20.045883178710938,6778000,0.0,0.0
2026-07-24,19.95621312354313,20.045881728866384,19.55768514418544,19.577611923217773,3089700,0.0,0.0
2026-07-27,19.826692437634485,19.916361049639818,19.577613382135752,19.697172164916992,2438000,0.0,0.0
2026-07-28,20.434445741556768,20.633707843815987,19.77687719348885,19.91636085510254,2603300,0.0,0.0
2026-07-29,19.74698668738222,19.996065736214632,19.268755369701346,19.497907638549805,4870200,0.0,0.0
2026-07-30,19.66728191088281,19.886470794677734,19.517834858280708,19.886470794677734,4904700,0.0,0.0
2026-07-31,20.12558806373255,20.12558806373255,19.428165961399525,19.627429962158203,4454600,0.0,0.0
2026-08-03,19.82669107694861,19.98610150950183,19.34845977928895,19.5477237701416,5842700,0.0,0.0
2026-08-04,20.025955424887147,20.05584369382241,19.657317605333184,19.966176986694336,5619000,0.0,0.0
2026-08-05,20.10566037340291,20.434444629544924,19.637390562915435,19.866544723510742,6867700,0.0,0.0
2026-08-06,18.63111295924283,18.860265220052984,18.172806537300257,18.31229019165039,32092100,0.0,0.0
2026-08-07,18.451777265386756,18.501592317377952,17.744391745112743,18.083139419555664,12070300,0.0,0.0
2026-08-10,18.12299257561528,18.192734406970338,17.79420829899688,17.853986740112305,7295100,0.0,0.0
2026-08-11,17.784245072220166,18.12299274219178,17.365792179921254,17.475387573242188,12051500,0.0,0.0
2026-08-12,17.485348878436778,17.604907660825226,17.10674955146438,17.18645477294922,7461300,0.0,0.0
2026-08-13,17.09678601693432,17.485348730852984,16.97722913587736,17.056934356689453,7861400,0.0,0.0
2026-08-14,16.93737557531013,17.106749407076126,16.65840635230662,17.056934356689453,8919200,0.0,0.0
2026-08-17,17.086823108600687,17.30601389725638,16.81781726815365,17.096786499023438,8141000,0.0,0.0
2026-08-18,17.096786021913374,17.1266761923475,16.449180865086213,16.548812866210938,10266800,0.0,0.0
2026-08-19,16.74807380075908,16.967264568019846,16.538848323270777,16.688295364379883,12325700,0.0,0.0
2026-08-20,16.508958971201668,16.95730201701943,16.389402092531814,16.63848114013672,7678000,0.0,0.0
2026-08-21,16.74807488366162,17.306013327016917,16.62851800317288,17.246232986450195,11020400,0.0,0.0
2026-08-24,17.046971068800453,17.754354670210596,17.046971068800453,17.535165786743164,11731000,0.0,0.0
2026-08-25,17.594944799381086,17.724466975887974,16.867634393933724,17.385719299316406,18333900,0.0,0.0
2026-08-26,17.33590099435118,17.77428064165653,17.176490559026018,17.236268997192383,5474500,0.0,0.0
2026-08-27,17.146601407911326,17.495312468511724,16.967266082763672,16.967266082763672,5848100,0.0,0.0
2026-08-28,17.06689504575408,17.186453821523873,16.44918008852326,16.758037567138672,16429700,0.0,0.0
2026-08-31,16.897522541369526,17.00711793602268,16.718187214194938,16.748075485229492,10226200,0.0,0.0
2026-09-01,16.82778043424629,17.35582871767823,16.77796538311903,17.156564712524414,11077500,0.0,0.0
2026-09-02,17.32593794685202,17.95361821112578,17.16652750837793,17.654722213745117,13998100,0.0,0.0
2026-09-03,18.103064533753344,18.431848787462762,17.67464828491211,17.67464828491211,10234200,0.0,0.0
2026-09-04,17.610000610351562,18.059999465942383,17.360000610351562,17.969999313354492,5656600,0.065351,0.0
2026-09-08,18.31999969482422,18.68000030517578,17.8799991607666,17.950000762939453,11179900,0.0,0.0
2026-09-09,17.940000534057617,17.940000534057617,17.420000076293945,17.649999618530273,6626600,0.0,0.0
2026-09-10,17.579999923706055,18.100000381469727,17.360000610351562,17.790000915527344,7648300,0.0,0.0
2026-09-11,17.8799991607666,17.899999618530273,17.350000381469727,17.350000381469727,7079400,0.0,0.0
2026-09-14,16.940000534057617,17.260000228881836,16.829999923706055,17.09000015258789,8560100,0.0,0.0
2026-09-15,17.239999771118164,17.25,17.0,17.100000381469727,3666400,0.0,0.0
2026-09-16,17.100000381469727,17.3799991607666,16.969999313354492,17.1200008392334,3423900,0.0,0.0
2026-09-17,17.299999237060547,17.299999237060547,16.760000228881836,16.93000030517578,3861600,0.0,0.0
2026-09-18,16.809999465942383,17.0,16.600000381469727,17.0,7605000,0.0,0.0
2026-09-21,17.1299991607666,17.59000015258789,16.959999084472656,17.459999084472656,8947000,0.0,0.0
2026-09-22,17.25,17.3700008392334,17.079999923706055,17.229999542236328,4494500,0.0,0.0
2026-09-23,17.079999923706055,17.510000228881836,16.959999084472656,17.040000915527344,5549200,0.0,0.0
2026-09-24,17.1299991607666,17.450000762939453,16.860000610351562,17.31999969482422,8350100,0.0,0.0
2026-09-25,17.25,17.65999984741211,17.079999923706055,17.329999923706055,7754400,0.0,0.0
