Date,Open,High,Low,Close,Volume,Dividends,Stock splits
2020-09-18,25.741237605061972,25.741237605061972,25.04552749434691,25.523828506469727,3704900,0.0,0.0
2020-09-21,25.080314692246827,25.37599121018024,24.662889605293724,25.262937545776367,4191500,0.0,0.0
2020-09-22,25.184669405434615,25.532525293190183,24.680280358628806,25.036832809448242,1193000,0.0,0.0
2020-09-23,25.045529288452833,25.610794312244575,24.28024993641618,24.654193878173828,4063200,0.0,0.0
2020-09-24,24.654191449254913,25.845592348636867,24.610708635485658,25.228151321411133,2466000,0.0,0.0
2020-09-25,24.958567938684855,25.08901308050865,24.445482276637957,24.880300521850586,1791600,0.0,0.0
2020-09-28,24.915082045224967,25.193365422437846,23.280166374749406,23.549753189086914,5202700,0.0,0.0
2020-09-29,23.488881121179542,23.99327020458492,23.401917142930355,23.71498680114746,3155600,0.0,0.0
2020-09-30,23.810643176043587,24.036748832192252,23.480182083949227,23.836732864379883,3046200,0.0,0.0
2020-10-01,23.949787235799054,24.619406002729324,23.567146755624762,24.34981918334961,2002800,0.0,0.0
2020-10-02,24.22807112421068,24.3933008492846,23.393219300822096,23.575843811035156,1663400,0.0,0.0
2020-10-05,23.575844238422082,24.158500715102704,22.84534950172698,24.106321334838867,4719000,0.0,0.0
2020-10-06,24.332429209414006,24.73246286748665,23.532363551968725,23.854129791259766,1792400,0.0,0.0
2020-10-07,23.88891311427589,24.106322230688413,23.419310285348804,23.697593688964844,1910500,0.0,0.0
2020-10-08,23.697594346273387,24.3411251496603,23.358436646046492,24.21068000793457,2164800,0.0,0.0
2020-10-09,24.167197831416185,24.90638748970111,23.801950454711914,23.801950454711914,2227100,0.0,0.0
2020-10-13,23.82803520291709,23.82803520291709,23.001881681424333,23.17580795288086,2542300,0.0,0.0
2020-10-14,23.21929421290473,23.480184488182346,23.001885097273412,23.08015251159668,3375400,0.0,0.0
2020-10-15,22.871438638634825,23.549755686551958,22.471406656142626,23.21059799194336,4549900,0.0,0.0
2020-10-16,23.210597319727178,23.384523614543145,22.227907202152387,22.445316314697266,3852700,0.0,0.0
2020-10-19,22.36704678583583,23.38452140265319,22.36704678583583,23.21929168701172,4605400,0.0,0.0
2020-10-20,23.384520473848493,23.680196959894225,22.92361427872401,23.17580795288086,3119000,0.0,0.0
2020-10-21,23.106238292053625,23.33234394931874,22.627938947758025,22.93231201171875,2461100,0.0,0.0
2020-10-22,22.8975261542903,23.245380379643215,22.506189114080907,23.010578155517578,4520900,0.0,0.0
2020-10-23,22.740993826720928,23.027973801378362,22.575762429584838,22.654029846191406,2119000,0.0,0.0
2020-10-26,22.697509051288915,22.941006167555347,21.81047957680482,22.14963722229004,3611400,0.0,0.0
2020-10-27,22.21921117404238,22.401835695504882,21.68873405456543,21.68873405456543,4572800,0.0,0.0
2020-10-28,21.323485900809107,21.323485900809107,20.306011199951172,20.306011199951172,4520400,0.0,0.0
2020-10-29,20.29731276093428,20.549506442634467,19.679870083241223,20.54081153869629,4012800,0.0,0.0
2020-10-30,20.540812095295617,20.679953783872914,19.758138023673613,19.932065963745117,4934100,0.0,0.0
2020-11-03,20.37558198460275,20.47124252345812,19.78422894204204,19.888586044311523,3679900,0.0,0.0
2020-11-04,20.13208425853346,20.98432761415899,20.036425373277506,20.69734764099121,2814700,0.0,0.0
2020-11-05,21.053897133040813,21.3930564679949,20.47993722305679,20.82779312133789,2124200,0.0,0.0
2020-11-06,20.584293166553334,21.358269013428167,20.279920102026228,21.323484420776367,3569300,0.0,0.0
2020-11-09,22.610546449915482,23.532360571514552,22.01919343121803,22.758384704589844,9500200,0.0,0.0
2020-11-10,22.87143750867039,24.349820107232297,22.584457552326004,23.888912200927734,9731100,0.0,0.0
2020-11-11,23.86282442998481,24.0280541596806,23.097543432246876,23.384523391723633,5451200,0.0,0.0
2020-11-12,23.384522613584476,23.480183149793504,22.35835138090523,22.454011917114258,3339700,0.0,0.0
2020-11-13,22.593155627202076,24.845514270502434,22.47140704930475,24.645498275756836,8403200,0.0,0.0
2020-11-16,25.002044039775146,25.976037441761186,23.845427807935273,24.906383514404297,5329900,0.0,0.0
2020-11-17,24.993348189786456,25.21945383702443,24.428084901041363,25.184667587280273,2832500,0.0,0.0
2020-11-18,25.49773929259343,27.089173857593092,25.32381300569882,26.523910522460938,7455000,0.0,0.0
2020-11-19,26.44564300257251,26.715229824290237,25.619487752492617,25.889076232910156,4341100,0.0,0.0
2020-11-23,26.402159556589137,26.645656667854862,25.72384262084961,25.72384262084961,2748200,0.0,0.0
2020-11-24,26.167359817144227,27.44572474796639,25.654274200439453,27.176137924194336,5758000,0.0,0.0
2020-11-25,27.184834454107243,27.523992124202206,26.541303707893803,26.706533432006836,2364400,0.0,0.0
2020-11-26,26.463036065625285,27.463117599487305,26.315197810449174,27.463117599487305,1948200,0.0,0.0
2020-11-27,27.654437379160754,28.15012987113687,27.132656856259473,27.828365325927734,4538500,0.0,0.0
2020-11-30,27.83706033220054,28.845838446257236,27.83706033220054,28.715394973754883,8273800,0.0,0.0
2020-12-01,29.724170307524922,30.985143661499027,29.08063795754801,30.985143661499023,9848300,0.0,0.0
2020-12-02,30.8720921021362,31.933049568340863,30.306827116968236,31.78520965576172,4154400,0.0,0.0
2020-12-03,31.77651224943334,32.83746631470125,31.263426682763036,32.21133041381836,3863400,0.0,0.0
2020-12-04,32.272206645118736,33.1766292779669,31.793907298820034,31.889564514160156,3769200,0.0,0.0
2020-12-07,32.16785499334239,33.10706067073783,30.837308917382295,31.95914077758789,2726400,0.0,0.0
2020-12-08,31.959137543108007,32.24611914605098,31.124287399382307,31.854782104492188,4884900,0.0,0.0
2020-12-09,31.85478453849825,32.0113193670825,30.393795016645104,30.628597259521484,3354900,0.0,0.0
2020-12-10,30.724256732410687,31.906959493218643,29.898101458598,31.70694351196289,2387300,0.0,0.0
2020-12-11,31.132984697944707,31.159076047654885,29.9241905457013,30.611204147338867,4448900,0.0,0.0
2020-12-14,30.91557613701983,30.91557613701983,29.385017395019535,29.38501739501953,3003100,0.0,0.0
2020-12-15,29.385017467508735,30.002458572387695,29.26326889104245,30.002458572387695,1711200,0.0,0.0
2020-12-16,30.098115161589035,30.176382567234235,28.645820705150253,29.35022735595703,4775200,0.0,0.0
2020-12-17,29.35022920601078,29.654600626372503,29.03715956369605,29.419801712036133,1829400,0.0,0.0
2020-12-18,29.56763957913779,29.61112073856832,28.750182502684385,28.871931076049805,1751400,0.0,0.0
2020-12-21,27.81966816815732,28.87192907207895,27.280494530362596,28.47189712524414,2229000,0.0,0.0
2020-12-22,28.497985113709976,28.741482243181906,27.697919562516933,28.00229263305664,2041500,0.0,0.0
2020-12-23,28.480594017103428,29.515460208499128,28.34145231643342,28.619735717773438,2235900,0.0,0.0
2020-12-28,28.958892066500862,29.045857698772437,28.071862521728807,28.767574310302734,1367200,0.0,0.0
2020-12-29,28.871930534522303,29.732868754258316,28.576254011580698,28.92410659790039,2403200,0.0,0.0
2020-12-30,28.932804150906687,29.21978244504822,28.48928771805203,28.628429412841797,2816800,0.0,0.0
2021-01-04,29.071944025871158,29.91549236376758,28.92410411837409,29.567636489868164,2640400,0.0,0.0
2021-01-05,29.56763658447819,30.167684485605257,28.784962524399855,29.715473175048828,3703500,0.0,0.0
2021-01-06,29.758961270010175,29.88070984586506,28.40232717319888,28.532773971557617,5004000,0.0,0.0
2021-01-07,28.67191318079863,29.567637611581613,28.00229275444839,28.88932228088379,6138600,0.0,0.0
2021-01-08,28.95019680832342,30.002456065457764,28.698001453916124,29.87200927734375,2685800,0.0,0.0
2021-01-11,30.150293710748002,30.158991932871178,28.115347630691048,28.34145164489746,4600200,0.0,0.0
2021-01-12,27.932720456142945,29.724172648324945,27.60225935140344,29.654600143432617,6139300,0.0,0.0
2021-01-13,29.602426530166305,30.080725929955854,28.793664339609478,29.367624282836914,3268900,0.0,0.0
2021-01-14,29.567637339640875,31.263428968188425,29.43719055382969,30.698163986206055,5883600,0.0,0.0
2021-01-15,30.69816446598514,30.69816446598514,29.480675488117516,29.68938636779785,3931800,0.0,0.0
2021-01-18,30.037240335130114,30.34161173077122,29.576330813645775,29.958972930908203,2418900,0.0,0.0
2021-01-19,30.254653947867798,30.324223141248574,29.645907748136473,30.002458572387695,1667300,0.0,0.0
2021-01-20,30.115507798516767,30.263344386004484,29.57633087175125,30.15898895263672,1724600,0.0,0.0
2021-01-21,30.185079373916942,30.92427232213776,29.089338943215065,29.419801712036133,5173000,0.0,0.0
2021-01-22,28.95019788810431,29.4111041398053,28.506681445894138,28.99367904663086,4876300,0.0,0.0
2021-01-26,29.55024525747475,29.55024525747475,28.811055624834026,29.08064079284668,3143400,0.0,0.0
2021-01-27,29.21978116655778,29.59372507695607,28.41101906429167,28.958890914916992,2243500,0.0,0.0
2021-01-28,29.28065745496081,30.211171501344136,28.967591121973623,29.845922470092773,2859900,0.0,0.0
2021-01-29,29.541547124294144,30.24595042685208,29.045854682716584,29.176298141479492,4324700,0.0,0.0
2021-02-01,29.480676709980553,29.724173852166192,29.00237401297339,29.411104202270508,1506300,0.0,0.0
2021-02-02,29.915496203678327,30.86340009845639,29.82853056534095,30.289440155029297,2785100,0.0,0.0
2021-02-03,30.55033179923531,30.55033179923531,29.489374185949583,29.90679931640625,2944100,0.0,0.0
2021-02-04,29.689387490153475,29.828529187666916,28.74148363915573,29.04585838317871,3845100,0.0,0.0
2021-02-05,29.13282017249414,29.958975437880625,28.706696865539108,29.08064079284668,4019100,0.0,0.0
2021-02-08,29.115425688494703,29.202391317185864,28.767573125928656,29.011070251464844,2721600,0.0,0.0
2021-02-09,28.984984093415612,28.984984093415612,28.202309971647516,28.558860778808594,5718800,0.0,0.0
2021-02-10,28.558860048429324,28.558860048429324,27.47181452788527,27.828365325927734,8799200,0.0,0.0
2021-02-11,27.828363047636696,29.06324506552387,27.68922136509449,28.784961700439453,4722900,0.0,0.0
2021-02-12,28.78496292538918,29.33283477507615,28.132735638704535,28.489286422729492,4369300,0.0,0.0
2021-02-17,28.037077183432153,29.298047228007555,28.002290933504717,28.56755256652832,3107000,0.0,0.0
2021-02-18,28.45450340775741,28.96758900451977,28.297968594006218,28.593645095825195,2934100,0.0,0.0
2021-02-19,28.58494816908905,28.741482989930766,28.124041928499377,28.480592727661133,1570600,0.0,0.0
2021-02-22,27.83705986027412,27.897937460622757,26.97612167719533,27.463117599487305,4431900,0.0,0.0
2021-02-23,27.610953623733582,28.071859819506855,27.14134920687062,27.550079345703125,2434000,0.0,0.0
2021-02-24,27.550083124981168,27.706617952075362,26.880462657389288,27.350067138671875,2242600,0.0,0.0
2021-02-25,27.228315864631465,28.028381437933852,26.27171547022864,26.4543399810791,2716200,0.0,0.0
2021-02-26,26.932638631240454,27.07178032213309,25.76732572598977,26.193449020385742,4244800,0.0,0.0
2021-03-01,26.18475263852703,26.21953723214095,24.602014649648243,24.98465347290039,6072800,0.0,0.0
2021-03-02,24.575926141940332,24.628103864219643,23.15841780730332,24.254159927368164,6062800,0.0,0.0
2021-03-03,24.16719564244827,24.60201382967879,22.923615361577017,24.071535110473633,5884400,0.0,0.0
2021-03-04,24.132409391293947,25.045526920998142,23.619323797665952,24.071535110473633,2664200,0.0,0.0
2021-03-05,24.132410182123596,25.002046585083008,23.245380653017047,25.002046585083008,2707100,0.0,0.0
2021-03-08,24.758548179722194,24.758548179722194,23.13232900979827,23.358434677124023,4744500,0.0,0.0
2021-03-09,23.16711325006979,23.845430241686174,22.827955583611498,22.975793838500977,5603700,0.0,0.0
2021-03-10,22.98449174798059,23.714986502143645,22.706208348051792,23.53236198425293,3425400,0.0,0.0
2021-03-11,23.53236143217593,24.680281259301605,23.306255760363317,24.341123580932617,2324700,0.0,0.0
2021-03-12,24.21937183732235,24.6889745874741,23.845427954429493,24.454174041748047,1234800,0.0,0.0
2021-03-15,24.149805438597298,24.61071171125583,24.071538022730763,24.480266571044922,1332400,0.0,0.0
2021-03-16,24.59331729429959,24.758547011367522,23.793251762555766,24.0367488861084,1181700,0.0,0.0
2021-03-17,23.436702912913507,25.17597580712008,23.167114420047568,24.92378044128418,3676100,0.0,0.0
2021-03-18,24.24546199519966,25.306419460086524,23.488879259409636,23.680198669433594,5665900,0.0,0.0
2021-03-19,23.732379961131794,24.523749012756426,23.723683397424942,23.915002822875977,3058300,0.0,0.0
2021-03-22,23.523663278790462,24.367211624055244,23.523663278790462,24.054141998291016,2627300,0.0,0.0
2021-03-23,23.801950776932415,24.04544792556502,23.3497394170434,23.48018455505371,2901800,0.0,0.0
2021-03-24,23.480182639884855,24.349819033954663,23.219292385143827,23.22798728942871,2806700,0.0,0.0
2021-03-25,23.31495138412401,24.11501693725586,22.836652028330974,24.11501693725586,2433000,0.0,0.0
2021-03-26,24.036750065324103,24.13241060209835,23.132329053030638,23.55845069885254,1801000,0.0,0.0
2021-03-29,23.384522105753245,23.688895175417635,22.984490160657028,23.22798728942871,1223600,0.0,0.0
2021-03-30,23.184506249031127,24.61070941164676,23.088845714421613,24.384605407714844,2396200,0.0,0.0
2021-03-31,24.401996753162912,24.567228132472117,23.22798728942871,23.22798728942871,4966000,0.0,0.0
2021-04-01,23.410613058428204,23.81064502511842,22.897527425534317,23.1671142578125,1905100,0.0,0.0
2021-04-05,23.28016455261069,25.306417100384408,23.28016455261069,25.17597198486328,8245700,0.0,0.0
2021-04-06,25.141188920604353,25.358598026910997,24.784638118957446,25.08031463623047,1818300,0.0,0.0
2021-04-07,25.16727577310772,25.66296821421,24.958563253627794,25.323810577392578,3119200,0.0,0.0
2021-04-08,25.33250796891239,27.045692763282148,25.20206283876389,26.958728790283203,3968600,0.0,0.0
2021-04-09,26.541303712717205,27.610956102210967,26.532607149546546,27.21092414855957,4472400,0.0,0.0
2021-04-12,27.176138592708178,27.654437968459895,26.86306894533622,27.219619750976562,1848500,0.0,0.0
2021-04-13,27.219619311149465,28.750181269703116,26.36737601674104,28.411020278930664,3571600,0.0,0.0
2021-04-14,28.350146510238826,28.53277268317464,27.854454006698187,28.141435623168945,1935600,0.0,0.0
2021-04-15,28.176220561936653,28.489286877931857,27.74140070516623,28.019685745239258,1520200,0.0,0.0
2021-04-16,27.98489762619316,28.184913585873545,27.71531082581091,27.967504501342773,2455800,0.0,0.0
2021-04-19,27.88054196549038,28.019683645751247,27.115261065355952,27.132654190063477,2361800,0.0,0.0
2021-04-20,26.958729299134884,27.036996710441265,25.610793497658083,25.697755813598633,4228000,0.0,0.0
2021-04-22,25.915165201197578,26.11518284264424,25.349901847969754,25.66297149658203,2305600,0.0,0.0
2021-04-23,25.89777342372463,26.158663688652272,25.506436367633313,25.732542037963867,1815000,0.0,0.0
2021-04-26,25.758629788505782,26.558695308398125,25.3325065112014,25.497737884521484,1837600,0.0,0.0
2021-04-27,25.645577772950997,26.01082513493269,25.29772353742077,25.784719467163086,1996700,0.0,0.0
2021-04-28,25.69775552262907,26.09778913796551,25.289027002756907,26.00212860107422,1743300,0.0,0.0
2021-04-29,26.16970918806526,27.344783807828072,26.16970918806526,26.434762954711914,2761200,0.469672,0.0
2021-04-30,26.514278692197486,26.514278692197486,25.851642608642578,25.851642608642578,2046100,0.0,0.0
2021-05-03,25.745618784738955,26.59379380485176,25.15366384612157,25.62192726135254,1480400,0.0,0.0
2021-05-04,25.727950750776493,26.4612679398161,25.25085196782098,25.418720245361328,1757200,0.0,0.0
2021-05-05,25.524740119067413,25.939993122443738,25.383377896479487,25.683773040771484,781200,0.0,0.0
2021-05-06,25.71027740579862,25.71027740579862,24.72074022731273,25.08298110961914,1237900,0.0,0.0
2021-05-07,25.13599487868855,25.542410847807542,24.906280845424096,25.27735710144043,744400,0.0,0.0
2021-05-10,25.25968740855844,25.76329055782006,25.1183251801752,25.19784164428711,1543100,0.0,0.0
2021-05-11,24.870940587800824,25.277358260729873,24.517535014712973,25.224346160888672,810200,0.0,0.0
2021-05-12,25.224346111392713,25.224346111392713,24.013931815295603,24.128787994384766,1482000,0.0,0.0
2021-05-13,24.42918077166846,26.505440624270417,24.393841060458108,26.461265563964844,5035600,0.0,0.0
2021-05-14,26.735154679141814,28.175282880078605,26.55845106735436,28.060426712036133,3357600,0.0,0.0
2021-05-17,27.821879696870646,28.590538282493387,27.813044347016284,28.458009719848633,1865200,0.0,0.0
2021-05-18,28.44917505191532,28.961611844032017,28.069263447428572,28.537525177001953,1417300,0.0,0.0
2021-05-19,28.10460215519453,28.846756323707982,27.85721911752727,28.555194854736328,2069300,0.0,0.0
2021-05-20,28.528692237434907,28.537525902031504,27.521484271185923,27.680517196655273,1879000,0.0,0.0
2021-05-21,27.627505786500574,27.698186896918017,26.01950926062584,26.56728744506836,5212400,0.0,0.0
2021-05-24,26.620298150421373,27.07972621579117,26.178540784143635,26.814672470092773,1699300,0.0,0.0
2021-05-25,27.070891575661722,28.086934892863322,26.77049642390709,27.804208755493164,3060000,0.0,0.0
2021-05-26,27.804206342137928,28.67005200830836,27.318273942744433,27.406625747680664,2473600,0.0,0.0
2021-05-27,27.72469119434257,29.62424750683069,27.512647863593116,29.235502243041992,4364800,0.0,0.0
2021-05-28,29.412206922115367,30.428246865372234,28.837920984804864,29.341524124145508,2807200,0.0,0.0
2021-05-31,29.24433674278499,29.350360938944632,28.670054180122726,29.067636489868164,805100,0.0,0.0
2021-06-01,29.474052602093327,30.083676566329174,28.917437365844155,29.03229522705078,4025200,0.0,0.0
2021-06-02,29.049965605385832,30.074842569342277,28.484516710836246,29.447547912597656,5175600,0.0,0.0
2021-06-04,29.226669080378077,30.189696906949923,29.094140521860922,29.95115089416504,5498200,0.0,0.0
2021-06-07,29.889304097394557,30.702136008488644,29.686092749279908,30.37523651123047,2430500,0.0,0.0
2021-06-08,30.463586633622043,30.74631106968443,29.827454967311102,30.37523651123047,1899600,0.0,0.0
2021-06-09,30.33106260545918,30.60495001751114,29.968818326967543,30.32222557067871,1568200,0.0,0.0
2021-06-10,30.30455356905507,31.12622251058045,30.30455356905507,30.816993713378906,2844300,0.0,0.0
2021-06-11,30.825827782053395,30.825827782053395,29.52706007607725,29.774446487426758,2565200,0.0,0.0
2021-06-14,29.827454025844855,31.090880284144433,29.73910390624194,30.984859466552734,4975600,0.0,0.0
2021-06-15,31.00253481694178,31.232247184585788,30.587281777742827,30.755151748657227,2130400,0.0,0.0
2021-06-16,30.816995741247275,30.958357967890283,30.083676873427017,30.71980857849121,3252600,0.0,0.0
2021-06-17,30.490092091663524,31.205740241973828,30.3045548057709,30.604949951171875,1165500,0.0,0.0
2021-06-18,30.560774699825295,30.790487047083396,29.90697231551324,30.454753875732422,2198600,0.0,0.0
2021-06-21,30.48125547381256,31.011362916525105,30.278047508428056,30.90534210205078,1956700,0.0,0.0
2021-06-22,30.587283054725045,31.029040478156887,30.04833845888353,30.543107986450195,2632600,0.0,0.0
2021-06-23,30.781651165891784,31.559145017375688,30.47242238024869,31.27642059326172,3250900,0.0,0.0
2021-06-24,31.57681781398075,31.76235509769865,30.96719049556307,31.36477279663086,1874100,0.0,0.0
2021-06-25,31.320599462674707,31.320599462674707,29.792119305640664,30.048336029052734,3582100,0.0,0.0
2021-06-28,30.030665773324433,30.54310254055929,29.91580792001585,30.066003799438477,1950600,0.0,0.0
2021-06-29,30.048335146781298,30.216205106200462,29.17365743218965,29.50055694580078,2220300,0.0,0.0
2021-06-30,29.155985862852805,29.588909560130144,28.784911296907545,29.014623641967773,3801600,0.0,0.0
2021-07-01,28.98811826942215,29.262005667033264,28.30781155186947,28.625877380371094,2828500,0.0,0.0
2021-07-02,29.155985844295397,29.26200666730639,28.63471202317465,28.952777862548828,1439500,0.0,0.0
2021-07-05,28.855593448673876,28.961614281769997,28.511023213355333,28.784914016723633,742000,0.0,0.0
2021-07-06,28.511021954937384,28.652384182939947,27.662846901751305,27.83071517944336,4105400,0.0,0.0
2021-07-07,28.05159297846065,28.05159297846065,27.274100749194144,27.81304359436035,2223200,0.0,0.0
2021-07-08,27.123904603310685,27.60983706152524,26.87651985657796,27.477310180664062,1898000,0.0,0.0
2021-07-12,27.57449550114358,28.166450471713404,27.468474671138342,28.04275894165039,1721800,0.0,0.0
2021-07-13,28.007417703221517,28.81141597523845,27.874889145167895,28.5993709564209,1708000,0.0,0.0
2021-07-14,28.970448850105782,29.03229461167353,28.599370910358044,28.943941116333008,1442900,0.0,0.0
2021-07-15,28.69655678250495,28.917435455434028,28.351986591990162,28.56403160095215,1168400,0.0,0.0
2021-07-16,28.475680887199555,28.91743827614837,28.24596684272569,28.26363754272461,1525800,0.0,0.0
2021-07-19,27.927902668598623,28.431505822372955,27.53915569447587,28.26363754272461,1473000,0.0,0.0
2021-07-20,28.19295594940309,28.555196867379436,27.963241908827975,28.396163940429688,852600,0.0,0.0
2021-07-21,28.378492749175596,28.413834147961452,27.583329813370867,27.936737060546875,1584800,0.0,0.0
2021-07-22,27.96324164852493,28.07809951032864,27.512648921418666,27.680517196655273,1343600,0.0,0.0
2021-07-23,27.530319419164005,27.715858392575182,26.92952912075927,27.21225357055664,1517500,0.0,0.0
2021-07-26,27.221089352929912,27.539155206592834,26.682146493876335,26.894189834594727,1466000,0.0,0.0
2021-07-27,26.523112463157094,26.717485096099857,25.931157529682988,26.34640884399414,2541400,0.0,0.0
2021-07-28,26.690981409855166,26.75282886165519,26.196213591650253,26.62030029296875,1555600,0.0,0.0
2021-07-29,26.567289392569243,26.70865162376661,25.78096177088756,26.099027633666992,2117800,0.0,0.0
2021-07-30,25.913486781842916,26.134365462794584,24.932784899162918,24.96812629699707,2277700,0.0,0.0
2021-08-02,25.065316802141172,25.55124929103958,25.065316802141172,25.16250228881836,1419800,0.0,0.0
2021-08-03,25.109487181359455,25.162497590118228,24.19063110863135,24.73841094970703,1929400,0.0,0.0
2021-08-04,24.62355445003338,24.853266779936785,24.128785024410927,24.429180145263672,1420800,0.0,0.0
2021-08-05,24.685403105467326,24.826765333623573,23.943250565061675,24.16412925720215,1806600,0.0,0.0
2021-08-06,24.0757760138855,24.323160741056558,23.76654552621432,24.031600952148438,2829300,0.0,0.0
2021-08-09,23.854896616712907,24.2171375045975,23.634017944335938,23.634017944335938,1865600,0.0,0.0
2021-08-10,23.695866098661195,24.19063390295962,23.333625174153514,23.501493453979492,2622900,0.0,0.0
2021-08-11,23.536834344509405,23.563340395859814,22.255738862313912,22.352924346923828,3836500,0.0,0.0
2021-08-12,22.556131218196683,22.653316690661768,21.60193539604385,21.866989135742188,3745700,0.0,0.0
2021-08-13,21.76096576748159,22.29991026006395,21.31920842868832,21.911163330078125,4981900,0.0,0.0
2021-08-16,21.822815846769632,22.10554030812468,20.312004689293843,20.992311477661133,4105800,0.0,0.0
2021-08-17,20.8686185855076,22.44127372047758,20.585892457428713,22.299911499023438,7794700,0.0,0.0
2021-08-18,22.370594411211055,23.059736560173228,22.09670529573422,22.458946228027344,9809000,0.0,0.0
2021-08-19,22.229229556002075,22.308746013239144,21.275033754327776,21.999515533447266,4626400,0.0,0.0
2021-08-20,21.7256265521204,23.148085754728527,21.389890023285542,22.97138214111328,3648300,0.0,0.0
2021-08-23,23.0774053930529,23.72237073882833,22.891866424236184,23.492656707763672,2431200,0.0,0.0
2021-08-24,23.69586481177513,24.99463254463412,23.61634835118496,24.650060653686523,2147200,0.0,0.0
2021-08-25,24.641227223886343,24.91511802511081,23.67819595741891,24.7119083404541,3435200,0.0,0.0
2021-08-26,24.544039695156318,25.047642819353428,24.411511138118673,24.685401916503906,1529100,0.0,0.0
2021-08-27,24.747246552004952,24.79142161222768,23.863731866186153,24.199466705322266,2303400,0.0,0.0
2021-08-30,23.987425478248852,24.09344799128321,23.280614341922043,23.28944969177246,1716100,0.0,0.0
2021-08-31,23.254107658428612,23.854897950513283,22.42360333200741,22.609142303466797,5436600,0.0,0.0
2021-09-01,22.79467808984846,23.245270779262622,22.344087085604812,22.75933837890625,3250900,0.0,0.0
2021-09-02,22.794680999565514,22.794680999565514,21.37222332786338,21.6461124420166,3368500,0.0,0.0
2021-09-03,21.85815607863241,22.158551247216884,21.71679384461274,21.95534324645996,2598200,0.0,0.0
2021-09-06,21.946503655680246,22.26456946335314,21.40755918938349,21.80514144897461,2858900,0.0,0.0
2021-09-08,21.66378214827446,21.71679256160735,20.34734536850832,20.409191131591797,4096600,0.0,0.0
2021-09-09,20.409191461127904,21.16017935034731,19.82607184953888,20.842113494873047,5726300,0.0,0.0
2021-09-10,21.036484784864058,22.51195441878532,20.418025498625024,20.550552368164062,4224900,0.0,0.0
2021-09-13,20.93046334935489,22.38826224186434,20.903957302156346,22.193889617919922,2409100,0.0,0.0
2021-09-14,22.28224226188033,22.60914347367109,21.91116598492602,21.96417808532715,1307700,0.0,0.0
2021-09-15,22.11437480770148,22.20272493459908,21.628440683911435,22.07019805908203,1498700,0.0,0.0
2021-09-16,21.92883581737842,22.079033392230492,21.460574078558345,22.008352279663086,1501100,0.0,0.0
2021-09-17,21.90233200872672,22.04369423744575,21.071827651124426,21.593101501464844,1931800,0.0,0.0
2021-09-20,21.31037712097168,21.416397950308408,20.61239963962696,21.31037712097168,1660700,0.0,0.0
2021-09-21,21.416396485961947,22.379427659971913,21.230859204723433,22.052526473999023,2596200,0.0,0.0
2021-09-22,22.255736499849363,22.414769420728756,21.76096703818667,22.017187118530273,1834000,0.0,0.0
2021-09-23,22.11437477440399,22.60030721229172,21.83164863917716,21.94650650024414,3683600,0.0,0.0
2021-09-24,21.849317572274348,22.087866939663638,21.451736978462712,21.911163330078125,1980400,0.0,0.0
2021-09-27,21.91116511794391,22.405934591086407,21.513584491691237,22.008352279663086,1467100,0.0,0.0
2021-09-28,21.61960495183727,22.017187256527684,20.683079804886162,20.72725486755371,2562700,0.0,0.0
2021-09-29,20.833275517046655,21.699119475318398,20.700748655706363,21.451736450195312,1717900,0.0,0.0
2021-09-30,21.54892505030755,21.54892505030755,20.850949246983607,20.992311477661133,1870700,0.0,0.0
2021-10-01,20.842111776049375,22.06136131286621,20.73608927124461,22.06136131286621,1585300,0.0,0.0
2021-10-04,21.646109448559905,21.7521319505993,20.69191367088735,20.877450942993164,1475300,0.0,0.0
2021-10-05,20.96580319714824,21.169011171483778,20.585891610678,20.68307876586914,1396200,0.0,0.0
2021-10-06,20.49754197658705,20.612398147583008,19.66703767610275,20.612398147583008,3083200,0.0,0.0
2021-10-07,20.91279428392692,22.997889641558693,20.91279428392692,22.635648727416992,5348600,0.0,0.0
2021-10-08,23.050899397765722,24.402677538820267,22.66215244543888,23.678194046020508,3789100,0.0,0.0
2021-10-11,23.837228507504957,23.854899207655304,22.909538656831096,22.99789047241211,1722800,0.0,0.0
2021-10-13,23.112747309868148,24.446854876059184,22.83002284011098,24.049272537231445,3250200,0.0,0.0
2021-10-14,24.049270542707394,24.190632765862112,23.307118028559803,23.740041732788086,1626100,0.0,0.0
2021-10-15,23.65168958437292,24.29665492895515,23.351294443164917,23.83722686767578,1920100,0.0,0.0
2021-10-18,23.660525306190465,24.2436448988484,23.095074727574712,23.863733291625977,1987000,0.0,0.0
2021-10-19,23.5279964106117,23.669360317120887,21.787473007148787,22.238065719604492,5368300,0.0,0.0
2021-10-20,22.361756287213666,22.67982211423047,21.928834292202204,22.03485679626465,1678400,0.0,0.0
2021-10-21,21.46940707510779,22.061362006380783,20.70075021049949,21.20435333251953,3880800,0.0,0.0
2021-10-22,20.84211243461888,20.95696860704694,18.942556118639803,20.011608123779297,6167100,0.0,0.0
2021-10-25,20.117629653763988,20.46219983946489,19.52567475117726,19.746553421020508,5305900,0.0,0.0
2021-10-26,19.525675111318385,19.737718436058472,18.562643958225564,18.642160415649414,3890200,0.0,0.0
2021-10-27,18.916050303497684,19.702377876811845,18.748182032337482,19.34897232055664,5134600,0.0,0.0
2021-10-28,19.304796290028914,19.516839613150267,18.668664635494313,19.08391761779785,3917800,0.0,0.0
2021-10-29,19.16343376603441,19.45499354127773,18.262248393402135,18.430116653442383,1978100,0.0,0.0
2021-11-01,18.589150906414115,19.463830295284744,18.589150906414115,18.721677780151367,2123200,0.0,0.0
2021-11-03,18.553811411741314,20.453367957337814,18.51847000969411,20.002775192260742,3249700,0.0,0.0
2021-11-04,19.940928186756896,20.312004459377786,19.17227127679479,19.428489685058594,2065100,0.0,0.0
2021-11-05,19.569852235434496,20.426862659103787,19.384314938663245,19.861412048339844,2151300,0.0,0.0
2021-11-08,19.852576481872756,20.409191736461835,19.463831192349424,20.17947769165039,3035900,0.0,0.0
2021-11-09,20.762596768844343,21.071827270520835,19.693544722819805,20.126466751098633,4242800,0.0,0.0
2021-11-10,20.179477642424633,21.15134423420361,19.923257548200873,20.585893630981445,2696500,0.0,0.0
2021-11-11,20.789101577621583,22.644481106621402,20.55055220326313,21.398725509643555,4245200,0.0,0.0
2021-11-12,21.37222415762571,21.875827339874917,20.76259845455892,21.036487579345703,1674500,0.0,0.0
2021-11-16,21.142509166204047,21.19551958168573,19.65820405135112,19.861412048339844,2994400,0.0,0.0
2021-11-17,20.099961445763505,20.444531674150532,19.366644238445776,19.861412048339844,3880200,0.0,0.0
2021-11-18,19.949760929172914,20.638902969728537,19.87907982387263,20.28549575805664,2301400,0.0,0.0
2021-11-19,20.258994886561464,20.36501572018952,19.561017376965236,19.79073143005371,4290000,0.0,0.0
2021-11-22,19.79956734786089,19.98510633978388,19.101591503430708,19.251789093017578,5662100,0.0,0.0
2021-11-23,19.278290452378922,19.419652669330677,18.39477575384518,18.82769775390625,3692400,0.0,0.0
2021-11-24,18.739343552517507,19.366639784609642,18.597981353628924,19.181100845336914,2584200,0.0,0.0
2021-11-25,19.09275507191385,19.923257757744086,19.09275507191385,19.614028930664062,1535700,0.0,0.0
2021-11-26,18.98673227847594,19.03974269303307,17.970690626082398,18.456623077392578,3504900,0.0,0.0
2021-11-29,18.73051424956743,18.90721619672442,18.42128373557929,18.483129501342773,1620800,0.0,0.0
2021-11-30,18.90721493657342,19.684708844791146,18.253414236809334,19.287126541137695,4438500,0.0,0.0
2021-12-01,19.401985158468793,20.356182807413976,19.287128970264742,19.340139389038086,3950300,0.0,0.0
2021-12-02,19.631697711066927,20.55055388675523,19.181104973201013,20.462202072143555,3929400,0.0,0.0
2021-12-03,20.435696219843997,21.513585335223524,20.435696219843997,20.992311477661133,3705800,0.0,0.0
2021-12-06,21.0983304109069,21.531254099245068,20.647739394371452,21.054155349731445,2718900,0.0,0.0
2021-12-07,21.760966398588184,21.85815355519587,20.850947332791005,20.930463790893555,2497900,0.0,0.0
2021-12-08,21.169012762907762,21.769803067126762,20.780267483259543,21.56659507751465,6492500,0.0,0.0
2021-12-09,21.186682274975787,21.48707741024822,20.665408462895424,20.77143096923828,1720300,0.0,0.0
2021-12-10,21.05415562856753,21.734462364770966,20.98347451864838,21.239694595336914,1651200,0.0,0.0
2021-12-13,21.17784554888534,21.619602873782014,20.88628578186035,20.88628578186035,1849000,0.0,0.0
2021-12-14,21.416397553923584,21.478243317420457,20.356180854325785,20.373849868774414,1852700,0.0,0.0
2021-12-15,20.365013440719437,20.83327684481414,20.055784639607495,20.674243927001953,1945900,0.0,0.0
2021-12-16,20.70958713850479,21.646112343562127,20.594729272169875,20.895124435424805,2374900,0.0,0.0
2021-12-17,20.223649635251583,20.2413203325492,19.163433074951172,19.163433074951172,6013400,0.0,0.0
2021-12-20,18.933722552518045,19.28712813770304,18.606821332990204,18.854206085205078,3435800,0.0,0.0
2021-12-21,18.96905936784687,19.1015879165504,18.350600109635906,18.589149475097656,2306700,0.0,0.0
2021-12-22,18.69517437651587,18.69517437651587,18.00603217633654,18.271087646484375,2376100,0.0,0.0
2021-12-23,18.332931199879912,18.332931199879912,17.891173821569552,17.961854934692383,1731000,0.0,0.0
2021-12-27,18.067878057303766,18.39477758460069,17.714470794580677,17.732141494750977,1809000,0.0,0.0
2021-12-28,17.802820358118563,18.456621015174182,17.67912884291549,18.430116653442383,1710500,0.0,0.0
2021-12-29,18.430116928823775,18.71284135932411,17.900007779050384,17.953018188476562,1342300,0.0,0.0
2021-12-30,18.14739484272126,18.377107208300608,17.82049362449245,18.165063858032227,2053000,0.0,0.0
2022-01-03,18.19156761013255,18.50079808880637,17.299217570608928,17.6702938079834,3935900,0.0,0.0
2022-01-04,17.84699799631367,17.944183469479203,17.25504306722841,17.378734588623047,2782400,0.0,0.0
2022-01-05,17.422908439940674,17.785149314716634,16.70726203918457,16.70726203918457,3078500,0.0,0.0
2022-01-06,16.680757012114476,17.475921600623323,16.433373971396684,16.689592361450195,3407600,0.0,0.0
2022-01-07,16.733767682221995,16.786778088548637,16.177152517695728,16.61890983581543,3020500,0.0,0.0
2022-01-10,16.4157030340203,16.57473594940953,15.797242070877859,15.95627498626709,2924200,0.0,0.0
2022-01-11,15.929773269737,16.742606994938036,15.876761165688292,16.459880828857422,2915100,0.0,0.0
2022-01-12,16.371527801001378,16.85746020609598,16.071132671796175,16.53939437866211,2823800,0.0,0.0
2022-01-13,16.53939382297778,16.601241264700185,16.07996748066181,16.424537658691406,3274900,0.0,0.0
2022-01-14,16.424538119965185,16.81328505299995,16.141813690547362,16.698427200317383,2264000,0.0,0.0
2022-01-17,16.645417205054084,17.1578556674105,16.645417205054084,16.84862518310547,1508500,0.0,0.0
2022-01-18,16.963483409258767,17.608448754645377,16.671923617154505,17.343393325805664,3179100,0.0,0.0
2022-01-19,17.493591727811346,17.829328283260175,17.11368179321289,17.11368179321289,2261600,0.0,0.0
2022-01-20,17.096009596258046,18.447785994059632,16.830954178035974,17.6702938079834,3094000,0.0,0.0
2022-01-21,17.387571548842704,18.1915698827326,17.343394797701595,18.041372299194336,2054000,0.0,0.0
2022-01-24,17.99719554648029,18.094381019540755,17.166691239742743,17.3168888092041,2457800,0.0,0.0
2022-01-25,17.210867704424754,18.465458773607217,17.096011523202105,18.359437942504883,2770800,0.0,0.0
2022-01-26,18.52730328442163,19.083918508106795,18.297589252364173,18.377105712890625,2194300,0.0,0.0
2022-01-27,18.553808945004015,19.19877428007988,18.536138246329738,19.01323699951172,6628100,0.0,0.0
2022-01-28,18.960225430242875,19.287126624116656,18.8542046055929,19.066247940063477,1839100,0.0,0.0
2022-01-31,19.09275232910839,19.534509658813477,18.96022378206048,19.534509658813477,1792300,0.0,0.0
2022-02-01,19.53451246508042,20.250158970162467,19.41965459916151,19.614028930664062,4126200,0.0,0.0
2022-02-02,19.7642276627301,20.038116790595684,19.37548066225678,19.437326431274414,2286400,0.0,0.0
2022-02-03,19.428490004036192,20.356181543404634,19.401983953709987,19.861412048339844,3588300,0.0,0.0
2022-02-04,19.817233683480357,19.817233683480357,18.430115965602084,19.101587295532227,2392300,0.0,0.0
2022-02-07,19.022074723823117,19.914424896240234,18.650998431186007,19.914424896240234,6908800,0.0,0.0
2022-02-08,19.64936992136245,19.879083982941385,19.340139389038086,19.340139389038086,4598900,0.0,0.0
2022-02-09,19.614027312490407,19.73771883311776,18.757016961942067,19.13692855834961,1932100,0.0,0.0
2022-02-10,19.19877278437596,19.481497200456072,18.668663661640533,19.163433074951172,1533100,0.0,0.0
2022-02-11,19.269458091900628,19.649369740822404,18.46545972634698,18.748184204101562,1702400,0.0,0.0
2022-02-14,18.757019571336816,19.481501467519088,18.748184220752787,19.251789093017578,1517100,0.0,0.0
2022-02-15,19.340137015266624,20.25899314880371,19.287126602999678,20.25899314880371,3240500,0.0,0.0
2022-02-16,20.241321169621642,20.250156518635833,19.67587231407749,19.746553421020508,2096000,0.0,0.0
2022-02-17,19.675871464381654,20.011606286569773,19.366641002921018,19.446157455444336,945500,0.0,0.0
2022-02-18,19.45499512096492,19.86141109544364,19.3489726099175,19.596357345581055,1413000,0.0,0.0
2022-02-21,19.596359322536124,19.72005086026105,18.659834068681366,18.748184204101562,1536300,0.0,0.0
2022-02-22,18.995564856336387,19.843738106156103,18.836531950702575,19.631694793701172,1753800,0.0,0.0
2022-02-23,19.61402899959207,20.267829741555705,19.61402899959207,19.92325782775879,2781200,0.0,0.0
2022-02-24,18.92488789276583,19.949764969782997,18.527305541694165,19.437326431274414,4131600,0.0,0.0
2022-02-25,19.667038833884085,19.834907110764043,18.624491143530673,18.774688720703125,2951600,0.0,0.0
2022-03-02,18.774689928476743,18.85420639710513,18.147395215042554,18.191570281982422,2062100,0.0,0.0
2022-03-03,18.279919364474157,18.56264379497449,17.723304167402407,17.953018188476562,2100500,0.0,0.0
2022-03-04,17.93534556923613,17.953016265542338,16.97231452776232,17.26387596130371,4564300,0.0,0.0
2022-03-07,17.096011712075757,17.25504464565695,15.761904162242201,15.912101745605469,3189800,0.0,0.0
2022-03-08,16.018120678356134,16.52172547003308,15.682385835742046,15.973945617675781,3211200,0.0,0.0
2022-03-09,16.221331320251736,17.210866894786935,16.150650207784935,17.087175369262695,2841100,0.0,0.0
2022-03-10,16.521724639364304,17.016492371824906,16.27433993054877,16.742603302001953,3184300,0.0,0.0
2022-03-11,16.786781661510194,17.01649571804609,15.814915017757023,15.920937538146973,2394600,0.0,0.0
2022-03-14,16.035792941798828,16.26550698713207,15.594035551197367,15.744233131408691,1602300,0.0,0.0
2022-03-15,15.638211197885315,16.283176538211972,15.505682641919885,16.185989379882812,3424200,0.0,0.0
2022-03-16,15.92977218711965,16.21249664881494,14.145071916204714,14.489642143249512,14409400,0.0,0.0
2022-03-17,14.533818272067341,14.692849511091769,13.358742882582535,13.968368530273438,11267800,0.0,0.0
2022-03-18,13.924192383067957,15.54102427574685,13.862345778849837,15.523353576660156,7351200,0.0,0.0
2022-03-21,15.4615072399593,16.115307915314254,15.328980372079474,15.549859046936035,3303900,0.0,0.0
2022-03-22,15.470342800876931,16.380363560400486,15.470342800876931,16.221330642700195,4343500,0.0,0.0
2022-03-23,16.274340166349518,17.007657269524806,15.726560333596304,16.610074996948242,4282400,0.0,0.0
2022-03-24,16.698428525406452,17.166691952019928,16.46871448698309,16.989988327026367,2166700,0.0,0.0
2022-03-25,17.08717363596455,18.76585115064642,17.016492530667538,18.527301788330078,5249900,0.0,0.0
2022-03-28,18.421283121564283,19.039742443755458,18.412447771725322,18.650997161865234,2474800,0.0,0.0
2022-03-29,19.366643134797798,19.437324246469043,18.695171731335666,18.721677780151367,2168900,0.0,0.0
2022-03-30,18.88954325863008,19.78189329434475,18.544973070099758,19.366641998291016,3588300,0.0,0.0
2022-03-31,19.43732433424289,19.61402795680426,18.41244736779646,18.50079917907715,2711300,0.0,0.0
2022-04-01,18.633326365965555,19.67587404918979,18.633326365965555,19.4019832611084,2985600,0.0,0.0
2022-04-04,19.437326561098242,19.72888639210788,19.172272782060688,19.340139389038086,1355200,0.0,0.0
2022-04-05,19.348969995183246,19.516838246168923,18.45662001965049,18.509632110595703,2037500,0.0,0.0
2022-04-06,18.27992132108662,18.500800016703327,17.38757118857463,18.01486587524414,2752100,0.0,0.0
2022-04-07,17.802821457897835,18.52730326627769,17.732140346962495,18.31525993347168,3960100,0.0,0.0
2022-04-08,18.067876420101623,18.368271555093816,17.493590512800292,17.979524612426758,2364600,0.0,0.0
2022-04-11,17.670292546918,18.07670846661531,17.1666894789581,17.281545639038086,2624000,0.0,0.0
2022-04-12,17.493590988804804,17.75864641904161,16.459878686773664,16.654253005981445,4424800,0.0,0.0
2022-04-13,16.786781387721636,16.989989389553074,16.442211151123047,16.442211151123047,4438300,0.0,0.0
2022-04-14,16.362694191713693,16.406869256811913,15.240630012443546,15.275971412658691,5304400,0.0,0.0
2022-04-18,15.284805739956372,15.435003327038592,15.037422668412097,15.293641090393066,1586900,0.0,0.0
2022-04-19,15.169948086991981,15.594034755899946,14.860717592307605,15.505682945251465,2504300,0.0,0.0
2022-04-20,15.505683063703126,15.70889273529819,15.143442153930666,15.143442153930664,2124300,0.0,0.0
2022-04-22,14.737027243680355,14.949070595043361,14.304105190667874,14.392457008361816,2254900,0.0,0.0
2022-04-25,14.224587664473333,14.90489441935703,13.968368423334674,14.7546968460083,3078800,0.0,0.0
2022-04-26,14.648674454071713,15.072761128660293,14.189246380682095,14.657509803771973,2816300,0.0,0.0
2022-04-27,14.887223292088404,15.249464190602486,14.639838565105617,14.807706832885742,2217100,0.0,0.0
2022-04-28,14.798872010780942,14.984409298750615,14.463137148429354,14.8607177734375,1383800,0.0,0.0
2022-04-29,15.044519086082882,15.231463701518706,14.350157737731934,14.350157737731934,2427700,0.126471,0.0
2022-05-02,14.350157128530528,14.537100038092653,13.798227289844293,14.0474853515625,1926700,0.0,0.0
2022-05-03,14.047486831098933,14.37686380244573,13.913955924785215,14.065291404724121,1335700,0.0,0.0
2022-05-04,13.976269719806595,14.777457675088513,13.602382177135453,14.688436508178711,2564300,0.0,0.0
2022-05-05,14.403569712734122,14.492590877050073,13.629088639472807,13.851640701293945,2110500,0.0,0.0
2022-05-06,13.86054207951187,14.011877548823135,13.379829661984543,13.459948539733887,2305100,0.0,0.0
2022-05-09,13.25520110632323,13.468850881896904,12.970333889922927,12.997040748596191,1874100,0.0,0.0
2022-05-10,13.094963341535081,13.362025985310671,12.738880382480122,13.068257331848145,7214500,0.0,0.0
2022-05-11,13.201788443526056,13.48665481539361,12.667663147305639,12.685467720031738,1714100,0.0,0.0
2022-05-12,12.667662649189785,13.468850562016225,12.614250631049256,13.451045989990234,2279500,0.0,0.0
2022-05-13,13.931759178774326,15.204757285029471,13.842738860562221,15.08012866973877,4245500,0.0,0.0
2022-05-16,14.964399865157676,15.31158222932244,14.79526152403729,14.98220443725586,1671100,0.0,0.0
2022-05-17,15.097930952088836,16.255202684131298,15.097930952088836,15.63205623626709,5119900,0.0,0.0
2022-05-18,15.569742455531992,15.81900138266141,15.275973794029031,15.649861335754395,2056900,0.0,0.0
2022-05-19,15.658765180087734,16.175085960701583,15.44511537755142,15.99704360961914,2320600,0.0,0.0
2022-05-20,16.1483781769312,16.237399347391218,15.338288751826472,15.783392906188965,2258700,0.0,0.0
2022-05-23,15.863511488685427,16.183987017083137,15.721078297828129,15.988140106201172,1316500,0.0,0.0
2022-05-24,15.80119610566258,15.827902963859211,15.062323341596983,15.729979515075684,2331200,0.0,0.0
2022-05-25,15.596448619967434,15.943629286836373,15.409504008465923,15.729979515075684,1740200,0.0,0.0
2022-05-26,15.712174649410409,16.192887900344385,15.667664917851672,16.077159881591797,1800600,0.0,0.0
2022-05-27,16.032651928636987,16.059358789297445,15.293779096407123,15.356093406677246,2068500,0.0,0.0
2022-05-30,15.471819145929905,15.605351746164484,14.652827461120538,14.724045753479004,1570300,0.0,0.0
2022-05-31,14.652827405733165,14.955498355362376,14.341255867530332,14.403570175170898,2440300,0.0,0.0
2022-06-01,14.483688861309718,14.768555234090698,14.118702759973138,14.643926620483398,3147900,0.0,0.0
2022-06-02,14.82196807861328,15.311583669748845,14.688437171189983,14.821968078613281,1730200,0.0,0.0
2022-06-03,14.813065682727492,14.813065682727492,13.87834763970476,13.994074821472168,2183400,0.0,0.0
2022-06-06,14.020781094466061,14.091997692425208,13.468852035798257,13.504460334777832,1073100,0.0,0.0
2022-06-07,13.442144387880848,13.744814467887512,13.264102065682126,13.513360977172852,2142300,0.0,0.0
2022-06-08,13.37983064361803,13.735914476521048,13.273005748437765,13.28190803527832,1529500,0.0,0.0
2022-06-09,13.219593451475843,13.727011905312658,13.210691164819707,13.344222068786621,1816600,0.0,0.0
2022-06-10,13.201788443526056,13.281907322855995,12.667663147305639,12.685467720031738,2659700,0.0,0.0
2022-06-13,12.329385308966357,12.329385308966357,11.84867286036449,11.884281158447266,2635000,0.0,0.0
2022-06-14,11.973300507569887,12.160244269576692,11.8664756219901,11.991105079650879,1943400,0.0,0.0
2022-06-15,12.195853227834165,12.462915880787655,11.937692861405171,12.231461524963379,2371000,0.0,0.0
2022-06-17,12.035616104082893,12.142440993596386,11.59051197329229,11.866476058959961,5523300,0.0,0.0
2022-06-20,11.884280438201893,12.40950259084961,11.821965283607042,12.142440795898438,2146700,0.0,0.0
2022-06-21,12.142441013806875,12.222559044348781,11.528196836870961,11.724042892456055,3410500,0.0,0.0
2022-06-22,11.474785269265634,12.284874684781252,11.474785269265634,12.097930908203125,1676100,0.0,0.0
2022-06-23,12.106832226572575,12.516328044944053,11.884280169826525,12.240363121032715,2917000,0.0,0.0
2022-06-24,12.338287792689675,12.783391980940703,12.00891079526018,12.676567077636719,3198600,0.0,0.0
2022-06-27,12.640957873933301,12.90802053760862,12.347189198581091,12.427308082580566,2413800,0.0,0.0
2022-06-28,12.31158139939541,12.560839499417153,11.973302124881485,12.089029312133789,1826800,0.0,0.0
2022-06-29,12.000006683846618,12.302677621689,11.768553186351328,11.928790092468262,2028800,0.0,0.0
2022-06-30,11.839769542589785,11.857573265596422,11.412469153837172,11.635021209716797,2506200,0.0,0.0
2022-07-01,11.439177645576523,11.848673520839162,11.28784215804671,11.554903984069824,2204500,0.0,0.0
2022-07-04,11.448078218777548,11.48368651615443,11.020778650254952,11.056386947631836,2314000,0.0,0.0
2022-07-05,11.02968158705853,11.341253995231746,10.62018571859956,11.225526809692383,3476600,0.0,0.0
2022-07-06,11.154309082679022,12.284873962402344,11.136505359225943,12.284873962402344,3915400,0.0,0.0
2022-07-07,12.302677880945906,13.575675964355469,12.18695070527515,13.575675964355469,5541500,0.0,0.0
2022-07-08,13.442145536279806,13.762620215472847,13.05045341274175,13.273005485534668,4273500,0.0,0.0
2022-07-11,13.05935596174844,13.28190803901209,12.57864350881771,12.712174415588379,1865400,0.0,0.0
2022-07-12,12.721075316060613,13.10386511890683,12.560837566223833,12.801194190979004,3750700,0.0,0.0
2022-07-13,12.55193686483917,12.55193686483917,12.151342466773155,12.36499309539795,7157300,0.0,0.0
2022-07-14,12.2225585150789,12.703271771326692,12.062321611965022,12.59644603729248,5931200,0.0,0.0
2022-07-15,12.596447262520902,13.175083174119179,12.302678587774393,13.103866577148438,4705500,0.0,0.0
2022-07-18,13.112767751805661,13.85164141623969,12.890215678497604,13.094964027404785,5251900,0.0,0.0
2022-07-19,13.121668308913387,13.24629775916716,11.875377202250368,12.56973934173584,7155700,0.0,0.0
2022-07-20,12.427308285190337,13.005943358446688,11.884281511073318,12.721076965332031,5088100,0.0,0.0
2022-07-21,12.658762691993788,12.712174716378348,12.231462252073207,12.543035507202148,2990700,0.0,0.0
2022-07-22,12.605349046879807,12.801195105226462,12.231461503203816,12.373894691467285,2932300,0.0,0.0
2022-07-25,12.498524206449162,12.59644681153585,12.03561634271263,12.053420066833496,1497800,0.0,0.0
2022-07-26,12.017813026053703,12.124637928853472,11.412471061219481,11.492589950561523,7332900,0.0,0.0
2022-07-27,11.54600207601496,12.373895231146584,11.54600207601496,12.320483207702637,3522900,0.0,0.0
2022-07-28,12.044517517089844,12.275971868384715,11.732945135548672,12.044517517089844,2111000,0.0,0.0
2022-07-29,12.106833685972406,12.133539698289926,11.670630956952527,11.795260429382324,1695300,0.0,0.0
2022-08-01,11.804161478031721,12.08012555728695,11.599413141161929,11.964398384094238,2124000,0.0,0.0
2022-08-02,11.910987363512026,12.071225131975352,11.679532997724737,11.715141296386719,1944100,0.0,0.0
2022-08-03,11.724043498166544,12.729978989274494,11.688435199763113,12.712174415588379,2900500,0.0,0.0
2022-08-04,12.774488657750165,13.326417667878157,12.667662921237499,13.246298789978027,4010800,0.0,0.0
2022-08-05,13.228494889163198,13.62018701234537,13.10386627185242,13.344222068786621,1939100,0.0,0.0
2022-08-08,13.442145041426624,13.94066119070809,13.362026162335628,13.753717422485352,1695900,0.0,0.0
2022-08-09,13.816031643411744,13.816031643411744,13.1127663518318,13.39763355255127,1993400,0.0,0.0
2022-08-10,13.79822762210109,14.910987914206016,13.673598163756596,14.341255187988281,6679200,0.0,0.0
2022-08-11,14.350157872499565,14.626121957181047,13.468851051467372,13.753717422485352,3287700,0.0,0.0
2022-08-12,13.851641391893795,14.002976020426,13.682501341054435,13.84273910522461,2407400,0.0,0.0
2022-08-15,13.75371855433632,14.314549905157689,13.75371855433632,14.154312133789062,3674300,0.0,0.0
2022-08-16,13.985172320359322,13.985172320359322,12.284874616154537,12.489622116088867,10940500,0.0,0.0
2022-08-17,12.382797794180696,12.783391374818784,11.741847555778461,11.795260429382324,8562200,0.0,0.0
2022-08-18,11.910987195813325,11.928790920409249,11.172114372253418,11.172114372253418,7863000,0.0,0.0
2022-08-19,11.091995954429276,11.412470651318104,10.931758181500445,10.976268768310547,6947600,0.0,0.0
2022-08-22,10.851637683808244,10.92285512151149,10.620184194905331,10.807127952575684,3731400,0.0,0.0
2022-08-23,10.878345903187627,11.07419112224144,10.789324731640395,10.931757926940918,4793400,0.0,0.0
2022-08-24,10.967365339349875,11.376861167226576,10.922855606142484,11.21662425994873,5721400,0.0,0.0
2022-08-25,11.30564453311763,11.697336636042564,11.30564453311763,11.572707176208496,4524700,0.0,0.0
2022-08-26,11.572708173422233,11.875379138408286,11.216625184596767,11.359058380126953,3320500,0.0,0.0
2022-08-29,11.38576439204666,11.643924771187327,11.26113492147334,11.359058380126953,2771700,0.0,0.0
2022-08-30,11.492588513826833,11.617217975997232,11.083092679802673,11.154309272766113,1732500,0.0,0.0
2022-08-31,11.350155903666037,11.37686191513987,10.86944345229305,10.958464622497559,2482100,0.0,0.0
2022-09-01,10.940659740912142,11.296742713769575,10.798226551769169,11.234428405761719,2364800,0.0,0.0
2022-09-02,11.305644749992998,11.359057619223282,10.994072367884065,11.118700981140137,2724300,0.0,0.0
2022-09-05,11.14540784513834,11.225525875565848,10.976267799975394,11.08309268951416,2682500,0.0,0.0
2022-09-06,11.065288748613966,11.065288748613966,10.602380054060632,10.682498931884766,2928000,0.0,0.0
2022-09-08,10.86944268032972,10.91395326227077,10.6290860472293,10.824932098388672,2962200,0.0,0.0
2022-09-09,10.949562296507208,11.287841553517701,10.89614942478185,11.172114372253418,5431900,0.0,0.0
2022-09-12,11.261134162211274,11.554902820427655,11.118700976284394,11.154309272766113,2025900,0.0,0.0
2022-09-13,10.9050507339476,10.9050507339476,10.513359489294903,10.566771507263184,3743800,0.0,0.0
2022-09-14,10.6824996967646,10.6824996967646,10.237395542732742,10.281906127929688,3807000,0.0,0.0
2022-09-15,10.23739407194031,10.344218951684315,10.094960898948303,10.157275199890137,3063100,0.0,0.0
2022-09-16,10.05045051435534,10.059352800081534,9.543032113524081,9.596444129943848,10716400,0.0,0.0
2022-09-19,9.51632619089634,11.18991786818439,9.391697574365267,10.949562072753906,18725100,0.0,0.0
2022-09-20,11.083093434163146,11.608316479743905,10.762618744014851,11.323450088500977,10111200,0.0,0.0
2022-09-21,11.332351256869837,11.59941391679026,11.19882035139402,11.3501558303833,4869000,0.0,0.0
2022-09-22,11.44807791970279,12.008909225463867,11.412469623256154,12.008909225463867,7178500,0.0,0.0
2022-09-23,11.82196527528524,12.37389428621455,11.706238101369117,12.21365737915039,5740100,0.0,0.0
2022-09-26,12.195852313672958,12.418404366290964,11.63502103919934,11.768552780151367,4763700,0.0,0.0
2022-09-27,12.142440220777168,12.160243943411903,11.127602561536323,11.341252326965332,4122200,0.0,0.0
2022-09-28,11.37686086852546,12.729977776928706,11.216623965454657,12.632054328918457,8868200,0.0,0.0
2022-09-29,12.462916155194183,12.62315392028812,11.928790837526916,12.204755783081055,7888000,0.0,0.0
2022-09-30,12.302676960784275,12.988137677188652,11.804160847916265,12.863508224487305,6008800,0.0,0.0
2022-10-03,12.908019086362586,12.961431952679973,11.626119633401085,12.658761024475098,17907600,0.0,0.0
2022-10-04,12.81899908295653,13.228494931802105,12.454013818566324,13.094964027404785,7141500,0.0,0.0
2022-10-05,13.15727810506396,13.442145331191416,12.801195133615602,12.872411727905273,5520400,0.0,0.0
2022-10-06,13.032648574967467,13.700304736306542,12.97033342261043,13.513360977172852,8371000,0.0,0.0
2022-10-07,13.486654993336515,13.495557279817023,13.12166973732341,13.335319519042969,3128200,0.0,0.0
2022-10-10,13.442145830226456,13.548970725626802,12.83680390732237,13.139474868774414,2625200,0.0,0.0
2022-10-11,13.121668562244778,13.299710031067015,12.79229163268147,12.934724807739258,2154500,0.0,0.0
2022-10-13,12.640957399457646,12.845705745212099,12.338286448584228,12.69437026977539,4943600,0.0,0.0
2022-10-14,12.729978336971188,12.783390357355023,11.670630028056296,11.688434600830078,5050900,0.0,0.0
2022-10-17,11.77745510531863,11.857573986138828,11.448078144477972,11.519294738769531,4603700,0.0,0.0
2022-10-18,11.724043392590378,12.097930946943919,11.24333094398851,11.884281158447266,6423600,0.0,0.0
2022-10-19,11.875378159455543,11.875378159455543,10.887246461226583,11.21662425994873,8627900,0.0,0.0
2022-10-20,11.216624196438788,11.332350520885242,10.700303483644085,10.860540390014648,6697100,0.0,0.0
2022-10-21,10.727010220761,11.430274746160267,10.442142986507074,11.172114372253418,10460300,0.0,0.0
2022-10-24,11.100898193798248,11.412470602190043,10.896149834940713,11.189918518066406,3546400,0.0,0.0
2022-10-25,11.145407359566132,11.83086724981862,11.047483911695265,11.70623779296875,5645000,0.0,0.0
2022-10-26,11.652826532827095,12.00000721903841,11.519294781310704,11.91098690032959,10230800,0.0,0.0
2022-10-27,12.017811936321236,13.780423946143333,11.94659534091239,13.237397193908691,15664800,0.0,0.0
2022-10-28,13.112767510617127,14.02078036051756,13.014844905791476,13.620186805725098,11922000,0.0,0.0
2022-10-31,14.32345188422816,14.652828009014264,13.584579052756832,14.35905933380127,17150400,0.0,0.0
2022-11-01,14.41247200876716,15.026714477296508,14.029682190504316,14.635024070739746,8266700,0.0,0.0
2022-11-03,14.501493806126792,15.017814544522839,14.181018279557673,14.305646896362305,6481800,0.0,0.0
2022-11-04,14.456982436108932,14.875379721448382,14.109801746102526,14.554905891418457,5335600,0.0,0.0
2022-11-07,14.546004139178418,14.839772817962464,13.005943298339844,13.005943298339844,8476400,0.0,0.0
2022-11-08,12.94362927405023,13.112768485684253,12.32048360370601,12.445112228393555,6679800,0.0,0.0
2022-11-09,12.391698858648757,12.667662939629043,12.10683249145137,12.21365737915039,5333200,0.0,0.0
2022-11-10,11.928789375071727,12.008908247796219,10.264100166021647,10.513359069824219,16278300,0.0,0.0
2022-11-11,10.637988369425326,11.884280423150226,10.219590256112994,11.394665718078613,15372100,0.0,0.0
2022-11-14,11.599413133353357,11.617217705664283,10.9584638115973,11.109798431396484,4513000,0.0,0.0
2022-11-16,11.09199551543611,11.403568761806701,10.655793649692322,11.029681205749512,8224500,0.0,0.0
2022-11-17,10.869442005301199,11.056385758668783,10.023744396816857,10.513359069824219,11094900,0.0,0.0
2022-11-18,10.905051532592578,11.367960250052544,10.023745530853931,10.059353828430176,7190200,0.0,0.0
2022-11-21,10.228492044585959,10.433240372656979,9.961429414000092,10.273002624511719,4101000,0.0,0.0
2022-11-22,10.27300402852666,10.388731212562632,9.899116464400846,10.148374557495117,3176200,0.0,0.0
2022-11-23,10.148374557495117,10.308612327540127,9.827899866373912,10.148374557495117,4525500,0.0,0.0
2022-11-24,10.379827332293837,10.71810654548131,10.36202361000433,10.513359069824219,3214900,0.0,0.0
2022-11-25,10.513360438351967,10.53116416295899,9.952529105245603,9.997038841247559,3625800,0.0,0.0
2022-11-28,9.997038409236044,10.237395048310066,9.890213519303842,10.050451278686523,2770000,0.0,0.0
2022-11-29,10.086058349454932,10.388729258626778,9.925820609547802,10.219589233398438,3795900,0.0,0.0
2022-11-30,10.237395286560059,10.468849644617402,9.667661678027086,10.237395286560059,7324900,0.0,0.0
2022-12-01,10.201787285332031,10.326416754590142,9.89911632354005,10.068256378173828,4351800,0.0,0.0
2022-12-02,10.148374610509663,10.442143291147602,9.863508216913798,9.899116516113281,4410300,0.0,0.0
2022-12-05,9.854605187115801,10.005940659549434,9.45401163907273,9.551934242248535,3653100,0.0,0.0
2022-12-06,9.649857000012961,9.721073587919657,9.302675497241296,9.525227546691895,2767800,0.0,0.0
2022-12-07,9.52522849449565,9.765585139323855,9.33828472039664,9.560836791992188,3114300,0.0,0.0
2022-12-08,9.516326754301373,9.685466813848429,9.29377466992701,9.471817016601562,4082800,0.0,0.0
2022-12-09,9.614248748704862,9.623151034474859,8.884277445970302,8.919886589050293,6408500,0.0,0.0
2022-12-12,8.973298513184757,9.160242267583135,8.385761241923765,8.706235885620117,6908800,0.0,0.0
2022-12-13,8.821964307005185,9.222557880831815,8.492587330793564,8.608314514160156,5284000,0.0,0.0
2022-12-14,8.545999763494361,8.866474436262113,8.376859716140363,8.732943534851074,4074400,0.0,0.0
2022-12-15,8.63502074878185,9.062321194463816,8.590510161882023,8.795258522033691,6178200,0.0,0.0
2022-12-16,8.777454167833314,9.026713121136465,8.49258776287983,8.554902076721191,3335600,0.0,0.0
2022-12-19,8.59941150839431,9.080123926597446,8.56380321256329,8.866474151611328,3157700,0.0,0.0
2022-12-20,8.75965017505157,9.275970942778942,8.67953128885787,9.00890827178955,2650700,0.0,0.0
2022-12-21,9.133537229060616,9.133537229060616,8.652824788003151,8.884278297424316,5596400,0.0,0.0
2022-12-22,8.8931797317403,9.053417479725468,8.706235975413836,8.919886589050293,2812900,0.0,0.0
2022-12-23,8.973299294999599,9.258165669771408,8.830866107613694,8.946593284606934,2724200,0.0,0.0
2022-12-26,8.937691398386194,9.124635177443796,8.617216712416937,9.071222305297852,2277200,0.0,0.0
2022-12-27,9.10683038138019,9.240362134000245,8.421370440884855,8.813061714172363,4350900,0.0,0.0
2022-12-28,8.866473951744162,9.382794654139468,8.821963370716555,9.284872055053711,2838700,0.0,0.0
2022-12-29,9.311578523417415,9.418403413772046,8.884278113030126,9.053418159484863,2988100,0.0,0.0
2023-01-02,8.946593755199096,8.946593755199096,8.608314492879652,8.715139389038086,3892200,0.0,0.0
2023-01-03,8.715137923297924,8.75964850145354,8.136502954180914,8.163208961486816,4878600,0.0,0.0
2023-01-04,8.163209899570885,8.323447659757532,7.949560118634532,8.270034790039062,9518000,0.0,0.0
2023-01-05,8.305644016970655,8.546000684167003,8.243329702794798,8.376860618591309,4914800,0.0,0.0
2023-01-06,8.394664707423473,8.732943970019383,8.332349547886853,8.67953109741211,5520100,0.0,0.0
2023-01-09,8.590510210533145,8.875377458924039,8.350154398262992,8.581608772277832,4058600,0.0,0.0
2023-01-10,8.53709654615427,8.777452312280362,8.385761088272826,8.697334289550781,6683900,0.0,0.0
2023-01-11,8.68843216749477,8.69733445317732,8.296740087149496,8.635019302368164,6467200,0.0,0.0
2023-01-12,8.581608252304232,8.902082932235963,8.385762190083781,8.52819538116455,5377000,0.0,0.0
2023-01-13,8.421370538069336,8.501489420772202,8.118699580733526,8.243329048156738,5201000,0.0,0.0
2023-01-16,8.18991590994574,8.38576196695511,8.136503889196032,8.270034790039062,3374300,0.0,0.0
2023-01-17,8.305642132409856,8.49258588148851,8.15430667606196,8.163208961486816,3945400,0.0,0.0
2023-01-18,8.243328784866575,8.456978565937764,8.198818201567887,8.234426498413086,3827500,0.0,0.0
2023-01-19,8.118699550093108,8.528195399831016,7.905049763004318,8.421370506286621,6973600,0.0,0.0
2023-01-20,8.47478338383142,8.554901417322574,8.2344267364516,8.385762214660645,2932500,0.0,0.0
2023-01-23,8.394664507653363,8.626118019526764,8.323447911850966,8.350153923034668,4776000,0.0,0.0
2023-01-24,8.385762455622356,8.53709793817997,8.385762455622356,8.501489639282227,2686300,0.0,0.0
2023-01-25,8.474783352913308,8.670628566024462,8.394664470745662,8.563803672790527,4698500,0.0,0.0
2023-01-26,8.599412506110959,8.76855256765874,8.465881593494363,8.546000480651855,2328500,0.0,0.0
2023-01-27,8.537097419598933,8.554901143481922,8.314545352764629,8.412467956542969,4097800,0.0,0.0
2023-01-30,8.456979298046264,8.715139684764713,8.394664985414899,8.581608772277832,5898200,0.0,0.0
2023-01-31,8.617216292290786,9.222557336275308,8.554901136330516,9.19585132598877,11826900,0.0,0.0
2023-02-01,9.338284773791585,9.462914240226466,9.026712381157562,9.240362167358398,7153600,0.0,0.0
2023-02-02,9.160243717626084,9.436208674553445,9.097929405951993,9.186949729919434,4343300,0.0,0.0
2023-02-03,9.151340513936702,9.151340513936702,7.994069626522105,8.011874198913574,8078400,0.0,0.0
2023-02-06,8.056385539746765,8.234427035587323,7.664693399928722,7.949560642242432,10851400,0.0,0.0
2023-02-07,8.020776455023746,8.19881793342692,7.771517536290569,7.816028118133545,5155700,0.0,0.0
2023-02-08,7.8872454409783455,7.994070337927466,7.646889635085027,7.896147727966309,5517100,0.0,0.0
2023-02-09,7.913951561865454,8.011874162669335,7.379826278100005,7.406532287597656,7174500,0.0,0.0
2023-02-10,7.433240108052386,7.682498209882446,7.433240108052386,7.602379322052002,5091200,0.0,0.0
2023-02-13,7.5756728275862315,7.75371431757705,7.522259956104591,7.63798713684082,2100800,0.0,0.0
2023-02-14,7.700301199058575,7.77151779277017,7.112763876453529,7.148372173309326,7215400,0.0,0.0
2023-02-15,7.139470490820311,7.789322098380179,7.112763632368376,7.442140579223633,6307400,0.0,0.0
2023-02-16,7.388728610125431,7.593476099159747,7.201784844543831,7.459945201873779,3539000,0.0,0.0
2023-02-17,7.335316200608694,7.442141094912457,7.228491306304932,7.228491306304932,3105900,0.0,0.0
2023-02-22,7.201784588203024,7.3887283471305345,6.765582342544048,6.845701217651367,4697900,0.0,0.0
2023-02-23,6.943624240062053,7.0860574184889735,6.792288775741272,6.845701217651367,3599300,0.0,0.0
2023-02-24,6.818995276008988,6.934722454065361,6.703268522437002,6.738876819610596,2323100,0.0,0.0
2023-02-27,6.8457019421648155,6.8991143897278056,6.5697374175138314,6.658758163452148,4301200,0.0,0.0
2023-02-28,6.70326854354904,6.70326854354904,6.275968551635742,6.275968551635742,5741900,0.0,0.0
2023-03-01,6.329381249071214,6.373891410204872,6.0267102856309585,6.089025020599365,5942400,0.0,0.0
2023-03-02,6.053416479919517,6.204751531105776,5.955493450164795,5.955493450164795,3788700,0.0,0.0
2023-03-03,5.946590688881131,6.160240879973312,5.910982394446493,5.937688827514648,5038900,0.0,0.0
2023-03-06,5.964395306615808,6.05341647420943,5.857570414884726,5.9911017417907715,4862500,0.0,0.0
2023-03-07,6.02670977185109,6.213653536334861,5.919884884855897,6.000003337860107,6455400,0.0,0.0
2023-03-08,6.000003357388529,6.836799157209823,5.92878676582661,6.729974269866943,8911800,0.0,0.0
2023-03-09,6.721072671023799,7.032645483534937,6.64095379014102,6.738876819610596,6106900,0.0,0.0
2023-03-10,6.658757708188941,6.658757708188941,6.320478472267286,6.480716228485107,3486700,0.0,0.0
2023-03-13,6.338283069868726,6.587541583620597,6.249262323701772,6.569737434387207,2979500,0.0,0.0
2023-03-14,6.543030972855433,6.6587581546647225,6.329381182885419,6.427303791046143,3214300,0.0,0.0
2023-03-15,6.25816461382771,6.632051747924102,6.213654028478796,6.551933288574219,3634500,0.0,0.0
2023-03-16,6.551933288574219,6.72107291862193,6.284870625449537,6.551933288574219,8313900,0.0,0.0
2023-03-17,6.489618314911054,6.792289265370986,6.382793423390273,6.738876819610596,4465000,0.0,0.0
2023-03-20,6.83679892189354,6.952526091440622,6.311576364959872,6.329380512237549,4251000,0.0,0.0
2023-03-21,6.373891115578398,6.623149619445906,6.267066224414202,6.543030738830566,4435000,0.0,0.0
2023-03-22,6.560834420841928,7.041546821383562,6.34718465370536,6.400597095489502,7140100,0.0,0.0
2023-03-23,6.436205909725524,6.471814207123599,5.795256132075803,5.830864429473877,4686000,0.0,0.0
2023-03-24,6.008905873730223,6.721072665595708,6.008905873730223,6.436205863952637,11082100,0.0,0.0
2023-03-27,6.4629120575427805,6.55193279707828,6.1068286749164145,6.231457710266113,5172700,0.0,0.0
2023-03-28,6.169142724439051,6.311576326271751,6.062317841427791,6.151338577270508,2285500,0.0,0.0
2023-03-29,6.204751513753527,6.249262097467845,5.768549661084502,6.062318325042725,4903800,0.0,0.0
2023-03-30,6.133534905913087,6.516324736458354,6.133534905913087,6.489618301391602,4699400,0.0,0.0
2023-03-31,6.498520621913827,6.685464394906169,6.213653819143499,6.275968551635742,4418800,0.0,0.0
2023-04-03,6.267065744731145,6.364988766378793,5.9911012514371835,6.169142723083496,4863300,0.0,0.0
2023-04-04,6.249261862397542,6.445107489508026,6.142436974882732,6.195849418640137,3008400,0.0,0.0
2023-04-05,6.2225554158004135,6.3293807275854075,6.062318084849475,6.302674293518066,4060000,0.0,0.0
2023-04-06,6.2492621136193724,6.409499451333167,6.115730786615685,6.2937726974487305,2619000,0.0,0.0
2023-04-10,6.302674326400809,6.516324526601099,6.267066030448156,6.462912082672119,2897600,0.0,0.0
2023-04-11,6.6854643190995935,7.121666168146035,6.587541290431959,7.11276388168335,6554900,0.0,0.0
2023-04-12,7.157274449396104,7.424337099912052,7.094959717746548,7.219588756561279,3671700,0.0,0.0
2023-04-13,7.255196822793646,7.522259464822282,7.219588527121077,7.37092399597168,2303100,0.0,0.0
2023-04-14,7.335316194069934,7.397631352418175,7.112764118893282,7.264099597930908,1958600,0.0,0.0
2023-04-17,7.264099653641981,7.459945719010713,7.2195890684715245,7.246295928955078,1643400,0.0,0.0
2023-04-18,7.281903718889542,7.362022596808863,7.014841075481386,7.050449371337891,2391400,0.0,0.0
2023-04-19,6.997037444125753,6.997037444125753,6.5252268524679895,6.551933288574219,4757300,0.0,0.0
2023-04-20,6.551933039180077,6.872407713349798,6.418401712700501,6.7922892570495605,3655200,0.0,0.0
2023-04-24,6.756681184864605,7.05935172054592,6.69436645057037,6.997037410736084,2068300,0.0,0.0
2023-04-25,6.997036925459181,7.166176542969147,6.854603317591416,7.068253517150879,3213900,0.0,0.0
2023-04-26,7.121666195134498,7.166176778647842,6.899114126536545,6.934722423553467,1908000,0.0,0.0
2023-04-27,6.9525268091910375,7.10386228891673,6.792289467149691,7.086058139801025,3188800,0.0,0.0
2023-04-28,7.086058113899916,7.264099604406186,6.952526783778014,7.228491306304932,2509300,0.0,0.0
2023-05-02,7.219589292043379,7.281904452799276,6.810093848422405,6.952527046203613,4411400,0.0,0.0
2023-05-03,6.970330721661792,7.433239431923024,6.908016414114614,7.273001670837402,4176400,0.0,0.0
2023-05-04,7.575672566425622,7.709203467073249,7.237393322620371,7.629084587097168,5152500,0.0,0.0
2023-05-05,7.6824979630533825,8.341251921209448,7.637987376914444,8.25223159790039,6740400,0.0,0.0
2023-05-08,8.29674051601674,8.528194861915004,8.252230783240618,8.439173698425293,3273200,0.0,0.0
2023-05-09,8.42137000372831,8.875376410925043,8.181013370870485,8.189915657043457,6261900,0.0,0.0
2023-05-10,9.231460077282218,10.353122752176454,9.000005712817922,10.139472961425781,18214600,0.0,0.0
2023-05-11,10.041549455885042,11.020778932259434,10.041549455885042,10.958464622497559,14251000,0.0,0.0
2023-05-12,10.994072111248418,11.537098832398067,10.789323774442002,11.074190139770508,8867900,0.0,0.0
2023-05-15,11.07419068928498,11.287841322851692,10.851638618086604,10.949562072753906,6061600,0.0,0.0
2023-05-16,10.851638576122168,11.020778625001368,10.468849592440014,10.557869911193848,5768400,0.0,0.0
2023-05-17,10.557870565196525,11.189918518066406,10.51336082754686,11.189918518066406,4865100,0.0,0.0
2023-05-18,11.109798981340196,11.937692957467421,11.083092970520577,11.626120567321777,9566300,0.0,0.0
2023-05-19,11.688434337272584,12.062321867403828,11.474784562617227,11.679532051086426,8069000,0.0,0.0
2023-05-22,11.706238032168715,12.151342152767809,11.59941314510118,11.928790092468262,3853700,0.0,0.0
2023-05-23,11.928790175616806,12.39169887177152,11.768553268382956,12.106832504272461,7623800,0.0,0.0
2023-05-24,12.01781152642031,12.106832692129444,11.706238295407095,11.902084350585938,5569000,0.0,0.0
2023-05-25,12.151342471684556,12.712173780234902,12.151342471684556,12.329384803771973,4379500,0.0,0.0
2023-05-26,12.569740299574583,12.605348595364987,12.16024447350058,12.53413200378418,3132000,0.0,0.0
2023-05-29,12.551936810902003,12.818998609840074,12.46291564527681,12.756684303283691,3662700,0.0,0.0
2023-05-30,12.83680266196548,12.979235842014512,12.605348319901443,12.632054328918457,5256800,0.0,0.0
2023-05-31,12.560837749081665,12.77448836829722,12.23146080770895,12.525229454040527,5121000,0.0,0.0
2023-06-01,12.62315357997777,13.798228228404115,12.551936986071249,13.335319519042969,11016800,0.0,0.0
2023-06-02,13.620187556282154,13.798229051671246,13.183985680336676,13.32641887664795,5053600,0.0,0.0
2023-06-05,13.344222279007896,13.682501536551193,13.086061904694432,13.637990951538086,3198100,0.0,0.0
2023-06-06,13.655794440546657,14.430274653006709,13.35312350525912,14.341255187988281,7047100,0.0,0.0
2023-06-07,14.465884408746414,15.551937888484018,14.4302752628841,14.90208625793457,6683000,0.0,0.0
2023-06-09,14.982206279803291,15.05342287901696,14.350159174024196,14.804163932800293,4486400,0.0,0.0
2023-06-12,14.777458139217389,15.267072025692741,14.715143829804626,15.062324523925781,3506800,0.0,0.0
2023-06-13,15.11573681194507,15.133541385786316,14.41247312459197,14.537101745605469,3526300,0.0,0.0
2023-06-14,14.563807039105802,15.970335960388184,14.465883591454439,15.970335960388184,6194200,0.0,0.0
2023-06-15,15.952531410518693,16.887249364699258,15.765586800920119,16.860544204711914,8761000,0.0,0.0
2023-06-16,16.744818836866056,16.842742300161024,16.344226092176797,16.5667781829834,4939900,0.0,0.0
2023-06-19,16.646893909412412,17.154312308396726,16.504460734186548,16.913955688476562,4670900,0.0,0.0
2023-06-20,16.851642702788837,17.32345199584961,16.65579579810322,17.32345199584961,5030300,0.0,0.0
2023-06-21,17.47478689939962,18.854610681894282,17.403570308543845,18.115737915039062,12077100,0.0,0.0
2023-06-22,17.89318780090849,18.044523285165525,16.98517489536627,17.830873489379883,6985900,0.0,0.0
2023-06-23,17.39466969184142,17.528200587234718,15.95253160695636,16.406538009643555,11726100,0.0,0.0
2023-06-26,16.317517378663958,16.51336258509592,15.373897096128122,15.605351448059082,6921700,0.0,0.0
2023-06-27,15.783392198980895,16.29081064054817,14.884281643702687,15.186952590942383,8146200,0.0,0.0
2023-06-28,15.258170865002322,16.255204983001768,15.133542236979032,15.890219688415527,5433200,0.0,0.0
2023-06-29,16.04155315045196,17.59051530922597,15.997041718973183,17.492591857910156,7171900,0.0,0.0
2023-06-30,17.4925930463971,18.329389337739507,17.314552402197993,17.64392852783203,8189200,0.0,0.0
2023-07-03,17.821969475770963,18.222562167334132,17.430277372474492,17.661731719970703,5284600,0.0,0.0
2023-07-04,17.670632773810212,18.026715707456447,17.359059570143245,17.937694549560547,3995800,0.0,0.0
2023-07-05,17.724047478873924,19.148381127528964,17.670635455206426,18.356096267700195,6917200,0.0,0.0
2023-07-06,18.222563948427926,18.222563948427926,17.617223708814446,17.75965690612793,4133100,0.0,0.0
2023-07-07,17.884283764298743,18.15134555842087,17.59051511158941,17.80416488647461,4689200,0.0,0.0
2023-07-10,17.706241436259006,18.053423806142746,17.563808253002207,17.80416488647461,2231000,0.0,0.0
2023-07-11,17.81306734511149,17.857577078583567,16.994075684487832,17.706241607666016,3385100,0.0,0.0
2023-07-12,17.94659826199211,18.035619426965656,17.56380844116211,17.56380844116211,3466000,0.0,0.0
2023-07-13,17.08309761012684,17.49259260970586,16.602384317120954,17.127607345581055,7363700,0.0,0.0
2023-07-14,16.94066378371551,17.127606703136205,16.62018826706574,16.780426025390625,2992000,0.0,0.0
2023-07-17,16.54006817902432,17.074193435090006,16.112768653346727,16.913955688476562,3809000,0.0,0.0
2023-07-18,16.878347314255954,18.543037460173714,16.85164215389595,18.115737915039062,5919300,0.0,0.0
2023-07-19,18.071228521364585,18.462920664187987,17.93769761070182,18.23146629333496,4059900,0.0,0.0
2023-07-20,18.3026827411421,18.605353708379443,17.902090012460416,18.18695640563965,2659100,0.0,0.0
2023-07-21,18.142442346706957,18.827903067373146,18.04452059942421,18.694372177124023,2735700,0.0,0.0
2023-07-24,18.525233848966984,19.103868891928883,18.445114967855908,18.863513946533203,2336500,0.0,0.0
2023-07-25,19.2730096896594,19.486659481612165,18.320487063810056,18.640962600708008,3832000,0.0,0.0
2023-07-26,18.63205874107768,18.70327533238391,18.178052334773923,18.51633071899414,3676600,0.0,0.0
2023-07-27,18.516331441932255,18.872416110303575,18.160248471498466,18.293779373168945,4152600,0.0,0.0
2023-07-28,18.347192150722478,19.237400380095718,18.320485292583797,19.18398666381836,2807300,0.0,0.0
2023-07-31,19.308618983442727,19.82493974238791,19.255205261597013,19.75372314453125,3255600,0.0,0.0
2023-08-01,19.495559660556207,19.99407578787713,19.228497873975787,19.851642608642578,3678700,0.0,0.0
2023-08-02,19.655797933604962,20.14541178798239,19.548972197373764,19.869447708129883,2325300,0.0,0.0
2023-08-03,20.296746230719666,20.741850329620863,18.95253334622295,19.05045509338379,4023400,0.0,0.0
2023-08-04,19.023750287245814,19.70920932184464,19.01484800135006,19.23740005493164,3338800,0.0,0.0
2023-08-07,19.388739847736968,19.43324958921492,18.623160069163987,19.397642135620117,3401000,0.0,0.0
2023-08-08,19.0504565234418,20.367964347585552,19.0504565234418,20.172119140625,5672300,0.0,0.0
2023-08-09,20.08309771186773,20.08309771186773,19.201791745167334,19.34422492980957,4025000,0.0,0.0
2023-08-10,19.593485374869363,20.065296396880743,19.388737868273672,19.75372314453125,4201400,0.0,0.0
2023-08-11,20.029685497283936,21.916927722342734,20.029685497283936,21.36499786376953,12000100,0.0,0.0
2023-08-14,21.36500046034643,21.42731477335241,18.275978088378906,18.275978088378906,19581100,0.0,0.0
2023-08-15,18.356094958534346,19.0771631694003,17.732948501085374,19.059358596801758,8920300,0.0,0.0
2023-08-16,19.593485993581353,20.37686859474181,19.47775795719887,20.029687881469727,10086600,0.0,0.0
2023-08-17,20.278945637440923,20.278945637440923,18.890219470200403,19.8071346282959,8433800,0.0,0.0
2023-08-18,19.735919046299134,20.51930164160511,19.370933761243915,19.985177993774414,4795300,0.0,0.0
2023-08-21,19.71924496060939,19.89949469497792,19.106399645531887,19.214548110961914,3553100,0.27493,0.0
2023-08-22,19.36775863904006,19.800355911254883,19.29565909367092,19.800355911254883,7141800,0.0,0.0
2023-08-23,19.79134383081168,20.14283062885937,19.611095821622758,20.052705764770508,4387500,0.0,0.0
2023-08-24,20.10678048607294,20.422216658583682,19.746282739913024,19.782333374023438,3578600,0.0,0.0
2023-08-25,19.827394746813987,19.872456320006666,18.655776653915964,18.962200164794922,4582800,0.0,0.0
2023-08-28,19.241584360216667,19.38578344717659,18.53861252204552,18.79997444152832,5263400,0.0,0.0
2023-08-29,18.935160856299376,19.02528571532806,17.997865072783007,18.6107120513916,5132400,0.0,0.0
2023-08-30,18.73688929542103,19.007262178825574,18.448489375736948,18.763925552368164,4091900,0.0,0.0
2023-08-31,18.88108621331064,18.88108621331064,18.241201275366944,18.35836410522461,3895200,0.0,0.0
2023-09-01,18.475527479914565,19.31368583087086,18.475527479914565,19.025287628173828,3627100,0.0,0.0
2023-09-04,18.95318797648028,19.277635093290716,18.493552698760883,18.53861427307129,2718800,0.0,0.0
2023-09-05,18.295277458442467,18.40342764226183,17.700455744908123,17.907743453979492,4279200,0.0,0.0
2023-09-06,17.89873058237376,18.82701205690702,17.826631033681963,18.322315216064453,7013700,0.0,0.0
2023-09-08,18.178115647679213,18.881087518451583,18.0068785793522,18.781949996948242,3993100,0.0,0.0
2023-09-11,18.8360242025378,18.953187040340115,18.2952767425773,18.8179988861084,3859700,0.0,0.0
2023-09-12,18.7458999883847,19.160473685670002,18.448489132958027,18.583677291870117,6026500,0.0,0.0
2023-09-13,18.52960256407401,19.331712036021422,18.430466751712526,19.00726318359375,6343600,0.0,0.0
2023-09-14,19.052321960863264,19.16047213544501,18.77293644509442,18.836023330688477,3385700,0.0,0.0
2023-09-15,18.890096831135452,18.953185433289036,18.250213623046875,18.250213623046875,4900600,0.0,0.0
2023-09-18,18.205153712537275,19.70122060578071,18.19614105426607,19.11540985107422,6224700,0.0,0.0
2023-09-19,19.151460885514517,19.151460885514517,18.142065484840547,18.322315216064453,4678000,0.0,0.0
2023-09-20,18.511576882955854,18.836023979906336,18.124041179248138,18.1871280670166,4321200,0.0,0.0
2023-09-21,17.8897175334404,18.060954602466687,17.330944754033517,17.691442489624023,5830300,0.0,0.0
2023-09-22,17.907742279691522,18.358364864576686,17.294895289209496,17.403043746948242,5211100,0.0,0.0
2023-09-25,17.348968674404784,17.475142441960447,16.961432995211062,17.15970802307129,3672200,0.0,0.0
2023-09-26,17.02451971359551,17.583292442606762,16.997483460232615,17.1236572265625,5959900,0.0,0.0
2023-09-27,17.25884590237957,17.700455861146697,16.8713101763828,17.006498336791992,7060400,0.0,0.0
2023-09-28,17.150696346618382,17.664405822753906,16.763160645256143,17.664405822753906,6025700,0.0,0.0
2023-09-29,17.853667502575387,18.259228543161917,17.61934353679082,17.907743453979492,3847600,0.0,0.0
2023-10-02,17.844654844008033,18.16009101790991,17.682432146762277,17.907743453979492,4456900,0.0,0.0
2023-10-03,17.78156621294203,18.06095344422285,17.529218673706055,17.529218673706055,4877200,0.0,0.0
2023-10-04,17.574281021617104,19.016273654368053,17.574281021617104,18.863061904907227,8126800,0.0,0.0
2023-10-05,18.863061304081093,19.35874545002472,18.709849559500363,18.836023330688477,5360600,0.0,0.0
2023-10-06,18.610712878121376,18.610712878121376,16.22241346220554,17.394031524658203,17381300,0.0,0.0
2023-10-09,17.02452082970974,17.8626791186813,16.808222193683008,17.700454711914062,4466100,0.0,0.0
2023-10-10,17.76354196420152,18.92614909059558,17.76354196420152,18.781949996948242,6193800,0.0,0.0
2023-10-11,18.82701113685425,18.953186630140475,18.31330166265595,18.376388549804688,5435400,0.0,0.0
2023-10-13,18.205154339492378,18.277253889156178,17.58329464927407,17.682432174682617,4102300,0.0,0.0
2023-10-16,17.817619286962532,18.322316153630812,17.763543333434956,18.042930603027344,3448700,0.0,0.0
2023-10-17,17.889716842621382,17.952803729039992,17.249831882542466,17.29489517211914,5301000,0.0,0.0
2023-10-18,17.123660695562947,17.123660695562947,16.546864253788883,16.682050704956055,5045800,0.0,0.0
2023-10-19,16.691060703081778,17.20477016700681,16.600935843676453,16.8082218170166,4005500,0.0,0.0
2023-10-20,16.636984206422913,17.06057051593766,16.38463667121106,16.483774185180664,3118200,0.0,0.0
2023-10-23,16.35760128845403,16.94341036950273,16.195376864996774,16.61896324157715,4183900,0.0,0.0
2023-10-24,16.970446960310912,16.970446960310912,15.99710221805633,16.718097686767578,5451600,0.0,0.0
2023-10-25,16.60994795278659,16.91637143324841,16.31253712986643,16.483774185180664,5141500,0.0,0.0
2023-10-26,16.492787402018134,17.00649863892399,16.411675191927152,16.925386428833008,3632900,0.0,0.0
2023-10-27,17.006496861476485,17.258844405172884,16.42969879233746,16.582910537719727,4291500,0.0,0.0
2023-10-30,16.72710926216737,16.80822146202017,15.952039613224263,15.970063209533691,4088500,0.0,0.0
2023-10-31,16.04216422953861,16.177352387739237,15.663641168352296,15.979077339172363,2897000,0.0,0.0
2023-11-01,16.006115529392385,16.28550107004427,15.80784219715377,16.258464813232422,4690900,0.0,0.0
2023-11-03,16.664023973731634,17.421070098876953,16.664023973731634,17.421070098876953,4884000,0.0,0.0
2023-11-06,17.502181639247826,17.664406048307033,15.8799409866333,15.8799409866333,5268400,0.0,0.0
2023-11-07,15.82586654174444,16.880323581858313,15.735741670480472,16.72711181640625,4965400,0.0,0.0
2023-11-08,16.664021567133148,17.475141807222425,16.664021567133148,17.168718338012695,4086400,0.0,0.0
2023-11-09,17.348972500890945,17.907745358573518,16.970449395748307,17.19576072692871,5999500,0.0,0.0
2023-11-10,17.394032522447976,18.214165557008638,17.321932971684035,17.826631546020508,4363200,0.0,0.0
2023-11-13,17.853667637739147,18.376389805680876,17.709468537547554,17.979843139648438,4166300,0.0,0.0
2023-11-14,18.367377738745798,18.637752349556735,16.763162267687736,17.853668212890625,13617800,0.0,0.0
2023-11-16,17.799591788995535,18.76392382860166,17.772553815543404,18.34935188293457,7784500,0.0,0.0
2023-11-17,18.583675072761253,18.583675072761253,17.87169060506858,18.250213623046875,4434200,0.0,0.0
2023-11-20,18.23218861776338,18.69182384161313,18.223175960159818,18.35836410522461,2964300,0.0,0.0
2023-11-21,18.214164331164664,18.295276535188723,17.529219504499608,17.772554397583008,4374100,0.0,0.0
2023-11-22,18.0249032614189,18.178115007900512,17.34896938911569,17.520206451416016,5132700,0.0,0.0
2023-11-23,17.61033012559175,17.93477719353578,17.51119261425375,17.655391693115234,1568700,0.0,0.0
2023-11-24,17.664405551704206,17.67341820961954,17.29489517211914,17.29489517211914,1768000,0.0,0.0
2023-11-27,18.160090576145652,19.151460647583008,18.115029003393925,19.151460647583008,7990300,0.0,0.0
2023-11-28,18.989237160803953,19.575046230072022,18.754913189298946,18.8720760345459,6177100,0.0,0.0
2023-11-29,18.91713554973032,19.034298382220175,18.295275913023,18.385400772094727,3493200,0.0,0.0
2023-11-30,18.529600783134697,18.610712988445663,18.042929270257712,18.106016159057617,3895400,0.0,0.0
2023-12-01,18.05194202383123,18.75491218158635,17.961817159788858,18.628738403320312,3132500,0.0,0.0
2023-12-04,18.601699713405853,18.682811916027347,17.934778495509267,18.078977584838867,2630700,0.0,0.0
2023-12-05,18.223175960159818,18.60169898456616,18.05194062265811,18.35836410522461,3518200,0.0,0.0
2023-12-06,18.4755277170856,18.68281371306142,18.169104193039217,18.23219108581543,2558600,0.0,0.0
2023-12-07,18.268241615733345,19.259611733753797,18.259228956961742,19.097387313842773,4337700,0.0,0.0
2023-12-08,19.034298361339523,19.602082050587722,18.836023327801495,19.475908279418945,3309300,0.0,0.0
2023-12-11,19.484920489906344,19.538994716453214,18.76392335366388,18.845035552978516,1785800,0.0,0.0
2023-12-12,18.97121036394501,19.124422113405835,18.75491172688068,18.863061904907227,1602100,0.0,0.0
2023-12-13,18.899110983648026,20.341103629018235,18.87207472814636,20.16986656188965,4254300,0.0,0.0
2023-12-14,20.368140582864793,21.24234775305077,20.368140582864793,20.75567626953125,6307900,0.0,0.0
2023-12-15,20.728638455116823,20.83678862949855,20.11579147792735,20.377153396606445,2918800,0.0,0.0
2023-12-18,20.72863932388333,20.89086373276062,20.09776700469137,20.584440231323242,2507300,0.0,0.0
2023-12-19,20.57542624572503,21.080123037124427,20.503326704096544,20.647525787353516,3291900,0.0,0.0
2023-12-20,20.54839033296936,20.944938711174327,20.35011700336129,20.49431610107422,2274600,0.0,0.0
2023-12-21,20.683577891650444,20.809751668744738,20.38616704636476,20.656539916992188,1685000,0.0,0.0
2023-12-22,20.64752611613241,20.674564089294382,19.98961757342276,20.079742431640625,2333200,0.0,0.0
2023-12-26,19.998632239642866,20.323079355227836,19.980606922391235,20.18789291381836,1282100,0.0,0.0
2023-12-27,20.133818063839307,20.611478642431308,20.133818063839307,20.575428009033203,2328900,0.0,0.0
2023-12-28,20.476290229540282,20.71962684496122,20.11579249502156,20.205917358398438,1983800,0.0,0.0
2024-01-02,20.187892607268523,20.332091705114173,19.151460946882086,19.259611129760742,2432900,0.0,0.0
2024-01-03,19.106397466100937,19.28664546092005,18.538612070898488,18.845035552978516,3876700,0.0,0.0
2024-01-04,18.81799923322428,18.86306252512902,18.25021550713516,18.475526809692383,3491200,0.0,0.0
2024-01-05,18.41243944391101,19.67418236180791,18.322314581420777,18.745899200439453,3670500,0.0,0.0
2024-01-08,18.583676090054844,19.24158464905918,18.54762545827934,18.94417381286621,3506400,0.0,0.0
2024-01-09,18.817999915870068,19.10639983755598,18.565652348004605,19.025287628173828,2352600,0.0,0.0
2024-01-10,19.061336273535023,19.22356068999735,18.538614108816894,18.69182586669922,2280700,0.0,0.0
2024-01-11,18.628738703109,18.971211129194785,18.47552694746801,18.736888885498047,2688900,0.0,0.0
2024-01-12,18.655774613376707,19.097384514519945,18.151076110079885,18.9261474609375,3639100,0.0,0.0
2024-01-15,18.917135803614148,19.36775838603179,18.781949372686597,19.205533981323242,1898300,0.0,0.0
2024-01-16,18.944175592366122,19.016275143700987,18.385402780279254,18.68281364440918,3342000,0.0,0.0
2024-01-17,18.520587903708265,18.817998746633883,18.439475699365932,18.745899200439453,3919300,0.0,0.0
2024-01-18,18.772936763627325,19.115409170801183,18.29527620618528,18.304288864135742,2323000,0.0,0.0
2024-01-19,18.430464767028365,19.160472887390753,18.033916403317843,18.935161590576172,4631400,0.0,0.0
2024-01-22,18.944173967557777,19.331709667365256,18.637750470918785,18.79096221923828,3417200,0.0,0.0
2024-01-23,18.845036978893376,19.19652205652623,18.781950089983766,19.11540985107422,2337800,0.0,0.0
2024-01-24,19.160475218283672,19.385786542507624,18.385403712876798,18.40342903137207,2832800,0.0,0.0
2024-01-25,18.39441378858795,18.5205875623555,17.59230613708496,17.59230613708496,3916100,0.0,0.0
2024-01-26,17.601320666140573,17.82663198267033,17.114647397321615,17.81761932373047,3254600,0.0,0.0
2024-01-29,17.835641863094803,18.024902514381253,17.56526729398589,17.61033058166504,2099600,0.0,0.0
2024-01-30,17.655393331370984,17.655393331370984,16.79920971707005,17.096620559692383,5461200,0.0,0.0
2024-01-31,17.123659699337363,17.61934389777526,16.925386363759984,17.376008987426758,5733400,0.0,0.0
2024-02-01,17.412058926752774,17.5202091191439,17.060573809712352,17.240821838378906,3447200,0.0,0.0
2024-02-02,17.90774375221289,18.01589221884449,16.56488682612431,16.664024353027344,7018700,0.0,0.0
2024-02-05,16.682047911650745,16.853284971250712,16.31253753813783,16.51081085205078,5043600,0.0,0.0
2024-02-06,16.501798033964405,17.303907377568155,16.483774437593752,17.11464500427246,3587600,0.0,0.0
2024-02-07,17.06958300084807,17.240818335441872,16.943407515529543,17.1236572265625,3865800,0.0,0.0
2024-02-08,16.88933431157632,17.23180843946001,16.85328539858205,17.14168357849121,5005200,0.0,0.0
2024-02-09,17.114646059349326,17.610331948356894,16.817235213540304,16.907360076904297,3450900,0.0,0.0
2024-02-14,16.889335058717652,16.94340929009554,16.609949524444936,16.826248168945312,1924300,0.0,0.0
2024-02-15,16.943411050431127,17.078599221404456,16.682050805793295,16.790199279785156,3138100,0.0,0.0
2024-02-16,16.934399616354995,17.76354362274833,16.90736163915084,17.21378517150879,4758100,0.0,0.0
2024-02-19,17.132672788662372,17.66440763547167,17.123660129683866,17.36699676513672,2039200,0.0,0.0
2024-02-20,17.30390881560034,17.664406557802675,17.204771291873886,17.574281692504883,2872600,0.0,0.0
2024-02-21,17.5202057252954,17.62835417774804,17.12365738866219,17.61033058166504,2483700,0.0,0.0
2024-02-22,17.80860720369637,18.033918527044264,17.61033385798625,17.91675567626953,2509100,0.0,0.0
2024-02-23,17.934778521257623,17.952803837196885,17.19575775763525,17.628355026245117,4438900,0.0,0.0
2024-02-26,17.538230898834716,17.898730356737985,17.41205711996186,17.727493286132812,1295000,0.0,0.0
2024-02-27,17.80860540661347,18.718863267362682,17.763542115097884,18.628738403320312,4200600,0.0,0.0
2024-02-28,18.61972501644695,18.763924105676864,18.196140406707677,18.304288864135742,3062100,0.0,0.0
2024-02-29,18.205152795833957,18.457500338765676,17.94379087609615,18.34935188293457,1912100,0.0,0.0
2024-03-01,18.412440923421745,18.736889766861783,18.286267137190134,18.52960205078125,1932700,0.0,0.0
2024-03-04,18.610712676058636,18.62873799226713,17.745518125915996,17.997865676879883,2054100,0.0,0.0
2024-03-05,18.106016114699802,18.763924694842437,18.069965481766005,18.36737632751465,2111200,0.0,0.0
2024-03-06,18.475526064581818,19.43084546757993,18.475526064581818,18.79096221923828,5099600,0.0,0.0
2024-03-07,18.872073515686616,19.52096939086914,18.601698945119065,19.52096939086914,4134800,0.0,0.0
2024-03-08,19.520971184917332,19.76430780509505,19.052323261387393,19.223560333251953,2966500,0.0,0.0
2024-03-11,19.160473167472087,19.28664694545621,18.772937456247934,19.079360961914062,1681000,0.0,0.0
2024-03-12,19.214548574696963,19.349735019241596,18.745900629219253,19.16948699951172,2389800,0.0,0.0
2024-03-13,19.025285968086102,19.44887057646307,18.953186423703027,19.430845260620117,2146100,0.0,0.0
2024-03-14,19.51195822006308,19.51195822006308,18.763924773441364,19.11540985107422,5669000,0.0,0.0
2024-03-15,18.601699920044194,18.745899010975638,17.105633062388865,17.249832153320312,20282000,0.0,0.0
2024-03-18,17.412057695099396,17.565269454072375,16.47476354296206,16.5919246673584,10576200,0.0,0.0
2024-03-19,16.7180984177094,17.303909195512258,16.47476351074836,17.006498336791992,4540400,0.0,0.0
2024-03-20,17.04254644972016,17.574281250722667,16.60994916995199,17.394031524658203,4674400,0.0,0.0
2024-03-21,17.34897152553134,17.439096396734485,16.673037569991155,16.91637420654297,3559500,0.0,0.0
2024-03-22,16.907360236746985,17.015508698615182,16.6279747047672,16.754148483276367,2219800,0.0,0.0
2024-03-25,16.754149055246966,17.096621488173014,16.691062163838655,16.817235946655273,2104100,0.0,0.0
2024-03-26,16.826249457233118,16.92538698817365,16.141302837711812,16.240440368652344,6421700,0.0,0.0
2024-03-27,16.240438080390184,16.447724053160396,15.600553127461597,15.888951301574707,6936700,0.0,0.0
2024-03-28,15.888953243579154,16.573899850308763,15.681667245473712,16.321552276611328,2816100,0.0,0.0
2024-04-01,16.384637385508906,16.75414776588271,16.204387664794922,16.204387664794922,4167900,0.0,0.0
2024-04-02,16.13228873332151,16.330563777438936,15.384255286214637,15.816852569580078,5462500,0.0,0.0
2024-04-03,15.807841865050031,15.915990328003076,15.041783090012522,15.176969528198242,6148500,0.0,0.0
2024-04-04,15.375242021352987,15.645616602031158,14.87955786859277,15.059805870056152,4857800,0.0,0.0
2024-04-05,15.050795828610461,15.312156047963471,14.9516583045513,15.005732536315918,2715500,0.0,0.0
2024-04-08,15.02375777319074,15.26709439331833,14.852520701361456,15.176969528198242,2031100,0.0,0.0
2024-04-09,15.24005699157715,15.321169201338641,14.996720362292672,15.240056991577148,2276600,0.0,0.0
2024-04-10,15.185981617399145,15.185981617399145,14.600172594559455,14.699308395385742,3854600,0.0,0.0
2024-04-11,14.61819607937735,14.762395169460849,14.086462149568048,14.176586151123047,3969500,0.0,0.0
2024-04-12,13.978313267689654,13.987325925974378,13.28435405066513,13.437565803527832,6207400,0.0,0.0
2024-04-15,13.428553812171607,13.428553812171607,12.752619878146303,12.824719429016113,7050100,0.0,0.0
2024-04-16,12.617432814322592,13.032005641172967,12.49125817676138,12.707557678222656,5061600,0.0,0.0
2024-04-17,12.869782046498461,12.941881598395245,12.54533406296293,12.653483390808105,4093000,0.0,0.0
2024-04-18,12.662495531828018,13.203242148939726,12.536320891421408,12.64447021484375,4549600,0.0,0.0
2024-04-19,12.64447021484375,12.95089372762093,12.563358007403389,12.64447021484375,4264100,0.0,0.0
2024-04-22,12.662495164770029,12.941880693972033,12.52730786979007,12.689532279968262,3087100,0.0,0.0
2024-04-23,12.572370008933119,12.81570661853878,12.34705871536982,12.770644187927246,2620700,0.0,0.0
2024-04-24,12.797682026076297,13.022993332378677,12.626445811464036,12.88780689239502,3227900,0.0,0.0
2024-04-25,12.887806455414271,13.626827239990234,12.626445383345134,13.626827239990234,5342000,0.0,0.0
2024-04-26,13.743990473546777,14.13152621767518,13.698928037800188,14.032388687133789,3853500,0.0,0.0
2024-04-29,14.265120966677154,14.320162743468519,13.83395629906954,14.081646919250488,2679500,0.273695,0.0
2024-04-30,13.980735090569212,13.980735090569212,13.256011970221252,13.384444236755371,4309000,0.0,0.0
2024-05-02,13.696351016294898,14.15503657343942,13.650482285605792,13.888998985290527,3052200,0.0,0.0
2024-05-03,14.43024662355264,14.962321778306915,14.347683961503101,14.843064308166504,4437700,0.0,0.0
2024-05-06,14.687111403959296,15.347617960788384,14.677937483062802,14.999017715454102,4467400,0.0,0.0
2024-05-07,15.0907556416759,15.32009842194607,14.788023241709135,14.943976402282715,2505500,0.0,0.0
2024-05-08,14.687111392136451,14.778848851281046,14.366031160003615,14.74215316772461,2525600,0.0,0.0
2024-05-09,14.283467836970487,14.788022994995117,13.622961270720626,14.788022994995117,6124600,0.0,0.0
2024-05-10,14.788023126067698,15.026538075906537,14.19173137710425,14.320162773132324,3283000,0.0,0.0
2024-05-13,13.75139290788418,13.824782527649374,12.604679005461417,12.623026847839355,13225400,0.0,0.0
2024-05-14,12.769805662558369,13.301880825592196,12.733110853896493,12.742284774780273,9894800,0.0,0.0
2024-05-15,12.760631632873766,13.17344844551839,12.52211494116861,12.632200241088867,4707500,0.0,0.0
2024-05-16,12.641373673543361,12.696416325186473,11.96251926089351,12.017561912536621,7409900,0.0,0.0
2024-05-17,11.916649954188092,12.109297913314899,11.76069680275814,11.834086418151855,4481100,0.0,0.0
2024-05-20,11.815739652793974,11.83408661951798,11.494659423828125,11.494659423828125,6987300,0.0,0.0
2024-05-21,11.668960168891541,12.815673997893805,11.632265361358398,12.66889476776123,14876300,0.0,0.0
2024-05-22,12.668895121502288,13.356923438114782,12.668895121502288,12.806500434875488,9778700,0.0,0.0
2024-05-23,12.934933169278072,13.35692392036458,12.127646476987653,12.623026847839355,11230700,0.0,0.0
2024-05-24,12.650547200535547,12.788152513046699,12.30194608398429,12.503767967224121,3361500,0.0,0.0
2024-05-27,12.62302625861061,12.824847266107476,11.907476186991122,12.008387565612793,3453600,0.0,0.0
2024-05-28,12.292772214116896,12.549636748349402,11.80656578303998,11.990039825439453,6954600,0.0,0.0
2024-05-29,11.43044387108242,11.751524104067887,11.155232367791058,11.540528297424316,7100900,0.0,0.0
2024-05-31,11.705655287773578,11.79739187160985,10.990105209535129,11.109363555908203,5069500,0.0,0.0
2024-06-03,11.10019040077958,11.31118532891406,10.834152822986015,10.999279022216797,3996300,0.0,0.0
2024-06-04,11.026800526247207,11.191926721610912,10.714894226854453,10.8433256149292,3044400,0.0,0.0
2024-06-05,10.852499422402715,11.045147377380944,10.659851467424486,10.733241081237793,3798300,0.0,0.0
2024-06-06,10.870847410781858,11.017626640399882,10.659851612051035,10.779109954833984,7711300,0.0,0.0
2024-06-07,10.59563611357914,10.687372696348744,10.430509039771323,10.439682960510254,5040900,0.0,0.0
2024-06-10,10.40298861229246,10.558941772255265,10.210340642625072,10.256209373474121,4972300,0.0,0.0
2024-06-11,10.311250384935635,10.540593147277832,10.283729498419069,10.540593147277832,8095300,0.0,0.0
2024-06-12,10.7057202848094,10.8524995136704,10.256208677704286,10.412161827087402,9938700,0.0,0.0
2024-06-13,10.402987760190147,10.54976698698589,10.247034613001368,10.366292953491211,4800300,0.0,0.0
2024-06-14,10.27455605836208,10.513072752319834,10.164471632275404,10.292903900146484,3476900,0.0,0.0
2024-06-17,10.191992687482273,10.201166608525156,9.852565482754953,9.889260292053223,3937700,0.0,0.0
2024-06-18,9.870912969584529,9.980997393517379,9.67826500898373,9.751654624938965,3028200,0.0,0.0
2024-06-19,9.82504391777193,10.219513746713066,9.742480383819302,10.17364501953125,2881200,0.0,0.0
2024-06-20,10.338772950711686,10.586462698378167,10.026866629679375,10.06356143951416,6182500,0.0,0.0
2024-06-21,9.944302558898926,10.127776598295483,9.714959790934921,9.944302558898926,5258300,0.0,0.0
2024-06-24,9.92595517168862,10.219514523028266,9.861739473679918,10.19199275970459,6404900,0.0,0.0
2024-06-25,10.191993125993594,10.201167047431186,9.870913749537575,9.89843463897705,3819200,0.0,0.0
2024-06-26,9.834217980370283,9.852564946584357,9.595701295474825,9.770001411437988,3062300,0.0,0.0
2024-06-27,9.76082900265273,10.146124941893843,9.714960271814832,10.127777099609375,2625800,0.0,0.0
2024-06-28,10.05438759285209,10.127777213065565,9.549833297729492,9.549833297729492,4061900,0.0,0.0
2024-07-01,9.540659099170957,9.907608064445691,9.403053783988717,9.714960098266602,3880400,0.0,0.0
2024-07-02,9.72413386802647,9.779175643294117,9.503964142336152,9.540658950805664,2713600,0.0,0.0
2024-07-03,9.705786045914332,10.256209048939482,9.705786045914332,10.228687286376953,6657700,0.0,0.0
2024-07-04,10.338772125709578,10.733241081237793,10.338772125709578,10.733241081237793,4058400,0.0,0.0
2024-07-05,10.641504923880433,10.742415428161621,10.347945582099564,10.742415428161621,3567000,0.0,0.0
2024-07-08,10.67819983910071,10.861673882754005,10.430509224013827,10.852499961853027,3216900,0.0,0.0
2024-07-09,10.815805540018834,11.0910170527801,10.696547188659842,11.054322242736816,2475000,0.0,0.0
2024-07-10,11.23779585342394,11.457964705072461,10.880020813340154,10.916715621948242,4962900,0.0,0.0
2024-07-11,11.182753971912748,11.210275736415927,10.678200537580766,10.824979782104492,4418100,0.0,0.0
2024-07-12,10.870847387367208,11.045147503444884,10.577288053890237,10.971757888793945,2634700,0.0,0.0
2024-07-15,11.00845333799128,11.393749274810835,10.788284481201039,11.329533576965332,3108400,0.0,0.0
2024-07-16,11.329533755498082,11.485486916900356,10.916716048919543,11.054322242736816,3707300,0.0,0.0
2024-07-17,10.990105239164416,11.127711427599678,10.687372849429385,10.916715621948242,3359400,0.0,0.0
2024-07-18,10.78828462199334,10.79745854319764,10.467204378829036,10.558941841125488,3239300,0.0,0.0
2024-07-19,10.604809634470895,10.742414940873605,10.302076385613171,10.366292953491211,1834900,0.0,0.0
2024-07-22,10.412162038144428,10.577288236523593,10.412162038144428,10.503898620605469,1353700,0.0,0.0
2024-07-23,10.467203507902282,10.467203507902282,10.09108151855407,10.109429359436035,3126900,0.0,0.0
2024-07-24,10.081908336968713,10.081908336968713,9.714960241169583,9.760828971862793,3505000,0.0,0.0
2024-07-25,9.714959954007798,9.852565267146717,9.641570337017276,9.66909122467041,3075000,0.0,0.0
2024-07-26,9.733307512214857,10.12777738366185,9.586528269315501,10.091082572937012,3512400,0.0,0.0
2024-07-29,10.054386947401296,10.201166178405614,9.93512860349198,10.00851821899414,4065200,0.0,0.0
2024-07-30,9.953477292729303,10.201167047431186,9.825045017222916,9.89843463897705,3178200,0.0,0.0
2024-07-31,10.008518464646508,10.136950732364184,9.815870500506618,10.036039352416992,3280300,0.0,0.0
2024-08-01,10.20116620485616,10.283729741228473,9.714959782175367,9.81587028503418,3541000,0.0,0.0
2024-08-02,9.861739158630371,10.026866233804085,9.659917275070638,9.861739158630371,4030100,0.0,0.0
2024-08-05,9.467269819259974,9.953477150000747,9.384706277252171,9.85256576538086,3133500,0.0,0.0
2024-08-06,9.82504489204408,9.907608434183883,9.155363508478233,9.421401977539062,6988200,0.0,0.0
2024-08-07,9.513138180172833,10.017692458989016,9.513138180172833,9.907608032226562,4438300,0.0,0.0
2024-08-08,9.999344324265307,10.109429622677212,9.788349397867817,9.81587028503418,6082900,0.0,0.0
2024-08-09,9.522312020189942,9.724133904975753,9.063626475141524,9.47644329071045,10733100,0.0,0.0
2024-08-12,9.522312232041282,9.852565516869213,9.494791343690604,9.696612358093262,3499800,0.0,0.0
2024-08-13,9.724133830114612,9.751654717641138,9.247100446997536,9.302143096923828,3527800,0.0,0.0
2024-08-14,9.320489953419449,9.357184761311917,9.137015913957102,9.192058563232422,3876600,0.0,0.0
2024-08-15,9.25627464917267,9.43974869638222,9.173711109210057,9.265448570251465,4251200,0.0,0.0
2024-08-16,9.40305406895357,9.40305406895357,8.99023723602295,8.99023723602295,3419500,0.0,0.0
2024-08-19,9.036105525938167,9.806696501484305,8.926020225986907,9.733306884765625,4790400,0.0,0.0
2024-08-20,9.733306697894225,9.779175426181068,9.35718470071391,9.448922157287598,2888400,0.0,0.0
2024-08-21,9.458095635119761,9.559006132727909,9.201231118688357,9.311315536499023,2965700,0.0,0.0
2024-08-22,9.3113164978892,9.3113164978892,8.880152702331543,8.880152702331543,4336400,0.0,0.0
2024-08-23,8.990237029370235,9.503964359692384,8.926020456925018,9.458096504211426,5577000,0.0,0.0
2024-08-26,9.467268977376701,9.48561681835719,9.228753168742802,9.403053283691406,1750000,0.0,0.0
2024-08-27,9.357184937710072,9.430574554878524,9.256274432821762,9.348011016845703,1686800,0.0,0.0
2024-08-28,9.329664370951313,9.430574879311168,9.14619032171827,9.247100830078125,2692300,0.0,0.0
2024-08-29,9.247100439653696,9.366358785338253,9.109495127257105,9.173710823059082,5585800,0.0,0.0
2024-08-30,9.118667815217789,9.43057411093745,9.026931235512317,9.036105155944824,7764400,0.0,0.0
2024-09-02,9.045278474520307,9.210405547796723,8.870978355407715,8.870978355407715,3387800,0.0,0.0
2024-09-03,9.27462096307762,9.843390906795092,8.852630246787468,9.036105155944824,15683900,0.0,0.0
2024-09-04,9.06362668088433,9.63239666467056,9.045278838726741,9.265448570251465,8531600,0.0,0.0
2024-09-05,9.348011377546841,9.357185298765193,8.97188935632722,9.18288516998291,9089000,0.0,0.0
2024-09-06,9.21040594745091,9.375533027892454,8.742546469448719,8.815936088562012,5612300,0.0,0.0
2024-09-09,8.889325707675304,8.889325707675304,8.669156850335426,8.815936088562012,6342500,0.0,0.0
2024-09-10,8.797588461663192,9.008583382077255,8.760893654857563,8.907672882080078,3532000,0.0,0.0
2024-09-11,8.93519404594716,9.714959808373786,8.852630509352196,9.623222351074219,7184900,0.0,0.0
2024-09-12,9.549833297729492,9.669091649294709,9.228753928013862,9.549833297729492,4553200,0.0,0.0
2024-09-13,9.641570141483344,10.182819211966688,9.586527492420112,10.00851821899414,5746700,0.0,0.0
2024-09-16,9.990171497757267,10.081908081949965,9.843391388277103,10.036039352416992,4791500,0.0,0.0
2024-09-17,10.118602617001859,10.237860960613629,9.880086804651542,10.201166152954102,4848200,0.0,0.0
2024-09-18,10.109429734866044,10.25620896787982,9.925954818725586,9.925954818725586,5168000,0.0,0.0
2024-09-19,9.971823613474626,10.16447157679306,9.66909122467041,9.66909122467041,4811400,0.0,0.0
2024-09-20,9.63239640196843,9.687439052066763,9.072800354522727,9.109495162963867,9210600,0.0,0.0
2024-09-23,9.054452824794135,9.081973713354783,8.62328815460205,8.62328815460205,9178800,0.0,0.0
2024-09-24,8.715025237599006,9.026931543977003,8.641635621377505,8.8067626953125,6403400,0.0,0.0
2024-09-25,8.907673140296254,8.916847060981896,8.311382293701172,8.311382293701172,6718200,0.0,0.0
2024-09-26,8.577419909769233,9.127842030395236,8.45816156491529,8.549898147583008,9755600,0.0,0.0
2024-09-27,8.54989808120226,8.78841476905832,8.412292770832424,8.504030227661133,3135000,0.0,0.0
2024-09-30,8.504030715236812,8.559072492591257,8.311382744749702,8.43064022064209,4276500,0.0,0.0
2024-10-01,8.53155124502572,8.540725165823309,8.274687586805893,8.293034553527832,4055600,0.0,0.0
2024-10-02,8.348077873946075,8.577420663066865,8.348077873946075,8.458162307739258,4994500,0.0,0.0
2024-10-03,8.348077281442608,8.632461829839185,8.192124125919356,8.5957670211792,4814800,0.0,0.0
2024-10-04,8.568246281349701,9.403053848933864,8.513203629972681,9.32966423034668,8222100,0.0,0.0
2024-10-07,9.513137406588502,9.7241331968805,9.07279973534584,9.311315536499023,8825000,0.0,0.0
2024-10-08,9.650743667697217,9.83421769895372,9.559006214632369,9.806695938110352,9180000,0.0,0.0
2024-10-09,9.65074420579731,9.714959901599286,9.118668173176502,9.173710823059082,5492100,0.0,0.0
2024-10-10,9.219579516513178,9.357184828377893,8.981062826065989,9.237926483154297,4462800,0.0,0.0
2024-10-11,9.192058329041407,9.494790705159708,9.026931260295713,9.467268943786621,5696900,0.0,0.0
2024-10-14,9.448922232052919,9.73330677490976,9.228753384381836,9.623222351074219,4245200,0.0,0.0
2024-10-15,9.733306547481334,9.815870082147118,9.375532397093881,9.403053283691406,2775900,0.0,0.0
2024-10-16,9.375532484474851,9.907607629643115,9.366358563899103,9.705785751342773,5184100,0.0,0.0
2024-10-17,9.559007257608926,9.559007257608926,9.28379574325944,9.357185363769531,3602000,0.0,0.0
2024-10-18,9.384705969436753,9.540659127031102,9.265448495862968,9.393879890441895,3230700,0.0,0.0
2024-10-21,9.421401761695355,9.770002015162998,9.421401761695355,9.632396697998047,5594800,0.0,0.0
2024-10-22,9.540658704305585,9.898433733794501,9.403053394818505,9.513137817382812,3372900,0.0,0.0
2024-10-23,9.494791719329305,10.063561725360508,9.439749065577052,9.89843463897705,7334500,0.0,0.0
2024-10-24,9.90760782453227,10.384640330502814,9.623222405202595,10.118602752685547,5081500,0.0,0.0
2024-10-25,10.146124616914962,10.228687279930782,9.54983288486796,9.797523498535156,5174500,0.0,0.0
2024-10-28,9.90760732596462,10.109429198078908,9.797522907049514,9.935128211975098,3600300,0.0,0.0
2024-10-29,9.980998119722843,10.063561662398014,9.623223059754867,9.72413444519043,2750000,0.0,0.0
2024-10-30,9.669091476424988,10.118603110914206,9.669091476424988,9.953476905822754,2724400,0.0,0.0
2024-10-31,9.92595484737047,10.01769230570544,9.63239638049575,9.733306884765625,2295400,0.0,0.0
2024-11-01,9.751654717641138,9.84339130102064,9.274621334524062,9.302143096923828,3232600,0.0,0.0
2024-11-04,9.494790707905322,10.155297233332684,9.467268946524277,9.916781425476074,8634100,0.0,0.0
2024-11-05,9.861738912090713,10.109429518659113,9.632396146693255,9.83421802520752,3041400,0.0,0.0
2024-11-06,9.65991761742605,10.036039635431145,9.485617490133423,9.999344825744629,3575400,0.0,0.0
2024-11-07,9.999344235760146,10.274555729607526,9.39387947421984,9.513137817382812,5716300,0.0,0.0
2024-11-08,9.265448075356701,9.779175380103753,8.94436785373488,9.384705543518066,7797100,0.0,0.0
2024-11-11,9.357184356515898,10.091081357489795,9.32966347050542,9.935128211975098,6078100,0.0,0.0
2024-11-12,9.935129388562913,9.94430330994391,9.5223125500243,9.595702171325684,3746000,0.0,0.0
2024-11-13,9.586527049820381,9.705785388223667,9.329663407421945,9.568180084228516,4239800,0.0,0.0
2024-11-14,9.559006969041384,9.623222666330847,9.30214330501027,9.393879890441895,2166400,0.0,0.0
2024-11-18,9.384705430952035,9.448921999430079,9.164536588701285,9.27462100982666,3845300,0.0,0.0
2024-11-19,9.311315536499023,9.549832212525391,9.210405038890876,9.311315536499023,2491000,0.0,0.0
2024-11-21,9.219579979983036,9.274621757546587,9.036105929982401,9.18288516998291,4171800,0.0,0.0
2024-11-22,9.29296857096717,9.35718426263843,9.091146700877692,9.311315536499023,4104900,0.0,0.0
2024-11-25,9.403053679657072,9.604875564575195,9.173710906982508,9.604875564575195,3984800,0.0,0.0
2024-11-26,9.586527929817285,10.026866517794458,9.503964389891987,9.696612358093262,4804000,0.0,0.0
2024-11-27,9.742481049487917,9.852565477322026,9.201231956481934,9.201231956481934,3691400,0.0,0.0
2024-11-28,9.219579534538187,9.219579534538187,8.513203382572772,8.614114761352539,5054900,0.0,0.0
2024-11-29,8.604940832837274,8.696677415886173,8.118734405545723,8.485682487487793,9358400,0.0,0.0
2024-12-02,8.485682367250972,8.604940710910638,8.237991759294768,8.24716567993164,4255000,0.0,0.0
2024-12-03,8.311381819431867,8.366423590658435,8.10955995023037,8.237991333007812,4621100,0.0,0.0
2024-12-04,8.256340026855469,8.439814074699825,8.182950407717726,8.256340026855469,3459700,0.0,0.0
2024-12-05,8.403118428605422,8.641635104495526,8.09121214088347,8.173775672912598,4416600,0.0,0.0
2024-12-06,8.137081374349295,8.228818832295593,7.605006217956543,7.605006217956543,5769800,0.0,0.0
2024-12-09,7.678395757144616,8.146255213193761,7.641700949309775,7.806828022003174,8999000,0.0,0.0
2024-12-10,7.971954076515248,8.146255066752337,7.770133074488279,8.137081146240234,4326200,0.0,0.0
2024-12-11,8.16460253498168,8.834283900702253,7.990302408899302,8.577420234680176,4929400,0.0,0.0
2024-12-12,8.357250202364261,8.403118931221009,7.834348968067756,7.92608642578125,5712200,0.0,0.0
2024-12-13,7.907738701334815,8.137081474139908,7.605006311221953,7.660048961639404,4689000,0.0,0.0
2024-12-16,7.687569747201273,7.797654171699298,7.3940112818732056,7.476573944091797,4828200,0.0,0.0
2024-12-17,7.513268831031977,7.779306411743164,7.338968709134266,7.779306411743164,3408500,0.0,0.0
2024-12-18,7.696743382934233,7.733438189741355,7.201362616164891,7.265578746795654,3996800,0.0,0.0
2024-12-19,7.283926427454359,7.650874946929691,7.23805769848121,7.605006217956543,5061700,0.0,0.0
2024-12-20,7.605006716448886,8.228819371677556,7.458227474012327,7.971954822540283,10114400,0.0,0.0
2024-12-23,7.9260865579583015,7.935259603984035,7.641701134202588,7.715090751647949,2768500,0.0,0.0
2024-12-26,7.696744014164566,7.916912873063924,7.540790853725868,7.55913782119751,3471900,0.0,0.0
2024-12-27,7.586659021829617,7.724264329713897,7.338968417790062,7.632526874542236,4719700,0.0,0.0
2024-12-30,7.632527683053596,7.8435235023498535,7.439879706684536,7.8435235023498535,4954700,0.0,0.0
2025-01-02,7.7426117323038826,7.788480462475502,7.513268956319045,7.7701334953308105,7231600,0.0,0.0
2025-01-03,7.834349316548046,7.871044126291022,7.293100216684206,7.375663757324219,7468100,0.0,0.0
2025-01-06,7.559137277075995,8.210470760590626,7.531616390412901,8.137081146240234,6685300,0.0,0.0
2025-01-07,8.10038655650175,8.61411474561758,8.063691748341563,8.357250213623047,5583900,0.0,0.0
2025-01-08,8.274687013656429,8.504029768471211,8.155428676167961,8.237991333007812,4936200,0.0,0.0
2025-01-09,8.274687551417557,8.393945021783233,8.091212635743394,8.357250213623047,2955800,0.0,0.0
2025-01-10,8.357250285663744,8.430639902616745,8.173776243281244,8.228818893432617,3988600,0.0,0.0
2025-01-13,8.247165626552666,8.247165626552666,7.880217552185059,7.880217552185059,3412300,0.0,0.0
2025-01-14,7.898564758251386,8.017823104759607,7.66922198609094,7.779306411743164,3658600,0.0,0.0
2025-01-15,7.871044151547758,8.467335030502813,7.806828453009814,8.43064022064209,6457300,0.0,0.0
2025-01-16,8.32972897962028,8.430639479143583,8.05451749243385,8.348076820373535,3536600,0.0,0.0
2025-01-17,8.137081256439775,8.16460214347558,7.806827987390434,7.871043682098389,12546200,0.0,0.0
2025-01-20,7.7793069336189795,8.19212465110031,7.760959965549422,8.15542984008789,4884600,0.0,0.0
2025-01-21,8.127907793562434,8.237992222778772,8.045345127805136,8.192124366760254,3421400,0.0,0.0
2025-01-22,8.311381866991994,8.403118444518942,8.082039110864848,8.302207946777344,3865400,0.0,0.0
2025-01-23,8.375598204896427,8.586593136871798,8.210471127786484,8.531551361083984,4560400,0.0,0.0
2025-01-24,8.586592991303553,8.889325377624068,8.458161600060446,8.485682487487793,4654400,0.0,0.0
2025-01-27,8.25634046112499,8.770068696983694,8.109561215129165,8.760894775390625,6568300,0.0,0.0
2025-01-28,8.641635787532863,8.733373247010222,8.448987822529013,8.531551361083984,3135100,0.0,0.0
2025-01-29,8.604940560515448,8.724198902090745,8.50403005989322,8.650809288024902,2360800,0.0,0.0
2025-01-30,8.724198626888557,9.632395728459455,8.724198626888557,9.503963470458984,7240600,0.0,0.0
2025-01-31,9.44892201126942,9.61404820572778,9.219579248252558,9.403053283691406,4646200,0.0,0.0
2025-02-03,9.274620745937435,9.494790456796943,9.201231133941993,9.43974781036377,2207600,0.0,0.0
2025-02-04,9.40305388694031,9.40305388694031,9.017757950363626,9.265448570251465,3631100,0.0,0.0
2025-02-05,9.348011047298831,9.357184968193087,8.870978534149861,9.155363082885742,4617100,0.0,0.0
2025-02-06,9.228754103379032,9.650744865061837,9.118668796093692,9.531486511230469,4293900,0.0,0.0
2025-02-07,9.513138348180899,9.641570619108583,9.393879998363749,9.632396697998047,3317200,0.0,0.0
2025-02-10,9.71495951722338,10.173645040228273,9.71495951722338,9.980997085571289,6564400,0.0,0.0
2025-02-11,9.971824277361673,10.476378583917802,9.953477309329193,10.393815040588379,5255400,0.0,0.0
2025-02-12,10.274555553007685,10.357119087230114,10.109429359436035,10.109429359436035,5420600,0.0,0.0
2025-02-13,10.091081764409651,10.23786099554862,9.825044189251962,10.136950492858887,3749200,0.0,0.0
2025-02-14,10.256209166172722,10.64150509771979,10.091082088403049,10.595636367797852,5211300,0.0,0.0
2025-02-17,10.678199809522821,11.375401173474138,10.650678046896124,11.045147895812988,5722400,0.0,0.0
2025-02-18,11.00845354945655,11.0910170910572,10.769936845915403,10.861674308776855,4337000,0.0,0.0
2025-02-19,10.705720685641264,10.971758266630816,10.485551834106445,10.485551834106445,4608700,0.0,0.0
2025-02-20,10.604810535814376,10.889195093183762,10.48555218518831,10.75158977508545,4387900,0.0,0.0
2025-02-21,10.742415136826567,10.935063094228383,10.595635907353415,10.650677680969238,3336300,0.0,0.0
2025-02-24,10.705720932374318,10.714894853451343,10.292904107514095,10.38464069366455,2870300,0.0,0.0
2025-02-25,10.25620896787982,10.421335167583699,9.797523427275152,9.925954818725586,7554100,0.0,0.0
2025-02-26,10.118603400100168,10.13695124278652,9.62322302092149,9.659917831420898,4138200,0.0,0.0
2025-02-27,9.669091577635264,10.1186032168297,9.641570688977493,10.06356143951416,4420800,0.0,0.0
2025-02-28,9.980997527313058,10.036039302580704,9.421401479434682,9.540658950805664,12333700,0.0,0.0
2025-03-05,9.375533306602652,9.770002302344817,9.256274953279993,9.72413444519043,2140400,0.0,0.0
2025-03-06,9.76082921613031,10.054387700115997,9.604876052794591,9.788350105285645,2731700,0.0,0.0
2025-03-07,9.678265695486152,10.237861775556603,9.568181263744751,10.155298233032227,2664800,0.0,0.0
2025-03-10,9.907608560414642,10.17364615799171,9.825045017222916,9.89843463897705,2563600,0.0,0.0
2025-03-11,9.870913359018509,9.935129056794512,9.540659199317313,9.696612358093262,2950500,0.0,0.0
2025-03-12,9.72413383883072,10.045213193256634,9.586527651328266,9.733306884765625,3273500,0.0,0.0
2025-03-13,9.85256471123088,9.935128244405007,9.678264599431316,9.870912551879883,2416000,0.0,0.0
2025-03-14,10.054387781919207,10.54976816511215,9.907608538732157,10.458030700683594,3397800,0.0,0.0
2025-03-17,10.558941451284719,10.659851956186532,10.384640454331384,10.485551834106445,4085200,0.0,0.0
2025-03-18,11.118537410987871,11.696481297743517,11.035973873612317,11.063495635986328,11258300,0.0,0.0
2025-03-19,10.990105281750406,11.329533356282033,10.650678082092028,10.980932235717773,23019200,0.0,0.0
2025-03-20,10.880020123859106,11.274489947552912,10.7148939330236,11.072668075561523,5901300,0.0,0.0
2025-03-21,11.00845257047429,11.02680041136422,10.733241081237793,10.733241081237793,3364700,0.0,0.0
2025-03-24,10.733241389067915,10.870847575069323,10.439682925395417,10.503898620605469,5503100,0.0,0.0
2025-03-25,10.485551080501601,10.980931398288194,10.467203240089082,10.769935607910156,5278800,0.0,0.0
2025-03-26,10.834152879202398,10.944237304218538,10.531419616816459,10.613983154296875,4223100,0.0,0.0
2025-03-27,10.604809558568153,11.421269220494057,10.558940831804483,11.136884689331055,8946400,0.0,0.0
2025-03-28,11.054321923517708,11.366228237315243,10.898368766618942,11.155232429504395,5071500,0.0,0.0
2025-03-31,11.045147551890876,11.191926781836553,10.513072405901184,10.586462020874023,4165900,0.0,0.0
2025-04-01,10.558941462760206,11.054321816688555,10.54976754188464,11.045147895812988,3772900,0.0,0.0
2025-04-02,11.008452791971644,11.522180973874539,10.779110025472233,11.402922630310059,4947800,0.0,0.0
2025-04-03,11.31118518975333,11.861608180079418,11.17357987960842,11.834086418151855,5562400,0.0,0.0
2025-04-04,11.421270371442088,11.724002773766886,11.219448478267795,11.549702644348145,5183700,0.0,0.0
2025-04-07,11.29283903540999,12.054257006028298,11.146058919194372,11.724002838134766,6137900,0.0,0.0
2025-04-08,11.696481159429592,12.054256192201802,11.311185239482054,11.448790550231934,3076600,0.0,0.0
2025-04-09,11.357053960229676,12.237730223094967,11.302011311043557,11.898303031921387,6414400,0.0,0.0
2025-04-10,11.834086204785326,12.136818581544494,11.678133056167184,11.742349624633789,3915800,0.0,0.0
2025-04-11,11.870781370993356,12.07260325323037,11.604743793219978,11.879955291748047,3179500,0.0,0.0
2025-04-14,12.090951456299447,12.384509930242036,11.953345265483911,12.14599323272705,3852600,0.0,0.0
2025-04-15,12.07260413629301,12.467074008866241,12.07260413629301,12.393684387207031,3175300,0.0,0.0
2025-04-16,12.301945866243882,12.558809519992474,12.20103536384667,12.283598899841309,2932100,0.0,0.0
2025-04-17,12.788152617036204,13.852303816943884,12.67806819115746,13.622961044311523,16382000,0.0,0.0
2025-04-22,13.558744713145632,13.714697871286964,13.29270712717629,13.522049903869629,5279100,0.0,0.0
2025-04-23,13.788086954823209,13.788086954823209,12.668894877896205,12.778979301452637,9656900,0.0,0.0
2025-04-24,12.733111371461664,13.549571990966797,12.733111371461664,13.549571990966797,4909500,0.0,0.0
2025-04-25,13.595439777433425,13.595439777433425,12.806500925764468,12.989974975585938,4671300,0.0,0.0
2025-04-28,13.054189572882176,13.393617630004883,13.03584260688466,13.393617630004883,5200100,0.0,0.0
2025-04-29,13.527901619903227,13.71883865089623,13.241495618183933,13.652010917663574,4742200,0.570657,0.0
2025-04-30,13.604276278315668,14.043431899858627,13.394245091370887,13.642463684082031,5422100,0.0,0.0
2025-05-02,13.527901080805004,14.31074333190918,13.527901080805004,14.31074333190918,4674900,0.0,0.0
2025-05-05,14.768992979907505,15.055398967913677,14.530321474978953,14.616243362426758,6776700,0.0,0.0
2025-05-06,14.768993828206147,15.189055300405615,14.434853337930061,14.673524856567383,4570300,0.0,0.0
2025-05-07,14.702164407724803,14.826273700119435,14.205728148605811,14.558961868286133,4191700,0.0,0.0
2025-05-08,14.854915699439713,15.13177462424645,14.511228130397152,14.988571166992188,4560100,0.0,0.0
2025-05-09,15.045852380313972,15.609117296004264,14.931290163464016,15.408632278442383,4214200,0.0,0.0
2025-05-12,15.561381614160782,15.580475771847045,14.883555404570345,15.198601722717285,2496300,0.0,0.0
2025-05-13,14.893103040546167,14.950383694828655,13.08874604237528,13.909775733947754,15618700,0.0,0.0
2025-05-14,13.90977549567188,14.692618677952234,13.890682248057981,14.27255630493164,7617300,0.0,0.0
2025-05-15,14.396665098326872,15.246335983276367,14.377571851379674,15.246335983276367,4398800,0.0,0.0
2025-05-16,15.074492418927322,15.160414307538222,14.4634930302739,14.692618370056152,4831700,0.0,0.0
2025-05-19,14.549414695963815,15.227241805169376,14.377571831834478,15.055398941040039,5399800,0.0,0.0
2025-05-20,14.921743434793242,15.026758575089799,13.890682548475747,14.291650772094727,6808600,0.0,0.0
2025-05-21,14.215275100504774,14.263008672918676,13.804759822436575,14.110259056091309,4039600,0.0,0.0
2025-05-22,14.186634691230351,14.76899377739605,14.119806957588878,14.415760040283203,3858900,0.0,0.0
2025-05-23,14.13890077360915,14.883555636232492,13.862041856065884,14.835821151733398,3771300,0.0,0.0
2025-05-26,14.893102365897024,14.998117500964181,14.37757194840995,14.434852600097656,2026900,0.0,0.0
2025-05-27,14.883555803802059,15.217695378138563,14.845368397864755,15.03630542755127,2938600,0.0,0.0
2025-05-28,14.988570617480809,15.103132832808383,14.616243645281079,14.826273918151855,3943500,0.0,0.0
2025-05-29,14.711711996656671,14.883555778309994,14.368025343809602,14.654431343078613,4131800,0.0,0.0
2025-05-30,14.711711585362643,15.131773948669434,14.539867808513543,15.131773948669434,2871500,0.0,0.0
2025-06-02,15.227241980606243,15.418179004316192,15.036304956896295,15.322710037231445,2038200,0.0,0.0
2025-06-03,15.3322565079636,16.172381199887617,15.189053973475353,16.096006393432617,4747500,0.0,0.0
2025-06-04,16.220115897837534,16.85020855009158,16.19147466058266,16.802474975585938,4817900,0.0,0.0
2025-06-05,16.80247400002825,16.99341010788415,16.640177306845263,16.678363800048828,5631200,0.0,0.0
2025-06-06,16.70700498659381,16.936129407899667,16.067365294270314,16.296489715576172,8758600,0.0,0.0
2025-06-09,16.42060013693504,16.659271639966544,16.16283447664044,16.49697494506836,6537600,0.0,0.0
2025-06-10,16.792928226830167,16.964772011901406,16.315585188707466,16.50652313232422,2548300,0.0,0.0
2025-06-11,16.458786853237555,16.6974583594984,16.191474110694536,16.516067504882812,3567600,0.0,0.0
2025-06-12,16.420601366880195,16.439693704654296,15.828695193822393,16.010086059570312,3492600,0.0,0.0
2025-06-13,15.695039146646614,15.866882926717645,15.274976775463998,15.780961036682129,3086200,0.0,0.0
2025-06-16,16.04827263465107,16.229663501287547,15.790508774705689,16.143741607666016,1609200,0.0,0.0
2025-06-17,16.21056897273228,16.449240489365863,15.866883227004953,16.372865676879883,2040600,0.0,0.0
2025-06-18,16.31558485767012,16.411053827541465,16.05781918529323,16.105554580688477,1857300,0.0,0.0
2025-06-20,15.990991468363154,15.990991468363154,15.63775682576802,15.790508270263672,2161800,0.0,0.0
2025-06-23,15.780960935172118,15.780960935172118,15.351351487757976,15.523195266723633,2554900,0.0,0.0
2025-06-24,15.551836587819322,15.905069405679683,15.379992807922227,15.656850814819336,2335500,0.0,0.0
2025-06-25,15.532742387933402,15.666397851528636,15.34180445058096,15.590023040771484,3096500,0.0,0.0
2025-06-26,15.675944835005868,15.828694455589773,15.561381709108383,15.771413803100586,1359200,0.0,0.0
2025-06-27,15.761866576205346,15.80005307053322,15.370445449519396,15.446820259094238,2228400,0.0,0.0
2025-06-30,15.437273805360785,15.800053710301011,15.322710675900144,15.742773056030273,2838700,0.0,0.0
2025-07-01,15.742772915870848,15.971897351833046,15.542289717248606,15.857336044311523,2177300,0.0,0.0
2025-07-02,15.895522584502022,16.029179871544827,15.351351819948128,15.485007286071777,2036500,0.0,0.0
2025-07-03,15.532742597633641,15.990991468363154,15.475460123103092,15.790508270263672,2760300,0.0,0.0
2025-07-04,15.695039088407238,15.742772662285788,15.427726340297646,15.590023040771484,2070400,0.0,0.0
2025-07-07,15.570928851433504,15.580475930373774,14.912195882367365,15.208148956298828,3569000,0.0,0.0
2025-07-08,15.284524167410764,15.45636795100031,14.616244101893042,14.854915618896484,3510200,0.0,0.0
2025-07-09,14.749899073846729,14.902648693930493,14.339384697486498,14.4443998336792,2697700,0.0,0.0
2025-07-10,14.224821443771493,14.339384568261439,13.900228959248464,14.31074333190918,2775700,0.0,0.0
2025-07-11,14.243915812825847,14.243915812825847,13.155573397688585,13.251042366027832,4905400,0.0,0.0
2025-07-14,13.241495820793494,13.308323555048688,12.6877779672115,13.222402572631836,5820200,0.0,0.0
2025-07-15,13.251042506784287,13.57563591003418,13.09829288418659,13.57563591003418,2734700,0.0,0.0
2025-07-16,13.546994450091299,13.671103744025103,12.955089217032846,13.623370170593262,4784400,0.0,0.0
2025-07-17,13.566089066462576,13.728385770904374,13.346510797322667,13.718838691711426,2807800,0.0,0.0
2025-07-18,13.556541840777482,13.6329166525766,12.582762535108941,12.697324752807617,8427900,0.0,0.0
2025-07-21,12.773699008055482,12.773699008055482,12.324996325441,12.535027503967285,5779300,0.0,0.0
2025-07-22,12.620949799597025,12.6973246105404,12.305903476840706,12.37273120880127,4888900,0.0,0.0
2025-07-23,12.401371311738924,12.55412093087216,12.267715850227114,12.420465469360352,3218100,0.0,0.0
2025-07-24,12.286808944165877,12.410918235778809,12.02904419270789,12.410918235778809,3312600,0.0,0.0
2025-07-25,12.372731602044453,12.401371929443606,11.790373422477197,11.828560829162598,4668500,0.0,0.0
2025-07-28,11.838106263378442,12.143606408363501,11.675809567421874,12.095871925354004,5291200,0.0,0.0
2025-07-29,11.990856747130493,12.391824035745135,11.847653298627128,12.029044151306152,6027000,0.0,0.0
2025-07-30,12.009950710912738,12.649590451882428,11.895388491547067,12.582762718200684,3874200,0.0,0.0
2025-07-31,12.430012461129527,12.620949483709031,11.962215617735316,12.353636741638184,5238900,0.0,0.0
2025-08-01,12.601855414466185,12.764152112410136,12.267715850227114,12.420465469360352,5650200,0.0,0.0
2025-08-04,12.487293206978494,12.620949579023298,11.914481224454525,12.105419158935547,4185400,0.0,0.0
2025-08-05,12.076777891810087,12.601855389379992,12.009950161187215,12.544574737548828,4721900,0.0,0.0
2025-08-06,12.544575281727917,12.945543503778097,12.525481123316203,12.70687198638916,4026500,0.0,0.0
2025-08-07,12.792792382618323,13.041010967857611,12.573215033686331,12.98373031616211,6214700,0.0,0.0
2025-08-08,12.916901897735928,13.155573408317313,12.611402655538813,12.935996055603027,4714200,0.0,0.0
2025-08-11,12.840527565678688,12.926449458363328,12.668684690769002,12.716418266296387,1534200,0.0,0.0
2025-08-12,12.773699005933317,13.03146375686679,12.754604848588858,12.85007381439209,2032200,0.0,0.0
2025-08-13,12.773699031925949,12.850073840540132,12.353636674088403,12.410918235778809,2235100,0.0,0.0
2025-08-14,12.334543998205607,12.53502810771435,12.153153136504583,12.449106216430664,2487500,0.0,0.0
2025-08-15,12.029044898727562,12.468200529264209,11.713998567088185,12.458653450012207,5619900,0.0,0.0
2025-08-18,12.372731415891018,12.983730824124251,12.372731415891018,12.640043258666992,2458900,0.0,0.0
2025-08-19,12.43001232581923,12.544574538119836,12.286808877598828,12.468199729919434,4792100,0.0,0.0
2025-08-20,12.468199752900246,12.515933325268831,12.315449225758368,12.344090461730957,2431700,0.0,0.0
2025-08-21,12.210434237052093,12.44910574357028,11.599434852600098,11.599434852600098,4742800,0.0,0.0
2025-08-22,11.72354447128916,12.449106089793395,11.675809986566065,12.315449714660645,4708100,0.0,0.0
2025-08-25,12.324997071862935,12.659137562006318,12.229529010721675,12.458653450012207,1863800,0.0,0.0
2025-08-26,12.468199686627484,12.5445744945627,12.095871815098665,12.153152465820312,2006100,0.0,0.0
2025-08-27,12.229528249219197,12.382277865901543,12.04813739656426,12.344090461730957,2612000,0.0,0.0
2025-08-28,12.506387555951772,12.745059067245053,12.372731181862092,12.496840476989746,3094600,0.0,0.0
2025-08-29,12.410918476145886,12.697324469225778,12.324996587175962,12.554121017456055,3155800,0.0,0.0
2025-09-01,12.582762718200684,12.678230779108949,12.410918933922382,12.582762718200684,1446400,0.0,0.0
2025-09-02,12.363184129818457,12.458653098727458,12.067231965027764,12.37273120880127,3447000,0.0,0.0
2025-09-03,12.363184518093446,12.535028303342706,12.277262625468815,12.525481224060059,4855000,0.0,0.0
2025-09-04,12.55412112230391,13.422886187675784,12.535027874850885,13.317870140075684,4225000,0.0,0.0
2025-09-05,13.470619861653587,13.671103968927959,13.413339208409234,13.57563591003418,4403800,0.0,0.0
2025-09-08,13.623370046143346,13.728385181377455,12.99327650336006,13.174667358398438,5219600,0.0,0.0
2025-09-09,13.251042775781398,13.336964667851715,13.088746070861816,13.088746070861816,3736300,0.0,0.0
2025-09-10,13.117385796160121,13.461073348670922,13.088745470270737,13.174667358398438,3703600,0.0,0.0
2025-09-11,13.308323471077507,13.317870550327894,13.117386438367708,13.155573844909668,4101500,0.0,0.0
2025-09-12,13.060105550780685,13.165120689282615,12.506387710571289,12.506387710571289,5378300,0.0,0.0
2025-09-15,12.630496331128475,13.394245372972415,12.525481190678024,13.346510887145996,5223200,0.0,0.0
2025-09-16,13.3942452613856,13.556541965567586,13.251042715558944,13.33696460723877,2807700,0.0,0.0
2025-09-17,13.403792115372825,13.64246362804717,13.193760929290722,13.384698867797852,2422900,0.0,0.0
2025-09-18,13.384699081487225,13.48971422097508,13.098293079613569,13.146027565002441,2954100,0.0,0.0
2025-09-19,13.174667158957588,13.231947809869233,12.888261173020776,13.098292350769043,2481900,0.0,0.0
2025-09-22,12.945542824554774,13.136479846355973,12.783246128408871,12.916901588439941,2101500,0.0,0.0
2025-09-23,12.916901544178632,12.964636027080248,12.601855231671314,12.85007381439209,2299800,0.0,0.0
2025-09-24,12.916901743202153,13.01237071047637,12.706871471934152,12.926448822021484,2097600,0.0,0.0
2025-09-25,12.878714749927836,12.878714749927836,12.258169174194336,12.258169174194336,3326100,0.0,0.0
2025-09-26,12.086325019207356,12.363183932063496,12.076777940377253,12.296356201171875,2042300,0.0,0.0
2025-09-29,12.410918964211781,12.630496324250311,12.334544151114939,12.458653450012207,2407300,0.0,0.0
2025-09-30,12.573215700960475,12.573215700960475,11.828560816182517,12.33454418182373,6384500,0.0,0.0
2025-10-01,12.410918283583822,12.515933418217942,11.981309755859366,12.162699699401855,3649000,0.0,0.0
2025-10-02,12.086325008300468,12.114965334305383,11.503966857082956,11.790372848510742,5183800,0.0,0.0
2025-10-03,11.694904459105324,12.17224749825248,11.637622893805444,12.019497871398926,4429800,0.0,0.0
2025-10-06,12.019497184178146,12.372730903695576,11.943122375118136,12.038590431213379,3040100,0.0,0.0
2025-10-07,11.94312298574711,12.000403640240997,11.332123571568264,11.446685791015625,8813400,0.0,0.0
2025-10-08,11.523060406700907,11.618529376502366,11.332123377557561,11.37031078338623,2987900,0.0,0.0
2025-10-09,11.475326226711116,11.542153955769919,11.055263874302714,11.141185760498047,3647200,0.0,0.0
2025-10-10,11.141185939168947,11.188920422316263,10.730670658745389,11.026623725891113,4671000,0.0,0.0
2025-10-13,11.169826534373534,11.28438875041547,11.007529834032571,11.045717239379883,3381800,0.0,0.0
2025-10-14,10.931155288670517,11.07435874504359,10.845233396938589,10.997983932495117,2648200,0.0,0.0
2025-10-15,10.845232762945374,11.570794350200398,10.845232762945374,11.398950576782227,4630700,0.0,0.0
2025-10-16,11.293935775756836,11.532607285659491,11.16982648135231,11.293935775756836,2534600,0.0,0.0
2025-10-17,11.179373685927542,11.503967088717479,11.12209212230479,11.427592277526855,2893200,0.0,0.0
2025-10-20,11.50396694047115,12.009950285703553,11.484872782689768,11.924028396606445,5897500,0.0,0.0
2025-10-21,11.828560492407778,11.95266978821688,11.742638602196894,11.933575630187988,2087800,0.0,0.0
2025-10-22,11.971762786890741,12.46819995980612,11.96221570807478,12.105419158935547,4803000,0.0,0.0
2025-10-23,12.258168924047537,12.678230381894284,12.22952859771833,12.430012702941895,4441300,0.0,0.0
2025-10-24,12.55412152057603,12.783246870498123,12.449106380103949,12.649590492248535,2881200,0.0,0.0
2025-10-27,12.850074668225941,12.869167916379535,12.401371955871582,12.401371955871582,2328500,0.0,0.0
2025-10-28,12.344090896930258,12.592308577560388,11.943122683772925,12.563668251037598,4044600,0.0,0.0
2025-10-29,12.697324223311766,12.783246110617606,12.382277910163374,12.410918235778809,2724900,0.0,0.0
2025-10-30,12.382278524007571,12.58276263417357,12.15315317634673,12.515933990478516,2524100,0.0,0.0
2025-10-31,12.640042961929785,13.594729002748522,12.601855556715417,13.566088676452637,9789500,0.0,0.0
2025-11-03,13.537448044133196,13.814306953293656,13.079198281460291,13.231947898864746,3650600,0.0,0.0
2025-11-04,13.107838693118923,13.327416952423297,13.041010962680852,13.298776626586914,1428100,0.0,0.0
2025-11-05,13.298776631865996,13.298776631865996,12.382278010602088,12.98373031616211,11850300,0.0,0.0
2025-11-06,12.888261266018569,12.955088996050872,12.43955858182851,12.601855278015137,4819600,0.0,0.0
2025-11-07,12.573215749941577,12.773699863215846,12.563668670628612,12.59230899810791,2059300,0.0,0.0
2025-11-10,12.82143383977911,12.935996055603027,12.611402655538813,12.935996055603027,2372200,0.0,0.0
2025-11-11,13.107838982024742,13.575635836780435,13.041011250113742,13.193760871887207,5374300,0.0,0.0
2025-11-12,13.193760786751058,13.336964239084297,12.850074139978487,13.060105323791504,3548100,0.0,0.0
2025-11-13,13.146027082568365,13.146027082568365,12.601855425840604,12.926448822021484,3199600,0.0,0.0
2025-11-14,12.764151909302448,12.764151909302448,11.83810621996833,12.029044151306152,8671100,0.0,0.0
2025-11-17,11.981309985902737,12.114965448828821,11.685356912855802,11.799919128417969,3132000,0.0,0.0
2025-11-18,11.733091754699645,12.143607055825454,11.570795050089886,12.076778411865234,2883100,0.0,0.0
2025-11-19,12.067231839427047,12.23907470703125,11.904935140246732,12.23907470703125,2424500,0.0,0.0
2025-11-21,12.1340599356564,12.200887668931415,11.924028746201174,12.009950637817383,1973800,0.0,0.0
2025-11-24,12.00995025977416,12.305903331529732,12.00995025977416,12.048137664794922,1855900,0.0,0.0
2025-11-25,12.114965345238115,12.382278089723702,11.933575399763905,12.296356201171875,2278500,0.0,0.0
2025-11-26,12.315449700908232,12.659137262163064,12.258169047672139,12.63049602508545,1629100,0.0,0.0
2025-11-27,12.611402931698747,12.811887041395622,12.506387792508795,12.640043258666992,1224100,0.0,0.0
2025-11-28,12.601855467769884,13.098292642512297,12.554120983973952,12.993276596069336,1754600,0.0,0.0
2025-12-01,12.993276905076131,13.193761013419328,12.754605390879922,13.012371063232422,5142900,0.0,0.0
2025-12-02,13.079198640449393,13.375151715138301,12.811886802654598,13.002823829650879,3767600,0.0,0.0
2025-12-03,13.079198712462185,13.432432441965068,13.0219180592777,13.384698867797852,2772200,0.0,0.0
2025-12-04,13.461073886670572,14.033884979649578,13.461073886670572,13.652010917663574,3037400,0.0,0.0
2025-12-05,13.623370141622397,13.680650793802617,12.105419201953291,12.172246932983398,6488000,0.0,0.0
2025-12-08,12.468200392483602,12.64004326483653,11.885841310934369,12.13405990600586,2872900,0.0,0.0
2025-12-09,12.009950105430761,12.28680901588818,11.666263464660718,12.038590431213379,2465800,0.0,0.0
2025-12-10,12.134059579903871,12.134059579903871,11.876293912612546,11.924028396606445,3176000,0.0,0.0
2025-12-11,11.904934950907132,12.076777815778296,11.790372737506509,11.84765338897705,1696900,0.0,0.0
2025-12-12,11.895388378539089,12.200887627278592,11.857200972446652,11.943122863769531,2312700,0.0,0.0
2025-12-15,12.076778271958887,12.267716211965167,12.038590866049546,12.191341400146484,1906900,0.0,0.0
2025-12-16,12.095872716597238,12.344091316116044,11.771279303451047,11.89538860321045,3260100,0.0,0.0
2025-12-17,11.752185821533203,11.819013554513122,11.50396722695125,11.752185821533203,2873100,0.0,0.0
2025-12-18,11.742638560768892,12.000403320032584,11.647169591880376,11.866747856140137,2270000,0.0,0.0
2025-12-19,11.838106533605359,12.019497391090125,11.76173172323058,11.799919128417969,1393600,0.0,0.0
2025-12-22,12.114965414240334,12.114965414240334,11.418045043945312,11.418045043945312,4494900,0.0,0.0
2025-12-23,11.456232242664028,12.17224675783053,11.456232242664028,11.971762657165527,2688900,0.0,0.0
2025-12-26,11.933575561033445,12.086325182541144,11.80946626594355,11.990857124328613,1636200,0.0,0.0
2025-12-29,12.170000076293945,12.210000038146973,11.859999656677246,12.0600004196167,2352800,0.569143,0.0
2025-12-30,12.140000343322754,12.319999694824219,12.029999732971191,12.170000076293945,2111300,0.0,0.0
2026-01-02,12.25,12.279999732971191,11.949999809265137,12.1899995803833,1773400,0.0,0.0
2026-01-05,12.210000038146973,12.699999809265137,12.039999961853027,12.5,2144300,0.0,0.0
2026-01-06,12.619999885559082,13.1899995803833,12.609999656677246,12.899999618530273,2647100,0.0,0.0
2026-01-07,12.34000015258789,12.649999618530273,12.039999961853027,12.600000381469727,6327900,0.0,0.0
2026-01-08,12.649999618530273,13.029999732971191,12.600000381469727,12.84000015258789,2673500,0.0,0.0
2026-01-09,12.84000015258789,13.220000267028809,12.649999618530273,12.75,2303400,0.0,0.0
2026-01-12,12.75,13.079999923706055,12.75,13.039999961853027,2446700,0.0,0.0
2026-01-13,12.979999542236328,12.989999771118164,12.319999694824219,12.420000076293945,2737800,0.0,0.0
2026-01-14,12.579999923706055,12.729999542236328,12.319999694824219,12.390000343322754,2995300,0.0,0.0
2026-01-15,12.510000228881836,12.680000305175781,12.369999885559082,12.380000114440918,2167400,0.0,0.0
2026-01-16,12.460000038146973,12.520000457763672,12.0600004196167,12.109999656677246,2838900,0.0,0.0
2026-01-19,12.050000190734863,12.289999961853027,11.760000228881836,11.880000114440918,4085300,0.0,0.0
2026-01-20,11.84000015258789,12.079999923706055,11.630000114440918,12.010000228881836,3069900,0.0,0.0
2026-01-21,12.170000076293945,13.079999923706055,12.170000076293945,13.079999923706055,6282500,0.0,0.0
2026-01-22,13.220000267028809,13.899999618530273,13.220000267028809,13.220000267028809,8103500,0.0,0.0
2026-01-23,13.300000190734863,13.649999618530273,13.140000343322754,13.579999923706055,4578300,0.0,0.0
2026-01-26,13.479999542236328,13.970000267028809,13.300000190734863,13.800000190734863,4260700,0.0,0.0
2026-01-27,14.319999694824219,15.289999961853027,14.270000457763672,14.760000228881836,9299900,0.0,0.0
2026-01-28,14.819999694824219,15.039999961853027,14.539999961853027,14.680000305175781,5920200,0.0,0.0
2026-01-29,14.90999984741211,14.930000305175781,14.199999809265137,14.319999694824219,5099900,0.0,0.0
2026-01-30,14.279999732971191,14.670000076293945,14.199999809265137,14.670000076293945,3435800,0.0,0.0
2026-02-02,14.680000305175781,14.920000076293945,14.489999771118164,14.489999771118164,2707400,0.0,0.0
2026-02-03,14.739999771118164,14.859999656677246,13.899999618530273,14.0,7703400,0.0,0.0
2026-02-04,13.880000114440918,14.069999694824219,13.199999809265137,13.369999885559082,4871100,0.0,0.0
2026-02-05,13.380000114440918,13.819999694824219,13.380000114440918,13.529999732971191,1967000,0.0,0.0
2026-02-06,13.4399995803833,13.619999885559082,13.25,13.5,1877500,0.0,0.0
2026-02-09,13.619999885559082,13.720000267028809,13.270000457763672,13.710000038146973,1820700,0.0,0.0
2026-02-10,13.699999809265137,13.760000228881836,13.300000190734863,13.449999809265137,2985100,0.0,0.0
2026-02-11,13.5600004196167,13.649999618530273,13.390000343322754,13.399999618530273,3271600,0.0,0.0
2026-02-12,13.319999694824219,13.470000267028809,12.729999542236328,12.920000076293945,2115400,0.0,0.0
2026-02-13,12.65999984741211,12.960000038146973,12.420000076293945,12.880000114440918,3086500,0.0,0.0
2026-02-18,12.75,13.079999923706055,12.670000076293945,12.979999542236328,2802800,0.0,0.0
2026-02-19,13.069999694824219,13.59000015258789,13.050000190734863,13.319999694824219,2958300,0.0,0.0
2026-02-20,13.25,13.609999656677246,13.020000457763672,13.460000038146973,2560500,0.0,0.0
2026-02-23,13.369999885559082,13.369999885559082,13.050000190734863,13.149999618530273,2174500,0.0,0.0
2026-02-24,13.300000190734863,14.0600004196167,13.199999809265137,13.960000038146973,3494900,0.0,0.0
2026-02-25,14.069999694824219,14.279999732971191,13.829999923706055,13.899999618530273,3190900,0.0,0.0
2026-02-26,13.9399995803833,14.010000228881836,13.510000228881836,13.5600004196167,2520000,0.0,0.0
2026-02-27,13.359999656677246,13.529999732971191,13.210000038146973,13.270000457763672,2312500,0.0,0.0
2026-03-02,13.09000015258789,13.239999771118164,12.859999656677246,13.010000228881836,2950700,0.0,0.0
2026-03-03,12.4399995803833,12.529999732971191,12.069999694824219,12.100000381469727,3765100,0.0,0.0
2026-03-04,12.399999618530273,12.65999984741211,12.239999771118164,12.300000190734863,1986400,0.0,0.0
2026-03-05,12.199999809265137,12.399999618530273,11.859999656677246,12.09000015258789,4946700,0.0,0.0
2026-03-06,12.010000228881836,12.329999923706055,11.800000190734863,11.869999885559082,3144000,0.0,0.0
2026-03-09,11.829999923706055,12.079999923706055,11.5600004196167,11.930000305175781,2575500,0.0,0.0
2026-03-10,12.09000015258789,12.510000228881836,11.90999984741211,12.239999771118164,2727400,0.0,0.0
2026-03-11,12.100000381469727,12.4399995803833,11.960000038146973,12.069999694824219,12001600,0.0,0.0
2026-03-12,11.369999885559082,11.399999618530273,10.270000457763672,10.279999732971191,13636800,0.0,0.0
2026-03-13,10.380000114440918,10.770000457763672,10.020000457763672,10.170000076293945,7353200,0.0,0.0
2026-03-16,10.470000267028809,10.779999732971191,10.289999961853027,10.399999618530273,3913800,0.0,0.0
2026-03-17,10.40999984741211,10.739999771118164,10.300000190734863,10.380000114440918,3804900,0.0,0.0
2026-03-18,10.279999732971191,10.329999923706055,9.859999656677246,9.899999618530273,6341700,0.0,0.0
2026-03-19,9.640000343322754,10.140000343322754,9.470000267028809,10.130000114440918,7839100,0.0,0.0
2026-03-20,10.079999923706055,10.380000114440918,9.90999984741211,10.270000457763672,7748900,0.0,0.0
2026-03-23,10.579999923706055,11.029999732971191,10.5,11.0,4504300,0.0,0.0
2026-03-24,10.949999809265137,11.180000305175781,10.630000114440918,11.109999656677246,3461600,0.0,0.0
2026-03-25,11.430000305175781,11.579999923706055,11.279999732971191,11.420000076293945,4990700,0.0,0.0
2026-03-26,11.270000457763672,11.579999923706055,11.15999984741211,11.15999984741211,4483500,0.0,0.0
2026-03-27,11.069999694824219,11.40999984741211,10.920000076293945,11.170000076293945,5577500,0.0,0.0
2026-03-30,11.5,11.600000381469727,11.229999542236328,11.59000015258789,4239900,0.0,0.0
2026-03-31,11.869999885559082,12.300000190734863,11.710000038146973,12.109999656677246,3511300,0.0,0.0
2026-04-01,12.199999809265137,12.550000190734863,12.029999732971191,12.029999732971191,3751000,0.0,0.0
2026-04-02,11.670000076293945,12.020000457763672,11.550000190734863,11.720000267028809,3965400,0.0,0.0
2026-04-06,11.84000015258789,11.890000343322754,11.5600004196167,11.770000457763672,1952600,0.0,0.0
2026-04-07,11.710000038146973,12.149999618530273,11.489999771118164,11.850000381469727,6981100,0.0,0.0
2026-04-08,12.600000381469727,12.670000076293945,11.84000015258789,11.890000343322754,4151700,0.0,0.0
2026-04-09,11.979999542236328,12.039999961853027,11.739999771118164,11.850000381469727,3736700,0.0,0.0
2026-04-10,12.0,12.119999885559082,11.40999984741211,11.510000228881836,5543700,0.0,0.0
2026-04-13,11.420000076293945,11.979999542236328,11.380000114440918,11.75,3477200,0.0,0.0
2026-04-14,11.829999923706055,12.100000381469727,11.760000228881836,11.899999618530273,3072200,0.0,0.0
2026-04-15,11.899999618530273,12.0,11.670000076293945,11.829999923706055,2486900,0.0,0.0
2026-04-16,11.960000038146973,12.119999885559082,11.6899995803833,11.6899995803833,2846300,0.0,0.0
2026-04-17,12.010000228881836,12.239999771118164,11.65999984741211,11.710000038146973,4075600,0.0,0.0
2026-04-20,11.699999809265137,11.8100004196167,11.539999961853027,11.789999961853027,2235200,0.0,0.0
2026-04-22,11.770000457763672,11.779999732971191,11.069999694824219,11.149999618530273,4532800,0.0,0.0
2026-04-23,11.149999618530273,11.1899995803833,10.699999809265137,10.75,5491600,0.0,0.0
2026-04-24,10.770000457763672,10.779999732971191,10.390000343322754,10.5,3403400,0.0,0.0
2026-04-27,10.539999961853027,10.640000343322754,10.109999656677246,10.140000343322754,4680500,0.0,0.0
2026-04-28,10.039999961853027,10.079999923706055,9.8100004196167,9.920000076293945,5541500,0.0,0.0
2026-04-29,9.890000343322754,9.890000343322754,9.600000381469727,9.65999984741211,4811100,0.0,0.0
2026-04-30,9.850000381469727,9.90999984741211,9.65999984741211,9.859999656677246,3679300,0.0,0.0
2026-05-04,9.859999656677246,10.039999961853027,9.760000228881836,9.90999984741211,4273800,0.0,0.0
2026-05-05,9.90999984741211,10.239999771118164,9.890000343322754,10.0600004196167,7179300,0.0,0.0
2026-05-06,10.260000228881836,10.529999732971191,10.199999809265137,10.210000038146973,2935100,0.0,0.0
2026-05-07,10.210000038146973,10.529999732971191,10.0,10.15999984741211,4641900,0.0,0.0
2026-05-08,10.15999984741211,11.119999885559082,10.15999984741211,10.960000038146973,8637500,0.0,0.0
2026-05-11,10.850000381469727,11.140000343322754,10.510000228881836,10.680000305175781,5607900,0.0,0.0
2026-05-12,10.569999694824219,10.760000228881836,10.220000267028809,10.25,5503700,0.0,0.0
2026-05-13,10.199999809265137,10.260000228881836,9.770000457763672,9.869999885559082,6728200,0.0,0.0
2026-05-14,10.09000015258789,10.170000076293945,9.739999771118164,9.739999771118164,4683400,0.0,0.0
2026-05-15,9.489999771118164,9.819999694824219,9.350000381469727,9.5600004196167,4396600,0.0,0.0
2026-05-18,9.539999961853027,9.729999542236328,9.260000228881836,9.5600004196167,4705700,0.0,0.0
2026-05-19,9.359999656677246,9.739999771118164,9.25,9.319999694824219,4711600,0.0,0.0
2026-05-20,9.4399995803833,9.949999809265137,9.420000076293945,9.779999732971191,5487700,0.0,0.0
2026-05-21,9.65999984741211,9.890000343322754,9.460000038146973,9.729999542236328,3135000,0.0,0.0
2026-05-22,9.600000381469727,9.720000267028809,9.40999984741211,9.569999694824219,3355300,0.0,0.0
2026-05-25,9.739999771118164,9.859999656677246,9.619999885559082,9.699999809265137,3174600,0.0,0.0
2026-05-26,9.649999618530273,9.729999542236328,9.479999542236328,9.600000381469727,2452300,0.0,0.0
2026-05-27,9.779999732971191,9.899999618530273,9.569999694824219,9.619999885559082,2018600,0.0,0.0
2026-05-28,9.630000114440918,9.869999885559082,9.550000190734863,9.579999923706055,2166800,0.0,0.0
2026-05-29,9.5600004196167,9.65999984741211,9.369999885559082,9.539999961853027,3100400,0.0,0.0
2026-06-01,9.59000015258789,9.640000343322754,9.289999961853027,9.460000038146973,3759300,0.0,0.0
2026-06-02,9.5,9.5600004196167,9.369999885559082,9.390000343322754,2258100,0.0,0.0
2026-06-03,9.199999809265137,9.239999771118164,8.75,8.859999656677246,5526900,0.0,0.0
2026-06-05,8.890000343322754,9.020000457763672,8.770000457763672,8.890000343322754,2194900,0.0,0.0
2026-06-08,8.779999732971191,8.960000038146973,8.75,8.800000190734863,2083000,0.0,0.0
2026-06-09,8.869999885559082,9.010000228881836,8.65999984741211,8.859999656677246,3912400,0.0,0.0
2026-06-10,8.8100004196167,8.829999923706055,8.5,8.829999923706055,4048700,0.0,0.0
2026-06-11,8.800000190734863,8.930000305175781,8.470000267028809,8.800000190734863,5306400,0.0,0.0
2026-06-12,8.699999809265137,8.930000305175781,8.630000114440918,8.729999542236328,3660700,0.0,0.0
2026-06-15,9.100000381469727,9.229999542236328,8.789999961853027,8.899999618530273,6810100,0.0,0.0
2026-06-16,8.850000381469727,8.869999885559082,8.680000305175781,8.739999771118164,2923100,0.0,0.0
2026-06-17,8.859999656677246,8.920000076293945,8.359999656677246,8.359999656677246,4397000,0.0,0.0
2026-06-18,8.359999656677246,8.470000267028809,7.940000057220459,7.940000057220459,5743800,0.0,0.0
2026-06-19,7.940000057220459,8.09000015258789,7.849999904632568,8.029999732971191,3415200,0.0,0.0
2026-06-22,8.5,8.609999656677246,8.15999984741211,8.449999809265137,5074300,0.0,0.0
2026-06-23,8.270000457763672,8.6899995803833,8.239999771118164,8.529999732971191,3467300,0.0,0.0
2026-06-24,8.4399995803833,8.829999923706055,8.399999618530273,8.779999732971191,6941300,0.0,0.0
2026-06-25,8.84000015258789,9.149999618530273,8.710000038146973,8.75,2993500,0.0,0.0
2026-06-26,8.800000190734863,9.0,8.649999618530273,8.899999618530273,2718900,0.0,0.0
2026-06-29,8.850000381469727,8.970000267028809,8.800000190734863,8.859999656677246,1526800,0.0,0.0
2026-06-30,8.779999732971191,8.960000038146973,8.569999694824219,8.880000114440918,2546000,0.0,0.0
2026-07-01,8.710000038146973,9.109999656677246,8.640000343322754,8.899999618530273,2225000,0.0,0.0
2026-07-02,9.100000381469727,9.149999618530273,8.869999885559082,8.920000076293945,2272400,0.0,0.0
2026-07-03,9.069999694824219,9.1899995803833,8.850000381469727,9.069999694824219,1573600,0.0,0.0
2026-07-06,8.960000038146973,9.029999732971191,8.6899995803833,8.6899995803833,1327800,0.0,0.0
2026-07-07,8.75,8.760000228881836,8.239999771118164,8.359999656677246,4261000,0.0,0.0
2026-07-08,8.25,8.359999656677246,8.130000114440918,8.270000457763672,2421500,0.0,0.0
2026-07-09,8.3100004196167,8.680000305175781,8.3100004196167,8.680000305175781,1950600,0.0,0.0
2026-07-10,9.0,9.119999885559082,8.869999885559082,8.949999809265137,2392000,0.0,0.0
2026-07-13,8.84000015258789,9.079999923706055,8.819999694824219,8.880000114440918,1874500,0.0,0.0
2026-07-14,8.930000305175781,9.020000457763672,8.779999732971191,8.960000038146973,2270100,0.0,0.0
2026-07-15,8.920000076293945,8.949999809265137,8.6899995803833,8.760000228881836,3189400,0.0,0.0
2026-07-16,8.720000267028809,8.84000015258789,8.510000228881836,8.84000015258789,2492900,0.0,0.0
2026-07-17,8.829999923706055,8.869999885559082,8.529999732971191,8.609999656677246,2750400,0.0,0.0
2026-07-20,8.609999656677246,8.699999809265137,8.15999984741211,8.170000076293945,6716200,0.0,0.0
2026-07-21,8.170000076293945,8.199999809265137,7.769999980926514,7.829999923706055,6934200,0.0,0.0
2026-07-22,7.860000133514404,8.010000228881836,7.650000095367432,7.769999980926514,8223800,0.0,0.0
2026-07-23,7.650000095367432,7.75,7.460000038146973,7.550000190734863,6407600,0.0,0.0
2026-07-24,7.440000057220459,7.949999809265137,7.409999847412109,7.78000020980835,6173200,0.0,0.0
2026-07-27,7.829999923706055,8.029999732971191,7.789999961853027,7.940000057220459,2535100,0.0,0.0
2026-07-28,8.199999809265137,8.300000190734863,7.96999979019165,8.15999984741211,3501500,0.0,0.0
2026-07-29,8.149999618530273,8.270000457763672,8.010000228881836,8.140000343322754,3029100,0.0,0.0
2026-07-30,8.1899995803833,8.390000343322754,8.1899995803833,8.34000015258789,2327000,0.0,0.0
2026-07-31,8.380000114440918,8.520000457763672,8.239999771118164,8.260000228881836,1857600,0.0,0.0
2026-08-03,8.390000343322754,8.420000076293945,8.100000381469727,8.380000114440918,3838100,0.0,0.0
2026-08-04,8.489999771118164,8.529999732971191,8.199999809265137,8.289999961853027,2196200,0.0,0.0
2026-08-05,8.34000015258789,8.5,8.239999771118164,8.289999961853027,1844100,0.0,0.0
2026-08-06,8.210000038146973,8.350000381469727,8.15999984741211,8.239999771118164,1563600,0.0,0.0
2026-08-07,8.270000457763672,8.270000457763672,7.929999828338623,7.960000038146973,3805400,0.0,0.0
2026-08-10,7.949999809265137,7.960000038146973,7.519999980926514,7.539999961853027,6202200,0.0,0.0
2026-08-11,7.559999942779541,7.869999885559082,7.5,7.519999980926514,4480600,0.0,0.0
2026-08-12,7.559999942779541,7.590000152587891,7.340000152587891,7.440000057220459,3802900,0.0,0.0
2026-08-13,7.429999828338623,7.760000228881836,7.420000076293945,7.71999979019165,2435300,0.0,0.0
2026-08-14,7.630000114440918,7.679999828338623,7.019999980926514,7.320000171661377,9219200,0.0,0.0
2026-08-17,7.25,7.690000057220459,7.25,7.320000171661377,5671000,0.0,0.0
2026-08-18,7.309999942779541,7.5,7.230000019073486,7.329999923706055,4159500,0.0,0.0
2026-08-19,7.519999980926514,7.579999923706055,7.320000171661377,7.409999847412109,4732900,0.0,0.0
2026-08-20,7.340000152587891,7.519999980926514,7.25,7.440000057220459,5422000,0.0,0.0
2026-08-21,7.489999771118164,7.900000095367432,7.449999809265137,7.869999885559082,4995100,0.0,0.0
2026-08-24,8.449999809265137,8.930000305175781,8.449999809265137,8.880000114440918,9669300,0.0,0.0
2026-08-25,8.899999618530273,8.899999618530273,8.350000381469727,8.739999771118164,6715200,0.0,0.0
2026-08-26,8.699999809265137,8.829999923706055,8.5,8.619999885559082,3782300,0.0,0.0
2026-08-27,8.579999923706055,8.880000114440918,8.569999694824219,8.859999656677246,3756000,0.0,0.0
2026-08-28,8.899999618530273,9.09000015258789,8.720000267028809,8.84000015258789,3677600,0.0,0.0
2026-08-31,8.880000114440918,8.970000267028809,8.59000015258789,8.729999542236328,4660500,0.0,0.0
2026-09-01,8.779999732971191,9.0,8.619999885559082,8.819999694824219,4303900,0.0,0.0
2026-09-02,8.859999656677246,9.390000343322754,8.789999961853027,9.3100004196167,5101900,0.0,0.0
2026-09-03,9.600000381469727,9.6899995803833,9.329999923706055,9.489999771118164,7365400,0.0,0.0
2026-09-04,9.390000343322754,9.779999732971191,9.390000343322754,9.640000343322754,5332500,0.0,0.0
2026-09-08,9.75,10.020000457763672,9.710000038146973,9.949999809265137,6365100,0.0,0.0
2026-09-09,9.960000038146973,10.369999885559082,9.8100004196167,10.199999809265137,10288300,0.0,0.0
2026-09-10,10.140000343322754,10.199999809265137,9.880000114440918,10.09000015258789,6601200,0.0,0.0
2026-09-11,10.039999961853027,10.100000381469727,9.75,9.90999984741211,4180800,0.0,0.0
2026-09-14,9.6899995803833,9.930000305175781,9.619999885559082,9.920000076293945,3212300,0.0,0.0
2026-09-15,9.979999542236328,10.279999732971191,9.800000190734863,10.149999618530273,5990300,0.0,0.0
2026-09-16,10.140000343322754,10.489999771118164,10.079999923706055,10.100000381469727,4918300,0.0,0.0
2026-09-17,10.119999885559082,10.520000457763672,10.0600004196167,10.40999984741211,9306900,0.0,0.0
2026-09-18,10.300000190734863,10.600000381469727,10.109999656677246,10.600000381469727,5345500,0.0,0.0
2026-09-21,10.680000305175781,11.15999984741211,10.649999618530273,11.140000343322754,9240700,0.0,0.0
2026-09-22,11.069999694824219,11.270000457763672,10.9399995803833,11.210000038146973,5976300,0.0,0.0
2026-09-23,11.109999656677246,11.260000228881836,10.59000015258789,10.859999656677246,6337200,0.0,0.0
2026-09-24,11.050000190734863,11.180000305175781,10.34000015258789,11.180000305175781,18420900,0.0,0.0
2026-09-25,11.239999771118164,11.640000343322754,11.09000015258789,11.100000381469727,7482300,0.0,0.0
2026-09-28,11.0,11.15999984741211,10.710000038146973,10.859999656677246,4257900,0.0,0.0
